[*] Parsing and Semantic Analysis for 'src/self-annotate/src/frontend/pure_ast.py'...
[*] Memory model: hoare
[*] Import 'typing.List': external module, no local source found — skipping (add \trusted stub if verification of callers needs its contract)
[*] Import 'typing.Tuple': external module, no local source found — skipping (add \trusted stub if verification of callers needs its contract)
[*] Import 'inspect.cleandoc': external module, no local source found — skipping
[*] Running Proof Engine (provers: Alt-Ergo,2.6.3 → Z3,4.13.3,)...

--- Verification Results ---
File "/home/fabrice/git/pycsl/scratchpad/.pycsl_ir6cbmf_.mlw", line 28, characters 7-14:
Sub-goal precondition of goal pycsl_div'vc.
Prover result is: Valid (0.01s, 1377 steps).

File "/home/fabrice/git/pycsl/scratchpad/.pycsl_ir6cbmf_.mlw", line 28, characters 34-41:
Sub-goal precondition of goal pycsl_div'vc.
Prover result is: Valid (0.00s, 1568 steps).

File "/home/fabrice/git/pycsl/scratchpad/.pycsl_ir6cbmf_.mlw", line 28, characters 51-58:
Sub-goal precondition of goal pycsl_div'vc.
Prover result is: Valid (0.00s, 1581 steps).

File "/home/fabrice/git/pycsl/scratchpad/.pycsl_ir6cbmf_.mlw", line 27, characters 14-79:
Sub-goal postcondition of goal pycsl_div'vc.
Prover result is: Valid (0.02s, 19 steps).

File "/home/fabrice/git/pycsl/scratchpad/.pycsl_ir6cbmf_.mlw", line 33, characters 7-14:
Sub-goal precondition of goal pycsl_mod'vc.
Prover result is: Valid (0.00s, 1377 steps).

File "/home/fabrice/git/pycsl/scratchpad/.pycsl_ir6cbmf_.mlw", line 33, characters 34-41:
Sub-goal precondition of goal pycsl_mod'vc.
Prover result is: Valid (0.00s, 1568 steps).

File "/home/fabrice/git/pycsl/scratchpad/.pycsl_ir6cbmf_.mlw", line 33, characters 51-58:
Sub-goal precondition of goal pycsl_mod'vc.
Prover result is: Valid (0.00s, 1581 steps).

File "/home/fabrice/git/pycsl/scratchpad/.pycsl_ir6cbmf_.mlw", line 32, characters 14-79:
Sub-goal postcondition of goal pycsl_mod'vc.
Prover result is: Valid (0.01s, 17220 steps).

File "/home/fabrice/git/pycsl/scratchpad/.pycsl_ir6cbmf_.mlw", line 248, characters 36-42:
Sub-goal variant decrease of goal size'vc.
Prover result is: Valid (0.01s, 27900 steps).

File "/home/fabrice/git/pycsl/scratchpad/.pycsl_ir6cbmf_.mlw", line 248, characters 27-33:
Sub-goal variant decrease of goal size'vc.
Prover result is: Valid (0.00s, 27922 steps).

File "/home/fabrice/git/pycsl/scratchpad/.pycsl_ir6cbmf_.mlw", line 249, characters 35-41:
Sub-goal variant decrease of goal size'vc.
Prover result is: Valid (0.01s, 27916 steps).

File "/home/fabrice/git/pycsl/scratchpad/.pycsl_ir6cbmf_.mlw", line 249, characters 26-32:
Sub-goal variant decrease of goal size'vc.
Prover result is: Valid (0.00s, 27938 steps).

File "/home/fabrice/git/pycsl/scratchpad/.pycsl_ir6cbmf_.mlw", line 250, characters 32-38:
Sub-goal variant decrease of goal size'vc.
Prover result is: Valid (0.01s, 27888 steps).

File "/home/fabrice/git/pycsl/scratchpad/.pycsl_ir6cbmf_.mlw", line 250, characters 23-29:
Sub-goal variant decrease of goal size'vc.
Prover result is: Valid (0.01s, 27910 steps).

File "/home/fabrice/git/pycsl/scratchpad/.pycsl_ir6cbmf_.mlw", line 251, characters 34-40:
Sub-goal variant decrease of goal size'vc.
Prover result is: Valid (0.01s, 27892 steps).

File "/home/fabrice/git/pycsl/scratchpad/.pycsl_ir6cbmf_.mlw", line 251, characters 25-31:
Sub-goal variant decrease of goal size'vc.
Prover result is: Valid (0.01s, 27914 steps).

File "/home/fabrice/git/pycsl/scratchpad/.pycsl_ir6cbmf_.mlw", line 252, characters 24-30:
Sub-goal variant decrease of goal size'vc.
Prover result is: Valid (0.01s, 27848 steps).

File "/home/fabrice/git/pycsl/scratchpad/.pycsl_ir6cbmf_.mlw", line 253, characters 26-32:
Sub-goal variant decrease of goal size'vc.
Prover result is: Valid (0.01s, 27882 steps).

File "/home/fabrice/git/pycsl/scratchpad/.pycsl_ir6cbmf_.mlw", line 254, characters 44-50:
Sub-goal variant decrease of goal size'vc.
Prover result is: Valid (0.01s, 27928 steps).

File "/home/fabrice/git/pycsl/scratchpad/.pycsl_ir6cbmf_.mlw", line 254, characters 35-41:
Sub-goal variant decrease of goal size'vc.
Prover result is: Valid (0.01s, 27950 steps).

File "/home/fabrice/git/pycsl/scratchpad/.pycsl_ir6cbmf_.mlw", line 254, characters 26-32:
Sub-goal variant decrease of goal size'vc.
Prover result is: Valid (0.01s, 27972 steps).

File "/home/fabrice/git/pycsl/scratchpad/.pycsl_ir6cbmf_.mlw", line 255, characters 27-33:
Sub-goal variant decrease of goal size'vc.
Prover result is: Valid (0.01s, 27918 steps).

File "/home/fabrice/git/pycsl/scratchpad/.pycsl_ir6cbmf_.mlw", line 256, characters 22-28:
Sub-goal variant decrease of goal size'vc.
Prover result is: Valid (0.00s, 27922 steps).

File "/home/fabrice/git/pycsl/scratchpad/.pycsl_ir6cbmf_.mlw", line 257, characters 25-31:
Sub-goal variant decrease of goal size'vc.
Prover result is: Valid (0.00s, 27940 steps).

File "/home/fabrice/git/pycsl/scratchpad/.pycsl_ir6cbmf_.mlw", line 258, characters 45-52:
Sub-goal variant decrease of goal size'vc.
Prover result is: Valid (0.01s, 27958 steps).

File "/home/fabrice/git/pycsl/scratchpad/.pycsl_ir6cbmf_.mlw", line 258, characters 35-42:
Sub-goal variant decrease of goal size'vc.
Prover result is: Valid (0.01s, 27980 steps).

File "/home/fabrice/git/pycsl/scratchpad/.pycsl_ir6cbmf_.mlw", line 259, characters 39-45:
Sub-goal variant decrease of goal size'vc.
Prover result is: Valid (0.00s, 27958 steps).

File "/home/fabrice/git/pycsl/scratchpad/.pycsl_ir6cbmf_.mlw", line 259, characters 30-36:
Sub-goal variant decrease of goal size'vc.
Prover result is: Valid (0.01s, 27980 steps).

File "/home/fabrice/git/pycsl/scratchpad/.pycsl_ir6cbmf_.mlw", line 260, characters 38-44:
Sub-goal variant decrease of goal size'vc.
Prover result is: Valid (0.01s, 27962 steps).

File "/home/fabrice/git/pycsl/scratchpad/.pycsl_ir6cbmf_.mlw", line 260, characters 29-35:
Sub-goal variant decrease of goal size'vc.
Prover result is: Valid (0.01s, 27984 steps).

File "/home/fabrice/git/pycsl/scratchpad/.pycsl_ir6cbmf_.mlw", line 261, characters 39-45:
Sub-goal variant decrease of goal size'vc.
Prover result is: Valid (0.00s, 27966 steps).

File "/home/fabrice/git/pycsl/scratchpad/.pycsl_ir6cbmf_.mlw", line 261, characters 30-36:
Sub-goal variant decrease of goal size'vc.
Prover result is: Valid (0.01s, 27988 steps).

File "/home/fabrice/git/pycsl/scratchpad/.pycsl_ir6cbmf_.mlw", line 262, characters 36-42:
Sub-goal variant decrease of goal size'vc.
Prover result is: Valid (0.00s, 27966 steps).

File "/home/fabrice/git/pycsl/scratchpad/.pycsl_ir6cbmf_.mlw", line 262, characters 27-33:
Sub-goal variant decrease of goal size'vc.
Prover result is: Valid (0.01s, 27988 steps).

File "/home/fabrice/git/pycsl/scratchpad/.pycsl_ir6cbmf_.mlw", line 263, characters 40-46:
Sub-goal variant decrease of goal size'vc.
Prover result is: Valid (0.00s, 27970 steps).

File "/home/fabrice/git/pycsl/scratchpad/.pycsl_ir6cbmf_.mlw", line 263, characters 31-37:
Sub-goal variant decrease of goal size'vc.
Prover result is: Valid (0.01s, 27992 steps).

File "/home/fabrice/git/pycsl/scratchpad/.pycsl_ir6cbmf_.mlw", line 264, characters 34-40:
Sub-goal variant decrease of goal size'vc.
Prover result is: Valid (0.01s, 27978 steps).

File "/home/fabrice/git/pycsl/scratchpad/.pycsl_ir6cbmf_.mlw", line 264, characters 25-31:
Sub-goal variant decrease of goal size'vc.
Prover result is: Valid (0.00s, 28000 steps).

File "/home/fabrice/git/pycsl/scratchpad/.pycsl_ir6cbmf_.mlw", line 265, characters 44-50:
Sub-goal variant decrease of goal size'vc.
Prover result is: Valid (0.01s, 27982 steps).

File "/home/fabrice/git/pycsl/scratchpad/.pycsl_ir6cbmf_.mlw", line 265, characters 35-41:
Sub-goal variant decrease of goal size'vc.
Prover result is: Valid (0.00s, 28004 steps).

File "/home/fabrice/git/pycsl/scratchpad/.pycsl_ir6cbmf_.mlw", line 266, characters 35-41:
Sub-goal variant decrease of goal size'vc.
Prover result is: Valid (0.01s, 27984 steps).

File "/home/fabrice/git/pycsl/scratchpad/.pycsl_ir6cbmf_.mlw", line 267, characters 35-41:
Sub-goal variant decrease of goal size'vc.
Prover result is: Valid (0.00s, 27992 steps).

File "/home/fabrice/git/pycsl/scratchpad/.pycsl_ir6cbmf_.mlw", line 267, characters 26-32:
Sub-goal variant decrease of goal size'vc.
Prover result is: Valid (0.00s, 28014 steps).

File "/home/fabrice/git/pycsl/scratchpad/.pycsl_ir6cbmf_.mlw", line 268, characters 46-52:
Sub-goal variant decrease of goal size'vc.
Prover result is: Valid (0.01s, 28004 steps).

File "/home/fabrice/git/pycsl/scratchpad/.pycsl_ir6cbmf_.mlw", line 268, characters 37-43:
Sub-goal variant decrease of goal size'vc.
Prover result is: Valid (0.01s, 28026 steps).

File "/home/fabrice/git/pycsl/scratchpad/.pycsl_ir6cbmf_.mlw", line 268, characters 28-34:
Sub-goal variant decrease of goal size'vc.
Prover result is: Valid (0.01s, 28048 steps).

File "/home/fabrice/git/pycsl/scratchpad/.pycsl_ir6cbmf_.mlw", line 269, characters 34-40:
Sub-goal variant decrease of goal size'vc.
Prover result is: Valid (0.01s, 28000 steps).

File "/home/fabrice/git/pycsl/scratchpad/.pycsl_ir6cbmf_.mlw", line 269, characters 25-31:
Sub-goal variant decrease of goal size'vc.
Prover result is: Valid (0.01s, 28022 steps).

File "/home/fabrice/git/pycsl/scratchpad/.pycsl_ir6cbmf_.mlw", line 270, characters 35-41:
Sub-goal variant decrease of goal size'vc.
Prover result is: Valid (0.00s, 28004 steps).

File "/home/fabrice/git/pycsl/scratchpad/.pycsl_ir6cbmf_.mlw", line 270, characters 26-32:
Sub-goal variant decrease of goal size'vc.
Prover result is: Valid (0.01s, 28026 steps).

File "/home/fabrice/git/pycsl/scratchpad/.pycsl_ir6cbmf_.mlw", line 271, characters 38-44:
Sub-goal variant decrease of goal size'vc.
Prover result is: Valid (0.00s, 28008 steps).

File "/home/fabrice/git/pycsl/scratchpad/.pycsl_ir6cbmf_.mlw", line 271, characters 29-35:
Sub-goal variant decrease of goal size'vc.
Prover result is: Valid (0.01s, 28030 steps).

File "/home/fabrice/git/pycsl/scratchpad/.pycsl_ir6cbmf_.mlw", line 272, characters 35-41:
Sub-goal variant decrease of goal size'vc.
Prover result is: Valid (0.01s, 28018 steps).

File "/home/fabrice/git/pycsl/scratchpad/.pycsl_ir6cbmf_.mlw", line 272, characters 26-32:
Sub-goal variant decrease of goal size'vc.
Prover result is: Valid (0.00s, 28040 steps).

File "/home/fabrice/git/pycsl/scratchpad/.pycsl_ir6cbmf_.mlw", line 273, characters 38-44:
Sub-goal variant decrease of goal size'vc.
Prover result is: Valid (0.01s, 28022 steps).

File "/home/fabrice/git/pycsl/scratchpad/.pycsl_ir6cbmf_.mlw", line 273, characters 29-35:
Sub-goal variant decrease of goal size'vc.
Prover result is: Valid (0.01s, 28044 steps).

File "/home/fabrice/git/pycsl/scratchpad/.pycsl_ir6cbmf_.mlw", line 274, characters 35-41:
Sub-goal variant decrease of goal size'vc.
Prover result is: Valid (0.00s, 28026 steps).

File "/home/fabrice/git/pycsl/scratchpad/.pycsl_ir6cbmf_.mlw", line 274, characters 26-32:
Sub-goal variant decrease of goal size'vc.
Prover result is: Valid (0.00s, 28048 steps).

File "/home/fabrice/git/pycsl/scratchpad/.pycsl_ir6cbmf_.mlw", line 275, characters 37-43:
Sub-goal variant decrease of goal size'vc.
Prover result is: Valid (0.00s, 28030 steps).

File "/home/fabrice/git/pycsl/scratchpad/.pycsl_ir6cbmf_.mlw", line 275, characters 28-34:
Sub-goal variant decrease of goal size'vc.
Prover result is: Valid (0.00s, 28052 steps).

File "/home/fabrice/git/pycsl/scratchpad/.pycsl_ir6cbmf_.mlw", line 276, characters 37-43:
Sub-goal variant decrease of goal size'vc.
Prover result is: Valid (0.01s, 28034 steps).

File "/home/fabrice/git/pycsl/scratchpad/.pycsl_ir6cbmf_.mlw", line 276, characters 28-34:
Sub-goal variant decrease of goal size'vc.
Prover result is: Valid (0.01s, 28056 steps).

File "/home/fabrice/git/pycsl/scratchpad/.pycsl_ir6cbmf_.mlw", line 277, characters 36-42:
Sub-goal variant decrease of goal size'vc.
Prover result is: Valid (0.00s, 28038 steps).

File "/home/fabrice/git/pycsl/scratchpad/.pycsl_ir6cbmf_.mlw", line 277, characters 27-33:
Sub-goal variant decrease of goal size'vc.
Prover result is: Valid (0.00s, 28060 steps).

File "/home/fabrice/git/pycsl/scratchpad/.pycsl_ir6cbmf_.mlw", line 278, characters 50-57:
Sub-goal variant decrease of goal size'vc.
Prover result is: Valid (0.00s, 28050 steps).

File "/home/fabrice/git/pycsl/scratchpad/.pycsl_ir6cbmf_.mlw", line 278, characters 40-47:
Sub-goal variant decrease of goal size'vc.
Prover result is: Valid (0.01s, 28072 steps).

File "/home/fabrice/git/pycsl/scratchpad/.pycsl_ir6cbmf_.mlw", line 278, characters 31-37:
Sub-goal variant decrease of goal size'vc.
Prover result is: Valid (0.01s, 28094 steps).

File "/home/fabrice/git/pycsl/scratchpad/.pycsl_ir6cbmf_.mlw", line 279, characters 38-44:
Sub-goal variant decrease of goal size'vc.
Prover result is: Valid (0.01s, 28046 steps).

File "/home/fabrice/git/pycsl/scratchpad/.pycsl_ir6cbmf_.mlw", line 279, characters 29-35:
Sub-goal variant decrease of goal size'vc.
Prover result is: Valid (0.01s, 28068 steps).

File "/home/fabrice/git/pycsl/scratchpad/.pycsl_ir6cbmf_.mlw", line 280, characters 34-40:
Sub-goal variant decrease of goal size'vc.
Prover result is: Valid (0.01s, 28050 steps).

File "/home/fabrice/git/pycsl/scratchpad/.pycsl_ir6cbmf_.mlw", line 280, characters 25-31:
Sub-goal variant decrease of goal size'vc.
Prover result is: Valid (0.00s, 28072 steps).

File "/home/fabrice/git/pycsl/scratchpad/.pycsl_ir6cbmf_.mlw", line 281, characters 33-39:
Sub-goal variant decrease of goal size'vc.
Prover result is: Valid (0.01s, 28060 steps).

File "/home/fabrice/git/pycsl/scratchpad/.pycsl_ir6cbmf_.mlw", line 281, characters 24-30:
Sub-goal variant decrease of goal size'vc.
Prover result is: Valid (0.01s, 28082 steps).

File "/home/fabrice/git/pycsl/scratchpad/.pycsl_ir6cbmf_.mlw", line 282, characters 20-26:
Sub-goal variant decrease of goal size'vc.
Prover result is: Valid (0.00s, 28054 steps).

File "/home/fabrice/git/pycsl/scratchpad/.pycsl_ir6cbmf_.mlw", line 283, characters 20-26:
Sub-goal variant decrease of goal size'vc.
Prover result is: Valid (0.01s, 28058 steps).

File "/home/fabrice/git/pycsl/scratchpad/.pycsl_ir6cbmf_.mlw", line 284, characters 28-34:
Sub-goal variant decrease of goal size'vc.
Prover result is: Valid (0.01s, 28062 steps).

File "/home/fabrice/git/pycsl/scratchpad/.pycsl_ir6cbmf_.mlw", line 285, characters 32-38:
Sub-goal variant decrease of goal size'vc.
Prover result is: Valid (0.01s, 28076 steps).

File "/home/fabrice/git/pycsl/scratchpad/.pycsl_ir6cbmf_.mlw", line 285, characters 23-29:
Sub-goal variant decrease of goal size'vc.
Prover result is: Valid (0.01s, 28098 steps).

File "/home/fabrice/git/pycsl/scratchpad/.pycsl_ir6cbmf_.mlw", line 286, characters 32-38:
Sub-goal variant decrease of goal size'vc.
Prover result is: Valid (0.01s, 28080 steps).

File "/home/fabrice/git/pycsl/scratchpad/.pycsl_ir6cbmf_.mlw", line 286, characters 23-29:
Sub-goal variant decrease of goal size'vc.
Prover result is: Valid (0.01s, 28102 steps).

File "/home/fabrice/git/pycsl/scratchpad/.pycsl_ir6cbmf_.mlw", line 287, characters 35-41:
Sub-goal variant decrease of goal size'vc.
Prover result is: Valid (0.00s, 28084 steps).

File "/home/fabrice/git/pycsl/scratchpad/.pycsl_ir6cbmf_.mlw", line 287, characters 26-32:
Sub-goal variant decrease of goal size'vc.
Prover result is: Valid (0.01s, 28106 steps).

File "/home/fabrice/git/pycsl/scratchpad/.pycsl_ir6cbmf_.mlw", line 288, characters 21-27:
Sub-goal variant decrease of goal size'vc.
Prover result is: Valid (0.01s, 28078 steps).

File "/home/fabrice/git/pycsl/scratchpad/.pycsl_ir6cbmf_.mlw", line 289, characters 21-27:
Sub-goal variant decrease of goal size'vc.
Prover result is: Valid (0.01s, 28082 steps).

File "/home/fabrice/git/pycsl/scratchpad/.pycsl_ir6cbmf_.mlw", line 290, characters 38-44:
Sub-goal variant decrease of goal size'vc.
Prover result is: Valid (0.01s, 28106 steps).

File "/home/fabrice/git/pycsl/scratchpad/.pycsl_ir6cbmf_.mlw", line 290, characters 29-35:
Sub-goal variant decrease of goal size'vc.
Prover result is: Valid (0.01s, 28128 steps).

File "/home/fabrice/git/pycsl/scratchpad/.pycsl_ir6cbmf_.mlw", line 291, characters 27-33:
Sub-goal variant decrease of goal size'vc.
Prover result is: Valid (0.01s, 28100 steps).

File "/home/fabrice/git/pycsl/scratchpad/.pycsl_ir6cbmf_.mlw", line 292, characters 46-52:
Sub-goal variant decrease of goal size'vc.
Prover result is: Valid (0.01s, 28122 steps).

File "/home/fabrice/git/pycsl/scratchpad/.pycsl_ir6cbmf_.mlw", line 292, characters 37-43:
Sub-goal variant decrease of goal size'vc.
Prover result is: Valid (0.01s, 28144 steps).

File "/home/fabrice/git/pycsl/scratchpad/.pycsl_ir6cbmf_.mlw", line 292, characters 28-34:
Sub-goal variant decrease of goal size'vc.
Prover result is: Valid (0.01s, 28166 steps).

File "/home/fabrice/git/pycsl/scratchpad/.pycsl_ir6cbmf_.mlw", line 293, characters 45-51:
Sub-goal variant decrease of goal size'vc.
Prover result is: Valid (0.01s, 28128 steps).

File "/home/fabrice/git/pycsl/scratchpad/.pycsl_ir6cbmf_.mlw", line 293, characters 36-42:
Sub-goal variant decrease of goal size'vc.
Prover result is: Valid (0.01s, 28150 steps).

File "/home/fabrice/git/pycsl/scratchpad/.pycsl_ir6cbmf_.mlw", line 294, characters 40-46:
Sub-goal variant decrease of goal size'vc.
Prover result is: Valid (0.01s, 28128 steps).

File "/home/fabrice/git/pycsl/scratchpad/.pycsl_ir6cbmf_.mlw", line 294, characters 30-37:
Sub-goal variant decrease of goal size'vc.
Prover result is: Valid (0.01s, 28150 steps).

File "/home/fabrice/git/pycsl/scratchpad/.pycsl_ir6cbmf_.mlw", line 295, characters 40-46:
Sub-goal variant decrease of goal size'vc.
Prover result is: Valid (0.01s, 28132 steps).

File "/home/fabrice/git/pycsl/scratchpad/.pycsl_ir6cbmf_.mlw", line 295, characters 31-37:
Sub-goal variant decrease of goal size'vc.
Prover result is: Valid (0.01s, 28154 steps).

File "/home/fabrice/git/pycsl/scratchpad/.pycsl_ir6cbmf_.mlw", line 296, characters 34-40:
Sub-goal variant decrease of goal size'vc.
Prover result is: Valid (0.01s, 28136 steps).

File "/home/fabrice/git/pycsl/scratchpad/.pycsl_ir6cbmf_.mlw", line 296, characters 25-31:
Sub-goal variant decrease of goal size'vc.
Prover result is: Valid (0.01s, 28158 steps).

File "/home/fabrice/git/pycsl/scratchpad/.pycsl_ir6cbmf_.mlw", line 297, characters 25-31:
Sub-goal variant decrease of goal size'vc.
Prover result is: Valid (0.01s, 28144 steps).

File "/home/fabrice/git/pycsl/scratchpad/.pycsl_ir6cbmf_.mlw", line 298, characters 29-35:
Sub-goal variant decrease of goal size'vc.
Prover result is: Valid (0.01s, 28152 steps).

File "/home/fabrice/git/pycsl/scratchpad/.pycsl_ir6cbmf_.mlw", line 299, characters 30-36:
Sub-goal variant decrease of goal size'vc.
Prover result is: Valid (0.01s, 28182 steps).

File "/home/fabrice/git/pycsl/scratchpad/.pycsl_ir6cbmf_.mlw", line 300, characters 30-36:
Sub-goal variant decrease of goal size'vc.
Prover result is: Valid (0.01s, 28186 steps).

File "/home/fabrice/git/pycsl/scratchpad/.pycsl_ir6cbmf_.mlw", line 301, characters 35-41:
Sub-goal variant decrease of goal size'vc.
Prover result is: Valid (0.01s, 28188 steps).

File "/home/fabrice/git/pycsl/scratchpad/.pycsl_ir6cbmf_.mlw", line 245, characters 14-25:
Sub-goal postcondition of goal size'vc.
Prover result is: Valid (0.02s, 122474 steps).

File "/home/fabrice/git/pycsl/scratchpad/.pycsl_ir6cbmf_.mlw", line 306, characters 58-83:
Sub-goal goal of goal size_left_dec.
Prover result is: Valid (0.01s, 33173 steps).

File "/home/fabrice/git/pycsl/scratchpad/.pycsl_ir6cbmf_.mlw", line 307, characters 58-84:
Sub-goal goal of goal size_right_dec.
Prover result is: Valid (0.01s, 33990 steps).

File "/home/fabrice/git/pycsl/scratchpad/.pycsl_ir6cbmf_.mlw", line 310, characters 65-90:
Sub-goal goal of goal size_ifexpr_body_dec.
Prover result is: Valid (0.01s, 34813 steps).

File "/home/fabrice/git/pycsl/scratchpad/.pycsl_ir6cbmf_.mlw", line 311, characters 67-94:
Sub-goal goal of goal size_ifexpr_orelse_dec.
Prover result is: Valid (0.01s, 35630 steps).

File "/home/fabrice/git/pycsl/scratchpad/.pycsl_ir6cbmf_.mlw", line 314, characters 59-87:
Sub-goal goal of goal size_ter_fst_dec.
Prover result is: Valid (0.01s, 36526 steps).

File "/home/fabrice/git/pycsl/scratchpad/.pycsl_ir6cbmf_.mlw", line 315, characters 59-87:
Sub-goal goal of goal size_ter_snd_dec.
Prover result is: Valid (0.01s, 37328 steps).

File "/home/fabrice/git/pycsl/scratchpad/.pycsl_ir6cbmf_.mlw", line 316, characters 59-87:
Sub-goal goal of goal size_ter_thd_dec.
Prover result is: Valid (0.01s, 38156 steps).

File "/home/fabrice/git/pycsl/scratchpad/.pycsl_ir6cbmf_.mlw", line 365, characters 57-84:
Sub-goal goal of goal size_svalue_dec.
Prover result is: Valid (0.01s, 38818 steps).

File "/home/fabrice/git/pycsl/scratchpad/.pycsl_ir6cbmf_.mlw", line 366, characters 57-84:
Sub-goal goal of goal size_sindex_dec.
Prover result is: Valid (0.01s, 39635 steps).

File "/home/fabrice/git/pycsl/scratchpad/.pycsl_ir6cbmf_.mlw", line 367, characters 63-90:
Sub-goal goal of goal size_object_dec.
Prover result is: Valid (0.01s, 40383 steps).

File "/home/fabrice/git/pycsl/scratchpad/.pycsl_ir6cbmf_.mlw", line 368, characters 58-83:
Sub-goal goal of goal size_arg0_dec.
Prover result is: Valid (0.01s, 41306 steps).

File "/home/fabrice/git/pycsl/scratchpad/.pycsl_ir6cbmf_.mlw", line 369, characters 59-84:
Sub-goal goal of goal size_elt0_dec.
Prover result is: Valid (0.01s, 42293 steps).

File "/home/fabrice/git/pycsl/scratchpad/.pycsl_ir6cbmf_.mlw", line 370, characters 59-84:
Sub-goal goal of goal size_elt1_dec.
Prover result is: Valid (0.01s, 43110 steps).

File "/home/fabrice/git/pycsl/scratchpad/.pycsl_ir6cbmf_.mlw", line 376, characters 48-55:
Sub-goal variant decrease of goal irlen'vc.
Prover result is: Valid (0.01s, 13142 steps).

File "/home/fabrice/git/pycsl/scratchpad/.pycsl_ir6cbmf_.mlw", line 374, characters 14-25:
Sub-goal postcondition of goal irlen'vc.
Prover result is: Valid (0.01s, 46176 steps).

File "/home/fabrice/git/pycsl/scratchpad/.pycsl_ir6cbmf_.mlw", line 380, characters 75-90:
Sub-goal variant decrease of goal irnth'vc.
Prover result is: Valid (0.01s, 13178 steps).

File "/home/fabrice/git/pycsl/scratchpad/.pycsl_ir6cbmf_.mlw", line 386, characters 48-55:
Sub-goal variant decrease of goal iolen'vc.
Prover result is: Valid (0.01s, 13142 steps).

File "/home/fabrice/git/pycsl/scratchpad/.pycsl_ir6cbmf_.mlw", line 384, characters 14-25:
Sub-goal postcondition of goal iolen'vc.
Prover result is: Valid (0.01s, 46176 steps).

File "/home/fabrice/git/pycsl/scratchpad/.pycsl_ir6cbmf_.mlw", line 390, characters 72-87:
Sub-goal variant decrease of goal ionth'vc.
Prover result is: Valid (0.01s, 13178 steps).

File "/home/fabrice/git/pycsl/scratchpad/.pycsl_ir6cbmf_.mlw", line 432, characters 16-147:
Sub-goal array creation size of goal _parser'vc.
Prover result is: Valid (0.01s, 5077 steps).

File "/home/fabrice/git/pycsl/scratchpad/.pycsl_ir6cbmf_.mlw", line 428, characters 16-24:
Sub-goal type invariant of goal _parser'vc.
Prover result is: Valid (0.00s, 5437 steps).

File "/home/fabrice/git/pycsl/scratchpad/.pycsl_ir6cbmf_.mlw", line 429, characters 16-41:
Sub-goal type invariant of goal _parser'vc.
Prover result is: Valid (0.01s, 7548 steps).

File "/home/fabrice/git/pycsl/scratchpad/.pycsl_ir6cbmf_.mlw", line 430, characters 16-42:
Sub-goal type invariant of goal _parser'vc.
Prover result is: Valid (0.01s, 7565 steps).

File "/home/fabrice/git/pycsl/scratchpad/.pycsl_ir6cbmf_.mlw", line 431, characters 16-88:
Sub-goal type invariant of goal _parser'vc.
Prover result is: Valid (0.01s, 49911 steps).

File "/home/fabrice/git/pycsl/scratchpad/.pycsl_ir6cbmf_.mlw", line 668, characters 15-19:
Sub-goal postcondition of goal _N'vc.
Prover result is: Valid (0.01s, 5276 steps).

File "/home/fabrice/git/pycsl/scratchpad/.pycsl_ir6cbmf_.mlw", line 705, characters 18-63:
Sub-goal loop invariant init of goal _fstring_prefix_raw'vc.
Prover result is: Valid (0.02s, 47591 steps).

File "/home/fabrice/git/pycsl/scratchpad/.pycsl_ir6cbmf_.mlw", line 706, characters 16-55:
Sub-goal loop variant decrease of goal _fstring_prefix_raw'vc.
Prover result is: Valid (0.01s, 25750 steps).

File "/home/fabrice/git/pycsl/scratchpad/.pycsl_ir6cbmf_.mlw", line 705, characters 18-63:
Sub-goal loop invariant preservation of goal _fstring_prefix_raw'vc.
Prover result is: Valid (0.02s, 51358 steps).

File "/home/fabrice/git/pycsl/scratchpad/.pycsl_ir6cbmf_.mlw", line 698, characters 15-19:
Sub-goal postcondition of goal _fstring_prefix_raw'vc.
Prover result is: Valid (0.01s, 5472 steps).

File "/home/fabrice/git/pycsl/scratchpad/.pycsl_ir6cbmf_.mlw", line 698, characters 15-19:
Sub-goal postcondition of goal _fstring_prefix_raw'vc.
Prover result is: Valid (0.00s, 5417 steps).

File "/home/fabrice/git/pycsl/scratchpad/.pycsl_ir6cbmf_.mlw", line 720, characters 15-19:
Sub-goal postcondition of goal _is_aug'vc.
Prover result is: Valid (0.01s, 5276 steps).

File "/home/fabrice/git/pycsl/scratchpad/.pycsl_ir6cbmf_.mlw", line 734, characters 15-19:
Sub-goal postcondition of goal _new'vc.
Prover result is: Valid (0.00s, 5276 steps).

File "/home/fabrice/git/pycsl/scratchpad/.pycsl_ir6cbmf_.mlw", line 734, characters 15-19:
Sub-goal postcondition of goal _new'vc.
Prover result is: Valid (0.00s, 5285 steps).

File "/home/fabrice/git/pycsl/scratchpad/.pycsl_ir6cbmf_.mlw", line 752, characters 18-56:
Sub-goal loop invariant init of goal _pad_whitespace'vc.
Prover result is: Valid (0.02s, 47591 steps).

File "/home/fabrice/git/pycsl/scratchpad/.pycsl_ir6cbmf_.mlw", line 753, characters 16-48:
Sub-goal loop variant decrease of goal _pad_whitespace'vc.
Prover result is: Valid (0.01s, 23889 steps).

File "/home/fabrice/git/pycsl/scratchpad/.pycsl_ir6cbmf_.mlw", line 752, characters 18-56:
Sub-goal loop invariant preservation of goal _pad_whitespace'vc.
Prover result is: Valid (0.01s, 50189 steps).

File "/home/fabrice/git/pycsl/scratchpad/.pycsl_ir6cbmf_.mlw", line 753, characters 16-48:
Sub-goal loop variant decrease of goal _pad_whitespace'vc.
Prover result is: Valid (0.01s, 23949 steps).

File "/home/fabrice/git/pycsl/scratchpad/.pycsl_ir6cbmf_.mlw", line 752, characters 18-56:
Sub-goal loop invariant preservation of goal _pad_whitespace'vc.
Prover result is: Valid (0.02s, 50242 steps).

File "/home/fabrice/git/pycsl/scratchpad/.pycsl_ir6cbmf_.mlw", line 746, characters 15-19:
Sub-goal postcondition of goal _pad_whitespace'vc.
Prover result is: Valid (0.01s, 5309 steps).

File "/home/fabrice/git/pycsl/scratchpad/.pycsl_ir6cbmf_.mlw", line 775, characters 9-26:
Sub-goal index in array bounds of goal _parser__advance'vc.
Prover result is: Valid (0.01s, 49670 steps).

File "/home/fabrice/git/pycsl/scratchpad/.pycsl_ir6cbmf_.mlw", line 774, characters 4-6:
Sub-goal type invariant of goal _parser__advance'vc.
Prover result is: Valid (0.01s, 50630 steps).

File "/home/fabrice/git/pycsl/scratchpad/.pycsl_ir6cbmf_.mlw", line 774, characters 4-6:
Sub-goal type invariant of goal _parser__advance'vc.
Prover result is: Valid (0.00s, 5542 steps).

File "/home/fabrice/git/pycsl/scratchpad/.pycsl_ir6cbmf_.mlw", line 774, characters 4-6:
Sub-goal type invariant of goal _parser__advance'vc.
Prover result is: Valid (0.01s, 50315 steps).

File "/home/fabrice/git/pycsl/scratchpad/.pycsl_ir6cbmf_.mlw", line 774, characters 4-6:
Sub-goal type invariant of goal _parser__advance'vc.
Prover result is: Valid (0.02s, 50924 steps).

File "/home/fabrice/git/pycsl/scratchpad/.pycsl_ir6cbmf_.mlw", line 770, characters 67-96:
Sub-goal postcondition of goal _parser__advance'vc.
Prover result is: Valid (0.01s, 24406 steps).

File "/home/fabrice/git/pycsl/scratchpad/.pycsl_ir6cbmf_.mlw", line 771, characters 15-39:
Sub-goal postcondition of goal _parser__advance'vc.
Prover result is: Valid (0.01s, 24465 steps).

File "/home/fabrice/git/pycsl/scratchpad/.pycsl_ir6cbmf_.mlw", line 770, characters 67-96:
Sub-goal postcondition of goal _parser__advance'vc.
Prover result is: Valid (0.01s, 5540 steps).

File "/home/fabrice/git/pycsl/scratchpad/.pycsl_ir6cbmf_.mlw", line 771, characters 15-39:
Sub-goal postcondition of goal _parser__advance'vc.
Prover result is: Valid (0.01s, 5544 steps).

File "/home/fabrice/git/pycsl/scratchpad/.pycsl_ir6cbmf_.mlw", line 786, characters 4-21:
Sub-goal index in array bounds of goal _parser__cur'vc.
Prover result is: Valid (0.01s, 49670 steps).

File "/home/fabrice/git/pycsl/scratchpad/.pycsl_ir6cbmf_.mlw", line 783, characters 15-45:
Sub-goal postcondition of goal _parser__cur'vc.
Prover result is: Valid (0.01s, 5295 steps).

File "/home/fabrice/git/pycsl/scratchpad/.pycsl_ir6cbmf_.mlw", line 794, characters 9-28:
Sub-goal precondition of goal _parser__at_op'vc.
Prover result is: Valid (0.00s, 5295 steps).

File "/home/fabrice/git/pycsl/scratchpad/.pycsl_ir6cbmf_.mlw", line 790, characters 33-92:
Sub-goal postcondition of goal _parser__at_op'vc.
Prover result is: Valid (0.01s, 19436 steps).

File "/home/fabrice/git/pycsl/scratchpad/.pycsl_ir6cbmf_.mlw", line 803, characters 9-28:
Sub-goal precondition of goal _parser__at_kw'vc.
Prover result is: Valid (0.00s, 5295 steps).

File "/home/fabrice/git/pycsl/scratchpad/.pycsl_ir6cbmf_.mlw", line 799, characters 33-91:
Sub-goal postcondition of goal _parser__at_kw'vc.
Prover result is: Valid (0.01s, 48621 steps).

File "/home/fabrice/git/pycsl/scratchpad/.pycsl_ir6cbmf_.mlw", line 813, characters 8-71:
Sub-goal precondition of goal _parser__accept_op'vc.
Prover result is: Valid (0.01s, 6271 steps).

File "/home/fabrice/git/pycsl/scratchpad/.pycsl_ir6cbmf_.mlw", line 814, characters 48-71:
Sub-goal precondition of goal _parser__accept_op'vc.
Prover result is: Valid (0.01s, 6472 steps).

File "/home/fabrice/git/pycsl/scratchpad/.pycsl_ir6cbmf_.mlw", line 808, characters 47-70:
Sub-goal postcondition of goal _parser__accept_op'vc.
Prover result is: Valid (0.03s, 76688 steps).

File "/home/fabrice/git/pycsl/scratchpad/.pycsl_ir6cbmf_.mlw", line 809, characters 15-39:
Sub-goal postcondition of goal _parser__accept_op'vc.
Prover result is: Valid (0.01s, 6575 steps).

File "/home/fabrice/git/pycsl/scratchpad/.pycsl_ir6cbmf_.mlw", line 808, characters 47-70:
Sub-goal postcondition of goal _parser__accept_op'vc.
Prover result is: Valid (0.01s, 3704 steps).

File "/home/fabrice/git/pycsl/scratchpad/.pycsl_ir6cbmf_.mlw", line 809, characters 15-39:
Sub-goal postcondition of goal _parser__accept_op'vc.
Prover result is: Valid (0.00s, 6475 steps).

File "/home/fabrice/git/pycsl/scratchpad/.pycsl_ir6cbmf_.mlw", line 825, characters 13-76:
Sub-goal precondition of goal _parser__expect_op'vc.
Prover result is: Valid (0.01s, 6271 steps).

File "/home/fabrice/git/pycsl/scratchpad/.pycsl_ir6cbmf_.mlw", line 826, characters 68-74:
Sub-goal unreachable point of goal _parser__expect_op'vc.
Prover result is: Valid (0.00s, 3657 steps).

File "/home/fabrice/git/pycsl/scratchpad/.pycsl_ir6cbmf_.mlw", line 828, characters 4-27:
Sub-goal precondition of goal _parser__expect_op'vc.
Prover result is: Valid (0.01s, 6472 steps).

File "/home/fabrice/git/pycsl/scratchpad/.pycsl_ir6cbmf_.mlw", line 822, characters 15-38:
Sub-goal postcondition of goal _parser__expect_op'vc.
Prover result is: Valid (0.02s, 76688 steps).

File "/home/fabrice/git/pycsl/scratchpad/.pycsl_ir6cbmf_.mlw", line 835, characters 13-76:
Sub-goal precondition of goal _parser__expect_kw'vc.
Prover result is: Valid (0.01s, 6271 steps).

File "/home/fabrice/git/pycsl/scratchpad/.pycsl_ir6cbmf_.mlw", line 836, characters 76-82:
Sub-goal unreachable point of goal _parser__expect_kw'vc.
Prover result is: Valid (0.01s, 3701 steps).

File "/home/fabrice/git/pycsl/scratchpad/.pycsl_ir6cbmf_.mlw", line 838, characters 4-27:
Sub-goal precondition of goal _parser__expect_kw'vc.
Prover result is: Valid (0.01s, 6472 steps).

File "/home/fabrice/git/pycsl/scratchpad/.pycsl_ir6cbmf_.mlw", line 832, characters 15-38:
Sub-goal postcondition of goal _parser__expect_kw'vc.
Prover result is: Valid (0.03s, 76688 steps).

File "/home/fabrice/git/pycsl/scratchpad/.pycsl_ir6cbmf_.mlw", line 846, characters 21-40:
Sub-goal precondition of goal _parser___name_str'vc.
Prover result is: Valid (0.01s, 5295 steps).

File "/home/fabrice/git/pycsl/scratchpad/.pycsl_ir6cbmf_.mlw", line 847, characters 49-55:
Sub-goal unreachable point of goal _parser___name_str'vc.
Prover result is: Valid (0.01s, 3185 steps).

File "/home/fabrice/git/pycsl/scratchpad/.pycsl_ir6cbmf_.mlw", line 849, characters 17-40:
Sub-goal precondition of goal _parser___name_str'vc.
Prover result is: Valid (0.01s, 5477 steps).

File "/home/fabrice/git/pycsl/scratchpad/.pycsl_ir6cbmf_.mlw", line 842, characters 15-38:
Sub-goal postcondition of goal _parser___name_str'vc.
Prover result is: Valid (0.01s, 54122 steps).

File "/home/fabrice/git/pycsl/scratchpad/.pycsl_ir6cbmf_.mlw", line 843, characters 15-39:
Sub-goal postcondition of goal _parser___name_str'vc.
Prover result is: Valid (0.01s, 5580 steps).

File "/home/fabrice/git/pycsl/scratchpad/.pycsl_ir6cbmf_.mlw", line 859, characters 9-28:
Sub-goal precondition of goal _parser___lambda_arg'vc.
Prover result is: Valid (0.00s, 5295 steps).

File "/home/fabrice/git/pycsl/scratchpad/.pycsl_ir6cbmf_.mlw", line 860, characters 12-37:
Sub-goal precondition of goal _parser___lambda_arg'vc.
Prover result is: Valid (0.00s, 5473 steps).

File "/home/fabrice/git/pycsl/scratchpad/.pycsl_ir6cbmf_.mlw", line 853, characters 15-38:
Sub-goal postcondition of goal _parser___lambda_arg'vc.
Prover result is: Valid (0.01s, 5516 steps).

File "/home/fabrice/git/pycsl/scratchpad/.pycsl_ir6cbmf_.mlw", line 854, characters 15-39:
Sub-goal postcondition of goal _parser___lambda_arg'vc.
Prover result is: Valid (0.01s, 5521 steps).

File "/home/fabrice/git/pycsl/scratchpad/.pycsl_ir6cbmf_.mlw", line 870, characters 8-71:
Sub-goal precondition of goal _parser__accept_kw'vc.
Prover result is: Valid (0.01s, 6271 steps).

File "/home/fabrice/git/pycsl/scratchpad/.pycsl_ir6cbmf_.mlw", line 871, characters 48-71:
Sub-goal precondition of goal _parser__accept_kw'vc.
Prover result is: Valid (0.01s, 6472 steps).

File "/home/fabrice/git/pycsl/scratchpad/.pycsl_ir6cbmf_.mlw", line 865, characters 47-70:
Sub-goal postcondition of goal _parser__accept_kw'vc.
Prover result is: Valid (0.02s, 76688 steps).

File "/home/fabrice/git/pycsl/scratchpad/.pycsl_ir6cbmf_.mlw", line 866, characters 15-39:
Sub-goal postcondition of goal _parser__accept_kw'vc.
Prover result is: Valid (0.01s, 6575 steps).

File "/home/fabrice/git/pycsl/scratchpad/.pycsl_ir6cbmf_.mlw", line 865, characters 47-70:
Sub-goal postcondition of goal _parser__accept_kw'vc.
Prover result is: Valid (0.00s, 3704 steps).

File "/home/fabrice/git/pycsl/scratchpad/.pycsl_ir6cbmf_.mlw", line 866, characters 15-39:
Sub-goal postcondition of goal _parser__accept_kw'vc.
Prover result is: Valid (0.01s, 6475 steps).

File "/home/fabrice/git/pycsl/scratchpad/.pycsl_ir6cbmf_.mlw", line 884, characters 45-58:
Sub-goal index in array bounds of goal _parser__peek'vc.
Prover result is: Valid (0.02s, 49871 steps).

File "/home/fabrice/git/pycsl/scratchpad/.pycsl_ir6cbmf_.mlw", line 884, characters 64-105:
Sub-goal index in array bounds of goal _parser__peek'vc.
Prover result is: Valid (0.02s, 49807 steps).

File "/home/fabrice/git/pycsl/scratchpad/.pycsl_ir6cbmf_.mlw", line 879, characters 15-19:
Sub-goal postcondition of goal _parser__peek'vc.
Prover result is: Valid (0.01s, 5311 steps).

File "/home/fabrice/git/pycsl/scratchpad/.pycsl_ir6cbmf_.mlw", line 895, characters 23-42:
Sub-goal precondition of goal _parser___stmt_end'vc.
Prover result is: Valid (0.00s, 5295 steps).

File "/home/fabrice/git/pycsl/scratchpad/.pycsl_ir6cbmf_.mlw", line 895, characters 85-104:
Sub-goal precondition of goal _parser___stmt_end'vc.
Prover result is: Valid (0.00s, 5481 steps).

File "/home/fabrice/git/pycsl/scratchpad/.pycsl_ir6cbmf_.mlw", line 895, characters 135-195:
Sub-goal precondition of goal _parser___stmt_end'vc.
Prover result is: Valid (0.01s, 6500 steps).

File "/home/fabrice/git/pycsl/scratchpad/.pycsl_ir6cbmf_.mlw", line 892, characters 15-19:
Sub-goal postcondition of goal _parser___stmt_end'vc.
Prover result is: Valid (0.01s, 5517 steps).

File "/home/fabrice/git/pycsl/scratchpad/.pycsl_ir6cbmf_.mlw", line 902, characters 23-42:
Sub-goal precondition of goal _parser___testlist_end'vc.
Prover result is: Valid (0.01s, 5295 steps).

File "/home/fabrice/git/pycsl/scratchpad/.pycsl_ir6cbmf_.mlw", line 902, characters 85-104:
Sub-goal precondition of goal _parser___testlist_end'vc.
Prover result is: Valid (0.01s, 5481 steps).

File "/home/fabrice/git/pycsl/scratchpad/.pycsl_ir6cbmf_.mlw", line 902, characters 135-270:
Sub-goal precondition of goal _parser___testlist_end'vc.
Prover result is: Valid (0.01s, 7015 steps).

File "/home/fabrice/git/pycsl/scratchpad/.pycsl_ir6cbmf_.mlw", line 899, characters 15-19:
Sub-goal postcondition of goal _parser___testlist_end'vc.
Prover result is: Valid (0.01s, 5517 steps).

File "/home/fabrice/git/pycsl/scratchpad/.pycsl_ir6cbmf_.mlw", line 918, characters 8-68:
Sub-goal precondition of goal _parser__test_or_star_slice'vc.
Prover result is: Valid (0.01s, 6271 steps).

File "/home/fabrice/git/pycsl/scratchpad/.pycsl_ir6cbmf_.mlw", line 919, characters 11-34:
Sub-goal precondition of goal _parser__test_or_star_slice'vc.
Prover result is: Valid (0.01s, 6472 steps).

File "/home/fabrice/git/pycsl/scratchpad/.pycsl_ir6cbmf_.mlw", line 920, characters 11-31:
Sub-goal variant decrease of goal _parser__test_or_star_slice'vc.
Prover result is: Valid (0.02s, 76662 steps).

File "/home/fabrice/git/pycsl/scratchpad/.pycsl_ir6cbmf_.mlw", line 920, characters 11-31:
Sub-goal precondition of goal _parser__test_or_star_slice'vc.
Prover result is: Valid (0.01s, 6558 steps).

File "/home/fabrice/git/pycsl/scratchpad/.pycsl_ir6cbmf_.mlw", line 910, characters 15-19:
Sub-goal postcondition of goal _parser__test_or_star_slice'vc.
Prover result is: Valid (0.01s, 6598 steps).

File "/home/fabrice/git/pycsl/scratchpad/.pycsl_ir6cbmf_.mlw", line 911, characters 15-39:
Sub-goal postcondition of goal _parser__test_or_star_slice'vc.
Prover result is: Valid (0.03s, 75983 steps).

File "/home/fabrice/git/pycsl/scratchpad/.pycsl_ir6cbmf_.mlw", line 923, characters 28-48:
Sub-goal variant decrease of goal _parser__test_or_star_slice'vc.
Prover result is: Valid (0.03s, 67239 steps).

File "/home/fabrice/git/pycsl/scratchpad/.pycsl_ir6cbmf_.mlw", line 923, characters 28-48:
Sub-goal precondition of goal _parser__test_or_star_slice'vc.
Prover result is: Valid (0.01s, 6470 steps).

File "/home/fabrice/git/pycsl/scratchpad/.pycsl_ir6cbmf_.mlw", line 910, characters 15-19:
Sub-goal postcondition of goal _parser__test_or_star_slice'vc.
Prover result is: Valid (0.01s, 6510 steps).

File "/home/fabrice/git/pycsl/scratchpad/.pycsl_ir6cbmf_.mlw", line 911, characters 15-39:
Sub-goal postcondition of goal _parser__test_or_star_slice'vc.
Prover result is: Valid (0.01s, 6515 steps).

File "/home/fabrice/git/pycsl/scratchpad/.pycsl_ir6cbmf_.mlw", line 938, characters 9-28:
Sub-goal precondition of goal _parser___subscript_item'vc.
Prover result is: Valid (0.01s, 5295 steps).

File "/home/fabrice/git/pycsl/scratchpad/.pycsl_ir6cbmf_.mlw", line 940, characters 13-73:
Sub-goal precondition of goal _parser___subscript_item'vc.
Prover result is: Valid (0.00s, 6454 steps).

File "/home/fabrice/git/pycsl/scratchpad/.pycsl_ir6cbmf_.mlw", line 941, characters 24-58:
Sub-goal variant decrease of goal _parser___subscript_item'vc.
Prover result is: Valid (0.01s, 62217 steps).

File "/home/fabrice/git/pycsl/scratchpad/.pycsl_ir6cbmf_.mlw", line 941, characters 24-58:
Sub-goal precondition of goal _parser___subscript_item'vc.
Prover result is: Valid (0.01s, 6455 steps).

File "/home/fabrice/git/pycsl/scratchpad/.pycsl_ir6cbmf_.mlw", line 942, characters 15-75:
Sub-goal precondition of goal _parser___subscript_item'vc.
Prover result is: Valid (0.01s, 6574 steps).

File "/home/fabrice/git/pycsl/scratchpad/.pycsl_ir6cbmf_.mlw", line 928, characters 15-19:
Sub-goal postcondition of goal _parser___subscript_item'vc.
Prover result is: Valid (0.01s, 6575 steps).

File "/home/fabrice/git/pycsl/scratchpad/.pycsl_ir6cbmf_.mlw", line 929, characters 15-39:
Sub-goal postcondition of goal _parser___subscript_item'vc.
Prover result is: Valid (0.01s, 6580 steps).

File "/home/fabrice/git/pycsl/scratchpad/.pycsl_ir6cbmf_.mlw", line 946, characters 12-41:
Sub-goal precondition of goal _parser___subscript_item'vc.
Prover result is: Valid (0.01s, 6608 steps).

File "/home/fabrice/git/pycsl/scratchpad/.pycsl_ir6cbmf_.mlw", line 947, characters 23-83:
Sub-goal precondition of goal _parser___subscript_item'vc.
Prover result is: Valid (0.01s, 6725 steps).

File "/home/fabrice/git/pycsl/scratchpad/.pycsl_ir6cbmf_.mlw", line 947, characters 100-160:
Sub-goal precondition of goal _parser___subscript_item'vc.
Prover result is: Valid (0.01s, 6809 steps).

File "/home/fabrice/git/pycsl/scratchpad/.pycsl_ir6cbmf_.mlw", line 947, characters 198-258:
Sub-goal precondition of goal _parser___subscript_item'vc.
Prover result is: Valid (0.01s, 7012 steps).

File "/home/fabrice/git/pycsl/scratchpad/.pycsl_ir6cbmf_.mlw", line 948, characters 24-44:
Sub-goal variant decrease of goal _parser___subscript_item'vc.
Prover result is: Valid (0.02s, 89581 steps).

File "/home/fabrice/git/pycsl/scratchpad/.pycsl_ir6cbmf_.mlw", line 948, characters 24-44:
Sub-goal precondition of goal _parser___subscript_item'vc.
Prover result is: Valid (0.01s, 7097 steps).

File "/home/fabrice/git/pycsl/scratchpad/.pycsl_ir6cbmf_.mlw", line 950, characters 14-43:
Sub-goal precondition of goal _parser___subscript_item'vc.
Prover result is: Valid (0.00s, 7146 steps).

File "/home/fabrice/git/pycsl/scratchpad/.pycsl_ir6cbmf_.mlw", line 951, characters 20-80:
Sub-goal precondition of goal _parser___subscript_item'vc.
Prover result is: Valid (0.01s, 7295 steps).

File "/home/fabrice/git/pycsl/scratchpad/.pycsl_ir6cbmf_.mlw", line 951, characters 97-157:
Sub-goal precondition of goal _parser___subscript_item'vc.
Prover result is: Valid (0.01s, 7381 steps).

File "/home/fabrice/git/pycsl/scratchpad/.pycsl_ir6cbmf_.mlw", line 952, characters 25-45:
Sub-goal variant decrease of goal _parser___subscript_item'vc.
Prover result is: Valid (0.02s, 92936 steps).

File "/home/fabrice/git/pycsl/scratchpad/.pycsl_ir6cbmf_.mlw", line 952, characters 25-45:
Sub-goal precondition of goal _parser___subscript_item'vc.
Prover result is: Valid (0.01s, 7499 steps).

File "/home/fabrice/git/pycsl/scratchpad/.pycsl_ir6cbmf_.mlw", line 928, characters 15-19:
Sub-goal postcondition of goal _parser___subscript_item'vc.
Prover result is: Valid (0.00s, 7548 steps).

File "/home/fabrice/git/pycsl/scratchpad/.pycsl_ir6cbmf_.mlw", line 929, characters 15-39:
Sub-goal postcondition of goal _parser___subscript_item'vc.
Prover result is: Valid (0.02s, 90005 steps).

File "/home/fabrice/git/pycsl/scratchpad/.pycsl_ir6cbmf_.mlw", line 928, characters 15-19:
Sub-goal postcondition of goal _parser___subscript_item'vc.
Prover result is: Valid (0.01s, 7497 steps).

File "/home/fabrice/git/pycsl/scratchpad/.pycsl_ir6cbmf_.mlw", line 929, characters 15-39:
Sub-goal postcondition of goal _parser___subscript_item'vc.
Prover result is: Valid (0.02s, 95727 steps).

File "/home/fabrice/git/pycsl/scratchpad/.pycsl_ir6cbmf_.mlw", line 928, characters 15-19:
Sub-goal postcondition of goal _parser___subscript_item'vc.
Prover result is: Valid (0.01s, 7223 steps).

File "/home/fabrice/git/pycsl/scratchpad/.pycsl_ir6cbmf_.mlw", line 929, characters 15-39:
Sub-goal postcondition of goal _parser___subscript_item'vc.
Prover result is: Valid (0.02s, 87924 steps).

File "/home/fabrice/git/pycsl/scratchpad/.pycsl_ir6cbmf_.mlw", line 950, characters 14-43:
Sub-goal precondition of goal _parser___subscript_item'vc.
Prover result is: Valid (0.00s, 7095 steps).

File "/home/fabrice/git/pycsl/scratchpad/.pycsl_ir6cbmf_.mlw", line 951, characters 20-80:
Sub-goal precondition of goal _parser___subscript_item'vc.
Prover result is: Valid (0.01s, 7242 steps).

File "/home/fabrice/git/pycsl/scratchpad/.pycsl_ir6cbmf_.mlw", line 951, characters 97-157:
Sub-goal precondition of goal _parser___subscript_item'vc.
Prover result is: Valid (0.01s, 7328 steps).

File "/home/fabrice/git/pycsl/scratchpad/.pycsl_ir6cbmf_.mlw", line 952, characters 25-45:
Sub-goal variant decrease of goal _parser___subscript_item'vc.
Prover result is: Valid (0.02s, 93403 steps).

File "/home/fabrice/git/pycsl/scratchpad/.pycsl_ir6cbmf_.mlw", line 952, characters 25-45:
Sub-goal precondition of goal _parser___subscript_item'vc.
Prover result is: Valid (0.01s, 7446 steps).

File "/home/fabrice/git/pycsl/scratchpad/.pycsl_ir6cbmf_.mlw", line 928, characters 15-19:
Sub-goal postcondition of goal _parser___subscript_item'vc.
Prover result is: Valid (0.01s, 7495 steps).

File "/home/fabrice/git/pycsl/scratchpad/.pycsl_ir6cbmf_.mlw", line 929, characters 15-39:
Sub-goal postcondition of goal _parser___subscript_item'vc.
Prover result is: Valid (0.02s, 90557 steps).

File "/home/fabrice/git/pycsl/scratchpad/.pycsl_ir6cbmf_.mlw", line 928, characters 15-19:
Sub-goal postcondition of goal _parser___subscript_item'vc.
Prover result is: Valid (0.00s, 7444 steps).

File "/home/fabrice/git/pycsl/scratchpad/.pycsl_ir6cbmf_.mlw", line 929, characters 15-39:
Sub-goal postcondition of goal _parser___subscript_item'vc.
Prover result is: Valid (0.03s, 90238 steps).

File "/home/fabrice/git/pycsl/scratchpad/.pycsl_ir6cbmf_.mlw", line 928, characters 15-19:
Sub-goal postcondition of goal _parser___subscript_item'vc.
Prover result is: Valid (0.01s, 7170 steps).

File "/home/fabrice/git/pycsl/scratchpad/.pycsl_ir6cbmf_.mlw", line 929, characters 15-39:
Sub-goal postcondition of goal _parser___subscript_item'vc.
Prover result is: Valid (0.02s, 85392 steps).

File "/home/fabrice/git/pycsl/scratchpad/.pycsl_ir6cbmf_.mlw", line 946, characters 12-41:
Sub-goal precondition of goal _parser___subscript_item'vc.
Prover result is: Valid (0.01s, 6484 steps).

File "/home/fabrice/git/pycsl/scratchpad/.pycsl_ir6cbmf_.mlw", line 947, characters 23-83:
Sub-goal precondition of goal _parser___subscript_item'vc.
Prover result is: Valid (0.01s, 6601 steps).

File "/home/fabrice/git/pycsl/scratchpad/.pycsl_ir6cbmf_.mlw", line 947, characters 100-160:
Sub-goal precondition of goal _parser___subscript_item'vc.
Prover result is: Valid (0.01s, 6687 steps).

File "/home/fabrice/git/pycsl/scratchpad/.pycsl_ir6cbmf_.mlw", line 947, characters 198-258:
Sub-goal precondition of goal _parser___subscript_item'vc.
Prover result is: Valid (0.01s, 6890 steps).

File "/home/fabrice/git/pycsl/scratchpad/.pycsl_ir6cbmf_.mlw", line 948, characters 24-44:
Sub-goal variant decrease of goal _parser___subscript_item'vc.
Prover result is: Valid (0.02s, 87703 steps).

File "/home/fabrice/git/pycsl/scratchpad/.pycsl_ir6cbmf_.mlw", line 948, characters 24-44:
Sub-goal precondition of goal _parser___subscript_item'vc.
Prover result is: Valid (0.01s, 6973 steps).

File "/home/fabrice/git/pycsl/scratchpad/.pycsl_ir6cbmf_.mlw", line 950, characters 14-43:
Sub-goal precondition of goal _parser___subscript_item'vc.
Prover result is: Valid (0.00s, 7022 steps).

File "/home/fabrice/git/pycsl/scratchpad/.pycsl_ir6cbmf_.mlw", line 951, characters 20-80:
Sub-goal precondition of goal _parser___subscript_item'vc.
Prover result is: Valid (0.01s, 7173 steps).

File "/home/fabrice/git/pycsl/scratchpad/.pycsl_ir6cbmf_.mlw", line 951, characters 97-157:
Sub-goal precondition of goal _parser___subscript_item'vc.
Prover result is: Valid (0.00s, 7259 steps).

File "/home/fabrice/git/pycsl/scratchpad/.pycsl_ir6cbmf_.mlw", line 952, characters 25-45:
Sub-goal variant decrease of goal _parser___subscript_item'vc.
Prover result is: Valid (0.02s, 92090 steps).

File "/home/fabrice/git/pycsl/scratchpad/.pycsl_ir6cbmf_.mlw", line 952, characters 25-45:
Sub-goal precondition of goal _parser___subscript_item'vc.
Prover result is: Valid (0.01s, 7377 steps).

File "/home/fabrice/git/pycsl/scratchpad/.pycsl_ir6cbmf_.mlw", line 928, characters 15-19:
Sub-goal postcondition of goal _parser___subscript_item'vc.
Prover result is: Valid (0.01s, 7426 steps).

File "/home/fabrice/git/pycsl/scratchpad/.pycsl_ir6cbmf_.mlw", line 929, characters 15-39:
Sub-goal postcondition of goal _parser___subscript_item'vc.
Prover result is: Valid (0.02s, 89417 steps).

File "/home/fabrice/git/pycsl/scratchpad/.pycsl_ir6cbmf_.mlw", line 928, characters 15-19:
Sub-goal postcondition of goal _parser___subscript_item'vc.
Prover result is: Valid (0.01s, 7375 steps).

File "/home/fabrice/git/pycsl/scratchpad/.pycsl_ir6cbmf_.mlw", line 929, characters 15-39:
Sub-goal postcondition of goal _parser___subscript_item'vc.
Prover result is: Valid (0.02s, 95117 steps).

File "/home/fabrice/git/pycsl/scratchpad/.pycsl_ir6cbmf_.mlw", line 928, characters 15-19:
Sub-goal postcondition of goal _parser___subscript_item'vc.
Prover result is: Valid (0.01s, 7099 steps).

File "/home/fabrice/git/pycsl/scratchpad/.pycsl_ir6cbmf_.mlw", line 929, characters 15-39:
Sub-goal postcondition of goal _parser___subscript_item'vc.
Prover result is: Valid (0.02s, 87348 steps).

File "/home/fabrice/git/pycsl/scratchpad/.pycsl_ir6cbmf_.mlw", line 950, characters 14-43:
Sub-goal precondition of goal _parser___subscript_item'vc.
Prover result is: Valid (0.00s, 6971 steps).

File "/home/fabrice/git/pycsl/scratchpad/.pycsl_ir6cbmf_.mlw", line 951, characters 20-80:
Sub-goal precondition of goal _parser___subscript_item'vc.
Prover result is: Valid (0.01s, 7120 steps).

File "/home/fabrice/git/pycsl/scratchpad/.pycsl_ir6cbmf_.mlw", line 951, characters 97-157:
Sub-goal precondition of goal _parser___subscript_item'vc.
Prover result is: Valid (0.00s, 7206 steps).

File "/home/fabrice/git/pycsl/scratchpad/.pycsl_ir6cbmf_.mlw", line 952, characters 25-45:
Sub-goal variant decrease of goal _parser___subscript_item'vc.
Prover result is: Valid (0.02s, 92607 steps).

File "/home/fabrice/git/pycsl/scratchpad/.pycsl_ir6cbmf_.mlw", line 952, characters 25-45:
Sub-goal precondition of goal _parser___subscript_item'vc.
Prover result is: Valid (0.01s, 7324 steps).

File "/home/fabrice/git/pycsl/scratchpad/.pycsl_ir6cbmf_.mlw", line 928, characters 15-19:
Sub-goal postcondition of goal _parser___subscript_item'vc.
Prover result is: Valid (0.01s, 7373 steps).

File "/home/fabrice/git/pycsl/scratchpad/.pycsl_ir6cbmf_.mlw", line 929, characters 15-39:
Sub-goal postcondition of goal _parser___subscript_item'vc.
Prover result is: Valid (0.03s, 89968 steps).

File "/home/fabrice/git/pycsl/scratchpad/.pycsl_ir6cbmf_.mlw", line 928, characters 15-19:
Sub-goal postcondition of goal _parser___subscript_item'vc.
Prover result is: Valid (0.01s, 7322 steps).

File "/home/fabrice/git/pycsl/scratchpad/.pycsl_ir6cbmf_.mlw", line 929, characters 15-39:
Sub-goal postcondition of goal _parser___subscript_item'vc.
Prover result is: Valid (0.02s, 89655 steps).

File "/home/fabrice/git/pycsl/scratchpad/.pycsl_ir6cbmf_.mlw", line 928, characters 15-19:
Sub-goal postcondition of goal _parser___subscript_item'vc.
Prover result is: Valid (0.01s, 7046 steps).

File "/home/fabrice/git/pycsl/scratchpad/.pycsl_ir6cbmf_.mlw", line 929, characters 15-39:
Sub-goal postcondition of goal _parser___subscript_item'vc.
Prover result is: Valid (0.03s, 84837 steps).

File "/home/fabrice/git/pycsl/scratchpad/.pycsl_ir6cbmf_.mlw", line 969, characters 9-28:
Sub-goal precondition of goal _parser___subscript'vc.
Prover result is: Valid (0.00s, 5295 steps).

File "/home/fabrice/git/pycsl/scratchpad/.pycsl_ir6cbmf_.mlw", line 970, characters 29-60:
Sub-goal variant decrease of goal _parser___subscript'vc.
Prover result is: Valid (0.01s, 50585 steps).

File "/home/fabrice/git/pycsl/scratchpad/.pycsl_ir6cbmf_.mlw", line 970, characters 29-60:
Sub-goal precondition of goal _parser___subscript'vc.
Prover result is: Valid (0.01s, 5473 steps).

File "/home/fabrice/git/pycsl/scratchpad/.pycsl_ir6cbmf_.mlw", line 976, characters 18-72:
Sub-goal loop invariant init of goal _parser___subscript'vc.
Prover result is: Valid (0.02s, 66090 steps).

File "/home/fabrice/git/pycsl/scratchpad/.pycsl_ir6cbmf_.mlw", line 977, characters 18-34:
Sub-goal loop invariant init of goal _parser___subscript'vc.
Prover result is: Valid (0.01s, 19123 steps).

File "/home/fabrice/git/pycsl/scratchpad/.pycsl_ir6cbmf_.mlw", line 975, characters 17-46:
Sub-goal type invariant of goal _parser___subscript'vc.
Prover result is: Valid (0.01s, 6534 steps).

File "/home/fabrice/git/pycsl/scratchpad/.pycsl_ir6cbmf_.mlw", line 975, characters 17-46:
Sub-goal type invariant of goal _parser___subscript'vc.
Prover result is: Valid (0.00s, 6541 steps).

File "/home/fabrice/git/pycsl/scratchpad/.pycsl_ir6cbmf_.mlw", line 975, characters 17-46:
Sub-goal type invariant of goal _parser___subscript'vc.
Prover result is: Valid (0.02s, 65110 steps).

File "/home/fabrice/git/pycsl/scratchpad/.pycsl_ir6cbmf_.mlw", line 975, characters 17-46:
Sub-goal type invariant of goal _parser___subscript'vc.
Prover result is: Valid (0.03s, 65977 steps).

File "/home/fabrice/git/pycsl/scratchpad/.pycsl_ir6cbmf_.mlw", line 975, characters 17-46:
Sub-goal precondition of goal _parser___subscript'vc.
Prover result is: Valid (0.00s, 6549 steps).

File "/home/fabrice/git/pycsl/scratchpad/.pycsl_ir6cbmf_.mlw", line 980, characters 10-70:
Sub-goal precondition of goal _parser___subscript'vc.
Prover result is: Valid (0.01s, 7207 steps).

File "/home/fabrice/git/pycsl/scratchpad/.pycsl_ir6cbmf_.mlw", line 959, characters 15-19:
Sub-goal postcondition of goal _parser___subscript'vc.
Prover result is: Valid (0.01s, 7298 steps).

File "/home/fabrice/git/pycsl/scratchpad/.pycsl_ir6cbmf_.mlw", line 960, characters 15-39:
Sub-goal postcondition of goal _parser___subscript'vc.
Prover result is: Valid (0.01s, 12235 steps).

File "/home/fabrice/git/pycsl/scratchpad/.pycsl_ir6cbmf_.mlw", line 959, characters 15-19:
Sub-goal postcondition of goal _parser___subscript'vc.
Prover result is: Valid (0.01s, 7498 steps).

File "/home/fabrice/git/pycsl/scratchpad/.pycsl_ir6cbmf_.mlw", line 960, characters 15-39:
Sub-goal postcondition of goal _parser___subscript'vc.
Prover result is: Valid (0.02s, 89196 steps).

File "/home/fabrice/git/pycsl/scratchpad/.pycsl_ir6cbmf_.mlw", line 984, characters 29-60:
Sub-goal variant decrease of goal _parser___subscript'vc.
Prover result is: Valid (0.03s, 80469 steps).

File "/home/fabrice/git/pycsl/scratchpad/.pycsl_ir6cbmf_.mlw", line 984, characters 29-60:
Sub-goal precondition of goal _parser___subscript'vc.
Prover result is: Valid (0.01s, 7244 steps).

File "/home/fabrice/git/pycsl/scratchpad/.pycsl_ir6cbmf_.mlw", line 978, characters 16-51:
Sub-goal loop variant decrease of goal _parser___subscript'vc.
Prover result is: Valid (0.03s, 109788 steps).

File "/home/fabrice/git/pycsl/scratchpad/.pycsl_ir6cbmf_.mlw", line 976, characters 18-72:
Sub-goal loop invariant preservation of goal _parser___subscript'vc.
Prover result is: Valid (0.02s, 90171 steps).

File "/home/fabrice/git/pycsl/scratchpad/.pycsl_ir6cbmf_.mlw", line 977, characters 18-34:
Sub-goal loop invariant preservation of goal _parser___subscript'vc.
Prover result is: Valid (0.02s, 87717 steps).

File "/home/fabrice/git/pycsl/scratchpad/.pycsl_ir6cbmf_.mlw", line 959, characters 15-19:
Sub-goal postcondition of goal _parser___subscript'vc.
Prover result is: Valid (0.01s, 6685 steps).

File "/home/fabrice/git/pycsl/scratchpad/.pycsl_ir6cbmf_.mlw", line 960, characters 15-39:
Sub-goal postcondition of goal _parser___subscript'vc.
Prover result is: Valid (0.01s, 76663 steps).

File "/home/fabrice/git/pycsl/scratchpad/.pycsl_ir6cbmf_.mlw", line 959, characters 15-19:
Sub-goal postcondition of goal _parser___subscript'vc.
Prover result is: Valid (0.00s, 6885 steps).

File "/home/fabrice/git/pycsl/scratchpad/.pycsl_ir6cbmf_.mlw", line 960, characters 15-39:
Sub-goal postcondition of goal _parser___subscript'vc.
Prover result is: Valid (0.02s, 79013 steps).

File "/home/fabrice/git/pycsl/scratchpad/.pycsl_ir6cbmf_.mlw", line 1019, characters 18-72:
Sub-goal loop invariant init of goal _parser___call_args'vc.
Prover result is: Valid (0.01s, 49741 steps).

File "/home/fabrice/git/pycsl/scratchpad/.pycsl_ir6cbmf_.mlw", line 1020, characters 18-33:
Sub-goal loop invariant init of goal _parser___call_args'vc.
Prover result is: Valid (0.01s, 14122 steps).

File "/home/fabrice/git/pycsl/scratchpad/.pycsl_ir6cbmf_.mlw", line 1018, characters 16-78:
Sub-goal type invariant of goal _parser___call_args'vc.
Prover result is: Valid (0.00s, 6432 steps).

File "/home/fabrice/git/pycsl/scratchpad/.pycsl_ir6cbmf_.mlw", line 1018, characters 16-78:
Sub-goal type invariant of goal _parser___call_args'vc.
Prover result is: Valid (0.01s, 6439 steps).

File "/home/fabrice/git/pycsl/scratchpad/.pycsl_ir6cbmf_.mlw", line 1018, characters 16-78:
Sub-goal type invariant of goal _parser___call_args'vc.
Prover result is: Valid (0.01s, 66110 steps).

File "/home/fabrice/git/pycsl/scratchpad/.pycsl_ir6cbmf_.mlw", line 1018, characters 16-78:
Sub-goal type invariant of goal _parser___call_args'vc.
Prover result is: Valid (0.03s, 67955 steps).

File "/home/fabrice/git/pycsl/scratchpad/.pycsl_ir6cbmf_.mlw", line 1018, characters 16-78:
Sub-goal precondition of goal _parser___call_args'vc.
Prover result is: Valid (0.00s, 6447 steps).

File "/home/fabrice/git/pycsl/scratchpad/.pycsl_ir6cbmf_.mlw", line 1022, characters 10-70:
Sub-goal precondition of goal _parser___call_args'vc.
Prover result is: Valid (0.01s, 6535 steps).

File "/home/fabrice/git/pycsl/scratchpad/.pycsl_ir6cbmf_.mlw", line 1023, characters 13-36:
Sub-goal precondition of goal _parser___call_args'vc.
Prover result is: Valid (0.00s, 6651 steps).

File "/home/fabrice/git/pycsl/scratchpad/.pycsl_ir6cbmf_.mlw", line 1024, characters 13-33:
Sub-goal variant decrease of goal _parser___call_args'vc.
Prover result is: Valid (0.02s, 80760 steps).

File "/home/fabrice/git/pycsl/scratchpad/.pycsl_ir6cbmf_.mlw", line 1024, characters 13-33:
Sub-goal precondition of goal _parser___call_args'vc.
Prover result is: Valid (0.01s, 6722 steps).

File "/home/fabrice/git/pycsl/scratchpad/.pycsl_ir6cbmf_.mlw", line 1054, characters 21-50:
Sub-goal precondition of goal _parser___call_args'vc.
Prover result is: Valid (0.01s, 8047 steps).

File "/home/fabrice/git/pycsl/scratchpad/.pycsl_ir6cbmf_.mlw", line 1000, characters 15-19:
Sub-goal postcondition of goal _parser___call_args'vc.
Prover result is: Valid (0.01s, 8124 steps).

File "/home/fabrice/git/pycsl/scratchpad/.pycsl_ir6cbmf_.mlw", line 1001, characters 15-39:
Sub-goal postcondition of goal _parser___call_args'vc.
Prover result is: Valid (0.02s, 98726 steps).

File "/home/fabrice/git/pycsl/scratchpad/.pycsl_ir6cbmf_.mlw", line 1021, characters 16-51:
Sub-goal loop variant decrease of goal _parser___call_args'vc.
Prover result is: Valid (0.02s, 100416 steps).

File "/home/fabrice/git/pycsl/scratchpad/.pycsl_ir6cbmf_.mlw", line 1019, characters 18-72:
Sub-goal loop invariant preservation of goal _parser___call_args'vc.
Prover result is: Valid (0.02s, 102932 steps).

File "/home/fabrice/git/pycsl/scratchpad/.pycsl_ir6cbmf_.mlw", line 1020, characters 18-33:
Sub-goal loop invariant preservation of goal _parser___call_args'vc.
Prover result is: Valid (0.02s, 99169 steps).

File "/home/fabrice/git/pycsl/scratchpad/.pycsl_ir6cbmf_.mlw", line 1027, characters 12-73:
Sub-goal precondition of goal _parser___call_args'vc.
Prover result is: Valid (0.01s, 6734 steps).

File "/home/fabrice/git/pycsl/scratchpad/.pycsl_ir6cbmf_.mlw", line 1028, characters 18-41:
Sub-goal precondition of goal _parser___call_args'vc.
Prover result is: Valid (0.01s, 6760 steps).

File "/home/fabrice/git/pycsl/scratchpad/.pycsl_ir6cbmf_.mlw", line 1029, characters 15-35:
Sub-goal variant decrease of goal _parser___call_args'vc.
Prover result is: Valid (0.02s, 81389 steps).

File "/home/fabrice/git/pycsl/scratchpad/.pycsl_ir6cbmf_.mlw", line 1029, characters 15-35:
Sub-goal precondition of goal _parser___call_args'vc.
Prover result is: Valid (0.00s, 6831 steps).

File "/home/fabrice/git/pycsl/scratchpad/.pycsl_ir6cbmf_.mlw", line 1054, characters 21-50:
Sub-goal precondition of goal _parser___call_args'vc.
Prover result is: Valid (0.00s, 8156 steps).

File "/home/fabrice/git/pycsl/scratchpad/.pycsl_ir6cbmf_.mlw", line 1000, characters 15-19:
Sub-goal postcondition of goal _parser___call_args'vc.
Prover result is: Valid (0.01s, 8233 steps).

File "/home/fabrice/git/pycsl/scratchpad/.pycsl_ir6cbmf_.mlw", line 1001, characters 15-39:
Sub-goal postcondition of goal _parser___call_args'vc.
Prover result is: Valid (0.02s, 98775 steps).

File "/home/fabrice/git/pycsl/scratchpad/.pycsl_ir6cbmf_.mlw", line 1021, characters 16-51:
Sub-goal loop variant decrease of goal _parser___call_args'vc.
Prover result is: Valid (0.02s, 100532 steps).

File "/home/fabrice/git/pycsl/scratchpad/.pycsl_ir6cbmf_.mlw", line 1019, characters 18-72:
Sub-goal loop invariant preservation of goal _parser___call_args'vc.
Prover result is: Valid (0.02s, 103376 steps).

File "/home/fabrice/git/pycsl/scratchpad/.pycsl_ir6cbmf_.mlw", line 1020, characters 18-33:
Sub-goal loop invariant preservation of goal _parser___call_args'vc.
Prover result is: Valid (0.02s, 99218 steps).

File "/home/fabrice/git/pycsl/scratchpad/.pycsl_ir6cbmf_.mlw", line 1032, characters 42-61:
Sub-goal precondition of goal _parser___call_args'vc.
Prover result is: Valid (0.00s, 6758 steps).

File "/home/fabrice/git/pycsl/scratchpad/.pycsl_ir6cbmf_.mlw", line 1032, characters 104-126:
Sub-goal precondition of goal _parser___call_args'vc.
Prover result is: Valid (0.01s, 6771 steps).

File "/home/fabrice/git/pycsl/scratchpad/.pycsl_ir6cbmf_.mlw", line 1032, characters 201-223:
Sub-goal precondition of goal _parser___call_args'vc.
Prover result is: Valid (0.01s, 6827 steps).

File "/home/fabrice/git/pycsl/scratchpad/.pycsl_ir6cbmf_.mlw", line 1032, characters 306-325:
Sub-goal precondition of goal _parser___call_args'vc.
Prover result is: Valid (0.01s, 12438 steps).

File "/home/fabrice/git/pycsl/scratchpad/.pycsl_ir6cbmf_.mlw", line 1033, characters 33-56:
Sub-goal precondition of goal _parser___call_args'vc.
Prover result is: Valid (0.01s, 10501 steps).

File "/home/fabrice/git/pycsl/scratchpad/.pycsl_ir6cbmf_.mlw", line 1034, characters 20-43:
Sub-goal precondition of goal _parser___call_args'vc.
Prover result is: Valid (0.01s, 10581 steps).

File "/home/fabrice/git/pycsl/scratchpad/.pycsl_ir6cbmf_.mlw", line 1035, characters 17-37:
Sub-goal variant decrease of goal _parser___call_args'vc.
Prover result is: Valid (0.03s, 272287 steps).

File "/home/fabrice/git/pycsl/scratchpad/.pycsl_ir6cbmf_.mlw", line 1035, characters 17-37:
Sub-goal precondition of goal _parser___call_args'vc.
Prover result is: Valid (0.01s, 10650 steps).

File "/home/fabrice/git/pycsl/scratchpad/.pycsl_ir6cbmf_.mlw", line 1054, characters 21-50:
Sub-goal precondition of goal _parser___call_args'vc.
Prover result is: Valid (0.01s, 11985 steps).

File "/home/fabrice/git/pycsl/scratchpad/.pycsl_ir6cbmf_.mlw", line 1000, characters 15-19:
Sub-goal postcondition of goal _parser___call_args'vc.
Prover result is: Valid (0.01s, 12062 steps).

File "/home/fabrice/git/pycsl/scratchpad/.pycsl_ir6cbmf_.mlw", line 1001, characters 15-39:
Sub-goal postcondition of goal _parser___call_args'vc.
Prover result is: Valid (0.04s, 268199 steps).

File "/home/fabrice/git/pycsl/scratchpad/.pycsl_ir6cbmf_.mlw", line 1021, characters 16-51:
Sub-goal loop variant decrease of goal _parser___call_args'vc.
Prover result is: Valid (0.04s, 294457 steps).

File "/home/fabrice/git/pycsl/scratchpad/.pycsl_ir6cbmf_.mlw", line 1019, characters 18-72:
Sub-goal loop invariant preservation of goal _parser___call_args'vc.
Prover result is: Valid (0.16s, 560506 steps).

File "/home/fabrice/git/pycsl/scratchpad/.pycsl_ir6cbmf_.mlw", line 1020, characters 18-33:
Sub-goal loop invariant preservation of goal _parser___call_args'vc.
Prover result is: Valid (0.04s, 268723 steps).

File "/home/fabrice/git/pycsl/scratchpad/.pycsl_ir6cbmf_.mlw", line 1038, characters 17-47:
Sub-goal variant decrease of goal _parser___call_args'vc.
Prover result is: Valid (0.03s, 249987 steps).

File "/home/fabrice/git/pycsl/scratchpad/.pycsl_ir6cbmf_.mlw", line 1038, characters 17-47:
Sub-goal precondition of goal _parser___call_args'vc.
Prover result is: Valid (0.01s, 10499 steps).

File "/home/fabrice/git/pycsl/scratchpad/.pycsl_ir6cbmf_.mlw", line 1039, characters 21-83:
Sub-goal precondition of goal _parser___call_args'vc.
Prover result is: Valid (0.01s, 10624 steps).

File "/home/fabrice/git/pycsl/scratchpad/.pycsl_ir6cbmf_.mlw", line 1039, characters 99-163:
Sub-goal precondition of goal _parser___call_args'vc.
Prover result is: Valid (0.01s, 10710 steps).

File "/home/fabrice/git/pycsl/scratchpad/.pycsl_ir6cbmf_.mlw", line 1039, characters 197-219:
Sub-goal precondition of goal _parser___call_args'vc.
Prover result is: Valid (0.01s, 10748 steps).

File "/home/fabrice/git/pycsl/scratchpad/.pycsl_ir6cbmf_.mlw", line 1040, characters 39-63:
Sub-goal variant decrease of goal _parser___call_args'vc.
Prover result is: Valid (0.03s, 255427 steps).

File "/home/fabrice/git/pycsl/scratchpad/.pycsl_ir6cbmf_.mlw", line 1040, characters 39-63:
Sub-goal precondition of goal _parser___call_args'vc.
Prover result is: Valid (0.00s, 10892 steps).

File "/home/fabrice/git/pycsl/scratchpad/.pycsl_ir6cbmf_.mlw", line 1044, characters 22-45:
Sub-goal index in array bounds of goal _parser___call_args'vc.
Prover result is: Valid (0.07s, 408165 steps).

File "/home/fabrice/git/pycsl/scratchpad/.pycsl_ir6cbmf_.mlw", line 1054, characters 21-50:
Sub-goal precondition of goal _parser___call_args'vc.
Prover result is: Valid (0.01s, 12677 steps).

File "/home/fabrice/git/pycsl/scratchpad/.pycsl_ir6cbmf_.mlw", line 1000, characters 15-19:
Sub-goal postcondition of goal _parser___call_args'vc.
Prover result is: Valid (0.01s, 12752 steps).

File "/home/fabrice/git/pycsl/scratchpad/.pycsl_ir6cbmf_.mlw", line 1001, characters 15-39:
Sub-goal postcondition of goal _parser___call_args'vc.
Prover result is: Valid (0.04s, 278743 steps).

File "/home/fabrice/git/pycsl/scratchpad/.pycsl_ir6cbmf_.mlw", line 1021, characters 16-51:
Sub-goal loop variant decrease of goal _parser___call_args'vc.
Prover result is: Valid (0.04s, 285067 steps).

File "/home/fabrice/git/pycsl/scratchpad/.pycsl_ir6cbmf_.mlw", line 1019, characters 18-72:
Sub-goal loop invariant preservation of goal _parser___call_args'vc.
Prover result is: Valid (0.20s, 657668 steps).

File "/home/fabrice/git/pycsl/scratchpad/.pycsl_ir6cbmf_.mlw", line 1020, characters 18-33:
Sub-goal loop invariant preservation of goal _parser___call_args'vc.
Prover result is: Valid (0.04s, 279241 steps).

File "/home/fabrice/git/pycsl/scratchpad/.pycsl_ir6cbmf_.mlw", line 1054, characters 21-50:
Sub-goal precondition of goal _parser___call_args'vc.
Prover result is: Valid (0.01s, 12165 steps).

File "/home/fabrice/git/pycsl/scratchpad/.pycsl_ir6cbmf_.mlw", line 1000, characters 15-19:
Sub-goal postcondition of goal _parser___call_args'vc.
Prover result is: Valid (0.01s, 12240 steps).

File "/home/fabrice/git/pycsl/scratchpad/.pycsl_ir6cbmf_.mlw", line 1001, characters 15-39:
Sub-goal postcondition of goal _parser___call_args'vc.
Prover result is: Valid (0.04s, 270328 steps).

File "/home/fabrice/git/pycsl/scratchpad/.pycsl_ir6cbmf_.mlw", line 1021, characters 16-51:
Sub-goal loop variant decrease of goal _parser___call_args'vc.
Prover result is: Valid (0.04s, 276511 steps).

File "/home/fabrice/git/pycsl/scratchpad/.pycsl_ir6cbmf_.mlw", line 1019, characters 18-72:
Sub-goal loop invariant preservation of goal _parser___call_args'vc.
Prover result is: Valid (0.20s, 648839 steps).

File "/home/fabrice/git/pycsl/scratchpad/.pycsl_ir6cbmf_.mlw", line 1020, characters 18-33:
Sub-goal loop invariant preservation of goal _parser___call_args'vc.
Prover result is: Valid (0.04s, 270817 steps).

File "/home/fabrice/git/pycsl/scratchpad/.pycsl_ir6cbmf_.mlw", line 1000, characters 15-19:
Sub-goal postcondition of goal _parser___call_args'vc.
Prover result is: Valid (0.01s, 6563 steps).

File "/home/fabrice/git/pycsl/scratchpad/.pycsl_ir6cbmf_.mlw", line 1001, characters 15-39:
Sub-goal postcondition of goal _parser___call_args'vc.
Prover result is: Valid (0.01s, 22044 steps).

File "/home/fabrice/git/pycsl/scratchpad/.pycsl_ir6cbmf_.mlw", line 1082, characters 18-72:
Sub-goal loop invariant init of goal _parser__trailers'vc.
Prover result is: Valid (0.01s, 49771 steps).

File "/home/fabrice/git/pycsl/scratchpad/.pycsl_ir6cbmf_.mlw", line 1083, characters 18-33:
Sub-goal loop invariant init of goal _parser__trailers'vc.
Prover result is: Valid (0.01s, 14166 steps).

File "/home/fabrice/git/pycsl/scratchpad/.pycsl_ir6cbmf_.mlw", line 1085, characters 10-70:
Sub-goal type invariant of goal _parser__trailers'vc.
Prover result is: Valid (0.00s, 6427 steps).

File "/home/fabrice/git/pycsl/scratchpad/.pycsl_ir6cbmf_.mlw", line 1085, characters 10-70:
Sub-goal type invariant of goal _parser__trailers'vc.
Prover result is: Valid (0.00s, 6434 steps).

File "/home/fabrice/git/pycsl/scratchpad/.pycsl_ir6cbmf_.mlw", line 1085, characters 10-70:
Sub-goal type invariant of goal _parser__trailers'vc.
Prover result is: Valid (0.02s, 60959 steps).

File "/home/fabrice/git/pycsl/scratchpad/.pycsl_ir6cbmf_.mlw", line 1085, characters 10-70:
Sub-goal type invariant of goal _parser__trailers'vc.
Prover result is: Valid (0.01s, 62652 steps).

File "/home/fabrice/git/pycsl/scratchpad/.pycsl_ir6cbmf_.mlw", line 1085, characters 10-70:
Sub-goal precondition of goal _parser__trailers'vc.
Prover result is: Valid (0.01s, 6442 steps).

File "/home/fabrice/git/pycsl/scratchpad/.pycsl_ir6cbmf_.mlw", line 1086, characters 16-39:
Sub-goal precondition of goal _parser__trailers'vc.
Prover result is: Valid (0.01s, 6558 steps).

File "/home/fabrice/git/pycsl/scratchpad/.pycsl_ir6cbmf_.mlw", line 1087, characters 16-41:
Sub-goal precondition of goal _parser__trailers'vc.
Prover result is: Valid (0.01s, 6629 steps).

File "/home/fabrice/git/pycsl/scratchpad/.pycsl_ir6cbmf_.mlw", line 1088, characters 25-48:
Sub-goal index in array bounds of goal _parser__trailers'vc.
Prover result is: Valid (0.01s, 78735 steps).

File "/home/fabrice/git/pycsl/scratchpad/.pycsl_ir6cbmf_.mlw", line 1084, characters 16-51:
Sub-goal loop variant decrease of goal _parser__trailers'vc.
Prover result is: Valid (0.01s, 78266 steps).

File "/home/fabrice/git/pycsl/scratchpad/.pycsl_ir6cbmf_.mlw", line 1082, characters 18-72:
Sub-goal loop invariant preservation of goal _parser__trailers'vc.
Prover result is: Valid (0.02s, 78846 steps).

File "/home/fabrice/git/pycsl/scratchpad/.pycsl_ir6cbmf_.mlw", line 1083, characters 18-33:
Sub-goal loop invariant preservation of goal _parser__trailers'vc.
Prover result is: Valid (0.02s, 77091 steps).

File "/home/fabrice/git/pycsl/scratchpad/.pycsl_ir6cbmf_.mlw", line 1096, characters 12-72:
Sub-goal precondition of goal _parser__trailers'vc.
Prover result is: Valid (0.01s, 6643 steps).

File "/home/fabrice/git/pycsl/scratchpad/.pycsl_ir6cbmf_.mlw", line 1097, characters 18-41:
Sub-goal precondition of goal _parser__trailers'vc.
Prover result is: Valid (0.00s, 6669 steps).

File "/home/fabrice/git/pycsl/scratchpad/.pycsl_ir6cbmf_.mlw", line 1098, characters 41-71:
Sub-goal variant decrease of goal _parser__trailers'vc.
Prover result is: Valid (0.02s, 85845 steps).

File "/home/fabrice/git/pycsl/scratchpad/.pycsl_ir6cbmf_.mlw", line 1098, characters 41-71:
Sub-goal precondition of goal _parser__trailers'vc.
Prover result is: Valid (0.02s, 81134 steps).

File "/home/fabrice/git/pycsl/scratchpad/.pycsl_ir6cbmf_.mlw", line 1101, characters 27-56:
Sub-goal precondition of goal _parser__trailers'vc.
Prover result is: Valid (0.01s, 6777 steps).

File "/home/fabrice/git/pycsl/scratchpad/.pycsl_ir6cbmf_.mlw", line 1084, characters 16-51:
Sub-goal loop variant decrease of goal _parser__trailers'vc.
Prover result is: Valid (0.02s, 92669 steps).

File "/home/fabrice/git/pycsl/scratchpad/.pycsl_ir6cbmf_.mlw", line 1082, characters 18-72:
Sub-goal loop invariant preservation of goal _parser__trailers'vc.
Prover result is: Valid (0.02s, 93536 steps).

File "/home/fabrice/git/pycsl/scratchpad/.pycsl_ir6cbmf_.mlw", line 1083, characters 18-33:
Sub-goal loop invariant preservation of goal _parser__trailers'vc.
Prover result is: Valid (0.02s, 91134 steps).

File "/home/fabrice/git/pycsl/scratchpad/.pycsl_ir6cbmf_.mlw", line 1109, characters 14-74:
Sub-goal precondition of goal _parser__trailers'vc.
Prover result is: Valid (0.01s, 6752 steps).

File "/home/fabrice/git/pycsl/scratchpad/.pycsl_ir6cbmf_.mlw", line 1110, characters 20-43:
Sub-goal precondition of goal _parser__trailers'vc.
Prover result is: Valid (0.01s, 6772 steps).

File "/home/fabrice/git/pycsl/scratchpad/.pycsl_ir6cbmf_.mlw", line 1111, characters 18-44:
Sub-goal variant decrease of goal _parser__trailers'vc.
Prover result is: Valid (0.02s, 86725 steps).

File "/home/fabrice/git/pycsl/scratchpad/.pycsl_ir6cbmf_.mlw", line 1111, characters 18-44:
Sub-goal precondition of goal _parser__trailers'vc.
Prover result is: Valid (0.01s, 6843 steps).

File "/home/fabrice/git/pycsl/scratchpad/.pycsl_ir6cbmf_.mlw", line 1112, characters 29-58:
Sub-goal precondition of goal _parser__trailers'vc.
Prover result is: Valid (0.01s, 6870 steps).

File "/home/fabrice/git/pycsl/scratchpad/.pycsl_ir6cbmf_.mlw", line 1084, characters 16-51:
Sub-goal loop variant decrease of goal _parser__trailers'vc.
Prover result is: Valid (0.02s, 82690 steps).

File "/home/fabrice/git/pycsl/scratchpad/.pycsl_ir6cbmf_.mlw", line 1082, characters 18-72:
Sub-goal loop invariant preservation of goal _parser__trailers'vc.
Prover result is: Valid (0.02s, 83749 steps).

File "/home/fabrice/git/pycsl/scratchpad/.pycsl_ir6cbmf_.mlw", line 1083, characters 18-33:
Sub-goal loop invariant preservation of goal _parser__trailers'vc.
Prover result is: Valid (0.02s, 81157 steps).

File "/home/fabrice/git/pycsl/scratchpad/.pycsl_ir6cbmf_.mlw", line 1062, characters 15-19:
Sub-goal postcondition of goal _parser__trailers'vc.
Prover result is: Valid (0.01s, 6770 steps).

File "/home/fabrice/git/pycsl/scratchpad/.pycsl_ir6cbmf_.mlw", line 1063, characters 15-39:
Sub-goal postcondition of goal _parser__trailers'vc.
Prover result is: Valid (0.01s, 25155 steps).

File "/home/fabrice/git/pycsl/scratchpad/.pycsl_ir6cbmf_.mlw", line 1138, characters 9-28:
Sub-goal precondition of goal _parser__testlist_for_fstring'vc.
Prover result is: Valid (0.01s, 5295 steps).

File "/home/fabrice/git/pycsl/scratchpad/.pycsl_ir6cbmf_.mlw", line 1139, characters 13-43:
Sub-goal variant decrease of goal _parser__testlist_for_fstring'vc.
Prover result is: Valid (0.01s, 50585 steps).

File "/home/fabrice/git/pycsl/scratchpad/.pycsl_ir6cbmf_.mlw", line 1139, characters 13-43:
Sub-goal precondition of goal _parser__testlist_for_fstring'vc.
Prover result is: Valid (0.00s, 5473 steps).

File "/home/fabrice/git/pycsl/scratchpad/.pycsl_ir6cbmf_.mlw", line 1140, characters 13-73:
Sub-goal precondition of goal _parser__testlist_for_fstring'vc.
Prover result is: Valid (0.00s, 6489 steps).

File "/home/fabrice/git/pycsl/scratchpad/.pycsl_ir6cbmf_.mlw", line 1129, characters 15-19:
Sub-goal postcondition of goal _parser__testlist_for_fstring'vc.
Prover result is: Valid (0.01s, 6490 steps).

File "/home/fabrice/git/pycsl/scratchpad/.pycsl_ir6cbmf_.mlw", line 1130, characters 15-39:
Sub-goal postcondition of goal _parser__testlist_for_fstring'vc.
Prover result is: Valid (0.00s, 6495 steps).

File "/home/fabrice/git/pycsl/scratchpad/.pycsl_ir6cbmf_.mlw", line 1148, characters 20-74:
Sub-goal loop invariant init of goal _parser__testlist_for_fstring'vc.
Prover result is: Valid (0.01s, 87264 steps).

File "/home/fabrice/git/pycsl/scratchpad/.pycsl_ir6cbmf_.mlw", line 1149, characters 20-35:
Sub-goal loop invariant init of goal _parser__testlist_for_fstring'vc.
Prover result is: Valid (0.01s, 26629 steps).

File "/home/fabrice/git/pycsl/scratchpad/.pycsl_ir6cbmf_.mlw", line 1147, characters 19-48:
Sub-goal type invariant of goal _parser__testlist_for_fstring'vc.
Prover result is: Valid (0.01s, 7159 steps).

File "/home/fabrice/git/pycsl/scratchpad/.pycsl_ir6cbmf_.mlw", line 1147, characters 19-48:
Sub-goal type invariant of goal _parser__testlist_for_fstring'vc.
Prover result is: Valid (0.01s, 7166 steps).

File "/home/fabrice/git/pycsl/scratchpad/.pycsl_ir6cbmf_.mlw", line 1147, characters 19-48:
Sub-goal type invariant of goal _parser__testlist_for_fstring'vc.
Prover result is: Valid (0.02s, 85540 steps).

File "/home/fabrice/git/pycsl/scratchpad/.pycsl_ir6cbmf_.mlw", line 1147, characters 19-48:
Sub-goal type invariant of goal _parser__testlist_for_fstring'vc.
Prover result is: Valid (0.02s, 86611 steps).

File "/home/fabrice/git/pycsl/scratchpad/.pycsl_ir6cbmf_.mlw", line 1147, characters 19-48:
Sub-goal precondition of goal _parser__testlist_for_fstring'vc.
Prover result is: Valid (0.01s, 7174 steps).

File "/home/fabrice/git/pycsl/scratchpad/.pycsl_ir6cbmf_.mlw", line 1151, characters 27-87:
Sub-goal precondition of goal _parser__testlist_for_fstring'vc.
Prover result is: Valid (0.01s, 7329 steps).

File "/home/fabrice/git/pycsl/scratchpad/.pycsl_ir6cbmf_.mlw", line 1151, characters 98-158:
Sub-goal precondition of goal _parser__testlist_for_fstring'vc.
Prover result is: Valid (0.01s, 7415 steps).

File "/home/fabrice/git/pycsl/scratchpad/.pycsl_ir6cbmf_.mlw", line 1151, characters 190-250:
Sub-goal precondition of goal _parser__testlist_for_fstring'vc.
Prover result is: Valid (0.01s, 7615 steps).

File "/home/fabrice/git/pycsl/scratchpad/.pycsl_ir6cbmf_.mlw", line 1151, characters 282-342:
Sub-goal precondition of goal _parser__testlist_for_fstring'vc.
Prover result is: Valid (0.01s, 7789 steps).

File "/home/fabrice/git/pycsl/scratchpad/.pycsl_ir6cbmf_.mlw", line 1129, characters 15-19:
Sub-goal postcondition of goal _parser__testlist_for_fstring'vc.
Prover result is: Valid (0.01s, 8084 steps).

File "/home/fabrice/git/pycsl/scratchpad/.pycsl_ir6cbmf_.mlw", line 1130, characters 15-39:
Sub-goal postcondition of goal _parser__testlist_for_fstring'vc.
Prover result is: Valid (0.02s, 101566 steps).

File "/home/fabrice/git/pycsl/scratchpad/.pycsl_ir6cbmf_.mlw", line 1154, characters 31-61:
Sub-goal variant decrease of goal _parser__testlist_for_fstring'vc.
Prover result is: Valid (0.02s, 95004 steps).

File "/home/fabrice/git/pycsl/scratchpad/.pycsl_ir6cbmf_.mlw", line 1154, characters 31-61:
Sub-goal precondition of goal _parser__testlist_for_fstring'vc.
Prover result is: Valid (0.01s, 7887 steps).

File "/home/fabrice/git/pycsl/scratchpad/.pycsl_ir6cbmf_.mlw", line 1150, characters 18-53:
Sub-goal loop variant decrease of goal _parser__testlist_for_fstring'vc.
Prover result is: Valid (0.02s, 104258 steps).

File "/home/fabrice/git/pycsl/scratchpad/.pycsl_ir6cbmf_.mlw", line 1148, characters 20-74:
Sub-goal loop invariant preservation of goal _parser__testlist_for_fstring'vc.
Prover result is: Valid (0.02s, 107656 steps).

File "/home/fabrice/git/pycsl/scratchpad/.pycsl_ir6cbmf_.mlw", line 1149, characters 20-35:
Sub-goal loop invariant preservation of goal _parser__testlist_for_fstring'vc.
Prover result is: Valid (0.02s, 102041 steps).

File "/home/fabrice/git/pycsl/scratchpad/.pycsl_ir6cbmf_.mlw", line 1129, characters 15-19:
Sub-goal postcondition of goal _parser__testlist_for_fstring'vc.
Prover result is: Valid (0.00s, 7448 steps).

File "/home/fabrice/git/pycsl/scratchpad/.pycsl_ir6cbmf_.mlw", line 1130, characters 15-39:
Sub-goal postcondition of goal _parser__testlist_for_fstring'vc.
Prover result is: Valid (0.02s, 88971 steps).

File "/home/fabrice/git/pycsl/scratchpad/.pycsl_ir6cbmf_.mlw", line 1172, characters 9-28:
Sub-goal precondition of goal _parser___fstring_format_spec'vc.
Prover result is: Valid (0.00s, 5295 steps).

File "/home/fabrice/git/pycsl/scratchpad/.pycsl_ir6cbmf_.mlw", line 1178, characters 18-72:
Sub-goal loop invariant init of goal _parser___fstring_format_spec'vc.
Prover result is: Valid (0.01s, 50616 steps).

File "/home/fabrice/git/pycsl/scratchpad/.pycsl_ir6cbmf_.mlw", line 1179, characters 18-34:
Sub-goal loop invariant init of goal _parser___fstring_format_spec'vc.
Prover result is: Valid (0.01s, 14387 steps).

File "/home/fabrice/git/pycsl/scratchpad/.pycsl_ir6cbmf_.mlw", line 1177, characters 21-81:
Sub-goal type invariant of goal _parser___fstring_format_spec'vc.
Prover result is: Valid (0.00s, 6509 steps).

File "/home/fabrice/git/pycsl/scratchpad/.pycsl_ir6cbmf_.mlw", line 1177, characters 21-81:
Sub-goal type invariant of goal _parser___fstring_format_spec'vc.
Prover result is: Valid (0.01s, 6516 steps).

File "/home/fabrice/git/pycsl/scratchpad/.pycsl_ir6cbmf_.mlw", line 1177, characters 21-81:
Sub-goal type invariant of goal _parser___fstring_format_spec'vc.
Prover result is: Valid (0.01s, 67060 steps).

File "/home/fabrice/git/pycsl/scratchpad/.pycsl_ir6cbmf_.mlw", line 1177, characters 21-81:
Sub-goal type invariant of goal _parser___fstring_format_spec'vc.
Prover result is: Valid (0.01s, 67877 steps).

File "/home/fabrice/git/pycsl/scratchpad/.pycsl_ir6cbmf_.mlw", line 1177, characters 21-81:
Sub-goal precondition of goal _parser___fstring_format_spec'vc.
Prover result is: Valid (0.00s, 6524 steps).

File "/home/fabrice/git/pycsl/scratchpad/.pycsl_ir6cbmf_.mlw", line 1177, characters 106-125:
Sub-goal precondition of goal _parser___fstring_format_spec'vc.
Prover result is: Valid (0.00s, 6525 steps).

File "/home/fabrice/git/pycsl/scratchpad/.pycsl_ir6cbmf_.mlw", line 1181, characters 12-31:
Sub-goal precondition of goal _parser___fstring_format_spec'vc.
Prover result is: Valid (0.00s, 6630 steps).

File "/home/fabrice/git/pycsl/scratchpad/.pycsl_ir6cbmf_.mlw", line 1183, characters 16-39:
Sub-goal precondition of goal _parser___fstring_format_spec'vc.
Prover result is: Valid (0.00s, 6644 steps).

File "/home/fabrice/git/pycsl/scratchpad/.pycsl_ir6cbmf_.mlw", line 1184, characters 16-65:
Sub-goal precondition of goal _parser___fstring_format_spec'vc.
Prover result is: Valid (0.01s, 6715 steps).

File "/home/fabrice/git/pycsl/scratchpad/.pycsl_ir6cbmf_.mlw", line 1180, characters 16-51:
Sub-goal loop variant decrease of goal _parser___fstring_format_spec'vc.
Prover result is: Valid (0.02s, 96429 steps).

File "/home/fabrice/git/pycsl/scratchpad/.pycsl_ir6cbmf_.mlw", line 1178, characters 18-72:
Sub-goal loop invariant preservation of goal _parser___fstring_format_spec'vc.
Prover result is: Valid (0.02s, 96332 steps).

File "/home/fabrice/git/pycsl/scratchpad/.pycsl_ir6cbmf_.mlw", line 1179, characters 18-34:
Sub-goal loop invariant preservation of goal _parser___fstring_format_spec'vc.
Prover result is: Valid (0.02s, 94082 steps).

File "/home/fabrice/git/pycsl/scratchpad/.pycsl_ir6cbmf_.mlw", line 1187, characters 12-72:
Sub-goal precondition of goal _parser___fstring_format_spec'vc.
Prover result is: Valid (0.00s, 6735 steps).

File "/home/fabrice/git/pycsl/scratchpad/.pycsl_ir6cbmf_.mlw", line 1188, characters 47-90:
Sub-goal variant decrease of goal _parser___fstring_format_spec'vc.
Prover result is: Valid (0.01s, 80741 steps).

File "/home/fabrice/git/pycsl/scratchpad/.pycsl_ir6cbmf_.mlw", line 1188, characters 47-90:
Sub-goal precondition of goal _parser___fstring_format_spec'vc.
Prover result is: Valid (0.00s, 11347 steps).

File "/home/fabrice/git/pycsl/scratchpad/.pycsl_ir6cbmf_.mlw", line 1180, characters 16-51:
Sub-goal loop variant decrease of goal _parser___fstring_format_spec'vc.
Prover result is: Valid (0.02s, 104301 steps).

File "/home/fabrice/git/pycsl/scratchpad/.pycsl_ir6cbmf_.mlw", line 1178, characters 18-72:
Sub-goal loop invariant preservation of goal _parser___fstring_format_spec'vc.
Prover result is: Valid (0.02s, 106741 steps).

File "/home/fabrice/git/pycsl/scratchpad/.pycsl_ir6cbmf_.mlw", line 1179, characters 18-34:
Sub-goal loop invariant preservation of goal _parser___fstring_format_spec'vc.
Prover result is: Valid (0.02s, 104310 steps).

File "/home/fabrice/git/pycsl/scratchpad/.pycsl_ir6cbmf_.mlw", line 1195, characters 40-94:
Sub-goal precondition of goal _parser___fstring_format_spec'vc.
Prover result is: Valid (0.01s, 7548 steps).

File "/home/fabrice/git/pycsl/scratchpad/.pycsl_ir6cbmf_.mlw", line 1162, characters 15-19:
Sub-goal postcondition of goal _parser___fstring_format_spec'vc.
Prover result is: Valid (0.01s, 7752 steps).

File "/home/fabrice/git/pycsl/scratchpad/.pycsl_ir6cbmf_.mlw", line 1163, characters 15-39:
Sub-goal postcondition of goal _parser___fstring_format_spec'vc.
Prover result is: Valid (0.01s, 29606 steps).

File "/home/fabrice/git/pycsl/scratchpad/.pycsl_ir6cbmf_.mlw", line 1195, characters 40-94:
Sub-goal precondition of goal _parser___fstring_format_spec'vc.
Prover result is: Valid (0.01s, 7419 steps).

File "/home/fabrice/git/pycsl/scratchpad/.pycsl_ir6cbmf_.mlw", line 1162, characters 15-19:
Sub-goal postcondition of goal _parser___fstring_format_spec'vc.
Prover result is: Valid (0.01s, 7623 steps).

File "/home/fabrice/git/pycsl/scratchpad/.pycsl_ir6cbmf_.mlw", line 1163, characters 15-39:
Sub-goal postcondition of goal _parser___fstring_format_spec'vc.
Prover result is: Valid (0.01s, 32365 steps).

File "/home/fabrice/git/pycsl/scratchpad/.pycsl_ir6cbmf_.mlw", line 1227, characters 10-33:
Sub-goal precondition of goal _parser___fstring_replacement'vc.
Prover result is: Valid (0.00s, 5477 steps).

File "/home/fabrice/git/pycsl/scratchpad/.pycsl_ir6cbmf_.mlw", line 1228, characters 12-48:
Sub-goal variant decrease of goal _parser___fstring_replacement'vc.
Prover result is: Valid (0.01s, 54647 steps).

File "/home/fabrice/git/pycsl/scratchpad/.pycsl_ir6cbmf_.mlw", line 1228, characters 12-48:
Sub-goal precondition of goal _parser___fstring_replacement'vc.
Prover result is: Valid (0.01s, 5563 steps).

File "/home/fabrice/git/pycsl/scratchpad/.pycsl_ir6cbmf_.mlw", line 1231, characters 8-68:
Sub-goal precondition of goal _parser___fstring_replacement'vc.
Prover result is: Valid (0.00s, 6576 steps).

File "/home/fabrice/git/pycsl/scratchpad/.pycsl_ir6cbmf_.mlw", line 1232, characters 12-35:
Sub-goal precondition of goal _parser___fstring_replacement'vc.
Prover result is: Valid (0.01s, 6610 steps).

File "/home/fabrice/git/pycsl/scratchpad/.pycsl_ir6cbmf_.mlw", line 1234, characters 82-101:
Sub-goal precondition of goal _parser___fstring_replacement'vc.
Prover result is: Valid (0.00s, 6684 steps).

File "/home/fabrice/git/pycsl/scratchpad/.pycsl_ir6cbmf_.mlw", line 1234, characters 29-123:
Sub-goal precondition of goal _parser___fstring_replacement'vc.
Prover result is: Valid (0.01s, 6684 steps).

File "/home/fabrice/git/pycsl/scratchpad/.pycsl_ir6cbmf_.mlw", line 1237, characters 8-68:
Sub-goal precondition of goal _parser___fstring_replacement'vc.
Prover result is: Valid (0.00s, 6789 steps).

File "/home/fabrice/git/pycsl/scratchpad/.pycsl_ir6cbmf_.mlw", line 1238, characters 14-37:
Sub-goal precondition of goal _parser___fstring_replacement'vc.
Prover result is: Valid (0.01s, 6821 steps).

File "/home/fabrice/git/pycsl/scratchpad/.pycsl_ir6cbmf_.mlw", line 1239, characters 32-51:
Sub-goal precondition of goal _parser___fstring_replacement'vc.
Prover result is: Valid (0.00s, 6888 steps).

File "/home/fabrice/git/pycsl/scratchpad/.pycsl_ir6cbmf_.mlw", line 1239, characters 82-107:
Sub-goal precondition of goal _parser___fstring_replacement'vc.
Prover result is: Valid (0.01s, 6901 steps).

File "/home/fabrice/git/pycsl/scratchpad/.pycsl_ir6cbmf_.mlw", line 1243, characters 8-68:
Sub-goal precondition of goal _parser___fstring_replacement'vc.
Prover result is: Valid (0.01s, 7065 steps).

File "/home/fabrice/git/pycsl/scratchpad/.pycsl_ir6cbmf_.mlw", line 1244, characters 14-37:
Sub-goal precondition of goal _parser___fstring_replacement'vc.
Prover result is: Valid (0.00s, 7099 steps).

File "/home/fabrice/git/pycsl/scratchpad/.pycsl_ir6cbmf_.mlw", line 1245, characters 30-73:
Sub-goal variant decrease of goal _parser___fstring_replacement'vc.
Prover result is: Valid (0.02s, 88752 steps).

File "/home/fabrice/git/pycsl/scratchpad/.pycsl_ir6cbmf_.mlw", line 1245, characters 30-73:
Sub-goal precondition of goal _parser___fstring_replacement'vc.
Prover result is: Valid (0.00s, 7166 steps).

File "/home/fabrice/git/pycsl/scratchpad/.pycsl_ir6cbmf_.mlw", line 1247, characters 21-50:
Sub-goal precondition of goal _parser___fstring_replacement'vc.
Prover result is: Valid (0.00s, 7202 steps).

File "/home/fabrice/git/pycsl/scratchpad/.pycsl_ir6cbmf_.mlw", line 1210, characters 15-19:
Sub-goal postcondition of goal _parser___fstring_replacement'vc.
Prover result is: Valid (0.00s, 9052 steps).

File "/home/fabrice/git/pycsl/scratchpad/.pycsl_ir6cbmf_.mlw", line 1211, characters 15-38:
Sub-goal postcondition of goal _parser___fstring_replacement'vc.
Prover result is: Valid (0.01s, 35123 steps).

File "/home/fabrice/git/pycsl/scratchpad/.pycsl_ir6cbmf_.mlw", line 1210, characters 15-19:
Sub-goal postcondition of goal _parser___fstring_replacement'vc.
Prover result is: Valid (0.01s, 8908 steps).

File "/home/fabrice/git/pycsl/scratchpad/.pycsl_ir6cbmf_.mlw", line 1211, characters 15-38:
Sub-goal postcondition of goal _parser___fstring_replacement'vc.
Prover result is: Valid (0.01s, 34290 steps).

File "/home/fabrice/git/pycsl/scratchpad/.pycsl_ir6cbmf_.mlw", line 1210, characters 15-19:
Sub-goal postcondition of goal _parser___fstring_replacement'vc.
Prover result is: Valid (0.01s, 9045 steps).

File "/home/fabrice/git/pycsl/scratchpad/.pycsl_ir6cbmf_.mlw", line 1211, characters 15-38:
Sub-goal postcondition of goal _parser___fstring_replacement'vc.
Prover result is: Valid (0.02s, 108259 steps).

File "/home/fabrice/git/pycsl/scratchpad/.pycsl_ir6cbmf_.mlw", line 1210, characters 15-19:
Sub-goal postcondition of goal _parser___fstring_replacement'vc.
Prover result is: Valid (0.01s, 8901 steps).

File "/home/fabrice/git/pycsl/scratchpad/.pycsl_ir6cbmf_.mlw", line 1211, characters 15-38:
Sub-goal postcondition of goal _parser___fstring_replacement'vc.
Prover result is: Valid (0.01s, 34258 steps).

File "/home/fabrice/git/pycsl/scratchpad/.pycsl_ir6cbmf_.mlw", line 1247, characters 21-50:
Sub-goal precondition of goal _parser___fstring_replacement'vc.
Prover result is: Valid (0.01s, 7097 steps).

File "/home/fabrice/git/pycsl/scratchpad/.pycsl_ir6cbmf_.mlw", line 1210, characters 15-19:
Sub-goal postcondition of goal _parser___fstring_replacement'vc.
Prover result is: Valid (0.01s, 8945 steps).

File "/home/fabrice/git/pycsl/scratchpad/.pycsl_ir6cbmf_.mlw", line 1211, characters 15-38:
Sub-goal postcondition of goal _parser___fstring_replacement'vc.
Prover result is: Valid (0.01s, 22995 steps).

File "/home/fabrice/git/pycsl/scratchpad/.pycsl_ir6cbmf_.mlw", line 1210, characters 15-19:
Sub-goal postcondition of goal _parser___fstring_replacement'vc.
Prover result is: Valid (0.01s, 8801 steps).

File "/home/fabrice/git/pycsl/scratchpad/.pycsl_ir6cbmf_.mlw", line 1211, characters 15-38:
Sub-goal postcondition of goal _parser___fstring_replacement'vc.
Prover result is: Valid (0.01s, 22524 steps).

File "/home/fabrice/git/pycsl/scratchpad/.pycsl_ir6cbmf_.mlw", line 1210, characters 15-19:
Sub-goal postcondition of goal _parser___fstring_replacement'vc.
Prover result is: Valid (0.01s, 8938 steps).

File "/home/fabrice/git/pycsl/scratchpad/.pycsl_ir6cbmf_.mlw", line 1211, characters 15-38:
Sub-goal postcondition of goal _parser___fstring_replacement'vc.
Prover result is: Valid (0.02s, 106718 steps).

File "/home/fabrice/git/pycsl/scratchpad/.pycsl_ir6cbmf_.mlw", line 1210, characters 15-19:
Sub-goal postcondition of goal _parser___fstring_replacement'vc.
Prover result is: Valid (0.01s, 8794 steps).

File "/home/fabrice/git/pycsl/scratchpad/.pycsl_ir6cbmf_.mlw", line 1211, characters 15-38:
Sub-goal postcondition of goal _parser___fstring_replacement'vc.
Prover result is: Valid (0.01s, 33567 steps).

File "/home/fabrice/git/pycsl/scratchpad/.pycsl_ir6cbmf_.mlw", line 1239, characters 126-149:
Sub-goal precondition of goal _parser___fstring_replacement'vc.
Prover result is: Valid (0.00s, 6905 steps).

File "/home/fabrice/git/pycsl/scratchpad/.pycsl_ir6cbmf_.mlw", line 1243, characters 8-68:
Sub-goal precondition of goal _parser___fstring_replacement'vc.
Prover result is: Valid (0.01s, 7106 steps).

File "/home/fabrice/git/pycsl/scratchpad/.pycsl_ir6cbmf_.mlw", line 1244, characters 14-37:
Sub-goal precondition of goal _parser___fstring_replacement'vc.
Prover result is: Valid (0.00s, 7138 steps).

File "/home/fabrice/git/pycsl/scratchpad/.pycsl_ir6cbmf_.mlw", line 1245, characters 30-73:
Sub-goal variant decrease of goal _parser___fstring_replacement'vc.
Prover result is: Valid (0.03s, 104316 steps).

File "/home/fabrice/git/pycsl/scratchpad/.pycsl_ir6cbmf_.mlw", line 1245, characters 30-73:
Sub-goal precondition of goal _parser___fstring_replacement'vc.
Prover result is: Valid (0.00s, 7205 steps).

File "/home/fabrice/git/pycsl/scratchpad/.pycsl_ir6cbmf_.mlw", line 1247, characters 21-50:
Sub-goal precondition of goal _parser___fstring_replacement'vc.
Prover result is: Valid (0.01s, 7241 steps).

File "/home/fabrice/git/pycsl/scratchpad/.pycsl_ir6cbmf_.mlw", line 1210, characters 15-19:
Sub-goal postcondition of goal _parser___fstring_replacement'vc.
Prover result is: Valid (0.01s, 9091 steps).

File "/home/fabrice/git/pycsl/scratchpad/.pycsl_ir6cbmf_.mlw", line 1211, characters 15-38:
Sub-goal postcondition of goal _parser___fstring_replacement'vc.
Prover result is: Valid (0.01s, 35324 steps).

File "/home/fabrice/git/pycsl/scratchpad/.pycsl_ir6cbmf_.mlw", line 1210, characters 15-19:
Sub-goal postcondition of goal _parser___fstring_replacement'vc.
Prover result is: Valid (0.01s, 8947 steps).

File "/home/fabrice/git/pycsl/scratchpad/.pycsl_ir6cbmf_.mlw", line 1211, characters 15-38:
Sub-goal postcondition of goal _parser___fstring_replacement'vc.
Prover result is: Valid (0.01s, 34491 steps).

File "/home/fabrice/git/pycsl/scratchpad/.pycsl_ir6cbmf_.mlw", line 1210, characters 15-19:
Sub-goal postcondition of goal _parser___fstring_replacement'vc.
Prover result is: Valid (0.01s, 9084 steps).

File "/home/fabrice/git/pycsl/scratchpad/.pycsl_ir6cbmf_.mlw", line 1211, characters 15-38:
Sub-goal postcondition of goal _parser___fstring_replacement'vc.
Prover result is: Valid (0.02s, 108693 steps).

File "/home/fabrice/git/pycsl/scratchpad/.pycsl_ir6cbmf_.mlw", line 1210, characters 15-19:
Sub-goal postcondition of goal _parser___fstring_replacement'vc.
Prover result is: Valid (0.01s, 8940 steps).

File "/home/fabrice/git/pycsl/scratchpad/.pycsl_ir6cbmf_.mlw", line 1211, characters 15-38:
Sub-goal postcondition of goal _parser___fstring_replacement'vc.
Prover result is: Valid (0.01s, 34459 steps).

File "/home/fabrice/git/pycsl/scratchpad/.pycsl_ir6cbmf_.mlw", line 1247, characters 21-50:
Sub-goal precondition of goal _parser___fstring_replacement'vc.
Prover result is: Valid (0.01s, 7136 steps).

File "/home/fabrice/git/pycsl/scratchpad/.pycsl_ir6cbmf_.mlw", line 1210, characters 15-19:
Sub-goal postcondition of goal _parser___fstring_replacement'vc.
Prover result is: Valid (0.01s, 8984 steps).

File "/home/fabrice/git/pycsl/scratchpad/.pycsl_ir6cbmf_.mlw", line 1211, characters 15-38:
Sub-goal postcondition of goal _parser___fstring_replacement'vc.
Prover result is: Valid (0.01s, 23124 steps).

File "/home/fabrice/git/pycsl/scratchpad/.pycsl_ir6cbmf_.mlw", line 1210, characters 15-19:
Sub-goal postcondition of goal _parser___fstring_replacement'vc.
Prover result is: Valid (0.01s, 8840 steps).

File "/home/fabrice/git/pycsl/scratchpad/.pycsl_ir6cbmf_.mlw", line 1211, characters 15-38:
Sub-goal postcondition of goal _parser___fstring_replacement'vc.
Prover result is: Valid (0.01s, 22653 steps).

File "/home/fabrice/git/pycsl/scratchpad/.pycsl_ir6cbmf_.mlw", line 1210, characters 15-19:
Sub-goal postcondition of goal _parser___fstring_replacement'vc.
Prover result is: Valid (0.01s, 8977 steps).

File "/home/fabrice/git/pycsl/scratchpad/.pycsl_ir6cbmf_.mlw", line 1211, characters 15-38:
Sub-goal postcondition of goal _parser___fstring_replacement'vc.
Prover result is: Valid (0.02s, 107064 steps).

File "/home/fabrice/git/pycsl/scratchpad/.pycsl_ir6cbmf_.mlw", line 1210, characters 15-19:
Sub-goal postcondition of goal _parser___fstring_replacement'vc.
Prover result is: Valid (0.01s, 8833 steps).

File "/home/fabrice/git/pycsl/scratchpad/.pycsl_ir6cbmf_.mlw", line 1211, characters 15-38:
Sub-goal postcondition of goal _parser___fstring_replacement'vc.
Prover result is: Valid (0.01s, 33768 steps).

File "/home/fabrice/git/pycsl/scratchpad/.pycsl_ir6cbmf_.mlw", line 1243, characters 8-68:
Sub-goal precondition of goal _parser___fstring_replacement'vc.
Prover result is: Valid (0.01s, 6909 steps).

File "/home/fabrice/git/pycsl/scratchpad/.pycsl_ir6cbmf_.mlw", line 1244, characters 14-37:
Sub-goal precondition of goal _parser___fstring_replacement'vc.
Prover result is: Valid (0.00s, 6935 steps).

File "/home/fabrice/git/pycsl/scratchpad/.pycsl_ir6cbmf_.mlw", line 1245, characters 30-73:
Sub-goal variant decrease of goal _parser___fstring_replacement'vc.
Prover result is: Valid (0.02s, 94930 steps).

File "/home/fabrice/git/pycsl/scratchpad/.pycsl_ir6cbmf_.mlw", line 1245, characters 30-73:
Sub-goal precondition of goal _parser___fstring_replacement'vc.
Prover result is: Valid (0.01s, 7002 steps).

File "/home/fabrice/git/pycsl/scratchpad/.pycsl_ir6cbmf_.mlw", line 1247, characters 21-50:
Sub-goal precondition of goal _parser___fstring_replacement'vc.
Prover result is: Valid (0.00s, 7038 steps).

File "/home/fabrice/git/pycsl/scratchpad/.pycsl_ir6cbmf_.mlw", line 1210, characters 15-19:
Sub-goal postcondition of goal _parser___fstring_replacement'vc.
Prover result is: Valid (0.01s, 8890 steps).

File "/home/fabrice/git/pycsl/scratchpad/.pycsl_ir6cbmf_.mlw", line 1211, characters 15-38:
Sub-goal postcondition of goal _parser___fstring_replacement'vc.
Prover result is: Valid (0.01s, 33876 steps).

File "/home/fabrice/git/pycsl/scratchpad/.pycsl_ir6cbmf_.mlw", line 1210, characters 15-19:
Sub-goal postcondition of goal _parser___fstring_replacement'vc.
Prover result is: Valid (0.01s, 8746 steps).

File "/home/fabrice/git/pycsl/scratchpad/.pycsl_ir6cbmf_.mlw", line 1211, characters 15-38:
Sub-goal postcondition of goal _parser___fstring_replacement'vc.
Prover result is: Valid (0.01s, 33289 steps).

File "/home/fabrice/git/pycsl/scratchpad/.pycsl_ir6cbmf_.mlw", line 1210, characters 15-19:
Sub-goal postcondition of goal _parser___fstring_replacement'vc.
Prover result is: Valid (0.00s, 8883 steps).

File "/home/fabrice/git/pycsl/scratchpad/.pycsl_ir6cbmf_.mlw", line 1211, characters 15-38:
Sub-goal postcondition of goal _parser___fstring_replacement'vc.
Prover result is: Valid (0.02s, 105880 steps).

File "/home/fabrice/git/pycsl/scratchpad/.pycsl_ir6cbmf_.mlw", line 1210, characters 15-19:
Sub-goal postcondition of goal _parser___fstring_replacement'vc.
Prover result is: Valid (0.00s, 8739 steps).

File "/home/fabrice/git/pycsl/scratchpad/.pycsl_ir6cbmf_.mlw", line 1211, characters 15-38:
Sub-goal postcondition of goal _parser___fstring_replacement'vc.
Prover result is: Valid (0.01s, 33262 steps).

File "/home/fabrice/git/pycsl/scratchpad/.pycsl_ir6cbmf_.mlw", line 1247, characters 21-50:
Sub-goal precondition of goal _parser___fstring_replacement'vc.
Prover result is: Valid (0.00s, 6933 steps).

File "/home/fabrice/git/pycsl/scratchpad/.pycsl_ir6cbmf_.mlw", line 1210, characters 15-19:
Sub-goal postcondition of goal _parser___fstring_replacement'vc.
Prover result is: Valid (0.00s, 8783 steps).

File "/home/fabrice/git/pycsl/scratchpad/.pycsl_ir6cbmf_.mlw", line 1211, characters 15-38:
Sub-goal postcondition of goal _parser___fstring_replacement'vc.
Prover result is: Valid (0.02s, 104278 steps).

File "/home/fabrice/git/pycsl/scratchpad/.pycsl_ir6cbmf_.mlw", line 1210, characters 15-19:
Sub-goal postcondition of goal _parser___fstring_replacement'vc.
Prover result is: Valid (0.01s, 8639 steps).

File "/home/fabrice/git/pycsl/scratchpad/.pycsl_ir6cbmf_.mlw", line 1211, characters 15-38:
Sub-goal postcondition of goal _parser___fstring_replacement'vc.
Prover result is: Valid (0.01s, 32655 steps).

File "/home/fabrice/git/pycsl/scratchpad/.pycsl_ir6cbmf_.mlw", line 1210, characters 15-19:
Sub-goal postcondition of goal _parser___fstring_replacement'vc.
Prover result is: Valid (0.01s, 8776 steps).

File "/home/fabrice/git/pycsl/scratchpad/.pycsl_ir6cbmf_.mlw", line 1211, characters 15-38:
Sub-goal postcondition of goal _parser___fstring_replacement'vc.
Prover result is: Valid (0.01s, 14883 steps).

File "/home/fabrice/git/pycsl/scratchpad/.pycsl_ir6cbmf_.mlw", line 1210, characters 15-19:
Sub-goal postcondition of goal _parser___fstring_replacement'vc.
Prover result is: Valid (0.00s, 8632 steps).

File "/home/fabrice/git/pycsl/scratchpad/.pycsl_ir6cbmf_.mlw", line 1211, characters 15-38:
Sub-goal postcondition of goal _parser___fstring_replacement'vc.
Prover result is: Valid (0.01s, 14662 steps).

File "/home/fabrice/git/pycsl/scratchpad/.pycsl_ir6cbmf_.mlw", line 1237, characters 8-68:
Sub-goal precondition of goal _parser___fstring_replacement'vc.
Prover result is: Valid (0.01s, 6704 steps).

File "/home/fabrice/git/pycsl/scratchpad/.pycsl_ir6cbmf_.mlw", line 1238, characters 14-37:
Sub-goal precondition of goal _parser___fstring_replacement'vc.
Prover result is: Valid (0.01s, 6730 steps).

File "/home/fabrice/git/pycsl/scratchpad/.pycsl_ir6cbmf_.mlw", line 1239, characters 32-51:
Sub-goal precondition of goal _parser___fstring_replacement'vc.
Prover result is: Valid (0.01s, 6799 steps).

File "/home/fabrice/git/pycsl/scratchpad/.pycsl_ir6cbmf_.mlw", line 1239, characters 82-107:
Sub-goal precondition of goal _parser___fstring_replacement'vc.
Prover result is: Valid (0.01s, 6812 steps).

File "/home/fabrice/git/pycsl/scratchpad/.pycsl_ir6cbmf_.mlw", line 1243, characters 8-68:
Sub-goal precondition of goal _parser___fstring_replacement'vc.
Prover result is: Valid (0.00s, 6976 steps).

File "/home/fabrice/git/pycsl/scratchpad/.pycsl_ir6cbmf_.mlw", line 1244, characters 14-37:
Sub-goal precondition of goal _parser___fstring_replacement'vc.
Prover result is: Valid (0.01s, 7010 steps).

File "/home/fabrice/git/pycsl/scratchpad/.pycsl_ir6cbmf_.mlw", line 1245, characters 30-73:
Sub-goal variant decrease of goal _parser___fstring_replacement'vc.
Prover result is: Valid (0.02s, 87085 steps).

File "/home/fabrice/git/pycsl/scratchpad/.pycsl_ir6cbmf_.mlw", line 1245, characters 30-73:
Sub-goal precondition of goal _parser___fstring_replacement'vc.
Prover result is: Valid (0.01s, 7077 steps).

File "/home/fabrice/git/pycsl/scratchpad/.pycsl_ir6cbmf_.mlw", line 1247, characters 21-50:
Sub-goal precondition of goal _parser___fstring_replacement'vc.
Prover result is: Valid (0.01s, 7113 steps).

File "/home/fabrice/git/pycsl/scratchpad/.pycsl_ir6cbmf_.mlw", line 1210, characters 15-19:
Sub-goal postcondition of goal _parser___fstring_replacement'vc.
Prover result is: Valid (0.00s, 8963 steps).

File "/home/fabrice/git/pycsl/scratchpad/.pycsl_ir6cbmf_.mlw", line 1211, characters 15-38:
Sub-goal postcondition of goal _parser___fstring_replacement'vc.
Prover result is: Valid (0.01s, 15186 steps).

File "/home/fabrice/git/pycsl/scratchpad/.pycsl_ir6cbmf_.mlw", line 1210, characters 15-19:
Sub-goal postcondition of goal _parser___fstring_replacement'vc.
Prover result is: Valid (0.01s, 8819 steps).

File "/home/fabrice/git/pycsl/scratchpad/.pycsl_ir6cbmf_.mlw", line 1211, characters 15-38:
Sub-goal postcondition of goal _parser___fstring_replacement'vc.
Prover result is: Valid (0.01s, 14965 steps).

File "/home/fabrice/git/pycsl/scratchpad/.pycsl_ir6cbmf_.mlw", line 1210, characters 15-19:
Sub-goal postcondition of goal _parser___fstring_replacement'vc.
Prover result is: Valid (0.01s, 8956 steps).

File "/home/fabrice/git/pycsl/scratchpad/.pycsl_ir6cbmf_.mlw", line 1211, characters 15-38:
Sub-goal postcondition of goal _parser___fstring_replacement'vc.
Prover result is: Valid (0.01s, 15186 steps).

File "/home/fabrice/git/pycsl/scratchpad/.pycsl_ir6cbmf_.mlw", line 1210, characters 15-19:
Sub-goal postcondition of goal _parser___fstring_replacement'vc.
Prover result is: Valid (0.01s, 8812 steps).

File "/home/fabrice/git/pycsl/scratchpad/.pycsl_ir6cbmf_.mlw", line 1211, characters 15-38:
Sub-goal postcondition of goal _parser___fstring_replacement'vc.
Prover result is: Valid (0.02s, 104801 steps).

File "/home/fabrice/git/pycsl/scratchpad/.pycsl_ir6cbmf_.mlw", line 1247, characters 21-50:
Sub-goal precondition of goal _parser___fstring_replacement'vc.
Prover result is: Valid (0.00s, 7008 steps).

File "/home/fabrice/git/pycsl/scratchpad/.pycsl_ir6cbmf_.mlw", line 1210, characters 15-19:
Sub-goal postcondition of goal _parser___fstring_replacement'vc.
Prover result is: Valid (0.01s, 8856 steps).

File "/home/fabrice/git/pycsl/scratchpad/.pycsl_ir6cbmf_.mlw", line 1211, characters 15-38:
Sub-goal postcondition of goal _parser___fstring_replacement'vc.
Prover result is: Valid (0.01s, 15011 steps).

File "/home/fabrice/git/pycsl/scratchpad/.pycsl_ir6cbmf_.mlw", line 1210, characters 15-19:
Sub-goal postcondition of goal _parser___fstring_replacement'vc.
Prover result is: Valid (0.01s, 8712 steps).

File "/home/fabrice/git/pycsl/scratchpad/.pycsl_ir6cbmf_.mlw", line 1211, characters 15-38:
Sub-goal postcondition of goal _parser___fstring_replacement'vc.
Prover result is: Valid (0.01s, 14790 steps).

File "/home/fabrice/git/pycsl/scratchpad/.pycsl_ir6cbmf_.mlw", line 1210, characters 15-19:
Sub-goal postcondition of goal _parser___fstring_replacement'vc.
Prover result is: Valid (0.01s, 8849 steps).

File "/home/fabrice/git/pycsl/scratchpad/.pycsl_ir6cbmf_.mlw", line 1211, characters 15-38:
Sub-goal postcondition of goal _parser___fstring_replacement'vc.
Prover result is: Valid (0.01s, 15011 steps).

File "/home/fabrice/git/pycsl/scratchpad/.pycsl_ir6cbmf_.mlw", line 1210, characters 15-19:
Sub-goal postcondition of goal _parser___fstring_replacement'vc.
Prover result is: Valid (0.00s, 8705 steps).

File "/home/fabrice/git/pycsl/scratchpad/.pycsl_ir6cbmf_.mlw", line 1211, characters 15-38:
Sub-goal postcondition of goal _parser___fstring_replacement'vc.
Prover result is: Valid (0.02s, 103290 steps).

File "/home/fabrice/git/pycsl/scratchpad/.pycsl_ir6cbmf_.mlw", line 1239, characters 126-149:
Sub-goal precondition of goal _parser___fstring_replacement'vc.
Prover result is: Valid (0.00s, 6816 steps).

File "/home/fabrice/git/pycsl/scratchpad/.pycsl_ir6cbmf_.mlw", line 1243, characters 8-68:
Sub-goal precondition of goal _parser___fstring_replacement'vc.
Prover result is: Valid (0.00s, 7017 steps).

File "/home/fabrice/git/pycsl/scratchpad/.pycsl_ir6cbmf_.mlw", line 1244, characters 14-37:
Sub-goal precondition of goal _parser___fstring_replacement'vc.
Prover result is: Valid (0.01s, 7049 steps).

File "/home/fabrice/git/pycsl/scratchpad/.pycsl_ir6cbmf_.mlw", line 1245, characters 30-73:
Sub-goal variant decrease of goal _parser___fstring_replacement'vc.
Prover result is: Valid (0.03s, 100182 steps).

File "/home/fabrice/git/pycsl/scratchpad/.pycsl_ir6cbmf_.mlw", line 1245, characters 30-73:
Sub-goal precondition of goal _parser___fstring_replacement'vc.
Prover result is: Valid (0.00s, 7116 steps).

File "/home/fabrice/git/pycsl/scratchpad/.pycsl_ir6cbmf_.mlw", line 1247, characters 21-50:
Sub-goal precondition of goal _parser___fstring_replacement'vc.
Prover result is: Valid (0.01s, 7152 steps).

File "/home/fabrice/git/pycsl/scratchpad/.pycsl_ir6cbmf_.mlw", line 1210, characters 15-19:
Sub-goal postcondition of goal _parser___fstring_replacement'vc.
Prover result is: Valid (0.01s, 9002 steps).

File "/home/fabrice/git/pycsl/scratchpad/.pycsl_ir6cbmf_.mlw", line 1211, characters 15-38:
Sub-goal postcondition of goal _parser___fstring_replacement'vc.
Prover result is: Valid (0.00s, 15249 steps).

File "/home/fabrice/git/pycsl/scratchpad/.pycsl_ir6cbmf_.mlw", line 1210, characters 15-19:
Sub-goal postcondition of goal _parser___fstring_replacement'vc.
Prover result is: Valid (0.01s, 8858 steps).

File "/home/fabrice/git/pycsl/scratchpad/.pycsl_ir6cbmf_.mlw", line 1211, characters 15-38:
Sub-goal postcondition of goal _parser___fstring_replacement'vc.
Prover result is: Valid (0.01s, 15028 steps).

File "/home/fabrice/git/pycsl/scratchpad/.pycsl_ir6cbmf_.mlw", line 1210, characters 15-19:
Sub-goal postcondition of goal _parser___fstring_replacement'vc.
Prover result is: Valid (0.00s, 8995 steps).

File "/home/fabrice/git/pycsl/scratchpad/.pycsl_ir6cbmf_.mlw", line 1211, characters 15-38:
Sub-goal postcondition of goal _parser___fstring_replacement'vc.
Prover result is: Valid (0.01s, 15249 steps).

File "/home/fabrice/git/pycsl/scratchpad/.pycsl_ir6cbmf_.mlw", line 1210, characters 15-19:
Sub-goal postcondition of goal _parser___fstring_replacement'vc.
Prover result is: Valid (0.01s, 8851 steps).

File "/home/fabrice/git/pycsl/scratchpad/.pycsl_ir6cbmf_.mlw", line 1211, characters 15-38:
Sub-goal postcondition of goal _parser___fstring_replacement'vc.
Prover result is: Valid (0.02s, 105206 steps).

File "/home/fabrice/git/pycsl/scratchpad/.pycsl_ir6cbmf_.mlw", line 1247, characters 21-50:
Sub-goal precondition of goal _parser___fstring_replacement'vc.
Prover result is: Valid (0.00s, 7047 steps).

File "/home/fabrice/git/pycsl/scratchpad/.pycsl_ir6cbmf_.mlw", line 1210, characters 15-19:
Sub-goal postcondition of goal _parser___fstring_replacement'vc.
Prover result is: Valid (0.01s, 8895 steps).

File "/home/fabrice/git/pycsl/scratchpad/.pycsl_ir6cbmf_.mlw", line 1211, characters 15-38:
Sub-goal postcondition of goal _parser___fstring_replacement'vc.
Prover result is: Valid (0.00s, 15074 steps).

File "/home/fabrice/git/pycsl/scratchpad/.pycsl_ir6cbmf_.mlw", line 1210, characters 15-19:
Sub-goal postcondition of goal _parser___fstring_replacement'vc.
Prover result is: Valid (0.01s, 8751 steps).

File "/home/fabrice/git/pycsl/scratchpad/.pycsl_ir6cbmf_.mlw", line 1211, characters 15-38:
Sub-goal postcondition of goal _parser___fstring_replacement'vc.
Prover result is: Valid (0.01s, 14853 steps).

File "/home/fabrice/git/pycsl/scratchpad/.pycsl_ir6cbmf_.mlw", line 1210, characters 15-19:
Sub-goal postcondition of goal _parser___fstring_replacement'vc.
Prover result is: Valid (0.00s, 8888 steps).

File "/home/fabrice/git/pycsl/scratchpad/.pycsl_ir6cbmf_.mlw", line 1211, characters 15-38:
Sub-goal postcondition of goal _parser___fstring_replacement'vc.
Prover result is: Valid (0.01s, 15074 steps).

File "/home/fabrice/git/pycsl/scratchpad/.pycsl_ir6cbmf_.mlw", line 1210, characters 15-19:
Sub-goal postcondition of goal _parser___fstring_replacement'vc.
Prover result is: Valid (0.00s, 8744 steps).

File "/home/fabrice/git/pycsl/scratchpad/.pycsl_ir6cbmf_.mlw", line 1211, characters 15-38:
Sub-goal postcondition of goal _parser___fstring_replacement'vc.
Prover result is: Valid (0.02s, 103632 steps).

File "/home/fabrice/git/pycsl/scratchpad/.pycsl_ir6cbmf_.mlw", line 1243, characters 8-68:
Sub-goal precondition of goal _parser___fstring_replacement'vc.
Prover result is: Valid (0.01s, 6818 steps).

File "/home/fabrice/git/pycsl/scratchpad/.pycsl_ir6cbmf_.mlw", line 1244, characters 14-37:
Sub-goal precondition of goal _parser___fstring_replacement'vc.
Prover result is: Valid (0.00s, 6838 steps).

File "/home/fabrice/git/pycsl/scratchpad/.pycsl_ir6cbmf_.mlw", line 1245, characters 30-73:
Sub-goal variant decrease of goal _parser___fstring_replacement'vc.
Prover result is: Valid (0.02s, 89286 steps).

File "/home/fabrice/git/pycsl/scratchpad/.pycsl_ir6cbmf_.mlw", line 1245, characters 30-73:
Sub-goal precondition of goal _parser___fstring_replacement'vc.
Prover result is: Valid (0.00s, 6907 steps).

File "/home/fabrice/git/pycsl/scratchpad/.pycsl_ir6cbmf_.mlw", line 1247, characters 21-50:
Sub-goal precondition of goal _parser___fstring_replacement'vc.
Prover result is: Valid (0.00s, 6943 steps).

File "/home/fabrice/git/pycsl/scratchpad/.pycsl_ir6cbmf_.mlw", line 1210, characters 15-19:
Sub-goal postcondition of goal _parser___fstring_replacement'vc.
Prover result is: Valid (0.01s, 8795 steps).

File "/home/fabrice/git/pycsl/scratchpad/.pycsl_ir6cbmf_.mlw", line 1211, characters 15-38:
Sub-goal postcondition of goal _parser___fstring_replacement'vc.
Prover result is: Valid (0.01s, 14902 steps).

File "/home/fabrice/git/pycsl/scratchpad/.pycsl_ir6cbmf_.mlw", line 1210, characters 15-19:
Sub-goal postcondition of goal _parser___fstring_replacement'vc.
Prover result is: Valid (0.01s, 8651 steps).

File "/home/fabrice/git/pycsl/scratchpad/.pycsl_ir6cbmf_.mlw", line 1211, characters 15-38:
Sub-goal postcondition of goal _parser___fstring_replacement'vc.
Prover result is: Valid (0.01s, 14681 steps).

File "/home/fabrice/git/pycsl/scratchpad/.pycsl_ir6cbmf_.mlw", line 1210, characters 15-19:
Sub-goal postcondition of goal _parser___fstring_replacement'vc.
Prover result is: Valid (0.01s, 8788 steps).

File "/home/fabrice/git/pycsl/scratchpad/.pycsl_ir6cbmf_.mlw", line 1211, characters 15-38:
Sub-goal postcondition of goal _parser___fstring_replacement'vc.
Prover result is: Valid (0.01s, 14902 steps).

File "/home/fabrice/git/pycsl/scratchpad/.pycsl_ir6cbmf_.mlw", line 1210, characters 15-19:
Sub-goal postcondition of goal _parser___fstring_replacement'vc.
Prover result is: Valid (0.01s, 8644 steps).

File "/home/fabrice/git/pycsl/scratchpad/.pycsl_ir6cbmf_.mlw", line 1211, characters 15-38:
Sub-goal postcondition of goal _parser___fstring_replacement'vc.
Prover result is: Valid (0.02s, 102591 steps).

File "/home/fabrice/git/pycsl/scratchpad/.pycsl_ir6cbmf_.mlw", line 1247, characters 21-50:
Sub-goal precondition of goal _parser___fstring_replacement'vc.
Prover result is: Valid (0.00s, 6836 steps).

File "/home/fabrice/git/pycsl/scratchpad/.pycsl_ir6cbmf_.mlw", line 1210, characters 15-19:
Sub-goal postcondition of goal _parser___fstring_replacement'vc.
Prover result is: Valid (0.01s, 8686 steps).

File "/home/fabrice/git/pycsl/scratchpad/.pycsl_ir6cbmf_.mlw", line 1211, characters 15-38:
Sub-goal postcondition of goal _parser___fstring_replacement'vc.
Prover result is: Valid (0.01s, 14725 steps).

File "/home/fabrice/git/pycsl/scratchpad/.pycsl_ir6cbmf_.mlw", line 1210, characters 15-19:
Sub-goal postcondition of goal _parser___fstring_replacement'vc.
Prover result is: Valid (0.01s, 8542 steps).

File "/home/fabrice/git/pycsl/scratchpad/.pycsl_ir6cbmf_.mlw", line 1211, characters 15-38:
Sub-goal postcondition of goal _parser___fstring_replacement'vc.
Prover result is: Valid (0.01s, 14504 steps).

File "/home/fabrice/git/pycsl/scratchpad/.pycsl_ir6cbmf_.mlw", line 1210, characters 15-19:
Sub-goal postcondition of goal _parser___fstring_replacement'vc.
Prover result is: Valid (0.01s, 8679 steps).

File "/home/fabrice/git/pycsl/scratchpad/.pycsl_ir6cbmf_.mlw", line 1211, characters 15-38:
Sub-goal postcondition of goal _parser___fstring_replacement'vc.
Prover result is: Valid (0.01s, 14725 steps).

File "/home/fabrice/git/pycsl/scratchpad/.pycsl_ir6cbmf_.mlw", line 1210, characters 15-19:
Sub-goal postcondition of goal _parser___fstring_replacement'vc.
Prover result is: Valid (0.01s, 8535 steps).

File "/home/fabrice/git/pycsl/scratchpad/.pycsl_ir6cbmf_.mlw", line 1211, characters 15-38:
Sub-goal postcondition of goal _parser___fstring_replacement'vc.
Prover result is: Valid (0.02s, 97757 steps).

File "/home/fabrice/git/pycsl/scratchpad/.pycsl_ir6cbmf_.mlw", line 1279, characters 13-36:
Sub-goal precondition of goal _parser___fstring'vc.
Prover result is: Valid (0.00s, 5477 steps).

File "/home/fabrice/git/pycsl/scratchpad/.pycsl_ir6cbmf_.mlw", line 1280, characters 14-56:
Sub-goal precondition of goal _parser___fstring'vc.
Prover result is: Valid (0.01s, 5563 steps).

File "/home/fabrice/git/pycsl/scratchpad/.pycsl_ir6cbmf_.mlw", line 1285, characters 18-72:
Sub-goal loop invariant init of goal _parser___fstring'vc.
Prover result is: Valid (0.01s, 54385 steps).

File "/home/fabrice/git/pycsl/scratchpad/.pycsl_ir6cbmf_.mlw", line 1286, characters 18-34:
Sub-goal loop invariant init of goal _parser___fstring'vc.
Prover result is: Valid (0.01s, 14638 steps).

File "/home/fabrice/git/pycsl/scratchpad/.pycsl_ir6cbmf_.mlw", line 1284, characters 24-43:
Sub-goal type invariant of goal _parser___fstring'vc.
Prover result is: Valid (0.00s, 5604 steps).

File "/home/fabrice/git/pycsl/scratchpad/.pycsl_ir6cbmf_.mlw", line 1284, characters 24-43:
Sub-goal type invariant of goal _parser___fstring'vc.
Prover result is: Valid (0.00s, 5609 steps).

File "/home/fabrice/git/pycsl/scratchpad/.pycsl_ir6cbmf_.mlw", line 1284, characters 24-43:
Sub-goal type invariant of goal _parser___fstring'vc.
Prover result is: Valid (0.01s, 58035 steps).

File "/home/fabrice/git/pycsl/scratchpad/.pycsl_ir6cbmf_.mlw", line 1284, characters 24-43:
Sub-goal type invariant of goal _parser___fstring'vc.
Prover result is: Valid (0.01s, 58790 steps).

File "/home/fabrice/git/pycsl/scratchpad/.pycsl_ir6cbmf_.mlw", line 1284, characters 24-43:
Sub-goal precondition of goal _parser___fstring'vc.
Prover result is: Valid (0.00s, 5619 steps).

File "/home/fabrice/git/pycsl/scratchpad/.pycsl_ir6cbmf_.mlw", line 1288, characters 12-31:
Sub-goal precondition of goal _parser___fstring'vc.
Prover result is: Valid (0.00s, 5640 steps).

File "/home/fabrice/git/pycsl/scratchpad/.pycsl_ir6cbmf_.mlw", line 1290, characters 16-39:
Sub-goal precondition of goal _parser___fstring'vc.
Prover result is: Valid (0.01s, 5656 steps).

File "/home/fabrice/git/pycsl/scratchpad/.pycsl_ir6cbmf_.mlw", line 1291, characters 16-66:
Sub-goal precondition of goal _parser___fstring'vc.
Prover result is: Valid (0.01s, 5725 steps).

File "/home/fabrice/git/pycsl/scratchpad/.pycsl_ir6cbmf_.mlw", line 1287, characters 16-51:
Sub-goal loop variant decrease of goal _parser___fstring'vc.
Prover result is: Valid (0.01s, 67863 steps).

File "/home/fabrice/git/pycsl/scratchpad/.pycsl_ir6cbmf_.mlw", line 1285, characters 18-72:
Sub-goal loop invariant preservation of goal _parser___fstring'vc.
Prover result is: Valid (0.01s, 67829 steps).

File "/home/fabrice/git/pycsl/scratchpad/.pycsl_ir6cbmf_.mlw", line 1286, characters 18-34:
Sub-goal loop invariant preservation of goal _parser___fstring'vc.
Prover result is: Valid (0.01s, 65940 steps).

File "/home/fabrice/git/pycsl/scratchpad/.pycsl_ir6cbmf_.mlw", line 1287, characters 16-51:
Sub-goal loop variant decrease of goal _parser___fstring'vc.
Prover result is: Valid (0.01s, 60968 steps).

File "/home/fabrice/git/pycsl/scratchpad/.pycsl_ir6cbmf_.mlw", line 1285, characters 18-72:
Sub-goal loop invariant preservation of goal _parser___fstring'vc.
Prover result is: Valid (0.02s, 60914 steps).

File "/home/fabrice/git/pycsl/scratchpad/.pycsl_ir6cbmf_.mlw", line 1286, characters 18-34:
Sub-goal loop invariant preservation of goal _parser___fstring'vc.
Prover result is: Valid (0.01s, 59535 steps).

File "/home/fabrice/git/pycsl/scratchpad/.pycsl_ir6cbmf_.mlw", line 1296, characters 12-72:
Sub-goal precondition of goal _parser___fstring'vc.
Prover result is: Valid (0.01s, 6636 steps).

File "/home/fabrice/git/pycsl/scratchpad/.pycsl_ir6cbmf_.mlw", line 1297, characters 47-91:
Sub-goal variant decrease of goal _parser___fstring'vc.
Prover result is: Valid (0.02s, 81636 steps).

File "/home/fabrice/git/pycsl/scratchpad/.pycsl_ir6cbmf_.mlw", line 1297, characters 47-91:
Sub-goal precondition of goal _parser___fstring'vc.
Prover result is: Valid (0.01s, 11170 steps).

File "/home/fabrice/git/pycsl/scratchpad/.pycsl_ir6cbmf_.mlw", line 1287, characters 16-51:
Sub-goal loop variant decrease of goal _parser___fstring'vc.
Prover result is: Valid (0.02s, 104068 steps).

File "/home/fabrice/git/pycsl/scratchpad/.pycsl_ir6cbmf_.mlw", line 1285, characters 18-72:
Sub-goal loop invariant preservation of goal _parser___fstring'vc.
Prover result is: Valid (0.02s, 106694 steps).

File "/home/fabrice/git/pycsl/scratchpad/.pycsl_ir6cbmf_.mlw", line 1286, characters 18-34:
Sub-goal loop invariant preservation of goal _parser___fstring'vc.
Prover result is: Valid (0.02s, 104144 steps).

File "/home/fabrice/git/pycsl/scratchpad/.pycsl_ir6cbmf_.mlw", line 1299, characters 58-64:
Sub-goal unreachable point of goal _parser___fstring'vc.
Prover result is: Valid (0.01s, 3816 steps).

File "/home/fabrice/git/pycsl/scratchpad/.pycsl_ir6cbmf_.mlw", line 1303, characters 21-44:
Sub-goal precondition of goal _parser___fstring'vc.
Prover result is: Valid (0.01s, 5636 steps).

File "/home/fabrice/git/pycsl/scratchpad/.pycsl_ir6cbmf_.mlw", line 1304, characters 40-94:
Sub-goal precondition of goal _parser___fstring'vc.
Prover result is: Valid (0.01s, 6162 steps).

File "/home/fabrice/git/pycsl/scratchpad/.pycsl_ir6cbmf_.mlw", line 1266, characters 15-19:
Sub-goal postcondition of goal _parser___fstring'vc.
Prover result is: Valid (0.00s, 6366 steps).

File "/home/fabrice/git/pycsl/scratchpad/.pycsl_ir6cbmf_.mlw", line 1267, characters 15-39:
Sub-goal postcondition of goal _parser___fstring'vc.
Prover result is: Valid (0.01s, 61958 steps).

File "/home/fabrice/git/pycsl/scratchpad/.pycsl_ir6cbmf_.mlw", line 1268, characters 15-38:
Sub-goal postcondition of goal _parser___fstring'vc.
Prover result is: Valid (0.02s, 64104 steps).

File "/home/fabrice/git/pycsl/scratchpad/.pycsl_ir6cbmf_.mlw", line 1329, characters 9-28:
Sub-goal precondition of goal _parser__strings'vc.
Prover result is: Valid (0.00s, 5485 steps).

File "/home/fabrice/git/pycsl/scratchpad/.pycsl_ir6cbmf_.mlw", line 1336, characters 18-72:
Sub-goal loop invariant init of goal _parser__strings'vc.
Prover result is: Valid (0.01s, 50927 steps).

File "/home/fabrice/git/pycsl/scratchpad/.pycsl_ir6cbmf_.mlw", line 1337, characters 18-34:
Sub-goal loop invariant init of goal _parser__strings'vc.
Prover result is: Valid (0.01s, 14531 steps).

File "/home/fabrice/git/pycsl/scratchpad/.pycsl_ir6cbmf_.mlw", line 1338, characters 18-162:
Sub-goal loop invariant init of goal _parser__strings'vc.
Prover result is: Valid (0.01s, 7745 steps).

File "/home/fabrice/git/pycsl/scratchpad/.pycsl_ir6cbmf_.mlw", line 1335, characters 25-44:
Sub-goal type invariant of goal _parser__strings'vc.
Prover result is: Valid (0.01s, 5842 steps).

File "/home/fabrice/git/pycsl/scratchpad/.pycsl_ir6cbmf_.mlw", line 1335, characters 25-44:
Sub-goal type invariant of goal _parser__strings'vc.
Prover result is: Valid (0.00s, 5849 steps).

File "/home/fabrice/git/pycsl/scratchpad/.pycsl_ir6cbmf_.mlw", line 1335, characters 25-44:
Sub-goal type invariant of goal _parser__strings'vc.
Prover result is: Valid (0.01s, 58309 steps).

File "/home/fabrice/git/pycsl/scratchpad/.pycsl_ir6cbmf_.mlw", line 1335, characters 25-44:
Sub-goal type invariant of goal _parser__strings'vc.
Prover result is: Valid (0.02s, 59054 steps).

File "/home/fabrice/git/pycsl/scratchpad/.pycsl_ir6cbmf_.mlw", line 1335, characters 25-44:
Sub-goal precondition of goal _parser__strings'vc.
Prover result is: Valid (0.01s, 5857 steps).

File "/home/fabrice/git/pycsl/scratchpad/.pycsl_ir6cbmf_.mlw", line 1335, characters 87-106:
Sub-goal precondition of goal _parser__strings'vc.
Prover result is: Valid (0.00s, 5878 steps).

File "/home/fabrice/git/pycsl/scratchpad/.pycsl_ir6cbmf_.mlw", line 1340, characters 23-42:
Sub-goal precondition of goal _parser__strings'vc.
Prover result is: Valid (0.01s, 5914 steps).

File "/home/fabrice/git/pycsl/scratchpad/.pycsl_ir6cbmf_.mlw", line 1341, characters 15-38:
Sub-goal precondition of goal _parser__strings'vc.
Prover result is: Valid (0.01s, 5923 steps).

File "/home/fabrice/git/pycsl/scratchpad/.pycsl_ir6cbmf_.mlw", line 1342, characters 51-86:
Sub-goal precondition of goal _parser__strings'vc.
Prover result is: Valid (0.01s, 5994 steps).

File "/home/fabrice/git/pycsl/scratchpad/.pycsl_ir6cbmf_.mlw", line 1339, characters 16-51:
Sub-goal loop variant decrease of goal _parser__strings'vc.
Prover result is: Valid (0.02s, 78200 steps).

File "/home/fabrice/git/pycsl/scratchpad/.pycsl_ir6cbmf_.mlw", line 1336, characters 18-72:
Sub-goal loop invariant preservation of goal _parser__strings'vc.
Prover result is: Valid (0.02s, 78125 steps).

File "/home/fabrice/git/pycsl/scratchpad/.pycsl_ir6cbmf_.mlw", line 1337, characters 18-34:
Sub-goal loop invariant preservation of goal _parser__strings'vc.
Prover result is: Valid (0.02s, 76092 steps).

File "/home/fabrice/git/pycsl/scratchpad/.pycsl_ir6cbmf_.mlw", line 1338, characters 18-162:
Sub-goal loop invariant preservation of goal _parser__strings'vc.
Prover result is: Valid (0.02s, 78439 steps).

File "/home/fabrice/git/pycsl/scratchpad/.pycsl_ir6cbmf_.mlw", line 1339, characters 16-51:
Sub-goal loop variant decrease of goal _parser__strings'vc.
Prover result is: Valid (0.02s, 78161 steps).

File "/home/fabrice/git/pycsl/scratchpad/.pycsl_ir6cbmf_.mlw", line 1336, characters 18-72:
Sub-goal loop invariant preservation of goal _parser__strings'vc.
Prover result is: Valid (0.02s, 78086 steps).

File "/home/fabrice/git/pycsl/scratchpad/.pycsl_ir6cbmf_.mlw", line 1337, characters 18-34:
Sub-goal loop invariant preservation of goal _parser__strings'vc.
Prover result is: Valid (0.02s, 75929 steps).

File "/home/fabrice/git/pycsl/scratchpad/.pycsl_ir6cbmf_.mlw", line 1338, characters 18-162:
Sub-goal loop invariant preservation of goal _parser__strings'vc.
Prover result is: Valid (0.02s, 78392 steps).

File "/home/fabrice/git/pycsl/scratchpad/.pycsl_ir6cbmf_.mlw", line 1351, characters 14-38:
Sub-goal variant decrease of goal _parser__strings'vc.
Prover result is: Valid (0.02s, 67160 steps).

File "/home/fabrice/git/pycsl/scratchpad/.pycsl_ir6cbmf_.mlw", line 1351, characters 14-38:
Sub-goal precondition of goal _parser__strings'vc.
Prover result is: Valid (0.01s, 35411 steps).

File "/home/fabrice/git/pycsl/scratchpad/.pycsl_ir6cbmf_.mlw", line 1339, characters 16-51:
Sub-goal loop variant decrease of goal _parser__strings'vc.
Prover result is: Valid (0.02s, 78464 steps).

File "/home/fabrice/git/pycsl/scratchpad/.pycsl_ir6cbmf_.mlw", line 1336, characters 18-72:
Sub-goal loop invariant preservation of goal _parser__strings'vc.
Prover result is: Valid (0.02s, 80739 steps).

File "/home/fabrice/git/pycsl/scratchpad/.pycsl_ir6cbmf_.mlw", line 1337, characters 18-34:
Sub-goal loop invariant preservation of goal _parser__strings'vc.
Prover result is: Valid (0.02s, 78501 steps).

File "/home/fabrice/git/pycsl/scratchpad/.pycsl_ir6cbmf_.mlw", line 1338, characters 18-162:
Sub-goal loop invariant preservation of goal _parser__strings'vc.
Prover result is: Valid (0.02s, 78913 steps).

File "/home/fabrice/git/pycsl/scratchpad/.pycsl_ir6cbmf_.mlw", line 1356, characters 12-35:
Sub-goal index in array bounds of goal _parser__strings'vc.
Prover result is: Valid (0.02s, 64739 steps).

File "/home/fabrice/git/pycsl/scratchpad/.pycsl_ir6cbmf_.mlw", line 1358, characters 16-32:
Sub-goal array creation size of goal _parser__strings'vc.
Prover result is: Valid (0.01s, 5951 steps).

File "/home/fabrice/git/pycsl/scratchpad/.pycsl_ir6cbmf_.mlw", line 1308, characters 15-19:
Sub-goal postcondition of goal _parser__strings'vc.
Prover result is: Valid (0.00s, 6275 steps).

File "/home/fabrice/git/pycsl/scratchpad/.pycsl_ir6cbmf_.mlw", line 1309, characters 15-39:
Sub-goal postcondition of goal _parser__strings'vc.
Prover result is: Valid (0.01s, 19593 steps).

File "/home/fabrice/git/pycsl/scratchpad/.pycsl_ir6cbmf_.mlw", line 1310, characters 15-38:
Sub-goal postcondition of goal _parser__strings'vc.
Prover result is: Valid (0.01s, 30517 steps).

File "/home/fabrice/git/pycsl/scratchpad/.pycsl_ir6cbmf_.mlw", line 1308, characters 15-19:
Sub-goal postcondition of goal _parser__strings'vc.
Prover result is: Valid (0.01s, 6284 steps).

File "/home/fabrice/git/pycsl/scratchpad/.pycsl_ir6cbmf_.mlw", line 1309, characters 15-39:
Sub-goal postcondition of goal _parser__strings'vc.
Prover result is: Valid (0.01s, 19623 steps).

File "/home/fabrice/git/pycsl/scratchpad/.pycsl_ir6cbmf_.mlw", line 1310, characters 15-38:
Sub-goal postcondition of goal _parser__strings'vc.
Prover result is: Valid (0.01s, 30547 steps).

File "/home/fabrice/git/pycsl/scratchpad/.pycsl_ir6cbmf_.mlw", line 1370, characters 20-42:
Sub-goal loop invariant init of goal _parser__strings'vc.
Prover result is: Valid (0.00s, 5955 steps).

File "/home/fabrice/git/pycsl/scratchpad/.pycsl_ir6cbmf_.mlw", line 1371, characters 18-57:
Sub-goal loop variant decrease of goal _parser__strings'vc.
Prover result is: Valid (0.02s, 68097 steps).

File "/home/fabrice/git/pycsl/scratchpad/.pycsl_ir6cbmf_.mlw", line 1370, characters 20-42:
Sub-goal loop invariant preservation of goal _parser__strings'vc.
Prover result is: Valid (0.01s, 67921 steps).

File "/home/fabrice/git/pycsl/scratchpad/.pycsl_ir6cbmf_.mlw", line 1371, characters 18-57:
Sub-goal loop variant decrease of goal _parser__strings'vc.
Prover result is: Valid (0.02s, 84561 steps).

File "/home/fabrice/git/pycsl/scratchpad/.pycsl_ir6cbmf_.mlw", line 1370, characters 20-42:
Sub-goal loop invariant preservation of goal _parser__strings'vc.
Prover result is: Valid (0.02s, 84385 steps).

File "/home/fabrice/git/pycsl/scratchpad/.pycsl_ir6cbmf_.mlw", line 1386, characters 26-80:
Sub-goal precondition of goal _parser__strings'vc.
Prover result is: Valid (0.01s, 6528 steps).

File "/home/fabrice/git/pycsl/scratchpad/.pycsl_ir6cbmf_.mlw", line 1308, characters 15-19:
Sub-goal postcondition of goal _parser__strings'vc.
Prover result is: Valid (0.01s, 6788 steps).

File "/home/fabrice/git/pycsl/scratchpad/.pycsl_ir6cbmf_.mlw", line 1309, characters 15-39:
Sub-goal postcondition of goal _parser__strings'vc.
Prover result is: Valid (0.01s, 21390 steps).

File "/home/fabrice/git/pycsl/scratchpad/.pycsl_ir6cbmf_.mlw", line 1310, characters 15-38:
Sub-goal postcondition of goal _parser__strings'vc.
Prover result is: Valid (0.01s, 41427 steps).

File "/home/fabrice/git/pycsl/scratchpad/.pycsl_ir6cbmf_.mlw", line 1402, characters 9-28:
Sub-goal precondition of goal _parser__testlist'vc.
Prover result is: Valid (0.00s, 5295 steps).

File "/home/fabrice/git/pycsl/scratchpad/.pycsl_ir6cbmf_.mlw", line 1403, characters 13-33:
Sub-goal variant decrease of goal _parser__testlist'vc.
Prover result is: Valid (0.01s, 50585 steps).

File "/home/fabrice/git/pycsl/scratchpad/.pycsl_ir6cbmf_.mlw", line 1403, characters 13-33:
Sub-goal precondition of goal _parser__testlist'vc.
Prover result is: Valid (0.01s, 5473 steps).

File "/home/fabrice/git/pycsl/scratchpad/.pycsl_ir6cbmf_.mlw", line 1404, characters 13-73:
Sub-goal precondition of goal _parser__testlist'vc.
Prover result is: Valid (0.00s, 6489 steps).

File "/home/fabrice/git/pycsl/scratchpad/.pycsl_ir6cbmf_.mlw", line 1393, characters 15-19:
Sub-goal postcondition of goal _parser__testlist'vc.
Prover result is: Valid (0.01s, 6490 steps).

File "/home/fabrice/git/pycsl/scratchpad/.pycsl_ir6cbmf_.mlw", line 1394, characters 15-39:
Sub-goal postcondition of goal _parser__testlist'vc.
Prover result is: Valid (0.01s, 6495 steps).

File "/home/fabrice/git/pycsl/scratchpad/.pycsl_ir6cbmf_.mlw", line 1412, characters 20-74:
Sub-goal loop invariant init of goal _parser__testlist'vc.
Prover result is: Valid (0.02s, 87264 steps).

File "/home/fabrice/git/pycsl/scratchpad/.pycsl_ir6cbmf_.mlw", line 1413, characters 20-35:
Sub-goal loop invariant init of goal _parser__testlist'vc.
Prover result is: Valid (0.01s, 26629 steps).

File "/home/fabrice/git/pycsl/scratchpad/.pycsl_ir6cbmf_.mlw", line 1411, characters 19-48:
Sub-goal type invariant of goal _parser__testlist'vc.
Prover result is: Valid (0.01s, 7159 steps).

File "/home/fabrice/git/pycsl/scratchpad/.pycsl_ir6cbmf_.mlw", line 1411, characters 19-48:
Sub-goal type invariant of goal _parser__testlist'vc.
Prover result is: Valid (0.00s, 7166 steps).

File "/home/fabrice/git/pycsl/scratchpad/.pycsl_ir6cbmf_.mlw", line 1411, characters 19-48:
Sub-goal type invariant of goal _parser__testlist'vc.
Prover result is: Valid (0.02s, 85540 steps).

File "/home/fabrice/git/pycsl/scratchpad/.pycsl_ir6cbmf_.mlw", line 1411, characters 19-48:
Sub-goal type invariant of goal _parser__testlist'vc.
Prover result is: Valid (0.02s, 86611 steps).

File "/home/fabrice/git/pycsl/scratchpad/.pycsl_ir6cbmf_.mlw", line 1411, characters 19-48:
Sub-goal precondition of goal _parser__testlist'vc.
Prover result is: Valid (0.00s, 7174 steps).

File "/home/fabrice/git/pycsl/scratchpad/.pycsl_ir6cbmf_.mlw", line 1415, characters 12-41:
Sub-goal precondition of goal _parser__testlist'vc.
Prover result is: Valid (0.01s, 7242 steps).

File "/home/fabrice/git/pycsl/scratchpad/.pycsl_ir6cbmf_.mlw", line 1393, characters 15-19:
Sub-goal postcondition of goal _parser__testlist'vc.
Prover result is: Valid (0.01s, 7446 steps).

File "/home/fabrice/git/pycsl/scratchpad/.pycsl_ir6cbmf_.mlw", line 1394, characters 15-39:
Sub-goal postcondition of goal _parser__testlist'vc.
Prover result is: Valid (0.01s, 89062 steps).

File "/home/fabrice/git/pycsl/scratchpad/.pycsl_ir6cbmf_.mlw", line 1418, characters 31-51:
Sub-goal variant decrease of goal _parser__testlist'vc.
Prover result is: Valid (0.02s, 89408 steps).

File "/home/fabrice/git/pycsl/scratchpad/.pycsl_ir6cbmf_.mlw", line 1418, characters 31-51:
Sub-goal precondition of goal _parser__testlist'vc.
Prover result is: Valid (0.00s, 7247 steps).

File "/home/fabrice/git/pycsl/scratchpad/.pycsl_ir6cbmf_.mlw", line 1414, characters 18-53:
Sub-goal loop variant decrease of goal _parser__testlist'vc.
Prover result is: Valid (0.02s, 99428 steps).

File "/home/fabrice/git/pycsl/scratchpad/.pycsl_ir6cbmf_.mlw", line 1412, characters 20-74:
Sub-goal loop invariant preservation of goal _parser__testlist'vc.
Prover result is: Valid (0.02s, 101413 steps).

File "/home/fabrice/git/pycsl/scratchpad/.pycsl_ir6cbmf_.mlw", line 1413, characters 20-35:
Sub-goal loop invariant preservation of goal _parser__testlist'vc.
Prover result is: Valid (0.02s, 97683 steps).

File "/home/fabrice/git/pycsl/scratchpad/.pycsl_ir6cbmf_.mlw", line 1393, characters 15-19:
Sub-goal postcondition of goal _parser__testlist'vc.
Prover result is: Valid (0.01s, 7448 steps).

File "/home/fabrice/git/pycsl/scratchpad/.pycsl_ir6cbmf_.mlw", line 1394, characters 15-39:
Sub-goal postcondition of goal _parser__testlist'vc.
Prover result is: Valid (0.01s, 88971 steps).

File "/home/fabrice/git/pycsl/scratchpad/.pycsl_ir6cbmf_.mlw", line 1435, characters 9-32:
Sub-goal precondition of goal _parser__yield_expr'vc.
Prover result is: Valid (0.01s, 5477 steps).

File "/home/fabrice/git/pycsl/scratchpad/.pycsl_ir6cbmf_.mlw", line 1436, characters 14-46:
Sub-goal precondition of goal _parser__yield_expr'vc.
Prover result is: Valid (0.01s, 5563 steps).

File "/home/fabrice/git/pycsl/scratchpad/.pycsl_ir6cbmf_.mlw", line 1437, characters 23-43:
Sub-goal variant decrease of goal _parser__yield_expr'vc.
Prover result is: Valid (0.01s, 55716 steps).

File "/home/fabrice/git/pycsl/scratchpad/.pycsl_ir6cbmf_.mlw", line 1437, characters 23-43:
Sub-goal precondition of goal _parser__yield_expr'vc.
Prover result is: Valid (0.01s, 5627 steps).

File "/home/fabrice/git/pycsl/scratchpad/.pycsl_ir6cbmf_.mlw", line 1426, characters 15-19:
Sub-goal postcondition of goal _parser__yield_expr'vc.
Prover result is: Valid (0.01s, 5669 steps).

File "/home/fabrice/git/pycsl/scratchpad/.pycsl_ir6cbmf_.mlw", line 1427, characters 15-39:
Sub-goal postcondition of goal _parser__yield_expr'vc.
Prover result is: Valid (0.01s, 54432 steps).

File "/home/fabrice/git/pycsl/scratchpad/.pycsl_ir6cbmf_.mlw", line 1428, characters 15-38:
Sub-goal postcondition of goal _parser__yield_expr'vc.
Prover result is: Valid (0.02s, 54469 steps).

File "/home/fabrice/git/pycsl/scratchpad/.pycsl_ir6cbmf_.mlw", line 1441, characters 20-45:
Sub-goal precondition of goal _parser__yield_expr'vc.
Prover result is: Valid (0.01s, 5638 steps).

File "/home/fabrice/git/pycsl/scratchpad/.pycsl_ir6cbmf_.mlw", line 1441, characters 62-182:
Sub-goal precondition of goal _parser__yield_expr'vc.
Prover result is: Valid (0.01s, 7018 steps).

File "/home/fabrice/git/pycsl/scratchpad/.pycsl_ir6cbmf_.mlw", line 1442, characters 27-51:
Sub-goal variant decrease of goal _parser__yield_expr'vc.
Prover result is: Valid (0.03s, 117146 steps).

File "/home/fabrice/git/pycsl/scratchpad/.pycsl_ir6cbmf_.mlw", line 1442, characters 27-51:
Sub-goal precondition of goal _parser__yield_expr'vc.
Prover result is: Valid (0.01s, 7110 steps).

File "/home/fabrice/git/pycsl/scratchpad/.pycsl_ir6cbmf_.mlw", line 1426, characters 15-19:
Sub-goal postcondition of goal _parser__yield_expr'vc.
Prover result is: Valid (0.00s, 7175 steps).

File "/home/fabrice/git/pycsl/scratchpad/.pycsl_ir6cbmf_.mlw", line 1427, characters 15-39:
Sub-goal postcondition of goal _parser__yield_expr'vc.
Prover result is: Valid (0.02s, 75326 steps).

File "/home/fabrice/git/pycsl/scratchpad/.pycsl_ir6cbmf_.mlw", line 1428, characters 15-38:
Sub-goal postcondition of goal _parser__yield_expr'vc.
Prover result is: Valid (0.03s, 124070 steps).

File "/home/fabrice/git/pycsl/scratchpad/.pycsl_ir6cbmf_.mlw", line 1426, characters 15-19:
Sub-goal postcondition of goal _parser__yield_expr'vc.
Prover result is: Valid (0.01s, 7108 steps).

File "/home/fabrice/git/pycsl/scratchpad/.pycsl_ir6cbmf_.mlw", line 1427, characters 15-39:
Sub-goal postcondition of goal _parser__yield_expr'vc.
Prover result is: Valid (0.02s, 86853 steps).

File "/home/fabrice/git/pycsl/scratchpad/.pycsl_ir6cbmf_.mlw", line 1428, characters 15-38:
Sub-goal postcondition of goal _parser__yield_expr'vc.
Prover result is: Valid (0.03s, 158045 steps).

File "/home/fabrice/git/pycsl/scratchpad/.pycsl_ir6cbmf_.mlw", line 1462, characters 9-32:
Sub-goal precondition of goal _parser__atom_paren'vc.
Prover result is: Valid (0.00s, 5477 steps).

File "/home/fabrice/git/pycsl/scratchpad/.pycsl_ir6cbmf_.mlw", line 1463, characters 8-68:
Sub-goal precondition of goal _parser__atom_paren'vc.
Prover result is: Valid (0.01s, 6539 steps).

File "/home/fabrice/git/pycsl/scratchpad/.pycsl_ir6cbmf_.mlw", line 1464, characters 23-46:
Sub-goal precondition of goal _parser__atom_paren'vc.
Prover result is: Valid (0.00s, 6571 steps).

File "/home/fabrice/git/pycsl/scratchpad/.pycsl_ir6cbmf_.mlw", line 1449, characters 15-19:
Sub-goal postcondition of goal _parser__atom_paren'vc.
Prover result is: Valid (0.01s, 6640 steps).

File "/home/fabrice/git/pycsl/scratchpad/.pycsl_ir6cbmf_.mlw", line 1450, characters 15-39:
Sub-goal postcondition of goal _parser__atom_paren'vc.
Prover result is: Valid (0.01s, 76386 steps).

File "/home/fabrice/git/pycsl/scratchpad/.pycsl_ir6cbmf_.mlw", line 1451, characters 15-38:
Sub-goal postcondition of goal _parser__atom_paren'vc.
Prover result is: Valid (0.02s, 81797 steps).

File "/home/fabrice/git/pycsl/scratchpad/.pycsl_ir6cbmf_.mlw", line 1467, characters 10-74:
Sub-goal precondition of goal _parser__atom_paren'vc.
Prover result is: Valid (0.00s, 6656 steps).

File "/home/fabrice/git/pycsl/scratchpad/.pycsl_ir6cbmf_.mlw", line 1468, characters 13-39:
Sub-goal variant decrease of goal _parser__atom_paren'vc.
Prover result is: Valid (0.01s, 82465 steps).

File "/home/fabrice/git/pycsl/scratchpad/.pycsl_ir6cbmf_.mlw", line 1468, characters 13-39:
Sub-goal precondition of goal _parser__atom_paren'vc.
Prover result is: Valid (0.01s, 11210 steps).

File "/home/fabrice/git/pycsl/scratchpad/.pycsl_ir6cbmf_.mlw", line 1469, characters 25-54:
Sub-goal precondition of goal _parser__atom_paren'vc.
Prover result is: Valid (0.00s, 6724 steps).

File "/home/fabrice/git/pycsl/scratchpad/.pycsl_ir6cbmf_.mlw", line 1449, characters 15-19:
Sub-goal postcondition of goal _parser__atom_paren'vc.
Prover result is: Valid (0.01s, 6760 steps).

File "/home/fabrice/git/pycsl/scratchpad/.pycsl_ir6cbmf_.mlw", line 1450, characters 15-39:
Sub-goal postcondition of goal _parser__atom_paren'vc.
Prover result is: Valid (0.01s, 80086 steps).

File "/home/fabrice/git/pycsl/scratchpad/.pycsl_ir6cbmf_.mlw", line 1451, characters 15-38:
Sub-goal postcondition of goal _parser__atom_paren'vc.
Prover result is: Valid (0.02s, 80123 steps).

File "/home/fabrice/git/pycsl/scratchpad/.pycsl_ir6cbmf_.mlw", line 1472, characters 12-72:
Sub-goal precondition of goal _parser__atom_paren'vc.
Prover result is: Valid (0.00s, 6767 steps).

File "/home/fabrice/git/pycsl/scratchpad/.pycsl_ir6cbmf_.mlw", line 1473, characters 35-63:
Sub-goal variant decrease of goal _parser__atom_paren'vc.
Prover result is: Valid (0.02s, 83759 steps).

File "/home/fabrice/git/pycsl/scratchpad/.pycsl_ir6cbmf_.mlw", line 1473, characters 35-63:
Sub-goal precondition of goal _parser__atom_paren'vc.
Prover result is: Valid (0.01s, 6789 steps).

File "/home/fabrice/git/pycsl/scratchpad/.pycsl_ir6cbmf_.mlw", line 1478, characters 24-78:
Sub-goal loop invariant init of goal _parser__atom_paren'vc.
Prover result is: Valid (0.02s, 90787 steps).

File "/home/fabrice/git/pycsl/scratchpad/.pycsl_ir6cbmf_.mlw", line 1479, characters 24-39:
Sub-goal loop invariant init of goal _parser__atom_paren'vc.
Prover result is: Valid (0.01s, 27604 steps).

File "/home/fabrice/git/pycsl/scratchpad/.pycsl_ir6cbmf_.mlw", line 1477, characters 23-52:
Sub-goal type invariant of goal _parser__atom_paren'vc.
Prover result is: Valid (0.00s, 7452 steps).

File "/home/fabrice/git/pycsl/scratchpad/.pycsl_ir6cbmf_.mlw", line 1477, characters 23-52:
Sub-goal type invariant of goal _parser__atom_paren'vc.
Prover result is: Valid (0.01s, 7459 steps).

File "/home/fabrice/git/pycsl/scratchpad/.pycsl_ir6cbmf_.mlw", line 1477, characters 23-52:
Sub-goal type invariant of goal _parser__atom_paren'vc.
Prover result is: Valid (0.02s, 87871 steps).

File "/home/fabrice/git/pycsl/scratchpad/.pycsl_ir6cbmf_.mlw", line 1477, characters 23-52:
Sub-goal type invariant of goal _parser__atom_paren'vc.
Prover result is: Valid (0.02s, 89276 steps).

File "/home/fabrice/git/pycsl/scratchpad/.pycsl_ir6cbmf_.mlw", line 1477, characters 23-52:
Sub-goal precondition of goal _parser__atom_paren'vc.
Prover result is: Valid (0.00s, 7467 steps).

File "/home/fabrice/git/pycsl/scratchpad/.pycsl_ir6cbmf_.mlw", line 1481, characters 16-76:
Sub-goal precondition of goal _parser__atom_paren'vc.
Prover result is: Valid (0.00s, 7614 steps).

File "/home/fabrice/git/pycsl/scratchpad/.pycsl_ir6cbmf_.mlw", line 1487, characters 27-56:
Sub-goal precondition of goal _parser__atom_paren'vc.
Prover result is: Valid (0.01s, 7648 steps).

File "/home/fabrice/git/pycsl/scratchpad/.pycsl_ir6cbmf_.mlw", line 1449, characters 15-19:
Sub-goal postcondition of goal _parser__atom_paren'vc.
Prover result is: Valid (0.00s, 7877 steps).

File "/home/fabrice/git/pycsl/scratchpad/.pycsl_ir6cbmf_.mlw", line 1450, characters 15-39:
Sub-goal postcondition of goal _parser__atom_paren'vc.
Prover result is: Valid (0.02s, 92308 steps).

File "/home/fabrice/git/pycsl/scratchpad/.pycsl_ir6cbmf_.mlw", line 1451, characters 15-38:
Sub-goal postcondition of goal _parser__atom_paren'vc.
Prover result is: Valid (0.02s, 92345 steps).

File "/home/fabrice/git/pycsl/scratchpad/.pycsl_ir6cbmf_.mlw", line 1484, characters 35-63:
Sub-goal variant decrease of goal _parser__atom_paren'vc.
Prover result is: Valid (0.02s, 93255 steps).

File "/home/fabrice/git/pycsl/scratchpad/.pycsl_ir6cbmf_.mlw", line 1484, characters 35-63:
Sub-goal precondition of goal _parser__atom_paren'vc.
Prover result is: Valid (0.01s, 7646 steps).

File "/home/fabrice/git/pycsl/scratchpad/.pycsl_ir6cbmf_.mlw", line 1480, characters 22-57:
Sub-goal loop variant decrease of goal _parser__atom_paren'vc.
Prover result is: Valid (0.02s, 102676 steps).

File "/home/fabrice/git/pycsl/scratchpad/.pycsl_ir6cbmf_.mlw", line 1478, characters 24-78:
Sub-goal loop invariant preservation of goal _parser__atom_paren'vc.
Prover result is: Valid (0.03s, 106392 steps).

File "/home/fabrice/git/pycsl/scratchpad/.pycsl_ir6cbmf_.mlw", line 1479, characters 24-39:
Sub-goal loop invariant preservation of goal _parser__atom_paren'vc.
Prover result is: Valid (0.02s, 100382 steps).

File "/home/fabrice/git/pycsl/scratchpad/.pycsl_ir6cbmf_.mlw", line 1487, characters 27-56:
Sub-goal precondition of goal _parser__atom_paren'vc.
Prover result is: Valid (0.01s, 7546 steps).

File "/home/fabrice/git/pycsl/scratchpad/.pycsl_ir6cbmf_.mlw", line 1449, characters 15-19:
Sub-goal postcondition of goal _parser__atom_paren'vc.
Prover result is: Valid (0.01s, 7777 steps).

File "/home/fabrice/git/pycsl/scratchpad/.pycsl_ir6cbmf_.mlw", line 1450, characters 15-39:
Sub-goal postcondition of goal _parser__atom_paren'vc.
Prover result is: Valid (0.02s, 91768 steps).

File "/home/fabrice/git/pycsl/scratchpad/.pycsl_ir6cbmf_.mlw", line 1451, characters 15-38:
Sub-goal postcondition of goal _parser__atom_paren'vc.
Prover result is: Valid (0.02s, 91805 steps).

File "/home/fabrice/git/pycsl/scratchpad/.pycsl_ir6cbmf_.mlw", line 1490, characters 19-49:
Sub-goal variant decrease of goal _parser__atom_paren'vc.
Prover result is: Valid (0.02s, 75269 steps).

File "/home/fabrice/git/pycsl/scratchpad/.pycsl_ir6cbmf_.mlw", line 1490, characters 19-49:
Sub-goal precondition of goal _parser__atom_paren'vc.
Prover result is: Valid (0.01s, 6787 steps).

File "/home/fabrice/git/pycsl/scratchpad/.pycsl_ir6cbmf_.mlw", line 1491, characters 19-81:
Sub-goal precondition of goal _parser__atom_paren'vc.
Prover result is: Valid (0.00s, 6912 steps).

File "/home/fabrice/git/pycsl/scratchpad/.pycsl_ir6cbmf_.mlw", line 1491, characters 97-161:
Sub-goal precondition of goal _parser__atom_paren'vc.
Prover result is: Valid (0.01s, 6998 steps).

File "/home/fabrice/git/pycsl/scratchpad/.pycsl_ir6cbmf_.mlw", line 1491, characters 195-217:
Sub-goal precondition of goal _parser__atom_paren'vc.
Prover result is: Valid (0.01s, 7036 steps).

File "/home/fabrice/git/pycsl/scratchpad/.pycsl_ir6cbmf_.mlw", line 1492, characters 37-61:
Sub-goal variant decrease of goal _parser__atom_paren'vc.
Prover result is: Valid (0.02s, 92709 steps).

File "/home/fabrice/git/pycsl/scratchpad/.pycsl_ir6cbmf_.mlw", line 1492, characters 37-61:
Sub-goal precondition of goal _parser__atom_paren'vc.
Prover result is: Valid (0.01s, 7180 steps).

File "/home/fabrice/git/pycsl/scratchpad/.pycsl_ir6cbmf_.mlw", line 1493, characters 29-58:
Sub-goal precondition of goal _parser__atom_paren'vc.
Prover result is: Valid (0.01s, 8007 steps).

File "/home/fabrice/git/pycsl/scratchpad/.pycsl_ir6cbmf_.mlw", line 1449, characters 15-19:
Sub-goal postcondition of goal _parser__atom_paren'vc.
Prover result is: Valid (0.01s, 8245 steps).

File "/home/fabrice/git/pycsl/scratchpad/.pycsl_ir6cbmf_.mlw", line 1450, characters 15-39:
Sub-goal postcondition of goal _parser__atom_paren'vc.
Prover result is: Valid (0.02s, 104117 steps).

File "/home/fabrice/git/pycsl/scratchpad/.pycsl_ir6cbmf_.mlw", line 1451, characters 15-38:
Sub-goal postcondition of goal _parser__atom_paren'vc.
Prover result is: Valid (0.02s, 104155 steps).

File "/home/fabrice/git/pycsl/scratchpad/.pycsl_ir6cbmf_.mlw", line 1497, characters 16-76:
Sub-goal precondition of goal _parser__atom_paren'vc.
Prover result is: Valid (0.00s, 7263 steps).

File "/home/fabrice/git/pycsl/scratchpad/.pycsl_ir6cbmf_.mlw", line 1503, characters 28-82:
Sub-goal loop invariant init of goal _parser__atom_paren'vc.
Prover result is: Valid (0.02s, 94861 steps).

File "/home/fabrice/git/pycsl/scratchpad/.pycsl_ir6cbmf_.mlw", line 1504, characters 28-43:
Sub-goal loop invariant init of goal _parser__atom_paren'vc.
Prover result is: Valid (0.01s, 29025 steps).

File "/home/fabrice/git/pycsl/scratchpad/.pycsl_ir6cbmf_.mlw", line 1502, characters 27-56:
Sub-goal type invariant of goal _parser__atom_paren'vc.
Prover result is: Valid (0.01s, 7912 steps).

File "/home/fabrice/git/pycsl/scratchpad/.pycsl_ir6cbmf_.mlw", line 1502, characters 27-56:
Sub-goal type invariant of goal _parser__atom_paren'vc.
Prover result is: Valid (0.01s, 7919 steps).

File "/home/fabrice/git/pycsl/scratchpad/.pycsl_ir6cbmf_.mlw", line 1502, characters 27-56:
Sub-goal type invariant of goal _parser__atom_paren'vc.
Prover result is: Valid (0.02s, 90757 steps).

File "/home/fabrice/git/pycsl/scratchpad/.pycsl_ir6cbmf_.mlw", line 1502, characters 27-56:
Sub-goal type invariant of goal _parser__atom_paren'vc.
Prover result is: Valid (0.02s, 92518 steps).

File "/home/fabrice/git/pycsl/scratchpad/.pycsl_ir6cbmf_.mlw", line 1502, characters 27-56:
Sub-goal precondition of goal _parser__atom_paren'vc.
Prover result is: Valid (0.01s, 7927 steps).

File "/home/fabrice/git/pycsl/scratchpad/.pycsl_ir6cbmf_.mlw", line 1506, characters 20-80:
Sub-goal precondition of goal _parser__atom_paren'vc.
Prover result is: Valid (0.01s, 8074 steps).

File "/home/fabrice/git/pycsl/scratchpad/.pycsl_ir6cbmf_.mlw", line 1512, characters 31-60:
Sub-goal precondition of goal _parser__atom_paren'vc.
Prover result is: Valid (0.01s, 8108 steps).

File "/home/fabrice/git/pycsl/scratchpad/.pycsl_ir6cbmf_.mlw", line 1449, characters 15-19:
Sub-goal postcondition of goal _parser__atom_paren'vc.
Prover result is: Valid (0.01s, 8337 steps).

File "/home/fabrice/git/pycsl/scratchpad/.pycsl_ir6cbmf_.mlw", line 1450, characters 15-39:
Sub-goal postcondition of goal _parser__atom_paren'vc.
Prover result is: Valid (0.02s, 95232 steps).

File "/home/fabrice/git/pycsl/scratchpad/.pycsl_ir6cbmf_.mlw", line 1451, characters 15-38:
Sub-goal postcondition of goal _parser__atom_paren'vc.
Prover result is: Valid (0.02s, 95269 steps).

File "/home/fabrice/git/pycsl/scratchpad/.pycsl_ir6cbmf_.mlw", line 1509, characters 39-67:
Sub-goal variant decrease of goal _parser__atom_paren'vc.
Prover result is: Valid (0.02s, 97300 steps).

File "/home/fabrice/git/pycsl/scratchpad/.pycsl_ir6cbmf_.mlw", line 1509, characters 39-67:
Sub-goal precondition of goal _parser__atom_paren'vc.
Prover result is: Valid (0.00s, 8106 steps).

File "/home/fabrice/git/pycsl/scratchpad/.pycsl_ir6cbmf_.mlw", line 1505, characters 26-61:
Sub-goal loop variant decrease of goal _parser__atom_paren'vc.
Prover result is: Valid (0.02s, 106021 steps).

File "/home/fabrice/git/pycsl/scratchpad/.pycsl_ir6cbmf_.mlw", line 1503, characters 28-82:
Sub-goal loop invariant preservation of goal _parser__atom_paren'vc.
Prover result is: Valid (0.02s, 111054 steps).

File "/home/fabrice/git/pycsl/scratchpad/.pycsl_ir6cbmf_.mlw", line 1504, characters 28-43:
Sub-goal loop invariant preservation of goal _parser__atom_paren'vc.
Prover result is: Valid (0.02s, 103320 steps).

File "/home/fabrice/git/pycsl/scratchpad/.pycsl_ir6cbmf_.mlw", line 1512, characters 31-60:
Sub-goal precondition of goal _parser__atom_paren'vc.
Prover result is: Valid (0.00s, 8006 steps).

File "/home/fabrice/git/pycsl/scratchpad/.pycsl_ir6cbmf_.mlw", line 1449, characters 15-19:
Sub-goal postcondition of goal _parser__atom_paren'vc.
Prover result is: Valid (0.01s, 8237 steps).

File "/home/fabrice/git/pycsl/scratchpad/.pycsl_ir6cbmf_.mlw", line 1450, characters 15-39:
Sub-goal postcondition of goal _parser__atom_paren'vc.
Prover result is: Valid (0.02s, 94724 steps).

File "/home/fabrice/git/pycsl/scratchpad/.pycsl_ir6cbmf_.mlw", line 1451, characters 15-38:
Sub-goal postcondition of goal _parser__atom_paren'vc.
Prover result is: Valid (0.02s, 94761 steps).

File "/home/fabrice/git/pycsl/scratchpad/.pycsl_ir6cbmf_.mlw", line 1515, characters 31-60:
Sub-goal precondition of goal _parser__atom_paren'vc.
Prover result is: Valid (0.00s, 7289 steps).

File "/home/fabrice/git/pycsl/scratchpad/.pycsl_ir6cbmf_.mlw", line 1449, characters 15-19:
Sub-goal postcondition of goal _parser__atom_paren'vc.
Prover result is: Valid (0.01s, 7323 steps).

File "/home/fabrice/git/pycsl/scratchpad/.pycsl_ir6cbmf_.mlw", line 1450, characters 15-39:
Sub-goal postcondition of goal _parser__atom_paren'vc.
Prover result is: Valid (0.02s, 86655 steps).

File "/home/fabrice/git/pycsl/scratchpad/.pycsl_ir6cbmf_.mlw", line 1451, characters 15-38:
Sub-goal postcondition of goal _parser__atom_paren'vc.
Prover result is: Valid (0.02s, 86693 steps).

File "/home/fabrice/git/pycsl/scratchpad/.pycsl_ir6cbmf_.mlw", line 1536, characters 9-32:
Sub-goal precondition of goal _parser__atom_list'vc.
Prover result is: Valid (0.01s, 5477 steps).

File "/home/fabrice/git/pycsl/scratchpad/.pycsl_ir6cbmf_.mlw", line 1537, characters 8-68:
Sub-goal precondition of goal _parser__atom_list'vc.
Prover result is: Valid (0.00s, 6539 steps).

File "/home/fabrice/git/pycsl/scratchpad/.pycsl_ir6cbmf_.mlw", line 1538, characters 23-46:
Sub-goal precondition of goal _parser__atom_list'vc.
Prover result is: Valid (0.00s, 6571 steps).

File "/home/fabrice/git/pycsl/scratchpad/.pycsl_ir6cbmf_.mlw", line 1525, characters 15-19:
Sub-goal postcondition of goal _parser__atom_list'vc.
Prover result is: Valid (0.00s, 6640 steps).

File "/home/fabrice/git/pycsl/scratchpad/.pycsl_ir6cbmf_.mlw", line 1526, characters 15-39:
Sub-goal postcondition of goal _parser__atom_list'vc.
Prover result is: Valid (0.02s, 76386 steps).

File "/home/fabrice/git/pycsl/scratchpad/.pycsl_ir6cbmf_.mlw", line 1527, characters 15-38:
Sub-goal postcondition of goal _parser__atom_list'vc.
Prover result is: Valid (0.02s, 81797 steps).

File "/home/fabrice/git/pycsl/scratchpad/.pycsl_ir6cbmf_.mlw", line 1541, characters 15-43:
Sub-goal variant decrease of goal _parser__atom_list'vc.
Prover result is: Valid (0.02s, 72545 steps).

File "/home/fabrice/git/pycsl/scratchpad/.pycsl_ir6cbmf_.mlw", line 1541, characters 15-43:
Sub-goal precondition of goal _parser__atom_list'vc.
Prover result is: Valid (0.01s, 6569 steps).

File "/home/fabrice/git/pycsl/scratchpad/.pycsl_ir6cbmf_.mlw", line 1542, characters 15-77:
Sub-goal precondition of goal _parser__atom_list'vc.
Prover result is: Valid (0.01s, 6696 steps).

File "/home/fabrice/git/pycsl/scratchpad/.pycsl_ir6cbmf_.mlw", line 1542, characters 93-157:
Sub-goal precondition of goal _parser__atom_list'vc.
Prover result is: Valid (0.01s, 6782 steps).

File "/home/fabrice/git/pycsl/scratchpad/.pycsl_ir6cbmf_.mlw", line 1542, characters 191-213:
Sub-goal precondition of goal _parser__atom_list'vc.
Prover result is: Valid (0.00s, 6820 steps).

File "/home/fabrice/git/pycsl/scratchpad/.pycsl_ir6cbmf_.mlw", line 1543, characters 33-57:
Sub-goal variant decrease of goal _parser__atom_list'vc.
Prover result is: Valid (0.02s, 90486 steps).

File "/home/fabrice/git/pycsl/scratchpad/.pycsl_ir6cbmf_.mlw", line 1543, characters 33-57:
Sub-goal precondition of goal _parser__atom_list'vc.
Prover result is: Valid (0.01s, 6964 steps).

File "/home/fabrice/git/pycsl/scratchpad/.pycsl_ir6cbmf_.mlw", line 1544, characters 25-54:
Sub-goal precondition of goal _parser__atom_list'vc.
Prover result is: Valid (0.00s, 7791 steps).

File "/home/fabrice/git/pycsl/scratchpad/.pycsl_ir6cbmf_.mlw", line 1525, characters 15-19:
Sub-goal postcondition of goal _parser__atom_list'vc.
Prover result is: Valid (0.01s, 8020 steps).

File "/home/fabrice/git/pycsl/scratchpad/.pycsl_ir6cbmf_.mlw", line 1526, characters 15-39:
Sub-goal postcondition of goal _parser__atom_list'vc.
Prover result is: Valid (0.02s, 102620 steps).

File "/home/fabrice/git/pycsl/scratchpad/.pycsl_ir6cbmf_.mlw", line 1527, characters 15-38:
Sub-goal postcondition of goal _parser__atom_list'vc.
Prover result is: Valid (0.02s, 102658 steps).

File "/home/fabrice/git/pycsl/scratchpad/.pycsl_ir6cbmf_.mlw", line 1552, characters 22-76:
Sub-goal loop invariant init of goal _parser__atom_list'vc.
Prover result is: Valid (0.02s, 95017 steps).

File "/home/fabrice/git/pycsl/scratchpad/.pycsl_ir6cbmf_.mlw", line 1553, characters 22-37:
Sub-goal loop invariant init of goal _parser__atom_list'vc.
Prover result is: Valid (0.01s, 28202 steps).

File "/home/fabrice/git/pycsl/scratchpad/.pycsl_ir6cbmf_.mlw", line 1551, characters 21-50:
Sub-goal type invariant of goal _parser__atom_list'vc.
Prover result is: Valid (0.01s, 7583 steps).

File "/home/fabrice/git/pycsl/scratchpad/.pycsl_ir6cbmf_.mlw", line 1551, characters 21-50:
Sub-goal type invariant of goal _parser__atom_list'vc.
Prover result is: Valid (0.01s, 7590 steps).

File "/home/fabrice/git/pycsl/scratchpad/.pycsl_ir6cbmf_.mlw", line 1551, characters 21-50:
Sub-goal type invariant of goal _parser__atom_list'vc.
Prover result is: Valid (0.02s, 92085 steps).

File "/home/fabrice/git/pycsl/scratchpad/.pycsl_ir6cbmf_.mlw", line 1551, characters 21-50:
Sub-goal type invariant of goal _parser__atom_list'vc.
Prover result is: Valid (0.02s, 93517 steps).

File "/home/fabrice/git/pycsl/scratchpad/.pycsl_ir6cbmf_.mlw", line 1551, characters 21-50:
Sub-goal precondition of goal _parser__atom_list'vc.
Prover result is: Valid (0.00s, 7598 steps).

File "/home/fabrice/git/pycsl/scratchpad/.pycsl_ir6cbmf_.mlw", line 1555, characters 14-74:
Sub-goal precondition of goal _parser__atom_list'vc.
Prover result is: Valid (0.01s, 7745 steps).

File "/home/fabrice/git/pycsl/scratchpad/.pycsl_ir6cbmf_.mlw", line 1561, characters 25-54:
Sub-goal precondition of goal _parser__atom_list'vc.
Prover result is: Valid (0.01s, 7779 steps).

File "/home/fabrice/git/pycsl/scratchpad/.pycsl_ir6cbmf_.mlw", line 1525, characters 15-19:
Sub-goal postcondition of goal _parser__atom_list'vc.
Prover result is: Valid (0.01s, 8008 steps).

File "/home/fabrice/git/pycsl/scratchpad/.pycsl_ir6cbmf_.mlw", line 1526, characters 15-39:
Sub-goal postcondition of goal _parser__atom_list'vc.
Prover result is: Valid (0.02s, 99656 steps).

File "/home/fabrice/git/pycsl/scratchpad/.pycsl_ir6cbmf_.mlw", line 1527, characters 15-38:
Sub-goal postcondition of goal _parser__atom_list'vc.
Prover result is: Valid (0.02s, 99694 steps).

File "/home/fabrice/git/pycsl/scratchpad/.pycsl_ir6cbmf_.mlw", line 1558, characters 33-61:
Sub-goal variant decrease of goal _parser__atom_list'vc.
Prover result is: Valid (0.02s, 97488 steps).

File "/home/fabrice/git/pycsl/scratchpad/.pycsl_ir6cbmf_.mlw", line 1558, characters 33-61:
Sub-goal precondition of goal _parser__atom_list'vc.
Prover result is: Valid (0.01s, 7777 steps).

File "/home/fabrice/git/pycsl/scratchpad/.pycsl_ir6cbmf_.mlw", line 1554, characters 20-55:
Sub-goal loop variant decrease of goal _parser__atom_list'vc.
Prover result is: Valid (0.02s, 107322 steps).

File "/home/fabrice/git/pycsl/scratchpad/.pycsl_ir6cbmf_.mlw", line 1552, characters 22-76:
Sub-goal loop invariant preservation of goal _parser__atom_list'vc.
Prover result is: Valid (0.02s, 111030 steps).

File "/home/fabrice/git/pycsl/scratchpad/.pycsl_ir6cbmf_.mlw", line 1553, characters 22-37:
Sub-goal loop invariant preservation of goal _parser__atom_list'vc.
Prover result is: Valid (0.02s, 105000 steps).

File "/home/fabrice/git/pycsl/scratchpad/.pycsl_ir6cbmf_.mlw", line 1561, characters 25-54:
Sub-goal precondition of goal _parser__atom_list'vc.
Prover result is: Valid (0.01s, 7677 steps).

File "/home/fabrice/git/pycsl/scratchpad/.pycsl_ir6cbmf_.mlw", line 1525, characters 15-19:
Sub-goal postcondition of goal _parser__atom_list'vc.
Prover result is: Valid (0.01s, 7908 steps).

File "/home/fabrice/git/pycsl/scratchpad/.pycsl_ir6cbmf_.mlw", line 1526, characters 15-39:
Sub-goal postcondition of goal _parser__atom_list'vc.
Prover result is: Valid (0.02s, 96172 steps).

File "/home/fabrice/git/pycsl/scratchpad/.pycsl_ir6cbmf_.mlw", line 1527, characters 15-38:
Sub-goal postcondition of goal _parser__atom_list'vc.
Prover result is: Valid (0.02s, 96210 steps).

File "/home/fabrice/git/pycsl/scratchpad/.pycsl_ir6cbmf_.mlw", line 1578, characters 9-28:
Sub-goal precondition of goal _parser__namedexpr_test'vc.
Prover result is: Valid (0.01s, 5295 steps).

File "/home/fabrice/git/pycsl/scratchpad/.pycsl_ir6cbmf_.mlw", line 1579, characters 13-33:
Sub-goal variant decrease of goal _parser__namedexpr_test'vc.
Prover result is: Valid (0.01s, 50585 steps).

File "/home/fabrice/git/pycsl/scratchpad/.pycsl_ir6cbmf_.mlw", line 1579, characters 13-33:
Sub-goal precondition of goal _parser__namedexpr_test'vc.
Prover result is: Valid (0.00s, 5473 steps).

File "/home/fabrice/git/pycsl/scratchpad/.pycsl_ir6cbmf_.mlw", line 1580, characters 8-69:
Sub-goal precondition of goal _parser__namedexpr_test'vc.
Prover result is: Valid (0.01s, 6489 steps).

File "/home/fabrice/git/pycsl/scratchpad/.pycsl_ir6cbmf_.mlw", line 1581, characters 14-37:
Sub-goal precondition of goal _parser__namedexpr_test'vc.
Prover result is: Valid (0.00s, 6523 steps).

File "/home/fabrice/git/pycsl/scratchpad/.pycsl_ir6cbmf_.mlw", line 1582, characters 15-35:
Sub-goal variant decrease of goal _parser__namedexpr_test'vc.
Prover result is: Valid (0.01s, 78125 steps).

File "/home/fabrice/git/pycsl/scratchpad/.pycsl_ir6cbmf_.mlw", line 1582, characters 15-35:
Sub-goal precondition of goal _parser__namedexpr_test'vc.
Prover result is: Valid (0.00s, 6609 steps).

File "/home/fabrice/git/pycsl/scratchpad/.pycsl_ir6cbmf_.mlw", line 1583, characters 15-40:
Sub-goal precondition of goal _parser__namedexpr_test'vc.
Prover result is: Valid (0.01s, 6649 steps).

File "/home/fabrice/git/pycsl/scratchpad/.pycsl_ir6cbmf_.mlw", line 1568, characters 15-19:
Sub-goal postcondition of goal _parser__namedexpr_test'vc.
Prover result is: Valid (0.01s, 6649 steps).

File "/home/fabrice/git/pycsl/scratchpad/.pycsl_ir6cbmf_.mlw", line 1569, characters 15-39:
Sub-goal postcondition of goal _parser__namedexpr_test'vc.
Prover result is: Valid (0.02s, 76614 steps).

File "/home/fabrice/git/pycsl/scratchpad/.pycsl_ir6cbmf_.mlw", line 1570, characters 15-38:
Sub-goal postcondition of goal _parser__namedexpr_test'vc.
Prover result is: Valid (0.01s, 76651 steps).

File "/home/fabrice/git/pycsl/scratchpad/.pycsl_ir6cbmf_.mlw", line 1568, characters 15-19:
Sub-goal postcondition of goal _parser__namedexpr_test'vc.
Prover result is: Valid (0.01s, 6521 steps).

File "/home/fabrice/git/pycsl/scratchpad/.pycsl_ir6cbmf_.mlw", line 1569, characters 15-39:
Sub-goal postcondition of goal _parser__namedexpr_test'vc.
Prover result is: Valid (0.01s, 6526 steps).

File "/home/fabrice/git/pycsl/scratchpad/.pycsl_ir6cbmf_.mlw", line 1570, characters 15-38:
Sub-goal postcondition of goal _parser__namedexpr_test'vc.
Prover result is: Valid (0.01s, 6531 steps).

File "/home/fabrice/git/pycsl/scratchpad/.pycsl_ir6cbmf_.mlw", line 1600, characters 8-68:
Sub-goal precondition of goal _parser__test_or_star'vc.
Prover result is: Valid (0.00s, 6271 steps).

File "/home/fabrice/git/pycsl/scratchpad/.pycsl_ir6cbmf_.mlw", line 1601, characters 11-34:
Sub-goal precondition of goal _parser__test_or_star'vc.
Prover result is: Valid (0.01s, 6472 steps).

File "/home/fabrice/git/pycsl/scratchpad/.pycsl_ir6cbmf_.mlw", line 1602, characters 23-43:
Sub-goal variant decrease of goal _parser__test_or_star'vc.
Prover result is: Valid (0.02s, 76662 steps).

File "/home/fabrice/git/pycsl/scratchpad/.pycsl_ir6cbmf_.mlw", line 1602, characters 23-43:
Sub-goal precondition of goal _parser__test_or_star'vc.
Prover result is: Valid (0.01s, 6558 steps).

File "/home/fabrice/git/pycsl/scratchpad/.pycsl_ir6cbmf_.mlw", line 1591, characters 15-19:
Sub-goal postcondition of goal _parser__test_or_star'vc.
Prover result is: Valid (0.01s, 6598 steps).

File "/home/fabrice/git/pycsl/scratchpad/.pycsl_ir6cbmf_.mlw", line 1592, characters 15-39:
Sub-goal postcondition of goal _parser__test_or_star'vc.
Prover result is: Valid (0.02s, 75983 steps).

File "/home/fabrice/git/pycsl/scratchpad/.pycsl_ir6cbmf_.mlw", line 1593, characters 15-38:
Sub-goal postcondition of goal _parser__test_or_star'vc.
Prover result is: Valid (0.02s, 76020 steps).

File "/home/fabrice/git/pycsl/scratchpad/.pycsl_ir6cbmf_.mlw", line 1605, characters 28-58:
Sub-goal variant decrease of goal _parser__test_or_star'vc.
Prover result is: Valid (0.02s, 67239 steps).

File "/home/fabrice/git/pycsl/scratchpad/.pycsl_ir6cbmf_.mlw", line 1605, characters 28-58:
Sub-goal precondition of goal _parser__test_or_star'vc.
Prover result is: Valid (0.00s, 6470 steps).

File "/home/fabrice/git/pycsl/scratchpad/.pycsl_ir6cbmf_.mlw", line 1591, characters 15-19:
Sub-goal postcondition of goal _parser__test_or_star'vc.
Prover result is: Valid (0.00s, 6510 steps).

File "/home/fabrice/git/pycsl/scratchpad/.pycsl_ir6cbmf_.mlw", line 1592, characters 15-39:
Sub-goal postcondition of goal _parser__test_or_star'vc.
Prover result is: Valid (0.01s, 6515 steps).

File "/home/fabrice/git/pycsl/scratchpad/.pycsl_ir6cbmf_.mlw", line 1593, characters 15-38:
Sub-goal postcondition of goal _parser__test_or_star'vc.
Prover result is: Valid (0.00s, 6520 steps).

File "/home/fabrice/git/pycsl/scratchpad/.pycsl_ir6cbmf_.mlw", line 1616, characters 8-73:
Sub-goal precondition of goal _parser__or_test_no_cond'vc.
Prover result is: Valid (0.00s, 6271 steps).

File "/home/fabrice/git/pycsl/scratchpad/.pycsl_ir6cbmf_.mlw", line 1617, characters 28-51:
Sub-goal variant decrease of goal _parser__or_test_no_cond'vc.
Prover result is: Valid (0.02s, 73011 steps).

File "/home/fabrice/git/pycsl/scratchpad/.pycsl_ir6cbmf_.mlw", line 1617, characters 28-51:
Sub-goal precondition of goal _parser__or_test_no_cond'vc.
Prover result is: Valid (0.00s, 10852 steps).

File "/home/fabrice/git/pycsl/scratchpad/.pycsl_ir6cbmf_.mlw", line 1610, characters 15-19:
Sub-goal postcondition of goal _parser__or_test_no_cond'vc.
Prover result is: Valid (0.00s, 6512 steps).

File "/home/fabrice/git/pycsl/scratchpad/.pycsl_ir6cbmf_.mlw", line 1611, characters 15-39:
Sub-goal postcondition of goal _parser__or_test_no_cond'vc.
Prover result is: Valid (0.01s, 6517 steps).

File "/home/fabrice/git/pycsl/scratchpad/.pycsl_ir6cbmf_.mlw", line 1619, characters 28-51:
Sub-goal variant decrease of goal _parser__or_test_no_cond'vc.
Prover result is: Valid (0.02s, 67609 steps).

File "/home/fabrice/git/pycsl/scratchpad/.pycsl_ir6cbmf_.mlw", line 1619, characters 28-51:
Sub-goal precondition of goal _parser__or_test_no_cond'vc.
Prover result is: Valid (0.00s, 6470 steps).

File "/home/fabrice/git/pycsl/scratchpad/.pycsl_ir6cbmf_.mlw", line 1610, characters 15-19:
Sub-goal postcondition of goal _parser__or_test_no_cond'vc.
Prover result is: Valid (0.00s, 6510 steps).

File "/home/fabrice/git/pycsl/scratchpad/.pycsl_ir6cbmf_.mlw", line 1611, characters 15-39:
Sub-goal postcondition of goal _parser__or_test_no_cond'vc.
Prover result is: Valid (0.01s, 6515 steps).

File "/home/fabrice/git/pycsl/scratchpad/.pycsl_ir6cbmf_.mlw", line 1632, characters 8-68:
Sub-goal precondition of goal _parser__expr_or_star'vc.
Prover result is: Valid (0.00s, 6271 steps).

File "/home/fabrice/git/pycsl/scratchpad/.pycsl_ir6cbmf_.mlw", line 1633, characters 11-34:
Sub-goal precondition of goal _parser__expr_or_star'vc.
Prover result is: Valid (0.00s, 6472 steps).

File "/home/fabrice/git/pycsl/scratchpad/.pycsl_ir6cbmf_.mlw", line 1634, characters 23-43:
Sub-goal variant decrease of goal _parser__expr_or_star'vc.
Prover result is: Valid (0.02s, 76662 steps).

File "/home/fabrice/git/pycsl/scratchpad/.pycsl_ir6cbmf_.mlw", line 1634, characters 23-43:
Sub-goal precondition of goal _parser__expr_or_star'vc.
Prover result is: Valid (0.01s, 6558 steps).

File "/home/fabrice/git/pycsl/scratchpad/.pycsl_ir6cbmf_.mlw", line 1624, characters 15-19:
Sub-goal postcondition of goal _parser__expr_or_star'vc.
Prover result is: Valid (0.01s, 6598 steps).

File "/home/fabrice/git/pycsl/scratchpad/.pycsl_ir6cbmf_.mlw", line 1625, characters 15-39:
Sub-goal postcondition of goal _parser__expr_or_star'vc.
Prover result is: Valid (0.02s, 75983 steps).

File "/home/fabrice/git/pycsl/scratchpad/.pycsl_ir6cbmf_.mlw", line 1637, characters 28-48:
Sub-goal variant decrease of goal _parser__expr_or_star'vc.
Prover result is: Valid (0.02s, 67239 steps).

File "/home/fabrice/git/pycsl/scratchpad/.pycsl_ir6cbmf_.mlw", line 1637, characters 28-48:
Sub-goal precondition of goal _parser__expr_or_star'vc.
Prover result is: Valid (0.01s, 6470 steps).

File "/home/fabrice/git/pycsl/scratchpad/.pycsl_ir6cbmf_.mlw", line 1624, characters 15-19:
Sub-goal postcondition of goal _parser__expr_or_star'vc.
Prover result is: Valid (0.00s, 6510 steps).

File "/home/fabrice/git/pycsl/scratchpad/.pycsl_ir6cbmf_.mlw", line 1625, characters 15-39:
Sub-goal postcondition of goal _parser__expr_or_star'vc.
Prover result is: Valid (0.01s, 6515 steps).

File "/home/fabrice/git/pycsl/scratchpad/.pycsl_ir6cbmf_.mlw", line 1650, characters 29-57:
Sub-goal variant decrease of goal _parser___comp_target'vc.
Prover result is: Valid (0.01s, 49668 steps).

File "/home/fabrice/git/pycsl/scratchpad/.pycsl_ir6cbmf_.mlw", line 1650, characters 29-57:
Sub-goal precondition of goal _parser___comp_target'vc.
Prover result is: Valid (0.00s, 5295 steps).

File "/home/fabrice/git/pycsl/scratchpad/.pycsl_ir6cbmf_.mlw", line 1656, characters 18-72:
Sub-goal loop invariant init of goal _parser___comp_target'vc.
Prover result is: Valid (0.02s, 65033 steps).

File "/home/fabrice/git/pycsl/scratchpad/.pycsl_ir6cbmf_.mlw", line 1657, characters 18-33:
Sub-goal loop invariant init of goal _parser___comp_target'vc.
Prover result is: Valid (0.01s, 18794 steps).

File "/home/fabrice/git/pycsl/scratchpad/.pycsl_ir6cbmf_.mlw", line 1655, characters 17-46:
Sub-goal type invariant of goal _parser___comp_target'vc.
Prover result is: Valid (0.00s, 6445 steps).

File "/home/fabrice/git/pycsl/scratchpad/.pycsl_ir6cbmf_.mlw", line 1655, characters 17-46:
Sub-goal type invariant of goal _parser___comp_target'vc.
Prover result is: Valid (0.00s, 6452 steps).

File "/home/fabrice/git/pycsl/scratchpad/.pycsl_ir6cbmf_.mlw", line 1655, characters 17-46:
Sub-goal type invariant of goal _parser___comp_target'vc.
Prover result is: Valid (0.02s, 64105 steps).

File "/home/fabrice/git/pycsl/scratchpad/.pycsl_ir6cbmf_.mlw", line 1655, characters 17-46:
Sub-goal type invariant of goal _parser___comp_target'vc.
Prover result is: Valid (0.01s, 65922 steps).

File "/home/fabrice/git/pycsl/scratchpad/.pycsl_ir6cbmf_.mlw", line 1655, characters 17-46:
Sub-goal precondition of goal _parser___comp_target'vc.
Prover result is: Valid (0.00s, 6460 steps).

File "/home/fabrice/git/pycsl/scratchpad/.pycsl_ir6cbmf_.mlw", line 1660, characters 10-71:
Sub-goal precondition of goal _parser___comp_target'vc.
Prover result is: Valid (0.01s, 7118 steps).

File "/home/fabrice/git/pycsl/scratchpad/.pycsl_ir6cbmf_.mlw", line 1676, characters 11-34:
Sub-goal precondition of goal _parser___comp_target'vc.
Prover result is: Valid (0.01s, 7298 steps).

File "/home/fabrice/git/pycsl/scratchpad/.pycsl_ir6cbmf_.mlw", line 1642, characters 15-19:
Sub-goal postcondition of goal _parser___comp_target'vc.
Prover result is: Valid (0.01s, 7298 steps).

File "/home/fabrice/git/pycsl/scratchpad/.pycsl_ir6cbmf_.mlw", line 1643, characters 15-39:
Sub-goal postcondition of goal _parser___comp_target'vc.
Prover result is: Valid (0.01s, 12231 steps).

File "/home/fabrice/git/pycsl/scratchpad/.pycsl_ir6cbmf_.mlw", line 1676, characters 11-34:
Sub-goal precondition of goal _parser___comp_target'vc.
Prover result is: Valid (0.00s, 7489 steps).

File "/home/fabrice/git/pycsl/scratchpad/.pycsl_ir6cbmf_.mlw", line 1642, characters 15-19:
Sub-goal postcondition of goal _parser___comp_target'vc.
Prover result is: Valid (0.01s, 7489 steps).

File "/home/fabrice/git/pycsl/scratchpad/.pycsl_ir6cbmf_.mlw", line 1643, characters 15-39:
Sub-goal postcondition of goal _parser___comp_target'vc.
Prover result is: Valid (0.01s, 89210 steps).

File "/home/fabrice/git/pycsl/scratchpad/.pycsl_ir6cbmf_.mlw", line 1664, characters 29-57:
Sub-goal variant decrease of goal _parser___comp_target'vc.
Prover result is: Valid (0.02s, 80497 steps).

File "/home/fabrice/git/pycsl/scratchpad/.pycsl_ir6cbmf_.mlw", line 1664, characters 29-57:
Sub-goal precondition of goal _parser___comp_target'vc.
Prover result is: Valid (0.01s, 7235 steps).

File "/home/fabrice/git/pycsl/scratchpad/.pycsl_ir6cbmf_.mlw", line 1658, characters 16-51:
Sub-goal loop variant decrease of goal _parser___comp_target'vc.
Prover result is: Valid (0.03s, 109114 steps).

File "/home/fabrice/git/pycsl/scratchpad/.pycsl_ir6cbmf_.mlw", line 1656, characters 18-72:
Sub-goal loop invariant preservation of goal _parser___comp_target'vc.
Prover result is: Valid (0.02s, 90199 steps).

File "/home/fabrice/git/pycsl/scratchpad/.pycsl_ir6cbmf_.mlw", line 1657, characters 18-33:
Sub-goal loop invariant preservation of goal _parser___comp_target'vc.
Prover result is: Valid (0.02s, 87731 steps).

File "/home/fabrice/git/pycsl/scratchpad/.pycsl_ir6cbmf_.mlw", line 1676, characters 11-34:
Sub-goal precondition of goal _parser___comp_target'vc.
Prover result is: Valid (0.00s, 6605 steps).

File "/home/fabrice/git/pycsl/scratchpad/.pycsl_ir6cbmf_.mlw", line 1642, characters 15-19:
Sub-goal postcondition of goal _parser___comp_target'vc.
Prover result is: Valid (0.00s, 6605 steps).

File "/home/fabrice/git/pycsl/scratchpad/.pycsl_ir6cbmf_.mlw", line 1643, characters 15-39:
Sub-goal postcondition of goal _parser___comp_target'vc.
Prover result is: Valid (0.02s, 75553 steps).

File "/home/fabrice/git/pycsl/scratchpad/.pycsl_ir6cbmf_.mlw", line 1676, characters 11-34:
Sub-goal precondition of goal _parser___comp_target'vc.
Prover result is: Valid (0.00s, 6796 steps).

File "/home/fabrice/git/pycsl/scratchpad/.pycsl_ir6cbmf_.mlw", line 1642, characters 15-19:
Sub-goal postcondition of goal _parser___comp_target'vc.
Prover result is: Valid (0.01s, 6796 steps).

File "/home/fabrice/git/pycsl/scratchpad/.pycsl_ir6cbmf_.mlw", line 1643, characters 15-39:
Sub-goal postcondition of goal _parser___comp_target'vc.
Prover result is: Valid (0.02s, 77848 steps).

File "/home/fabrice/git/pycsl/scratchpad/.pycsl_ir6cbmf_.mlw", line 1694, characters 18-72:
Sub-goal loop invariant init of goal _parser__comp_for'vc.
Prover result is: Valid (0.01s, 49699 steps).

File "/home/fabrice/git/pycsl/scratchpad/.pycsl_ir6cbmf_.mlw", line 1695, characters 18-36:
Sub-goal loop invariant init of goal _parser__comp_for'vc.
Prover result is: Valid (0.01s, 14098 steps).

File "/home/fabrice/git/pycsl/scratchpad/.pycsl_ir6cbmf_.mlw", line 1693, characters 16-78:
Sub-goal type invariant of goal _parser__comp_for'vc.
Prover result is: Valid (0.00s, 6420 steps).

File "/home/fabrice/git/pycsl/scratchpad/.pycsl_ir6cbmf_.mlw", line 1693, characters 16-78:
Sub-goal type invariant of goal _parser__comp_for'vc.
Prover result is: Valid (0.01s, 6427 steps).

File "/home/fabrice/git/pycsl/scratchpad/.pycsl_ir6cbmf_.mlw", line 1693, characters 16-78:
Sub-goal type invariant of goal _parser__comp_for'vc.
Prover result is: Valid (0.01s, 66173 steps).

File "/home/fabrice/git/pycsl/scratchpad/.pycsl_ir6cbmf_.mlw", line 1693, characters 16-78:
Sub-goal type invariant of goal _parser__comp_for'vc.
Prover result is: Valid (0.01s, 67992 steps).

File "/home/fabrice/git/pycsl/scratchpad/.pycsl_ir6cbmf_.mlw", line 1693, characters 16-78:
Sub-goal precondition of goal _parser__comp_for'vc.
Prover result is: Valid (0.01s, 6435 steps).

File "/home/fabrice/git/pycsl/scratchpad/.pycsl_ir6cbmf_.mlw", line 1693, characters 94-158:
Sub-goal precondition of goal _parser__comp_for'vc.
Prover result is: Valid (0.00s, 6523 steps).

File "/home/fabrice/git/pycsl/scratchpad/.pycsl_ir6cbmf_.mlw", line 1693, characters 192-214:
Sub-goal precondition of goal _parser__comp_for'vc.
Prover result is: Valid (0.00s, 6643 steps).

File "/home/fabrice/git/pycsl/scratchpad/.pycsl_ir6cbmf_.mlw", line 1698, characters 10-74:
Sub-goal precondition of goal _parser__comp_for'vc.
Prover result is: Valid (0.01s, 6877 steps).

File "/home/fabrice/git/pycsl/scratchpad/.pycsl_ir6cbmf_.mlw", line 1699, characters 16-39:
Sub-goal precondition of goal _parser__comp_for'vc.
Prover result is: Valid (0.01s, 6897 steps).

File "/home/fabrice/git/pycsl/scratchpad/.pycsl_ir6cbmf_.mlw", line 1702, characters 14-45:
Sub-goal precondition of goal _parser__comp_for'vc.
Prover result is: Valid (0.00s, 6973 steps).

File "/home/fabrice/git/pycsl/scratchpad/.pycsl_ir6cbmf_.mlw", line 1703, characters 16-44:
Sub-goal variant decrease of goal _parser__comp_for'vc.
Prover result is: Valid (0.02s, 90422 steps).

File "/home/fabrice/git/pycsl/scratchpad/.pycsl_ir6cbmf_.mlw", line 1703, characters 16-44:
Sub-goal precondition of goal _parser__comp_for'vc.
Prover result is: Valid (0.01s, 7007 steps).

File "/home/fabrice/git/pycsl/scratchpad/.pycsl_ir6cbmf_.mlw", line 1704, characters 14-44:
Sub-goal precondition of goal _parser__comp_for'vc.
Prover result is: Valid (0.01s, 7036 steps).

File "/home/fabrice/git/pycsl/scratchpad/.pycsl_ir6cbmf_.mlw", line 1705, characters 12-35:
Sub-goal variant decrease of goal _parser__comp_for'vc.
Prover result is: Valid (0.02s, 91708 steps).

File "/home/fabrice/git/pycsl/scratchpad/.pycsl_ir6cbmf_.mlw", line 1705, characters 12-35:
Sub-goal precondition of goal _parser__comp_for'vc.
Prover result is: Valid (0.00s, 7072 steps).

File "/home/fabrice/git/pycsl/scratchpad/.pycsl_ir6cbmf_.mlw", line 1710, characters 20-74:
Sub-goal loop invariant init of goal _parser__comp_for'vc.
Prover result is: Valid (0.02s, 93606 steps).

File "/home/fabrice/git/pycsl/scratchpad/.pycsl_ir6cbmf_.mlw", line 1711, characters 20-41:
Sub-goal loop invariant init of goal _parser__comp_for'vc.
Prover result is: Valid (0.01s, 26979 steps).

File "/home/fabrice/git/pycsl/scratchpad/.pycsl_ir6cbmf_.mlw", line 1709, characters 13-74:
Sub-goal type invariant of goal _parser__comp_for'vc.
Prover result is: Valid (0.01s, 7244 steps).

File "/home/fabrice/git/pycsl/scratchpad/.pycsl_ir6cbmf_.mlw", line 1709, characters 13-74:
Sub-goal type invariant of goal _parser__comp_for'vc.
Prover result is: Valid (0.00s, 7251 steps).

File "/home/fabrice/git/pycsl/scratchpad/.pycsl_ir6cbmf_.mlw", line 1709, characters 13-74:
Sub-goal type invariant of goal _parser__comp_for'vc.
Prover result is: Valid (0.01s, 89799 steps).

File "/home/fabrice/git/pycsl/scratchpad/.pycsl_ir6cbmf_.mlw", line 1709, characters 13-74:
Sub-goal type invariant of goal _parser__comp_for'vc.
Prover result is: Valid (0.02s, 91684 steps).

File "/home/fabrice/git/pycsl/scratchpad/.pycsl_ir6cbmf_.mlw", line 1709, characters 13-74:
Sub-goal precondition of goal _parser__comp_for'vc.
Prover result is: Valid (0.01s, 7259 steps).

File "/home/fabrice/git/pycsl/scratchpad/.pycsl_ir6cbmf_.mlw", line 1713, characters 16-39:
Sub-goal precondition of goal _parser__comp_for'vc.
Prover result is: Valid (0.01s, 7295 steps).

File "/home/fabrice/git/pycsl/scratchpad/.pycsl_ir6cbmf_.mlw", line 1714, characters 29-60:
Sub-goal variant decrease of goal _parser__comp_for'vc.
Prover result is: Valid (0.02s, 96482 steps).

File "/home/fabrice/git/pycsl/scratchpad/.pycsl_ir6cbmf_.mlw", line 1714, characters 29-60:
Sub-goal precondition of goal _parser__comp_for'vc.
Prover result is: Valid (0.01s, 7364 steps).

File "/home/fabrice/git/pycsl/scratchpad/.pycsl_ir6cbmf_.mlw", line 1712, characters 18-53:
Sub-goal loop variant decrease of goal _parser__comp_for'vc.
Prover result is: Valid (0.03s, 154417 steps).

File "/home/fabrice/git/pycsl/scratchpad/.pycsl_ir6cbmf_.mlw", line 1710, characters 20-74:
Sub-goal loop invariant preservation of goal _parser__comp_for'vc.
Prover result is: Valid (0.02s, 117130 steps).

File "/home/fabrice/git/pycsl/scratchpad/.pycsl_ir6cbmf_.mlw", line 1711, characters 20-41:
Sub-goal loop invariant preservation of goal _parser__comp_for'vc.
Prover result is: Valid (0.02s, 110869 steps).

File "/home/fabrice/git/pycsl/scratchpad/.pycsl_ir6cbmf_.mlw", line 1696, characters 16-51:
Sub-goal loop variant decrease of goal _parser__comp_for'vc.
Prover result is: Valid (0.02s, 113744 steps).

File "/home/fabrice/git/pycsl/scratchpad/.pycsl_ir6cbmf_.mlw", line 1694, characters 18-72:
Sub-goal loop invariant preservation of goal _parser__comp_for'vc.
Prover result is: Valid (0.01s, 66691 steps).

File "/home/fabrice/git/pycsl/scratchpad/.pycsl_ir6cbmf_.mlw", line 1695, characters 18-36:
Sub-goal loop invariant preservation of goal _parser__comp_for'vc.
Prover result is: Valid (0.02s, 111951 steps).

File "/home/fabrice/git/pycsl/scratchpad/.pycsl_ir6cbmf_.mlw", line 1702, characters 14-45:
Sub-goal precondition of goal _parser__comp_for'vc.
Prover result is: Valid (0.00s, 6895 steps).

File "/home/fabrice/git/pycsl/scratchpad/.pycsl_ir6cbmf_.mlw", line 1703, characters 16-44:
Sub-goal variant decrease of goal _parser__comp_for'vc.
Prover result is: Valid (0.02s, 89466 steps).

File "/home/fabrice/git/pycsl/scratchpad/.pycsl_ir6cbmf_.mlw", line 1703, characters 16-44:
Sub-goal precondition of goal _parser__comp_for'vc.
Prover result is: Valid (0.01s, 6929 steps).

File "/home/fabrice/git/pycsl/scratchpad/.pycsl_ir6cbmf_.mlw", line 1704, characters 14-44:
Sub-goal precondition of goal _parser__comp_for'vc.
Prover result is: Valid (0.01s, 6958 steps).

File "/home/fabrice/git/pycsl/scratchpad/.pycsl_ir6cbmf_.mlw", line 1705, characters 12-35:
Sub-goal variant decrease of goal _parser__comp_for'vc.
Prover result is: Valid (0.02s, 90885 steps).

File "/home/fabrice/git/pycsl/scratchpad/.pycsl_ir6cbmf_.mlw", line 1705, characters 12-35:
Sub-goal precondition of goal _parser__comp_for'vc.
Prover result is: Valid (0.00s, 6994 steps).

File "/home/fabrice/git/pycsl/scratchpad/.pycsl_ir6cbmf_.mlw", line 1710, characters 20-74:
Sub-goal loop invariant init of goal _parser__comp_for'vc.
Prover result is: Valid (0.02s, 92423 steps).

File "/home/fabrice/git/pycsl/scratchpad/.pycsl_ir6cbmf_.mlw", line 1711, characters 20-41:
Sub-goal loop invariant init of goal _parser__comp_for'vc.
Prover result is: Valid (0.01s, 26814 steps).

File "/home/fabrice/git/pycsl/scratchpad/.pycsl_ir6cbmf_.mlw", line 1709, characters 13-74:
Sub-goal type invariant of goal _parser__comp_for'vc.
Prover result is: Valid (0.01s, 7166 steps).

File "/home/fabrice/git/pycsl/scratchpad/.pycsl_ir6cbmf_.mlw", line 1709, characters 13-74:
Sub-goal type invariant of goal _parser__comp_for'vc.
Prover result is: Valid (0.00s, 7173 steps).

File "/home/fabrice/git/pycsl/scratchpad/.pycsl_ir6cbmf_.mlw", line 1709, characters 13-74:
Sub-goal type invariant of goal _parser__comp_for'vc.
Prover result is: Valid (0.02s, 89250 steps).

File "/home/fabrice/git/pycsl/scratchpad/.pycsl_ir6cbmf_.mlw", line 1709, characters 13-74:
Sub-goal type invariant of goal _parser__comp_for'vc.
Prover result is: Valid (0.02s, 90995 steps).

File "/home/fabrice/git/pycsl/scratchpad/.pycsl_ir6cbmf_.mlw", line 1709, characters 13-74:
Sub-goal precondition of goal _parser__comp_for'vc.
Prover result is: Valid (0.00s, 7181 steps).

File "/home/fabrice/git/pycsl/scratchpad/.pycsl_ir6cbmf_.mlw", line 1713, characters 16-39:
Sub-goal precondition of goal _parser__comp_for'vc.
Prover result is: Valid (0.01s, 7217 steps).

File "/home/fabrice/git/pycsl/scratchpad/.pycsl_ir6cbmf_.mlw", line 1714, characters 29-60:
Sub-goal variant decrease of goal _parser__comp_for'vc.
Prover result is: Valid (0.02s, 95510 steps).

File "/home/fabrice/git/pycsl/scratchpad/.pycsl_ir6cbmf_.mlw", line 1714, characters 29-60:
Sub-goal precondition of goal _parser__comp_for'vc.
Prover result is: Valid (0.01s, 7288 steps).

File "/home/fabrice/git/pycsl/scratchpad/.pycsl_ir6cbmf_.mlw", line 1712, characters 18-53:
Sub-goal loop variant decrease of goal _parser__comp_for'vc.
Prover result is: Valid (0.03s, 151439 steps).

File "/home/fabrice/git/pycsl/scratchpad/.pycsl_ir6cbmf_.mlw", line 1710, characters 20-74:
Sub-goal loop invariant preservation of goal _parser__comp_for'vc.
Prover result is: Valid (0.02s, 116021 steps).

File "/home/fabrice/git/pycsl/scratchpad/.pycsl_ir6cbmf_.mlw", line 1711, characters 20-41:
Sub-goal loop invariant preservation of goal _parser__comp_for'vc.
Prover result is: Valid (0.02s, 110234 steps).

File "/home/fabrice/git/pycsl/scratchpad/.pycsl_ir6cbmf_.mlw", line 1696, characters 16-51:
Sub-goal loop variant decrease of goal _parser__comp_for'vc.
Prover result is: Valid (0.02s, 113048 steps).

File "/home/fabrice/git/pycsl/scratchpad/.pycsl_ir6cbmf_.mlw", line 1694, characters 18-72:
Sub-goal loop invariant preservation of goal _parser__comp_for'vc.
Prover result is: Valid (0.01s, 66322 steps).

File "/home/fabrice/git/pycsl/scratchpad/.pycsl_ir6cbmf_.mlw", line 1695, characters 18-36:
Sub-goal loop invariant preservation of goal _parser__comp_for'vc.
Prover result is: Valid (0.02s, 111327 steps).

File "/home/fabrice/git/pycsl/scratchpad/.pycsl_ir6cbmf_.mlw", line 1680, characters 15-19:
Sub-goal postcondition of goal _parser__comp_for'vc.
Prover result is: Valid (0.01s, 7574 steps).

File "/home/fabrice/git/pycsl/scratchpad/.pycsl_ir6cbmf_.mlw", line 1681, characters 15-39:
Sub-goal postcondition of goal _parser__comp_for'vc.
Prover result is: Valid (0.01s, 35108 steps).

File "/home/fabrice/git/pycsl/scratchpad/.pycsl_ir6cbmf_.mlw", line 1727, characters 4-28:
Sub-goal variant decrease of goal _parser__expr'vc.
Prover result is: Valid (0.01s, 49668 steps).

File "/home/fabrice/git/pycsl/scratchpad/.pycsl_ir6cbmf_.mlw", line 1727, characters 4-28:
Sub-goal precondition of goal _parser__expr'vc.
Prover result is: Valid (0.00s, 5295 steps).

File "/home/fabrice/git/pycsl/scratchpad/.pycsl_ir6cbmf_.mlw", line 1721, characters 15-19:
Sub-goal postcondition of goal _parser__expr'vc.
Prover result is: Valid (0.01s, 5339 steps).

File "/home/fabrice/git/pycsl/scratchpad/.pycsl_ir6cbmf_.mlw", line 1722, characters 15-39:
Sub-goal postcondition of goal _parser__expr'vc.
Prover result is: Valid (0.00s, 5344 steps).

File "/home/fabrice/git/pycsl/scratchpad/.pycsl_ir6cbmf_.mlw", line 1723, characters 15-38:
Sub-goal postcondition of goal _parser__expr'vc.
Prover result is: Valid (0.01s, 5349 steps).

File "/home/fabrice/git/pycsl/scratchpad/.pycsl_ir6cbmf_.mlw", line 1741, characters 9-28:
Sub-goal precondition of goal _parser__comparison'vc.
Prover result is: Valid (0.01s, 5295 steps).

File "/home/fabrice/git/pycsl/scratchpad/.pycsl_ir6cbmf_.mlw", line 1742, characters 12-32:
Sub-goal variant decrease of goal _parser__comparison'vc.
Prover result is: Valid (0.01s, 50585 steps).

File "/home/fabrice/git/pycsl/scratchpad/.pycsl_ir6cbmf_.mlw", line 1742, characters 12-32:
Sub-goal precondition of goal _parser__comparison'vc.
Prover result is: Valid (0.00s, 5473 steps).

File "/home/fabrice/git/pycsl/scratchpad/.pycsl_ir6cbmf_.mlw", line 1749, characters 18-72:
Sub-goal loop invariant init of goal _parser__comparison'vc.
Prover result is: Valid (0.01s, 54028 steps).

File "/home/fabrice/git/pycsl/scratchpad/.pycsl_ir6cbmf_.mlw", line 1750, characters 18-34:
Sub-goal loop invariant init of goal _parser__comparison'vc.
Prover result is: Valid (0.01s, 14540 steps).

File "/home/fabrice/git/pycsl/scratchpad/.pycsl_ir6cbmf_.mlw", line 1752, characters 20-82:
Sub-goal type invariant of goal _parser__comparison'vc.
Prover result is: Valid (0.00s, 6551 steps).

File "/home/fabrice/git/pycsl/scratchpad/.pycsl_ir6cbmf_.mlw", line 1752, characters 20-82:
Sub-goal type invariant of goal _parser__comparison'vc.
Prover result is: Valid (0.01s, 6558 steps).

File "/home/fabrice/git/pycsl/scratchpad/.pycsl_ir6cbmf_.mlw", line 1752, characters 20-82:
Sub-goal type invariant of goal _parser__comparison'vc.
Prover result is: Valid (0.01s, 70653 steps).

File "/home/fabrice/git/pycsl/scratchpad/.pycsl_ir6cbmf_.mlw", line 1752, characters 20-82:
Sub-goal type invariant of goal _parser__comparison'vc.
Prover result is: Valid (0.01s, 71573 steps).

File "/home/fabrice/git/pycsl/scratchpad/.pycsl_ir6cbmf_.mlw", line 1752, characters 20-82:
Sub-goal precondition of goal _parser__comparison'vc.
Prover result is: Valid (0.01s, 6566 steps).

File "/home/fabrice/git/pycsl/scratchpad/.pycsl_ir6cbmf_.mlw", line 1752, characters 116-138:
Sub-goal precondition of goal _parser__comparison'vc.
Prover result is: Valid (0.00s, 6606 steps).

File "/home/fabrice/git/pycsl/scratchpad/.pycsl_ir6cbmf_.mlw", line 1752, characters 205-227:
Sub-goal precondition of goal _parser__comparison'vc.
Prover result is: Valid (0.01s, 6660 steps).

File "/home/fabrice/git/pycsl/scratchpad/.pycsl_ir6cbmf_.mlw", line 1753, characters 16-39:
Sub-goal precondition of goal _parser__comparison'vc.
Prover result is: Valid (0.00s, 6712 steps).

File "/home/fabrice/git/pycsl/scratchpad/.pycsl_ir6cbmf_.mlw", line 1754, characters 16-39:
Sub-goal precondition of goal _parser__comparison'vc.
Prover result is: Valid (0.00s, 6783 steps).

File "/home/fabrice/git/pycsl/scratchpad/.pycsl_ir6cbmf_.mlw", line 1778, characters 43-63:
Sub-goal variant decrease of goal _parser__comparison'vc.
Prover result is: Valid (0.02s, 98220 steps).

File "/home/fabrice/git/pycsl/scratchpad/.pycsl_ir6cbmf_.mlw", line 1778, characters 43-63:
Sub-goal precondition of goal _parser__comparison'vc.
Prover result is: Valid (0.01s, 7372 steps).

File "/home/fabrice/git/pycsl/scratchpad/.pycsl_ir6cbmf_.mlw", line 1751, characters 16-51:
Sub-goal loop variant decrease of goal _parser__comparison'vc.
Prover result is: Valid (0.02s, 109679 steps).

File "/home/fabrice/git/pycsl/scratchpad/.pycsl_ir6cbmf_.mlw", line 1749, characters 18-72:
Sub-goal loop invariant preservation of goal _parser__comparison'vc.
Prover result is: Valid (0.02s, 111903 steps).

File "/home/fabrice/git/pycsl/scratchpad/.pycsl_ir6cbmf_.mlw", line 1750, characters 18-34:
Sub-goal loop invariant preservation of goal _parser__comparison'vc.
Prover result is: Valid (0.02s, 107654 steps).

File "/home/fabrice/git/pycsl/scratchpad/.pycsl_ir6cbmf_.mlw", line 1757, characters 12-73:
Sub-goal precondition of goal _parser__comparison'vc.
Prover result is: Valid (0.01s, 6797 steps).

File "/home/fabrice/git/pycsl/scratchpad/.pycsl_ir6cbmf_.mlw", line 1758, characters 18-41:
Sub-goal precondition of goal _parser__comparison'vc.
Prover result is: Valid (0.01s, 6823 steps).

File "/home/fabrice/git/pycsl/scratchpad/.pycsl_ir6cbmf_.mlw", line 1759, characters 14-76:
Sub-goal precondition of goal _parser__comparison'vc.
Prover result is: Valid (0.01s, 6973 steps).

File "/home/fabrice/git/pycsl/scratchpad/.pycsl_ir6cbmf_.mlw", line 1760, characters 20-43:
Sub-goal precondition of goal _parser__comparison'vc.
Prover result is: Valid (0.01s, 7005 steps).

File "/home/fabrice/git/pycsl/scratchpad/.pycsl_ir6cbmf_.mlw", line 1778, characters 43-63:
Sub-goal variant decrease of goal _parser__comparison'vc.
Prover result is: Valid (0.02s, 103066 steps).

File "/home/fabrice/git/pycsl/scratchpad/.pycsl_ir6cbmf_.mlw", line 1778, characters 43-63:
Sub-goal precondition of goal _parser__comparison'vc.
Prover result is: Valid (0.00s, 7594 steps).

File "/home/fabrice/git/pycsl/scratchpad/.pycsl_ir6cbmf_.mlw", line 1751, characters 16-51:
Sub-goal loop variant decrease of goal _parser__comparison'vc.
Prover result is: Valid (0.02s, 113944 steps).

File "/home/fabrice/git/pycsl/scratchpad/.pycsl_ir6cbmf_.mlw", line 1749, characters 18-72:
Sub-goal loop invariant preservation of goal _parser__comparison'vc.
Prover result is: Valid (0.03s, 117160 steps).

File "/home/fabrice/git/pycsl/scratchpad/.pycsl_ir6cbmf_.mlw", line 1750, characters 18-34:
Sub-goal loop invariant preservation of goal _parser__comparison'vc.
Prover result is: Valid (0.02s, 111699 steps).

File "/home/fabrice/git/pycsl/scratchpad/.pycsl_ir6cbmf_.mlw", line 1778, characters 43-63:
Sub-goal variant decrease of goal _parser__comparison'vc.
Prover result is: Valid (0.02s, 100880 steps).

File "/home/fabrice/git/pycsl/scratchpad/.pycsl_ir6cbmf_.mlw", line 1778, characters 43-63:
Sub-goal precondition of goal _parser__comparison'vc.
Prover result is: Valid (0.01s, 7523 steps).

File "/home/fabrice/git/pycsl/scratchpad/.pycsl_ir6cbmf_.mlw", line 1751, characters 16-51:
Sub-goal loop variant decrease of goal _parser__comparison'vc.
Prover result is: Valid (0.02s, 112397 steps).

File "/home/fabrice/git/pycsl/scratchpad/.pycsl_ir6cbmf_.mlw", line 1749, characters 18-72:
Sub-goal loop invariant preservation of goal _parser__comparison'vc.
Prover result is: Valid (0.02s, 114702 steps).

File "/home/fabrice/git/pycsl/scratchpad/.pycsl_ir6cbmf_.mlw", line 1750, characters 18-34:
Sub-goal loop invariant preservation of goal _parser__comparison'vc.
Prover result is: Valid (0.02s, 110371 steps).

File "/home/fabrice/git/pycsl/scratchpad/.pycsl_ir6cbmf_.mlw", line 1766, characters 14-75:
Sub-goal precondition of goal _parser__comparison'vc.
Prover result is: Valid (0.01s, 6906 steps).

File "/home/fabrice/git/pycsl/scratchpad/.pycsl_ir6cbmf_.mlw", line 1767, characters 20-43:
Sub-goal precondition of goal _parser__comparison'vc.
Prover result is: Valid (0.01s, 6926 steps).

File "/home/fabrice/git/pycsl/scratchpad/.pycsl_ir6cbmf_.mlw", line 1778, characters 43-63:
Sub-goal variant decrease of goal _parser__comparison'vc.
Prover result is: Valid (0.02s, 101630 steps).

File "/home/fabrice/git/pycsl/scratchpad/.pycsl_ir6cbmf_.mlw", line 1778, characters 43-63:
Sub-goal precondition of goal _parser__comparison'vc.
Prover result is: Valid (0.01s, 7517 steps).

File "/home/fabrice/git/pycsl/scratchpad/.pycsl_ir6cbmf_.mlw", line 1751, characters 16-51:
Sub-goal loop variant decrease of goal _parser__comparison'vc.
Prover result is: Valid (0.02s, 112821 steps).

File "/home/fabrice/git/pycsl/scratchpad/.pycsl_ir6cbmf_.mlw", line 1749, characters 18-72:
Sub-goal loop invariant preservation of goal _parser__comparison'vc.
Prover result is: Valid (0.02s, 115470 steps).

File "/home/fabrice/git/pycsl/scratchpad/.pycsl_ir6cbmf_.mlw", line 1750, characters 18-34:
Sub-goal loop invariant preservation of goal _parser__comparison'vc.
Prover result is: Valid (0.02s, 110686 steps).

File "/home/fabrice/git/pycsl/scratchpad/.pycsl_ir6cbmf_.mlw", line 1770, characters 34-53:
Sub-goal precondition of goal _parser__comparison'vc.
Prover result is: Valid (0.01s, 6924 steps).

File "/home/fabrice/git/pycsl/scratchpad/.pycsl_ir6cbmf_.mlw", line 1770, characters 108-127:
Sub-goal precondition of goal _parser__comparison'vc.
Prover result is: Valid (0.01s, 6933 steps).

File "/home/fabrice/git/pycsl/scratchpad/.pycsl_ir6cbmf_.mlw", line 1770, characters 182-201:
Sub-goal precondition of goal _parser__comparison'vc.
Prover result is: Valid (0.01s, 6948 steps).

File "/home/fabrice/git/pycsl/scratchpad/.pycsl_ir6cbmf_.mlw", line 1770, characters 256-275:
Sub-goal precondition of goal _parser__comparison'vc.
Prover result is: Valid (0.01s, 6959 steps).

File "/home/fabrice/git/pycsl/scratchpad/.pycsl_ir6cbmf_.mlw", line 1770, characters 331-350:
Sub-goal precondition of goal _parser__comparison'vc.
Prover result is: Valid (0.01s, 6968 steps).

File "/home/fabrice/git/pycsl/scratchpad/.pycsl_ir6cbmf_.mlw", line 1770, characters 406-425:
Sub-goal precondition of goal _parser__comparison'vc.
Prover result is: Valid (0.01s, 6977 steps).

File "/home/fabrice/git/pycsl/scratchpad/.pycsl_ir6cbmf_.mlw", line 1770, characters 481-500:
Sub-goal precondition of goal _parser__comparison'vc.
Prover result is: Valid (0.00s, 6986 steps).

File "/home/fabrice/git/pycsl/scratchpad/.pycsl_ir6cbmf_.mlw", line 1770, characters 556-575:
Sub-goal precondition of goal _parser__comparison'vc.
Prover result is: Valid (0.01s, 6995 steps).

File "/home/fabrice/git/pycsl/scratchpad/.pycsl_ir6cbmf_.mlw", line 1770, characters 631-650:
Sub-goal precondition of goal _parser__comparison'vc.
Prover result is: Valid (0.01s, 7004 steps).

File "/home/fabrice/git/pycsl/scratchpad/.pycsl_ir6cbmf_.mlw", line 1771, characters 60-83:
Sub-goal precondition of goal _parser__comparison'vc.
Prover result is: Valid (0.00s, 7193 steps).

File "/home/fabrice/git/pycsl/scratchpad/.pycsl_ir6cbmf_.mlw", line 1778, characters 43-63:
Sub-goal variant decrease of goal _parser__comparison'vc.
Prover result is: Valid (0.04s, 783639 steps).

File "/home/fabrice/git/pycsl/scratchpad/.pycsl_ir6cbmf_.mlw", line 1778, characters 43-63:
Sub-goal precondition of goal _parser__comparison'vc.
Prover result is: Valid (0.01s, 7893 steps).

File "/home/fabrice/git/pycsl/scratchpad/.pycsl_ir6cbmf_.mlw", line 1751, characters 16-51:
Sub-goal loop variant decrease of goal _parser__comparison'vc.
Prover result is: Valid (0.04s, 794958 steps).

File "/home/fabrice/git/pycsl/scratchpad/.pycsl_ir6cbmf_.mlw", line 1749, characters 18-72:
Sub-goal loop invariant preservation of goal _parser__comparison'vc.
Prover result is: Valid (0.05s, 797595 steps).

File "/home/fabrice/git/pycsl/scratchpad/.pycsl_ir6cbmf_.mlw", line 1750, characters 18-34:
Sub-goal loop invariant preservation of goal _parser__comparison'vc.
Prover result is: Valid (0.04s, 792799 steps).

File "/home/fabrice/git/pycsl/scratchpad/.pycsl_ir6cbmf_.mlw", line 1730, characters 15-19:
Sub-goal postcondition of goal _parser__comparison'vc.
Prover result is: Valid (0.01s, 7932 steps).

File "/home/fabrice/git/pycsl/scratchpad/.pycsl_ir6cbmf_.mlw", line 1731, characters 15-39:
Sub-goal postcondition of goal _parser__comparison'vc.
Prover result is: Valid (0.02s, 102930 steps).

File "/home/fabrice/git/pycsl/scratchpad/.pycsl_ir6cbmf_.mlw", line 1732, characters 15-38:
Sub-goal postcondition of goal _parser__comparison'vc.
Prover result is: Valid (0.02s, 102968 steps).

File "/home/fabrice/git/pycsl/scratchpad/.pycsl_ir6cbmf_.mlw", line 1730, characters 15-19:
Sub-goal postcondition of goal _parser__comparison'vc.
Prover result is: Valid (0.01s, 7200 steps).

File "/home/fabrice/git/pycsl/scratchpad/.pycsl_ir6cbmf_.mlw", line 1731, characters 15-39:
Sub-goal postcondition of goal _parser__comparison'vc.
Prover result is: Valid (0.01s, 92298 steps).

File "/home/fabrice/git/pycsl/scratchpad/.pycsl_ir6cbmf_.mlw", line 1732, characters 15-38:
Sub-goal postcondition of goal _parser__comparison'vc.
Prover result is: Valid (0.02s, 92336 steps).

File "/home/fabrice/git/pycsl/scratchpad/.pycsl_ir6cbmf_.mlw", line 1798, characters 8-70:
Sub-goal precondition of goal _parser__not_test'vc.
Prover result is: Valid (0.01s, 6271 steps).

File "/home/fabrice/git/pycsl/scratchpad/.pycsl_ir6cbmf_.mlw", line 1799, characters 11-34:
Sub-goal precondition of goal _parser__not_test'vc.
Prover result is: Valid (0.01s, 6472 steps).

File "/home/fabrice/git/pycsl/scratchpad/.pycsl_ir6cbmf_.mlw", line 1800, characters 17-41:
Sub-goal variant decrease of goal _parser__not_test'vc.
Prover result is: Valid (0.02s, 77911 steps).

File "/home/fabrice/git/pycsl/scratchpad/.pycsl_ir6cbmf_.mlw", line 1800, characters 17-41:
Sub-goal precondition of goal _parser__not_test'vc.
Prover result is: Valid (0.01s, 6558 steps).

File "/home/fabrice/git/pycsl/scratchpad/.pycsl_ir6cbmf_.mlw", line 1789, characters 15-19:
Sub-goal postcondition of goal _parser__not_test'vc.
Prover result is: Valid (0.00s, 6598 steps).

File "/home/fabrice/git/pycsl/scratchpad/.pycsl_ir6cbmf_.mlw", line 1790, characters 15-39:
Sub-goal postcondition of goal _parser__not_test'vc.
Prover result is: Valid (0.02s, 76137 steps).

File "/home/fabrice/git/pycsl/scratchpad/.pycsl_ir6cbmf_.mlw", line 1791, characters 15-38:
Sub-goal postcondition of goal _parser__not_test'vc.
Prover result is: Valid (0.02s, 76174 steps).

File "/home/fabrice/git/pycsl/scratchpad/.pycsl_ir6cbmf_.mlw", line 1803, characters 28-54:
Sub-goal variant decrease of goal _parser__not_test'vc.
Prover result is: Valid (0.02s, 67413 steps).

File "/home/fabrice/git/pycsl/scratchpad/.pycsl_ir6cbmf_.mlw", line 1803, characters 28-54:
Sub-goal precondition of goal _parser__not_test'vc.
Prover result is: Valid (0.01s, 6470 steps).

File "/home/fabrice/git/pycsl/scratchpad/.pycsl_ir6cbmf_.mlw", line 1789, characters 15-19:
Sub-goal postcondition of goal _parser__not_test'vc.
Prover result is: Valid (0.01s, 6510 steps).

File "/home/fabrice/git/pycsl/scratchpad/.pycsl_ir6cbmf_.mlw", line 1790, characters 15-39:
Sub-goal postcondition of goal _parser__not_test'vc.
Prover result is: Valid (0.01s, 6515 steps).

File "/home/fabrice/git/pycsl/scratchpad/.pycsl_ir6cbmf_.mlw", line 1791, characters 15-38:
Sub-goal postcondition of goal _parser__not_test'vc.
Prover result is: Valid (0.00s, 6520 steps).

File "/home/fabrice/git/pycsl/scratchpad/.pycsl_ir6cbmf_.mlw", line 1818, characters 9-28:
Sub-goal precondition of goal _parser__and_test'vc.
Prover result is: Valid (0.01s, 5295 steps).

File "/home/fabrice/git/pycsl/scratchpad/.pycsl_ir6cbmf_.mlw", line 1819, characters 12-36:
Sub-goal variant decrease of goal _parser__and_test'vc.
Prover result is: Valid (0.01s, 50585 steps).

File "/home/fabrice/git/pycsl/scratchpad/.pycsl_ir6cbmf_.mlw", line 1819, characters 12-36:
Sub-goal precondition of goal _parser__and_test'vc.
Prover result is: Valid (0.01s, 5473 steps).

File "/home/fabrice/git/pycsl/scratchpad/.pycsl_ir6cbmf_.mlw", line 1820, characters 8-70:
Sub-goal precondition of goal _parser__and_test'vc.
Prover result is: Valid (0.01s, 6489 steps).

File "/home/fabrice/git/pycsl/scratchpad/.pycsl_ir6cbmf_.mlw", line 1825, characters 20-74:
Sub-goal loop invariant init of goal _parser__and_test'vc.
Prover result is: Valid (0.02s, 87446 steps).

File "/home/fabrice/git/pycsl/scratchpad/.pycsl_ir6cbmf_.mlw", line 1826, characters 20-35:
Sub-goal loop invariant init of goal _parser__and_test'vc.
Prover result is: Valid (0.01s, 26629 steps).

File "/home/fabrice/git/pycsl/scratchpad/.pycsl_ir6cbmf_.mlw", line 1824, characters 19-50:
Sub-goal type invariant of goal _parser__and_test'vc.
Prover result is: Valid (0.01s, 7159 steps).

File "/home/fabrice/git/pycsl/scratchpad/.pycsl_ir6cbmf_.mlw", line 1824, characters 19-50:
Sub-goal type invariant of goal _parser__and_test'vc.
Prover result is: Valid (0.01s, 7166 steps).

File "/home/fabrice/git/pycsl/scratchpad/.pycsl_ir6cbmf_.mlw", line 1824, characters 19-50:
Sub-goal type invariant of goal _parser__and_test'vc.
Prover result is: Valid (0.02s, 85694 steps).

File "/home/fabrice/git/pycsl/scratchpad/.pycsl_ir6cbmf_.mlw", line 1824, characters 19-50:
Sub-goal type invariant of goal _parser__and_test'vc.
Prover result is: Valid (0.02s, 86781 steps).

File "/home/fabrice/git/pycsl/scratchpad/.pycsl_ir6cbmf_.mlw", line 1824, characters 19-50:
Sub-goal precondition of goal _parser__and_test'vc.
Prover result is: Valid (0.01s, 7174 steps).

File "/home/fabrice/git/pycsl/scratchpad/.pycsl_ir6cbmf_.mlw", line 1828, characters 35-59:
Sub-goal variant decrease of goal _parser__and_test'vc.
Prover result is: Valid (0.02s, 89560 steps).

File "/home/fabrice/git/pycsl/scratchpad/.pycsl_ir6cbmf_.mlw", line 1828, characters 35-59:
Sub-goal precondition of goal _parser__and_test'vc.
Prover result is: Valid (0.01s, 7242 steps).

File "/home/fabrice/git/pycsl/scratchpad/.pycsl_ir6cbmf_.mlw", line 1827, characters 18-53:
Sub-goal loop variant decrease of goal _parser__and_test'vc.
Prover result is: Valid (0.02s, 99572 steps).

File "/home/fabrice/git/pycsl/scratchpad/.pycsl_ir6cbmf_.mlw", line 1825, characters 20-74:
Sub-goal loop invariant preservation of goal _parser__and_test'vc.
Prover result is: Valid (0.02s, 101565 steps).

File "/home/fabrice/git/pycsl/scratchpad/.pycsl_ir6cbmf_.mlw", line 1826, characters 20-35:
Sub-goal loop invariant preservation of goal _parser__and_test'vc.
Prover result is: Valid (0.02s, 97807 steps).

File "/home/fabrice/git/pycsl/scratchpad/.pycsl_ir6cbmf_.mlw", line 1808, characters 15-19:
Sub-goal postcondition of goal _parser__and_test'vc.
Prover result is: Valid (0.01s, 7448 steps).

File "/home/fabrice/git/pycsl/scratchpad/.pycsl_ir6cbmf_.mlw", line 1809, characters 15-39:
Sub-goal postcondition of goal _parser__and_test'vc.
Prover result is: Valid (0.02s, 89125 steps).

File "/home/fabrice/git/pycsl/scratchpad/.pycsl_ir6cbmf_.mlw", line 1810, characters 15-38:
Sub-goal postcondition of goal _parser__and_test'vc.
Prover result is: Valid (0.02s, 89162 steps).

File "/home/fabrice/git/pycsl/scratchpad/.pycsl_ir6cbmf_.mlw", line 1808, characters 15-19:
Sub-goal postcondition of goal _parser__and_test'vc.
Prover result is: Valid (0.01s, 6521 steps).

File "/home/fabrice/git/pycsl/scratchpad/.pycsl_ir6cbmf_.mlw", line 1809, characters 15-39:
Sub-goal postcondition of goal _parser__and_test'vc.
Prover result is: Valid (0.00s, 6526 steps).

File "/home/fabrice/git/pycsl/scratchpad/.pycsl_ir6cbmf_.mlw", line 1810, characters 15-38:
Sub-goal postcondition of goal _parser__and_test'vc.
Prover result is: Valid (0.01s, 6531 steps).

File "/home/fabrice/git/pycsl/scratchpad/.pycsl_ir6cbmf_.mlw", line 1847, characters 9-28:
Sub-goal precondition of goal _parser__or_test'vc.
Prover result is: Valid (0.00s, 5295 steps).

File "/home/fabrice/git/pycsl/scratchpad/.pycsl_ir6cbmf_.mlw", line 1848, characters 12-36:
Sub-goal variant decrease of goal _parser__or_test'vc.
Prover result is: Valid (0.01s, 50585 steps).

File "/home/fabrice/git/pycsl/scratchpad/.pycsl_ir6cbmf_.mlw", line 1848, characters 12-36:
Sub-goal precondition of goal _parser__or_test'vc.
Prover result is: Valid (0.00s, 5473 steps).

File "/home/fabrice/git/pycsl/scratchpad/.pycsl_ir6cbmf_.mlw", line 1849, characters 8-69:
Sub-goal precondition of goal _parser__or_test'vc.
Prover result is: Valid (0.00s, 6489 steps).

File "/home/fabrice/git/pycsl/scratchpad/.pycsl_ir6cbmf_.mlw", line 1854, characters 20-74:
Sub-goal loop invariant init of goal _parser__or_test'vc.
Prover result is: Valid (0.02s, 87355 steps).

File "/home/fabrice/git/pycsl/scratchpad/.pycsl_ir6cbmf_.mlw", line 1855, characters 20-35:
Sub-goal loop invariant init of goal _parser__or_test'vc.
Prover result is: Valid (0.01s, 26629 steps).

File "/home/fabrice/git/pycsl/scratchpad/.pycsl_ir6cbmf_.mlw", line 1853, characters 19-49:
Sub-goal type invariant of goal _parser__or_test'vc.
Prover result is: Valid (0.01s, 7159 steps).

File "/home/fabrice/git/pycsl/scratchpad/.pycsl_ir6cbmf_.mlw", line 1853, characters 19-49:
Sub-goal type invariant of goal _parser__or_test'vc.
Prover result is: Valid (0.00s, 7166 steps).

File "/home/fabrice/git/pycsl/scratchpad/.pycsl_ir6cbmf_.mlw", line 1853, characters 19-49:
Sub-goal type invariant of goal _parser__or_test'vc.
Prover result is: Valid (0.02s, 85617 steps).

File "/home/fabrice/git/pycsl/scratchpad/.pycsl_ir6cbmf_.mlw", line 1853, characters 19-49:
Sub-goal type invariant of goal _parser__or_test'vc.
Prover result is: Valid (0.02s, 86696 steps).

File "/home/fabrice/git/pycsl/scratchpad/.pycsl_ir6cbmf_.mlw", line 1853, characters 19-49:
Sub-goal precondition of goal _parser__or_test'vc.
Prover result is: Valid (0.01s, 7174 steps).

File "/home/fabrice/git/pycsl/scratchpad/.pycsl_ir6cbmf_.mlw", line 1857, characters 35-59:
Sub-goal variant decrease of goal _parser__or_test'vc.
Prover result is: Valid (0.02s, 89469 steps).

File "/home/fabrice/git/pycsl/scratchpad/.pycsl_ir6cbmf_.mlw", line 1857, characters 35-59:
Sub-goal precondition of goal _parser__or_test'vc.
Prover result is: Valid (0.00s, 7242 steps).

File "/home/fabrice/git/pycsl/scratchpad/.pycsl_ir6cbmf_.mlw", line 1856, characters 18-53:
Sub-goal loop variant decrease of goal _parser__or_test'vc.
Prover result is: Valid (0.02s, 99485 steps).

File "/home/fabrice/git/pycsl/scratchpad/.pycsl_ir6cbmf_.mlw", line 1854, characters 20-74:
Sub-goal loop invariant preservation of goal _parser__or_test'vc.
Prover result is: Valid (0.02s, 101474 steps).

File "/home/fabrice/git/pycsl/scratchpad/.pycsl_ir6cbmf_.mlw", line 1855, characters 20-35:
Sub-goal loop invariant preservation of goal _parser__or_test'vc.
Prover result is: Valid (0.02s, 97730 steps).

File "/home/fabrice/git/pycsl/scratchpad/.pycsl_ir6cbmf_.mlw", line 1837, characters 15-19:
Sub-goal postcondition of goal _parser__or_test'vc.
Prover result is: Valid (0.01s, 7448 steps).

File "/home/fabrice/git/pycsl/scratchpad/.pycsl_ir6cbmf_.mlw", line 1838, characters 15-39:
Sub-goal postcondition of goal _parser__or_test'vc.
Prover result is: Valid (0.02s, 89048 steps).

File "/home/fabrice/git/pycsl/scratchpad/.pycsl_ir6cbmf_.mlw", line 1839, characters 15-38:
Sub-goal postcondition of goal _parser__or_test'vc.
Prover result is: Valid (0.01s, 89085 steps).

File "/home/fabrice/git/pycsl/scratchpad/.pycsl_ir6cbmf_.mlw", line 1837, characters 15-19:
Sub-goal postcondition of goal _parser__or_test'vc.
Prover result is: Valid (0.01s, 6521 steps).

File "/home/fabrice/git/pycsl/scratchpad/.pycsl_ir6cbmf_.mlw", line 1838, characters 15-39:
Sub-goal postcondition of goal _parser__or_test'vc.
Prover result is: Valid (0.00s, 6526 steps).

File "/home/fabrice/git/pycsl/scratchpad/.pycsl_ir6cbmf_.mlw", line 1839, characters 15-38:
Sub-goal postcondition of goal _parser__or_test'vc.
Prover result is: Valid (0.01s, 6531 steps).

File "/home/fabrice/git/pycsl/scratchpad/.pycsl_ir6cbmf_.mlw", line 1891, characters 18-72:
Sub-goal loop invariant init of goal _parser__lambda_parameters'vc.
Prover result is: Valid (0.01s, 49777 steps).

File "/home/fabrice/git/pycsl/scratchpad/.pycsl_ir6cbmf_.mlw", line 1892, characters 18-33:
Sub-goal loop invariant init of goal _parser__lambda_parameters'vc.
Prover result is: Valid (0.01s, 14170 steps).

File "/home/fabrice/git/pycsl/scratchpad/.pycsl_ir6cbmf_.mlw", line 1890, characters 16-76:
Sub-goal type invariant of goal _parser__lambda_parameters'vc.
Prover result is: Valid (0.01s, 6461 steps).

File "/home/fabrice/git/pycsl/scratchpad/.pycsl_ir6cbmf_.mlw", line 1890, characters 16-76:
Sub-goal type invariant of goal _parser__lambda_parameters'vc.
Prover result is: Valid (0.00s, 6468 steps).

File "/home/fabrice/git/pycsl/scratchpad/.pycsl_ir6cbmf_.mlw", line 1890, characters 16-76:
Sub-goal type invariant of goal _parser__lambda_parameters'vc.
Prover result is: Valid (0.01s, 66441 steps).

File "/home/fabrice/git/pycsl/scratchpad/.pycsl_ir6cbmf_.mlw", line 1890, characters 16-76:
Sub-goal type invariant of goal _parser__lambda_parameters'vc.
Prover result is: Valid (0.02s, 68258 steps).

File "/home/fabrice/git/pycsl/scratchpad/.pycsl_ir6cbmf_.mlw", line 1890, characters 16-76:
Sub-goal precondition of goal _parser__lambda_parameters'vc.
Prover result is: Valid (0.01s, 6476 steps).

File "/home/fabrice/git/pycsl/scratchpad/.pycsl_ir6cbmf_.mlw", line 1895, characters 10-70:
Sub-goal precondition of goal _parser__lambda_parameters'vc.
Prover result is: Valid (0.01s, 6564 steps).

File "/home/fabrice/git/pycsl/scratchpad/.pycsl_ir6cbmf_.mlw", line 1896, characters 16-39:
Sub-goal precondition of goal _parser__lambda_parameters'vc.
Prover result is: Valid (0.01s, 6680 steps).

File "/home/fabrice/git/pycsl/scratchpad/.pycsl_ir6cbmf_.mlw", line 1899, characters 16-45:
Sub-goal precondition of goal _parser__lambda_parameters'vc.
Prover result is: Valid (0.01s, 6803 steps).

File "/home/fabrice/git/pycsl/scratchpad/.pycsl_ir6cbmf_.mlw", line 1893, characters 16-51:
Sub-goal loop variant decrease of goal _parser__lambda_parameters'vc.
Prover result is: Valid (0.02s, 93977 steps).

File "/home/fabrice/git/pycsl/scratchpad/.pycsl_ir6cbmf_.mlw", line 1891, characters 18-72:
Sub-goal loop invariant preservation of goal _parser__lambda_parameters'vc.
Prover result is: Valid (0.02s, 88671 steps).

File "/home/fabrice/git/pycsl/scratchpad/.pycsl_ir6cbmf_.mlw", line 1892, characters 18-33:
Sub-goal loop invariant preservation of goal _parser__lambda_parameters'vc.
Prover result is: Valid (0.02s, 86602 steps).

File "/home/fabrice/git/pycsl/scratchpad/.pycsl_ir6cbmf_.mlw", line 1902, characters 10-70:
Sub-goal precondition of goal _parser__lambda_parameters'vc.
Prover result is: Valid (0.01s, 6763 steps).

File "/home/fabrice/git/pycsl/scratchpad/.pycsl_ir6cbmf_.mlw", line 1903, characters 16-39:
Sub-goal precondition of goal _parser__lambda_parameters'vc.
Prover result is: Valid (0.01s, 6789 steps).

File "/home/fabrice/git/pycsl/scratchpad/.pycsl_ir6cbmf_.mlw", line 1904, characters 17-77:
Sub-goal precondition of goal _parser__lambda_parameters'vc.
Prover result is: Valid (0.01s, 6945 steps).

File "/home/fabrice/git/pycsl/scratchpad/.pycsl_ir6cbmf_.mlw", line 1904, characters 88-148:
Sub-goal precondition of goal _parser__lambda_parameters'vc.
Prover result is: Valid (0.00s, 7025 steps).

File "/home/fabrice/git/pycsl/scratchpad/.pycsl_ir6cbmf_.mlw", line 1910, characters 16-45:
Sub-goal precondition of goal _parser__lambda_parameters'vc.
Prover result is: Valid (0.00s, 7160 steps).

File "/home/fabrice/git/pycsl/scratchpad/.pycsl_ir6cbmf_.mlw", line 1893, characters 16-51:
Sub-goal loop variant decrease of goal _parser__lambda_parameters'vc.
Prover result is: Valid (0.02s, 101992 steps).

File "/home/fabrice/git/pycsl/scratchpad/.pycsl_ir6cbmf_.mlw", line 1891, characters 18-72:
Sub-goal loop invariant preservation of goal _parser__lambda_parameters'vc.
Prover result is: Valid (0.02s, 91930 steps).

File "/home/fabrice/git/pycsl/scratchpad/.pycsl_ir6cbmf_.mlw", line 1892, characters 18-33:
Sub-goal loop invariant preservation of goal _parser__lambda_parameters'vc.
Prover result is: Valid (0.01s, 88915 steps).

File "/home/fabrice/git/pycsl/scratchpad/.pycsl_ir6cbmf_.mlw", line 1907, characters 29-56:
Sub-goal precondition of goal _parser__lambda_parameters'vc.
Prover result is: Valid (0.00s, 7153 steps).

File "/home/fabrice/git/pycsl/scratchpad/.pycsl_ir6cbmf_.mlw", line 1910, characters 16-45:
Sub-goal precondition of goal _parser__lambda_parameters'vc.
Prover result is: Valid (0.01s, 7206 steps).

File "/home/fabrice/git/pycsl/scratchpad/.pycsl_ir6cbmf_.mlw", line 1893, characters 16-51:
Sub-goal loop variant decrease of goal _parser__lambda_parameters'vc.
Prover result is: Valid (0.02s, 90089 steps).

File "/home/fabrice/git/pycsl/scratchpad/.pycsl_ir6cbmf_.mlw", line 1891, characters 18-72:
Sub-goal loop invariant preservation of goal _parser__lambda_parameters'vc.
Prover result is: Valid (0.02s, 92225 steps).

File "/home/fabrice/git/pycsl/scratchpad/.pycsl_ir6cbmf_.mlw", line 1892, characters 18-33:
Sub-goal loop invariant preservation of goal _parser__lambda_parameters'vc.
Prover result is: Valid (0.02s, 88862 steps).

File "/home/fabrice/git/pycsl/scratchpad/.pycsl_ir6cbmf_.mlw", line 1913, characters 10-71:
Sub-goal precondition of goal _parser__lambda_parameters'vc.
Prover result is: Valid (0.00s, 6872 steps).

File "/home/fabrice/git/pycsl/scratchpad/.pycsl_ir6cbmf_.mlw", line 1914, characters 16-39:
Sub-goal precondition of goal _parser__lambda_parameters'vc.
Prover result is: Valid (0.00s, 6892 steps).

File "/home/fabrice/git/pycsl/scratchpad/.pycsl_ir6cbmf_.mlw", line 1915, characters 26-53:
Sub-goal precondition of goal _parser__lambda_parameters'vc.
Prover result is: Valid (0.00s, 6963 steps).

File "/home/fabrice/git/pycsl/scratchpad/.pycsl_ir6cbmf_.mlw", line 1916, characters 16-45:
Sub-goal precondition of goal _parser__lambda_parameters'vc.
Prover result is: Valid (0.00s, 7011 steps).

File "/home/fabrice/git/pycsl/scratchpad/.pycsl_ir6cbmf_.mlw", line 1893, characters 16-51:
Sub-goal loop variant decrease of goal _parser__lambda_parameters'vc.
Prover result is: Valid (0.02s, 88899 steps).

File "/home/fabrice/git/pycsl/scratchpad/.pycsl_ir6cbmf_.mlw", line 1891, characters 18-72:
Sub-goal loop invariant preservation of goal _parser__lambda_parameters'vc.
Prover result is: Valid (0.02s, 91045 steps).

File "/home/fabrice/git/pycsl/scratchpad/.pycsl_ir6cbmf_.mlw", line 1892, characters 18-33:
Sub-goal loop invariant preservation of goal _parser__lambda_parameters'vc.
Prover result is: Valid (0.02s, 87686 steps).

File "/home/fabrice/git/pycsl/scratchpad/.pycsl_ir6cbmf_.mlw", line 1919, characters 11-38:
Sub-goal precondition of goal _parser__lambda_parameters'vc.
Prover result is: Valid (0.01s, 6890 steps).

File "/home/fabrice/git/pycsl/scratchpad/.pycsl_ir6cbmf_.mlw", line 1921, characters 16-45:
Sub-goal precondition of goal _parser__lambda_parameters'vc.
Prover result is: Valid (0.01s, 6934 steps).

File "/home/fabrice/git/pycsl/scratchpad/.pycsl_ir6cbmf_.mlw", line 1922, characters 28-48:
Sub-goal variant decrease of goal _parser__lambda_parameters'vc.
Prover result is: Valid (0.02s, 81754 steps).

File "/home/fabrice/git/pycsl/scratchpad/.pycsl_ir6cbmf_.mlw", line 1922, characters 28-48:
Sub-goal precondition of goal _parser__lambda_parameters'vc.
Prover result is: Valid (0.00s, 7000 steps).

File "/home/fabrice/git/pycsl/scratchpad/.pycsl_ir6cbmf_.mlw", line 1933, characters 14-43:
Sub-goal precondition of goal _parser__lambda_parameters'vc.
Prover result is: Valid (0.01s, 9135 steps).

File "/home/fabrice/git/pycsl/scratchpad/.pycsl_ir6cbmf_.mlw", line 1893, characters 16-51:
Sub-goal loop variant decrease of goal _parser__lambda_parameters'vc.
Prover result is: Valid (0.02s, 120113 steps).

File "/home/fabrice/git/pycsl/scratchpad/.pycsl_ir6cbmf_.mlw", line 1891, characters 18-72:
Sub-goal loop invariant preservation of goal _parser__lambda_parameters'vc.
Prover result is: Valid (0.02s, 123541 steps).

File "/home/fabrice/git/pycsl/scratchpad/.pycsl_ir6cbmf_.mlw", line 1892, characters 18-33:
Sub-goal loop invariant preservation of goal _parser__lambda_parameters'vc.
Prover result is: Valid (0.02s, 118487 steps).

File "/home/fabrice/git/pycsl/scratchpad/.pycsl_ir6cbmf_.mlw", line 1933, characters 14-43:
Sub-goal precondition of goal _parser__lambda_parameters'vc.
Prover result is: Valid (0.01s, 8480 steps).

File "/home/fabrice/git/pycsl/scratchpad/.pycsl_ir6cbmf_.mlw", line 1893, characters 16-51:
Sub-goal loop variant decrease of goal _parser__lambda_parameters'vc.
Prover result is: Valid (0.02s, 106948 steps).

File "/home/fabrice/git/pycsl/scratchpad/.pycsl_ir6cbmf_.mlw", line 1891, characters 18-72:
Sub-goal loop invariant preservation of goal _parser__lambda_parameters'vc.
Prover result is: Valid (0.02s, 110580 steps).

File "/home/fabrice/git/pycsl/scratchpad/.pycsl_ir6cbmf_.mlw", line 1892, characters 18-33:
Sub-goal loop invariant preservation of goal _parser__lambda_parameters'vc.
Prover result is: Valid (0.02s, 105348 steps).

File "/home/fabrice/git/pycsl/scratchpad/.pycsl_ir6cbmf_.mlw", line 1933, characters 14-43:
Sub-goal precondition of goal _parser__lambda_parameters'vc.
Prover result is: Valid (0.01s, 8343 steps).

File "/home/fabrice/git/pycsl/scratchpad/.pycsl_ir6cbmf_.mlw", line 1893, characters 16-51:
Sub-goal loop variant decrease of goal _parser__lambda_parameters'vc.
Prover result is: Valid (0.01s, 31996 steps).

File "/home/fabrice/git/pycsl/scratchpad/.pycsl_ir6cbmf_.mlw", line 1891, characters 18-72:
Sub-goal loop invariant preservation of goal _parser__lambda_parameters'vc.
Prover result is: Valid (0.01s, 31856 steps).

File "/home/fabrice/git/pycsl/scratchpad/.pycsl_ir6cbmf_.mlw", line 1892, characters 18-33:
Sub-goal loop invariant preservation of goal _parser__lambda_parameters'vc.
Prover result is: Valid (0.01s, 31847 steps).

File "/home/fabrice/git/pycsl/scratchpad/.pycsl_ir6cbmf_.mlw", line 1933, characters 14-43:
Sub-goal precondition of goal _parser__lambda_parameters'vc.
Prover result is: Valid (0.01s, 9095 steps).

File "/home/fabrice/git/pycsl/scratchpad/.pycsl_ir6cbmf_.mlw", line 1893, characters 16-51:
Sub-goal loop variant decrease of goal _parser__lambda_parameters'vc.
Prover result is: Valid (0.02s, 119373 steps).

File "/home/fabrice/git/pycsl/scratchpad/.pycsl_ir6cbmf_.mlw", line 1891, characters 18-72:
Sub-goal loop invariant preservation of goal _parser__lambda_parameters'vc.
Prover result is: Valid (0.02s, 122164 steps).

File "/home/fabrice/git/pycsl/scratchpad/.pycsl_ir6cbmf_.mlw", line 1892, characters 18-33:
Sub-goal loop invariant preservation of goal _parser__lambda_parameters'vc.
Prover result is: Valid (0.02s, 117806 steps).

File "/home/fabrice/git/pycsl/scratchpad/.pycsl_ir6cbmf_.mlw", line 1933, characters 14-43:
Sub-goal precondition of goal _parser__lambda_parameters'vc.
Prover result is: Valid (0.01s, 8440 steps).

File "/home/fabrice/git/pycsl/scratchpad/.pycsl_ir6cbmf_.mlw", line 1893, characters 16-51:
Sub-goal loop variant decrease of goal _parser__lambda_parameters'vc.
Prover result is: Valid (0.01s, 14489 steps).

File "/home/fabrice/git/pycsl/scratchpad/.pycsl_ir6cbmf_.mlw", line 1891, characters 18-72:
Sub-goal loop invariant preservation of goal _parser__lambda_parameters'vc.
Prover result is: Valid (0.01s, 14447 steps).

File "/home/fabrice/git/pycsl/scratchpad/.pycsl_ir6cbmf_.mlw", line 1892, characters 18-33:
Sub-goal loop invariant preservation of goal _parser__lambda_parameters'vc.
Prover result is: Valid (0.01s, 14450 steps).

File "/home/fabrice/git/pycsl/scratchpad/.pycsl_ir6cbmf_.mlw", line 1933, characters 14-43:
Sub-goal precondition of goal _parser__lambda_parameters'vc.
Prover result is: Valid (0.01s, 8303 steps).

File "/home/fabrice/git/pycsl/scratchpad/.pycsl_ir6cbmf_.mlw", line 1893, characters 16-51:
Sub-goal loop variant decrease of goal _parser__lambda_parameters'vc.
Prover result is: Valid (0.02s, 104257 steps).

File "/home/fabrice/git/pycsl/scratchpad/.pycsl_ir6cbmf_.mlw", line 1891, characters 18-72:
Sub-goal loop invariant preservation of goal _parser__lambda_parameters'vc.
Prover result is: Valid (0.02s, 106745 steps).

File "/home/fabrice/git/pycsl/scratchpad/.pycsl_ir6cbmf_.mlw", line 1892, characters 18-33:
Sub-goal loop invariant preservation of goal _parser__lambda_parameters'vc.
Prover result is: Valid (0.02s, 102888 steps).

File "/home/fabrice/git/pycsl/scratchpad/.pycsl_ir6cbmf_.mlw", line 1866, characters 15-19:
Sub-goal postcondition of goal _parser__lambda_parameters'vc.
Prover result is: Valid (0.01s, 8201 steps).

File "/home/fabrice/git/pycsl/scratchpad/.pycsl_ir6cbmf_.mlw", line 1867, characters 15-39:
Sub-goal postcondition of goal _parser__lambda_parameters'vc.
Prover result is: Valid (0.01s, 28060 steps).

File "/home/fabrice/git/pycsl/scratchpad/.pycsl_ir6cbmf_.mlw", line 1948, characters 9-32:
Sub-goal precondition of goal _parser__lambdef'vc.
Prover result is: Valid (0.01s, 5477 steps).

File "/home/fabrice/git/pycsl/scratchpad/.pycsl_ir6cbmf_.mlw", line 1949, characters 8-68:
Sub-goal precondition of goal _parser__lambdef'vc.
Prover result is: Valid (0.01s, 6539 steps).

File "/home/fabrice/git/pycsl/scratchpad/.pycsl_ir6cbmf_.mlw", line 1954, characters 12-41:
Sub-goal precondition of goal _parser__lambdef'vc.
Prover result is: Valid (0.01s, 6580 steps).

File "/home/fabrice/git/pycsl/scratchpad/.pycsl_ir6cbmf_.mlw", line 1955, characters 12-32:
Sub-goal variant decrease of goal _parser__lambdef'vc.
Prover result is: Valid (0.02s, 78474 steps).

File "/home/fabrice/git/pycsl/scratchpad/.pycsl_ir6cbmf_.mlw", line 1955, characters 12-32:
Sub-goal precondition of goal _parser__lambdef'vc.
Prover result is: Valid (0.00s, 6614 steps).

File "/home/fabrice/git/pycsl/scratchpad/.pycsl_ir6cbmf_.mlw", line 1939, characters 15-19:
Sub-goal postcondition of goal _parser__lambdef'vc.
Prover result is: Valid (0.01s, 6656 steps).

File "/home/fabrice/git/pycsl/scratchpad/.pycsl_ir6cbmf_.mlw", line 1940, characters 15-39:
Sub-goal postcondition of goal _parser__lambdef'vc.
Prover result is: Valid (0.02s, 76697 steps).

File "/home/fabrice/git/pycsl/scratchpad/.pycsl_ir6cbmf_.mlw", line 1941, characters 15-38:
Sub-goal postcondition of goal _parser__lambdef'vc.
Prover result is: Valid (0.02s, 76734 steps).

File "/home/fabrice/git/pycsl/scratchpad/.pycsl_ir6cbmf_.mlw", line 1952, characters 14-47:
Sub-goal variant decrease of goal _parser__lambdef'vc.
Prover result is: Valid (0.02s, 71482 steps).

File "/home/fabrice/git/pycsl/scratchpad/.pycsl_ir6cbmf_.mlw", line 1952, characters 14-47:
Sub-goal precondition of goal _parser__lambdef'vc.
Prover result is: Valid (0.00s, 6569 steps).

File "/home/fabrice/git/pycsl/scratchpad/.pycsl_ir6cbmf_.mlw", line 1954, characters 12-41:
Sub-goal precondition of goal _parser__lambdef'vc.
Prover result is: Valid (0.01s, 6596 steps).

File "/home/fabrice/git/pycsl/scratchpad/.pycsl_ir6cbmf_.mlw", line 1955, characters 12-32:
Sub-goal variant decrease of goal _parser__lambdef'vc.
Prover result is: Valid (0.02s, 73461 steps).

File "/home/fabrice/git/pycsl/scratchpad/.pycsl_ir6cbmf_.mlw", line 1955, characters 12-32:
Sub-goal precondition of goal _parser__lambdef'vc.
Prover result is: Valid (0.01s, 6632 steps).

File "/home/fabrice/git/pycsl/scratchpad/.pycsl_ir6cbmf_.mlw", line 1939, characters 15-19:
Sub-goal postcondition of goal _parser__lambdef'vc.
Prover result is: Valid (0.00s, 6674 steps).

File "/home/fabrice/git/pycsl/scratchpad/.pycsl_ir6cbmf_.mlw", line 1940, characters 15-39:
Sub-goal postcondition of goal _parser__lambdef'vc.
Prover result is: Valid (0.02s, 71574 steps).

File "/home/fabrice/git/pycsl/scratchpad/.pycsl_ir6cbmf_.mlw", line 1941, characters 15-38:
Sub-goal postcondition of goal _parser__lambdef'vc.
Prover result is: Valid (0.01s, 71611 steps).

File "/home/fabrice/git/pycsl/scratchpad/.pycsl_ir6cbmf_.mlw", line 1970, characters 8-73:
Sub-goal precondition of goal _parser__test'vc.
Prover result is: Valid (0.00s, 6271 steps).

File "/home/fabrice/git/pycsl/scratchpad/.pycsl_ir6cbmf_.mlw", line 1971, characters 28-51:
Sub-goal variant decrease of goal _parser__test'vc.
Prover result is: Valid (0.02s, 73011 steps).

File "/home/fabrice/git/pycsl/scratchpad/.pycsl_ir6cbmf_.mlw", line 1971, characters 28-51:
Sub-goal precondition of goal _parser__test'vc.
Prover result is: Valid (0.01s, 10852 steps).

File "/home/fabrice/git/pycsl/scratchpad/.pycsl_ir6cbmf_.mlw", line 1959, characters 15-19:
Sub-goal postcondition of goal _parser__test'vc.
Prover result is: Valid (0.00s, 6512 steps).

File "/home/fabrice/git/pycsl/scratchpad/.pycsl_ir6cbmf_.mlw", line 1960, characters 15-39:
Sub-goal postcondition of goal _parser__test'vc.
Prover result is: Valid (0.00s, 6517 steps).

File "/home/fabrice/git/pycsl/scratchpad/.pycsl_ir6cbmf_.mlw", line 1961, characters 15-38:
Sub-goal postcondition of goal _parser__test'vc.
Prover result is: Valid (0.01s, 6522 steps).

File "/home/fabrice/git/pycsl/scratchpad/.pycsl_ir6cbmf_.mlw", line 1973, characters 11-30:
Sub-goal precondition of goal _parser__test'vc.
Prover result is: Valid (0.01s, 6470 steps).

File "/home/fabrice/git/pycsl/scratchpad/.pycsl_ir6cbmf_.mlw", line 1974, characters 14-37:
Sub-goal variant decrease of goal _parser__test'vc.
Prover result is: Valid (0.02s, 67662 steps).

File "/home/fabrice/git/pycsl/scratchpad/.pycsl_ir6cbmf_.mlw", line 1974, characters 14-37:
Sub-goal precondition of goal _parser__test'vc.
Prover result is: Valid (0.01s, 6477 steps).

File "/home/fabrice/git/pycsl/scratchpad/.pycsl_ir6cbmf_.mlw", line 1975, characters 10-71:
Sub-goal precondition of goal _parser__test'vc.
Prover result is: Valid (0.00s, 6604 steps).

File "/home/fabrice/git/pycsl/scratchpad/.pycsl_ir6cbmf_.mlw", line 1976, characters 16-39:
Sub-goal precondition of goal _parser__test'vc.
Prover result is: Valid (0.01s, 6638 steps).

File "/home/fabrice/git/pycsl/scratchpad/.pycsl_ir6cbmf_.mlw", line 1977, characters 16-39:
Sub-goal variant decrease of goal _parser__test'vc.
Prover result is: Valid (0.02s, 82014 steps).

File "/home/fabrice/git/pycsl/scratchpad/.pycsl_ir6cbmf_.mlw", line 1977, characters 16-39:
Sub-goal precondition of goal _parser__test'vc.
Prover result is: Valid (0.01s, 6724 steps).

File "/home/fabrice/git/pycsl/scratchpad/.pycsl_ir6cbmf_.mlw", line 1978, characters 16-48:
Sub-goal precondition of goal _parser__test'vc.
Prover result is: Valid (0.00s, 6764 steps).

File "/home/fabrice/git/pycsl/scratchpad/.pycsl_ir6cbmf_.mlw", line 1979, characters 18-38:
Sub-goal variant decrease of goal _parser__test'vc.
Prover result is: Valid (0.02s, 82377 steps).

File "/home/fabrice/git/pycsl/scratchpad/.pycsl_ir6cbmf_.mlw", line 1979, characters 18-38:
Sub-goal precondition of goal _parser__test'vc.
Prover result is: Valid (0.00s, 6800 steps).

File "/home/fabrice/git/pycsl/scratchpad/.pycsl_ir6cbmf_.mlw", line 1959, characters 15-19:
Sub-goal postcondition of goal _parser__test'vc.
Prover result is: Valid (0.01s, 6842 steps).

File "/home/fabrice/git/pycsl/scratchpad/.pycsl_ir6cbmf_.mlw", line 1960, characters 15-39:
Sub-goal postcondition of goal _parser__test'vc.
Prover result is: Valid (0.01s, 81057 steps).

File "/home/fabrice/git/pycsl/scratchpad/.pycsl_ir6cbmf_.mlw", line 1961, characters 15-38:
Sub-goal postcondition of goal _parser__test'vc.
Prover result is: Valid (0.01s, 81094 steps).

File "/home/fabrice/git/pycsl/scratchpad/.pycsl_ir6cbmf_.mlw", line 1959, characters 15-19:
Sub-goal postcondition of goal _parser__test'vc.
Prover result is: Valid (0.00s, 6636 steps).

File "/home/fabrice/git/pycsl/scratchpad/.pycsl_ir6cbmf_.mlw", line 1960, characters 15-39:
Sub-goal postcondition of goal _parser__test'vc.
Prover result is: Valid (0.00s, 6641 steps).

File "/home/fabrice/git/pycsl/scratchpad/.pycsl_ir6cbmf_.mlw", line 1961, characters 15-38:
Sub-goal postcondition of goal _parser__test'vc.
Prover result is: Valid (0.00s, 6646 steps).

File "/home/fabrice/git/pycsl/scratchpad/.pycsl_ir6cbmf_.mlw", line 1998, characters 12-35:
Sub-goal precondition of goal _parser___dict_rest'vc.
Prover result is: Valid (0.00s, 5477 steps).

File "/home/fabrice/git/pycsl/scratchpad/.pycsl_ir6cbmf_.mlw", line 2000, characters 31-51:
Sub-goal variant decrease of goal _parser___dict_rest'vc.
Prover result is: Valid (0.02s, 67250 steps).

File "/home/fabrice/git/pycsl/scratchpad/.pycsl_ir6cbmf_.mlw", line 2000, characters 31-51:
Sub-goal precondition of goal _parser___dict_rest'vc.
Prover result is: Valid (0.00s, 6539 steps).

File "/home/fabrice/git/pycsl/scratchpad/.pycsl_ir6cbmf_.mlw", line 2005, characters 18-72:
Sub-goal loop invariant init of goal _parser___dict_rest'vc.
Prover result is: Valid (0.02s, 79410 steps).

File "/home/fabrice/git/pycsl/scratchpad/.pycsl_ir6cbmf_.mlw", line 2006, characters 18-33:
Sub-goal loop invariant init of goal _parser___dict_rest'vc.
Prover result is: Valid (0.01s, 26824 steps).

File "/home/fabrice/git/pycsl/scratchpad/.pycsl_ir6cbmf_.mlw", line 2004, characters 17-46:
Sub-goal type invariant of goal _parser___dict_rest'vc.
Prover result is: Valid (0.01s, 7202 steps).

File "/home/fabrice/git/pycsl/scratchpad/.pycsl_ir6cbmf_.mlw", line 2004, characters 17-46:
Sub-goal type invariant of goal _parser___dict_rest'vc.
Prover result is: Valid (0.01s, 7209 steps).

File "/home/fabrice/git/pycsl/scratchpad/.pycsl_ir6cbmf_.mlw", line 2004, characters 17-46:
Sub-goal type invariant of goal _parser___dict_rest'vc.
Prover result is: Valid (0.01s, 77537 steps).

File "/home/fabrice/git/pycsl/scratchpad/.pycsl_ir6cbmf_.mlw", line 2004, characters 17-46:
Sub-goal type invariant of goal _parser___dict_rest'vc.
Prover result is: Valid (0.01s, 78648 steps).

File "/home/fabrice/git/pycsl/scratchpad/.pycsl_ir6cbmf_.mlw", line 2004, characters 17-46:
Sub-goal precondition of goal _parser___dict_rest'vc.
Prover result is: Valid (0.00s, 7217 steps).

File "/home/fabrice/git/pycsl/scratchpad/.pycsl_ir6cbmf_.mlw", line 2008, characters 10-70:
Sub-goal precondition of goal _parser___dict_rest'vc.
Prover result is: Valid (0.01s, 7870 steps).

File "/home/fabrice/git/pycsl/scratchpad/.pycsl_ir6cbmf_.mlw", line 2024, characters 21-50:
Sub-goal precondition of goal _parser___dict_rest'vc.
Prover result is: Valid (0.01s, 7904 steps).

File "/home/fabrice/git/pycsl/scratchpad/.pycsl_ir6cbmf_.mlw", line 1988, characters 15-19:
Sub-goal postcondition of goal _parser___dict_rest'vc.
Prover result is: Valid (0.01s, 8324 steps).

File "/home/fabrice/git/pycsl/scratchpad/.pycsl_ir6cbmf_.mlw", line 1989, characters 15-39:
Sub-goal postcondition of goal _parser___dict_rest'vc.
Prover result is: Valid (0.02s, 99891 steps).

File "/home/fabrice/git/pycsl/scratchpad/.pycsl_ir6cbmf_.mlw", line 2011, characters 10-71:
Sub-goal precondition of goal _parser___dict_rest'vc.
Prover result is: Valid (0.01s, 7989 steps).

File "/home/fabrice/git/pycsl/scratchpad/.pycsl_ir6cbmf_.mlw", line 2012, characters 16-39:
Sub-goal precondition of goal _parser___dict_rest'vc.
Prover result is: Valid (0.01s, 8015 steps).

File "/home/fabrice/git/pycsl/scratchpad/.pycsl_ir6cbmf_.mlw", line 2014, characters 35-55:
Sub-goal variant decrease of goal _parser___dict_rest'vc.
Prover result is: Valid (0.02s, 114855 steps).

File "/home/fabrice/git/pycsl/scratchpad/.pycsl_ir6cbmf_.mlw", line 2014, characters 35-55:
Sub-goal precondition of goal _parser___dict_rest'vc.
Prover result is: Valid (0.00s, 9062 steps).

File "/home/fabrice/git/pycsl/scratchpad/.pycsl_ir6cbmf_.mlw", line 2007, characters 16-51:
Sub-goal loop variant decrease of goal _parser___dict_rest'vc.
Prover result is: Valid (0.02s, 113661 steps).

File "/home/fabrice/git/pycsl/scratchpad/.pycsl_ir6cbmf_.mlw", line 2005, characters 18-72:
Sub-goal loop invariant preservation of goal _parser___dict_rest'vc.
Prover result is: Valid (0.02s, 117954 steps).

File "/home/fabrice/git/pycsl/scratchpad/.pycsl_ir6cbmf_.mlw", line 2006, characters 18-33:
Sub-goal loop invariant preservation of goal _parser___dict_rest'vc.
Prover result is: Valid (0.02s, 111099 steps).

File "/home/fabrice/git/pycsl/scratchpad/.pycsl_ir6cbmf_.mlw", line 2016, characters 13-33:
Sub-goal variant decrease of goal _parser___dict_rest'vc.
Prover result is: Valid (0.02s, 89438 steps).

File "/home/fabrice/git/pycsl/scratchpad/.pycsl_ir6cbmf_.mlw", line 2016, characters 13-33:
Sub-goal precondition of goal _parser___dict_rest'vc.
Prover result is: Valid (0.00s, 8013 steps).

File "/home/fabrice/git/pycsl/scratchpad/.pycsl_ir6cbmf_.mlw", line 2017, characters 16-45:
Sub-goal precondition of goal _parser___dict_rest'vc.
Prover result is: Valid (0.01s, 8053 steps).

File "/home/fabrice/git/pycsl/scratchpad/.pycsl_ir6cbmf_.mlw", line 2018, characters 13-33:
Sub-goal variant decrease of goal _parser___dict_rest'vc.
Prover result is: Valid (0.02s, 90898 steps).

File "/home/fabrice/git/pycsl/scratchpad/.pycsl_ir6cbmf_.mlw", line 2018, characters 13-33:
Sub-goal precondition of goal _parser___dict_rest'vc.
Prover result is: Valid (0.01s, 8089 steps).

File "/home/fabrice/git/pycsl/scratchpad/.pycsl_ir6cbmf_.mlw", line 2007, characters 16-51:
Sub-goal loop variant decrease of goal _parser___dict_rest'vc.
Prover result is: Valid (0.02s, 110198 steps).

File "/home/fabrice/git/pycsl/scratchpad/.pycsl_ir6cbmf_.mlw", line 2005, characters 18-72:
Sub-goal loop invariant preservation of goal _parser___dict_rest'vc.
Prover result is: Valid (0.02s, 115662 steps).

File "/home/fabrice/git/pycsl/scratchpad/.pycsl_ir6cbmf_.mlw", line 2006, characters 18-33:
Sub-goal loop invariant preservation of goal _parser___dict_rest'vc.
Prover result is: Valid (0.02s, 107526 steps).

File "/home/fabrice/git/pycsl/scratchpad/.pycsl_ir6cbmf_.mlw", line 2024, characters 21-50:
Sub-goal precondition of goal _parser___dict_rest'vc.
Prover result is: Valid (0.00s, 7296 steps).

File "/home/fabrice/git/pycsl/scratchpad/.pycsl_ir6cbmf_.mlw", line 1988, characters 15-19:
Sub-goal postcondition of goal _parser___dict_rest'vc.
Prover result is: Valid (0.00s, 7718 steps).

File "/home/fabrice/git/pycsl/scratchpad/.pycsl_ir6cbmf_.mlw", line 1989, characters 15-39:
Sub-goal postcondition of goal _parser___dict_rest'vc.
Prover result is: Valid (0.02s, 83139 steps).

File "/home/fabrice/git/pycsl/scratchpad/.pycsl_ir6cbmf_.mlw", line 2044, characters 9-32:
Sub-goal precondition of goal _parser__atom_brace'vc.
Prover result is: Valid (0.00s, 5477 steps).

File "/home/fabrice/git/pycsl/scratchpad/.pycsl_ir6cbmf_.mlw", line 2045, characters 8-68:
Sub-goal precondition of goal _parser__atom_brace'vc.
Prover result is: Valid (0.00s, 6539 steps).

File "/home/fabrice/git/pycsl/scratchpad/.pycsl_ir6cbmf_.mlw", line 2046, characters 23-46:
Sub-goal precondition of goal _parser__atom_brace'vc.
Prover result is: Valid (0.01s, 6571 steps).

File "/home/fabrice/git/pycsl/scratchpad/.pycsl_ir6cbmf_.mlw", line 2028, characters 15-19:
Sub-goal postcondition of goal _parser__atom_brace'vc.
Prover result is: Valid (0.01s, 6640 steps).

File "/home/fabrice/git/pycsl/scratchpad/.pycsl_ir6cbmf_.mlw", line 2029, characters 15-39:
Sub-goal postcondition of goal _parser__atom_brace'vc.
Prover result is: Valid (0.02s, 76386 steps).

File "/home/fabrice/git/pycsl/scratchpad/.pycsl_ir6cbmf_.mlw", line 2030, characters 15-38:
Sub-goal postcondition of goal _parser__atom_brace'vc.
Prover result is: Valid (0.02s, 81797 steps).

File "/home/fabrice/git/pycsl/scratchpad/.pycsl_ir6cbmf_.mlw", line 2049, characters 10-71:
Sub-goal precondition of goal _parser__atom_brace'vc.
Prover result is: Valid (0.00s, 6656 steps).

File "/home/fabrice/git/pycsl/scratchpad/.pycsl_ir6cbmf_.mlw", line 2050, characters 30-61:
Sub-goal variant decrease of goal _parser__atom_brace'vc.
Prover result is: Valid (0.02s, 82111 steps).

File "/home/fabrice/git/pycsl/scratchpad/.pycsl_ir6cbmf_.mlw", line 2050, characters 30-61:
Sub-goal precondition of goal _parser__atom_brace'vc.
Prover result is: Valid (0.01s, 11202 steps).

File "/home/fabrice/git/pycsl/scratchpad/.pycsl_ir6cbmf_.mlw", line 2028, characters 15-19:
Sub-goal postcondition of goal _parser__atom_brace'vc.
Prover result is: Valid (0.01s, 6709 steps).

File "/home/fabrice/git/pycsl/scratchpad/.pycsl_ir6cbmf_.mlw", line 2029, characters 15-39:
Sub-goal postcondition of goal _parser__atom_brace'vc.
Prover result is: Valid (0.01s, 79217 steps).

File "/home/fabrice/git/pycsl/scratchpad/.pycsl_ir6cbmf_.mlw", line 2030, characters 15-38:
Sub-goal postcondition of goal _parser__atom_brace'vc.
Prover result is: Valid (0.02s, 86516 steps).

File "/home/fabrice/git/pycsl/scratchpad/.pycsl_ir6cbmf_.mlw", line 2052, characters 17-45:
Sub-goal variant decrease of goal _parser__atom_brace'vc.
Prover result is: Valid (0.02s, 73743 steps).

File "/home/fabrice/git/pycsl/scratchpad/.pycsl_ir6cbmf_.mlw", line 2052, characters 17-45:
Sub-goal precondition of goal _parser__atom_brace'vc.
Prover result is: Valid (0.00s, 6680 steps).

File "/home/fabrice/git/pycsl/scratchpad/.pycsl_ir6cbmf_.mlw", line 2053, characters 12-72:
Sub-goal precondition of goal _parser__atom_brace'vc.
Prover result is: Valid (0.01s, 6805 steps).

File "/home/fabrice/git/pycsl/scratchpad/.pycsl_ir6cbmf_.mlw", line 2054, characters 18-41:
Sub-goal precondition of goal _parser__atom_brace'vc.
Prover result is: Valid (0.00s, 6839 steps).

File "/home/fabrice/git/pycsl/scratchpad/.pycsl_ir6cbmf_.mlw", line 2055, characters 22-42:
Sub-goal variant decrease of goal _parser__atom_brace'vc.
Prover result is: Valid (0.02s, 83766 steps).

File "/home/fabrice/git/pycsl/scratchpad/.pycsl_ir6cbmf_.mlw", line 2055, characters 22-42:
Sub-goal precondition of goal _parser__atom_brace'vc.
Prover result is: Valid (0.01s, 6908 steps).

File "/home/fabrice/git/pycsl/scratchpad/.pycsl_ir6cbmf_.mlw", line 2056, characters 19-81:
Sub-goal precondition of goal _parser__atom_brace'vc.
Prover result is: Valid (0.00s, 7033 steps).

File "/home/fabrice/git/pycsl/scratchpad/.pycsl_ir6cbmf_.mlw", line 2056, characters 97-161:
Sub-goal precondition of goal _parser__atom_brace'vc.
Prover result is: Valid (0.01s, 7119 steps).

File "/home/fabrice/git/pycsl/scratchpad/.pycsl_ir6cbmf_.mlw", line 2056, characters 195-217:
Sub-goal precondition of goal _parser__atom_brace'vc.
Prover result is: Valid (0.01s, 7157 steps).

File "/home/fabrice/git/pycsl/scratchpad/.pycsl_ir6cbmf_.mlw", line 2057, characters 37-61:
Sub-goal variant decrease of goal _parser__atom_brace'vc.
Prover result is: Valid (0.02s, 94670 steps).

File "/home/fabrice/git/pycsl/scratchpad/.pycsl_ir6cbmf_.mlw", line 2057, characters 37-61:
Sub-goal precondition of goal _parser__atom_brace'vc.
Prover result is: Valid (0.01s, 7301 steps).

File "/home/fabrice/git/pycsl/scratchpad/.pycsl_ir6cbmf_.mlw", line 2058, characters 29-58:
Sub-goal precondition of goal _parser__atom_brace'vc.
Prover result is: Valid (0.01s, 8128 steps).

File "/home/fabrice/git/pycsl/scratchpad/.pycsl_ir6cbmf_.mlw", line 2028, characters 15-19:
Sub-goal postcondition of goal _parser__atom_brace'vc.
Prover result is: Valid (0.01s, 8357 steps).

File "/home/fabrice/git/pycsl/scratchpad/.pycsl_ir6cbmf_.mlw", line 2029, characters 15-39:
Sub-goal postcondition of goal _parser__atom_brace'vc.
Prover result is: Valid (0.02s, 105414 steps).

File "/home/fabrice/git/pycsl/scratchpad/.pycsl_ir6cbmf_.mlw", line 2030, characters 15-38:
Sub-goal postcondition of goal _parser__atom_brace'vc.
Prover result is: Valid (0.02s, 105452 steps).

File "/home/fabrice/git/pycsl/scratchpad/.pycsl_ir6cbmf_.mlw", line 2067, characters 26-80:
Sub-goal loop invariant init of goal _parser__atom_brace'vc.
Prover result is: Valid (0.02s, 111362 steps).

File "/home/fabrice/git/pycsl/scratchpad/.pycsl_ir6cbmf_.mlw", line 2068, characters 26-41:
Sub-goal loop invariant init of goal _parser__atom_brace'vc.
Prover result is: Valid (0.01s, 31770 steps).

File "/home/fabrice/git/pycsl/scratchpad/.pycsl_ir6cbmf_.mlw", line 2066, characters 25-54:
Sub-goal type invariant of goal _parser__atom_brace'vc.
Prover result is: Valid (0.01s, 8515 steps).

File "/home/fabrice/git/pycsl/scratchpad/.pycsl_ir6cbmf_.mlw", line 2066, characters 25-54:
Sub-goal type invariant of goal _parser__atom_brace'vc.
Prover result is: Valid (0.01s, 8522 steps).

File "/home/fabrice/git/pycsl/scratchpad/.pycsl_ir6cbmf_.mlw", line 2066, characters 25-54:
Sub-goal type invariant of goal _parser__atom_brace'vc.
Prover result is: Valid (0.02s, 105605 steps).

File "/home/fabrice/git/pycsl/scratchpad/.pycsl_ir6cbmf_.mlw", line 2066, characters 25-54:
Sub-goal type invariant of goal _parser__atom_brace'vc.
Prover result is: Valid (0.02s, 107559 steps).

File "/home/fabrice/git/pycsl/scratchpad/.pycsl_ir6cbmf_.mlw", line 2066, characters 25-54:
Sub-goal precondition of goal _parser__atom_brace'vc.
Prover result is: Valid (0.01s, 8530 steps).

File "/home/fabrice/git/pycsl/scratchpad/.pycsl_ir6cbmf_.mlw", line 2070, characters 18-78:
Sub-goal precondition of goal _parser__atom_brace'vc.
Prover result is: Valid (0.00s, 8677 steps).

File "/home/fabrice/git/pycsl/scratchpad/.pycsl_ir6cbmf_.mlw", line 2086, characters 29-58:
Sub-goal precondition of goal _parser__atom_brace'vc.
Prover result is: Valid (0.00s, 8711 steps).

File "/home/fabrice/git/pycsl/scratchpad/.pycsl_ir6cbmf_.mlw", line 2028, characters 15-19:
Sub-goal postcondition of goal _parser__atom_brace'vc.
Prover result is: Valid (0.01s, 9131 steps).

File "/home/fabrice/git/pycsl/scratchpad/.pycsl_ir6cbmf_.mlw", line 2029, characters 15-39:
Sub-goal postcondition of goal _parser__atom_brace'vc.
Prover result is: Valid (0.02s, 112902 steps).

File "/home/fabrice/git/pycsl/scratchpad/.pycsl_ir6cbmf_.mlw", line 2030, characters 15-38:
Sub-goal postcondition of goal _parser__atom_brace'vc.
Prover result is: Valid (0.02s, 112940 steps).

File "/home/fabrice/git/pycsl/scratchpad/.pycsl_ir6cbmf_.mlw", line 2073, characters 18-79:
Sub-goal precondition of goal _parser__atom_brace'vc.
Prover result is: Valid (0.01s, 8788 steps).

File "/home/fabrice/git/pycsl/scratchpad/.pycsl_ir6cbmf_.mlw", line 2074, characters 24-47:
Sub-goal precondition of goal _parser__atom_brace'vc.
Prover result is: Valid (0.01s, 8814 steps).

File "/home/fabrice/git/pycsl/scratchpad/.pycsl_ir6cbmf_.mlw", line 2076, characters 43-63:
Sub-goal variant decrease of goal _parser__atom_brace'vc.
Prover result is: Valid (0.02s, 132760 steps).

File "/home/fabrice/git/pycsl/scratchpad/.pycsl_ir6cbmf_.mlw", line 2076, characters 43-63:
Sub-goal precondition of goal _parser__atom_brace'vc.
Prover result is: Valid (0.01s, 9859 steps).

File "/home/fabrice/git/pycsl/scratchpad/.pycsl_ir6cbmf_.mlw", line 2069, characters 24-59:
Sub-goal loop variant decrease of goal _parser__atom_brace'vc.
Prover result is: Valid (0.02s, 128182 steps).

File "/home/fabrice/git/pycsl/scratchpad/.pycsl_ir6cbmf_.mlw", line 2067, characters 26-80:
Sub-goal loop invariant preservation of goal _parser__atom_brace'vc.
Prover result is: Valid (0.03s, 137260 steps).

File "/home/fabrice/git/pycsl/scratchpad/.pycsl_ir6cbmf_.mlw", line 2068, characters 26-41:
Sub-goal loop invariant preservation of goal _parser__atom_brace'vc.
Prover result is: Valid (0.02s, 124513 steps).

File "/home/fabrice/git/pycsl/scratchpad/.pycsl_ir6cbmf_.mlw", line 2078, characters 21-41:
Sub-goal variant decrease of goal _parser__atom_brace'vc.
Prover result is: Valid (0.02s, 113686 steps).

File "/home/fabrice/git/pycsl/scratchpad/.pycsl_ir6cbmf_.mlw", line 2078, characters 21-41:
Sub-goal precondition of goal _parser__atom_brace'vc.
Prover result is: Valid (0.01s, 8812 steps).

File "/home/fabrice/git/pycsl/scratchpad/.pycsl_ir6cbmf_.mlw", line 2079, characters 24-53:
Sub-goal precondition of goal _parser__atom_brace'vc.
Prover result is: Valid (0.01s, 8852 steps).

File "/home/fabrice/git/pycsl/scratchpad/.pycsl_ir6cbmf_.mlw", line 2080, characters 21-41:
Sub-goal variant decrease of goal _parser__atom_brace'vc.
Prover result is: Valid (0.02s, 115365 steps).

File "/home/fabrice/git/pycsl/scratchpad/.pycsl_ir6cbmf_.mlw", line 2080, characters 21-41:
Sub-goal precondition of goal _parser__atom_brace'vc.
Prover result is: Valid (0.01s, 8888 steps).

File "/home/fabrice/git/pycsl/scratchpad/.pycsl_ir6cbmf_.mlw", line 2069, characters 24-59:
Sub-goal loop variant decrease of goal _parser__atom_brace'vc.
Prover result is: Valid (0.02s, 128381 steps).

File "/home/fabrice/git/pycsl/scratchpad/.pycsl_ir6cbmf_.mlw", line 2067, characters 26-80:
Sub-goal loop invariant preservation of goal _parser__atom_brace'vc.
Prover result is: Valid (0.02s, 138677 steps).

File "/home/fabrice/git/pycsl/scratchpad/.pycsl_ir6cbmf_.mlw", line 2068, characters 26-41:
Sub-goal loop invariant preservation of goal _parser__atom_brace'vc.
Prover result is: Valid (0.02s, 124596 steps).

File "/home/fabrice/git/pycsl/scratchpad/.pycsl_ir6cbmf_.mlw", line 2086, characters 29-58:
Sub-goal precondition of goal _parser__atom_brace'vc.
Prover result is: Valid (0.00s, 8609 steps).

File "/home/fabrice/git/pycsl/scratchpad/.pycsl_ir6cbmf_.mlw", line 2028, characters 15-19:
Sub-goal postcondition of goal _parser__atom_brace'vc.
Prover result is: Valid (0.01s, 9031 steps).

File "/home/fabrice/git/pycsl/scratchpad/.pycsl_ir6cbmf_.mlw", line 2029, characters 15-39:
Sub-goal postcondition of goal _parser__atom_brace'vc.
Prover result is: Valid (0.02s, 112375 steps).

File "/home/fabrice/git/pycsl/scratchpad/.pycsl_ir6cbmf_.mlw", line 2030, characters 15-38:
Sub-goal postcondition of goal _parser__atom_brace'vc.
Prover result is: Valid (0.02s, 112413 steps).

File "/home/fabrice/git/pycsl/scratchpad/.pycsl_ir6cbmf_.mlw", line 2090, characters 19-81:
Sub-goal precondition of goal _parser__atom_brace'vc.
Prover result is: Valid (0.01s, 6922 steps).

File "/home/fabrice/git/pycsl/scratchpad/.pycsl_ir6cbmf_.mlw", line 2090, characters 97-161:
Sub-goal precondition of goal _parser__atom_brace'vc.
Prover result is: Valid (0.01s, 7008 steps).

File "/home/fabrice/git/pycsl/scratchpad/.pycsl_ir6cbmf_.mlw", line 2090, characters 195-217:
Sub-goal precondition of goal _parser__atom_brace'vc.
Prover result is: Valid (0.01s, 7040 steps).

File "/home/fabrice/git/pycsl/scratchpad/.pycsl_ir6cbmf_.mlw", line 2091, characters 37-61:
Sub-goal variant decrease of goal _parser__atom_brace'vc.
Prover result is: Valid (0.02s, 92434 steps).

File "/home/fabrice/git/pycsl/scratchpad/.pycsl_ir6cbmf_.mlw", line 2091, characters 37-61:
Sub-goal precondition of goal _parser__atom_brace'vc.
Prover result is: Valid (0.01s, 7180 steps).

File "/home/fabrice/git/pycsl/scratchpad/.pycsl_ir6cbmf_.mlw", line 2092, characters 29-58:
Sub-goal precondition of goal _parser__atom_brace'vc.
Prover result is: Valid (0.01s, 8007 steps).

File "/home/fabrice/git/pycsl/scratchpad/.pycsl_ir6cbmf_.mlw", line 2028, characters 15-19:
Sub-goal postcondition of goal _parser__atom_brace'vc.
Prover result is: Valid (0.00s, 8236 steps).

File "/home/fabrice/git/pycsl/scratchpad/.pycsl_ir6cbmf_.mlw", line 2029, characters 15-39:
Sub-goal postcondition of goal _parser__atom_brace'vc.
Prover result is: Valid (0.02s, 103822 steps).

File "/home/fabrice/git/pycsl/scratchpad/.pycsl_ir6cbmf_.mlw", line 2030, characters 15-38:
Sub-goal postcondition of goal _parser__atom_brace'vc.
Prover result is: Valid (0.02s, 103860 steps).

File "/home/fabrice/git/pycsl/scratchpad/.pycsl_ir6cbmf_.mlw", line 2100, characters 26-80:
Sub-goal loop invariant init of goal _parser__atom_brace'vc.
Prover result is: Valid (0.02s, 96945 steps).

File "/home/fabrice/git/pycsl/scratchpad/.pycsl_ir6cbmf_.mlw", line 2101, characters 26-41:
Sub-goal loop invariant init of goal _parser__atom_brace'vc.
Prover result is: Valid (0.01s, 28832 steps).

File "/home/fabrice/git/pycsl/scratchpad/.pycsl_ir6cbmf_.mlw", line 2099, characters 25-54:
Sub-goal type invariant of goal _parser__atom_brace'vc.
Prover result is: Valid (0.01s, 7799 steps).

File "/home/fabrice/git/pycsl/scratchpad/.pycsl_ir6cbmf_.mlw", line 2099, characters 25-54:
Sub-goal type invariant of goal _parser__atom_brace'vc.
Prover result is: Valid (0.01s, 7806 steps).

File "/home/fabrice/git/pycsl/scratchpad/.pycsl_ir6cbmf_.mlw", line 2099, characters 25-54:
Sub-goal type invariant of goal _parser__atom_brace'vc.
Prover result is: Valid (0.02s, 93267 steps).

File "/home/fabrice/git/pycsl/scratchpad/.pycsl_ir6cbmf_.mlw", line 2099, characters 25-54:
Sub-goal type invariant of goal _parser__atom_brace'vc.
Prover result is: Valid (0.02s, 94905 steps).

File "/home/fabrice/git/pycsl/scratchpad/.pycsl_ir6cbmf_.mlw", line 2099, characters 25-54:
Sub-goal precondition of goal _parser__atom_brace'vc.
Prover result is: Valid (0.00s, 7814 steps).

File "/home/fabrice/git/pycsl/scratchpad/.pycsl_ir6cbmf_.mlw", line 2103, characters 18-78:
Sub-goal precondition of goal _parser__atom_brace'vc.
Prover result is: Valid (0.01s, 7961 steps).

File "/home/fabrice/git/pycsl/scratchpad/.pycsl_ir6cbmf_.mlw", line 2109, characters 29-58:
Sub-goal precondition of goal _parser__atom_brace'vc.
Prover result is: Valid (0.00s, 7995 steps).

File "/home/fabrice/git/pycsl/scratchpad/.pycsl_ir6cbmf_.mlw", line 2028, characters 15-19:
Sub-goal postcondition of goal _parser__atom_brace'vc.
Prover result is: Valid (0.01s, 8224 steps).

File "/home/fabrice/git/pycsl/scratchpad/.pycsl_ir6cbmf_.mlw", line 2029, characters 15-39:
Sub-goal postcondition of goal _parser__atom_brace'vc.
Prover result is: Valid (0.02s, 100911 steps).

File "/home/fabrice/git/pycsl/scratchpad/.pycsl_ir6cbmf_.mlw", line 2030, characters 15-38:
Sub-goal postcondition of goal _parser__atom_brace'vc.
Prover result is: Valid (0.02s, 100949 steps).

File "/home/fabrice/git/pycsl/scratchpad/.pycsl_ir6cbmf_.mlw", line 2106, characters 37-65:
Sub-goal variant decrease of goal _parser__atom_brace'vc.
Prover result is: Valid (0.02s, 99441 steps).

File "/home/fabrice/git/pycsl/scratchpad/.pycsl_ir6cbmf_.mlw", line 2106, characters 37-65:
Sub-goal precondition of goal _parser__atom_brace'vc.
Prover result is: Valid (0.01s, 7993 steps).

File "/home/fabrice/git/pycsl/scratchpad/.pycsl_ir6cbmf_.mlw", line 2102, characters 24-59:
Sub-goal loop variant decrease of goal _parser__atom_brace'vc.
Prover result is: Valid (0.02s, 108789 steps).

File "/home/fabrice/git/pycsl/scratchpad/.pycsl_ir6cbmf_.mlw", line 2100, characters 26-80:
Sub-goal loop invariant preservation of goal _parser__atom_brace'vc.
Prover result is: Valid (0.02s, 113368 steps).

File "/home/fabrice/git/pycsl/scratchpad/.pycsl_ir6cbmf_.mlw", line 2101, characters 26-41:
Sub-goal loop invariant preservation of goal _parser__atom_brace'vc.
Prover result is: Valid (0.02s, 106235 steps).

File "/home/fabrice/git/pycsl/scratchpad/.pycsl_ir6cbmf_.mlw", line 2109, characters 29-58:
Sub-goal precondition of goal _parser__atom_brace'vc.
Prover result is: Valid (0.01s, 7893 steps).

File "/home/fabrice/git/pycsl/scratchpad/.pycsl_ir6cbmf_.mlw", line 2028, characters 15-19:
Sub-goal postcondition of goal _parser__atom_brace'vc.
Prover result is: Valid (0.00s, 8124 steps).

File "/home/fabrice/git/pycsl/scratchpad/.pycsl_ir6cbmf_.mlw", line 2029, characters 15-39:
Sub-goal postcondition of goal _parser__atom_brace'vc.
Prover result is: Valid (0.02s, 97354 steps).

File "/home/fabrice/git/pycsl/scratchpad/.pycsl_ir6cbmf_.mlw", line 2030, characters 15-38:
Sub-goal postcondition of goal _parser__atom_brace'vc.
Prover result is: Valid (0.02s, 97392 steps).

File "/home/fabrice/git/pycsl/scratchpad/.pycsl_ir6cbmf_.mlw", line 2128, characters 9-28:
Sub-goal precondition of goal _parser__atom'vc.
Prover result is: Valid (0.00s, 5295 steps).

File "/home/fabrice/git/pycsl/scratchpad/.pycsl_ir6cbmf_.mlw", line 2131, characters 14-37:
Sub-goal precondition of goal _parser__atom'vc.
Prover result is: Valid (0.00s, 5487 steps).

File "/home/fabrice/git/pycsl/scratchpad/.pycsl_ir6cbmf_.mlw", line 2132, characters 42-74:
Sub-goal precondition of goal _parser__atom'vc.
Prover result is: Valid (0.00s, 5573 steps).

File "/home/fabrice/git/pycsl/scratchpad/.pycsl_ir6cbmf_.mlw", line 2118, characters 15-19:
Sub-goal postcondition of goal _parser__atom'vc.
Prover result is: Valid (0.00s, 5573 steps).

File "/home/fabrice/git/pycsl/scratchpad/.pycsl_ir6cbmf_.mlw", line 2119, characters 15-39:
Sub-goal postcondition of goal _parser__atom'vc.
Prover result is: Valid (0.01s, 5578 steps).

File "/home/fabrice/git/pycsl/scratchpad/.pycsl_ir6cbmf_.mlw", line 2120, characters 15-38:
Sub-goal postcondition of goal _parser__atom'vc.
Prover result is: Valid (0.02s, 56307 steps).

File "/home/fabrice/git/pycsl/scratchpad/.pycsl_ir6cbmf_.mlw", line 2135, characters 30-53:
Sub-goal variant decrease of goal _parser__atom'vc.
Prover result is: Valid (0.01s, 55398 steps).

File "/home/fabrice/git/pycsl/scratchpad/.pycsl_ir6cbmf_.mlw", line 2135, characters 30-53:
Sub-goal precondition of goal _parser__atom'vc.
Prover result is: Valid (0.01s, 28583 steps).

File "/home/fabrice/git/pycsl/scratchpad/.pycsl_ir6cbmf_.mlw", line 2118, characters 15-19:
Sub-goal postcondition of goal _parser__atom'vc.
Prover result is: Valid (0.00s, 5578 steps).

File "/home/fabrice/git/pycsl/scratchpad/.pycsl_ir6cbmf_.mlw", line 2119, characters 15-39:
Sub-goal postcondition of goal _parser__atom'vc.
Prover result is: Valid (0.00s, 5583 steps).

File "/home/fabrice/git/pycsl/scratchpad/.pycsl_ir6cbmf_.mlw", line 2120, characters 15-38:
Sub-goal postcondition of goal _parser__atom'vc.
Prover result is: Valid (0.00s, 5588 steps).

File "/home/fabrice/git/pycsl/scratchpad/.pycsl_ir6cbmf_.mlw", line 2140, characters 20-43:
Sub-goal precondition of goal _parser__atom'vc.
Prover result is: Valid (0.01s, 5555 steps).

File "/home/fabrice/git/pycsl/scratchpad/.pycsl_ir6cbmf_.mlw", line 2118, characters 15-19:
Sub-goal postcondition of goal _parser__atom'vc.
Prover result is: Valid (0.00s, 5641 steps).

File "/home/fabrice/git/pycsl/scratchpad/.pycsl_ir6cbmf_.mlw", line 2119, characters 15-39:
Sub-goal postcondition of goal _parser__atom'vc.
Prover result is: Valid (0.01s, 5646 steps).

File "/home/fabrice/git/pycsl/scratchpad/.pycsl_ir6cbmf_.mlw", line 2120, characters 15-38:
Sub-goal postcondition of goal _parser__atom'vc.
Prover result is: Valid (0.01s, 59058 steps).

File "/home/fabrice/git/pycsl/scratchpad/.pycsl_ir6cbmf_.mlw", line 2144, characters 22-45:
Sub-goal precondition of goal _parser__atom'vc.
Prover result is: Valid (0.00s, 5564 steps).

File "/home/fabrice/git/pycsl/scratchpad/.pycsl_ir6cbmf_.mlw", line 2118, characters 15-19:
Sub-goal postcondition of goal _parser__atom'vc.
Prover result is: Valid (0.01s, 5650 steps).

File "/home/fabrice/git/pycsl/scratchpad/.pycsl_ir6cbmf_.mlw", line 2119, characters 15-39:
Sub-goal postcondition of goal _parser__atom'vc.
Prover result is: Valid (0.01s, 5655 steps).

File "/home/fabrice/git/pycsl/scratchpad/.pycsl_ir6cbmf_.mlw", line 2120, characters 15-38:
Sub-goal postcondition of goal _parser__atom'vc.
Prover result is: Valid (0.01s, 59091 steps).

File "/home/fabrice/git/pycsl/scratchpad/.pycsl_ir6cbmf_.mlw", line 2148, characters 24-47:
Sub-goal precondition of goal _parser__atom'vc.
Prover result is: Valid (0.00s, 5573 steps).

File "/home/fabrice/git/pycsl/scratchpad/.pycsl_ir6cbmf_.mlw", line 2118, characters 15-19:
Sub-goal postcondition of goal _parser__atom'vc.
Prover result is: Valid (0.01s, 5659 steps).

File "/home/fabrice/git/pycsl/scratchpad/.pycsl_ir6cbmf_.mlw", line 2119, characters 15-39:
Sub-goal postcondition of goal _parser__atom'vc.
Prover result is: Valid (0.00s, 5664 steps).

File "/home/fabrice/git/pycsl/scratchpad/.pycsl_ir6cbmf_.mlw", line 2120, characters 15-38:
Sub-goal postcondition of goal _parser__atom'vc.
Prover result is: Valid (0.01s, 59201 steps).

File "/home/fabrice/git/pycsl/scratchpad/.pycsl_ir6cbmf_.mlw", line 2152, characters 40-66:
Sub-goal variant decrease of goal _parser__atom'vc.
Prover result is: Valid (0.03s, 227185 steps).

File "/home/fabrice/git/pycsl/scratchpad/.pycsl_ir6cbmf_.mlw", line 2152, characters 40-66:
Sub-goal precondition of goal _parser__atom'vc.
Prover result is: Valid (0.01s, 80585 steps).

File "/home/fabrice/git/pycsl/scratchpad/.pycsl_ir6cbmf_.mlw", line 2118, characters 15-19:
Sub-goal postcondition of goal _parser__atom'vc.
Prover result is: Valid (0.01s, 10099 steps).

File "/home/fabrice/git/pycsl/scratchpad/.pycsl_ir6cbmf_.mlw", line 2119, characters 15-39:
Sub-goal postcondition of goal _parser__atom'vc.
Prover result is: Valid (0.00s, 10104 steps).

File "/home/fabrice/git/pycsl/scratchpad/.pycsl_ir6cbmf_.mlw", line 2120, characters 15-38:
Sub-goal postcondition of goal _parser__atom'vc.
Prover result is: Valid (0.01s, 10109 steps).

File "/home/fabrice/git/pycsl/scratchpad/.pycsl_ir6cbmf_.mlw", line 2155, characters 88-94:
Sub-goal unreachable point of goal _parser__atom'vc.
Prover result is: Valid (0.01s, 8640 steps).

File "/home/fabrice/git/pycsl/scratchpad/.pycsl_ir6cbmf_.mlw", line 2157, characters 26-49:
Sub-goal precondition of goal _parser__atom'vc.
Prover result is: Valid (0.01s, 15844 steps).

File "/home/fabrice/git/pycsl/scratchpad/.pycsl_ir6cbmf_.mlw", line 2118, characters 15-19:
Sub-goal postcondition of goal _parser__atom'vc.
Prover result is: Valid (0.01s, 15930 steps).

File "/home/fabrice/git/pycsl/scratchpad/.pycsl_ir6cbmf_.mlw", line 2119, characters 15-39:
Sub-goal postcondition of goal _parser__atom'vc.
Prover result is: Valid (0.01s, 15935 steps).

File "/home/fabrice/git/pycsl/scratchpad/.pycsl_ir6cbmf_.mlw", line 2120, characters 15-38:
Sub-goal postcondition of goal _parser__atom'vc.
Prover result is: Valid (0.06s, 407860 steps).

File "/home/fabrice/git/pycsl/scratchpad/.pycsl_ir6cbmf_.mlw", line 2164, characters 14-76:
Sub-goal precondition of goal _parser__atom'vc.
Prover result is: Valid (0.00s, 6521 steps).

File "/home/fabrice/git/pycsl/scratchpad/.pycsl_ir6cbmf_.mlw", line 2165, characters 20-43:
Sub-goal precondition of goal _parser__atom'vc.
Prover result is: Valid (0.01s, 6551 steps).

File "/home/fabrice/git/pycsl/scratchpad/.pycsl_ir6cbmf_.mlw", line 2118, characters 15-19:
Sub-goal postcondition of goal _parser__atom'vc.
Prover result is: Valid (0.01s, 6637 steps).

File "/home/fabrice/git/pycsl/scratchpad/.pycsl_ir6cbmf_.mlw", line 2119, characters 15-39:
Sub-goal postcondition of goal _parser__atom'vc.
Prover result is: Valid (0.01s, 6642 steps).

File "/home/fabrice/git/pycsl/scratchpad/.pycsl_ir6cbmf_.mlw", line 2120, characters 15-38:
Sub-goal postcondition of goal _parser__atom'vc.
Prover result is: Valid (0.02s, 77277 steps).

File "/home/fabrice/git/pycsl/scratchpad/.pycsl_ir6cbmf_.mlw", line 2168, characters 16-76:
Sub-goal precondition of goal _parser__atom'vc.
Prover result is: Valid (0.01s, 6636 steps).

File "/home/fabrice/git/pycsl/scratchpad/.pycsl_ir6cbmf_.mlw", line 2169, characters 36-62:
Sub-goal variant decrease of goal _parser__atom'vc.
Prover result is: Valid (0.02s, 79372 steps).

File "/home/fabrice/git/pycsl/scratchpad/.pycsl_ir6cbmf_.mlw", line 2169, characters 36-62:
Sub-goal precondition of goal _parser__atom'vc.
Prover result is: Valid (0.01s, 11176 steps).

File "/home/fabrice/git/pycsl/scratchpad/.pycsl_ir6cbmf_.mlw", line 2118, characters 15-19:
Sub-goal postcondition of goal _parser__atom'vc.
Prover result is: Valid (0.01s, 6700 steps).

File "/home/fabrice/git/pycsl/scratchpad/.pycsl_ir6cbmf_.mlw", line 2119, characters 15-39:
Sub-goal postcondition of goal _parser__atom'vc.
Prover result is: Valid (0.01s, 6705 steps).

File "/home/fabrice/git/pycsl/scratchpad/.pycsl_ir6cbmf_.mlw", line 2120, characters 15-38:
Sub-goal postcondition of goal _parser__atom'vc.
Prover result is: Valid (0.01s, 6710 steps).

File "/home/fabrice/git/pycsl/scratchpad/.pycsl_ir6cbmf_.mlw", line 2171, characters 18-78:
Sub-goal precondition of goal _parser__atom'vc.
Prover result is: Valid (0.00s, 6743 steps).

File "/home/fabrice/git/pycsl/scratchpad/.pycsl_ir6cbmf_.mlw", line 2172, characters 38-63:
Sub-goal variant decrease of goal _parser__atom'vc.
Prover result is: Valid (0.02s, 80049 steps).

File "/home/fabrice/git/pycsl/scratchpad/.pycsl_ir6cbmf_.mlw", line 2172, characters 38-63:
Sub-goal precondition of goal _parser__atom'vc.
Prover result is: Valid (0.00s, 11361 steps).

File "/home/fabrice/git/pycsl/scratchpad/.pycsl_ir6cbmf_.mlw", line 2118, characters 15-19:
Sub-goal postcondition of goal _parser__atom'vc.
Prover result is: Valid (0.00s, 6803 steps).

File "/home/fabrice/git/pycsl/scratchpad/.pycsl_ir6cbmf_.mlw", line 2119, characters 15-39:
Sub-goal postcondition of goal _parser__atom'vc.
Prover result is: Valid (0.01s, 6808 steps).

File "/home/fabrice/git/pycsl/scratchpad/.pycsl_ir6cbmf_.mlw", line 2120, characters 15-38:
Sub-goal postcondition of goal _parser__atom'vc.
Prover result is: Valid (0.01s, 6813 steps).

File "/home/fabrice/git/pycsl/scratchpad/.pycsl_ir6cbmf_.mlw", line 2174, characters 20-80:
Sub-goal precondition of goal _parser__atom'vc.
Prover result is: Valid (0.01s, 6846 steps).

File "/home/fabrice/git/pycsl/scratchpad/.pycsl_ir6cbmf_.mlw", line 2175, characters 40-66:
Sub-goal variant decrease of goal _parser__atom'vc.
Prover result is: Valid (0.02s, 80726 steps).

File "/home/fabrice/git/pycsl/scratchpad/.pycsl_ir6cbmf_.mlw", line 2175, characters 40-66:
Sub-goal precondition of goal _parser__atom'vc.
Prover result is: Valid (0.00s, 11546 steps).

File "/home/fabrice/git/pycsl/scratchpad/.pycsl_ir6cbmf_.mlw", line 2118, characters 15-19:
Sub-goal postcondition of goal _parser__atom'vc.
Prover result is: Valid (0.01s, 6906 steps).

File "/home/fabrice/git/pycsl/scratchpad/.pycsl_ir6cbmf_.mlw", line 2119, characters 15-39:
Sub-goal postcondition of goal _parser__atom'vc.
Prover result is: Valid (0.01s, 6911 steps).

File "/home/fabrice/git/pycsl/scratchpad/.pycsl_ir6cbmf_.mlw", line 2120, characters 15-38:
Sub-goal postcondition of goal _parser__atom'vc.
Prover result is: Valid (0.01s, 6916 steps).

File "/home/fabrice/git/pycsl/scratchpad/.pycsl_ir6cbmf_.mlw", line 2177, characters 78-84:
Sub-goal unreachable point of goal _parser__atom'vc.
Prover result is: Valid (0.00s, 3920 steps).

File "/home/fabrice/git/pycsl/scratchpad/.pycsl_ir6cbmf_.mlw", line 2195, characters 12-32:
Sub-goal variant decrease of goal _parser__unary_postfix'vc.
Prover result is: Valid (0.01s, 49668 steps).

File "/home/fabrice/git/pycsl/scratchpad/.pycsl_ir6cbmf_.mlw", line 2195, characters 12-32:
Sub-goal precondition of goal _parser__unary_postfix'vc.
Prover result is: Valid (0.01s, 5295 steps).

File "/home/fabrice/git/pycsl/scratchpad/.pycsl_ir6cbmf_.mlw", line 2196, characters 4-34:
Sub-goal variant decrease of goal _parser__unary_postfix'vc.
Prover result is: Valid (0.01s, 52920 steps).

File "/home/fabrice/git/pycsl/scratchpad/.pycsl_ir6cbmf_.mlw", line 2196, characters 4-34:
Sub-goal precondition of goal _parser__unary_postfix'vc.
Prover result is: Valid (0.01s, 5339 steps).

File "/home/fabrice/git/pycsl/scratchpad/.pycsl_ir6cbmf_.mlw", line 2188, characters 15-19:
Sub-goal postcondition of goal _parser__unary_postfix'vc.
Prover result is: Valid (0.01s, 5368 steps).

File "/home/fabrice/git/pycsl/scratchpad/.pycsl_ir6cbmf_.mlw", line 2189, characters 15-39:
Sub-goal postcondition of goal _parser__unary_postfix'vc.
Prover result is: Valid (0.01s, 51069 steps).

File "/home/fabrice/git/pycsl/scratchpad/.pycsl_ir6cbmf_.mlw", line 2190, characters 15-38:
Sub-goal postcondition of goal _parser__unary_postfix'vc.
Prover result is: Valid (0.01s, 51106 steps).

File "/home/fabrice/git/pycsl/scratchpad/.pycsl_ir6cbmf_.mlw", line 2207, characters 8-72:
Sub-goal precondition of goal _parser__await_expr'vc.
Prover result is: Valid (0.00s, 6271 steps).

File "/home/fabrice/git/pycsl/scratchpad/.pycsl_ir6cbmf_.mlw", line 2208, characters 11-34:
Sub-goal precondition of goal _parser__await_expr'vc.
Prover result is: Valid (0.00s, 6472 steps).

File "/home/fabrice/git/pycsl/scratchpad/.pycsl_ir6cbmf_.mlw", line 2209, characters 15-44:
Sub-goal variant decrease of goal _parser__await_expr'vc.
Prover result is: Valid (0.02s, 76945 steps).

File "/home/fabrice/git/pycsl/scratchpad/.pycsl_ir6cbmf_.mlw", line 2209, characters 15-44:
Sub-goal precondition of goal _parser__await_expr'vc.
Prover result is: Valid (0.01s, 6558 steps).

File "/home/fabrice/git/pycsl/scratchpad/.pycsl_ir6cbmf_.mlw", line 2199, characters 15-39:
Sub-goal postcondition of goal _parser__await_expr'vc.
Prover result is: Valid (0.02s, 76233 steps).

File "/home/fabrice/git/pycsl/scratchpad/.pycsl_ir6cbmf_.mlw", line 2200, characters 15-38:
Sub-goal postcondition of goal _parser__await_expr'vc.
Prover result is: Valid (0.02s, 76270 steps).

File "/home/fabrice/git/pycsl/scratchpad/.pycsl_ir6cbmf_.mlw", line 2212, characters 28-57:
Sub-goal variant decrease of goal _parser__await_expr'vc.
Prover result is: Valid (0.01s, 67522 steps).

File "/home/fabrice/git/pycsl/scratchpad/.pycsl_ir6cbmf_.mlw", line 2212, characters 28-57:
Sub-goal precondition of goal _parser__await_expr'vc.
Prover result is: Valid (0.00s, 6470 steps).

File "/home/fabrice/git/pycsl/scratchpad/.pycsl_ir6cbmf_.mlw", line 2199, characters 15-39:
Sub-goal postcondition of goal _parser__await_expr'vc.
Prover result is: Valid (0.00s, 6514 steps).

File "/home/fabrice/git/pycsl/scratchpad/.pycsl_ir6cbmf_.mlw", line 2200, characters 15-38:
Sub-goal postcondition of goal _parser__await_expr'vc.
Prover result is: Valid (0.01s, 6519 steps).

File "/home/fabrice/git/pycsl/scratchpad/.pycsl_ir6cbmf_.mlw", line 2228, characters 9-28:
Sub-goal precondition of goal _parser__power'vc.
Prover result is: Valid (0.00s, 5295 steps).

File "/home/fabrice/git/pycsl/scratchpad/.pycsl_ir6cbmf_.mlw", line 2229, characters 12-38:
Sub-goal variant decrease of goal _parser__power'vc.
Prover result is: Valid (0.01s, 50585 steps).

File "/home/fabrice/git/pycsl/scratchpad/.pycsl_ir6cbmf_.mlw", line 2229, characters 12-38:
Sub-goal precondition of goal _parser__power'vc.
Prover result is: Valid (0.00s, 5473 steps).

File "/home/fabrice/git/pycsl/scratchpad/.pycsl_ir6cbmf_.mlw", line 2230, characters 8-69:
Sub-goal precondition of goal _parser__power'vc.
Prover result is: Valid (0.00s, 6488 steps).

File "/home/fabrice/git/pycsl/scratchpad/.pycsl_ir6cbmf_.mlw", line 2231, characters 14-37:
Sub-goal precondition of goal _parser__power'vc.
Prover result is: Valid (0.01s, 6522 steps).

File "/home/fabrice/git/pycsl/scratchpad/.pycsl_ir6cbmf_.mlw", line 2232, characters 13-35:
Sub-goal variant decrease of goal _parser__power'vc.
Prover result is: Valid (0.02s, 78057 steps).

File "/home/fabrice/git/pycsl/scratchpad/.pycsl_ir6cbmf_.mlw", line 2232, characters 13-35:
Sub-goal precondition of goal _parser__power'vc.
Prover result is: Valid (0.01s, 6608 steps).

File "/home/fabrice/git/pycsl/scratchpad/.pycsl_ir6cbmf_.mlw", line 2217, characters 15-19:
Sub-goal postcondition of goal _parser__power'vc.
Prover result is: Valid (0.01s, 6657 steps).

File "/home/fabrice/git/pycsl/scratchpad/.pycsl_ir6cbmf_.mlw", line 2218, characters 15-39:
Sub-goal postcondition of goal _parser__power'vc.
Prover result is: Valid (0.01s, 76613 steps).

File "/home/fabrice/git/pycsl/scratchpad/.pycsl_ir6cbmf_.mlw", line 2219, characters 15-38:
Sub-goal postcondition of goal _parser__power'vc.
Prover result is: Valid (0.01s, 76650 steps).

File "/home/fabrice/git/pycsl/scratchpad/.pycsl_ir6cbmf_.mlw", line 2217, characters 15-19:
Sub-goal postcondition of goal _parser__power'vc.
Prover result is: Valid (0.01s, 6520 steps).

File "/home/fabrice/git/pycsl/scratchpad/.pycsl_ir6cbmf_.mlw", line 2218, characters 15-39:
Sub-goal postcondition of goal _parser__power'vc.
Prover result is: Valid (0.00s, 6525 steps).

File "/home/fabrice/git/pycsl/scratchpad/.pycsl_ir6cbmf_.mlw", line 2219, characters 15-38:
Sub-goal postcondition of goal _parser__power'vc.
Prover result is: Valid (0.00s, 6530 steps).

File "/home/fabrice/git/pycsl/scratchpad/.pycsl_ir6cbmf_.mlw", line 2254, characters 26-45:
Sub-goal precondition of goal _parser__factor'vc.
Prover result is: Valid (0.00s, 5295 steps).

File "/home/fabrice/git/pycsl/scratchpad/.pycsl_ir6cbmf_.mlw", line 2254, characters 100-119:
Sub-goal precondition of goal _parser__factor'vc.
Prover result is: Valid (0.01s, 5477 steps).

File "/home/fabrice/git/pycsl/scratchpad/.pycsl_ir6cbmf_.mlw", line 2254, characters 174-193:
Sub-goal precondition of goal _parser__factor'vc.
Prover result is: Valid (0.00s, 5492 steps).

File "/home/fabrice/git/pycsl/scratchpad/.pycsl_ir6cbmf_.mlw", line 2254, characters 248-267:
Sub-goal precondition of goal _parser__factor'vc.
Prover result is: Valid (0.00s, 5503 steps).

File "/home/fabrice/git/pycsl/scratchpad/.pycsl_ir6cbmf_.mlw", line 2255, characters 11-34:
Sub-goal precondition of goal _parser__factor'vc.
Prover result is: Valid (0.01s, 5597 steps).

File "/home/fabrice/git/pycsl/scratchpad/.pycsl_ir6cbmf_.mlw", line 2256, characters 17-39:
Sub-goal variant decrease of goal _parser__factor'vc.
Prover result is: Valid (0.02s, 64855 steps).

File "/home/fabrice/git/pycsl/scratchpad/.pycsl_ir6cbmf_.mlw", line 2256, characters 17-39:
Sub-goal precondition of goal _parser__factor'vc.
Prover result is: Valid (0.01s, 5683 steps).

File "/home/fabrice/git/pycsl/scratchpad/.pycsl_ir6cbmf_.mlw", line 2245, characters 15-19:
Sub-goal postcondition of goal _parser__factor'vc.
Prover result is: Valid (0.01s, 5772 steps).

File "/home/fabrice/git/pycsl/scratchpad/.pycsl_ir6cbmf_.mlw", line 2246, characters 15-39:
Sub-goal postcondition of goal _parser__factor'vc.
Prover result is: Valid (0.01s, 67572 steps).

File "/home/fabrice/git/pycsl/scratchpad/.pycsl_ir6cbmf_.mlw", line 2247, characters 15-38:
Sub-goal postcondition of goal _parser__factor'vc.
Prover result is: Valid (0.02s, 67610 steps).

File "/home/fabrice/git/pycsl/scratchpad/.pycsl_ir6cbmf_.mlw", line 2259, characters 28-49:
Sub-goal variant decrease of goal _parser__factor'vc.
Prover result is: Valid (0.01s, 58458 steps).

File "/home/fabrice/git/pycsl/scratchpad/.pycsl_ir6cbmf_.mlw", line 2259, characters 28-49:
Sub-goal precondition of goal _parser__factor'vc.
Prover result is: Valid (0.00s, 5595 steps).

File "/home/fabrice/git/pycsl/scratchpad/.pycsl_ir6cbmf_.mlw", line 2245, characters 15-19:
Sub-goal postcondition of goal _parser__factor'vc.
Prover result is: Valid (0.00s, 5635 steps).

File "/home/fabrice/git/pycsl/scratchpad/.pycsl_ir6cbmf_.mlw", line 2246, characters 15-39:
Sub-goal postcondition of goal _parser__factor'vc.
Prover result is: Valid (0.01s, 5640 steps).

File "/home/fabrice/git/pycsl/scratchpad/.pycsl_ir6cbmf_.mlw", line 2247, characters 15-38:
Sub-goal postcondition of goal _parser__factor'vc.
Prover result is: Valid (0.01s, 5645 steps).

File "/home/fabrice/git/pycsl/scratchpad/.pycsl_ir6cbmf_.mlw", line 2275, characters 9-28:
Sub-goal precondition of goal _parser___binop'vc.
Prover result is: Valid (0.00s, 5295 steps).

File "/home/fabrice/git/pycsl/scratchpad/.pycsl_ir6cbmf_.mlw", line 2276, characters 12-34:
Sub-goal variant decrease of goal _parser___binop'vc.
Prover result is: Valid (0.01s, 50585 steps).

File "/home/fabrice/git/pycsl/scratchpad/.pycsl_ir6cbmf_.mlw", line 2276, characters 12-34:
Sub-goal precondition of goal _parser___binop'vc.
Prover result is: Valid (0.01s, 5473 steps).

File "/home/fabrice/git/pycsl/scratchpad/.pycsl_ir6cbmf_.mlw", line 2281, characters 18-72:
Sub-goal loop invariant init of goal _parser___binop'vc.
Prover result is: Valid (0.01s, 54028 steps).

File "/home/fabrice/git/pycsl/scratchpad/.pycsl_ir6cbmf_.mlw", line 2282, characters 18-34:
Sub-goal loop invariant init of goal _parser___binop'vc.
Prover result is: Valid (0.00s, 14540 steps).

File "/home/fabrice/git/pycsl/scratchpad/.pycsl_ir6cbmf_.mlw", line 2280, characters 29-48:
Sub-goal type invariant of goal _parser___binop'vc.
Prover result is: Valid (0.00s, 5566 steps).

File "/home/fabrice/git/pycsl/scratchpad/.pycsl_ir6cbmf_.mlw", line 2280, characters 29-48:
Sub-goal type invariant of goal _parser___binop'vc.
Prover result is: Valid (0.01s, 5573 steps).

File "/home/fabrice/git/pycsl/scratchpad/.pycsl_ir6cbmf_.mlw", line 2280, characters 29-48:
Sub-goal type invariant of goal _parser___binop'vc.
Prover result is: Valid (0.01s, 53346 steps).

File "/home/fabrice/git/pycsl/scratchpad/.pycsl_ir6cbmf_.mlw", line 2280, characters 29-48:
Sub-goal type invariant of goal _parser___binop'vc.
Prover result is: Valid (0.01s, 54053 steps).

File "/home/fabrice/git/pycsl/scratchpad/.pycsl_ir6cbmf_.mlw", line 2280, characters 29-48:
Sub-goal precondition of goal _parser___binop'vc.
Prover result is: Valid (0.00s, 5581 steps).

File "/home/fabrice/git/pycsl/scratchpad/.pycsl_ir6cbmf_.mlw", line 2280, characters 103-122:
Sub-goal precondition of goal _parser___binop'vc.
Prover result is: Valid (0.00s, 5598 steps).

File "/home/fabrice/git/pycsl/scratchpad/.pycsl_ir6cbmf_.mlw", line 2280, characters 177-196:
Sub-goal precondition of goal _parser___binop'vc.
Prover result is: Valid (0.00s, 5613 steps).

File "/home/fabrice/git/pycsl/scratchpad/.pycsl_ir6cbmf_.mlw", line 2280, characters 251-270:
Sub-goal precondition of goal _parser___binop'vc.
Prover result is: Valid (0.00s, 5624 steps).

File "/home/fabrice/git/pycsl/scratchpad/.pycsl_ir6cbmf_.mlw", line 2280, characters 325-344:
Sub-goal precondition of goal _parser___binop'vc.
Prover result is: Valid (0.00s, 5633 steps).

File "/home/fabrice/git/pycsl/scratchpad/.pycsl_ir6cbmf_.mlw", line 2280, characters 400-419:
Sub-goal precondition of goal _parser___binop'vc.
Prover result is: Valid (0.00s, 5642 steps).

File "/home/fabrice/git/pycsl/scratchpad/.pycsl_ir6cbmf_.mlw", line 2280, characters 475-494:
Sub-goal precondition of goal _parser___binop'vc.
Prover result is: Valid (0.00s, 5651 steps).

File "/home/fabrice/git/pycsl/scratchpad/.pycsl_ir6cbmf_.mlw", line 2280, characters 549-568:
Sub-goal precondition of goal _parser___binop'vc.
Prover result is: Valid (0.01s, 5660 steps).

File "/home/fabrice/git/pycsl/scratchpad/.pycsl_ir6cbmf_.mlw", line 2280, characters 623-642:
Sub-goal precondition of goal _parser___binop'vc.
Prover result is: Valid (0.00s, 5669 steps).

File "/home/fabrice/git/pycsl/scratchpad/.pycsl_ir6cbmf_.mlw", line 2280, characters 697-716:
Sub-goal precondition of goal _parser___binop'vc.
Prover result is: Valid (0.00s, 5678 steps).

File "/home/fabrice/git/pycsl/scratchpad/.pycsl_ir6cbmf_.mlw", line 2280, characters 771-790:
Sub-goal precondition of goal _parser___binop'vc.
Prover result is: Valid (0.01s, 5687 steps).

File "/home/fabrice/git/pycsl/scratchpad/.pycsl_ir6cbmf_.mlw", line 2280, characters 846-865:
Sub-goal precondition of goal _parser___binop'vc.
Prover result is: Valid (0.00s, 5696 steps).

File "/home/fabrice/git/pycsl/scratchpad/.pycsl_ir6cbmf_.mlw", line 2280, characters 920-939:
Sub-goal precondition of goal _parser___binop'vc.
Prover result is: Valid (0.00s, 5705 steps).

File "/home/fabrice/git/pycsl/scratchpad/.pycsl_ir6cbmf_.mlw", line 2284, characters 50-69:
Sub-goal precondition of goal _parser___binop'vc.
Prover result is: Valid (0.00s, 5970 steps).

File "/home/fabrice/git/pycsl/scratchpad/.pycsl_ir6cbmf_.mlw", line 2285, characters 48-67:
Sub-goal precondition of goal _parser___binop'vc.
Prover result is: Valid (0.00s, 6127 steps).

File "/home/fabrice/git/pycsl/scratchpad/.pycsl_ir6cbmf_.mlw", line 2264, characters 15-19:
Sub-goal postcondition of goal _parser___binop'vc.
Prover result is: Valid (0.00s, 6361 steps).

File "/home/fabrice/git/pycsl/scratchpad/.pycsl_ir6cbmf_.mlw", line 2265, characters 15-39:
Sub-goal postcondition of goal _parser___binop'vc.
Prover result is: Valid (0.17s, 5078143 steps).

File "/home/fabrice/git/pycsl/scratchpad/.pycsl_ir6cbmf_.mlw", line 2266, characters 15-38:
Sub-goal postcondition of goal _parser___binop'vc.
Prover result is: Valid (0.18s, 5078173 steps).

File "/home/fabrice/git/pycsl/scratchpad/.pycsl_ir6cbmf_.mlw", line 2291, characters 14-37:
Sub-goal precondition of goal _parser___binop'vc.
Prover result is: Valid (0.01s, 6365 steps).

File "/home/fabrice/git/pycsl/scratchpad/.pycsl_ir6cbmf_.mlw", line 2292, characters 15-49:
Sub-goal variant decrease of goal _parser___binop'vc.
Prover result is: Valid (0.17s, 5078395 steps).

File "/home/fabrice/git/pycsl/scratchpad/.pycsl_ir6cbmf_.mlw", line 2292, characters 15-49:
Sub-goal precondition of goal _parser___binop'vc.
Prover result is: Valid (0.00s, 6436 steps).

File "/home/fabrice/git/pycsl/scratchpad/.pycsl_ir6cbmf_.mlw", line 2283, characters 16-51:
Sub-goal loop variant decrease of goal _parser___binop'vc.
Prover result is: Valid (0.17s, 5078630 steps).

File "/home/fabrice/git/pycsl/scratchpad/.pycsl_ir6cbmf_.mlw", line 2281, characters 18-72:
Sub-goal loop invariant preservation of goal _parser___binop'vc.
Prover result is: Valid (0.18s, 5079475 steps).

File "/home/fabrice/git/pycsl/scratchpad/.pycsl_ir6cbmf_.mlw", line 2282, characters 18-34:
Sub-goal loop invariant preservation of goal _parser___binop'vc.
Prover result is: Valid (0.17s, 5077242 steps).

File "/home/fabrice/git/pycsl/scratchpad/.pycsl_ir6cbmf_.mlw", line 2264, characters 15-19:
Sub-goal postcondition of goal _parser___binop'vc.
Prover result is: Valid (0.00s, 5968 steps).

File "/home/fabrice/git/pycsl/scratchpad/.pycsl_ir6cbmf_.mlw", line 2265, characters 15-39:
Sub-goal postcondition of goal _parser___binop'vc.
Prover result is: Valid (0.02s, 64478 steps).

File "/home/fabrice/git/pycsl/scratchpad/.pycsl_ir6cbmf_.mlw", line 2266, characters 15-38:
Sub-goal postcondition of goal _parser___binop'vc.
Prover result is: Valid (0.01s, 64516 steps).

File "/home/fabrice/git/pycsl/scratchpad/.pycsl_ir6cbmf_.mlw", line 2302, characters 23-69:
Sub-goal goal of goal _parser__yield_expr__union_arm_Arm_18_0_inj.
Prover result is: Valid (0.00s, 5290 steps).

File "/home/fabrice/git/pycsl/scratchpad/.pycsl_ir6cbmf_.mlw", line 2304, characters 65-70:
Sub-goal goal of goal _parser__yield_expr__union_arm_Arm_18_0_proj.
Prover result is: Valid (0.00s, 5285 steps).

File "/home/fabrice/git/pycsl/scratchpad/.pycsl_ir6cbmf_.mlw", line 2312, characters 10-29:
Sub-goal precondition of goal _parser___capture_name'vc.
Prover result is: Valid (0.01s, 5295 steps).

File "/home/fabrice/git/pycsl/scratchpad/.pycsl_ir6cbmf_.mlw", line 2314, characters 116-122:
Sub-goal unreachable point of goal _parser___capture_name'vc.
Prover result is: Valid (0.01s, 5779 steps).

File "/home/fabrice/git/pycsl/scratchpad/.pycsl_ir6cbmf_.mlw", line 2316, characters 12-35:
Sub-goal precondition of goal _parser___capture_name'vc.
Prover result is: Valid (0.01s, 10014 steps).

File "/home/fabrice/git/pycsl/scratchpad/.pycsl_ir6cbmf_.mlw", line 2308, characters 15-39:
Sub-goal postcondition of goal _parser___capture_name'vc.
Prover result is: Valid (0.01s, 10104 steps).

File "/home/fabrice/git/pycsl/scratchpad/.pycsl_ir6cbmf_.mlw", line 2326, characters 30-55:
Sub-goal precondition of goal _parser___dotted_as_name'vc.
Prover result is: Valid (0.01s, 5295 steps).

File "/home/fabrice/git/pycsl/scratchpad/.pycsl_ir6cbmf_.mlw", line 2330, characters 18-72:
Sub-goal loop invariant init of goal _parser___dotted_as_name'vc.
Prover result is: Valid (0.01s, 65203 steps).

File "/home/fabrice/git/pycsl/scratchpad/.pycsl_ir6cbmf_.mlw", line 2331, characters 18-33:
Sub-goal loop invariant init of goal _parser___dotted_as_name'vc.
Prover result is: Valid (0.01s, 18815 steps).

File "/home/fabrice/git/pycsl/scratchpad/.pycsl_ir6cbmf_.mlw", line 2329, characters 17-46:
Sub-goal type invariant of goal _parser___dotted_as_name'vc.
Prover result is: Valid (0.01s, 6452 steps).

File "/home/fabrice/git/pycsl/scratchpad/.pycsl_ir6cbmf_.mlw", line 2329, characters 17-46:
Sub-goal type invariant of goal _parser___dotted_as_name'vc.
Prover result is: Valid (0.00s, 6459 steps).

File "/home/fabrice/git/pycsl/scratchpad/.pycsl_ir6cbmf_.mlw", line 2329, characters 17-46:
Sub-goal type invariant of goal _parser___dotted_as_name'vc.
Prover result is: Valid (0.01s, 64189 steps).

File "/home/fabrice/git/pycsl/scratchpad/.pycsl_ir6cbmf_.mlw", line 2329, characters 17-46:
Sub-goal type invariant of goal _parser___dotted_as_name'vc.
Prover result is: Valid (0.01s, 66007 steps).

File "/home/fabrice/git/pycsl/scratchpad/.pycsl_ir6cbmf_.mlw", line 2329, characters 17-46:
Sub-goal precondition of goal _parser___dotted_as_name'vc.
Prover result is: Valid (0.01s, 6467 steps).

File "/home/fabrice/git/pycsl/scratchpad/.pycsl_ir6cbmf_.mlw", line 2333, characters 31-56:
Sub-goal precondition of goal _parser___dotted_as_name'vc.
Prover result is: Valid (0.00s, 6535 steps).

File "/home/fabrice/git/pycsl/scratchpad/.pycsl_ir6cbmf_.mlw", line 2332, characters 16-51:
Sub-goal loop variant decrease of goal _parser___dotted_as_name'vc.
Prover result is: Valid (0.02s, 73329 steps).

File "/home/fabrice/git/pycsl/scratchpad/.pycsl_ir6cbmf_.mlw", line 2330, characters 18-72:
Sub-goal loop invariant preservation of goal _parser___dotted_as_name'vc.
Prover result is: Valid (0.01s, 74248 steps).

File "/home/fabrice/git/pycsl/scratchpad/.pycsl_ir6cbmf_.mlw", line 2331, characters 18-33:
Sub-goal loop invariant preservation of goal _parser___dotted_as_name'vc.
Prover result is: Valid (0.02s, 71846 steps).

File "/home/fabrice/git/pycsl/scratchpad/.pycsl_ir6cbmf_.mlw", line 2337, characters 14-44:
Sub-goal precondition of goal _parser___dotted_as_name'vc.
Prover result is: Valid (0.00s, 6555 steps).

File "/home/fabrice/git/pycsl/scratchpad/.pycsl_ir6cbmf_.mlw", line 2338, characters 25-50:
Sub-goal precondition of goal _parser___dotted_as_name'vc.
Prover result is: Valid (0.00s, 6621 steps).

File "/home/fabrice/git/pycsl/scratchpad/.pycsl_ir6cbmf_.mlw", line 2321, characters 15-39:
Sub-goal postcondition of goal _parser___dotted_as_name'vc.
Prover result is: Valid (0.02s, 74330 steps).

File "/home/fabrice/git/pycsl/scratchpad/.pycsl_ir6cbmf_.mlw", line 2321, characters 15-39:
Sub-goal postcondition of goal _parser___dotted_as_name'vc.
Prover result is: Valid (0.01s, 73633 steps).

File "/home/fabrice/git/pycsl/scratchpad/.pycsl_ir6cbmf_.mlw", line 2342, characters 22-71:
Sub-goal goal of goal _parser___dotted_as_name__union_arm_Arm_7_0_inj.
Prover result is: Valid (0.01s, 5290 steps).

File "/home/fabrice/git/pycsl/scratchpad/.pycsl_ir6cbmf_.mlw", line 2344, characters 68-73:
Sub-goal goal of goal _parser___dotted_as_name__union_arm_Arm_7_0_proj.
Prover result is: Valid (0.00s, 5285 steps).

File "/home/fabrice/git/pycsl/scratchpad/.pycsl_ir6cbmf_.mlw", line 2356, characters 9-28:
Sub-goal precondition of goal _parser___dotted_value'vc.
Prover result is: Valid (0.01s, 5295 steps).

File "/home/fabrice/git/pycsl/scratchpad/.pycsl_ir6cbmf_.mlw", line 2357, characters 10-33:
Sub-goal precondition of goal _parser___dotted_value'vc.
Prover result is: Valid (0.01s, 5473 steps).

File "/home/fabrice/git/pycsl/scratchpad/.pycsl_ir6cbmf_.mlw", line 2362, characters 18-72:
Sub-goal loop invariant init of goal _parser___dotted_value'vc.
Prover result is: Valid (0.01s, 54126 steps).

File "/home/fabrice/git/pycsl/scratchpad/.pycsl_ir6cbmf_.mlw", line 2363, characters 18-33:
Sub-goal loop invariant init of goal _parser___dotted_value'vc.
Prover result is: Valid (0.00s, 14694 steps).

File "/home/fabrice/git/pycsl/scratchpad/.pycsl_ir6cbmf_.mlw", line 2361, characters 17-46:
Sub-goal type invariant of goal _parser___dotted_value'vc.
Prover result is: Valid (0.00s, 5604 steps).

File "/home/fabrice/git/pycsl/scratchpad/.pycsl_ir6cbmf_.mlw", line 2361, characters 17-46:
Sub-goal type invariant of goal _parser___dotted_value'vc.
Prover result is: Valid (0.01s, 5609 steps).

File "/home/fabrice/git/pycsl/scratchpad/.pycsl_ir6cbmf_.mlw", line 2361, characters 17-46:
Sub-goal type invariant of goal _parser___dotted_value'vc.
Prover result is: Valid (0.01s, 53536 steps).

File "/home/fabrice/git/pycsl/scratchpad/.pycsl_ir6cbmf_.mlw", line 2361, characters 17-46:
Sub-goal type invariant of goal _parser___dotted_value'vc.
Prover result is: Valid (0.01s, 54233 steps).

File "/home/fabrice/git/pycsl/scratchpad/.pycsl_ir6cbmf_.mlw", line 2361, characters 17-46:
Sub-goal precondition of goal _parser___dotted_value'vc.
Prover result is: Valid (0.00s, 5619 steps).

File "/home/fabrice/git/pycsl/scratchpad/.pycsl_ir6cbmf_.mlw", line 2365, characters 14-33:
Sub-goal precondition of goal _parser___dotted_value'vc.
Prover result is: Valid (0.00s, 5687 steps).

File "/home/fabrice/git/pycsl/scratchpad/.pycsl_ir6cbmf_.mlw", line 2367, characters 91-97:
Sub-goal unreachable point of goal _parser___dotted_value'vc.
Prover result is: Valid (0.01s, 3319 steps).

File "/home/fabrice/git/pycsl/scratchpad/.pycsl_ir6cbmf_.mlw", line 2369, characters 14-37:
Sub-goal precondition of goal _parser___dotted_value'vc.
Prover result is: Valid (0.00s, 5707 steps).

File "/home/fabrice/git/pycsl/scratchpad/.pycsl_ir6cbmf_.mlw", line 2364, characters 16-51:
Sub-goal loop variant decrease of goal _parser___dotted_value'vc.
Prover result is: Valid (0.02s, 57732 steps).

File "/home/fabrice/git/pycsl/scratchpad/.pycsl_ir6cbmf_.mlw", line 2362, characters 18-72:
Sub-goal loop invariant preservation of goal _parser___dotted_value'vc.
Prover result is: Valid (0.02s, 57027 steps).

File "/home/fabrice/git/pycsl/scratchpad/.pycsl_ir6cbmf_.mlw", line 2363, characters 18-33:
Sub-goal loop invariant preservation of goal _parser___dotted_value'vc.
Prover result is: Valid (0.02s, 55687 steps).

File "/home/fabrice/git/pycsl/scratchpad/.pycsl_ir6cbmf_.mlw", line 2348, characters 15-19:
Sub-goal postcondition of goal _parser___dotted_value'vc.
Prover result is: Valid (0.00s, 5698 steps).

File "/home/fabrice/git/pycsl/scratchpad/.pycsl_ir6cbmf_.mlw", line 2349, characters 15-39:
Sub-goal postcondition of goal _parser___dotted_value'vc.
Prover result is: Valid (0.01s, 56646 steps).

File "/home/fabrice/git/pycsl/scratchpad/.pycsl_ir6cbmf_.mlw", line 2382, characters 9-32:
Sub-goal precondition of goal _parser__assert_stmt'vc.
Prover result is: Valid (0.00s, 5477 steps).

File "/home/fabrice/git/pycsl/scratchpad/.pycsl_ir6cbmf_.mlw", line 2383, characters 12-32:
Sub-goal precondition of goal _parser__assert_stmt'vc.
Prover result is: Valid (0.00s, 5563 steps).

File "/home/fabrice/git/pycsl/scratchpad/.pycsl_ir6cbmf_.mlw", line 2385, characters 14-43:
Sub-goal precondition of goal _parser__assert_stmt'vc.
Prover result is: Valid (0.00s, 5603 steps).

File "/home/fabrice/git/pycsl/scratchpad/.pycsl_ir6cbmf_.mlw", line 2386, characters 22-42:
Sub-goal precondition of goal _parser__assert_stmt'vc.
Prover result is: Valid (0.00s, 5669 steps).

File "/home/fabrice/git/pycsl/scratchpad/.pycsl_ir6cbmf_.mlw", line 2376, characters 15-19:
Sub-goal postcondition of goal _parser__assert_stmt'vc.
Prover result is: Valid (0.00s, 5749 steps).

File "/home/fabrice/git/pycsl/scratchpad/.pycsl_ir6cbmf_.mlw", line 2377, characters 15-38:
Sub-goal postcondition of goal _parser__assert_stmt'vc.
Prover result is: Valid (0.01s, 54996 steps).

File "/home/fabrice/git/pycsl/scratchpad/.pycsl_ir6cbmf_.mlw", line 2376, characters 15-19:
Sub-goal postcondition of goal _parser__assert_stmt'vc.
Prover result is: Valid (0.00s, 5680 steps).

File "/home/fabrice/git/pycsl/scratchpad/.pycsl_ir6cbmf_.mlw", line 2377, characters 15-38:
Sub-goal postcondition of goal _parser__assert_stmt'vc.
Prover result is: Valid (0.01s, 56513 steps).

File "/home/fabrice/git/pycsl/scratchpad/.pycsl_ir6cbmf_.mlw", line 2390, characters 23-68:
Sub-goal goal of goal _parser__assert_stmt__union_arm_Arm_6_0_inj.
Prover result is: Valid (0.00s, 5290 steps).

File "/home/fabrice/git/pycsl/scratchpad/.pycsl_ir6cbmf_.mlw", line 2392, characters 64-69:
Sub-goal goal of goal _parser__assert_stmt__union_arm_Arm_6_0_proj.
Prover result is: Valid (0.00s, 5285 steps).

File "/home/fabrice/git/pycsl/scratchpad/.pycsl_ir6cbmf_.mlw", line 2401, characters 29-57:
Sub-goal precondition of goal _parser__exprlist'vc.
Prover result is: Valid (0.00s, 5295 steps).

File "/home/fabrice/git/pycsl/scratchpad/.pycsl_ir6cbmf_.mlw", line 2406, characters 18-72:
Sub-goal loop invariant init of goal _parser__exprlist'vc.
Prover result is: Valid (0.02s, 65005 steps).

File "/home/fabrice/git/pycsl/scratchpad/.pycsl_ir6cbmf_.mlw", line 2407, characters 18-34:
Sub-goal loop invariant init of goal _parser__exprlist'vc.
Prover result is: Valid (0.01s, 18768 steps).

File "/home/fabrice/git/pycsl/scratchpad/.pycsl_ir6cbmf_.mlw", line 2405, characters 17-46:
Sub-goal type invariant of goal _parser__exprlist'vc.
Prover result is: Valid (0.00s, 6440 steps).

File "/home/fabrice/git/pycsl/scratchpad/.pycsl_ir6cbmf_.mlw", line 2405, characters 17-46:
Sub-goal type invariant of goal _parser__exprlist'vc.
Prover result is: Valid (0.01s, 6447 steps).

File "/home/fabrice/git/pycsl/scratchpad/.pycsl_ir6cbmf_.mlw", line 2405, characters 17-46:
Sub-goal type invariant of goal _parser__exprlist'vc.
Prover result is: Valid (0.01s, 64077 steps).

File "/home/fabrice/git/pycsl/scratchpad/.pycsl_ir6cbmf_.mlw", line 2405, characters 17-46:
Sub-goal type invariant of goal _parser__exprlist'vc.
Prover result is: Valid (0.02s, 65894 steps).

File "/home/fabrice/git/pycsl/scratchpad/.pycsl_ir6cbmf_.mlw", line 2405, characters 17-46:
Sub-goal precondition of goal _parser__exprlist'vc.
Prover result is: Valid (0.01s, 6455 steps).

File "/home/fabrice/git/pycsl/scratchpad/.pycsl_ir6cbmf_.mlw", line 2409, characters 15-44:
Sub-goal precondition of goal _parser__exprlist'vc.
Prover result is: Valid (0.01s, 6523 steps).

File "/home/fabrice/git/pycsl/scratchpad/.pycsl_ir6cbmf_.mlw", line 2409, characters 55-116:
Sub-goal precondition of goal _parser__exprlist'vc.
Prover result is: Valid (0.00s, 7108 steps).

File "/home/fabrice/git/pycsl/scratchpad/.pycsl_ir6cbmf_.mlw", line 2396, characters 15-19:
Sub-goal postcondition of goal _parser__exprlist'vc.
Prover result is: Valid (0.01s, 7552 steps).

File "/home/fabrice/git/pycsl/scratchpad/.pycsl_ir6cbmf_.mlw", line 2397, characters 15-39:
Sub-goal postcondition of goal _parser__exprlist'vc.
Prover result is: Valid (0.02s, 97343 steps).

File "/home/fabrice/git/pycsl/scratchpad/.pycsl_ir6cbmf_.mlw", line 2412, characters 29-57:
Sub-goal precondition of goal _parser__exprlist'vc.
Prover result is: Valid (0.01s, 7292 steps).

File "/home/fabrice/git/pycsl/scratchpad/.pycsl_ir6cbmf_.mlw", line 2408, characters 16-51:
Sub-goal loop variant decrease of goal _parser__exprlist'vc.
Prover result is: Valid (0.03s, 109432 steps).

File "/home/fabrice/git/pycsl/scratchpad/.pycsl_ir6cbmf_.mlw", line 2406, characters 18-72:
Sub-goal loop invariant preservation of goal _parser__exprlist'vc.
Prover result is: Valid (0.02s, 90515 steps).

File "/home/fabrice/git/pycsl/scratchpad/.pycsl_ir6cbmf_.mlw", line 2407, characters 18-34:
Sub-goal loop invariant preservation of goal _parser__exprlist'vc.
Prover result is: Valid (0.02s, 88047 steps).

File "/home/fabrice/git/pycsl/scratchpad/.pycsl_ir6cbmf_.mlw", line 2396, characters 15-19:
Sub-goal postcondition of goal _parser__exprlist'vc.
Prover result is: Valid (0.01s, 6792 steps).

File "/home/fabrice/git/pycsl/scratchpad/.pycsl_ir6cbmf_.mlw", line 2397, characters 15-39:
Sub-goal postcondition of goal _parser__exprlist'vc.
Prover result is: Valid (0.02s, 70841 steps).

File "/home/fabrice/git/pycsl/scratchpad/.pycsl_ir6cbmf_.mlw", line 2428, characters 9-32:
Sub-goal precondition of goal _parser__del_stmt'vc.
Prover result is: Valid (0.00s, 5477 steps).

File "/home/fabrice/git/pycsl/scratchpad/.pycsl_ir6cbmf_.mlw", line 2429, characters 28-52:
Sub-goal precondition of goal _parser__del_stmt'vc.
Prover result is: Valid (0.00s, 5563 steps).

File "/home/fabrice/git/pycsl/scratchpad/.pycsl_ir6cbmf_.mlw", line 2436, characters 18-43:
Sub-goal loop invariant init of goal _parser__del_stmt'vc.
Prover result is: Valid (0.01s, 59644 steps).

File "/home/fabrice/git/pycsl/scratchpad/.pycsl_ir6cbmf_.mlw", line 2437, characters 18-33:
Sub-goal loop invariant init of goal _parser__del_stmt'vc.
Prover result is: Valid (0.01s, 16199 steps).

File "/home/fabrice/git/pycsl/scratchpad/.pycsl_ir6cbmf_.mlw", line 2439, characters 35-69:
Sub-goal precondition of goal _parser__del_stmt'vc.
Prover result is: Valid (0.01s, 6101 steps).

File "/home/fabrice/git/pycsl/scratchpad/.pycsl_ir6cbmf_.mlw", line 2438, characters 16-25:
Sub-goal loop variant decrease of goal _parser__del_stmt'vc.
Prover result is: Valid (0.01s, 31270 steps).

File "/home/fabrice/git/pycsl/scratchpad/.pycsl_ir6cbmf_.mlw", line 2436, characters 18-43:
Sub-goal loop invariant preservation of goal _parser__del_stmt'vc.
Prover result is: Valid (0.01s, 68595 steps).

File "/home/fabrice/git/pycsl/scratchpad/.pycsl_ir6cbmf_.mlw", line 2437, characters 18-33:
Sub-goal loop invariant preservation of goal _parser__del_stmt'vc.
Prover result is: Valid (0.00s, 6866 steps).

File "/home/fabrice/git/pycsl/scratchpad/.pycsl_ir6cbmf_.mlw", line 2419, characters 15-19:
Sub-goal postcondition of goal _parser__del_stmt'vc.
Prover result is: Valid (0.01s, 6300 steps).

File "/home/fabrice/git/pycsl/scratchpad/.pycsl_ir6cbmf_.mlw", line 2420, characters 15-39:
Sub-goal postcondition of goal _parser__del_stmt'vc.
Prover result is: Valid (0.01s, 61245 steps).

File "/home/fabrice/git/pycsl/scratchpad/.pycsl_ir6cbmf_.mlw", line 2421, characters 15-38:
Sub-goal postcondition of goal _parser__del_stmt'vc.
Prover result is: Valid (0.01s, 62835 steps).

File "/home/fabrice/git/pycsl/scratchpad/.pycsl_ir6cbmf_.mlw", line 2456, characters 9-28:
Sub-goal precondition of goal _parser__testlist_star_expr'vc.
Prover result is: Valid (0.01s, 5295 steps).

File "/home/fabrice/git/pycsl/scratchpad/.pycsl_ir6cbmf_.mlw", line 2457, characters 29-57:
Sub-goal precondition of goal _parser__testlist_star_expr'vc.
Prover result is: Valid (0.00s, 5473 steps).

File "/home/fabrice/git/pycsl/scratchpad/.pycsl_ir6cbmf_.mlw", line 2463, characters 18-72:
Sub-goal loop invariant init of goal _parser__testlist_star_expr'vc.
Prover result is: Valid (0.01s, 66293 steps).

File "/home/fabrice/git/pycsl/scratchpad/.pycsl_ir6cbmf_.mlw", line 2464, characters 18-33:
Sub-goal loop invariant init of goal _parser__testlist_star_expr'vc.
Prover result is: Valid (0.01s, 19171 steps).

File "/home/fabrice/git/pycsl/scratchpad/.pycsl_ir6cbmf_.mlw", line 2462, characters 17-46:
Sub-goal type invariant of goal _parser__testlist_star_expr'vc.
Prover result is: Valid (0.01s, 6547 steps).

File "/home/fabrice/git/pycsl/scratchpad/.pycsl_ir6cbmf_.mlw", line 2462, characters 17-46:
Sub-goal type invariant of goal _parser__testlist_star_expr'vc.
Prover result is: Valid (0.00s, 6554 steps).

File "/home/fabrice/git/pycsl/scratchpad/.pycsl_ir6cbmf_.mlw", line 2462, characters 17-46:
Sub-goal type invariant of goal _parser__testlist_star_expr'vc.
Prover result is: Valid (0.01s, 65227 steps).

File "/home/fabrice/git/pycsl/scratchpad/.pycsl_ir6cbmf_.mlw", line 2462, characters 17-46:
Sub-goal type invariant of goal _parser__testlist_star_expr'vc.
Prover result is: Valid (0.02s, 66095 steps).

File "/home/fabrice/git/pycsl/scratchpad/.pycsl_ir6cbmf_.mlw", line 2462, characters 17-46:
Sub-goal precondition of goal _parser__testlist_star_expr'vc.
Prover result is: Valid (0.01s, 6562 steps).

File "/home/fabrice/git/pycsl/scratchpad/.pycsl_ir6cbmf_.mlw", line 2467, characters 10-39:
Sub-goal precondition of goal _parser__testlist_star_expr'vc.
Prover result is: Valid (0.00s, 6635 steps).

File "/home/fabrice/git/pycsl/scratchpad/.pycsl_ir6cbmf_.mlw", line 2446, characters 15-19:
Sub-goal postcondition of goal _parser__testlist_star_expr'vc.
Prover result is: Valid (0.00s, 6701 steps).

File "/home/fabrice/git/pycsl/scratchpad/.pycsl_ir6cbmf_.mlw", line 2447, characters 15-39:
Sub-goal postcondition of goal _parser__testlist_star_expr'vc.
Prover result is: Valid (0.00s, 11236 steps).

File "/home/fabrice/git/pycsl/scratchpad/.pycsl_ir6cbmf_.mlw", line 2448, characters 15-38:
Sub-goal postcondition of goal _parser__testlist_star_expr'vc.
Prover result is: Valid (0.01s, 11249 steps).

File "/home/fabrice/git/pycsl/scratchpad/.pycsl_ir6cbmf_.mlw", line 2446, characters 15-19:
Sub-goal postcondition of goal _parser__testlist_star_expr'vc.
Prover result is: Valid (0.00s, 6901 steps).

File "/home/fabrice/git/pycsl/scratchpad/.pycsl_ir6cbmf_.mlw", line 2447, characters 15-39:
Sub-goal postcondition of goal _parser__testlist_star_expr'vc.
Prover result is: Valid (0.01s, 81821 steps).

File "/home/fabrice/git/pycsl/scratchpad/.pycsl_ir6cbmf_.mlw", line 2448, characters 15-38:
Sub-goal postcondition of goal _parser__testlist_star_expr'vc.
Prover result is: Valid (0.02s, 81858 steps).

File "/home/fabrice/git/pycsl/scratchpad/.pycsl_ir6cbmf_.mlw", line 2471, characters 29-57:
Sub-goal precondition of goal _parser__testlist_star_expr'vc.
Prover result is: Valid (0.01s, 6645 steps).

File "/home/fabrice/git/pycsl/scratchpad/.pycsl_ir6cbmf_.mlw", line 2465, characters 16-51:
Sub-goal loop variant decrease of goal _parser__testlist_star_expr'vc.
Prover result is: Valid (0.01s, 74408 steps).

File "/home/fabrice/git/pycsl/scratchpad/.pycsl_ir6cbmf_.mlw", line 2463, characters 18-72:
Sub-goal loop invariant preservation of goal _parser__testlist_star_expr'vc.
Prover result is: Valid (0.02s, 75578 steps).

File "/home/fabrice/git/pycsl/scratchpad/.pycsl_ir6cbmf_.mlw", line 2464, characters 18-33:
Sub-goal loop invariant preservation of goal _parser__testlist_star_expr'vc.
Prover result is: Valid (0.02s, 72965 steps).

File "/home/fabrice/git/pycsl/scratchpad/.pycsl_ir6cbmf_.mlw", line 2446, characters 15-19:
Sub-goal postcondition of goal _parser__testlist_star_expr'vc.
Prover result is: Valid (0.01s, 6698 steps).

File "/home/fabrice/git/pycsl/scratchpad/.pycsl_ir6cbmf_.mlw", line 2447, characters 15-39:
Sub-goal postcondition of goal _parser__testlist_star_expr'vc.
Prover result is: Valid (0.01s, 76790 steps).

File "/home/fabrice/git/pycsl/scratchpad/.pycsl_ir6cbmf_.mlw", line 2448, characters 15-38:
Sub-goal postcondition of goal _parser__testlist_star_expr'vc.
Prover result is: Valid (0.02s, 76827 steps).

File "/home/fabrice/git/pycsl/scratchpad/.pycsl_ir6cbmf_.mlw", line 2446, characters 15-19:
Sub-goal postcondition of goal _parser__testlist_star_expr'vc.
Prover result is: Valid (0.01s, 6898 steps).

File "/home/fabrice/git/pycsl/scratchpad/.pycsl_ir6cbmf_.mlw", line 2447, characters 15-39:
Sub-goal postcondition of goal _parser__testlist_star_expr'vc.
Prover result is: Valid (0.01s, 79140 steps).

File "/home/fabrice/git/pycsl/scratchpad/.pycsl_ir6cbmf_.mlw", line 2448, characters 15-38:
Sub-goal postcondition of goal _parser__testlist_star_expr'vc.
Prover result is: Valid (0.02s, 79177 steps).

File "/home/fabrice/git/pycsl/scratchpad/.pycsl_ir6cbmf_.mlw", line 2489, characters 8-72:
Sub-goal precondition of goal _parser__testlist_star_expr_or_yield'vc.
Prover result is: Valid (0.00s, 6271 steps).

File "/home/fabrice/git/pycsl/scratchpad/.pycsl_ir6cbmf_.mlw", line 2490, characters 28-54:
Sub-goal precondition of goal _parser__testlist_star_expr_or_yield'vc.
Prover result is: Valid (0.00s, 10852 steps).

File "/home/fabrice/git/pycsl/scratchpad/.pycsl_ir6cbmf_.mlw", line 2484, characters 15-19:
Sub-goal postcondition of goal _parser__testlist_star_expr_or_yield'vc.
Prover result is: Valid (0.01s, 6512 steps).

File "/home/fabrice/git/pycsl/scratchpad/.pycsl_ir6cbmf_.mlw", line 2485, characters 15-39:
Sub-goal postcondition of goal _parser__testlist_star_expr_or_yield'vc.
Prover result is: Valid (0.01s, 6517 steps).

File "/home/fabrice/git/pycsl/scratchpad/.pycsl_ir6cbmf_.mlw", line 2492, characters 28-62:
Sub-goal precondition of goal _parser__testlist_star_expr_or_yield'vc.
Prover result is: Valid (0.00s, 6470 steps).

File "/home/fabrice/git/pycsl/scratchpad/.pycsl_ir6cbmf_.mlw", line 2484, characters 15-19:
Sub-goal postcondition of goal _parser__testlist_star_expr_or_yield'vc.
Prover result is: Valid (0.00s, 6510 steps).

File "/home/fabrice/git/pycsl/scratchpad/.pycsl_ir6cbmf_.mlw", line 2485, characters 15-39:
Sub-goal postcondition of goal _parser__testlist_star_expr_or_yield'vc.
Prover result is: Valid (0.00s, 6515 steps).

File "/home/fabrice/git/pycsl/scratchpad/.pycsl_ir6cbmf_.mlw", line 2516, characters 9-28:
Sub-goal precondition of goal _parser__expr_stmt'vc.
Prover result is: Valid (0.00s, 5295 steps).

File "/home/fabrice/git/pycsl/scratchpad/.pycsl_ir6cbmf_.mlw", line 2517, characters 13-47:
Sub-goal precondition of goal _parser__expr_stmt'vc.
Prover result is: Valid (0.00s, 5473 steps).

File "/home/fabrice/git/pycsl/scratchpad/.pycsl_ir6cbmf_.mlw", line 2518, characters 8-68:
Sub-goal precondition of goal _parser__expr_stmt'vc.
Prover result is: Valid (0.00s, 6489 steps).

File "/home/fabrice/git/pycsl/scratchpad/.pycsl_ir6cbmf_.mlw", line 2519, characters 14-37:
Sub-goal precondition of goal _parser__expr_stmt'vc.
Prover result is: Valid (0.01s, 6523 steps).

File "/home/fabrice/git/pycsl/scratchpad/.pycsl_ir6cbmf_.mlw", line 2520, characters 13-33:
Sub-goal precondition of goal _parser__expr_stmt'vc.
Prover result is: Valid (0.01s, 6609 steps).

File "/home/fabrice/git/pycsl/scratchpad/.pycsl_ir6cbmf_.mlw", line 2522, characters 16-45:
Sub-goal precondition of goal _parser__expr_stmt'vc.
Prover result is: Valid (0.01s, 6649 steps).

File "/home/fabrice/git/pycsl/scratchpad/.pycsl_ir6cbmf_.mlw", line 2523, characters 31-74:
Sub-goal precondition of goal _parser__expr_stmt'vc.
Prover result is: Valid (0.00s, 6715 steps).

File "/home/fabrice/git/pycsl/scratchpad/.pycsl_ir6cbmf_.mlw", line 2526, characters 15-40:
Sub-goal precondition of goal _parser__expr_stmt'vc.
Prover result is: Valid (0.01s, 12099 steps).

File "/home/fabrice/git/pycsl/scratchpad/.pycsl_ir6cbmf_.mlw", line 2498, characters 15-19:
Sub-goal postcondition of goal _parser__expr_stmt'vc.
Prover result is: Valid (0.01s, 12128 steps).

File "/home/fabrice/git/pycsl/scratchpad/.pycsl_ir6cbmf_.mlw", line 2499, characters 15-39:
Sub-goal postcondition of goal _parser__expr_stmt'vc.
Prover result is: Valid (0.02s, 125391 steps).

File "/home/fabrice/git/pycsl/scratchpad/.pycsl_ir6cbmf_.mlw", line 2500, characters 15-38:
Sub-goal postcondition of goal _parser__expr_stmt'vc.
Prover result is: Valid (0.02s, 125428 steps).

File "/home/fabrice/git/pycsl/scratchpad/.pycsl_ir6cbmf_.mlw", line 2526, characters 15-40:
Sub-goal precondition of goal _parser__expr_stmt'vc.
Prover result is: Valid (0.01s, 12072 steps).

File "/home/fabrice/git/pycsl/scratchpad/.pycsl_ir6cbmf_.mlw", line 2498, characters 15-19:
Sub-goal postcondition of goal _parser__expr_stmt'vc.
Prover result is: Valid (0.01s, 12072 steps).

File "/home/fabrice/git/pycsl/scratchpad/.pycsl_ir6cbmf_.mlw", line 2499, characters 15-39:
Sub-goal postcondition of goal _parser__expr_stmt'vc.
Prover result is: Valid (0.02s, 124861 steps).

File "/home/fabrice/git/pycsl/scratchpad/.pycsl_ir6cbmf_.mlw", line 2500, characters 15-38:
Sub-goal postcondition of goal _parser__expr_stmt'vc.
Prover result is: Valid (0.02s, 124898 steps).

File "/home/fabrice/git/pycsl/scratchpad/.pycsl_ir6cbmf_.mlw", line 2529, characters 28-47:
Sub-goal precondition of goal _parser__expr_stmt'vc.
Prover result is: Valid (0.01s, 6521 steps).

File "/home/fabrice/git/pycsl/scratchpad/.pycsl_ir6cbmf_.mlw", line 2529, characters 102-121:
Sub-goal precondition of goal _parser__expr_stmt'vc.
Prover result is: Valid (0.00s, 6534 steps).

File "/home/fabrice/git/pycsl/scratchpad/.pycsl_ir6cbmf_.mlw", line 2529, characters 177-196:
Sub-goal precondition of goal _parser__expr_stmt'vc.
Prover result is: Valid (0.01s, 6547 steps).

File "/home/fabrice/git/pycsl/scratchpad/.pycsl_ir6cbmf_.mlw", line 2529, characters 252-271:
Sub-goal precondition of goal _parser__expr_stmt'vc.
Prover result is: Valid (0.01s, 6558 steps).

File "/home/fabrice/git/pycsl/scratchpad/.pycsl_ir6cbmf_.mlw", line 2529, characters 327-346:
Sub-goal precondition of goal _parser__expr_stmt'vc.
Prover result is: Valid (0.01s, 6567 steps).

File "/home/fabrice/git/pycsl/scratchpad/.pycsl_ir6cbmf_.mlw", line 2529, characters 402-421:
Sub-goal precondition of goal _parser__expr_stmt'vc.
Prover result is: Valid (0.00s, 6576 steps).

File "/home/fabrice/git/pycsl/scratchpad/.pycsl_ir6cbmf_.mlw", line 2529, characters 478-497:
Sub-goal precondition of goal _parser__expr_stmt'vc.
Prover result is: Valid (0.01s, 6585 steps).

File "/home/fabrice/git/pycsl/scratchpad/.pycsl_ir6cbmf_.mlw", line 2529, characters 553-572:
Sub-goal precondition of goal _parser__expr_stmt'vc.
Prover result is: Valid (0.01s, 6594 steps).

File "/home/fabrice/git/pycsl/scratchpad/.pycsl_ir6cbmf_.mlw", line 2529, characters 628-647:
Sub-goal precondition of goal _parser__expr_stmt'vc.
Prover result is: Valid (0.00s, 6603 steps).

File "/home/fabrice/git/pycsl/scratchpad/.pycsl_ir6cbmf_.mlw", line 2529, characters 703-722:
Sub-goal precondition of goal _parser__expr_stmt'vc.
Prover result is: Valid (0.00s, 6612 steps).

File "/home/fabrice/git/pycsl/scratchpad/.pycsl_ir6cbmf_.mlw", line 2529, characters 778-797:
Sub-goal precondition of goal _parser__expr_stmt'vc.
Prover result is: Valid (0.00s, 6621 steps).

File "/home/fabrice/git/pycsl/scratchpad/.pycsl_ir6cbmf_.mlw", line 2529, characters 853-872:
Sub-goal precondition of goal _parser__expr_stmt'vc.
Prover result is: Valid (0.01s, 6630 steps).

File "/home/fabrice/git/pycsl/scratchpad/.pycsl_ir6cbmf_.mlw", line 2529, characters 929-948:
Sub-goal precondition of goal _parser__expr_stmt'vc.
Prover result is: Valid (0.01s, 6639 steps).

File "/home/fabrice/git/pycsl/scratchpad/.pycsl_ir6cbmf_.mlw", line 2529, characters 1005-1024:
Sub-goal precondition of goal _parser__expr_stmt'vc.
Prover result is: Valid (0.01s, 6648 steps).

File "/home/fabrice/git/pycsl/scratchpad/.pycsl_ir6cbmf_.mlw", line 2530, characters 31-54:
Sub-goal precondition of goal _parser__expr_stmt'vc.
Prover result is: Valid (0.01s, 6928 steps).

File "/home/fabrice/git/pycsl/scratchpad/.pycsl_ir6cbmf_.mlw", line 2531, characters 21-64:
Sub-goal precondition of goal _parser__expr_stmt'vc.
Prover result is: Valid (0.00s, 7023 steps).

File "/home/fabrice/git/pycsl/scratchpad/.pycsl_ir6cbmf_.mlw", line 2532, characters 17-42:
Sub-goal precondition of goal _parser__expr_stmt'vc.
Prover result is: Valid (0.00s, 7050 steps).

File "/home/fabrice/git/pycsl/scratchpad/.pycsl_ir6cbmf_.mlw", line 2498, characters 15-19:
Sub-goal postcondition of goal _parser__expr_stmt'vc.
Prover result is: Valid (0.01s, 7215 steps).

File "/home/fabrice/git/pycsl/scratchpad/.pycsl_ir6cbmf_.mlw", line 2499, characters 15-39:
Sub-goal postcondition of goal _parser__expr_stmt'vc.
Prover result is: Valid (0.18s, 5090998 steps).

File "/home/fabrice/git/pycsl/scratchpad/.pycsl_ir6cbmf_.mlw", line 2500, characters 15-38:
Sub-goal postcondition of goal _parser__expr_stmt'vc.
Prover result is: Valid (0.18s, 5091028 steps).

File "/home/fabrice/git/pycsl/scratchpad/.pycsl_ir6cbmf_.mlw", line 2535, characters 12-72:
Sub-goal precondition of goal _parser__expr_stmt'vc.
Prover result is: Valid (0.01s, 7013 steps).

File "/home/fabrice/git/pycsl/scratchpad/.pycsl_ir6cbmf_.mlw", line 2540, characters 24-78:
Sub-goal loop invariant init of goal _parser__expr_stmt'vc.
Prover result is: Valid (0.02s, 92603 steps).

File "/home/fabrice/git/pycsl/scratchpad/.pycsl_ir6cbmf_.mlw", line 2541, characters 24-40:
Sub-goal loop invariant init of goal _parser__expr_stmt'vc.
Prover result is: Valid (0.01s, 28748 steps).

File "/home/fabrice/git/pycsl/scratchpad/.pycsl_ir6cbmf_.mlw", line 2539, characters 23-52:
Sub-goal type invariant of goal _parser__expr_stmt'vc.
Prover result is: Valid (0.01s, 7669 steps).

File "/home/fabrice/git/pycsl/scratchpad/.pycsl_ir6cbmf_.mlw", line 2539, characters 23-52:
Sub-goal type invariant of goal _parser__expr_stmt'vc.
Prover result is: Valid (0.01s, 7676 steps).

File "/home/fabrice/git/pycsl/scratchpad/.pycsl_ir6cbmf_.mlw", line 2539, characters 23-52:
Sub-goal type invariant of goal _parser__expr_stmt'vc.
Prover result is: Valid (0.02s, 90412 steps).

File "/home/fabrice/git/pycsl/scratchpad/.pycsl_ir6cbmf_.mlw", line 2539, characters 23-52:
Sub-goal type invariant of goal _parser__expr_stmt'vc.
Prover result is: Valid (0.02s, 91607 steps).

File "/home/fabrice/git/pycsl/scratchpad/.pycsl_ir6cbmf_.mlw", line 2539, characters 23-52:
Sub-goal precondition of goal _parser__expr_stmt'vc.
Prover result is: Valid (0.00s, 7684 steps).

File "/home/fabrice/git/pycsl/scratchpad/.pycsl_ir6cbmf_.mlw", line 2543, characters 19-62:
Sub-goal precondition of goal _parser__expr_stmt'vc.
Prover result is: Valid (0.01s, 7752 steps).

File "/home/fabrice/git/pycsl/scratchpad/.pycsl_ir6cbmf_.mlw", line 2542, characters 22-57:
Sub-goal loop variant decrease of goal _parser__expr_stmt'vc.
Prover result is: Valid (0.02s, 106670 steps).

File "/home/fabrice/git/pycsl/scratchpad/.pycsl_ir6cbmf_.mlw", line 2540, characters 24-78:
Sub-goal loop invariant preservation of goal _parser__expr_stmt'vc.
Prover result is: Valid (0.02s, 106592 steps).

File "/home/fabrice/git/pycsl/scratchpad/.pycsl_ir6cbmf_.mlw", line 2541, characters 24-40:
Sub-goal loop invariant preservation of goal _parser__expr_stmt'vc.
Prover result is: Valid (0.02s, 102363 steps).

File "/home/fabrice/git/pycsl/scratchpad/.pycsl_ir6cbmf_.mlw", line 2553, characters 24-33:
Sub-goal loop invariant init of goal _parser__expr_stmt'vc.
Prover result is: Valid (0.01s, 13161 steps).

File "/home/fabrice/git/pycsl/scratchpad/.pycsl_ir6cbmf_.mlw", line 2554, characters 24-39:
Sub-goal loop invariant init of goal _parser__expr_stmt'vc.
Prover result is: Valid (0.01s, 29494 steps).

File "/home/fabrice/git/pycsl/scratchpad/.pycsl_ir6cbmf_.mlw", line 2556, characters 41-77:
Sub-goal precondition of goal _parser__expr_stmt'vc.
Prover result is: Valid (0.01s, 7828 steps).

File "/home/fabrice/git/pycsl/scratchpad/.pycsl_ir6cbmf_.mlw", line 2555, characters 22-31:
Sub-goal loop variant decrease of goal _parser__expr_stmt'vc.
Prover result is: Valid (0.02s, 102316 steps).

File "/home/fabrice/git/pycsl/scratchpad/.pycsl_ir6cbmf_.mlw", line 2553, characters 24-33:
Sub-goal loop invariant preservation of goal _parser__expr_stmt'vc.
Prover result is: Valid (0.02s, 102134 steps).

File "/home/fabrice/git/pycsl/scratchpad/.pycsl_ir6cbmf_.mlw", line 2554, characters 24-39:
Sub-goal loop invariant preservation of goal _parser__expr_stmt'vc.
Prover result is: Valid (0.01s, 8595 steps).

File "/home/fabrice/git/pycsl/scratchpad/.pycsl_ir6cbmf_.mlw", line 2498, characters 15-19:
Sub-goal postcondition of goal _parser__expr_stmt'vc.
Prover result is: Valid (0.00s, 8027 steps).

File "/home/fabrice/git/pycsl/scratchpad/.pycsl_ir6cbmf_.mlw", line 2499, characters 15-39:
Sub-goal postcondition of goal _parser__expr_stmt'vc.
Prover result is: Valid (0.02s, 94320 steps).

File "/home/fabrice/git/pycsl/scratchpad/.pycsl_ir6cbmf_.mlw", line 2500, characters 15-38:
Sub-goal postcondition of goal _parser__expr_stmt'vc.
Prover result is: Valid (0.02s, 94357 steps).

File "/home/fabrice/git/pycsl/scratchpad/.pycsl_ir6cbmf_.mlw", line 2498, characters 15-19:
Sub-goal postcondition of goal _parser__expr_stmt'vc.
Prover result is: Valid (0.00s, 7031 steps).

File "/home/fabrice/git/pycsl/scratchpad/.pycsl_ir6cbmf_.mlw", line 2499, characters 15-39:
Sub-goal postcondition of goal _parser__expr_stmt'vc.
Prover result is: Valid (0.00s, 7036 steps).

File "/home/fabrice/git/pycsl/scratchpad/.pycsl_ir6cbmf_.mlw", line 2500, characters 15-38:
Sub-goal postcondition of goal _parser__expr_stmt'vc.
Prover result is: Valid (0.00s, 7041 steps).

File "/home/fabrice/git/pycsl/scratchpad/.pycsl_ir6cbmf_.mlw", line 2567, characters 23-68:
Sub-goal goal of goal _parser__expr_stmt__union_arm_Arm_10_0_inj.
Prover result is: Valid (0.00s, 5290 steps).

File "/home/fabrice/git/pycsl/scratchpad/.pycsl_ir6cbmf_.mlw", line 2569, characters 64-69:
Sub-goal goal of goal _parser__expr_stmt__union_arm_Arm_10_0_proj.
Prover result is: Valid (0.00s, 5285 steps).

File "/home/fabrice/git/pycsl/scratchpad/.pycsl_ir6cbmf_.mlw", line 2579, characters 9-32:
Sub-goal precondition of goal _parser__global_stmt'vc.
Prover result is: Valid (0.01s, 5295 steps).

File "/home/fabrice/git/pycsl/scratchpad/.pycsl_ir6cbmf_.mlw", line 2580, characters 30-55:
Sub-goal precondition of goal _parser__global_stmt'vc.
Prover result is: Valid (0.01s, 5470 steps).

File "/home/fabrice/git/pycsl/scratchpad/.pycsl_ir6cbmf_.mlw", line 2584, characters 18-72:
Sub-goal loop invariant init of goal _parser__global_stmt'vc.
Prover result is: Valid (0.02s, 65925 steps).

File "/home/fabrice/git/pycsl/scratchpad/.pycsl_ir6cbmf_.mlw", line 2585, characters 18-33:
Sub-goal loop invariant init of goal _parser__global_stmt'vc.
Prover result is: Valid (0.00s, 19091 steps).

File "/home/fabrice/git/pycsl/scratchpad/.pycsl_ir6cbmf_.mlw", line 2583, characters 17-46:
Sub-goal type invariant of goal _parser__global_stmt'vc.
Prover result is: Valid (0.00s, 6523 steps).

File "/home/fabrice/git/pycsl/scratchpad/.pycsl_ir6cbmf_.mlw", line 2583, characters 17-46:
Sub-goal type invariant of goal _parser__global_stmt'vc.
Prover result is: Valid (0.01s, 6530 steps).

File "/home/fabrice/git/pycsl/scratchpad/.pycsl_ir6cbmf_.mlw", line 2583, characters 17-46:
Sub-goal type invariant of goal _parser__global_stmt'vc.
Prover result is: Valid (0.02s, 64809 steps).

File "/home/fabrice/git/pycsl/scratchpad/.pycsl_ir6cbmf_.mlw", line 2583, characters 17-46:
Sub-goal type invariant of goal _parser__global_stmt'vc.
Prover result is: Valid (0.02s, 66697 steps).

File "/home/fabrice/git/pycsl/scratchpad/.pycsl_ir6cbmf_.mlw", line 2583, characters 17-46:
Sub-goal precondition of goal _parser__global_stmt'vc.
Prover result is: Valid (0.01s, 6538 steps).

File "/home/fabrice/git/pycsl/scratchpad/.pycsl_ir6cbmf_.mlw", line 2587, characters 31-56:
Sub-goal precondition of goal _parser__global_stmt'vc.
Prover result is: Valid (0.00s, 6606 steps).

File "/home/fabrice/git/pycsl/scratchpad/.pycsl_ir6cbmf_.mlw", line 2586, characters 16-51:
Sub-goal loop variant decrease of goal _parser__global_stmt'vc.
Prover result is: Valid (0.02s, 74234 steps).

File "/home/fabrice/git/pycsl/scratchpad/.pycsl_ir6cbmf_.mlw", line 2584, characters 18-72:
Sub-goal loop invariant preservation of goal _parser__global_stmt'vc.
Prover result is: Valid (0.02s, 75450 steps).

File "/home/fabrice/git/pycsl/scratchpad/.pycsl_ir6cbmf_.mlw", line 2585, characters 18-33:
Sub-goal loop invariant preservation of goal _parser__global_stmt'vc.
Prover result is: Valid (0.02s, 72562 steps).

File "/home/fabrice/git/pycsl/scratchpad/.pycsl_ir6cbmf_.mlw", line 2573, characters 15-19:
Sub-goal postcondition of goal _parser__global_stmt'vc.
Prover result is: Valid (0.01s, 6618 steps).

File "/home/fabrice/git/pycsl/scratchpad/.pycsl_ir6cbmf_.mlw", line 2574, characters 15-38:
Sub-goal postcondition of goal _parser__global_stmt'vc.
Prover result is: Valid (0.02s, 68312 steps).

File "/home/fabrice/git/pycsl/scratchpad/.pycsl_ir6cbmf_.mlw", line 2597, characters 12-37:
Sub-goal precondition of goal _parser___import_as_name'vc.
Prover result is: Valid (0.01s, 5295 steps).

File "/home/fabrice/git/pycsl/scratchpad/.pycsl_ir6cbmf_.mlw", line 2599, characters 14-44:
Sub-goal precondition of goal _parser___import_as_name'vc.
Prover result is: Valid (0.01s, 5338 steps).

File "/home/fabrice/git/pycsl/scratchpad/.pycsl_ir6cbmf_.mlw", line 2600, characters 25-50:
Sub-goal precondition of goal _parser___import_as_name'vc.
Prover result is: Valid (0.00s, 5404 steps).

File "/home/fabrice/git/pycsl/scratchpad/.pycsl_ir6cbmf_.mlw", line 2593, characters 15-39:
Sub-goal postcondition of goal _parser___import_as_name'vc.
Prover result is: Valid (0.01s, 52042 steps).

File "/home/fabrice/git/pycsl/scratchpad/.pycsl_ir6cbmf_.mlw", line 2593, characters 15-39:
Sub-goal postcondition of goal _parser___import_as_name'vc.
Prover result is: Valid (0.01s, 53439 steps).

File "/home/fabrice/git/pycsl/scratchpad/.pycsl_ir6cbmf_.mlw", line 2604, characters 22-71:
Sub-goal goal of goal _parser___import_as_name__union_arm_Arm_9_0_inj.
Prover result is: Valid (0.01s, 5290 steps).

File "/home/fabrice/git/pycsl/scratchpad/.pycsl_ir6cbmf_.mlw", line 2606, characters 68-73:
Sub-goal goal of goal _parser___import_as_name__union_arm_Arm_9_0_proj.
Prover result is: Valid (0.01s, 5285 steps).

File "/home/fabrice/git/pycsl/scratchpad/.pycsl_ir6cbmf_.mlw", line 2615, characters 30-61:
Sub-goal precondition of goal _parser___import_as_names'vc.
Prover result is: Valid (0.01s, 5295 steps).

File "/home/fabrice/git/pycsl/scratchpad/.pycsl_ir6cbmf_.mlw", line 2620, characters 18-72:
Sub-goal loop invariant init of goal _parser___import_as_names'vc.
Prover result is: Valid (0.02s, 65004 steps).

File "/home/fabrice/git/pycsl/scratchpad/.pycsl_ir6cbmf_.mlw", line 2621, characters 18-34:
Sub-goal loop invariant init of goal _parser___import_as_names'vc.
Prover result is: Valid (0.01s, 18767 steps).

File "/home/fabrice/git/pycsl/scratchpad/.pycsl_ir6cbmf_.mlw", line 2619, characters 17-46:
Sub-goal type invariant of goal _parser___import_as_names'vc.
Prover result is: Valid (0.01s, 6439 steps).

File "/home/fabrice/git/pycsl/scratchpad/.pycsl_ir6cbmf_.mlw", line 2619, characters 17-46:
Sub-goal type invariant of goal _parser___import_as_names'vc.
Prover result is: Valid (0.00s, 6446 steps).

File "/home/fabrice/git/pycsl/scratchpad/.pycsl_ir6cbmf_.mlw", line 2619, characters 17-46:
Sub-goal type invariant of goal _parser___import_as_names'vc.
Prover result is: Valid (0.02s, 64076 steps).

File "/home/fabrice/git/pycsl/scratchpad/.pycsl_ir6cbmf_.mlw", line 2619, characters 17-46:
Sub-goal type invariant of goal _parser___import_as_names'vc.
Prover result is: Valid (0.02s, 65893 steps).

File "/home/fabrice/git/pycsl/scratchpad/.pycsl_ir6cbmf_.mlw", line 2619, characters 17-46:
Sub-goal precondition of goal _parser___import_as_names'vc.
Prover result is: Valid (0.01s, 6454 steps).

File "/home/fabrice/git/pycsl/scratchpad/.pycsl_ir6cbmf_.mlw", line 2623, characters 10-70:
Sub-goal precondition of goal _parser___import_as_names'vc.
Prover result is: Valid (0.00s, 7107 steps).

File "/home/fabrice/git/pycsl/scratchpad/.pycsl_ir6cbmf_.mlw", line 2610, characters 15-19:
Sub-goal postcondition of goal _parser___import_as_names'vc.
Prover result is: Valid (0.00s, 7479 steps).

File "/home/fabrice/git/pycsl/scratchpad/.pycsl_ir6cbmf_.mlw", line 2611, characters 15-39:
Sub-goal postcondition of goal _parser___import_as_names'vc.
Prover result is: Valid (0.02s, 90334 steps).

File "/home/fabrice/git/pycsl/scratchpad/.pycsl_ir6cbmf_.mlw", line 2626, characters 31-62:
Sub-goal precondition of goal _parser___import_as_names'vc.
Prover result is: Valid (0.01s, 7219 steps).

File "/home/fabrice/git/pycsl/scratchpad/.pycsl_ir6cbmf_.mlw", line 2622, characters 16-51:
Sub-goal loop variant decrease of goal _parser___import_as_names'vc.
Prover result is: Valid (0.03s, 109625 steps).

File "/home/fabrice/git/pycsl/scratchpad/.pycsl_ir6cbmf_.mlw", line 2620, characters 18-72:
Sub-goal loop invariant preservation of goal _parser___import_as_names'vc.
Prover result is: Valid (0.02s, 90008 steps).

File "/home/fabrice/git/pycsl/scratchpad/.pycsl_ir6cbmf_.mlw", line 2621, characters 18-34:
Sub-goal loop invariant preservation of goal _parser___import_as_names'vc.
Prover result is: Valid (0.02s, 87554 steps).

File "/home/fabrice/git/pycsl/scratchpad/.pycsl_ir6cbmf_.mlw", line 2610, characters 15-19:
Sub-goal postcondition of goal _parser___import_as_names'vc.
Prover result is: Valid (0.01s, 6791 steps).

File "/home/fabrice/git/pycsl/scratchpad/.pycsl_ir6cbmf_.mlw", line 2611, characters 15-39:
Sub-goal postcondition of goal _parser___import_as_names'vc.
Prover result is: Valid (0.02s, 70840 steps).

File "/home/fabrice/git/pycsl/scratchpad/.pycsl_ir6cbmf_.mlw", line 2640, characters 9-32:
Sub-goal precondition of goal _parser__import_from'vc.
Prover result is: Valid (0.01s, 5477 steps).

File "/home/fabrice/git/pycsl/scratchpad/.pycsl_ir6cbmf_.mlw", line 2642, characters 13-36:
Sub-goal assertion of goal _parser__import_from'vc.
Prover result is: Valid (0.01s, 54148 steps).

File "/home/fabrice/git/pycsl/scratchpad/.pycsl_ir6cbmf_.mlw", line 2646, characters 18-72:
Sub-goal loop invariant init of goal _parser__import_from'vc.
Prover result is: Valid (0.01s, 54638 steps).

File "/home/fabrice/git/pycsl/scratchpad/.pycsl_ir6cbmf_.mlw", line 2647, characters 18-34:
Sub-goal loop invariant init of goal _parser__import_from'vc.
Prover result is: Valid (0.01s, 14706 steps).

File "/home/fabrice/git/pycsl/scratchpad/.pycsl_ir6cbmf_.mlw", line 2648, characters 18-41:
Sub-goal loop invariant init of goal _parser__import_from'vc.
Prover result is: Valid (0.00s, 5614 steps).

File "/home/fabrice/git/pycsl/scratchpad/.pycsl_ir6cbmf_.mlw", line 2645, characters 11-88:
Sub-goal type invariant of goal _parser__import_from'vc.
Prover result is: Valid (0.00s, 6697 steps).

File "/home/fabrice/git/pycsl/scratchpad/.pycsl_ir6cbmf_.mlw", line 2645, characters 11-88:
Sub-goal type invariant of goal _parser__import_from'vc.
Prover result is: Valid (0.00s, 6702 steps).

File "/home/fabrice/git/pycsl/scratchpad/.pycsl_ir6cbmf_.mlw", line 2645, characters 11-88:
Sub-goal type invariant of goal _parser__import_from'vc.
Prover result is: Valid (0.02s, 66806 steps).

File "/home/fabrice/git/pycsl/scratchpad/.pycsl_ir6cbmf_.mlw", line 2645, characters 11-88:
Sub-goal type invariant of goal _parser__import_from'vc.
Prover result is: Valid (0.02s, 67893 steps).

File "/home/fabrice/git/pycsl/scratchpad/.pycsl_ir6cbmf_.mlw", line 2645, characters 11-88:
Sub-goal precondition of goal _parser__import_from'vc.
Prover result is: Valid (0.00s, 6712 steps).

File "/home/fabrice/git/pycsl/scratchpad/.pycsl_ir6cbmf_.mlw", line 2650, characters 52-71:
Sub-goal precondition of goal _parser__import_from'vc.
Prover result is: Valid (0.00s, 6748 steps).

File "/home/fabrice/git/pycsl/scratchpad/.pycsl_ir6cbmf_.mlw", line 2651, characters 14-37:
Sub-goal precondition of goal _parser__import_from'vc.
Prover result is: Valid (0.01s, 6780 steps).

File "/home/fabrice/git/pycsl/scratchpad/.pycsl_ir6cbmf_.mlw", line 2649, characters 16-51:
Sub-goal loop variant decrease of goal _parser__import_from'vc.
Prover result is: Valid (0.02s, 90447 steps).

File "/home/fabrice/git/pycsl/scratchpad/.pycsl_ir6cbmf_.mlw", line 2646, characters 18-72:
Sub-goal loop invariant preservation of goal _parser__import_from'vc.
Prover result is: Valid (0.02s, 81896 steps).

File "/home/fabrice/git/pycsl/scratchpad/.pycsl_ir6cbmf_.mlw", line 2647, characters 18-34:
Sub-goal loop invariant preservation of goal _parser__import_from'vc.
Prover result is: Valid (0.02s, 79019 steps).

File "/home/fabrice/git/pycsl/scratchpad/.pycsl_ir6cbmf_.mlw", line 2648, characters 18-41:
Sub-goal loop invariant preservation of goal _parser__import_from'vc.
Prover result is: Valid (0.01s, 79138 steps).

File "/home/fabrice/git/pycsl/scratchpad/.pycsl_ir6cbmf_.mlw", line 2654, characters 13-78:
Sub-goal precondition of goal _parser__import_from'vc.
Prover result is: Valid (0.01s, 6833 steps).

File "/home/fabrice/git/pycsl/scratchpad/.pycsl_ir6cbmf_.mlw", line 2655, characters 32-57:
Sub-goal precondition of goal _parser__import_from'vc.
Prover result is: Valid (0.01s, 6834 steps).

File "/home/fabrice/git/pycsl/scratchpad/.pycsl_ir6cbmf_.mlw", line 2659, characters 20-74:
Sub-goal loop invariant init of goal _parser__import_from'vc.
Prover result is: Valid (0.02s, 77980 steps).

File "/home/fabrice/git/pycsl/scratchpad/.pycsl_ir6cbmf_.mlw", line 2660, characters 20-35:
Sub-goal loop invariant init of goal _parser__import_from'vc.
Prover result is: Valid (0.01s, 25966 steps).

File "/home/fabrice/git/pycsl/scratchpad/.pycsl_ir6cbmf_.mlw", line 2661, characters 20-43:
Sub-goal loop invariant init of goal _parser__import_from'vc.
Prover result is: Valid (0.02s, 74530 steps).

File "/home/fabrice/git/pycsl/scratchpad/.pycsl_ir6cbmf_.mlw", line 2658, characters 19-48:
Sub-goal type invariant of goal _parser__import_from'vc.
Prover result is: Valid (0.01s, 7009 steps).

File "/home/fabrice/git/pycsl/scratchpad/.pycsl_ir6cbmf_.mlw", line 2658, characters 19-48:
Sub-goal type invariant of goal _parser__import_from'vc.
Prover result is: Valid (0.01s, 7016 steps).

File "/home/fabrice/git/pycsl/scratchpad/.pycsl_ir6cbmf_.mlw", line 2658, characters 19-48:
Sub-goal type invariant of goal _parser__import_from'vc.
Prover result is: Valid (0.02s, 74603 steps).

File "/home/fabrice/git/pycsl/scratchpad/.pycsl_ir6cbmf_.mlw", line 2658, characters 19-48:
Sub-goal type invariant of goal _parser__import_from'vc.
Prover result is: Valid (0.02s, 76250 steps).

File "/home/fabrice/git/pycsl/scratchpad/.pycsl_ir6cbmf_.mlw", line 2658, characters 19-48:
Sub-goal precondition of goal _parser__import_from'vc.
Prover result is: Valid (0.00s, 7024 steps).

File "/home/fabrice/git/pycsl/scratchpad/.pycsl_ir6cbmf_.mlw", line 2663, characters 33-58:
Sub-goal precondition of goal _parser__import_from'vc.
Prover result is: Valid (0.00s, 7092 steps).

File "/home/fabrice/git/pycsl/scratchpad/.pycsl_ir6cbmf_.mlw", line 2662, characters 18-53:
Sub-goal loop variant decrease of goal _parser__import_from'vc.
Prover result is: Valid (0.02s, 84505 steps).

File "/home/fabrice/git/pycsl/scratchpad/.pycsl_ir6cbmf_.mlw", line 2659, characters 20-74:
Sub-goal loop invariant preservation of goal _parser__import_from'vc.
Prover result is: Valid (0.02s, 89222 steps).

File "/home/fabrice/git/pycsl/scratchpad/.pycsl_ir6cbmf_.mlw", line 2660, characters 20-35:
Sub-goal loop invariant preservation of goal _parser__import_from'vc.
Prover result is: Valid (0.02s, 83021 steps).

File "/home/fabrice/git/pycsl/scratchpad/.pycsl_ir6cbmf_.mlw", line 2661, characters 20-43:
Sub-goal loop invariant preservation of goal _parser__import_from'vc.
Prover result is: Valid (0.02s, 83137 steps).

File "/home/fabrice/git/pycsl/scratchpad/.pycsl_ir6cbmf_.mlw", line 2667, characters 13-36:
Sub-goal assertion of goal _parser__import_from'vc.
Prover result is: Valid (0.02s, 81320 steps).

File "/home/fabrice/git/pycsl/scratchpad/.pycsl_ir6cbmf_.mlw", line 2668, characters 12-46:
Sub-goal precondition of goal _parser__import_from'vc.
Prover result is: Valid (0.01s, 7134 steps).

File "/home/fabrice/git/pycsl/scratchpad/.pycsl_ir6cbmf_.mlw", line 2670, characters 14-43:
Sub-goal precondition of goal _parser__import_from'vc.
Prover result is: Valid (0.00s, 7170 steps).

File "/home/fabrice/git/pycsl/scratchpad/.pycsl_ir6cbmf_.mlw", line 2681, characters 13-36:
Sub-goal assertion of goal _parser__import_from'vc.
Prover result is: Valid (0.02s, 90054 steps).

File "/home/fabrice/git/pycsl/scratchpad/.pycsl_ir6cbmf_.mlw", line 2633, characters 15-19:
Sub-goal postcondition of goal _parser__import_from'vc.
Prover result is: Valid (0.01s, 8073 steps).

File "/home/fabrice/git/pycsl/scratchpad/.pycsl_ir6cbmf_.mlw", line 2634, characters 15-38:
Sub-goal postcondition of goal _parser__import_from'vc.
Prover result is: Valid (0.01s, 8078 steps).

File "/home/fabrice/git/pycsl/scratchpad/.pycsl_ir6cbmf_.mlw", line 2673, characters 10-70:
Sub-goal precondition of goal _parser__import_from'vc.
Prover result is: Valid (0.00s, 7332 steps).

File "/home/fabrice/git/pycsl/scratchpad/.pycsl_ir6cbmf_.mlw", line 2674, characters 16-39:
Sub-goal precondition of goal _parser__import_from'vc.
Prover result is: Valid (0.01s, 7366 steps).

File "/home/fabrice/git/pycsl/scratchpad/.pycsl_ir6cbmf_.mlw", line 2675, characters 27-59:
Sub-goal precondition of goal _parser__import_from'vc.
Prover result is: Valid (0.01s, 7435 steps).

File "/home/fabrice/git/pycsl/scratchpad/.pycsl_ir6cbmf_.mlw", line 2676, characters 16-45:
Sub-goal precondition of goal _parser__import_from'vc.
Prover result is: Valid (0.01s, 8262 steps).

File "/home/fabrice/git/pycsl/scratchpad/.pycsl_ir6cbmf_.mlw", line 2681, characters 13-36:
Sub-goal assertion of goal _parser__import_from'vc.
Prover result is: Valid (0.02s, 99248 steps).

File "/home/fabrice/git/pycsl/scratchpad/.pycsl_ir6cbmf_.mlw", line 2633, characters 15-19:
Sub-goal postcondition of goal _parser__import_from'vc.
Prover result is: Valid (0.01s, 8533 steps).

File "/home/fabrice/git/pycsl/scratchpad/.pycsl_ir6cbmf_.mlw", line 2634, characters 15-38:
Sub-goal postcondition of goal _parser__import_from'vc.
Prover result is: Valid (0.01s, 8538 steps).

File "/home/fabrice/git/pycsl/scratchpad/.pycsl_ir6cbmf_.mlw", line 2678, characters 27-59:
Sub-goal precondition of goal _parser__import_from'vc.
Prover result is: Valid (0.00s, 7364 steps).

File "/home/fabrice/git/pycsl/scratchpad/.pycsl_ir6cbmf_.mlw", line 2681, characters 13-36:
Sub-goal assertion of goal _parser__import_from'vc.
Prover result is: Valid (0.02s, 94606 steps).

File "/home/fabrice/git/pycsl/scratchpad/.pycsl_ir6cbmf_.mlw", line 2633, characters 15-19:
Sub-goal postcondition of goal _parser__import_from'vc.
Prover result is: Valid (0.01s, 8426 steps).

File "/home/fabrice/git/pycsl/scratchpad/.pycsl_ir6cbmf_.mlw", line 2634, characters 15-38:
Sub-goal postcondition of goal _parser__import_from'vc.
Prover result is: Valid (0.01s, 8431 steps).

File "/home/fabrice/git/pycsl/scratchpad/.pycsl_ir6cbmf_.mlw", line 2667, characters 13-36:
Sub-goal assertion of goal _parser__import_from'vc.
Prover result is: Valid (0.01s, 25774 steps).

File "/home/fabrice/git/pycsl/scratchpad/.pycsl_ir6cbmf_.mlw", line 2668, characters 12-46:
Sub-goal precondition of goal _parser__import_from'vc.
Prover result is: Valid (0.01s, 6874 steps).

File "/home/fabrice/git/pycsl/scratchpad/.pycsl_ir6cbmf_.mlw", line 2670, characters 14-43:
Sub-goal precondition of goal _parser__import_from'vc.
Prover result is: Valid (0.01s, 6908 steps).

File "/home/fabrice/git/pycsl/scratchpad/.pycsl_ir6cbmf_.mlw", line 2681, characters 13-36:
Sub-goal assertion of goal _parser__import_from'vc.
Prover result is: Valid (0.02s, 90172 steps).

File "/home/fabrice/git/pycsl/scratchpad/.pycsl_ir6cbmf_.mlw", line 2633, characters 15-19:
Sub-goal postcondition of goal _parser__import_from'vc.
Prover result is: Valid (0.00s, 7782 steps).

File "/home/fabrice/git/pycsl/scratchpad/.pycsl_ir6cbmf_.mlw", line 2634, characters 15-38:
Sub-goal postcondition of goal _parser__import_from'vc.
Prover result is: Valid (0.01s, 7787 steps).

File "/home/fabrice/git/pycsl/scratchpad/.pycsl_ir6cbmf_.mlw", line 2673, characters 10-70:
Sub-goal precondition of goal _parser__import_from'vc.
Prover result is: Valid (0.01s, 7070 steps).

File "/home/fabrice/git/pycsl/scratchpad/.pycsl_ir6cbmf_.mlw", line 2674, characters 16-39:
Sub-goal precondition of goal _parser__import_from'vc.
Prover result is: Valid (0.01s, 7104 steps).

File "/home/fabrice/git/pycsl/scratchpad/.pycsl_ir6cbmf_.mlw", line 2675, characters 27-59:
Sub-goal precondition of goal _parser__import_from'vc.
Prover result is: Valid (0.01s, 7173 steps).

File "/home/fabrice/git/pycsl/scratchpad/.pycsl_ir6cbmf_.mlw", line 2676, characters 16-45:
Sub-goal precondition of goal _parser__import_from'vc.
Prover result is: Valid (0.00s, 8000 steps).

File "/home/fabrice/git/pycsl/scratchpad/.pycsl_ir6cbmf_.mlw", line 2681, characters 13-36:
Sub-goal assertion of goal _parser__import_from'vc.
Prover result is: Valid (0.02s, 96253 steps).

File "/home/fabrice/git/pycsl/scratchpad/.pycsl_ir6cbmf_.mlw", line 2633, characters 15-19:
Sub-goal postcondition of goal _parser__import_from'vc.
Prover result is: Valid (0.01s, 8242 steps).

File "/home/fabrice/git/pycsl/scratchpad/.pycsl_ir6cbmf_.mlw", line 2634, characters 15-38:
Sub-goal postcondition of goal _parser__import_from'vc.
Prover result is: Valid (0.01s, 8247 steps).

File "/home/fabrice/git/pycsl/scratchpad/.pycsl_ir6cbmf_.mlw", line 2678, characters 27-59:
Sub-goal precondition of goal _parser__import_from'vc.
Prover result is: Valid (0.00s, 7102 steps).

File "/home/fabrice/git/pycsl/scratchpad/.pycsl_ir6cbmf_.mlw", line 2681, characters 13-36:
Sub-goal assertion of goal _parser__import_from'vc.
Prover result is: Valid (0.02s, 94857 steps).

File "/home/fabrice/git/pycsl/scratchpad/.pycsl_ir6cbmf_.mlw", line 2633, characters 15-19:
Sub-goal postcondition of goal _parser__import_from'vc.
Prover result is: Valid (0.00s, 8135 steps).

File "/home/fabrice/git/pycsl/scratchpad/.pycsl_ir6cbmf_.mlw", line 2634, characters 15-38:
Sub-goal postcondition of goal _parser__import_from'vc.
Prover result is: Valid (0.00s, 8140 steps).

File "/home/fabrice/git/pycsl/scratchpad/.pycsl_ir6cbmf_.mlw", line 2684, characters 22-67:
Sub-goal goal of goal _parser__import_from__union_arm_Arm_8_0_inj.
Prover result is: Valid (0.01s, 5290 steps).

File "/home/fabrice/git/pycsl/scratchpad/.pycsl_ir6cbmf_.mlw", line 2686, characters 64-69:
Sub-goal goal of goal _parser__import_from__union_arm_Arm_8_0_proj.
Prover result is: Valid (0.01s, 5285 steps).

File "/home/fabrice/git/pycsl/scratchpad/.pycsl_ir6cbmf_.mlw", line 2696, characters 9-32:
Sub-goal precondition of goal _parser__import_stmt'vc.
Prover result is: Valid (0.00s, 5477 steps).

File "/home/fabrice/git/pycsl/scratchpad/.pycsl_ir6cbmf_.mlw", line 2697, characters 30-61:
Sub-goal precondition of goal _parser__import_stmt'vc.
Prover result is: Valid (0.00s, 5563 steps).

File "/home/fabrice/git/pycsl/scratchpad/.pycsl_ir6cbmf_.mlw", line 2701, characters 18-72:
Sub-goal loop invariant init of goal _parser__import_stmt'vc.
Prover result is: Valid (0.01s, 67215 steps).

File "/home/fabrice/git/pycsl/scratchpad/.pycsl_ir6cbmf_.mlw", line 2702, characters 18-34:
Sub-goal loop invariant init of goal _parser__import_stmt'vc.
Prover result is: Valid (0.01s, 19381 steps).

File "/home/fabrice/git/pycsl/scratchpad/.pycsl_ir6cbmf_.mlw", line 2700, characters 17-46:
Sub-goal type invariant of goal _parser__import_stmt'vc.
Prover result is: Valid (0.00s, 6603 steps).

File "/home/fabrice/git/pycsl/scratchpad/.pycsl_ir6cbmf_.mlw", line 2700, characters 17-46:
Sub-goal type invariant of goal _parser__import_stmt'vc.
Prover result is: Valid (0.01s, 6610 steps).

File "/home/fabrice/git/pycsl/scratchpad/.pycsl_ir6cbmf_.mlw", line 2700, characters 17-46:
Sub-goal type invariant of goal _parser__import_stmt'vc.
Prover result is: Valid (0.01s, 65791 steps).

File "/home/fabrice/git/pycsl/scratchpad/.pycsl_ir6cbmf_.mlw", line 2700, characters 17-46:
Sub-goal type invariant of goal _parser__import_stmt'vc.
Prover result is: Valid (0.02s, 66756 steps).

File "/home/fabrice/git/pycsl/scratchpad/.pycsl_ir6cbmf_.mlw", line 2700, characters 17-46:
Sub-goal precondition of goal _parser__import_stmt'vc.
Prover result is: Valid (0.01s, 6618 steps).

File "/home/fabrice/git/pycsl/scratchpad/.pycsl_ir6cbmf_.mlw", line 2704, characters 31-62:
Sub-goal precondition of goal _parser__import_stmt'vc.
Prover result is: Valid (0.01s, 6686 steps).

File "/home/fabrice/git/pycsl/scratchpad/.pycsl_ir6cbmf_.mlw", line 2703, characters 16-51:
Sub-goal loop variant decrease of goal _parser__import_stmt'vc.
Prover result is: Valid (0.02s, 93477 steps).

File "/home/fabrice/git/pycsl/scratchpad/.pycsl_ir6cbmf_.mlw", line 2701, characters 18-72:
Sub-goal loop invariant preservation of goal _parser__import_stmt'vc.
Prover result is: Valid (0.02s, 76033 steps).

File "/home/fabrice/git/pycsl/scratchpad/.pycsl_ir6cbmf_.mlw", line 2702, characters 18-34:
Sub-goal loop invariant preservation of goal _parser__import_stmt'vc.
Prover result is: Valid (0.01s, 73340 steps).

File "/home/fabrice/git/pycsl/scratchpad/.pycsl_ir6cbmf_.mlw", line 2690, characters 15-19:
Sub-goal postcondition of goal _parser__import_stmt'vc.
Prover result is: Valid (0.00s, 6892 steps).

File "/home/fabrice/git/pycsl/scratchpad/.pycsl_ir6cbmf_.mlw", line 2691, characters 15-38:
Sub-goal postcondition of goal _parser__import_stmt'vc.
Prover result is: Valid (0.02s, 77795 steps).

File "/home/fabrice/git/pycsl/scratchpad/.pycsl_ir6cbmf_.mlw", line 2719, characters 9-32:
Sub-goal precondition of goal _parser__raise_stmt'vc.
Prover result is: Valid (0.00s, 5477 steps).

File "/home/fabrice/git/pycsl/scratchpad/.pycsl_ir6cbmf_.mlw", line 2722, characters 13-38:
Sub-goal precondition of goal _parser__raise_stmt'vc.
Prover result is: Valid (0.00s, 5563 steps).

File "/home/fabrice/git/pycsl/scratchpad/.pycsl_ir6cbmf_.mlw", line 2723, characters 22-42:
Sub-goal precondition of goal _parser__raise_stmt'vc.
Prover result is: Valid (0.00s, 5563 steps).

File "/home/fabrice/git/pycsl/scratchpad/.pycsl_ir6cbmf_.mlw", line 2724, characters 16-48:
Sub-goal precondition of goal _parser__raise_stmt'vc.
Prover result is: Valid (0.00s, 5612 steps).

File "/home/fabrice/git/pycsl/scratchpad/.pycsl_ir6cbmf_.mlw", line 2725, characters 26-46:
Sub-goal precondition of goal _parser__raise_stmt'vc.
Prover result is: Valid (0.00s, 5678 steps).

File "/home/fabrice/git/pycsl/scratchpad/.pycsl_ir6cbmf_.mlw", line 2714, characters 15-19:
Sub-goal postcondition of goal _parser__raise_stmt'vc.
Prover result is: Valid (0.01s, 5787 steps).

File "/home/fabrice/git/pycsl/scratchpad/.pycsl_ir6cbmf_.mlw", line 2715, characters 15-38:
Sub-goal postcondition of goal _parser__raise_stmt'vc.
Prover result is: Valid (0.02s, 55154 steps).

File "/home/fabrice/git/pycsl/scratchpad/.pycsl_ir6cbmf_.mlw", line 2714, characters 15-19:
Sub-goal postcondition of goal _parser__raise_stmt'vc.
Prover result is: Valid (0.00s, 5718 steps).

File "/home/fabrice/git/pycsl/scratchpad/.pycsl_ir6cbmf_.mlw", line 2715, characters 15-38:
Sub-goal postcondition of goal _parser__raise_stmt'vc.
Prover result is: Valid (0.01s, 56687 steps).

File "/home/fabrice/git/pycsl/scratchpad/.pycsl_ir6cbmf_.mlw", line 2714, characters 15-19:
Sub-goal postcondition of goal _parser__raise_stmt'vc.
Prover result is: Valid (0.01s, 5572 steps).

File "/home/fabrice/git/pycsl/scratchpad/.pycsl_ir6cbmf_.mlw", line 2715, characters 15-38:
Sub-goal postcondition of goal _parser__raise_stmt'vc.
Prover result is: Valid (0.01s, 60642 steps).

File "/home/fabrice/git/pycsl/scratchpad/.pycsl_ir6cbmf_.mlw", line 2730, characters 23-67:
Sub-goal goal of goal _parser__raise_stmt__union_arm_Arm_5_0_inj.
Prover result is: Valid (0.00s, 5290 steps).

File "/home/fabrice/git/pycsl/scratchpad/.pycsl_ir6cbmf_.mlw", line 2732, characters 63-68:
Sub-goal goal of goal _parser__raise_stmt__union_arm_Arm_5_0_proj.
Prover result is: Valid (0.01s, 5285 steps).

File "/home/fabrice/git/pycsl/scratchpad/.pycsl_ir6cbmf_.mlw", line 2741, characters 9-32:
Sub-goal precondition of goal _parser__return_stmt'vc.
Prover result is: Valid (0.00s, 5477 steps).

File "/home/fabrice/git/pycsl/scratchpad/.pycsl_ir6cbmf_.mlw", line 2743, characters 13-38:
Sub-goal precondition of goal _parser__return_stmt'vc.
Prover result is: Valid (0.01s, 5563 steps).

File "/home/fabrice/git/pycsl/scratchpad/.pycsl_ir6cbmf_.mlw", line 2744, characters 25-49:
Sub-goal precondition of goal _parser__return_stmt'vc.
Prover result is: Valid (0.01s, 5563 steps).

File "/home/fabrice/git/pycsl/scratchpad/.pycsl_ir6cbmf_.mlw", line 2736, characters 15-19:
Sub-goal postcondition of goal _parser__return_stmt'vc.
Prover result is: Valid (0.00s, 5628 steps).

File "/home/fabrice/git/pycsl/scratchpad/.pycsl_ir6cbmf_.mlw", line 2737, characters 15-38:
Sub-goal postcondition of goal _parser__return_stmt'vc.
Prover result is: Valid (0.01s, 55126 steps).

File "/home/fabrice/git/pycsl/scratchpad/.pycsl_ir6cbmf_.mlw", line 2736, characters 15-19:
Sub-goal postcondition of goal _parser__return_stmt'vc.
Prover result is: Valid (0.00s, 5572 steps).

File "/home/fabrice/git/pycsl/scratchpad/.pycsl_ir6cbmf_.mlw", line 2737, characters 15-38:
Sub-goal postcondition of goal _parser__return_stmt'vc.
Prover result is: Valid (0.01s, 60642 steps).

File "/home/fabrice/git/pycsl/scratchpad/.pycsl_ir6cbmf_.mlw", line 2748, characters 23-68:
Sub-goal goal of goal _parser__return_stmt__union_arm_Arm_4_0_inj.
Prover result is: Valid (0.01s, 5290 steps).

File "/home/fabrice/git/pycsl/scratchpad/.pycsl_ir6cbmf_.mlw", line 2750, characters 64-69:
Sub-goal goal of goal _parser__return_stmt__union_arm_Arm_4_0_proj.
Prover result is: Valid (0.00s, 5285 steps).

File "/home/fabrice/git/pycsl/scratchpad/.pycsl_ir6cbmf_.mlw", line 2761, characters 8-71:
Sub-goal precondition of goal _parser__small_stmt'vc.
Prover result is: Valid (0.01s, 6271 steps).

File "/home/fabrice/git/pycsl/scratchpad/.pycsl_ir6cbmf_.mlw", line 2762, characters 11-34:
Sub-goal precondition of goal _parser__small_stmt'vc.
Prover result is: Valid (0.00s, 6472 steps).

File "/home/fabrice/git/pycsl/scratchpad/.pycsl_ir6cbmf_.mlw", line 2763, characters 28-58:
Sub-goal precondition of goal _parser__small_stmt'vc.
Prover result is: Valid (0.00s, 6558 steps).

File "/home/fabrice/git/pycsl/scratchpad/.pycsl_ir6cbmf_.mlw", line 2754, characters 15-19:
Sub-goal postcondition of goal _parser__small_stmt'vc.
Prover result is: Valid (0.01s, 6558 steps).

File "/home/fabrice/git/pycsl/scratchpad/.pycsl_ir6cbmf_.mlw", line 2755, characters 15-38:
Sub-goal postcondition of goal _parser__small_stmt'vc.
Prover result is: Valid (0.02s, 76962 steps).

File "/home/fabrice/git/pycsl/scratchpad/.pycsl_ir6cbmf_.mlw", line 2765, characters 10-74:
Sub-goal precondition of goal _parser__small_stmt'vc.
Prover result is: Valid (0.00s, 6557 steps).

File "/home/fabrice/git/pycsl/scratchpad/.pycsl_ir6cbmf_.mlw", line 2766, characters 13-36:
Sub-goal precondition of goal _parser__small_stmt'vc.
Prover result is: Valid (0.01s, 6583 steps).

File "/home/fabrice/git/pycsl/scratchpad/.pycsl_ir6cbmf_.mlw", line 2767, characters 30-61:
Sub-goal precondition of goal _parser__small_stmt'vc.
Prover result is: Valid (0.00s, 6669 steps).

File "/home/fabrice/git/pycsl/scratchpad/.pycsl_ir6cbmf_.mlw", line 2754, characters 15-19:
Sub-goal postcondition of goal _parser__small_stmt'vc.
Prover result is: Valid (0.00s, 6669 steps).

File "/home/fabrice/git/pycsl/scratchpad/.pycsl_ir6cbmf_.mlw", line 2755, characters 15-38:
Sub-goal postcondition of goal _parser__small_stmt'vc.
Prover result is: Valid (0.02s, 80703 steps).

File "/home/fabrice/git/pycsl/scratchpad/.pycsl_ir6cbmf_.mlw", line 2769, characters 12-79:
Sub-goal precondition of goal _parser__small_stmt'vc.
Prover result is: Valid (0.01s, 6666 steps).

File "/home/fabrice/git/pycsl/scratchpad/.pycsl_ir6cbmf_.mlw", line 2770, characters 15-38:
Sub-goal precondition of goal _parser__small_stmt'vc.
Prover result is: Valid (0.00s, 6686 steps).

File "/home/fabrice/git/pycsl/scratchpad/.pycsl_ir6cbmf_.mlw", line 2771, characters 32-66:
Sub-goal precondition of goal _parser__small_stmt'vc.
Prover result is: Valid (0.00s, 6772 steps).

File "/home/fabrice/git/pycsl/scratchpad/.pycsl_ir6cbmf_.mlw", line 2754, characters 15-19:
Sub-goal postcondition of goal _parser__small_stmt'vc.
Prover result is: Valid (0.01s, 6772 steps).

File "/home/fabrice/git/pycsl/scratchpad/.pycsl_ir6cbmf_.mlw", line 2755, characters 15-38:
Sub-goal postcondition of goal _parser__small_stmt'vc.
Prover result is: Valid (0.02s, 82102 steps).

File "/home/fabrice/git/pycsl/scratchpad/.pycsl_ir6cbmf_.mlw", line 2773, characters 14-79:
Sub-goal precondition of goal _parser__small_stmt'vc.
Prover result is: Valid (0.01s, 6769 steps).

File "/home/fabrice/git/pycsl/scratchpad/.pycsl_ir6cbmf_.mlw", line 2774, characters 34-61:
Sub-goal precondition of goal _parser__small_stmt'vc.
Prover result is: Valid (0.01s, 11409 steps).

File "/home/fabrice/git/pycsl/scratchpad/.pycsl_ir6cbmf_.mlw", line 2754, characters 15-19:
Sub-goal postcondition of goal _parser__small_stmt'vc.
Prover result is: Valid (0.00s, 6824 steps).

File "/home/fabrice/git/pycsl/scratchpad/.pycsl_ir6cbmf_.mlw", line 2755, characters 15-38:
Sub-goal postcondition of goal _parser__small_stmt'vc.
Prover result is: Valid (0.01s, 6829 steps).

File "/home/fabrice/git/pycsl/scratchpad/.pycsl_ir6cbmf_.mlw", line 2776, characters 16-80:
Sub-goal precondition of goal _parser__small_stmt'vc.
Prover result is: Valid (0.00s, 6872 steps).

File "/home/fabrice/git/pycsl/scratchpad/.pycsl_ir6cbmf_.mlw", line 2777, characters 36-62:
Sub-goal precondition of goal _parser__small_stmt'vc.
Prover result is: Valid (0.00s, 11594 steps).

File "/home/fabrice/git/pycsl/scratchpad/.pycsl_ir6cbmf_.mlw", line 2754, characters 15-19:
Sub-goal postcondition of goal _parser__small_stmt'vc.
Prover result is: Valid (0.01s, 6927 steps).

File "/home/fabrice/git/pycsl/scratchpad/.pycsl_ir6cbmf_.mlw", line 2755, characters 15-38:
Sub-goal postcondition of goal _parser__small_stmt'vc.
Prover result is: Valid (0.01s, 6932 steps).

File "/home/fabrice/git/pycsl/scratchpad/.pycsl_ir6cbmf_.mlw", line 2779, characters 18-80:
Sub-goal precondition of goal _parser__small_stmt'vc.
Prover result is: Valid (0.01s, 6975 steps).

File "/home/fabrice/git/pycsl/scratchpad/.pycsl_ir6cbmf_.mlw", line 2780, characters 38-62:
Sub-goal precondition of goal _parser__small_stmt'vc.
Prover result is: Valid (0.01s, 11779 steps).

File "/home/fabrice/git/pycsl/scratchpad/.pycsl_ir6cbmf_.mlw", line 2754, characters 15-19:
Sub-goal postcondition of goal _parser__small_stmt'vc.
Prover result is: Valid (0.01s, 7035 steps).

File "/home/fabrice/git/pycsl/scratchpad/.pycsl_ir6cbmf_.mlw", line 2755, characters 15-38:
Sub-goal postcondition of goal _parser__small_stmt'vc.
Prover result is: Valid (0.01s, 7040 steps).

File "/home/fabrice/git/pycsl/scratchpad/.pycsl_ir6cbmf_.mlw", line 2782, characters 20-85:
Sub-goal precondition of goal _parser__small_stmt'vc.
Prover result is: Valid (0.01s, 7078 steps).

File "/home/fabrice/git/pycsl/scratchpad/.pycsl_ir6cbmf_.mlw", line 2783, characters 40-67:
Sub-goal precondition of goal _parser__small_stmt'vc.
Prover result is: Valid (0.01s, 11964 steps).

File "/home/fabrice/git/pycsl/scratchpad/.pycsl_ir6cbmf_.mlw", line 2754, characters 15-19:
Sub-goal postcondition of goal _parser__small_stmt'vc.
Prover result is: Valid (0.00s, 7133 steps).

File "/home/fabrice/git/pycsl/scratchpad/.pycsl_ir6cbmf_.mlw", line 2755, characters 15-38:
Sub-goal postcondition of goal _parser__small_stmt'vc.
Prover result is: Valid (0.01s, 7138 steps).

File "/home/fabrice/git/pycsl/scratchpad/.pycsl_ir6cbmf_.mlw", line 2785, characters 22-87:
Sub-goal precondition of goal _parser__small_stmt'vc.
Prover result is: Valid (0.00s, 7181 steps).

File "/home/fabrice/git/pycsl/scratchpad/.pycsl_ir6cbmf_.mlw", line 2786, characters 42-78:
Sub-goal precondition of goal _parser__small_stmt'vc.
Prover result is: Valid (0.01s, 7201 steps).

File "/home/fabrice/git/pycsl/scratchpad/.pycsl_ir6cbmf_.mlw", line 2754, characters 15-19:
Sub-goal postcondition of goal _parser__small_stmt'vc.
Prover result is: Valid (0.01s, 7236 steps).

File "/home/fabrice/git/pycsl/scratchpad/.pycsl_ir6cbmf_.mlw", line 2755, characters 15-38:
Sub-goal postcondition of goal _parser__small_stmt'vc.
Prover result is: Valid (0.01s, 7241 steps).

File "/home/fabrice/git/pycsl/scratchpad/.pycsl_ir6cbmf_.mlw", line 2788, characters 24-91:
Sub-goal precondition of goal _parser__small_stmt'vc.
Prover result is: Valid (0.00s, 7284 steps).

File "/home/fabrice/git/pycsl/scratchpad/.pycsl_ir6cbmf_.mlw", line 2789, characters 44-82:
Sub-goal precondition of goal _parser__small_stmt'vc.
Prover result is: Valid (0.01s, 7304 steps).

File "/home/fabrice/git/pycsl/scratchpad/.pycsl_ir6cbmf_.mlw", line 2754, characters 15-19:
Sub-goal postcondition of goal _parser__small_stmt'vc.
Prover result is: Valid (0.01s, 7339 steps).

File "/home/fabrice/git/pycsl/scratchpad/.pycsl_ir6cbmf_.mlw", line 2755, characters 15-38:
Sub-goal postcondition of goal _parser__small_stmt'vc.
Prover result is: Valid (0.01s, 7344 steps).

File "/home/fabrice/git/pycsl/scratchpad/.pycsl_ir6cbmf_.mlw", line 2791, characters 26-91:
Sub-goal precondition of goal _parser__small_stmt'vc.
Prover result is: Valid (0.00s, 7387 steps).

File "/home/fabrice/git/pycsl/scratchpad/.pycsl_ir6cbmf_.mlw", line 2792, characters 46-73:
Sub-goal precondition of goal _parser__small_stmt'vc.
Prover result is: Valid (0.01s, 12519 steps).

File "/home/fabrice/git/pycsl/scratchpad/.pycsl_ir6cbmf_.mlw", line 2754, characters 15-19:
Sub-goal postcondition of goal _parser__small_stmt'vc.
Prover result is: Valid (0.01s, 7442 steps).

File "/home/fabrice/git/pycsl/scratchpad/.pycsl_ir6cbmf_.mlw", line 2755, characters 15-38:
Sub-goal postcondition of goal _parser__small_stmt'vc.
Prover result is: Valid (0.01s, 7447 steps).

File "/home/fabrice/git/pycsl/scratchpad/.pycsl_ir6cbmf_.mlw", line 2794, characters 28-91:
Sub-goal precondition of goal _parser__small_stmt'vc.
Prover result is: Valid (0.00s, 7490 steps).

File "/home/fabrice/git/pycsl/scratchpad/.pycsl_ir6cbmf_.mlw", line 2795, characters 48-75:
Sub-goal precondition of goal _parser__small_stmt'vc.
Prover result is: Valid (0.00s, 12704 steps).

File "/home/fabrice/git/pycsl/scratchpad/.pycsl_ir6cbmf_.mlw", line 2754, characters 15-19:
Sub-goal postcondition of goal _parser__small_stmt'vc.
Prover result is: Valid (0.01s, 7545 steps).

File "/home/fabrice/git/pycsl/scratchpad/.pycsl_ir6cbmf_.mlw", line 2755, characters 15-38:
Sub-goal postcondition of goal _parser__small_stmt'vc.
Prover result is: Valid (0.00s, 7550 steps).

File "/home/fabrice/git/pycsl/scratchpad/.pycsl_ir6cbmf_.mlw", line 2797, characters 30-94:
Sub-goal precondition of goal _parser__small_stmt'vc.
Prover result is: Valid (0.00s, 7593 steps).

File "/home/fabrice/git/pycsl/scratchpad/.pycsl_ir6cbmf_.mlw", line 2798, characters 33-52:
Sub-goal precondition of goal _parser__small_stmt'vc.
Prover result is: Valid (0.00s, 7613 steps).

File "/home/fabrice/git/pycsl/scratchpad/.pycsl_ir6cbmf_.mlw", line 2799, characters 33-59:
Sub-goal precondition of goal _parser__small_stmt'vc.
Prover result is: Valid (0.01s, 12908 steps).

File "/home/fabrice/git/pycsl/scratchpad/.pycsl_ir6cbmf_.mlw", line 2754, characters 15-19:
Sub-goal postcondition of goal _parser__small_stmt'vc.
Prover result is: Valid (0.00s, 7660 steps).

File "/home/fabrice/git/pycsl/scratchpad/.pycsl_ir6cbmf_.mlw", line 2755, characters 15-38:
Sub-goal postcondition of goal _parser__small_stmt'vc.
Prover result is: Valid (0.01s, 7665 steps).

File "/home/fabrice/git/pycsl/scratchpad/.pycsl_ir6cbmf_.mlw", line 2802, characters 50-75:
Sub-goal precondition of goal _parser__small_stmt'vc.
Prover result is: Valid (0.00s, 7611 steps).

File "/home/fabrice/git/pycsl/scratchpad/.pycsl_ir6cbmf_.mlw", line 2754, characters 15-19:
Sub-goal postcondition of goal _parser__small_stmt'vc.
Prover result is: Valid (0.01s, 7651 steps).

File "/home/fabrice/git/pycsl/scratchpad/.pycsl_ir6cbmf_.mlw", line 2755, characters 15-38:
Sub-goal postcondition of goal _parser__small_stmt'vc.
Prover result is: Valid (0.01s, 7656 steps).

File "/home/fabrice/git/pycsl/scratchpad/.pycsl_ir6cbmf_.mlw", line 2825, characters 30-56:
Sub-goal precondition of goal _parser__simple_stmt'vc.
Prover result is: Valid (0.01s, 5295 steps).

File "/home/fabrice/git/pycsl/scratchpad/.pycsl_ir6cbmf_.mlw", line 2830, characters 18-72:
Sub-goal loop invariant init of goal _parser__simple_stmt'vc.
Prover result is: Valid (0.01s, 65145 steps).

File "/home/fabrice/git/pycsl/scratchpad/.pycsl_ir6cbmf_.mlw", line 2831, characters 18-34:
Sub-goal loop invariant init of goal _parser__simple_stmt'vc.
Prover result is: Valid (0.01s, 18788 steps).

File "/home/fabrice/git/pycsl/scratchpad/.pycsl_ir6cbmf_.mlw", line 2829, characters 17-46:
Sub-goal type invariant of goal _parser__simple_stmt'vc.
Prover result is: Valid (0.01s, 6448 steps).

File "/home/fabrice/git/pycsl/scratchpad/.pycsl_ir6cbmf_.mlw", line 2829, characters 17-46:
Sub-goal type invariant of goal _parser__simple_stmt'vc.
Prover result is: Valid (0.01s, 6455 steps).

File "/home/fabrice/git/pycsl/scratchpad/.pycsl_ir6cbmf_.mlw", line 2829, characters 17-46:
Sub-goal type invariant of goal _parser__simple_stmt'vc.
Prover result is: Valid (0.02s, 64131 steps).

File "/home/fabrice/git/pycsl/scratchpad/.pycsl_ir6cbmf_.mlw", line 2829, characters 17-46:
Sub-goal type invariant of goal _parser__simple_stmt'vc.
Prover result is: Valid (0.01s, 65949 steps).

File "/home/fabrice/git/pycsl/scratchpad/.pycsl_ir6cbmf_.mlw", line 2829, characters 17-46:
Sub-goal precondition of goal _parser__simple_stmt'vc.
Prover result is: Valid (0.00s, 6463 steps).

File "/home/fabrice/git/pycsl/scratchpad/.pycsl_ir6cbmf_.mlw", line 2833, characters 23-42:
Sub-goal precondition of goal _parser__simple_stmt'vc.
Prover result is: Valid (0.01s, 6531 steps).

File "/home/fabrice/git/pycsl/scratchpad/.pycsl_ir6cbmf_.mlw", line 2839, characters 21-40:
Sub-goal precondition of goal _parser__simple_stmt'vc.
Prover result is: Valid (0.00s, 6626 steps).

File "/home/fabrice/git/pycsl/scratchpad/.pycsl_ir6cbmf_.mlw", line 2840, characters 14-37:
Sub-goal precondition of goal _parser__simple_stmt'vc.
Prover result is: Valid (0.00s, 6639 steps).

File "/home/fabrice/git/pycsl/scratchpad/.pycsl_ir6cbmf_.mlw", line 2819, characters 15-19:
Sub-goal postcondition of goal _parser__simple_stmt'vc.
Prover result is: Valid (0.00s, 6968 steps).

File "/home/fabrice/git/pycsl/scratchpad/.pycsl_ir6cbmf_.mlw", line 2820, characters 15-39:
Sub-goal postcondition of goal _parser__simple_stmt'vc.
Prover result is: Valid (0.01s, 70163 steps).

File "/home/fabrice/git/pycsl/scratchpad/.pycsl_ir6cbmf_.mlw", line 2821, characters 15-38:
Sub-goal postcondition of goal _parser__simple_stmt'vc.
Prover result is: Valid (0.02s, 70200 steps).

File "/home/fabrice/git/pycsl/scratchpad/.pycsl_ir6cbmf_.mlw", line 2819, characters 15-19:
Sub-goal postcondition of goal _parser__simple_stmt'vc.
Prover result is: Valid (0.00s, 6901 steps).

File "/home/fabrice/git/pycsl/scratchpad/.pycsl_ir6cbmf_.mlw", line 2820, characters 15-39:
Sub-goal postcondition of goal _parser__simple_stmt'vc.
Prover result is: Valid (0.00s, 6906 steps).

File "/home/fabrice/git/pycsl/scratchpad/.pycsl_ir6cbmf_.mlw", line 2821, characters 15-38:
Sub-goal postcondition of goal _parser__simple_stmt'vc.
Prover result is: Valid (0.01s, 6919 steps).

File "/home/fabrice/git/pycsl/scratchpad/.pycsl_ir6cbmf_.mlw", line 2836, characters 31-57:
Sub-goal precondition of goal _parser__simple_stmt'vc.
Prover result is: Valid (0.01s, 6630 steps).

File "/home/fabrice/git/pycsl/scratchpad/.pycsl_ir6cbmf_.mlw", line 2832, characters 16-51:
Sub-goal loop variant decrease of goal _parser__simple_stmt'vc.
Prover result is: Valid (0.02s, 74438 steps).

File "/home/fabrice/git/pycsl/scratchpad/.pycsl_ir6cbmf_.mlw", line 2830, characters 18-72:
Sub-goal loop invariant preservation of goal _parser__simple_stmt'vc.
Prover result is: Valid (0.01s, 76055 steps).

File "/home/fabrice/git/pycsl/scratchpad/.pycsl_ir6cbmf_.mlw", line 2831, characters 18-34:
Sub-goal loop invariant preservation of goal _parser__simple_stmt'vc.
Prover result is: Valid (0.02s, 72896 steps).

File "/home/fabrice/git/pycsl/scratchpad/.pycsl_ir6cbmf_.mlw", line 2839, characters 21-40:
Sub-goal precondition of goal _parser__simple_stmt'vc.
Prover result is: Valid (0.00s, 6542 steps).

File "/home/fabrice/git/pycsl/scratchpad/.pycsl_ir6cbmf_.mlw", line 2840, characters 14-37:
Sub-goal precondition of goal _parser__simple_stmt'vc.
Prover result is: Valid (0.01s, 6637 steps).

File "/home/fabrice/git/pycsl/scratchpad/.pycsl_ir6cbmf_.mlw", line 2819, characters 15-19:
Sub-goal postcondition of goal _parser__simple_stmt'vc.
Prover result is: Valid (0.01s, 6966 steps).

File "/home/fabrice/git/pycsl/scratchpad/.pycsl_ir6cbmf_.mlw", line 2820, characters 15-39:
Sub-goal postcondition of goal _parser__simple_stmt'vc.
Prover result is: Valid (0.01s, 72760 steps).

File "/home/fabrice/git/pycsl/scratchpad/.pycsl_ir6cbmf_.mlw", line 2821, characters 15-38:
Sub-goal postcondition of goal _parser__simple_stmt'vc.
Prover result is: Valid (0.01s, 72797 steps).

File "/home/fabrice/git/pycsl/scratchpad/.pycsl_ir6cbmf_.mlw", line 2819, characters 15-19:
Sub-goal postcondition of goal _parser__simple_stmt'vc.
Prover result is: Valid (0.01s, 6899 steps).

File "/home/fabrice/git/pycsl/scratchpad/.pycsl_ir6cbmf_.mlw", line 2820, characters 15-39:
Sub-goal postcondition of goal _parser__simple_stmt'vc.
Prover result is: Valid (0.01s, 72109 steps).

File "/home/fabrice/git/pycsl/scratchpad/.pycsl_ir6cbmf_.mlw", line 2821, characters 15-38:
Sub-goal postcondition of goal _parser__simple_stmt'vc.
Prover result is: Valid (0.02s, 72146 steps).

File "/home/fabrice/git/pycsl/scratchpad/.pycsl_ir6cbmf_.mlw", line 2859, characters 18-43:
Sub-goal loop invariant init of goal _parser___line_ends_with_colon'vc.
Prover result is: Valid (0.01s, 49761 steps).

File "/home/fabrice/git/pycsl/scratchpad/.pycsl_ir6cbmf_.mlw", line 2860, characters 18-49:
Sub-goal loop invariant init of goal _parser___line_ends_with_colon'vc.
Prover result is: Valid (0.00s, 5437 steps).

File "/home/fabrice/git/pycsl/scratchpad/.pycsl_ir6cbmf_.mlw", line 2862, characters 12-25:
Sub-goal index in array bounds of goal _parser___line_ends_with_colon'vc.
Prover result is: Valid (0.01s, 14387 steps).

File "/home/fabrice/git/pycsl/scratchpad/.pycsl_ir6cbmf_.mlw", line 2861, characters 16-25:
Sub-goal loop variant decrease of goal _parser___line_ends_with_colon'vc.
Prover result is: Valid (0.01s, 38451 steps).

File "/home/fabrice/git/pycsl/scratchpad/.pycsl_ir6cbmf_.mlw", line 2859, characters 18-43:
Sub-goal loop invariant preservation of goal _parser___line_ends_with_colon'vc.
Prover result is: Valid (0.01s, 65268 steps).

File "/home/fabrice/git/pycsl/scratchpad/.pycsl_ir6cbmf_.mlw", line 2860, characters 18-49:
Sub-goal loop invariant preservation of goal _parser___line_ends_with_colon'vc.
Prover result is: Valid (0.01s, 5682 steps).

File "/home/fabrice/git/pycsl/scratchpad/.pycsl_ir6cbmf_.mlw", line 2861, characters 16-25:
Sub-goal loop variant decrease of goal _parser___line_ends_with_colon'vc.
Prover result is: Valid (0.01s, 39171 steps).

File "/home/fabrice/git/pycsl/scratchpad/.pycsl_ir6cbmf_.mlw", line 2859, characters 18-43:
Sub-goal loop invariant preservation of goal _parser___line_ends_with_colon'vc.
Prover result is: Valid (0.02s, 66317 steps).

File "/home/fabrice/git/pycsl/scratchpad/.pycsl_ir6cbmf_.mlw", line 2860, characters 18-49:
Sub-goal loop invariant preservation of goal _parser___line_ends_with_colon'vc.
Prover result is: Valid (0.01s, 5777 steps).

File "/home/fabrice/git/pycsl/scratchpad/.pycsl_ir6cbmf_.mlw", line 2846, characters 15-19:
Sub-goal postcondition of goal _parser___line_ends_with_colon'vc.
Prover result is: Valid (0.01s, 5865 steps).

File "/home/fabrice/git/pycsl/scratchpad/.pycsl_ir6cbmf_.mlw", line 2861, characters 16-25:
Sub-goal loop variant decrease of goal _parser___line_ends_with_colon'vc.
Prover result is: Valid (0.01s, 39271 steps).

File "/home/fabrice/git/pycsl/scratchpad/.pycsl_ir6cbmf_.mlw", line 2859, characters 18-43:
Sub-goal loop invariant preservation of goal _parser___line_ends_with_colon'vc.
Prover result is: Valid (0.01s, 66495 steps).

File "/home/fabrice/git/pycsl/scratchpad/.pycsl_ir6cbmf_.mlw", line 2860, characters 18-49:
Sub-goal loop invariant preservation of goal _parser___line_ends_with_colon'vc.
Prover result is: Valid (0.00s, 5807 steps).

File "/home/fabrice/git/pycsl/scratchpad/.pycsl_ir6cbmf_.mlw", line 2846, characters 15-19:
Sub-goal postcondition of goal _parser___line_ends_with_colon'vc.
Prover result is: Valid (0.00s, 5547 steps).

File "/home/fabrice/git/pycsl/scratchpad/.pycsl_ir6cbmf_.mlw", line 2880, characters 20-75:
Sub-goal goal of goal _parser___line_ends_with_colon__union_arm_Arm_2_0_inj.
Prover result is: Valid (0.01s, 5290 steps).

File "/home/fabrice/git/pycsl/scratchpad/.pycsl_ir6cbmf_.mlw", line 2882, characters 74-79:
Sub-goal goal of goal _parser___line_ends_with_colon__union_arm_Arm_2_0_proj.
Prover result is: Valid (0.00s, 5285 steps).

File "/home/fabrice/git/pycsl/scratchpad/.pycsl_ir6cbmf_.mlw", line 2891, characters 11-33:
Sub-goal precondition of goal _parser___looks_like_match'vc.
Prover result is: Valid (0.01s, 5299 steps).

File "/home/fabrice/git/pycsl/scratchpad/.pycsl_ir6cbmf_.mlw", line 2892, characters 8-22:
Sub-goal precondition of goal _parser___looks_like_match'vc.
Prover result is: Valid (0.00s, 5295 steps).

File "/home/fabrice/git/pycsl/scratchpad/.pycsl_ir6cbmf_.mlw", line 2886, characters 15-19:
Sub-goal postcondition of goal _parser___looks_like_match'vc.
Prover result is: Valid (0.01s, 5445 steps).

File "/home/fabrice/git/pycsl/scratchpad/.pycsl_ir6cbmf_.mlw", line 2886, characters 15-19:
Sub-goal postcondition of goal _parser___looks_like_match'vc.
Prover result is: Valid (0.00s, 5954 steps).

File "/home/fabrice/git/pycsl/scratchpad/.pycsl_ir6cbmf_.mlw", line 2886, characters 15-19:
Sub-goal postcondition of goal _parser___looks_like_match'vc.
Prover result is: Valid (0.01s, 10444 steps).

File "/home/fabrice/git/pycsl/scratchpad/.pycsl_ir6cbmf_.mlw", line 2886, characters 15-19:
Sub-goal postcondition of goal _parser___looks_like_match'vc.
Prover result is: Valid (0.01s, 10447 steps).

File "/home/fabrice/git/pycsl/scratchpad/.pycsl_ir6cbmf_.mlw", line 2904, characters 26-63:
Sub-goal precondition of goal _parser___looks_like_match'vc.
Prover result is: Valid (0.01s, 10451 steps).

File "/home/fabrice/git/pycsl/scratchpad/.pycsl_ir6cbmf_.mlw", line 2886, characters 15-19:
Sub-goal postcondition of goal _parser___looks_like_match'vc.
Prover result is: Valid (0.01s, 10451 steps).

File "/home/fabrice/git/pycsl/scratchpad/.pycsl_ir6cbmf_.mlw", line 2917, characters 11-33:
Sub-goal precondition of goal _parser___looks_like_type_alias'vc.
Prover result is: Valid (0.00s, 5299 steps).

File "/home/fabrice/git/pycsl/scratchpad/.pycsl_ir6cbmf_.mlw", line 2913, characters 15-19:
Sub-goal postcondition of goal _parser___looks_like_type_alias'vc.
Prover result is: Valid (0.00s, 5295 steps).

File "/home/fabrice/git/pycsl/scratchpad/.pycsl_ir6cbmf_.mlw", line 2929, characters 29-57:
Sub-goal precondition of goal _parser___for_target'vc.
Prover result is: Valid (0.00s, 5295 steps).

File "/home/fabrice/git/pycsl/scratchpad/.pycsl_ir6cbmf_.mlw", line 2935, characters 18-72:
Sub-goal loop invariant init of goal _parser___for_target'vc.
Prover result is: Valid (0.01s, 65033 steps).

File "/home/fabrice/git/pycsl/scratchpad/.pycsl_ir6cbmf_.mlw", line 2936, characters 18-33:
Sub-goal loop invariant init of goal _parser___for_target'vc.
Prover result is: Valid (0.01s, 18794 steps).

File "/home/fabrice/git/pycsl/scratchpad/.pycsl_ir6cbmf_.mlw", line 2934, characters 17-46:
Sub-goal type invariant of goal _parser___for_target'vc.
Prover result is: Valid (0.01s, 6445 steps).

File "/home/fabrice/git/pycsl/scratchpad/.pycsl_ir6cbmf_.mlw", line 2934, characters 17-46:
Sub-goal type invariant of goal _parser___for_target'vc.
Prover result is: Valid (0.01s, 6452 steps).

File "/home/fabrice/git/pycsl/scratchpad/.pycsl_ir6cbmf_.mlw", line 2934, characters 17-46:
Sub-goal type invariant of goal _parser___for_target'vc.
Prover result is: Valid (0.02s, 64105 steps).

File "/home/fabrice/git/pycsl/scratchpad/.pycsl_ir6cbmf_.mlw", line 2934, characters 17-46:
Sub-goal type invariant of goal _parser___for_target'vc.
Prover result is: Valid (0.01s, 65922 steps).

File "/home/fabrice/git/pycsl/scratchpad/.pycsl_ir6cbmf_.mlw", line 2934, characters 17-46:
Sub-goal precondition of goal _parser___for_target'vc.
Prover result is: Valid (0.01s, 6460 steps).

File "/home/fabrice/git/pycsl/scratchpad/.pycsl_ir6cbmf_.mlw", line 2939, characters 10-71:
Sub-goal precondition of goal _parser___for_target'vc.
Prover result is: Valid (0.01s, 7118 steps).

File "/home/fabrice/git/pycsl/scratchpad/.pycsl_ir6cbmf_.mlw", line 2955, characters 11-34:
Sub-goal precondition of goal _parser___for_target'vc.
Prover result is: Valid (0.00s, 7298 steps).

File "/home/fabrice/git/pycsl/scratchpad/.pycsl_ir6cbmf_.mlw", line 2922, characters 15-19:
Sub-goal postcondition of goal _parser___for_target'vc.
Prover result is: Valid (0.01s, 7298 steps).

File "/home/fabrice/git/pycsl/scratchpad/.pycsl_ir6cbmf_.mlw", line 2923, characters 15-39:
Sub-goal postcondition of goal _parser___for_target'vc.
Prover result is: Valid (0.01s, 12231 steps).

File "/home/fabrice/git/pycsl/scratchpad/.pycsl_ir6cbmf_.mlw", line 2955, characters 11-34:
Sub-goal precondition of goal _parser___for_target'vc.
Prover result is: Valid (0.01s, 7489 steps).

File "/home/fabrice/git/pycsl/scratchpad/.pycsl_ir6cbmf_.mlw", line 2922, characters 15-19:
Sub-goal postcondition of goal _parser___for_target'vc.
Prover result is: Valid (0.01s, 7489 steps).

File "/home/fabrice/git/pycsl/scratchpad/.pycsl_ir6cbmf_.mlw", line 2923, characters 15-39:
Sub-goal postcondition of goal _parser___for_target'vc.
Prover result is: Valid (0.02s, 89210 steps).

File "/home/fabrice/git/pycsl/scratchpad/.pycsl_ir6cbmf_.mlw", line 2943, characters 29-57:
Sub-goal precondition of goal _parser___for_target'vc.
Prover result is: Valid (0.00s, 7235 steps).

File "/home/fabrice/git/pycsl/scratchpad/.pycsl_ir6cbmf_.mlw", line 2937, characters 16-51:
Sub-goal loop variant decrease of goal _parser___for_target'vc.
Prover result is: Valid (0.02s, 109114 steps).

File "/home/fabrice/git/pycsl/scratchpad/.pycsl_ir6cbmf_.mlw", line 2935, characters 18-72:
Sub-goal loop invariant preservation of goal _parser___for_target'vc.
Prover result is: Valid (0.02s, 90199 steps).

File "/home/fabrice/git/pycsl/scratchpad/.pycsl_ir6cbmf_.mlw", line 2936, characters 18-33:
Sub-goal loop invariant preservation of goal _parser___for_target'vc.
Prover result is: Valid (0.02s, 87731 steps).

File "/home/fabrice/git/pycsl/scratchpad/.pycsl_ir6cbmf_.mlw", line 2955, characters 11-34:
Sub-goal precondition of goal _parser___for_target'vc.
Prover result is: Valid (0.01s, 6605 steps).

File "/home/fabrice/git/pycsl/scratchpad/.pycsl_ir6cbmf_.mlw", line 2922, characters 15-19:
Sub-goal postcondition of goal _parser___for_target'vc.
Prover result is: Valid (0.01s, 6605 steps).

File "/home/fabrice/git/pycsl/scratchpad/.pycsl_ir6cbmf_.mlw", line 2923, characters 15-39:
Sub-goal postcondition of goal _parser___for_target'vc.
Prover result is: Valid (0.02s, 75553 steps).

File "/home/fabrice/git/pycsl/scratchpad/.pycsl_ir6cbmf_.mlw", line 2955, characters 11-34:
Sub-goal precondition of goal _parser___for_target'vc.
Prover result is: Valid (0.01s, 6796 steps).

File "/home/fabrice/git/pycsl/scratchpad/.pycsl_ir6cbmf_.mlw", line 2922, characters 15-19:
Sub-goal postcondition of goal _parser___for_target'vc.
Prover result is: Valid (0.00s, 6796 steps).

File "/home/fabrice/git/pycsl/scratchpad/.pycsl_ir6cbmf_.mlw", line 2923, characters 15-39:
Sub-goal postcondition of goal _parser___for_target'vc.
Prover result is: Valid (0.02s, 77848 steps).

File "/home/fabrice/git/pycsl/scratchpad/.pycsl_ir6cbmf_.mlw", line 2967, characters 12-41:
Sub-goal precondition of goal _parser___parse_type_params'vc.
Prover result is: Valid (0.01s, 5295 steps).

File "/home/fabrice/git/pycsl/scratchpad/.pycsl_ir6cbmf_.mlw", line 2972, characters 18-72:
Sub-goal loop invariant init of goal _parser___parse_type_params'vc.
Prover result is: Valid (0.01s, 52949 steps).

File "/home/fabrice/git/pycsl/scratchpad/.pycsl_ir6cbmf_.mlw", line 2973, characters 18-34:
Sub-goal loop invariant init of goal _parser___parse_type_params'vc.
Prover result is: Valid (0.01s, 14224 steps).

File "/home/fabrice/git/pycsl/scratchpad/.pycsl_ir6cbmf_.mlw", line 2971, characters 16-76:
Sub-goal type invariant of goal _parser___parse_type_params'vc.
Prover result is: Valid (0.01s, 6456 steps).

File "/home/fabrice/git/pycsl/scratchpad/.pycsl_ir6cbmf_.mlw", line 2971, characters 16-76:
Sub-goal type invariant of goal _parser___parse_type_params'vc.
Prover result is: Valid (0.00s, 6463 steps).

File "/home/fabrice/git/pycsl/scratchpad/.pycsl_ir6cbmf_.mlw", line 2971, characters 16-76:
Sub-goal type invariant of goal _parser___parse_type_params'vc.
Prover result is: Valid (0.02s, 69346 steps).

File "/home/fabrice/git/pycsl/scratchpad/.pycsl_ir6cbmf_.mlw", line 2971, characters 16-76:
Sub-goal type invariant of goal _parser___parse_type_params'vc.
Prover result is: Valid (0.01s, 71280 steps).

File "/home/fabrice/git/pycsl/scratchpad/.pycsl_ir6cbmf_.mlw", line 2971, characters 16-76:
Sub-goal precondition of goal _parser___parse_type_params'vc.
Prover result is: Valid (0.01s, 6471 steps).

File "/home/fabrice/git/pycsl/scratchpad/.pycsl_ir6cbmf_.mlw", line 2975, characters 21-40:
Sub-goal precondition of goal _parser___parse_type_params'vc.
Prover result is: Valid (0.00s, 6472 steps).

File "/home/fabrice/git/pycsl/scratchpad/.pycsl_ir6cbmf_.mlw", line 2977, characters 16-45:
Sub-goal precondition of goal _parser___parse_type_params'vc.
Prover result is: Valid (0.00s, 6960 steps).

File "/home/fabrice/git/pycsl/scratchpad/.pycsl_ir6cbmf_.mlw", line 2979, characters 10-71:
Sub-goal precondition of goal _parser___parse_type_params'vc.
Prover result is: Valid (0.01s, 7081 steps).

File "/home/fabrice/git/pycsl/scratchpad/.pycsl_ir6cbmf_.mlw", line 2980, characters 16-39:
Sub-goal precondition of goal _parser___parse_type_params'vc.
Prover result is: Valid (0.00s, 7115 steps).

File "/home/fabrice/git/pycsl/scratchpad/.pycsl_ir6cbmf_.mlw", line 2981, characters 16-41:
Sub-goal precondition of goal _parser___parse_type_params'vc.
Prover result is: Valid (0.01s, 7186 steps).

File "/home/fabrice/git/pycsl/scratchpad/.pycsl_ir6cbmf_.mlw", line 2974, characters 16-51:
Sub-goal loop variant decrease of goal _parser___parse_type_params'vc.
Prover result is: Valid (0.02s, 100140 steps).

File "/home/fabrice/git/pycsl/scratchpad/.pycsl_ir6cbmf_.mlw", line 2972, characters 18-72:
Sub-goal loop invariant preservation of goal _parser___parse_type_params'vc.
Prover result is: Valid (0.02s, 103588 steps).

File "/home/fabrice/git/pycsl/scratchpad/.pycsl_ir6cbmf_.mlw", line 2973, characters 18-34:
Sub-goal loop invariant preservation of goal _parser___parse_type_params'vc.
Prover result is: Valid (0.02s, 98930 steps).

File "/home/fabrice/git/pycsl/scratchpad/.pycsl_ir6cbmf_.mlw", line 2984, characters 12-72:
Sub-goal precondition of goal _parser___parse_type_params'vc.
Prover result is: Valid (0.00s, 7198 steps).

File "/home/fabrice/git/pycsl/scratchpad/.pycsl_ir6cbmf_.mlw", line 2985, characters 18-41:
Sub-goal precondition of goal _parser___parse_type_params'vc.
Prover result is: Valid (0.01s, 7224 steps).

File "/home/fabrice/git/pycsl/scratchpad/.pycsl_ir6cbmf_.mlw", line 2986, characters 18-43:
Sub-goal precondition of goal _parser___parse_type_params'vc.
Prover result is: Valid (0.00s, 7295 steps).

File "/home/fabrice/git/pycsl/scratchpad/.pycsl_ir6cbmf_.mlw", line 2974, characters 16-51:
Sub-goal loop variant decrease of goal _parser___parse_type_params'vc.
Prover result is: Valid (0.02s, 100747 steps).

File "/home/fabrice/git/pycsl/scratchpad/.pycsl_ir6cbmf_.mlw", line 2972, characters 18-72:
Sub-goal loop invariant preservation of goal _parser___parse_type_params'vc.
Prover result is: Valid (0.02s, 104561 steps).

File "/home/fabrice/git/pycsl/scratchpad/.pycsl_ir6cbmf_.mlw", line 2973, characters 18-34:
Sub-goal loop invariant preservation of goal _parser___parse_type_params'vc.
Prover result is: Valid (0.02s, 99441 steps).

File "/home/fabrice/git/pycsl/scratchpad/.pycsl_ir6cbmf_.mlw", line 2989, characters 18-43:
Sub-goal precondition of goal _parser___parse_type_params'vc.
Prover result is: Valid (0.01s, 7222 steps).

File "/home/fabrice/git/pycsl/scratchpad/.pycsl_ir6cbmf_.mlw", line 2991, characters 14-74:
Sub-goal precondition of goal _parser___parse_type_params'vc.
Prover result is: Valid (0.00s, 7346 steps).

File "/home/fabrice/git/pycsl/scratchpad/.pycsl_ir6cbmf_.mlw", line 2992, characters 20-43:
Sub-goal precondition of goal _parser___parse_type_params'vc.
Prover result is: Valid (0.01s, 7380 steps).

File "/home/fabrice/git/pycsl/scratchpad/.pycsl_ir6cbmf_.mlw", line 2993, characters 30-50:
Sub-goal precondition of goal _parser___parse_type_params'vc.
Prover result is: Valid (0.01s, 7451 steps).

File "/home/fabrice/git/pycsl/scratchpad/.pycsl_ir6cbmf_.mlw", line 2974, characters 16-51:
Sub-goal loop variant decrease of goal _parser___parse_type_params'vc.
Prover result is: Valid (0.02s, 102327 steps).

File "/home/fabrice/git/pycsl/scratchpad/.pycsl_ir6cbmf_.mlw", line 2972, characters 18-72:
Sub-goal loop invariant preservation of goal _parser___parse_type_params'vc.
Prover result is: Valid (0.02s, 107379 steps).

File "/home/fabrice/git/pycsl/scratchpad/.pycsl_ir6cbmf_.mlw", line 2973, characters 18-34:
Sub-goal loop invariant preservation of goal _parser___parse_type_params'vc.
Prover result is: Valid (0.02s, 100865 steps).

File "/home/fabrice/git/pycsl/scratchpad/.pycsl_ir6cbmf_.mlw", line 2974, characters 16-51:
Sub-goal loop variant decrease of goal _parser___parse_type_params'vc.
Prover result is: Valid (0.02s, 97178 steps).

File "/home/fabrice/git/pycsl/scratchpad/.pycsl_ir6cbmf_.mlw", line 2972, characters 18-72:
Sub-goal loop invariant preservation of goal _parser___parse_type_params'vc.
Prover result is: Valid (0.02s, 100362 steps).

File "/home/fabrice/git/pycsl/scratchpad/.pycsl_ir6cbmf_.mlw", line 2973, characters 18-34:
Sub-goal loop invariant preservation of goal _parser___parse_type_params'vc.
Prover result is: Valid (0.02s, 95845 steps).

File "/home/fabrice/git/pycsl/scratchpad/.pycsl_ir6cbmf_.mlw", line 2979, characters 10-71:
Sub-goal precondition of goal _parser___parse_type_params'vc.
Prover result is: Valid (0.01s, 7051 steps).

File "/home/fabrice/git/pycsl/scratchpad/.pycsl_ir6cbmf_.mlw", line 2980, characters 16-39:
Sub-goal precondition of goal _parser___parse_type_params'vc.
Prover result is: Valid (0.00s, 7081 steps).

File "/home/fabrice/git/pycsl/scratchpad/.pycsl_ir6cbmf_.mlw", line 2981, characters 16-41:
Sub-goal precondition of goal _parser___parse_type_params'vc.
Prover result is: Valid (0.00s, 7152 steps).

File "/home/fabrice/git/pycsl/scratchpad/.pycsl_ir6cbmf_.mlw", line 2974, characters 16-51:
Sub-goal loop variant decrease of goal _parser___parse_type_params'vc.
Prover result is: Valid (0.02s, 100112 steps).

File "/home/fabrice/git/pycsl/scratchpad/.pycsl_ir6cbmf_.mlw", line 2972, characters 18-72:
Sub-goal loop invariant preservation of goal _parser___parse_type_params'vc.
Prover result is: Valid (0.02s, 102092 steps).

File "/home/fabrice/git/pycsl/scratchpad/.pycsl_ir6cbmf_.mlw", line 2973, characters 18-34:
Sub-goal loop invariant preservation of goal _parser___parse_type_params'vc.
Prover result is: Valid (0.02s, 98329 steps).

File "/home/fabrice/git/pycsl/scratchpad/.pycsl_ir6cbmf_.mlw", line 2984, characters 12-72:
Sub-goal precondition of goal _parser___parse_type_params'vc.
Prover result is: Valid (0.00s, 7164 steps).

File "/home/fabrice/git/pycsl/scratchpad/.pycsl_ir6cbmf_.mlw", line 2985, characters 18-41:
Sub-goal precondition of goal _parser___parse_type_params'vc.
Prover result is: Valid (0.01s, 7188 steps).

File "/home/fabrice/git/pycsl/scratchpad/.pycsl_ir6cbmf_.mlw", line 2986, characters 18-43:
Sub-goal precondition of goal _parser___parse_type_params'vc.
Prover result is: Valid (0.01s, 7259 steps).

File "/home/fabrice/git/pycsl/scratchpad/.pycsl_ir6cbmf_.mlw", line 2974, characters 16-51:
Sub-goal loop variant decrease of goal _parser___parse_type_params'vc.
Prover result is: Valid (0.02s, 100728 steps).

File "/home/fabrice/git/pycsl/scratchpad/.pycsl_ir6cbmf_.mlw", line 2972, characters 18-72:
Sub-goal loop invariant preservation of goal _parser___parse_type_params'vc.
Prover result is: Valid (0.02s, 103063 steps).

File "/home/fabrice/git/pycsl/scratchpad/.pycsl_ir6cbmf_.mlw", line 2973, characters 18-34:
Sub-goal loop invariant preservation of goal _parser___parse_type_params'vc.
Prover result is: Valid (0.02s, 98838 steps).

File "/home/fabrice/git/pycsl/scratchpad/.pycsl_ir6cbmf_.mlw", line 2989, characters 18-43:
Sub-goal precondition of goal _parser___parse_type_params'vc.
Prover result is: Valid (0.01s, 7186 steps).

File "/home/fabrice/git/pycsl/scratchpad/.pycsl_ir6cbmf_.mlw", line 2991, characters 14-74:
Sub-goal precondition of goal _parser___parse_type_params'vc.
Prover result is: Valid (0.01s, 7310 steps).

File "/home/fabrice/git/pycsl/scratchpad/.pycsl_ir6cbmf_.mlw", line 2992, characters 20-43:
Sub-goal precondition of goal _parser___parse_type_params'vc.
Prover result is: Valid (0.00s, 7344 steps).

File "/home/fabrice/git/pycsl/scratchpad/.pycsl_ir6cbmf_.mlw", line 2993, characters 30-50:
Sub-goal precondition of goal _parser___parse_type_params'vc.
Prover result is: Valid (0.01s, 7415 steps).

File "/home/fabrice/git/pycsl/scratchpad/.pycsl_ir6cbmf_.mlw", line 2974, characters 16-51:
Sub-goal loop variant decrease of goal _parser___parse_type_params'vc.
Prover result is: Valid (0.02s, 101731 steps).

File "/home/fabrice/git/pycsl/scratchpad/.pycsl_ir6cbmf_.mlw", line 2972, characters 18-72:
Sub-goal loop invariant preservation of goal _parser___parse_type_params'vc.
Prover result is: Valid (0.02s, 105923 steps).

File "/home/fabrice/git/pycsl/scratchpad/.pycsl_ir6cbmf_.mlw", line 2973, characters 18-34:
Sub-goal loop invariant preservation of goal _parser___parse_type_params'vc.
Prover result is: Valid (0.02s, 100321 steps).

File "/home/fabrice/git/pycsl/scratchpad/.pycsl_ir6cbmf_.mlw", line 2974, characters 16-51:
Sub-goal loop variant decrease of goal _parser___parse_type_params'vc.
Prover result is: Valid (0.02s, 95261 steps).

File "/home/fabrice/git/pycsl/scratchpad/.pycsl_ir6cbmf_.mlw", line 2972, characters 18-72:
Sub-goal loop invariant preservation of goal _parser___parse_type_params'vc.
Prover result is: Valid (0.02s, 99018 steps).

File "/home/fabrice/git/pycsl/scratchpad/.pycsl_ir6cbmf_.mlw", line 2973, characters 18-34:
Sub-goal loop invariant preservation of goal _parser___parse_type_params'vc.
Prover result is: Valid (0.02s, 95329 steps).

File "/home/fabrice/git/pycsl/scratchpad/.pycsl_ir6cbmf_.mlw", line 2999, characters 12-41:
Sub-goal precondition of goal _parser___parse_type_params'vc.
Prover result is: Valid (0.01s, 6587 steps).

File "/home/fabrice/git/pycsl/scratchpad/.pycsl_ir6cbmf_.mlw", line 2960, characters 15-19:
Sub-goal postcondition of goal _parser___parse_type_params'vc.
Prover result is: Valid (0.01s, 7412 steps).

File "/home/fabrice/git/pycsl/scratchpad/.pycsl_ir6cbmf_.mlw", line 2961, characters 15-39:
Sub-goal postcondition of goal _parser___parse_type_params'vc.
Prover result is: Valid (0.02s, 87139 steps).

File "/home/fabrice/git/pycsl/scratchpad/.pycsl_ir6cbmf_.mlw", line 3002, characters 23-75:
Sub-goal goal of goal _parser___parse_type_params__union_arm_Arm_3_0_inj.
Prover result is: Valid (0.00s, 5290 steps).

File "/home/fabrice/git/pycsl/scratchpad/.pycsl_ir6cbmf_.mlw", line 3004, characters 71-76:
Sub-goal goal of goal _parser___parse_type_params__union_arm_Arm_3_0_proj.
Prover result is: Valid (0.01s, 5285 steps).

File "/home/fabrice/git/pycsl/scratchpad/.pycsl_ir6cbmf_.mlw", line 3015, characters 9-28:
Sub-goal precondition of goal _parser___param_arg'vc.
Prover result is: Valid (0.01s, 5295 steps).

File "/home/fabrice/git/pycsl/scratchpad/.pycsl_ir6cbmf_.mlw", line 3016, characters 12-37:
Sub-goal precondition of goal _parser___param_arg'vc.
Prover result is: Valid (0.00s, 5473 steps).

File "/home/fabrice/git/pycsl/scratchpad/.pycsl_ir6cbmf_.mlw", line 3018, characters 14-43:
Sub-goal precondition of goal _parser___param_arg'vc.
Prover result is: Valid (0.00s, 5512 steps).

File "/home/fabrice/git/pycsl/scratchpad/.pycsl_ir6cbmf_.mlw", line 3019, characters 23-43:
Sub-goal precondition of goal _parser___param_arg'vc.
Prover result is: Valid (0.00s, 5578 steps).

File "/home/fabrice/git/pycsl/scratchpad/.pycsl_ir6cbmf_.mlw", line 3008, characters 15-19:
Sub-goal postcondition of goal _parser___param_arg'vc.
Prover result is: Valid (0.00s, 5658 steps).

File "/home/fabrice/git/pycsl/scratchpad/.pycsl_ir6cbmf_.mlw", line 3009, characters 15-38:
Sub-goal postcondition of goal _parser___param_arg'vc.
Prover result is: Valid (0.01s, 54041 steps).

File "/home/fabrice/git/pycsl/scratchpad/.pycsl_ir6cbmf_.mlw", line 3010, characters 15-39:
Sub-goal postcondition of goal _parser___param_arg'vc.
Prover result is: Valid (0.01s, 54094 steps).

File "/home/fabrice/git/pycsl/scratchpad/.pycsl_ir6cbmf_.mlw", line 3008, characters 15-19:
Sub-goal postcondition of goal _parser___param_arg'vc.
Prover result is: Valid (0.00s, 5589 steps).

File "/home/fabrice/git/pycsl/scratchpad/.pycsl_ir6cbmf_.mlw", line 3009, characters 15-38:
Sub-goal postcondition of goal _parser___param_arg'vc.
Prover result is: Valid (0.01s, 55519 steps).

File "/home/fabrice/git/pycsl/scratchpad/.pycsl_ir6cbmf_.mlw", line 3010, characters 15-39:
Sub-goal postcondition of goal _parser___param_arg'vc.
Prover result is: Valid (0.01s, 55625 steps).

File "/home/fabrice/git/pycsl/scratchpad/.pycsl_ir6cbmf_.mlw", line 3023, characters 23-69:
Sub-goal goal of goal _parser___param_arg__union_arm_Arm_17_0_inj.
Prover result is: Valid (0.01s, 5290 steps).

File "/home/fabrice/git/pycsl/scratchpad/.pycsl_ir6cbmf_.mlw", line 3025, characters 65-70:
Sub-goal goal of goal _parser___param_arg__union_arm_Arm_17_0_proj.
Prover result is: Valid (0.01s, 5285 steps).

File "/home/fabrice/git/pycsl/scratchpad/.pycsl_ir6cbmf_.mlw", line 3054, characters 18-72:
Sub-goal loop invariant init of goal _parser__parse_parameters'vc.
Prover result is: Valid (0.01s, 49777 steps).

File "/home/fabrice/git/pycsl/scratchpad/.pycsl_ir6cbmf_.mlw", line 3055, characters 18-33:
Sub-goal loop invariant init of goal _parser__parse_parameters'vc.
Prover result is: Valid (0.00s, 14170 steps).

File "/home/fabrice/git/pycsl/scratchpad/.pycsl_ir6cbmf_.mlw", line 3053, characters 16-78:
Sub-goal type invariant of goal _parser__parse_parameters'vc.
Prover result is: Valid (0.01s, 6461 steps).

File "/home/fabrice/git/pycsl/scratchpad/.pycsl_ir6cbmf_.mlw", line 3053, characters 16-78:
Sub-goal type invariant of goal _parser__parse_parameters'vc.
Prover result is: Valid (0.01s, 6468 steps).

File "/home/fabrice/git/pycsl/scratchpad/.pycsl_ir6cbmf_.mlw", line 3053, characters 16-78:
Sub-goal type invariant of goal _parser__parse_parameters'vc.
Prover result is: Valid (0.01s, 66384 steps).

File "/home/fabrice/git/pycsl/scratchpad/.pycsl_ir6cbmf_.mlw", line 3053, characters 16-78:
Sub-goal type invariant of goal _parser__parse_parameters'vc.
Prover result is: Valid (0.01s, 68195 steps).

File "/home/fabrice/git/pycsl/scratchpad/.pycsl_ir6cbmf_.mlw", line 3053, characters 16-78:
Sub-goal precondition of goal _parser__parse_parameters'vc.
Prover result is: Valid (0.00s, 6476 steps).

File "/home/fabrice/git/pycsl/scratchpad/.pycsl_ir6cbmf_.mlw", line 3058, characters 10-70:
Sub-goal precondition of goal _parser__parse_parameters'vc.
Prover result is: Valid (0.00s, 6564 steps).

File "/home/fabrice/git/pycsl/scratchpad/.pycsl_ir6cbmf_.mlw", line 3059, characters 16-39:
Sub-goal precondition of goal _parser__parse_parameters'vc.
Prover result is: Valid (0.01s, 6680 steps).

File "/home/fabrice/git/pycsl/scratchpad/.pycsl_ir6cbmf_.mlw", line 3062, characters 16-45:
Sub-goal precondition of goal _parser__parse_parameters'vc.
Prover result is: Valid (0.01s, 6803 steps).

File "/home/fabrice/git/pycsl/scratchpad/.pycsl_ir6cbmf_.mlw", line 3056, characters 16-51:
Sub-goal loop variant decrease of goal _parser__parse_parameters'vc.
Prover result is: Valid (0.02s, 93906 steps).

File "/home/fabrice/git/pycsl/scratchpad/.pycsl_ir6cbmf_.mlw", line 3054, characters 18-72:
Sub-goal loop invariant preservation of goal _parser__parse_parameters'vc.
Prover result is: Valid (0.02s, 88602 steps).

File "/home/fabrice/git/pycsl/scratchpad/.pycsl_ir6cbmf_.mlw", line 3055, characters 18-33:
Sub-goal loop invariant preservation of goal _parser__parse_parameters'vc.
Prover result is: Valid (0.02s, 86543 steps).

File "/home/fabrice/git/pycsl/scratchpad/.pycsl_ir6cbmf_.mlw", line 3065, characters 10-70:
Sub-goal precondition of goal _parser__parse_parameters'vc.
Prover result is: Valid (0.00s, 6763 steps).

File "/home/fabrice/git/pycsl/scratchpad/.pycsl_ir6cbmf_.mlw", line 3066, characters 16-39:
Sub-goal precondition of goal _parser__parse_parameters'vc.
Prover result is: Valid (0.01s, 6789 steps).

File "/home/fabrice/git/pycsl/scratchpad/.pycsl_ir6cbmf_.mlw", line 3067, characters 17-77:
Sub-goal precondition of goal _parser__parse_parameters'vc.
Prover result is: Valid (0.01s, 6945 steps).

File "/home/fabrice/git/pycsl/scratchpad/.pycsl_ir6cbmf_.mlw", line 3067, characters 88-150:
Sub-goal precondition of goal _parser__parse_parameters'vc.
Prover result is: Valid (0.01s, 7023 steps).

File "/home/fabrice/git/pycsl/scratchpad/.pycsl_ir6cbmf_.mlw", line 3073, characters 16-45:
Sub-goal precondition of goal _parser__parse_parameters'vc.
Prover result is: Valid (0.00s, 7160 steps).

File "/home/fabrice/git/pycsl/scratchpad/.pycsl_ir6cbmf_.mlw", line 3056, characters 16-51:
Sub-goal loop variant decrease of goal _parser__parse_parameters'vc.
Prover result is: Valid (0.02s, 101997 steps).

File "/home/fabrice/git/pycsl/scratchpad/.pycsl_ir6cbmf_.mlw", line 3054, characters 18-72:
Sub-goal loop invariant preservation of goal _parser__parse_parameters'vc.
Prover result is: Valid (0.02s, 91857 steps).

File "/home/fabrice/git/pycsl/scratchpad/.pycsl_ir6cbmf_.mlw", line 3055, characters 18-33:
Sub-goal loop invariant preservation of goal _parser__parse_parameters'vc.
Prover result is: Valid (0.02s, 88852 steps).

File "/home/fabrice/git/pycsl/scratchpad/.pycsl_ir6cbmf_.mlw", line 3070, characters 29-55:
Sub-goal precondition of goal _parser__parse_parameters'vc.
Prover result is: Valid (0.00s, 7153 steps).

File "/home/fabrice/git/pycsl/scratchpad/.pycsl_ir6cbmf_.mlw", line 3073, characters 16-45:
Sub-goal precondition of goal _parser__parse_parameters'vc.
Prover result is: Valid (0.00s, 7207 steps).

File "/home/fabrice/git/pycsl/scratchpad/.pycsl_ir6cbmf_.mlw", line 3056, characters 16-51:
Sub-goal loop variant decrease of goal _parser__parse_parameters'vc.
Prover result is: Valid (0.02s, 90088 steps).

File "/home/fabrice/git/pycsl/scratchpad/.pycsl_ir6cbmf_.mlw", line 3054, characters 18-72:
Sub-goal loop invariant preservation of goal _parser__parse_parameters'vc.
Prover result is: Valid (0.02s, 92226 steps).

File "/home/fabrice/git/pycsl/scratchpad/.pycsl_ir6cbmf_.mlw", line 3055, characters 18-33:
Sub-goal loop invariant preservation of goal _parser__parse_parameters'vc.
Prover result is: Valid (0.02s, 88863 steps).

File "/home/fabrice/git/pycsl/scratchpad/.pycsl_ir6cbmf_.mlw", line 3076, characters 10-71:
Sub-goal precondition of goal _parser__parse_parameters'vc.
Prover result is: Valid (0.00s, 6872 steps).

File "/home/fabrice/git/pycsl/scratchpad/.pycsl_ir6cbmf_.mlw", line 3077, characters 16-39:
Sub-goal precondition of goal _parser__parse_parameters'vc.
Prover result is: Valid (0.01s, 6892 steps).

File "/home/fabrice/git/pycsl/scratchpad/.pycsl_ir6cbmf_.mlw", line 3078, characters 26-52:
Sub-goal precondition of goal _parser__parse_parameters'vc.
Prover result is: Valid (0.01s, 6963 steps).

File "/home/fabrice/git/pycsl/scratchpad/.pycsl_ir6cbmf_.mlw", line 3079, characters 16-45:
Sub-goal precondition of goal _parser__parse_parameters'vc.
Prover result is: Valid (0.01s, 7012 steps).

File "/home/fabrice/git/pycsl/scratchpad/.pycsl_ir6cbmf_.mlw", line 3056, characters 16-51:
Sub-goal loop variant decrease of goal _parser__parse_parameters'vc.
Prover result is: Valid (0.02s, 88835 steps).

File "/home/fabrice/git/pycsl/scratchpad/.pycsl_ir6cbmf_.mlw", line 3054, characters 18-72:
Sub-goal loop invariant preservation of goal _parser__parse_parameters'vc.
Prover result is: Valid (0.02s, 90977 steps).

File "/home/fabrice/git/pycsl/scratchpad/.pycsl_ir6cbmf_.mlw", line 3055, characters 18-33:
Sub-goal loop invariant preservation of goal _parser__parse_parameters'vc.
Prover result is: Valid (0.01s, 87628 steps).

File "/home/fabrice/git/pycsl/scratchpad/.pycsl_ir6cbmf_.mlw", line 3082, characters 11-37:
Sub-goal precondition of goal _parser__parse_parameters'vc.
Prover result is: Valid (0.00s, 6890 steps).

File "/home/fabrice/git/pycsl/scratchpad/.pycsl_ir6cbmf_.mlw", line 3084, characters 16-45:
Sub-goal precondition of goal _parser__parse_parameters'vc.
Prover result is: Valid (0.01s, 6935 steps).

File "/home/fabrice/git/pycsl/scratchpad/.pycsl_ir6cbmf_.mlw", line 3085, characters 28-48:
Sub-goal precondition of goal _parser__parse_parameters'vc.
Prover result is: Valid (0.01s, 7001 steps).

File "/home/fabrice/git/pycsl/scratchpad/.pycsl_ir6cbmf_.mlw", line 3096, characters 14-43:
Sub-goal precondition of goal _parser__parse_parameters'vc.
Prover result is: Valid (0.01s, 9136 steps).

File "/home/fabrice/git/pycsl/scratchpad/.pycsl_ir6cbmf_.mlw", line 3056, characters 16-51:
Sub-goal loop variant decrease of goal _parser__parse_parameters'vc.
Prover result is: Valid (0.02s, 120049 steps).

File "/home/fabrice/git/pycsl/scratchpad/.pycsl_ir6cbmf_.mlw", line 3054, characters 18-72:
Sub-goal loop invariant preservation of goal _parser__parse_parameters'vc.
Prover result is: Valid (0.02s, 123473 steps).

File "/home/fabrice/git/pycsl/scratchpad/.pycsl_ir6cbmf_.mlw", line 3055, characters 18-33:
Sub-goal loop invariant preservation of goal _parser__parse_parameters'vc.
Prover result is: Valid (0.02s, 118429 steps).

File "/home/fabrice/git/pycsl/scratchpad/.pycsl_ir6cbmf_.mlw", line 3096, characters 14-43:
Sub-goal precondition of goal _parser__parse_parameters'vc.
Prover result is: Valid (0.00s, 8481 steps).

File "/home/fabrice/git/pycsl/scratchpad/.pycsl_ir6cbmf_.mlw", line 3056, characters 16-51:
Sub-goal loop variant decrease of goal _parser__parse_parameters'vc.
Prover result is: Valid (0.02s, 106884 steps).

File "/home/fabrice/git/pycsl/scratchpad/.pycsl_ir6cbmf_.mlw", line 3054, characters 18-72:
Sub-goal loop invariant preservation of goal _parser__parse_parameters'vc.
Prover result is: Valid (0.02s, 110512 steps).

File "/home/fabrice/git/pycsl/scratchpad/.pycsl_ir6cbmf_.mlw", line 3055, characters 18-33:
Sub-goal loop invariant preservation of goal _parser__parse_parameters'vc.
Prover result is: Valid (0.02s, 105290 steps).

File "/home/fabrice/git/pycsl/scratchpad/.pycsl_ir6cbmf_.mlw", line 3096, characters 14-43:
Sub-goal precondition of goal _parser__parse_parameters'vc.
Prover result is: Valid (0.01s, 8344 steps).

File "/home/fabrice/git/pycsl/scratchpad/.pycsl_ir6cbmf_.mlw", line 3056, characters 16-51:
Sub-goal loop variant decrease of goal _parser__parse_parameters'vc.
Prover result is: Valid (0.01s, 31997 steps).

File "/home/fabrice/git/pycsl/scratchpad/.pycsl_ir6cbmf_.mlw", line 3054, characters 18-72:
Sub-goal loop invariant preservation of goal _parser__parse_parameters'vc.
Prover result is: Valid (0.01s, 31857 steps).

File "/home/fabrice/git/pycsl/scratchpad/.pycsl_ir6cbmf_.mlw", line 3055, characters 18-33:
Sub-goal loop invariant preservation of goal _parser__parse_parameters'vc.
Prover result is: Valid (0.01s, 31848 steps).

File "/home/fabrice/git/pycsl/scratchpad/.pycsl_ir6cbmf_.mlw", line 3096, characters 14-43:
Sub-goal precondition of goal _parser__parse_parameters'vc.
Prover result is: Valid (0.01s, 9096 steps).

File "/home/fabrice/git/pycsl/scratchpad/.pycsl_ir6cbmf_.mlw", line 3056, characters 16-51:
Sub-goal loop variant decrease of goal _parser__parse_parameters'vc.
Prover result is: Valid (0.02s, 119309 steps).

File "/home/fabrice/git/pycsl/scratchpad/.pycsl_ir6cbmf_.mlw", line 3054, characters 18-72:
Sub-goal loop invariant preservation of goal _parser__parse_parameters'vc.
Prover result is: Valid (0.02s, 122096 steps).

File "/home/fabrice/git/pycsl/scratchpad/.pycsl_ir6cbmf_.mlw", line 3055, characters 18-33:
Sub-goal loop invariant preservation of goal _parser__parse_parameters'vc.
Prover result is: Valid (0.02s, 117748 steps).

File "/home/fabrice/git/pycsl/scratchpad/.pycsl_ir6cbmf_.mlw", line 3096, characters 14-43:
Sub-goal precondition of goal _parser__parse_parameters'vc.
Prover result is: Valid (0.01s, 8441 steps).

File "/home/fabrice/git/pycsl/scratchpad/.pycsl_ir6cbmf_.mlw", line 3056, characters 16-51:
Sub-goal loop variant decrease of goal _parser__parse_parameters'vc.
Prover result is: Valid (0.01s, 14490 steps).

File "/home/fabrice/git/pycsl/scratchpad/.pycsl_ir6cbmf_.mlw", line 3054, characters 18-72:
Sub-goal loop invariant preservation of goal _parser__parse_parameters'vc.
Prover result is: Valid (0.01s, 14448 steps).

File "/home/fabrice/git/pycsl/scratchpad/.pycsl_ir6cbmf_.mlw", line 3055, characters 18-33:
Sub-goal loop invariant preservation of goal _parser__parse_parameters'vc.
Prover result is: Valid (0.01s, 14451 steps).

File "/home/fabrice/git/pycsl/scratchpad/.pycsl_ir6cbmf_.mlw", line 3096, characters 14-43:
Sub-goal precondition of goal _parser__parse_parameters'vc.
Prover result is: Valid (0.01s, 8304 steps).

File "/home/fabrice/git/pycsl/scratchpad/.pycsl_ir6cbmf_.mlw", line 3056, characters 16-51:
Sub-goal loop variant decrease of goal _parser__parse_parameters'vc.
Prover result is: Valid (0.02s, 104193 steps).

File "/home/fabrice/git/pycsl/scratchpad/.pycsl_ir6cbmf_.mlw", line 3054, characters 18-72:
Sub-goal loop invariant preservation of goal _parser__parse_parameters'vc.
Prover result is: Valid (0.02s, 106677 steps).

File "/home/fabrice/git/pycsl/scratchpad/.pycsl_ir6cbmf_.mlw", line 3055, characters 18-33:
Sub-goal loop invariant preservation of goal _parser__parse_parameters'vc.
Prover result is: Valid (0.02s, 102830 steps).

File "/home/fabrice/git/pycsl/scratchpad/.pycsl_ir6cbmf_.mlw", line 3029, characters 15-19:
Sub-goal postcondition of goal _parser__parse_parameters'vc.
Prover result is: Valid (0.01s, 8201 steps).

File "/home/fabrice/git/pycsl/scratchpad/.pycsl_ir6cbmf_.mlw", line 3030, characters 15-39:
Sub-goal postcondition of goal _parser__parse_parameters'vc.
Prover result is: Valid (0.01s, 28060 steps).

File "/home/fabrice/git/pycsl/scratchpad/.pycsl_ir6cbmf_.mlw", line 3108, characters 11-31:
Sub-goal precondition of goal _parser___with_item'vc.
Prover result is: Valid (0.00s, 5295 steps).

File "/home/fabrice/git/pycsl/scratchpad/.pycsl_ir6cbmf_.mlw", line 3110, characters 14-44:
Sub-goal precondition of goal _parser___with_item'vc.
Prover result is: Valid (0.00s, 5339 steps).

File "/home/fabrice/git/pycsl/scratchpad/.pycsl_ir6cbmf_.mlw", line 3111, characters 28-48:
Sub-goal precondition of goal _parser___with_item'vc.
Prover result is: Valid (0.00s, 5405 steps).

File "/home/fabrice/git/pycsl/scratchpad/.pycsl_ir6cbmf_.mlw", line 3112, characters 28-111:
Sub-goal precondition of goal _parser___with_item'vc.
Prover result is: Valid (0.01s, 5465 steps).

File "/home/fabrice/git/pycsl/scratchpad/.pycsl_ir6cbmf_.mlw", line 3103, characters 15-19:
Sub-goal postcondition of goal _parser___with_item'vc.
Prover result is: Valid (0.01s, 5503 steps).

File "/home/fabrice/git/pycsl/scratchpad/.pycsl_ir6cbmf_.mlw", line 3104, characters 15-39:
Sub-goal postcondition of goal _parser___with_item'vc.
Prover result is: Valid (0.01s, 52099 steps).

File "/home/fabrice/git/pycsl/scratchpad/.pycsl_ir6cbmf_.mlw", line 3103, characters 15-19:
Sub-goal postcondition of goal _parser___with_item'vc.
Prover result is: Valid (0.00s, 5416 steps).

File "/home/fabrice/git/pycsl/scratchpad/.pycsl_ir6cbmf_.mlw", line 3104, characters 15-39:
Sub-goal postcondition of goal _parser___with_item'vc.
Prover result is: Valid (0.01s, 53441 steps).

File "/home/fabrice/git/pycsl/scratchpad/.pycsl_ir6cbmf_.mlw", line 3116, characters 23-69:
Sub-goal goal of goal _parser___with_item__union_arm_Arm_13_0_inj.
Prover result is: Valid (0.00s, 5290 steps).

File "/home/fabrice/git/pycsl/scratchpad/.pycsl_ir6cbmf_.mlw", line 3118, characters 65-70:
Sub-goal goal of goal _parser___with_item__union_arm_Arm_13_0_proj.
Prover result is: Valid (0.00s, 5285 steps).

File "/home/fabrice/git/pycsl/scratchpad/.pycsl_ir6cbmf_.mlw", line 3135, characters 20-29:
Sub-goal loop invariant init of goal _parser___with_parenthesized'vc.
Prover result is: Valid (0.01s, 53680 steps).

File "/home/fabrice/git/pycsl/scratchpad/.pycsl_ir6cbmf_.mlw", line 3136, characters 20-51:
Sub-goal loop invariant init of goal _parser___with_parenthesized'vc.
Prover result is: Valid (0.01s, 5431 steps).

File "/home/fabrice/git/pycsl/scratchpad/.pycsl_ir6cbmf_.mlw", line 3138, characters 14-27:
Sub-goal index in array bounds of goal _parser___with_parenthesized'vc.
Prover result is: Valid (0.00s, 14361 steps).

File "/home/fabrice/git/pycsl/scratchpad/.pycsl_ir6cbmf_.mlw", line 3137, characters 18-27:
Sub-goal loop variant decrease of goal _parser___with_parenthesized'vc.
Prover result is: Valid (0.01s, 59668 steps).

File "/home/fabrice/git/pycsl/scratchpad/.pycsl_ir6cbmf_.mlw", line 3135, characters 20-29:
Sub-goal loop invariant preservation of goal _parser___with_parenthesized'vc.
Prover result is: Valid (0.01s, 59476 steps).

File "/home/fabrice/git/pycsl/scratchpad/.pycsl_ir6cbmf_.mlw", line 3136, characters 20-51:
Sub-goal loop invariant preservation of goal _parser___with_parenthesized'vc.
Prover result is: Valid (0.00s, 5630 steps).

File "/home/fabrice/git/pycsl/scratchpad/.pycsl_ir6cbmf_.mlw", line 3122, characters 15-19:
Sub-goal postcondition of goal _parser___with_parenthesized'vc.
Prover result is: Valid (0.00s, 5678 steps).

File "/home/fabrice/git/pycsl/scratchpad/.pycsl_ir6cbmf_.mlw", line 3137, characters 18-27:
Sub-goal loop variant decrease of goal _parser___with_parenthesized'vc.
Prover result is: Valid (0.01s, 62157 steps).

File "/home/fabrice/git/pycsl/scratchpad/.pycsl_ir6cbmf_.mlw", line 3135, characters 20-29:
Sub-goal loop invariant preservation of goal _parser___with_parenthesized'vc.
Prover result is: Valid (0.01s, 61961 steps).

File "/home/fabrice/git/pycsl/scratchpad/.pycsl_ir6cbmf_.mlw", line 3136, characters 20-51:
Sub-goal loop invariant preservation of goal _parser___with_parenthesized'vc.
Prover result is: Valid (0.01s, 5704 steps).

File "/home/fabrice/git/pycsl/scratchpad/.pycsl_ir6cbmf_.mlw", line 3122, characters 15-19:
Sub-goal postcondition of goal _parser___with_parenthesized'vc.
Prover result is: Valid (0.01s, 10242 steps).

File "/home/fabrice/git/pycsl/scratchpad/.pycsl_ir6cbmf_.mlw", line 3137, characters 18-27:
Sub-goal loop variant decrease of goal _parser___with_parenthesized'vc.
Prover result is: Valid (0.03s, 237749 steps).

File "/home/fabrice/git/pycsl/scratchpad/.pycsl_ir6cbmf_.mlw", line 3135, characters 20-29:
Sub-goal loop invariant preservation of goal _parser___with_parenthesized'vc.
Prover result is: Valid (0.03s, 237521 steps).

File "/home/fabrice/git/pycsl/scratchpad/.pycsl_ir6cbmf_.mlw", line 3136, characters 20-51:
Sub-goal loop invariant preservation of goal _parser___with_parenthesized'vc.
Prover result is: Valid (0.00s, 10369 steps).

File "/home/fabrice/git/pycsl/scratchpad/.pycsl_ir6cbmf_.mlw", line 3122, characters 15-19:
Sub-goal postcondition of goal _parser___with_parenthesized'vc.
Prover result is: Valid (0.01s, 10350 steps).

File "/home/fabrice/git/pycsl/scratchpad/.pycsl_ir6cbmf_.mlw", line 3137, characters 18-27:
Sub-goal loop variant decrease of goal _parser___with_parenthesized'vc.
Prover result is: Valid (0.03s, 221183 steps).

File "/home/fabrice/git/pycsl/scratchpad/.pycsl_ir6cbmf_.mlw", line 3135, characters 20-29:
Sub-goal loop invariant preservation of goal _parser___with_parenthesized'vc.
Prover result is: Valid (0.03s, 221031 steps).

File "/home/fabrice/git/pycsl/scratchpad/.pycsl_ir6cbmf_.mlw", line 3136, characters 20-51:
Sub-goal loop invariant preservation of goal _parser___with_parenthesized'vc.
Prover result is: Valid (0.01s, 10376 steps).

File "/home/fabrice/git/pycsl/scratchpad/.pycsl_ir6cbmf_.mlw", line 3122, characters 15-19:
Sub-goal postcondition of goal _parser___with_parenthesized'vc.
Prover result is: Valid (0.01s, 5449 steps).

File "/home/fabrice/git/pycsl/scratchpad/.pycsl_ir6cbmf_.mlw", line 3173, characters 9-28:
Sub-goal precondition of goal _parser__at_name'vc.
Prover result is: Valid (0.00s, 5295 steps).

File "/home/fabrice/git/pycsl/scratchpad/.pycsl_ir6cbmf_.mlw", line 3169, characters 15-19:
Sub-goal postcondition of goal _parser__at_name'vc.
Prover result is: Valid (0.00s, 5473 steps).

File "/home/fabrice/git/pycsl/scratchpad/.pycsl_ir6cbmf_.mlw", line 3186, characters 9-28:
Sub-goal precondition of goal _parser___match_subject'vc.
Prover result is: Valid (0.01s, 5295 steps).

File "/home/fabrice/git/pycsl/scratchpad/.pycsl_ir6cbmf_.mlw", line 3187, characters 13-43:
Sub-goal precondition of goal _parser___match_subject'vc.
Prover result is: Valid (0.00s, 5473 steps).

File "/home/fabrice/git/pycsl/scratchpad/.pycsl_ir6cbmf_.mlw", line 3188, characters 8-68:
Sub-goal precondition of goal _parser___match_subject'vc.
Prover result is: Valid (0.01s, 6489 steps).

File "/home/fabrice/git/pycsl/scratchpad/.pycsl_ir6cbmf_.mlw", line 3194, characters 20-74:
Sub-goal loop invariant init of goal _parser___match_subject'vc.
Prover result is: Valid (0.02s, 87264 steps).

File "/home/fabrice/git/pycsl/scratchpad/.pycsl_ir6cbmf_.mlw", line 3195, characters 20-35:
Sub-goal loop invariant init of goal _parser___match_subject'vc.
Prover result is: Valid (0.01s, 26629 steps).

File "/home/fabrice/git/pycsl/scratchpad/.pycsl_ir6cbmf_.mlw", line 3193, characters 19-48:
Sub-goal type invariant of goal _parser___match_subject'vc.
Prover result is: Valid (0.01s, 7159 steps).

File "/home/fabrice/git/pycsl/scratchpad/.pycsl_ir6cbmf_.mlw", line 3193, characters 19-48:
Sub-goal type invariant of goal _parser___match_subject'vc.
Prover result is: Valid (0.00s, 7166 steps).

File "/home/fabrice/git/pycsl/scratchpad/.pycsl_ir6cbmf_.mlw", line 3193, characters 19-48:
Sub-goal type invariant of goal _parser___match_subject'vc.
Prover result is: Valid (0.02s, 85540 steps).

File "/home/fabrice/git/pycsl/scratchpad/.pycsl_ir6cbmf_.mlw", line 3193, characters 19-48:
Sub-goal type invariant of goal _parser___match_subject'vc.
Prover result is: Valid (0.02s, 86611 steps).

File "/home/fabrice/git/pycsl/scratchpad/.pycsl_ir6cbmf_.mlw", line 3193, characters 19-48:
Sub-goal precondition of goal _parser___match_subject'vc.
Prover result is: Valid (0.01s, 7174 steps).

File "/home/fabrice/git/pycsl/scratchpad/.pycsl_ir6cbmf_.mlw", line 3197, characters 12-72:
Sub-goal precondition of goal _parser___match_subject'vc.
Prover result is: Valid (0.01s, 7329 steps).

File "/home/fabrice/git/pycsl/scratchpad/.pycsl_ir6cbmf_.mlw", line 3178, characters 15-19:
Sub-goal postcondition of goal _parser___match_subject'vc.
Prover result is: Valid (0.00s, 7558 steps).

File "/home/fabrice/git/pycsl/scratchpad/.pycsl_ir6cbmf_.mlw", line 3179, characters 15-39:
Sub-goal postcondition of goal _parser___match_subject'vc.
Prover result is: Valid (0.02s, 89886 steps).

File "/home/fabrice/git/pycsl/scratchpad/.pycsl_ir6cbmf_.mlw", line 3200, characters 31-61:
Sub-goal precondition of goal _parser___match_subject'vc.
Prover result is: Valid (0.00s, 7361 steps).

File "/home/fabrice/git/pycsl/scratchpad/.pycsl_ir6cbmf_.mlw", line 3196, characters 18-53:
Sub-goal loop variant decrease of goal _parser___match_subject'vc.
Prover result is: Valid (0.02s, 100190 steps).

File "/home/fabrice/git/pycsl/scratchpad/.pycsl_ir6cbmf_.mlw", line 3194, characters 20-74:
Sub-goal loop invariant preservation of goal _parser___match_subject'vc.
Prover result is: Valid (0.02s, 102531 steps).

File "/home/fabrice/git/pycsl/scratchpad/.pycsl_ir6cbmf_.mlw", line 3195, characters 20-35:
Sub-goal loop invariant preservation of goal _parser___match_subject'vc.
Prover result is: Valid (0.02s, 98328 steps).

File "/home/fabrice/git/pycsl/scratchpad/.pycsl_ir6cbmf_.mlw", line 3178, characters 15-19:
Sub-goal postcondition of goal _parser___match_subject'vc.
Prover result is: Valid (0.01s, 7448 steps).

File "/home/fabrice/git/pycsl/scratchpad/.pycsl_ir6cbmf_.mlw", line 3179, characters 15-39:
Sub-goal postcondition of goal _parser___match_subject'vc.
Prover result is: Valid (0.02s, 88971 steps).

File "/home/fabrice/git/pycsl/scratchpad/.pycsl_ir6cbmf_.mlw", line 3178, characters 15-19:
Sub-goal postcondition of goal _parser___match_subject'vc.
Prover result is: Valid (0.01s, 6521 steps).

File "/home/fabrice/git/pycsl/scratchpad/.pycsl_ir6cbmf_.mlw", line 3179, characters 15-39:
Sub-goal postcondition of goal _parser___match_subject'vc.
Prover result is: Valid (0.00s, 6526 steps).

File "/home/fabrice/git/pycsl/scratchpad/.pycsl_ir6cbmf_.mlw", line 3220, characters 9-28:
Sub-goal precondition of goal _parser___pattern_number'vc.
Prover result is: Valid (0.00s, 5295 steps).

File "/home/fabrice/git/pycsl/scratchpad/.pycsl_ir6cbmf_.mlw", line 3221, characters 17-92:
Sub-goal precondition of goal _parser___pattern_number'vc.
Prover result is: Valid (0.01s, 6544 steps).

File "/home/fabrice/git/pycsl/scratchpad/.pycsl_ir6cbmf_.mlw", line 3221, characters 117-140:
Sub-goal precondition of goal _parser___pattern_number'vc.
Prover result is: Valid (0.01s, 6574 steps).

File "/home/fabrice/git/pycsl/scratchpad/.pycsl_ir6cbmf_.mlw", line 3222, characters 21-40:
Sub-goal precondition of goal _parser___pattern_number'vc.
Prover result is: Valid (0.01s, 6669 steps).

File "/home/fabrice/git/pycsl/scratchpad/.pycsl_ir6cbmf_.mlw", line 3223, characters 72-78:
Sub-goal unreachable point of goal _parser___pattern_number'vc.
Prover result is: Valid (0.01s, 3826 steps).

File "/home/fabrice/git/pycsl/scratchpad/.pycsl_ir6cbmf_.mlw", line 3225, characters 12-35:
Sub-goal precondition of goal _parser___pattern_number'vc.
Prover result is: Valid (0.01s, 6682 steps).

File "/home/fabrice/git/pycsl/scratchpad/.pycsl_ir6cbmf_.mlw", line 3226, characters 35-70:
Sub-goal precondition of goal _parser___pattern_number'vc.
Prover result is: Valid (0.01s, 6751 steps).

File "/home/fabrice/git/pycsl/scratchpad/.pycsl_ir6cbmf_.mlw", line 3211, characters 15-19:
Sub-goal postcondition of goal _parser___pattern_number'vc.
Prover result is: Valid (0.00s, 6756 steps).

File "/home/fabrice/git/pycsl/scratchpad/.pycsl_ir6cbmf_.mlw", line 3212, characters 15-39:
Sub-goal postcondition of goal _parser___pattern_number'vc.
Prover result is: Valid (0.02s, 77686 steps).

File "/home/fabrice/git/pycsl/scratchpad/.pycsl_ir6cbmf_.mlw", line 3211, characters 15-19:
Sub-goal postcondition of goal _parser___pattern_number'vc.
Prover result is: Valid (0.00s, 6765 steps).

File "/home/fabrice/git/pycsl/scratchpad/.pycsl_ir6cbmf_.mlw", line 3212, characters 15-39:
Sub-goal postcondition of goal _parser___pattern_number'vc.
Prover result is: Valid (0.02s, 80417 steps).

File "/home/fabrice/git/pycsl/scratchpad/.pycsl_ir6cbmf_.mlw", line 3211, characters 15-19:
Sub-goal postcondition of goal _parser___pattern_number'vc.
Prover result is: Valid (0.01s, 6769 steps).

File "/home/fabrice/git/pycsl/scratchpad/.pycsl_ir6cbmf_.mlw", line 3212, characters 15-39:
Sub-goal postcondition of goal _parser___pattern_number'vc.
Prover result is: Valid (0.02s, 77818 steps).

File "/home/fabrice/git/pycsl/scratchpad/.pycsl_ir6cbmf_.mlw", line 3222, characters 21-40:
Sub-goal precondition of goal _parser___pattern_number'vc.
Prover result is: Valid (0.00s, 6581 steps).

File "/home/fabrice/git/pycsl/scratchpad/.pycsl_ir6cbmf_.mlw", line 3223, characters 72-78:
Sub-goal unreachable point of goal _parser___pattern_number'vc.
Prover result is: Valid (0.00s, 3772 steps).

File "/home/fabrice/git/pycsl/scratchpad/.pycsl_ir6cbmf_.mlw", line 3225, characters 12-35:
Sub-goal precondition of goal _parser___pattern_number'vc.
Prover result is: Valid (0.01s, 6588 steps).

File "/home/fabrice/git/pycsl/scratchpad/.pycsl_ir6cbmf_.mlw", line 3226, characters 35-70:
Sub-goal precondition of goal _parser___pattern_number'vc.
Prover result is: Valid (0.00s, 6674 steps).

File "/home/fabrice/git/pycsl/scratchpad/.pycsl_ir6cbmf_.mlw", line 3211, characters 15-19:
Sub-goal postcondition of goal _parser___pattern_number'vc.
Prover result is: Valid (0.01s, 6679 steps).

File "/home/fabrice/git/pycsl/scratchpad/.pycsl_ir6cbmf_.mlw", line 3212, characters 15-39:
Sub-goal postcondition of goal _parser___pattern_number'vc.
Prover result is: Valid (0.00s, 6684 steps).

File "/home/fabrice/git/pycsl/scratchpad/.pycsl_ir6cbmf_.mlw", line 3211, characters 15-19:
Sub-goal postcondition of goal _parser___pattern_number'vc.
Prover result is: Valid (0.01s, 6688 steps).

File "/home/fabrice/git/pycsl/scratchpad/.pycsl_ir6cbmf_.mlw", line 3212, characters 15-39:
Sub-goal postcondition of goal _parser___pattern_number'vc.
Prover result is: Valid (0.01s, 6693 steps).

File "/home/fabrice/git/pycsl/scratchpad/.pycsl_ir6cbmf_.mlw", line 3211, characters 15-19:
Sub-goal postcondition of goal _parser___pattern_number'vc.
Prover result is: Valid (0.01s, 6692 steps).

File "/home/fabrice/git/pycsl/scratchpad/.pycsl_ir6cbmf_.mlw", line 3212, characters 15-39:
Sub-goal postcondition of goal _parser___pattern_number'vc.
Prover result is: Valid (0.01s, 6697 steps).

File "/home/fabrice/git/pycsl/scratchpad/.pycsl_ir6cbmf_.mlw", line 3252, characters 12-35:
Sub-goal precondition of goal _parser___sequence_pattern'vc.
Prover result is: Valid (0.01s, 5477 steps).

File "/home/fabrice/git/pycsl/scratchpad/.pycsl_ir6cbmf_.mlw", line 3259, characters 18-72:
Sub-goal loop invariant init of goal _parser___sequence_pattern'vc.
Prover result is: Valid (0.01s, 54411 steps).

File "/home/fabrice/git/pycsl/scratchpad/.pycsl_ir6cbmf_.mlw", line 3260, characters 18-34:
Sub-goal loop invariant init of goal _parser___sequence_pattern'vc.
Prover result is: Valid (0.00s, 14662 steps).

File "/home/fabrice/git/pycsl/scratchpad/.pycsl_ir6cbmf_.mlw", line 3258, characters 16-79:
Sub-goal type invariant of goal _parser___sequence_pattern'vc.
Prover result is: Valid (0.01s, 6585 steps).

File "/home/fabrice/git/pycsl/scratchpad/.pycsl_ir6cbmf_.mlw", line 3258, characters 16-79:
Sub-goal type invariant of goal _parser___sequence_pattern'vc.
Prover result is: Valid (0.00s, 6590 steps).

File "/home/fabrice/git/pycsl/scratchpad/.pycsl_ir6cbmf_.mlw", line 3258, characters 16-79:
Sub-goal type invariant of goal _parser___sequence_pattern'vc.
Prover result is: Valid (0.01s, 70750 steps).

File "/home/fabrice/git/pycsl/scratchpad/.pycsl_ir6cbmf_.mlw", line 3258, characters 16-79:
Sub-goal type invariant of goal _parser___sequence_pattern'vc.
Prover result is: Valid (0.01s, 71666 steps).

File "/home/fabrice/git/pycsl/scratchpad/.pycsl_ir6cbmf_.mlw", line 3258, characters 16-79:
Sub-goal precondition of goal _parser___sequence_pattern'vc.
Prover result is: Valid (0.01s, 6600 steps).

File "/home/fabrice/git/pycsl/scratchpad/.pycsl_ir6cbmf_.mlw", line 3263, characters 10-70:
Sub-goal precondition of goal _parser___sequence_pattern'vc.
Prover result is: Valid (0.01s, 6688 steps).

File "/home/fabrice/git/pycsl/scratchpad/.pycsl_ir6cbmf_.mlw", line 3264, characters 18-41:
Sub-goal precondition of goal _parser___sequence_pattern'vc.
Prover result is: Valid (0.01s, 6724 steps).

File "/home/fabrice/git/pycsl/scratchpad/.pycsl_ir6cbmf_.mlw", line 3265, characters 14-33:
Sub-goal precondition of goal _parser___sequence_pattern'vc.
Prover result is: Valid (0.01s, 6793 steps).

File "/home/fabrice/git/pycsl/scratchpad/.pycsl_ir6cbmf_.mlw", line 3267, characters 18-41:
Sub-goal precondition of goal _parser___sequence_pattern'vc.
Prover result is: Valid (0.01s, 10423 steps).

File "/home/fabrice/git/pycsl/scratchpad/.pycsl_ir6cbmf_.mlw", line 3276, characters 16-45:
Sub-goal precondition of goal _parser___sequence_pattern'vc.
Prover result is: Valid (0.01s, 11842 steps).

File "/home/fabrice/git/pycsl/scratchpad/.pycsl_ir6cbmf_.mlw", line 3261, characters 16-51:
Sub-goal loop variant decrease of goal _parser___sequence_pattern'vc.
Prover result is: Valid (29.28s, 9257192 steps).

File "/home/fabrice/git/pycsl/scratchpad/.pycsl_ir6cbmf_.mlw", line 3259, characters 18-72:
Sub-goal loop invariant preservation of goal _parser___sequence_pattern'vc.
Prover result is: Valid (0.23s, 733454 steps).

File "/home/fabrice/git/pycsl/scratchpad/.pycsl_ir6cbmf_.mlw", line 3260, characters 18-34:
Sub-goal loop invariant preservation of goal _parser___sequence_pattern'vc.
Prover result is: Valid (0.03s, 243350 steps).

File "/home/fabrice/git/pycsl/scratchpad/.pycsl_ir6cbmf_.mlw", line 3284, characters 21-53:
Sub-goal precondition of goal _parser___sequence_pattern'vc.
Prover result is: Valid (0.01s, 11917 steps).

File "/home/fabrice/git/pycsl/scratchpad/.pycsl_ir6cbmf_.mlw", line 3240, characters 15-19:
Sub-goal postcondition of goal _parser___sequence_pattern'vc.
Prover result is: Valid (0.01s, 12062 steps).

File "/home/fabrice/git/pycsl/scratchpad/.pycsl_ir6cbmf_.mlw", line 3241, characters 15-39:
Sub-goal postcondition of goal _parser___sequence_pattern'vc.
Prover result is: Valid (0.04s, 256792 steps).

File "/home/fabrice/git/pycsl/scratchpad/.pycsl_ir6cbmf_.mlw", line 3240, characters 15-19:
Sub-goal postcondition of goal _parser___sequence_pattern'vc.
Prover result is: Valid (0.01s, 12253 steps).

File "/home/fabrice/git/pycsl/scratchpad/.pycsl_ir6cbmf_.mlw", line 3241, characters 15-39:
Sub-goal postcondition of goal _parser___sequence_pattern'vc.
Prover result is: Valid (0.03s, 265158 steps).

File "/home/fabrice/git/pycsl/scratchpad/.pycsl_ir6cbmf_.mlw", line 3270, characters 85-91:
Sub-goal unreachable point of goal _parser___sequence_pattern'vc.
Prover result is: Valid (0.00s, 5707 steps).

File "/home/fabrice/git/pycsl/scratchpad/.pycsl_ir6cbmf_.mlw", line 3274, characters 31-54:
Sub-goal variant decrease of goal _parser___sequence_pattern'vc.
Prover result is: Valid (0.02s, 83269 steps).

File "/home/fabrice/git/pycsl/scratchpad/.pycsl_ir6cbmf_.mlw", line 3274, characters 31-54:
Sub-goal precondition of goal _parser___sequence_pattern'vc.
Prover result is: Valid (0.01s, 6722 steps).

File "/home/fabrice/git/pycsl/scratchpad/.pycsl_ir6cbmf_.mlw", line 3276, characters 16-45:
Sub-goal precondition of goal _parser___sequence_pattern'vc.
Prover result is: Valid (0.01s, 8031 steps).

File "/home/fabrice/git/pycsl/scratchpad/.pycsl_ir6cbmf_.mlw", line 3261, characters 16-51:
Sub-goal loop variant decrease of goal _parser___sequence_pattern'vc.
Prover result is: Valid (0.03s, 105700 steps).

File "/home/fabrice/git/pycsl/scratchpad/.pycsl_ir6cbmf_.mlw", line 3259, characters 18-72:
Sub-goal loop invariant preservation of goal _parser___sequence_pattern'vc.
Prover result is: Valid (0.02s, 91654 steps).

File "/home/fabrice/git/pycsl/scratchpad/.pycsl_ir6cbmf_.mlw", line 3260, characters 18-34:
Sub-goal loop invariant preservation of goal _parser___sequence_pattern'vc.
Prover result is: Valid (0.01s, 88592 steps).

File "/home/fabrice/git/pycsl/scratchpad/.pycsl_ir6cbmf_.mlw", line 3284, characters 21-53:
Sub-goal precondition of goal _parser___sequence_pattern'vc.
Prover result is: Valid (0.01s, 8108 steps).

File "/home/fabrice/git/pycsl/scratchpad/.pycsl_ir6cbmf_.mlw", line 3240, characters 15-19:
Sub-goal postcondition of goal _parser___sequence_pattern'vc.
Prover result is: Valid (0.01s, 8253 steps).

File "/home/fabrice/git/pycsl/scratchpad/.pycsl_ir6cbmf_.mlw", line 3241, characters 15-39:
Sub-goal postcondition of goal _parser___sequence_pattern'vc.
Prover result is: Valid (0.02s, 96343 steps).

File "/home/fabrice/git/pycsl/scratchpad/.pycsl_ir6cbmf_.mlw", line 3240, characters 15-19:
Sub-goal postcondition of goal _parser___sequence_pattern'vc.
Prover result is: Valid (0.01s, 8444 steps).

File "/home/fabrice/git/pycsl/scratchpad/.pycsl_ir6cbmf_.mlw", line 3241, characters 15-39:
Sub-goal postcondition of goal _parser___sequence_pattern'vc.
Prover result is: Valid (0.02s, 111701 steps).

File "/home/fabrice/git/pycsl/scratchpad/.pycsl_ir6cbmf_.mlw", line 3284, characters 21-53:
Sub-goal precondition of goal _parser___sequence_pattern'vc.
Prover result is: Valid (0.01s, 6636 steps).

File "/home/fabrice/git/pycsl/scratchpad/.pycsl_ir6cbmf_.mlw", line 3240, characters 15-19:
Sub-goal postcondition of goal _parser___sequence_pattern'vc.
Prover result is: Valid (0.01s, 7157 steps).

File "/home/fabrice/git/pycsl/scratchpad/.pycsl_ir6cbmf_.mlw", line 3241, characters 15-39:
Sub-goal postcondition of goal _parser___sequence_pattern'vc.
Prover result is: Valid (0.02s, 91152 steps).

File "/home/fabrice/git/pycsl/scratchpad/.pycsl_ir6cbmf_.mlw", line 3240, characters 15-19:
Sub-goal postcondition of goal _parser___sequence_pattern'vc.
Prover result is: Valid (0.01s, 7503 steps).

File "/home/fabrice/git/pycsl/scratchpad/.pycsl_ir6cbmf_.mlw", line 3241, characters 15-39:
Sub-goal postcondition of goal _parser___sequence_pattern'vc.
Prover result is: Valid (0.02s, 95849 steps).

File "/home/fabrice/git/pycsl/scratchpad/.pycsl_ir6cbmf_.mlw", line 3307, characters 9-28:
Sub-goal precondition of goal _parser__closed_pattern'vc.
Prover result is: Valid (0.01s, 5295 steps).

File "/home/fabrice/git/pycsl/scratchpad/.pycsl_ir6cbmf_.mlw", line 3309, characters 28-103:
Sub-goal precondition of goal _parser__closed_pattern'vc.
Prover result is: Valid (0.01s, 6562 steps).

File "/home/fabrice/git/pycsl/scratchpad/.pycsl_ir6cbmf_.mlw", line 3310, characters 44-75:
Sub-goal precondition of goal _parser__closed_pattern'vc.
Prover result is: Valid (0.00s, 6656 steps).

File "/home/fabrice/git/pycsl/scratchpad/.pycsl_ir6cbmf_.mlw", line 3293, characters 15-19:
Sub-goal postcondition of goal _parser__closed_pattern'vc.
Prover result is: Valid (0.01s, 6683 steps).

File "/home/fabrice/git/pycsl/scratchpad/.pycsl_ir6cbmf_.mlw", line 3294, characters 15-39:
Sub-goal postcondition of goal _parser__closed_pattern'vc.
Prover result is: Valid (0.00s, 6688 steps).

File "/home/fabrice/git/pycsl/scratchpad/.pycsl_ir6cbmf_.mlw", line 3313, characters 46-69:
Sub-goal precondition of goal _parser__closed_pattern'vc.
Prover result is: Valid (0.01s, 34905 steps).

File "/home/fabrice/git/pycsl/scratchpad/.pycsl_ir6cbmf_.mlw", line 3293, characters 15-19:
Sub-goal postcondition of goal _parser__closed_pattern'vc.
Prover result is: Valid (0.01s, 6719 steps).

File "/home/fabrice/git/pycsl/scratchpad/.pycsl_ir6cbmf_.mlw", line 3294, characters 15-39:
Sub-goal postcondition of goal _parser__closed_pattern'vc.
Prover result is: Valid (0.01s, 6724 steps).

File "/home/fabrice/git/pycsl/scratchpad/.pycsl_ir6cbmf_.mlw", line 3318, characters 20-43:
Sub-goal precondition of goal _parser__closed_pattern'vc.
Prover result is: Valid (0.01s, 6737 steps).

File "/home/fabrice/git/pycsl/scratchpad/.pycsl_ir6cbmf_.mlw", line 3293, characters 15-19:
Sub-goal postcondition of goal _parser__closed_pattern'vc.
Prover result is: Valid (0.00s, 6862 steps).

File "/home/fabrice/git/pycsl/scratchpad/.pycsl_ir6cbmf_.mlw", line 3294, characters 15-39:
Sub-goal postcondition of goal _parser__closed_pattern'vc.
Prover result is: Valid (0.01s, 6867 steps).

File "/home/fabrice/git/pycsl/scratchpad/.pycsl_ir6cbmf_.mlw", line 3322, characters 112-118:
Sub-goal unreachable point of goal _parser__closed_pattern'vc.
Prover result is: Valid (0.01s, 7024 steps).

File "/home/fabrice/git/pycsl/scratchpad/.pycsl_ir6cbmf_.mlw", line 3324, characters 19-41:
Sub-goal precondition of goal _parser__closed_pattern'vc.
Prover result is: Valid (0.01s, 12558 steps).

File "/home/fabrice/git/pycsl/scratchpad/.pycsl_ir6cbmf_.mlw", line 3326, characters 52-81:
Sub-goal precondition of goal _parser__closed_pattern'vc.
Prover result is: Valid (0.01s, 12619 steps).

File "/home/fabrice/git/pycsl/scratchpad/.pycsl_ir6cbmf_.mlw", line 3293, characters 15-19:
Sub-goal postcondition of goal _parser__closed_pattern'vc.
Prover result is: Valid (0.01s, 12646 steps).

File "/home/fabrice/git/pycsl/scratchpad/.pycsl_ir6cbmf_.mlw", line 3294, characters 15-39:
Sub-goal postcondition of goal _parser__closed_pattern'vc.
Prover result is: Valid (0.01s, 12651 steps).

File "/home/fabrice/git/pycsl/scratchpad/.pycsl_ir6cbmf_.mlw", line 3329, characters 73-79:
Sub-goal unreachable point of goal _parser__closed_pattern'vc.
Prover result is: Valid (0.01s, 6962 steps).

File "/home/fabrice/git/pycsl/scratchpad/.pycsl_ir6cbmf_.mlw", line 3332, characters 25-48:
Sub-goal precondition of goal _parser__closed_pattern'vc.
Prover result is: Valid (0.01s, 12718 steps).

File "/home/fabrice/git/pycsl/scratchpad/.pycsl_ir6cbmf_.mlw", line 3334, characters 24-47:
Sub-goal precondition of goal _parser__closed_pattern'vc.
Prover result is: Valid (0.01s, 12813 steps).

File "/home/fabrice/git/pycsl/scratchpad/.pycsl_ir6cbmf_.mlw", line 3340, characters 30-84:
Sub-goal loop invariant init of goal _parser__closed_pattern'vc.
Prover result is: Valid (0.05s, 301284 steps).

File "/home/fabrice/git/pycsl/scratchpad/.pycsl_ir6cbmf_.mlw", line 3341, characters 30-45:
Sub-goal loop invariant init of goal _parser__closed_pattern'vc.
Prover result is: Valid (0.01s, 57883 steps).

File "/home/fabrice/git/pycsl/scratchpad/.pycsl_ir6cbmf_.mlw", line 3339, characters 28-88:
Sub-goal type invariant of goal _parser__closed_pattern'vc.
Prover result is: Valid (0.01s, 13010 steps).

File "/home/fabrice/git/pycsl/scratchpad/.pycsl_ir6cbmf_.mlw", line 3339, characters 28-88:
Sub-goal type invariant of goal _parser__closed_pattern'vc.
Prover result is: Valid (0.01s, 13015 steps).

File "/home/fabrice/git/pycsl/scratchpad/.pycsl_ir6cbmf_.mlw", line 3339, characters 28-88:
Sub-goal type invariant of goal _parser__closed_pattern'vc.
Prover result is: Valid (0.04s, 229073 steps).

File "/home/fabrice/git/pycsl/scratchpad/.pycsl_ir6cbmf_.mlw", line 3339, characters 28-88:
Sub-goal type invariant of goal _parser__closed_pattern'vc.
Prover result is: Valid (0.04s, 235303 steps).

File "/home/fabrice/git/pycsl/scratchpad/.pycsl_ir6cbmf_.mlw", line 3339, characters 28-88:
Sub-goal precondition of goal _parser__closed_pattern'vc.
Prover result is: Valid (0.01s, 13025 steps).

File "/home/fabrice/git/pycsl/scratchpad/.pycsl_ir6cbmf_.mlw", line 3343, characters 49-72:
Sub-goal variant decrease of goal _parser__closed_pattern'vc.
Prover result is: Valid (6.58s, 5002723 steps).

File "/home/fabrice/git/pycsl/scratchpad/.pycsl_ir6cbmf_.mlw", line 3343, characters 49-72:
Sub-goal precondition of goal _parser__closed_pattern'vc.
Prover result is: Valid (0.01s, 13026 steps).

File "/home/fabrice/git/pycsl/scratchpad/.pycsl_ir6cbmf_.mlw", line 3344, characters 33-62:
Sub-goal precondition of goal _parser__closed_pattern'vc.
Prover result is: Valid (0.01s, 14339 steps).

File "/home/fabrice/git/pycsl/scratchpad/.pycsl_ir6cbmf_.mlw", line 3349, characters 33-62:
Sub-goal precondition of goal _parser__closed_pattern'vc.
Prover result is: Valid (0.01s, 14416 steps).

File "/home/fabrice/git/pycsl/scratchpad/.pycsl_ir6cbmf_.mlw", line 3293, characters 15-19:
Sub-goal postcondition of goal _parser__closed_pattern'vc.
Prover result is: Valid (0.01s, 14647 steps).

File "/home/fabrice/git/pycsl/scratchpad/.pycsl_ir6cbmf_.mlw", line 3294, characters 15-39:
Sub-goal postcondition of goal _parser__closed_pattern'vc.
Prover result is: Valid (0.04s, 238673 steps).

File "/home/fabrice/git/pycsl/scratchpad/.pycsl_ir6cbmf_.mlw", line 3342, characters 28-63:
Sub-goal loop variant decrease of goal _parser__closed_pattern'vc.
Prover result is: Valid (0.18s, 288 steps).

File "/home/fabrice/git/pycsl/scratchpad/.pycsl_ir6cbmf_.mlw", line 3340, characters 30-84:
Sub-goal loop invariant preservation of goal _parser__closed_pattern'vc.
Prover result is: Valid (0.16s, 510788 steps).

File "/home/fabrice/git/pycsl/scratchpad/.pycsl_ir6cbmf_.mlw", line 3341, characters 30-45:
Sub-goal loop invariant preservation of goal _parser__closed_pattern'vc.
Prover result is: Valid (0.04s, 236310 steps).

File "/home/fabrice/git/pycsl/scratchpad/.pycsl_ir6cbmf_.mlw", line 3349, characters 33-62:
Sub-goal precondition of goal _parser__closed_pattern'vc.
Prover result is: Valid (0.01s, 13061 steps).

File "/home/fabrice/git/pycsl/scratchpad/.pycsl_ir6cbmf_.mlw", line 3293, characters 15-19:
Sub-goal postcondition of goal _parser__closed_pattern'vc.
Prover result is: Valid (0.01s, 13823 steps).

File "/home/fabrice/git/pycsl/scratchpad/.pycsl_ir6cbmf_.mlw", line 3294, characters 15-39:
Sub-goal postcondition of goal _parser__closed_pattern'vc.
Prover result is: Valid (0.04s, 244957 steps).

File "/home/fabrice/git/pycsl/scratchpad/.pycsl_ir6cbmf_.mlw", line 3352, characters 24-47:
Sub-goal precondition of goal _parser__closed_pattern'vc.
Prover result is: Valid (0.01s, 12716 steps).

File "/home/fabrice/git/pycsl/scratchpad/.pycsl_ir6cbmf_.mlw", line 3293, characters 15-19:
Sub-goal postcondition of goal _parser__closed_pattern'vc.
Prover result is: Valid (0.01s, 12807 steps).

File "/home/fabrice/git/pycsl/scratchpad/.pycsl_ir6cbmf_.mlw", line 3294, characters 15-39:
Sub-goal postcondition of goal _parser__closed_pattern'vc.
Prover result is: Valid (0.01s, 12812 steps).

File "/home/fabrice/git/pycsl/scratchpad/.pycsl_ir6cbmf_.mlw", line 3293, characters 15-19:
Sub-goal postcondition of goal _parser__closed_pattern'vc.
Prover result is: Valid (0.01s, 12811 steps).

File "/home/fabrice/git/pycsl/scratchpad/.pycsl_ir6cbmf_.mlw", line 3294, characters 15-39:
Sub-goal postcondition of goal _parser__closed_pattern'vc.
Prover result is: Valid (0.01s, 12816 steps).

File "/home/fabrice/git/pycsl/scratchpad/.pycsl_ir6cbmf_.mlw", line 3362, characters 14-74:
Sub-goal precondition of goal _parser__closed_pattern'vc.
Prover result is: Valid (0.01s, 6786 steps).

File "/home/fabrice/git/pycsl/scratchpad/.pycsl_ir6cbmf_.mlw", line 3363, characters 34-78:
Sub-goal variant decrease of goal _parser__closed_pattern'vc.
Prover result is: Valid (0.01s, 78485 steps).

File "/home/fabrice/git/pycsl/scratchpad/.pycsl_ir6cbmf_.mlw", line 3363, characters 34-78:
Sub-goal precondition of goal _parser__closed_pattern'vc.
Prover result is: Valid (0.01s, 11428 steps).

File "/home/fabrice/git/pycsl/scratchpad/.pycsl_ir6cbmf_.mlw", line 3293, characters 15-19:
Sub-goal postcondition of goal _parser__closed_pattern'vc.
Prover result is: Valid (0.01s, 6837 steps).

File "/home/fabrice/git/pycsl/scratchpad/.pycsl_ir6cbmf_.mlw", line 3294, characters 15-39:
Sub-goal postcondition of goal _parser__closed_pattern'vc.
Prover result is: Valid (0.00s, 6842 steps).

File "/home/fabrice/git/pycsl/scratchpad/.pycsl_ir6cbmf_.mlw", line 3365, characters 16-76:
Sub-goal precondition of goal _parser__closed_pattern'vc.
Prover result is: Valid (0.01s, 6895 steps).

File "/home/fabrice/git/pycsl/scratchpad/.pycsl_ir6cbmf_.mlw", line 3366, characters 36-80:
Sub-goal variant decrease of goal _parser__closed_pattern'vc.
Prover result is: Valid (0.01s, 81804 steps).

File "/home/fabrice/git/pycsl/scratchpad/.pycsl_ir6cbmf_.mlw", line 3366, characters 36-80:
Sub-goal precondition of goal _parser__closed_pattern'vc.
Prover result is: Valid (0.01s, 11615 steps).

File "/home/fabrice/git/pycsl/scratchpad/.pycsl_ir6cbmf_.mlw", line 3293, characters 15-19:
Sub-goal postcondition of goal _parser__closed_pattern'vc.
Prover result is: Valid (0.00s, 6942 steps).

File "/home/fabrice/git/pycsl/scratchpad/.pycsl_ir6cbmf_.mlw", line 3294, characters 15-39:
Sub-goal postcondition of goal _parser__closed_pattern'vc.
Prover result is: Valid (0.01s, 6947 steps).

File "/home/fabrice/git/pycsl/scratchpad/.pycsl_ir6cbmf_.mlw", line 3368, characters 18-78:
Sub-goal precondition of goal _parser__closed_pattern'vc.
Prover result is: Valid (0.00s, 6998 steps).

File "/home/fabrice/git/pycsl/scratchpad/.pycsl_ir6cbmf_.mlw", line 3369, characters 73-79:
Sub-goal unreachable point of goal _parser__closed_pattern'vc.
Prover result is: Valid (0.01s, 3996 steps).

File "/home/fabrice/git/pycsl/scratchpad/.pycsl_ir6cbmf_.mlw", line 3371, characters 59-65:
Sub-goal unreachable point of goal _parser__closed_pattern'vc.
Prover result is: Valid (0.00s, 3985 steps).

File "/home/fabrice/git/pycsl/scratchpad/.pycsl_ir6cbmf_.mlw", line 3389, characters 9-28:
Sub-goal precondition of goal _parser__or_pattern'vc.
Prover result is: Valid (0.01s, 5295 steps).

File "/home/fabrice/git/pycsl/scratchpad/.pycsl_ir6cbmf_.mlw", line 3390, characters 13-43:
Sub-goal variant decrease of goal _parser__or_pattern'vc.
Prover result is: Valid (0.01s, 50585 steps).

File "/home/fabrice/git/pycsl/scratchpad/.pycsl_ir6cbmf_.mlw", line 3390, characters 13-43:
Sub-goal precondition of goal _parser__or_pattern'vc.
Prover result is: Valid (0.01s, 5473 steps).

File "/home/fabrice/git/pycsl/scratchpad/.pycsl_ir6cbmf_.mlw", line 3391, characters 8-68:
Sub-goal precondition of goal _parser__or_pattern'vc.
Prover result is: Valid (0.01s, 6476 steps).

File "/home/fabrice/git/pycsl/scratchpad/.pycsl_ir6cbmf_.mlw", line 3396, characters 20-74:
Sub-goal loop invariant init of goal _parser__or_pattern'vc.
Prover result is: Valid (0.02s, 87041 steps).

File "/home/fabrice/git/pycsl/scratchpad/.pycsl_ir6cbmf_.mlw", line 3397, characters 20-35:
Sub-goal loop invariant init of goal _parser__or_pattern'vc.
Prover result is: Valid (0.01s, 26573 steps).

File "/home/fabrice/git/pycsl/scratchpad/.pycsl_ir6cbmf_.mlw", line 3395, characters 19-48:
Sub-goal type invariant of goal _parser__or_pattern'vc.
Prover result is: Valid (0.00s, 7146 steps).

File "/home/fabrice/git/pycsl/scratchpad/.pycsl_ir6cbmf_.mlw", line 3395, characters 19-48:
Sub-goal type invariant of goal _parser__or_pattern'vc.
Prover result is: Valid (0.00s, 7153 steps).

File "/home/fabrice/git/pycsl/scratchpad/.pycsl_ir6cbmf_.mlw", line 3395, characters 19-48:
Sub-goal type invariant of goal _parser__or_pattern'vc.
Prover result is: Valid (0.01s, 85403 steps).

File "/home/fabrice/git/pycsl/scratchpad/.pycsl_ir6cbmf_.mlw", line 3395, characters 19-48:
Sub-goal type invariant of goal _parser__or_pattern'vc.
Prover result is: Valid (0.02s, 86473 steps).

File "/home/fabrice/git/pycsl/scratchpad/.pycsl_ir6cbmf_.mlw", line 3395, characters 19-48:
Sub-goal precondition of goal _parser__or_pattern'vc.
Prover result is: Valid (0.01s, 7161 steps).

File "/home/fabrice/git/pycsl/scratchpad/.pycsl_ir6cbmf_.mlw", line 3399, characters 31-61:
Sub-goal variant decrease of goal _parser__or_pattern'vc.
Prover result is: Valid (0.02s, 89393 steps).

File "/home/fabrice/git/pycsl/scratchpad/.pycsl_ir6cbmf_.mlw", line 3399, characters 31-61:
Sub-goal precondition of goal _parser__or_pattern'vc.
Prover result is: Valid (0.01s, 7229 steps).

File "/home/fabrice/git/pycsl/scratchpad/.pycsl_ir6cbmf_.mlw", line 3398, characters 18-53:
Sub-goal loop variant decrease of goal _parser__or_pattern'vc.
Prover result is: Valid (0.02s, 116884 steps).

File "/home/fabrice/git/pycsl/scratchpad/.pycsl_ir6cbmf_.mlw", line 3396, characters 20-74:
Sub-goal loop invariant preservation of goal _parser__or_pattern'vc.
Prover result is: Valid (0.02s, 100435 steps).

File "/home/fabrice/git/pycsl/scratchpad/.pycsl_ir6cbmf_.mlw", line 3397, characters 20-35:
Sub-goal loop invariant preservation of goal _parser__or_pattern'vc.
Prover result is: Valid (0.02s, 97354 steps).

File "/home/fabrice/git/pycsl/scratchpad/.pycsl_ir6cbmf_.mlw", line 3380, characters 15-19:
Sub-goal postcondition of goal _parser__or_pattern'vc.
Prover result is: Valid (0.01s, 7435 steps).

File "/home/fabrice/git/pycsl/scratchpad/.pycsl_ir6cbmf_.mlw", line 3381, characters 15-39:
Sub-goal postcondition of goal _parser__or_pattern'vc.
Prover result is: Valid (0.02s, 88840 steps).

File "/home/fabrice/git/pycsl/scratchpad/.pycsl_ir6cbmf_.mlw", line 3380, characters 15-19:
Sub-goal postcondition of goal _parser__or_pattern'vc.
Prover result is: Valid (0.00s, 6508 steps).

File "/home/fabrice/git/pycsl/scratchpad/.pycsl_ir6cbmf_.mlw", line 3381, characters 15-39:
Sub-goal postcondition of goal _parser__or_pattern'vc.
Prover result is: Valid (0.01s, 6513 steps).

File "/home/fabrice/git/pycsl/scratchpad/.pycsl_ir6cbmf_.mlw", line 3416, characters 9-28:
Sub-goal precondition of goal _parser__pattern'vc.
Prover result is: Valid (0.00s, 5295 steps).

File "/home/fabrice/git/pycsl/scratchpad/.pycsl_ir6cbmf_.mlw", line 3417, characters 18-44:
Sub-goal variant decrease of goal _parser__pattern'vc.
Prover result is: Valid (0.01s, 50585 steps).

File "/home/fabrice/git/pycsl/scratchpad/.pycsl_ir6cbmf_.mlw", line 3417, characters 18-44:
Sub-goal precondition of goal _parser__pattern'vc.
Prover result is: Valid (0.00s, 5473 steps).

File "/home/fabrice/git/pycsl/scratchpad/.pycsl_ir6cbmf_.mlw", line 3418, characters 8-69:
Sub-goal precondition of goal _parser__pattern'vc.
Prover result is: Valid (0.01s, 6485 steps).

File "/home/fabrice/git/pycsl/scratchpad/.pycsl_ir6cbmf_.mlw", line 3419, characters 14-37:
Sub-goal precondition of goal _parser__pattern'vc.
Prover result is: Valid (0.00s, 6519 steps).

File "/home/fabrice/git/pycsl/scratchpad/.pycsl_ir6cbmf_.mlw", line 3420, characters 53-87:
Sub-goal precondition of goal _parser__pattern'vc.
Prover result is: Valid (0.01s, 6605 steps).

File "/home/fabrice/git/pycsl/scratchpad/.pycsl_ir6cbmf_.mlw", line 3408, characters 15-19:
Sub-goal postcondition of goal _parser__pattern'vc.
Prover result is: Valid (0.01s, 6631 steps).

File "/home/fabrice/git/pycsl/scratchpad/.pycsl_ir6cbmf_.mlw", line 3409, characters 15-39:
Sub-goal postcondition of goal _parser__pattern'vc.
Prover result is: Valid (0.02s, 76418 steps).

File "/home/fabrice/git/pycsl/scratchpad/.pycsl_ir6cbmf_.mlw", line 3408, characters 15-19:
Sub-goal postcondition of goal _parser__pattern'vc.
Prover result is: Valid (0.00s, 6517 steps).

File "/home/fabrice/git/pycsl/scratchpad/.pycsl_ir6cbmf_.mlw", line 3409, characters 15-39:
Sub-goal postcondition of goal _parser__pattern'vc.
Prover result is: Valid (0.00s, 6522 steps).

File "/home/fabrice/git/pycsl/scratchpad/.pycsl_ir6cbmf_.mlw", line 3426, characters 22-75:
Sub-goal goal of goal _parser___sequence_pattern__union_arm_Arm_12_0_inj.
Prover result is: Valid (0.00s, 5290 steps).

File "/home/fabrice/git/pycsl/scratchpad/.pycsl_ir6cbmf_.mlw", line 3428, characters 72-77:
Sub-goal goal of goal _parser___sequence_pattern__union_arm_Arm_12_0_proj.
Prover result is: Valid (0.00s, 5285 steps).

File "/home/fabrice/git/pycsl/scratchpad/.pycsl_ir6cbmf_.mlw", line 3440, characters 9-32:
Sub-goal precondition of goal _parser__type_alias_stmt'vc.
Prover result is: Valid (0.00s, 5295 steps).

File "/home/fabrice/git/pycsl/scratchpad/.pycsl_ir6cbmf_.mlw", line 3441, characters 15-40:
Sub-goal precondition of goal _parser__type_alias_stmt'vc.
Prover result is: Valid (0.00s, 5470 steps).

File "/home/fabrice/git/pycsl/scratchpad/.pycsl_ir6cbmf_.mlw", line 3444, characters 8-68:
Sub-goal precondition of goal _parser__type_alias_stmt'vc.
Prover result is: Valid (0.00s, 6494 steps).

File "/home/fabrice/git/pycsl/scratchpad/.pycsl_ir6cbmf_.mlw", line 3445, characters 31-65:
Sub-goal precondition of goal _parser__type_alias_stmt'vc.
Prover result is: Valid (0.00s, 6608 steps).

File "/home/fabrice/git/pycsl/scratchpad/.pycsl_ir6cbmf_.mlw", line 3447, characters 12-41:
Sub-goal precondition of goal _parser__type_alias_stmt'vc.
Prover result is: Valid (0.01s, 7435 steps).

File "/home/fabrice/git/pycsl/scratchpad/.pycsl_ir6cbmf_.mlw", line 3448, characters 13-33:
Sub-goal precondition of goal _parser__type_alias_stmt'vc.
Prover result is: Valid (0.01s, 7471 steps).

File "/home/fabrice/git/pycsl/scratchpad/.pycsl_ir6cbmf_.mlw", line 3432, characters 15-19:
Sub-goal postcondition of goal _parser__type_alias_stmt'vc.
Prover result is: Valid (0.00s, 7706 steps).

File "/home/fabrice/git/pycsl/scratchpad/.pycsl_ir6cbmf_.mlw", line 3433, characters 15-38:
Sub-goal postcondition of goal _parser__type_alias_stmt'vc.
Prover result is: Valid (0.02s, 90319 steps).

File "/home/fabrice/git/pycsl/scratchpad/.pycsl_ir6cbmf_.mlw", line 3447, characters 12-41:
Sub-goal precondition of goal _parser__type_alias_stmt'vc.
Prover result is: Valid (0.01s, 6606 steps).

File "/home/fabrice/git/pycsl/scratchpad/.pycsl_ir6cbmf_.mlw", line 3448, characters 13-33:
Sub-goal precondition of goal _parser__type_alias_stmt'vc.
Prover result is: Valid (0.01s, 6640 steps).

File "/home/fabrice/git/pycsl/scratchpad/.pycsl_ir6cbmf_.mlw", line 3432, characters 15-19:
Sub-goal postcondition of goal _parser__type_alias_stmt'vc.
Prover result is: Valid (0.01s, 7409 steps).

File "/home/fabrice/git/pycsl/scratchpad/.pycsl_ir6cbmf_.mlw", line 3433, characters 15-38:
Sub-goal postcondition of goal _parser__type_alias_stmt'vc.
Prover result is: Valid (0.01s, 85459 steps).

File "/home/fabrice/git/pycsl/scratchpad/.pycsl_ir6cbmf_.mlw", line 3461, characters 9-32:
Sub-goal precondition of goal _parser__while_stmt'vc.
Prover result is: Valid (0.00s, 5295 steps).

File "/home/fabrice/git/pycsl/scratchpad/.pycsl_ir6cbmf_.mlw", line 3462, characters 12-42:
Sub-goal precondition of goal _parser__while_stmt'vc.
Prover result is: Valid (0.01s, 5470 steps).

File "/home/fabrice/git/pycsl/scratchpad/.pycsl_ir6cbmf_.mlw", line 3463, characters 12-41:
Sub-goal precondition of goal _parser__while_stmt'vc.
Prover result is: Valid (0.01s, 5510 steps).

File "/home/fabrice/git/pycsl/scratchpad/.pycsl_ir6cbmf_.mlw", line 3464, characters 29-50:
Sub-goal variant decrease of goal _parser__while_stmt'vc.
Prover result is: Valid (0.02s, 54141 steps).

File "/home/fabrice/git/pycsl/scratchpad/.pycsl_ir6cbmf_.mlw", line 3464, characters 29-50:
Sub-goal precondition of goal _parser__while_stmt'vc.
Prover result is: Valid (0.00s, 5546 steps).

File "/home/fabrice/git/pycsl/scratchpad/.pycsl_ir6cbmf_.mlw", line 3465, characters 31-58:
Sub-goal variant decrease of goal _parser__while_stmt'vc.
Prover result is: Valid (0.01s, 60712 steps).

File "/home/fabrice/git/pycsl/scratchpad/.pycsl_ir6cbmf_.mlw", line 3465, characters 31-58:
Sub-goal precondition of goal _parser__while_stmt'vc.
Prover result is: Valid (0.01s, 6041 steps).

File "/home/fabrice/git/pycsl/scratchpad/.pycsl_ir6cbmf_.mlw", line 3453, characters 15-19:
Sub-goal postcondition of goal _parser__while_stmt'vc.
Prover result is: Valid (0.01s, 6377 steps).

File "/home/fabrice/git/pycsl/scratchpad/.pycsl_ir6cbmf_.mlw", line 3454, characters 15-39:
Sub-goal postcondition of goal _parser__while_stmt'vc.
Prover result is: Valid (0.01s, 62222 steps).

File "/home/fabrice/git/pycsl/scratchpad/.pycsl_ir6cbmf_.mlw", line 3455, characters 15-38:
Sub-goal postcondition of goal _parser__while_stmt'vc.
Prover result is: Valid (0.01s, 62259 steps).

File "/home/fabrice/git/pycsl/scratchpad/.pycsl_ir6cbmf_.mlw", line 3479, characters 9-32:
Sub-goal precondition of goal _parser__try_stmt'vc.
Prover result is: Valid (0.00s, 5295 steps).

File "/home/fabrice/git/pycsl/scratchpad/.pycsl_ir6cbmf_.mlw", line 3480, characters 12-41:
Sub-goal precondition of goal _parser__try_stmt'vc.
Prover result is: Valid (0.01s, 5470 steps).

File "/home/fabrice/git/pycsl/scratchpad/.pycsl_ir6cbmf_.mlw", line 3481, characters 29-50:
Sub-goal variant decrease of goal _parser__try_stmt'vc.
Prover result is: Valid (0.01s, 53799 steps).

File "/home/fabrice/git/pycsl/scratchpad/.pycsl_ir6cbmf_.mlw", line 3481, characters 29-50:
Sub-goal precondition of goal _parser__try_stmt'vc.
Prover result is: Valid (0.01s, 5504 steps).

File "/home/fabrice/git/pycsl/scratchpad/.pycsl_ir6cbmf_.mlw", line 3489, characters 18-72:
Sub-goal loop invariant init of goal _parser__try_stmt'vc.
Prover result is: Valid (0.01s, 60076 steps).

File "/home/fabrice/git/pycsl/scratchpad/.pycsl_ir6cbmf_.mlw", line 3490, characters 18-34:
Sub-goal loop invariant init of goal _parser__try_stmt'vc.
Prover result is: Valid (0.01s, 16043 steps).

File "/home/fabrice/git/pycsl/scratchpad/.pycsl_ir6cbmf_.mlw", line 3488, characters 11-76:
Sub-goal type invariant of goal _parser__try_stmt'vc.
Prover result is: Valid (0.00s, 7352 steps).

File "/home/fabrice/git/pycsl/scratchpad/.pycsl_ir6cbmf_.mlw", line 3488, characters 11-76:
Sub-goal type invariant of goal _parser__try_stmt'vc.
Prover result is: Valid (0.00s, 7359 steps).

File "/home/fabrice/git/pycsl/scratchpad/.pycsl_ir6cbmf_.mlw", line 3488, characters 11-76:
Sub-goal type invariant of goal _parser__try_stmt'vc.
Prover result is: Valid (0.02s, 74722 steps).

File "/home/fabrice/git/pycsl/scratchpad/.pycsl_ir6cbmf_.mlw", line 3488, characters 11-76:
Sub-goal type invariant of goal _parser__try_stmt'vc.
Prover result is: Valid (0.02s, 76804 steps).

File "/home/fabrice/git/pycsl/scratchpad/.pycsl_ir6cbmf_.mlw", line 3488, characters 11-76:
Sub-goal precondition of goal _parser__try_stmt'vc.
Prover result is: Valid (0.01s, 7367 steps).

File "/home/fabrice/git/pycsl/scratchpad/.pycsl_ir6cbmf_.mlw", line 3492, characters 12-35:
Sub-goal precondition of goal _parser__try_stmt'vc.
Prover result is: Valid (0.01s, 7483 steps).

File "/home/fabrice/git/pycsl/scratchpad/.pycsl_ir6cbmf_.mlw", line 3493, characters 16-45:
Sub-goal precondition of goal _parser__try_stmt'vc.
Prover result is: Valid (0.01s, 7552 steps).

File "/home/fabrice/git/pycsl/scratchpad/.pycsl_ir6cbmf_.mlw", line 3498, characters 15-75:
Sub-goal precondition of goal _parser__try_stmt'vc.
Prover result is: Valid (0.01s, 7708 steps).

File "/home/fabrice/git/pycsl/scratchpad/.pycsl_ir6cbmf_.mlw", line 3499, characters 25-45:
Sub-goal precondition of goal _parser__try_stmt'vc.
Prover result is: Valid (0.00s, 7709 steps).

File "/home/fabrice/git/pycsl/scratchpad/.pycsl_ir6cbmf_.mlw", line 3500, characters 18-48:
Sub-goal precondition of goal _parser__try_stmt'vc.
Prover result is: Valid (0.01s, 7760 steps).

File "/home/fabrice/git/pycsl/scratchpad/.pycsl_ir6cbmf_.mlw", line 3501, characters 28-53:
Sub-goal precondition of goal _parser__try_stmt'vc.
Prover result is: Valid (0.01s, 7824 steps).

File "/home/fabrice/git/pycsl/scratchpad/.pycsl_ir6cbmf_.mlw", line 3504, characters 14-43:
Sub-goal precondition of goal _parser__try_stmt'vc.
Prover result is: Valid (0.01s, 7874 steps).

File "/home/fabrice/git/pycsl/scratchpad/.pycsl_ir6cbmf_.mlw", line 3505, characters 32-53:
Sub-goal variant decrease of goal _parser__try_stmt'vc.
Prover result is: Valid (0.02s, 100664 steps).

File "/home/fabrice/git/pycsl/scratchpad/.pycsl_ir6cbmf_.mlw", line 3505, characters 32-53:
Sub-goal precondition of goal _parser__try_stmt'vc.
Prover result is: Valid (0.01s, 7910 steps).

File "/home/fabrice/git/pycsl/scratchpad/.pycsl_ir6cbmf_.mlw", line 3491, characters 16-51:
Sub-goal loop variant decrease of goal _parser__try_stmt'vc.
Prover result is: Valid (0.02s, 113601 steps).

File "/home/fabrice/git/pycsl/scratchpad/.pycsl_ir6cbmf_.mlw", line 3489, characters 18-72:
Sub-goal loop invariant preservation of goal _parser__try_stmt'vc.
Prover result is: Valid (0.02s, 120368 steps).

File "/home/fabrice/git/pycsl/scratchpad/.pycsl_ir6cbmf_.mlw", line 3490, characters 18-34:
Sub-goal loop invariant preservation of goal _parser__try_stmt'vc.
Prover result is: Valid (0.02s, 110545 steps).

File "/home/fabrice/git/pycsl/scratchpad/.pycsl_ir6cbmf_.mlw", line 3504, characters 14-43:
Sub-goal precondition of goal _parser__try_stmt'vc.
Prover result is: Valid (0.01s, 7837 steps).

File "/home/fabrice/git/pycsl/scratchpad/.pycsl_ir6cbmf_.mlw", line 3505, characters 32-53:
Sub-goal variant decrease of goal _parser__try_stmt'vc.
Prover result is: Valid (0.02s, 99725 steps).

File "/home/fabrice/git/pycsl/scratchpad/.pycsl_ir6cbmf_.mlw", line 3505, characters 32-53:
Sub-goal precondition of goal _parser__try_stmt'vc.
Prover result is: Valid (0.00s, 7873 steps).

File "/home/fabrice/git/pycsl/scratchpad/.pycsl_ir6cbmf_.mlw", line 3491, characters 16-51:
Sub-goal loop variant decrease of goal _parser__try_stmt'vc.
Prover result is: Valid (0.02s, 112589 steps).

File "/home/fabrice/git/pycsl/scratchpad/.pycsl_ir6cbmf_.mlw", line 3489, characters 18-72:
Sub-goal loop invariant preservation of goal _parser__try_stmt'vc.
Prover result is: Valid (0.02s, 117868 steps).

File "/home/fabrice/git/pycsl/scratchpad/.pycsl_ir6cbmf_.mlw", line 3490, characters 18-34:
Sub-goal loop invariant preservation of goal _parser__try_stmt'vc.
Prover result is: Valid (0.02s, 109652 steps).

File "/home/fabrice/git/pycsl/scratchpad/.pycsl_ir6cbmf_.mlw", line 3504, characters 14-43:
Sub-goal precondition of goal _parser__try_stmt'vc.
Prover result is: Valid (0.01s, 7742 steps).

File "/home/fabrice/git/pycsl/scratchpad/.pycsl_ir6cbmf_.mlw", line 3505, characters 32-53:
Sub-goal variant decrease of goal _parser__try_stmt'vc.
Prover result is: Valid (0.02s, 98223 steps).

File "/home/fabrice/git/pycsl/scratchpad/.pycsl_ir6cbmf_.mlw", line 3505, characters 32-53:
Sub-goal precondition of goal _parser__try_stmt'vc.
Prover result is: Valid (0.00s, 7776 steps).

File "/home/fabrice/git/pycsl/scratchpad/.pycsl_ir6cbmf_.mlw", line 3491, characters 16-51:
Sub-goal loop variant decrease of goal _parser__try_stmt'vc.
Prover result is: Valid (0.02s, 110971 steps).

File "/home/fabrice/git/pycsl/scratchpad/.pycsl_ir6cbmf_.mlw", line 3489, characters 18-72:
Sub-goal loop invariant preservation of goal _parser__try_stmt'vc.
Prover result is: Valid (0.02s, 114966 steps).

File "/home/fabrice/git/pycsl/scratchpad/.pycsl_ir6cbmf_.mlw", line 3490, characters 18-34:
Sub-goal loop invariant preservation of goal _parser__try_stmt'vc.
Prover result is: Valid (0.02s, 108223 steps).

File "/home/fabrice/git/pycsl/scratchpad/.pycsl_ir6cbmf_.mlw", line 3498, characters 15-75:
Sub-goal precondition of goal _parser__try_stmt'vc.
Prover result is: Valid (0.01s, 7714 steps).

File "/home/fabrice/git/pycsl/scratchpad/.pycsl_ir6cbmf_.mlw", line 3499, characters 25-45:
Sub-goal precondition of goal _parser__try_stmt'vc.
Prover result is: Valid (0.00s, 7715 steps).

File "/home/fabrice/git/pycsl/scratchpad/.pycsl_ir6cbmf_.mlw", line 3500, characters 18-48:
Sub-goal precondition of goal _parser__try_stmt'vc.
Prover result is: Valid (0.01s, 7766 steps).

File "/home/fabrice/git/pycsl/scratchpad/.pycsl_ir6cbmf_.mlw", line 3501, characters 28-53:
Sub-goal precondition of goal _parser__try_stmt'vc.
Prover result is: Valid (0.01s, 7832 steps).

File "/home/fabrice/git/pycsl/scratchpad/.pycsl_ir6cbmf_.mlw", line 3504, characters 14-43:
Sub-goal precondition of goal _parser__try_stmt'vc.
Prover result is: Valid (0.01s, 7882 steps).

File "/home/fabrice/git/pycsl/scratchpad/.pycsl_ir6cbmf_.mlw", line 3505, characters 32-53:
Sub-goal variant decrease of goal _parser__try_stmt'vc.
Prover result is: Valid (0.02s, 100585 steps).

File "/home/fabrice/git/pycsl/scratchpad/.pycsl_ir6cbmf_.mlw", line 3505, characters 32-53:
Sub-goal precondition of goal _parser__try_stmt'vc.
Prover result is: Valid (0.01s, 7918 steps).

File "/home/fabrice/git/pycsl/scratchpad/.pycsl_ir6cbmf_.mlw", line 3491, characters 16-51:
Sub-goal loop variant decrease of goal _parser__try_stmt'vc.
Prover result is: Valid (0.02s, 113522 steps).

File "/home/fabrice/git/pycsl/scratchpad/.pycsl_ir6cbmf_.mlw", line 3489, characters 18-72:
Sub-goal loop invariant preservation of goal _parser__try_stmt'vc.
Prover result is: Valid (0.02s, 120289 steps).

File "/home/fabrice/git/pycsl/scratchpad/.pycsl_ir6cbmf_.mlw", line 3490, characters 18-34:
Sub-goal loop invariant preservation of goal _parser__try_stmt'vc.
Prover result is: Valid (0.02s, 110464 steps).

File "/home/fabrice/git/pycsl/scratchpad/.pycsl_ir6cbmf_.mlw", line 3504, characters 14-43:
Sub-goal precondition of goal _parser__try_stmt'vc.
Prover result is: Valid (0.01s, 7843 steps).

File "/home/fabrice/git/pycsl/scratchpad/.pycsl_ir6cbmf_.mlw", line 3505, characters 32-53:
Sub-goal variant decrease of goal _parser__try_stmt'vc.
Prover result is: Valid (0.02s, 99644 steps).

File "/home/fabrice/git/pycsl/scratchpad/.pycsl_ir6cbmf_.mlw", line 3505, characters 32-53:
Sub-goal precondition of goal _parser__try_stmt'vc.
Prover result is: Valid (0.01s, 7879 steps).

File "/home/fabrice/git/pycsl/scratchpad/.pycsl_ir6cbmf_.mlw", line 3491, characters 16-51:
Sub-goal loop variant decrease of goal _parser__try_stmt'vc.
Prover result is: Valid (0.02s, 112508 steps).

File "/home/fabrice/git/pycsl/scratchpad/.pycsl_ir6cbmf_.mlw", line 3489, characters 18-72:
Sub-goal loop invariant preservation of goal _parser__try_stmt'vc.
Prover result is: Valid (0.02s, 117787 steps).

File "/home/fabrice/git/pycsl/scratchpad/.pycsl_ir6cbmf_.mlw", line 3490, characters 18-34:
Sub-goal loop invariant preservation of goal _parser__try_stmt'vc.
Prover result is: Valid (0.02s, 109569 steps).

File "/home/fabrice/git/pycsl/scratchpad/.pycsl_ir6cbmf_.mlw", line 3504, characters 14-43:
Sub-goal precondition of goal _parser__try_stmt'vc.
Prover result is: Valid (0.01s, 7748 steps).

File "/home/fabrice/git/pycsl/scratchpad/.pycsl_ir6cbmf_.mlw", line 3505, characters 32-53:
Sub-goal variant decrease of goal _parser__try_stmt'vc.
Prover result is: Valid (0.02s, 98142 steps).

File "/home/fabrice/git/pycsl/scratchpad/.pycsl_ir6cbmf_.mlw", line 3505, characters 32-53:
Sub-goal precondition of goal _parser__try_stmt'vc.
Prover result is: Valid (0.01s, 7782 steps).

File "/home/fabrice/git/pycsl/scratchpad/.pycsl_ir6cbmf_.mlw", line 3491, characters 16-51:
Sub-goal loop variant decrease of goal _parser__try_stmt'vc.
Prover result is: Valid (0.02s, 110890 steps).

File "/home/fabrice/git/pycsl/scratchpad/.pycsl_ir6cbmf_.mlw", line 3489, characters 18-72:
Sub-goal loop invariant preservation of goal _parser__try_stmt'vc.
Prover result is: Valid (0.02s, 114885 steps).

File "/home/fabrice/git/pycsl/scratchpad/.pycsl_ir6cbmf_.mlw", line 3490, characters 18-34:
Sub-goal loop invariant preservation of goal _parser__try_stmt'vc.
Prover result is: Valid (0.02s, 108140 steps).

File "/home/fabrice/git/pycsl/scratchpad/.pycsl_ir6cbmf_.mlw", line 3508, characters 8-71:
Sub-goal precondition of goal _parser__try_stmt'vc.
Prover result is: Valid (0.00s, 7568 steps).

File "/home/fabrice/git/pycsl/scratchpad/.pycsl_ir6cbmf_.mlw", line 3509, characters 14-37:
Sub-goal precondition of goal _parser__try_stmt'vc.
Prover result is: Valid (0.01s, 7594 steps).

File "/home/fabrice/git/pycsl/scratchpad/.pycsl_ir6cbmf_.mlw", line 3510, characters 14-43:
Sub-goal precondition of goal _parser__try_stmt'vc.
Prover result is: Valid (0.01s, 7663 steps).

File "/home/fabrice/git/pycsl/scratchpad/.pycsl_ir6cbmf_.mlw", line 3511, characters 26-47:
Sub-goal variant decrease of goal _parser__try_stmt'vc.
Prover result is: Valid (0.02s, 96648 steps).

File "/home/fabrice/git/pycsl/scratchpad/.pycsl_ir6cbmf_.mlw", line 3511, characters 26-47:
Sub-goal precondition of goal _parser__try_stmt'vc.
Prover result is: Valid (0.01s, 7697 steps).

File "/home/fabrice/git/pycsl/scratchpad/.pycsl_ir6cbmf_.mlw", line 3513, characters 8-74:
Sub-goal precondition of goal _parser__try_stmt'vc.
Prover result is: Valid (0.00s, 7869 steps).

File "/home/fabrice/git/pycsl/scratchpad/.pycsl_ir6cbmf_.mlw", line 3514, characters 14-37:
Sub-goal precondition of goal _parser__try_stmt'vc.
Prover result is: Valid (0.00s, 7903 steps).

File "/home/fabrice/git/pycsl/scratchpad/.pycsl_ir6cbmf_.mlw", line 3515, characters 14-43:
Sub-goal precondition of goal _parser__try_stmt'vc.
Prover result is: Valid (0.01s, 7970 steps).

File "/home/fabrice/git/pycsl/scratchpad/.pycsl_ir6cbmf_.mlw", line 3516, characters 29-50:
Sub-goal variant decrease of goal _parser__try_stmt'vc.
Prover result is: Valid (0.02s, 102063 steps).

File "/home/fabrice/git/pycsl/scratchpad/.pycsl_ir6cbmf_.mlw", line 3516, characters 29-50:
Sub-goal precondition of goal _parser__try_stmt'vc.
Prover result is: Valid (0.00s, 8004 steps).

File "/home/fabrice/git/pycsl/scratchpad/.pycsl_ir6cbmf_.mlw", line 3469, characters 15-19:
Sub-goal postcondition of goal _parser__try_stmt'vc.
Prover result is: Valid (0.01s, 8740 steps).

File "/home/fabrice/git/pycsl/scratchpad/.pycsl_ir6cbmf_.mlw", line 3470, characters 15-38:
Sub-goal postcondition of goal _parser__try_stmt'vc.
Prover result is: Valid (0.02s, 105581 steps).

File "/home/fabrice/git/pycsl/scratchpad/.pycsl_ir6cbmf_.mlw", line 3469, characters 15-19:
Sub-goal postcondition of goal _parser__try_stmt'vc.
Prover result is: Valid (0.01s, 8564 steps).

File "/home/fabrice/git/pycsl/scratchpad/.pycsl_ir6cbmf_.mlw", line 3470, characters 15-38:
Sub-goal postcondition of goal _parser__try_stmt'vc.
Prover result is: Valid (0.02s, 103120 steps).

File "/home/fabrice/git/pycsl/scratchpad/.pycsl_ir6cbmf_.mlw", line 3513, characters 8-74:
Sub-goal precondition of goal _parser__try_stmt'vc.
Prover result is: Valid (0.00s, 7677 steps).

File "/home/fabrice/git/pycsl/scratchpad/.pycsl_ir6cbmf_.mlw", line 3514, characters 14-37:
Sub-goal precondition of goal _parser__try_stmt'vc.
Prover result is: Valid (0.01s, 7697 steps).

File "/home/fabrice/git/pycsl/scratchpad/.pycsl_ir6cbmf_.mlw", line 3515, characters 14-43:
Sub-goal precondition of goal _parser__try_stmt'vc.
Prover result is: Valid (0.00s, 7766 steps).

File "/home/fabrice/git/pycsl/scratchpad/.pycsl_ir6cbmf_.mlw", line 3516, characters 29-50:
Sub-goal variant decrease of goal _parser__try_stmt'vc.
Prover result is: Valid (0.02s, 97941 steps).

File "/home/fabrice/git/pycsl/scratchpad/.pycsl_ir6cbmf_.mlw", line 3516, characters 29-50:
Sub-goal precondition of goal _parser__try_stmt'vc.
Prover result is: Valid (0.01s, 7800 steps).

File "/home/fabrice/git/pycsl/scratchpad/.pycsl_ir6cbmf_.mlw", line 3469, characters 15-19:
Sub-goal postcondition of goal _parser__try_stmt'vc.
Prover result is: Valid (0.01s, 8550 steps).

File "/home/fabrice/git/pycsl/scratchpad/.pycsl_ir6cbmf_.mlw", line 3470, characters 15-38:
Sub-goal postcondition of goal _parser__try_stmt'vc.
Prover result is: Valid (0.02s, 102938 steps).

File "/home/fabrice/git/pycsl/scratchpad/.pycsl_ir6cbmf_.mlw", line 3469, characters 15-19:
Sub-goal postcondition of goal _parser__try_stmt'vc.
Prover result is: Valid (0.01s, 8380 steps).

File "/home/fabrice/git/pycsl/scratchpad/.pycsl_ir6cbmf_.mlw", line 3470, characters 15-38:
Sub-goal postcondition of goal _parser__try_stmt'vc.
Prover result is: Valid (0.02s, 97383 steps).

File "/home/fabrice/git/pycsl/scratchpad/.pycsl_ir6cbmf_.mlw", line 3528, characters 13-78:
Sub-goal precondition of goal _parser__case_block'vc.
Prover result is: Valid (0.00s, 6271 steps).

File "/home/fabrice/git/pycsl/scratchpad/.pycsl_ir6cbmf_.mlw", line 3529, characters 75-81:
Sub-goal unreachable point of goal _parser__case_block'vc.
Prover result is: Valid (0.00s, 3597 steps).

File "/home/fabrice/git/pycsl/scratchpad/.pycsl_ir6cbmf_.mlw", line 3531, characters 12-35:
Sub-goal precondition of goal _parser__case_block'vc.
Prover result is: Valid (0.01s, 6280 steps).

File "/home/fabrice/git/pycsl/scratchpad/.pycsl_ir6cbmf_.mlw", line 3532, characters 11-34:
Sub-goal precondition of goal _parser__case_block'vc.
Prover result is: Valid (0.00s, 6455 steps).

File "/home/fabrice/git/pycsl/scratchpad/.pycsl_ir6cbmf_.mlw", line 3534, characters 8-69:
Sub-goal precondition of goal _parser__case_block'vc.
Prover result is: Valid (0.01s, 6569 steps).

File "/home/fabrice/git/pycsl/scratchpad/.pycsl_ir6cbmf_.mlw", line 3535, characters 14-37:
Sub-goal precondition of goal _parser__case_block'vc.
Prover result is: Valid (0.01s, 6683 steps).

File "/home/fabrice/git/pycsl/scratchpad/.pycsl_ir6cbmf_.mlw", line 3536, characters 25-55:
Sub-goal precondition of goal _parser__case_block'vc.
Prover result is: Valid (0.01s, 6752 steps).

File "/home/fabrice/git/pycsl/scratchpad/.pycsl_ir6cbmf_.mlw", line 3538, characters 12-41:
Sub-goal precondition of goal _parser__case_block'vc.
Prover result is: Valid (0.00s, 6801 steps).

File "/home/fabrice/git/pycsl/scratchpad/.pycsl_ir6cbmf_.mlw", line 3539, characters 29-50:
Sub-goal variant decrease of goal _parser__case_block'vc.
Prover result is: Valid (0.02s, 84498 steps).

File "/home/fabrice/git/pycsl/scratchpad/.pycsl_ir6cbmf_.mlw", line 3539, characters 29-50:
Sub-goal precondition of goal _parser__case_block'vc.
Prover result is: Valid (0.00s, 6837 steps).

File "/home/fabrice/git/pycsl/scratchpad/.pycsl_ir6cbmf_.mlw", line 3522, characters 15-19:
Sub-goal postcondition of goal _parser__case_block'vc.
Prover result is: Valid (0.00s, 7888 steps).

File "/home/fabrice/git/pycsl/scratchpad/.pycsl_ir6cbmf_.mlw", line 3523, characters 15-38:
Sub-goal postcondition of goal _parser__case_block'vc.
Prover result is: Valid (0.01s, 95014 steps).

File "/home/fabrice/git/pycsl/scratchpad/.pycsl_ir6cbmf_.mlw", line 3538, characters 12-41:
Sub-goal precondition of goal _parser__case_block'vc.
Prover result is: Valid (0.01s, 6681 steps).

File "/home/fabrice/git/pycsl/scratchpad/.pycsl_ir6cbmf_.mlw", line 3539, characters 29-50:
Sub-goal variant decrease of goal _parser__case_block'vc.
Prover result is: Valid (0.02s, 82088 steps).

File "/home/fabrice/git/pycsl/scratchpad/.pycsl_ir6cbmf_.mlw", line 3539, characters 29-50:
Sub-goal precondition of goal _parser__case_block'vc.
Prover result is: Valid (0.01s, 6715 steps).

File "/home/fabrice/git/pycsl/scratchpad/.pycsl_ir6cbmf_.mlw", line 3522, characters 15-19:
Sub-goal postcondition of goal _parser__case_block'vc.
Prover result is: Valid (0.01s, 7737 steps).

File "/home/fabrice/git/pycsl/scratchpad/.pycsl_ir6cbmf_.mlw", line 3523, characters 15-38:
Sub-goal postcondition of goal _parser__case_block'vc.
Prover result is: Valid (0.02s, 93367 steps).

File "/home/fabrice/git/pycsl/scratchpad/.pycsl_ir6cbmf_.mlw", line 3551, characters 9-32:
Sub-goal precondition of goal _parser__match_stmt'vc.
Prover result is: Valid (0.01s, 5295 steps).

File "/home/fabrice/git/pycsl/scratchpad/.pycsl_ir6cbmf_.mlw", line 3552, characters 15-45:
Sub-goal precondition of goal _parser__match_stmt'vc.
Prover result is: Valid (0.01s, 5470 steps).

File "/home/fabrice/git/pycsl/scratchpad/.pycsl_ir6cbmf_.mlw", line 3553, characters 12-41:
Sub-goal precondition of goal _parser__match_stmt'vc.
Prover result is: Valid (0.00s, 5497 steps).

File "/home/fabrice/git/pycsl/scratchpad/.pycsl_ir6cbmf_.mlw", line 3554, characters 21-40:
Sub-goal precondition of goal _parser__match_stmt'vc.
Prover result is: Valid (0.00s, 5533 steps).

File "/home/fabrice/git/pycsl/scratchpad/.pycsl_ir6cbmf_.mlw", line 3555, characters 76-82:
Sub-goal unreachable point of goal _parser__match_stmt'vc.
Prover result is: Valid (0.00s, 3276 steps).

File "/home/fabrice/git/pycsl/scratchpad/.pycsl_ir6cbmf_.mlw", line 3557, characters 12-35:
Sub-goal precondition of goal _parser__match_stmt'vc.
Prover result is: Valid (0.00s, 5628 steps).

File "/home/fabrice/git/pycsl/scratchpad/.pycsl_ir6cbmf_.mlw", line 3558, characters 21-40:
Sub-goal precondition of goal _parser__match_stmt'vc.
Prover result is: Valid (0.01s, 5697 steps).

File "/home/fabrice/git/pycsl/scratchpad/.pycsl_ir6cbmf_.mlw", line 3559, characters 80-86:
Sub-goal unreachable point of goal _parser__match_stmt'vc.
Prover result is: Valid (0.00s, 3324 steps).

File "/home/fabrice/git/pycsl/scratchpad/.pycsl_ir6cbmf_.mlw", line 3561, characters 12-35:
Sub-goal precondition of goal _parser__match_stmt'vc.
Prover result is: Valid (0.00s, 5710 steps).

File "/home/fabrice/git/pycsl/scratchpad/.pycsl_ir6cbmf_.mlw", line 3567, characters 18-72:
Sub-goal loop invariant init of goal _parser__match_stmt'vc.
Prover result is: Valid (0.01s, 58400 steps).

File "/home/fabrice/git/pycsl/scratchpad/.pycsl_ir6cbmf_.mlw", line 3568, characters 18-34:
Sub-goal loop invariant init of goal _parser__match_stmt'vc.
Prover result is: Valid (0.00s, 15435 steps).

File "/home/fabrice/git/pycsl/scratchpad/.pycsl_ir6cbmf_.mlw", line 3566, characters 24-43:
Sub-goal type invariant of goal _parser__match_stmt'vc.
Prover result is: Valid (0.00s, 5818 steps).

File "/home/fabrice/git/pycsl/scratchpad/.pycsl_ir6cbmf_.mlw", line 3566, characters 24-43:
Sub-goal type invariant of goal _parser__match_stmt'vc.
Prover result is: Valid (0.00s, 5823 steps).

File "/home/fabrice/git/pycsl/scratchpad/.pycsl_ir6cbmf_.mlw", line 3566, characters 24-43:
Sub-goal type invariant of goal _parser__match_stmt'vc.
Prover result is: Valid (0.02s, 60184 steps).

File "/home/fabrice/git/pycsl/scratchpad/.pycsl_ir6cbmf_.mlw", line 3566, characters 24-43:
Sub-goal type invariant of goal _parser__match_stmt'vc.
Prover result is: Valid (0.01s, 61253 steps).

File "/home/fabrice/git/pycsl/scratchpad/.pycsl_ir6cbmf_.mlw", line 3566, characters 24-43:
Sub-goal precondition of goal _parser__match_stmt'vc.
Prover result is: Valid (0.00s, 5833 steps).

File "/home/fabrice/git/pycsl/scratchpad/.pycsl_ir6cbmf_.mlw", line 3571, characters 23-42:
Sub-goal precondition of goal _parser__match_stmt'vc.
Prover result is: Valid (0.00s, 5854 steps).

File "/home/fabrice/git/pycsl/scratchpad/.pycsl_ir6cbmf_.mlw", line 3572, characters 16-39:
Sub-goal precondition of goal _parser__match_stmt'vc.
Prover result is: Valid (0.01s, 5863 steps).

File "/home/fabrice/git/pycsl/scratchpad/.pycsl_ir6cbmf_.mlw", line 3569, characters 16-51:
Sub-goal loop variant decrease of goal _parser__match_stmt'vc.
Prover result is: Valid (0.02s, 70175 steps).

File "/home/fabrice/git/pycsl/scratchpad/.pycsl_ir6cbmf_.mlw", line 3567, characters 18-72:
Sub-goal loop invariant preservation of goal _parser__match_stmt'vc.
Prover result is: Valid (0.01s, 67812 steps).

File "/home/fabrice/git/pycsl/scratchpad/.pycsl_ir6cbmf_.mlw", line 3568, characters 18-34:
Sub-goal loop invariant preservation of goal _parser__match_stmt'vc.
Prover result is: Valid (0.02s, 63888 steps).

File "/home/fabrice/git/pycsl/scratchpad/.pycsl_ir6cbmf_.mlw", line 3575, characters 23-42:
Sub-goal precondition of goal _parser__match_stmt'vc.
Prover result is: Valid (0.00s, 5867 steps).

File "/home/fabrice/git/pycsl/scratchpad/.pycsl_ir6cbmf_.mlw", line 3582, characters 21-40:
Sub-goal precondition of goal _parser__match_stmt'vc.
Prover result is: Valid (0.00s, 5872 steps).

File "/home/fabrice/git/pycsl/scratchpad/.pycsl_ir6cbmf_.mlw", line 3583, characters 14-37:
Sub-goal precondition of goal _parser__match_stmt'vc.
Prover result is: Valid (0.00s, 5877 steps).

File "/home/fabrice/git/pycsl/scratchpad/.pycsl_ir6cbmf_.mlw", line 3586, characters 89-95:
Sub-goal unreachable point of goal _parser__match_stmt'vc.
Prover result is: Valid (0.00s, 3507 steps).

File "/home/fabrice/git/pycsl/scratchpad/.pycsl_ir6cbmf_.mlw", line 3543, characters 15-19:
Sub-goal postcondition of goal _parser__match_stmt'vc.
Prover result is: Valid (0.00s, 6243 steps).

File "/home/fabrice/git/pycsl/scratchpad/.pycsl_ir6cbmf_.mlw", line 3544, characters 15-38:
Sub-goal postcondition of goal _parser__match_stmt'vc.
Prover result is: Valid (0.00s, 6256 steps).

File "/home/fabrice/git/pycsl/scratchpad/.pycsl_ir6cbmf_.mlw", line 3586, characters 89-95:
Sub-goal unreachable point of goal _parser__match_stmt'vc.
Prover result is: Valid (0.00s, 3470 steps).

File "/home/fabrice/git/pycsl/scratchpad/.pycsl_ir6cbmf_.mlw", line 3543, characters 15-19:
Sub-goal postcondition of goal _parser__match_stmt'vc.
Prover result is: Valid (0.01s, 6180 steps).

File "/home/fabrice/git/pycsl/scratchpad/.pycsl_ir6cbmf_.mlw", line 3544, characters 15-38:
Sub-goal postcondition of goal _parser__match_stmt'vc.
Prover result is: Valid (0.01s, 64179 steps).

File "/home/fabrice/git/pycsl/scratchpad/.pycsl_ir6cbmf_.mlw", line 3578, characters 31-57:
Sub-goal variant decrease of goal _parser__match_stmt'vc.
Prover result is: Valid (0.01s, 64235 steps).

File "/home/fabrice/git/pycsl/scratchpad/.pycsl_ir6cbmf_.mlw", line 3578, characters 31-57:
Sub-goal precondition of goal _parser__match_stmt'vc.
Prover result is: Valid (0.00s, 5876 steps).

File "/home/fabrice/git/pycsl/scratchpad/.pycsl_ir6cbmf_.mlw", line 3569, characters 16-51:
Sub-goal loop variant decrease of goal _parser__match_stmt'vc.
Prover result is: Valid (0.02s, 67453 steps).

File "/home/fabrice/git/pycsl/scratchpad/.pycsl_ir6cbmf_.mlw", line 3567, characters 18-72:
Sub-goal loop invariant preservation of goal _parser__match_stmt'vc.
Prover result is: Valid (0.02s, 72546 steps).

File "/home/fabrice/git/pycsl/scratchpad/.pycsl_ir6cbmf_.mlw", line 3568, characters 18-34:
Sub-goal loop invariant preservation of goal _parser__match_stmt'vc.
Prover result is: Valid (0.01s, 67739 steps).

File "/home/fabrice/git/pycsl/scratchpad/.pycsl_ir6cbmf_.mlw", line 3582, characters 21-40:
Sub-goal precondition of goal _parser__match_stmt'vc.
Prover result is: Valid (0.00s, 5850 steps).

File "/home/fabrice/git/pycsl/scratchpad/.pycsl_ir6cbmf_.mlw", line 3583, characters 14-37:
Sub-goal precondition of goal _parser__match_stmt'vc.
Prover result is: Valid (0.01s, 5863 steps).

File "/home/fabrice/git/pycsl/scratchpad/.pycsl_ir6cbmf_.mlw", line 3586, characters 89-95:
Sub-goal unreachable point of goal _parser__match_stmt'vc.
Prover result is: Valid (0.00s, 3497 steps).

File "/home/fabrice/git/pycsl/scratchpad/.pycsl_ir6cbmf_.mlw", line 3543, characters 15-19:
Sub-goal postcondition of goal _parser__match_stmt'vc.
Prover result is: Valid (0.00s, 6229 steps).

File "/home/fabrice/git/pycsl/scratchpad/.pycsl_ir6cbmf_.mlw", line 3544, characters 15-38:
Sub-goal postcondition of goal _parser__match_stmt'vc.
Prover result is: Valid (0.02s, 60076 steps).

File "/home/fabrice/git/pycsl/scratchpad/.pycsl_ir6cbmf_.mlw", line 3586, characters 89-95:
Sub-goal unreachable point of goal _parser__match_stmt'vc.
Prover result is: Valid (0.01s, 3460 steps).

File "/home/fabrice/git/pycsl/scratchpad/.pycsl_ir6cbmf_.mlw", line 3543, characters 15-19:
Sub-goal postcondition of goal _parser__match_stmt'vc.
Prover result is: Valid (0.00s, 6166 steps).

File "/home/fabrice/git/pycsl/scratchpad/.pycsl_ir6cbmf_.mlw", line 3544, characters 15-38:
Sub-goal postcondition of goal _parser__match_stmt'vc.
Prover result is: Valid (0.00s, 6179 steps).

File "/home/fabrice/git/pycsl/scratchpad/.pycsl_ir6cbmf_.mlw", line 3599, characters 8-71:
Sub-goal precondition of goal _parser___if_tail'vc.
Prover result is: Valid (0.01s, 6271 steps).

File "/home/fabrice/git/pycsl/scratchpad/.pycsl_ir6cbmf_.mlw", line 3600, characters 11-34:
Sub-goal precondition of goal _parser___if_tail'vc.
Prover result is: Valid (0.00s, 6472 steps).

File "/home/fabrice/git/pycsl/scratchpad/.pycsl_ir6cbmf_.mlw", line 3601, characters 14-44:
Sub-goal precondition of goal _parser___if_tail'vc.
Prover result is: Valid (0.00s, 6558 steps).

File "/home/fabrice/git/pycsl/scratchpad/.pycsl_ir6cbmf_.mlw", line 3602, characters 14-43:
Sub-goal precondition of goal _parser___if_tail'vc.
Prover result is: Valid (0.01s, 6598 steps).

File "/home/fabrice/git/pycsl/scratchpad/.pycsl_ir6cbmf_.mlw", line 3603, characters 31-52:
Sub-goal variant decrease of goal _parser___if_tail'vc.
Prover result is: Valid (0.02s, 78116 steps).

File "/home/fabrice/git/pycsl/scratchpad/.pycsl_ir6cbmf_.mlw", line 3603, characters 31-52:
Sub-goal precondition of goal _parser___if_tail'vc.
Prover result is: Valid (0.00s, 6634 steps).

File "/home/fabrice/git/pycsl/scratchpad/.pycsl_ir6cbmf_.mlw", line 3604, characters 33-57:
Sub-goal variant decrease of goal _parser___if_tail'vc.
Prover result is: Valid (0.02s, 90421 steps).

File "/home/fabrice/git/pycsl/scratchpad/.pycsl_ir6cbmf_.mlw", line 3604, characters 33-57:
Sub-goal precondition of goal _parser___if_tail'vc.
Prover result is: Valid (0.01s, 7463 steps).

File "/home/fabrice/git/pycsl/scratchpad/.pycsl_ir6cbmf_.mlw", line 3591, characters 15-19:
Sub-goal postcondition of goal _parser___if_tail'vc.
Prover result is: Valid (0.00s, 7916 steps).

File "/home/fabrice/git/pycsl/scratchpad/.pycsl_ir6cbmf_.mlw", line 3592, characters 15-39:
Sub-goal postcondition of goal _parser___if_tail'vc.
Prover result is: Valid (0.02s, 96036 steps).

File "/home/fabrice/git/pycsl/scratchpad/.pycsl_ir6cbmf_.mlw", line 3607, characters 10-73:
Sub-goal precondition of goal _parser___if_tail'vc.
Prover result is: Valid (0.01s, 6557 steps).

File "/home/fabrice/git/pycsl/scratchpad/.pycsl_ir6cbmf_.mlw", line 3608, characters 16-39:
Sub-goal precondition of goal _parser___if_tail'vc.
Prover result is: Valid (0.00s, 6583 steps).

File "/home/fabrice/git/pycsl/scratchpad/.pycsl_ir6cbmf_.mlw", line 3609, characters 16-45:
Sub-goal precondition of goal _parser___if_tail'vc.
Prover result is: Valid (0.00s, 6669 steps).

File "/home/fabrice/git/pycsl/scratchpad/.pycsl_ir6cbmf_.mlw", line 3610, characters 39-60:
Sub-goal variant decrease of goal _parser___if_tail'vc.
Prover result is: Valid (0.02s, 81809 steps).

File "/home/fabrice/git/pycsl/scratchpad/.pycsl_ir6cbmf_.mlw", line 3610, characters 39-60:
Sub-goal precondition of goal _parser___if_tail'vc.
Prover result is: Valid (0.00s, 6703 steps).

File "/home/fabrice/git/pycsl/scratchpad/.pycsl_ir6cbmf_.mlw", line 3591, characters 15-19:
Sub-goal postcondition of goal _parser___if_tail'vc.
Prover result is: Valid (0.00s, 7588 steps).

File "/home/fabrice/git/pycsl/scratchpad/.pycsl_ir6cbmf_.mlw", line 3592, characters 15-39:
Sub-goal postcondition of goal _parser___if_tail'vc.
Prover result is: Valid (0.02s, 91626 steps).

File "/home/fabrice/git/pycsl/scratchpad/.pycsl_ir6cbmf_.mlw", line 3591, characters 15-19:
Sub-goal postcondition of goal _parser___if_tail'vc.
Prover result is: Valid (0.01s, 7371 steps).

File "/home/fabrice/git/pycsl/scratchpad/.pycsl_ir6cbmf_.mlw", line 3592, characters 15-39:
Sub-goal postcondition of goal _parser___if_tail'vc.
Prover result is: Valid (0.01s, 7376 steps).

File "/home/fabrice/git/pycsl/scratchpad/.pycsl_ir6cbmf_.mlw", line 3626, characters 9-32:
Sub-goal precondition of goal _parser__if_stmt'vc.
Prover result is: Valid (0.01s, 5295 steps).

File "/home/fabrice/git/pycsl/scratchpad/.pycsl_ir6cbmf_.mlw", line 3627, characters 12-42:
Sub-goal precondition of goal _parser__if_stmt'vc.
Prover result is: Valid (0.00s, 5470 steps).

File "/home/fabrice/git/pycsl/scratchpad/.pycsl_ir6cbmf_.mlw", line 3628, characters 12-41:
Sub-goal precondition of goal _parser__if_stmt'vc.
Prover result is: Valid (0.00s, 5510 steps).

File "/home/fabrice/git/pycsl/scratchpad/.pycsl_ir6cbmf_.mlw", line 3629, characters 29-50:
Sub-goal variant decrease of goal _parser__if_stmt'vc.
Prover result is: Valid (0.01s, 54141 steps).

File "/home/fabrice/git/pycsl/scratchpad/.pycsl_ir6cbmf_.mlw", line 3629, characters 29-50:
Sub-goal precondition of goal _parser__if_stmt'vc.
Prover result is: Valid (0.00s, 5546 steps).

File "/home/fabrice/git/pycsl/scratchpad/.pycsl_ir6cbmf_.mlw", line 3630, characters 31-55:
Sub-goal variant decrease of goal _parser__if_stmt'vc.
Prover result is: Valid (0.02s, 60712 steps).

File "/home/fabrice/git/pycsl/scratchpad/.pycsl_ir6cbmf_.mlw", line 3630, characters 31-55:
Sub-goal precondition of goal _parser__if_stmt'vc.
Prover result is: Valid (0.00s, 6041 steps).

File "/home/fabrice/git/pycsl/scratchpad/.pycsl_ir6cbmf_.mlw", line 3618, characters 15-19:
Sub-goal postcondition of goal _parser__if_stmt'vc.
Prover result is: Valid (0.01s, 6377 steps).

File "/home/fabrice/git/pycsl/scratchpad/.pycsl_ir6cbmf_.mlw", line 3619, characters 15-39:
Sub-goal postcondition of goal _parser__if_stmt'vc.
Prover result is: Valid (0.02s, 62222 steps).

File "/home/fabrice/git/pycsl/scratchpad/.pycsl_ir6cbmf_.mlw", line 3620, characters 15-38:
Sub-goal postcondition of goal _parser__if_stmt'vc.
Prover result is: Valid (0.02s, 62259 steps).

File "/home/fabrice/git/pycsl/scratchpad/.pycsl_ir6cbmf_.mlw", line 3645, characters 18-72:
Sub-goal loop invariant init of goal _parser__decorated'vc.
Prover result is: Valid (0.01s, 49699 steps).

File "/home/fabrice/git/pycsl/scratchpad/.pycsl_ir6cbmf_.mlw", line 3646, characters 18-34:
Sub-goal loop invariant init of goal _parser__decorated'vc.
Prover result is: Valid (0.01s, 14098 steps).

File "/home/fabrice/git/pycsl/scratchpad/.pycsl_ir6cbmf_.mlw", line 3644, characters 11-71:
Sub-goal type invariant of goal _parser__decorated'vc.
Prover result is: Valid (0.01s, 6420 steps).

File "/home/fabrice/git/pycsl/scratchpad/.pycsl_ir6cbmf_.mlw", line 3644, characters 11-71:
Sub-goal type invariant of goal _parser__decorated'vc.
Prover result is: Valid (0.00s, 6427 steps).

File "/home/fabrice/git/pycsl/scratchpad/.pycsl_ir6cbmf_.mlw", line 3644, characters 11-71:
Sub-goal type invariant of goal _parser__decorated'vc.
Prover result is: Valid (0.01s, 66019 steps).

File "/home/fabrice/git/pycsl/scratchpad/.pycsl_ir6cbmf_.mlw", line 3644, characters 11-71:
Sub-goal type invariant of goal _parser__decorated'vc.
Prover result is: Valid (0.01s, 67822 steps).

File "/home/fabrice/git/pycsl/scratchpad/.pycsl_ir6cbmf_.mlw", line 3644, characters 11-71:
Sub-goal precondition of goal _parser__decorated'vc.
Prover result is: Valid (0.00s, 6435 steps).

File "/home/fabrice/git/pycsl/scratchpad/.pycsl_ir6cbmf_.mlw", line 3648, characters 14-37:
Sub-goal precondition of goal _parser__decorated'vc.
Prover result is: Valid (0.01s, 6551 steps).

File "/home/fabrice/git/pycsl/scratchpad/.pycsl_ir6cbmf_.mlw", line 3649, characters 41-71:
Sub-goal precondition of goal _parser__decorated'vc.
Prover result is: Valid (0.01s, 6622 steps).

File "/home/fabrice/git/pycsl/scratchpad/.pycsl_ir6cbmf_.mlw", line 3650, characters 23-42:
Sub-goal precondition of goal _parser__decorated'vc.
Prover result is: Valid (0.01s, 7944 steps).

File "/home/fabrice/git/pycsl/scratchpad/.pycsl_ir6cbmf_.mlw", line 3651, characters 16-39:
Sub-goal precondition of goal _parser__decorated'vc.
Prover result is: Valid (0.01s, 7959 steps).

File "/home/fabrice/git/pycsl/scratchpad/.pycsl_ir6cbmf_.mlw", line 3647, characters 16-51:
Sub-goal loop variant decrease of goal _parser__decorated'vc.
Prover result is: Valid (0.02s, 95888 steps).

File "/home/fabrice/git/pycsl/scratchpad/.pycsl_ir6cbmf_.mlw", line 3645, characters 18-72:
Sub-goal loop invariant preservation of goal _parser__decorated'vc.
Prover result is: Valid (0.02s, 98214 steps).

File "/home/fabrice/git/pycsl/scratchpad/.pycsl_ir6cbmf_.mlw", line 3646, characters 18-34:
Sub-goal loop invariant preservation of goal _parser__decorated'vc.
Prover result is: Valid (0.02s, 94799 steps).

File "/home/fabrice/git/pycsl/scratchpad/.pycsl_ir6cbmf_.mlw", line 3647, characters 16-51:
Sub-goal loop variant decrease of goal _parser__decorated'vc.
Prover result is: Valid (0.02s, 95644 steps).

File "/home/fabrice/git/pycsl/scratchpad/.pycsl_ir6cbmf_.mlw", line 3645, characters 18-72:
Sub-goal loop invariant preservation of goal _parser__decorated'vc.
Prover result is: Valid (0.02s, 97007 steps).

File "/home/fabrice/git/pycsl/scratchpad/.pycsl_ir6cbmf_.mlw", line 3646, characters 18-34:
Sub-goal loop invariant preservation of goal _parser__decorated'vc.
Prover result is: Valid (0.01s, 94144 steps).

File "/home/fabrice/git/pycsl/scratchpad/.pycsl_ir6cbmf_.mlw", line 3654, characters 8-70:
Sub-goal precondition of goal _parser__decorated'vc.
Prover result is: Valid (0.01s, 6636 steps).

File "/home/fabrice/git/pycsl/scratchpad/.pycsl_ir6cbmf_.mlw", line 3655, characters 28-107:
Sub-goal variant decrease of goal _parser__decorated'vc.
Prover result is: Valid (0.02s, 91403 steps).

File "/home/fabrice/git/pycsl/scratchpad/.pycsl_ir6cbmf_.mlw", line 3655, characters 28-107:
Sub-goal precondition of goal _parser__decorated'vc.
Prover result is: Valid (0.00s, 7455 steps).

File "/home/fabrice/git/pycsl/scratchpad/.pycsl_ir6cbmf_.mlw", line 3634, characters 15-19:
Sub-goal postcondition of goal _parser__decorated'vc.
Prover result is: Valid (0.00s, 7490 steps).

File "/home/fabrice/git/pycsl/scratchpad/.pycsl_ir6cbmf_.mlw", line 3635, characters 15-38:
Sub-goal postcondition of goal _parser__decorated'vc.
Prover result is: Valid (0.02s, 90285 steps).

File "/home/fabrice/git/pycsl/scratchpad/.pycsl_ir6cbmf_.mlw", line 3657, characters 10-74:
Sub-goal precondition of goal _parser__decorated'vc.
Prover result is: Valid (0.01s, 6747 steps).

File "/home/fabrice/git/pycsl/scratchpad/.pycsl_ir6cbmf_.mlw", line 3658, characters 30-88:
Sub-goal variant decrease of goal _parser__decorated'vc.
Prover result is: Valid (0.02s, 92365 steps).

File "/home/fabrice/git/pycsl/scratchpad/.pycsl_ir6cbmf_.mlw", line 3658, characters 30-88:
Sub-goal precondition of goal _parser__decorated'vc.
Prover result is: Valid (0.01s, 7560 steps).

File "/home/fabrice/git/pycsl/scratchpad/.pycsl_ir6cbmf_.mlw", line 3634, characters 15-19:
Sub-goal postcondition of goal _parser__decorated'vc.
Prover result is: Valid (0.00s, 7595 steps).

File "/home/fabrice/git/pycsl/scratchpad/.pycsl_ir6cbmf_.mlw", line 3635, characters 15-38:
Sub-goal postcondition of goal _parser__decorated'vc.
Prover result is: Valid (0.02s, 91100 steps).

File "/home/fabrice/git/pycsl/scratchpad/.pycsl_ir6cbmf_.mlw", line 3660, characters 12-76:
Sub-goal precondition of goal _parser__decorated'vc.
Prover result is: Valid (0.00s, 6852 steps).

File "/home/fabrice/git/pycsl/scratchpad/.pycsl_ir6cbmf_.mlw", line 3661, characters 18-41:
Sub-goal precondition of goal _parser__decorated'vc.
Prover result is: Valid (0.01s, 6872 steps).

File "/home/fabrice/git/pycsl/scratchpad/.pycsl_ir6cbmf_.mlw", line 3662, characters 18-49:
Sub-goal precondition of goal _parser__decorated'vc.
Prover result is: Valid (0.01s, 6943 steps).

File "/home/fabrice/git/pycsl/scratchpad/.pycsl_ir6cbmf_.mlw", line 3664, characters 32-111:
Sub-goal type invariant of goal _parser__decorated'vc.
Prover result is: Valid (0.02s, 92430 steps).

File "/home/fabrice/git/pycsl/scratchpad/.pycsl_ir6cbmf_.mlw", line 3664, characters 32-111:
Sub-goal type invariant of goal _parser__decorated'vc.
Prover result is: Valid (0.02s, 95586 steps).

File "/home/fabrice/git/pycsl/scratchpad/.pycsl_ir6cbmf_.mlw", line 3664, characters 32-111:
Sub-goal type invariant of goal _parser__decorated'vc.
Prover result is: Valid (0.02s, 92708 steps).

File "/home/fabrice/git/pycsl/scratchpad/.pycsl_ir6cbmf_.mlw", line 3664, characters 32-111:
Sub-goal type invariant of goal _parser__decorated'vc.
Prover result is: Valid (0.02s, 94229 steps).

File "/home/fabrice/git/pycsl/scratchpad/.pycsl_ir6cbmf_.mlw", line 3664, characters 32-111:
Sub-goal variant decrease of goal _parser__decorated'vc.
Prover result is: Valid (0.02s, 96930 steps).

File "/home/fabrice/git/pycsl/scratchpad/.pycsl_ir6cbmf_.mlw", line 3664, characters 32-111:
Sub-goal precondition of goal _parser__decorated'vc.
Prover result is: Valid (0.01s, 7799 steps).

File "/home/fabrice/git/pycsl/scratchpad/.pycsl_ir6cbmf_.mlw", line 3634, characters 15-19:
Sub-goal postcondition of goal _parser__decorated'vc.
Prover result is: Valid (0.00s, 7838 steps).

File "/home/fabrice/git/pycsl/scratchpad/.pycsl_ir6cbmf_.mlw", line 3635, characters 15-38:
Sub-goal postcondition of goal _parser__decorated'vc.
Prover result is: Valid (0.02s, 93311 steps).

File "/home/fabrice/git/pycsl/scratchpad/.pycsl_ir6cbmf_.mlw", line 3666, characters 93-99:
Sub-goal unreachable point of goal _parser__decorated'vc.
Prover result is: Valid (0.01s, 3926 steps).

File "/home/fabrice/git/pycsl/scratchpad/.pycsl_ir6cbmf_.mlw", line 3683, characters 9-28:
Sub-goal precondition of goal _parser__classdef'vc.
Prover result is: Valid (0.00s, 5304 steps).

File "/home/fabrice/git/pycsl/scratchpad/.pycsl_ir6cbmf_.mlw", line 3684, characters 12-45:
Sub-goal precondition of goal _parser__classdef'vc.
Prover result is: Valid (0.01s, 5482 steps).

File "/home/fabrice/git/pycsl/scratchpad/.pycsl_ir6cbmf_.mlw", line 3685, characters 12-37:
Sub-goal precondition of goal _parser__classdef'vc.
Prover result is: Valid (0.00s, 5516 steps).

File "/home/fabrice/git/pycsl/scratchpad/.pycsl_ir6cbmf_.mlw", line 3687, characters 8-68:
Sub-goal precondition of goal _parser__classdef'vc.
Prover result is: Valid (0.00s, 6533 steps).

File "/home/fabrice/git/pycsl/scratchpad/.pycsl_ir6cbmf_.mlw", line 3688, characters 31-65:
Sub-goal precondition of goal _parser__classdef'vc.
Prover result is: Valid (0.00s, 6567 steps).

File "/home/fabrice/git/pycsl/scratchpad/.pycsl_ir6cbmf_.mlw", line 3692, characters 14-43:
Sub-goal precondition of goal _parser__classdef'vc.
Prover result is: Valid (0.00s, 7387 steps).

File "/home/fabrice/git/pycsl/scratchpad/.pycsl_ir6cbmf_.mlw", line 3693, characters 38-68:
Sub-goal precondition of goal _parser__classdef'vc.
Prover result is: Valid (0.02s, 88633 steps).

File "/home/fabrice/git/pycsl/scratchpad/.pycsl_ir6cbmf_.mlw", line 3696, characters 14-43:
Sub-goal precondition of goal _parser__classdef'vc.
Prover result is: Valid (0.01s, 7492 steps).

File "/home/fabrice/git/pycsl/scratchpad/.pycsl_ir6cbmf_.mlw", line 3698, characters 12-41:
Sub-goal precondition of goal _parser__classdef'vc.
Prover result is: Valid (0.00s, 7528 steps).

File "/home/fabrice/git/pycsl/scratchpad/.pycsl_ir6cbmf_.mlw", line 3699, characters 29-50:
Sub-goal variant decrease of goal _parser__classdef'vc.
Prover result is: Valid (0.02s, 91033 steps).

File "/home/fabrice/git/pycsl/scratchpad/.pycsl_ir6cbmf_.mlw", line 3699, characters 29-50:
Sub-goal precondition of goal _parser__classdef'vc.
Prover result is: Valid (0.01s, 7564 steps).

File "/home/fabrice/git/pycsl/scratchpad/.pycsl_ir6cbmf_.mlw", line 3673, characters 15-19:
Sub-goal postcondition of goal _parser__classdef'vc.
Prover result is: Valid (0.00s, 8083 steps).

File "/home/fabrice/git/pycsl/scratchpad/.pycsl_ir6cbmf_.mlw", line 3674, characters 15-38:
Sub-goal postcondition of goal _parser__classdef'vc.
Prover result is: Valid (0.02s, 95143 steps).

File "/home/fabrice/git/pycsl/scratchpad/.pycsl_ir6cbmf_.mlw", line 3698, characters 12-41:
Sub-goal precondition of goal _parser__classdef'vc.
Prover result is: Valid (0.00s, 7464 steps).

File "/home/fabrice/git/pycsl/scratchpad/.pycsl_ir6cbmf_.mlw", line 3699, characters 29-50:
Sub-goal variant decrease of goal _parser__classdef'vc.
Prover result is: Valid (0.02s, 90979 steps).

File "/home/fabrice/git/pycsl/scratchpad/.pycsl_ir6cbmf_.mlw", line 3699, characters 29-50:
Sub-goal precondition of goal _parser__classdef'vc.
Prover result is: Valid (0.01s, 7500 steps).

File "/home/fabrice/git/pycsl/scratchpad/.pycsl_ir6cbmf_.mlw", line 3673, characters 15-19:
Sub-goal postcondition of goal _parser__classdef'vc.
Prover result is: Valid (0.01s, 8019 steps).

File "/home/fabrice/git/pycsl/scratchpad/.pycsl_ir6cbmf_.mlw", line 3674, characters 15-38:
Sub-goal postcondition of goal _parser__classdef'vc.
Prover result is: Valid (0.02s, 93570 steps).

File "/home/fabrice/git/pycsl/scratchpad/.pycsl_ir6cbmf_.mlw", line 3692, characters 14-43:
Sub-goal precondition of goal _parser__classdef'vc.
Prover result is: Valid (0.00s, 6643 steps).

File "/home/fabrice/git/pycsl/scratchpad/.pycsl_ir6cbmf_.mlw", line 3693, characters 38-68:
Sub-goal precondition of goal _parser__classdef'vc.
Prover result is: Valid (0.02s, 78137 steps).

File "/home/fabrice/git/pycsl/scratchpad/.pycsl_ir6cbmf_.mlw", line 3696, characters 14-43:
Sub-goal precondition of goal _parser__classdef'vc.
Prover result is: Valid (0.01s, 6746 steps).

File "/home/fabrice/git/pycsl/scratchpad/.pycsl_ir6cbmf_.mlw", line 3698, characters 12-41:
Sub-goal precondition of goal _parser__classdef'vc.
Prover result is: Valid (0.01s, 6782 steps).

File "/home/fabrice/git/pycsl/scratchpad/.pycsl_ir6cbmf_.mlw", line 3699, characters 29-50:
Sub-goal variant decrease of goal _parser__classdef'vc.
Prover result is: Valid (0.02s, 80555 steps).

File "/home/fabrice/git/pycsl/scratchpad/.pycsl_ir6cbmf_.mlw", line 3699, characters 29-50:
Sub-goal precondition of goal _parser__classdef'vc.
Prover result is: Valid (0.01s, 6818 steps).

File "/home/fabrice/git/pycsl/scratchpad/.pycsl_ir6cbmf_.mlw", line 3673, characters 15-19:
Sub-goal postcondition of goal _parser__classdef'vc.
Prover result is: Valid (0.01s, 7994 steps).

File "/home/fabrice/git/pycsl/scratchpad/.pycsl_ir6cbmf_.mlw", line 3674, characters 15-38:
Sub-goal postcondition of goal _parser__classdef'vc.
Prover result is: Valid (0.02s, 93443 steps).

File "/home/fabrice/git/pycsl/scratchpad/.pycsl_ir6cbmf_.mlw", line 3698, characters 12-41:
Sub-goal precondition of goal _parser__classdef'vc.
Prover result is: Valid (0.01s, 6718 steps).

File "/home/fabrice/git/pycsl/scratchpad/.pycsl_ir6cbmf_.mlw", line 3699, characters 29-50:
Sub-goal variant decrease of goal _parser__classdef'vc.
Prover result is: Valid (0.02s, 80209 steps).

File "/home/fabrice/git/pycsl/scratchpad/.pycsl_ir6cbmf_.mlw", line 3699, characters 29-50:
Sub-goal precondition of goal _parser__classdef'vc.
Prover result is: Valid (0.00s, 6754 steps).

File "/home/fabrice/git/pycsl/scratchpad/.pycsl_ir6cbmf_.mlw", line 3673, characters 15-19:
Sub-goal postcondition of goal _parser__classdef'vc.
Prover result is: Valid (0.01s, 7930 steps).

File "/home/fabrice/git/pycsl/scratchpad/.pycsl_ir6cbmf_.mlw", line 3674, characters 15-38:
Sub-goal postcondition of goal _parser__classdef'vc.
Prover result is: Valid (0.02s, 91760 steps).

File "/home/fabrice/git/pycsl/scratchpad/.pycsl_ir6cbmf_.mlw", line 3713, characters 9-32:
Sub-goal precondition of goal _parser__with_stmt'vc.
Prover result is: Valid (0.01s, 5295 steps).

File "/home/fabrice/git/pycsl/scratchpad/.pycsl_ir6cbmf_.mlw", line 3716, characters 13-73:
Sub-goal precondition of goal _parser__with_stmt'vc.
Prover result is: Valid (0.01s, 6451 steps).

File "/home/fabrice/git/pycsl/scratchpad/.pycsl_ir6cbmf_.mlw", line 3716, characters 84-119:
Sub-goal precondition of goal _parser__with_stmt'vc.
Prover result is: Valid (0.01s, 6563 steps).

File "/home/fabrice/git/pycsl/scratchpad/.pycsl_ir6cbmf_.mlw", line 3717, characters 14-37:
Sub-goal precondition of goal _parser__with_stmt'vc.
Prover result is: Valid (0.01s, 6613 steps).

File "/home/fabrice/git/pycsl/scratchpad/.pycsl_ir6cbmf_.mlw", line 3720, characters 29-55:
Sub-goal precondition of goal _parser__with_stmt'vc.
Prover result is: Valid (0.01s, 6687 steps).

File "/home/fabrice/git/pycsl/scratchpad/.pycsl_ir6cbmf_.mlw", line 3725, characters 18-72:
Sub-goal loop invariant init of goal _parser__with_stmt'vc.
Prover result is: Valid (0.01s, 98987 steps).

File "/home/fabrice/git/pycsl/scratchpad/.pycsl_ir6cbmf_.mlw", line 3726, characters 18-34:
Sub-goal loop invariant init of goal _parser__with_stmt'vc.
Prover result is: Valid (0.01s, 30497 steps).

File "/home/fabrice/git/pycsl/scratchpad/.pycsl_ir6cbmf_.mlw", line 3724, characters 17-46:
Sub-goal type invariant of goal _parser__with_stmt'vc.
Prover result is: Valid (0.01s, 8031 steps).

File "/home/fabrice/git/pycsl/scratchpad/.pycsl_ir6cbmf_.mlw", line 3724, characters 17-46:
Sub-goal type invariant of goal _parser__with_stmt'vc.
Prover result is: Valid (0.01s, 8038 steps).

File "/home/fabrice/git/pycsl/scratchpad/.pycsl_ir6cbmf_.mlw", line 3724, characters 17-46:
Sub-goal type invariant of goal _parser__with_stmt'vc.
Prover result is: Valid (0.02s, 96632 steps).

File "/home/fabrice/git/pycsl/scratchpad/.pycsl_ir6cbmf_.mlw", line 3724, characters 17-46:
Sub-goal type invariant of goal _parser__with_stmt'vc.
Prover result is: Valid (0.02s, 97868 steps).

File "/home/fabrice/git/pycsl/scratchpad/.pycsl_ir6cbmf_.mlw", line 3724, characters 17-46:
Sub-goal precondition of goal _parser__with_stmt'vc.
Prover result is: Valid (0.01s, 8046 steps).

File "/home/fabrice/git/pycsl/scratchpad/.pycsl_ir6cbmf_.mlw", line 3728, characters 40-100:
Sub-goal precondition of goal _parser__with_stmt'vc.
Prover result is: Valid (0.01s, 8210 steps).

File "/home/fabrice/git/pycsl/scratchpad/.pycsl_ir6cbmf_.mlw", line 3735, characters 14-43:
Sub-goal precondition of goal _parser__with_stmt'vc.
Prover result is: Valid (0.00s, 8320 steps).

File "/home/fabrice/git/pycsl/scratchpad/.pycsl_ir6cbmf_.mlw", line 3737, characters 12-41:
Sub-goal precondition of goal _parser__with_stmt'vc.
Prover result is: Valid (0.01s, 8354 steps).

File "/home/fabrice/git/pycsl/scratchpad/.pycsl_ir6cbmf_.mlw", line 3738, characters 29-50:
Sub-goal variant decrease of goal _parser__with_stmt'vc.
Prover result is: Valid (0.02s, 105539 steps).

File "/home/fabrice/git/pycsl/scratchpad/.pycsl_ir6cbmf_.mlw", line 3738, characters 29-50:
Sub-goal precondition of goal _parser__with_stmt'vc.
Prover result is: Valid (0.01s, 8390 steps).

File "/home/fabrice/git/pycsl/scratchpad/.pycsl_ir6cbmf_.mlw", line 3704, characters 15-19:
Sub-goal postcondition of goal _parser__with_stmt'vc.
Prover result is: Valid (0.01s, 9098 steps).

File "/home/fabrice/git/pycsl/scratchpad/.pycsl_ir6cbmf_.mlw", line 3705, characters 15-38:
Sub-goal postcondition of goal _parser__with_stmt'vc.
Prover result is: Valid (0.03s, 109550 steps).

File "/home/fabrice/git/pycsl/scratchpad/.pycsl_ir6cbmf_.mlw", line 3737, characters 12-41:
Sub-goal precondition of goal _parser__with_stmt'vc.
Prover result is: Valid (0.01s, 8318 steps).

File "/home/fabrice/git/pycsl/scratchpad/.pycsl_ir6cbmf_.mlw", line 3738, characters 29-50:
Sub-goal variant decrease of goal _parser__with_stmt'vc.
Prover result is: Valid (0.01s, 14280 steps).

File "/home/fabrice/git/pycsl/scratchpad/.pycsl_ir6cbmf_.mlw", line 3738, characters 29-50:
Sub-goal precondition of goal _parser__with_stmt'vc.
Prover result is: Valid (0.00s, 8352 steps).

File "/home/fabrice/git/pycsl/scratchpad/.pycsl_ir6cbmf_.mlw", line 3704, characters 15-19:
Sub-goal postcondition of goal _parser__with_stmt'vc.
Prover result is: Valid (0.01s, 9060 steps).

File "/home/fabrice/git/pycsl/scratchpad/.pycsl_ir6cbmf_.mlw", line 3705, characters 15-38:
Sub-goal postcondition of goal _parser__with_stmt'vc.
Prover result is: Valid (0.01s, 15341 steps).

File "/home/fabrice/git/pycsl/scratchpad/.pycsl_ir6cbmf_.mlw", line 3731, characters 31-57:
Sub-goal precondition of goal _parser__with_stmt'vc.
Prover result is: Valid (0.01s, 8311 steps).

File "/home/fabrice/git/pycsl/scratchpad/.pycsl_ir6cbmf_.mlw", line 3727, characters 16-51:
Sub-goal loop variant decrease of goal _parser__with_stmt'vc.
Prover result is: Valid (0.03s, 134057 steps).

File "/home/fabrice/git/pycsl/scratchpad/.pycsl_ir6cbmf_.mlw", line 3725, characters 18-72:
Sub-goal loop invariant preservation of goal _parser__with_stmt'vc.
Prover result is: Valid (0.02s, 105158 steps).

File "/home/fabrice/git/pycsl/scratchpad/.pycsl_ir6cbmf_.mlw", line 3726, characters 18-34:
Sub-goal loop invariant preservation of goal _parser__with_stmt'vc.
Prover result is: Valid (0.02s, 100849 steps).

File "/home/fabrice/git/pycsl/scratchpad/.pycsl_ir6cbmf_.mlw", line 3735, characters 14-43:
Sub-goal precondition of goal _parser__with_stmt'vc.
Prover result is: Valid (0.01s, 8134 steps).

File "/home/fabrice/git/pycsl/scratchpad/.pycsl_ir6cbmf_.mlw", line 3737, characters 12-41:
Sub-goal precondition of goal _parser__with_stmt'vc.
Prover result is: Valid (0.01s, 8170 steps).

File "/home/fabrice/git/pycsl/scratchpad/.pycsl_ir6cbmf_.mlw", line 3738, characters 29-50:
Sub-goal variant decrease of goal _parser__with_stmt'vc.
Prover result is: Valid (0.02s, 103264 steps).

File "/home/fabrice/git/pycsl/scratchpad/.pycsl_ir6cbmf_.mlw", line 3738, characters 29-50:
Sub-goal precondition of goal _parser__with_stmt'vc.
Prover result is: Valid (0.01s, 8206 steps).

File "/home/fabrice/git/pycsl/scratchpad/.pycsl_ir6cbmf_.mlw", line 3704, characters 15-19:
Sub-goal postcondition of goal _parser__with_stmt'vc.
Prover result is: Valid (0.01s, 8914 steps).

File "/home/fabrice/git/pycsl/scratchpad/.pycsl_ir6cbmf_.mlw", line 3705, characters 15-38:
Sub-goal postcondition of goal _parser__with_stmt'vc.
Prover result is: Valid (0.02s, 108156 steps).

File "/home/fabrice/git/pycsl/scratchpad/.pycsl_ir6cbmf_.mlw", line 3737, characters 12-41:
Sub-goal precondition of goal _parser__with_stmt'vc.
Prover result is: Valid (0.00s, 8130 steps).

File "/home/fabrice/git/pycsl/scratchpad/.pycsl_ir6cbmf_.mlw", line 3738, characters 29-50:
Sub-goal variant decrease of goal _parser__with_stmt'vc.
Prover result is: Valid (0.00s, 13960 steps).

File "/home/fabrice/git/pycsl/scratchpad/.pycsl_ir6cbmf_.mlw", line 3738, characters 29-50:
Sub-goal precondition of goal _parser__with_stmt'vc.
Prover result is: Valid (0.00s, 8166 steps).

File "/home/fabrice/git/pycsl/scratchpad/.pycsl_ir6cbmf_.mlw", line 3704, characters 15-19:
Sub-goal postcondition of goal _parser__with_stmt'vc.
Prover result is: Valid (0.01s, 8874 steps).

File "/home/fabrice/git/pycsl/scratchpad/.pycsl_ir6cbmf_.mlw", line 3705, characters 15-38:
Sub-goal postcondition of goal _parser__with_stmt'vc.
Prover result is: Valid (0.01s, 15021 steps).

File "/home/fabrice/git/pycsl/scratchpad/.pycsl_ir6cbmf_.mlw", line 3720, characters 29-55:
Sub-goal precondition of goal _parser__with_stmt'vc.
Prover result is: Valid (0.01s, 6611 steps).

File "/home/fabrice/git/pycsl/scratchpad/.pycsl_ir6cbmf_.mlw", line 3725, characters 18-72:
Sub-goal loop invariant init of goal _parser__with_stmt'vc.
Prover result is: Valid (0.02s, 101241 steps).

File "/home/fabrice/git/pycsl/scratchpad/.pycsl_ir6cbmf_.mlw", line 3726, characters 18-34:
Sub-goal loop invariant init of goal _parser__with_stmt'vc.
Prover result is: Valid (0.01s, 30121 steps).

File "/home/fabrice/git/pycsl/scratchpad/.pycsl_ir6cbmf_.mlw", line 3724, characters 17-46:
Sub-goal type invariant of goal _parser__with_stmt'vc.
Prover result is: Valid (0.01s, 7955 steps).

File "/home/fabrice/git/pycsl/scratchpad/.pycsl_ir6cbmf_.mlw", line 3724, characters 17-46:
Sub-goal type invariant of goal _parser__with_stmt'vc.
Prover result is: Valid (0.00s, 7962 steps).

File "/home/fabrice/git/pycsl/scratchpad/.pycsl_ir6cbmf_.mlw", line 3724, characters 17-46:
Sub-goal type invariant of goal _parser__with_stmt'vc.
Prover result is: Valid (0.02s, 99106 steps).

File "/home/fabrice/git/pycsl/scratchpad/.pycsl_ir6cbmf_.mlw", line 3724, characters 17-46:
Sub-goal type invariant of goal _parser__with_stmt'vc.
Prover result is: Valid (0.02s, 100267 steps).

File "/home/fabrice/git/pycsl/scratchpad/.pycsl_ir6cbmf_.mlw", line 3724, characters 17-46:
Sub-goal precondition of goal _parser__with_stmt'vc.
Prover result is: Valid (0.01s, 7970 steps).

File "/home/fabrice/git/pycsl/scratchpad/.pycsl_ir6cbmf_.mlw", line 3728, characters 40-100:
Sub-goal precondition of goal _parser__with_stmt'vc.
Prover result is: Valid (0.00s, 8134 steps).

File "/home/fabrice/git/pycsl/scratchpad/.pycsl_ir6cbmf_.mlw", line 3735, characters 14-43:
Sub-goal precondition of goal _parser__with_stmt'vc.
Prover result is: Valid (0.01s, 8242 steps).

File "/home/fabrice/git/pycsl/scratchpad/.pycsl_ir6cbmf_.mlw", line 3737, characters 12-41:
Sub-goal precondition of goal _parser__with_stmt'vc.
Prover result is: Valid (0.00s, 8276 steps).

File "/home/fabrice/git/pycsl/scratchpad/.pycsl_ir6cbmf_.mlw", line 3738, characters 29-50:
Sub-goal variant decrease of goal _parser__with_stmt'vc.
Prover result is: Valid (0.00s, 8410 steps).

File "/home/fabrice/git/pycsl/scratchpad/.pycsl_ir6cbmf_.mlw", line 3738, characters 29-50:
Sub-goal precondition of goal _parser__with_stmt'vc.
Prover result is: Valid (0.00s, 8312 steps).

File "/home/fabrice/git/pycsl/scratchpad/.pycsl_ir6cbmf_.mlw", line 3704, characters 15-19:
Sub-goal postcondition of goal _parser__with_stmt'vc.
Prover result is: Valid (0.01s, 9020 steps).

File "/home/fabrice/git/pycsl/scratchpad/.pycsl_ir6cbmf_.mlw", line 3705, characters 15-38:
Sub-goal postcondition of goal _parser__with_stmt'vc.
Prover result is: Valid (0.01s, 9033 steps).

File "/home/fabrice/git/pycsl/scratchpad/.pycsl_ir6cbmf_.mlw", line 3737, characters 12-41:
Sub-goal precondition of goal _parser__with_stmt'vc.
Prover result is: Valid (0.01s, 8242 steps).

File "/home/fabrice/git/pycsl/scratchpad/.pycsl_ir6cbmf_.mlw", line 3738, characters 29-50:
Sub-goal variant decrease of goal _parser__with_stmt'vc.
Prover result is: Valid (0.01s, 14096 steps).

File "/home/fabrice/git/pycsl/scratchpad/.pycsl_ir6cbmf_.mlw", line 3738, characters 29-50:
Sub-goal precondition of goal _parser__with_stmt'vc.
Prover result is: Valid (0.00s, 8276 steps).

File "/home/fabrice/git/pycsl/scratchpad/.pycsl_ir6cbmf_.mlw", line 3704, characters 15-19:
Sub-goal postcondition of goal _parser__with_stmt'vc.
Prover result is: Valid (0.00s, 8984 steps).

File "/home/fabrice/git/pycsl/scratchpad/.pycsl_ir6cbmf_.mlw", line 3705, characters 15-38:
Sub-goal postcondition of goal _parser__with_stmt'vc.
Prover result is: Valid (0.01s, 15157 steps).

File "/home/fabrice/git/pycsl/scratchpad/.pycsl_ir6cbmf_.mlw", line 3731, characters 31-57:
Sub-goal precondition of goal _parser__with_stmt'vc.
Prover result is: Valid (0.01s, 8235 steps).

File "/home/fabrice/git/pycsl/scratchpad/.pycsl_ir6cbmf_.mlw", line 3727, characters 16-51:
Sub-goal loop variant decrease of goal _parser__with_stmt'vc.
Prover result is: Valid (0.03s, 127411 steps).

File "/home/fabrice/git/pycsl/scratchpad/.pycsl_ir6cbmf_.mlw", line 3725, characters 18-72:
Sub-goal loop invariant preservation of goal _parser__with_stmt'vc.
Prover result is: Valid (0.02s, 106170 steps).

File "/home/fabrice/git/pycsl/scratchpad/.pycsl_ir6cbmf_.mlw", line 3726, characters 18-34:
Sub-goal loop invariant preservation of goal _parser__with_stmt'vc.
Prover result is: Valid (0.02s, 102531 steps).

File "/home/fabrice/git/pycsl/scratchpad/.pycsl_ir6cbmf_.mlw", line 3735, characters 14-43:
Sub-goal precondition of goal _parser__with_stmt'vc.
Prover result is: Valid (0.00s, 8058 steps).

File "/home/fabrice/git/pycsl/scratchpad/.pycsl_ir6cbmf_.mlw", line 3737, characters 12-41:
Sub-goal precondition of goal _parser__with_stmt'vc.
Prover result is: Valid (0.01s, 8094 steps).

File "/home/fabrice/git/pycsl/scratchpad/.pycsl_ir6cbmf_.mlw", line 3738, characters 29-50:
Sub-goal variant decrease of goal _parser__with_stmt'vc.
Prover result is: Valid (0.01s, 8228 steps).

File "/home/fabrice/git/pycsl/scratchpad/.pycsl_ir6cbmf_.mlw", line 3738, characters 29-50:
Sub-goal precondition of goal _parser__with_stmt'vc.
Prover result is: Valid (0.00s, 8130 steps).

File "/home/fabrice/git/pycsl/scratchpad/.pycsl_ir6cbmf_.mlw", line 3704, characters 15-19:
Sub-goal postcondition of goal _parser__with_stmt'vc.
Prover result is: Valid (0.01s, 8838 steps).

File "/home/fabrice/git/pycsl/scratchpad/.pycsl_ir6cbmf_.mlw", line 3705, characters 15-38:
Sub-goal postcondition of goal _parser__with_stmt'vc.
Prover result is: Valid (0.01s, 8851 steps).

File "/home/fabrice/git/pycsl/scratchpad/.pycsl_ir6cbmf_.mlw", line 3737, characters 12-41:
Sub-goal precondition of goal _parser__with_stmt'vc.
Prover result is: Valid (0.00s, 8054 steps).

File "/home/fabrice/git/pycsl/scratchpad/.pycsl_ir6cbmf_.mlw", line 3738, characters 29-50:
Sub-goal variant decrease of goal _parser__with_stmt'vc.
Prover result is: Valid (0.02s, 104521 steps).

File "/home/fabrice/git/pycsl/scratchpad/.pycsl_ir6cbmf_.mlw", line 3738, characters 29-50:
Sub-goal precondition of goal _parser__with_stmt'vc.
Prover result is: Valid (0.01s, 8090 steps).

File "/home/fabrice/git/pycsl/scratchpad/.pycsl_ir6cbmf_.mlw", line 3704, characters 15-19:
Sub-goal postcondition of goal _parser__with_stmt'vc.
Prover result is: Valid (0.01s, 8798 steps).

File "/home/fabrice/git/pycsl/scratchpad/.pycsl_ir6cbmf_.mlw", line 3705, characters 15-38:
Sub-goal postcondition of goal _parser__with_stmt'vc.
Prover result is: Valid (0.02s, 110170 steps).

File "/home/fabrice/git/pycsl/scratchpad/.pycsl_ir6cbmf_.mlw", line 3753, characters 51-70:
Sub-goal precondition of goal _parser__funcdef'vc.
Prover result is: Valid (0.01s, 5553 steps).

File "/home/fabrice/git/pycsl/scratchpad/.pycsl_ir6cbmf_.mlw", line 3754, characters 12-43:
Sub-goal precondition of goal _parser__funcdef'vc.
Prover result is: Valid (0.00s, 5742 steps).

File "/home/fabrice/git/pycsl/scratchpad/.pycsl_ir6cbmf_.mlw", line 3755, characters 12-37:
Sub-goal precondition of goal _parser__funcdef'vc.
Prover result is: Valid (0.01s, 5776 steps).

File "/home/fabrice/git/pycsl/scratchpad/.pycsl_ir6cbmf_.mlw", line 3757, characters 8-68:
Sub-goal precondition of goal _parser__funcdef'vc.
Prover result is: Valid (0.00s, 6793 steps).

File "/home/fabrice/git/pycsl/scratchpad/.pycsl_ir6cbmf_.mlw", line 3758, characters 31-65:
Sub-goal precondition of goal _parser__funcdef'vc.
Prover result is: Valid (0.00s, 6827 steps).

File "/home/fabrice/git/pycsl/scratchpad/.pycsl_ir6cbmf_.mlw", line 3760, characters 12-41:
Sub-goal precondition of goal _parser__funcdef'vc.
Prover result is: Valid (0.00s, 7645 steps).

File "/home/fabrice/git/pycsl/scratchpad/.pycsl_ir6cbmf_.mlw", line 3761, characters 12-48:
Sub-goal precondition of goal _parser__funcdef'vc.
Prover result is: Valid (0.01s, 7681 steps).

File "/home/fabrice/git/pycsl/scratchpad/.pycsl_ir6cbmf_.mlw", line 3762, characters 12-41:
Sub-goal precondition of goal _parser__funcdef'vc.
Prover result is: Valid (0.00s, 7710 steps).

File "/home/fabrice/git/pycsl/scratchpad/.pycsl_ir6cbmf_.mlw", line 3764, characters 14-44:
Sub-goal precondition of goal _parser__funcdef'vc.
Prover result is: Valid (0.00s, 7746 steps).

File "/home/fabrice/git/pycsl/scratchpad/.pycsl_ir6cbmf_.mlw", line 3765, characters 30-50:
Sub-goal precondition of goal _parser__funcdef'vc.
Prover result is: Valid (0.01s, 7812 steps).

File "/home/fabrice/git/pycsl/scratchpad/.pycsl_ir6cbmf_.mlw", line 3767, characters 12-41:
Sub-goal precondition of goal _parser__funcdef'vc.
Prover result is: Valid (0.01s, 7863 steps).

File "/home/fabrice/git/pycsl/scratchpad/.pycsl_ir6cbmf_.mlw", line 3768, characters 29-50:
Sub-goal variant decrease of goal _parser__funcdef'vc.
Prover result is: Valid (0.02s, 97841 steps).

File "/home/fabrice/git/pycsl/scratchpad/.pycsl_ir6cbmf_.mlw", line 3768, characters 29-50:
Sub-goal precondition of goal _parser__funcdef'vc.
Prover result is: Valid (0.01s, 7899 steps).

File "/home/fabrice/git/pycsl/scratchpad/.pycsl_ir6cbmf_.mlw", line 3743, characters 15-19:
Sub-goal postcondition of goal _parser__funcdef'vc.
Prover result is: Valid (0.01s, 8589 steps).

File "/home/fabrice/git/pycsl/scratchpad/.pycsl_ir6cbmf_.mlw", line 3744, characters 15-38:
Sub-goal postcondition of goal _parser__funcdef'vc.
Prover result is: Valid (0.02s, 100835 steps).

File "/home/fabrice/git/pycsl/scratchpad/.pycsl_ir6cbmf_.mlw", line 3767, characters 12-41:
Sub-goal precondition of goal _parser__funcdef'vc.
Prover result is: Valid (0.00s, 7823 steps).

File "/home/fabrice/git/pycsl/scratchpad/.pycsl_ir6cbmf_.mlw", line 3768, characters 29-50:
Sub-goal variant decrease of goal _parser__funcdef'vc.
Prover result is: Valid (0.02s, 97010 steps).

File "/home/fabrice/git/pycsl/scratchpad/.pycsl_ir6cbmf_.mlw", line 3768, characters 29-50:
Sub-goal precondition of goal _parser__funcdef'vc.
Prover result is: Valid (0.01s, 7859 steps).

File "/home/fabrice/git/pycsl/scratchpad/.pycsl_ir6cbmf_.mlw", line 3743, characters 15-19:
Sub-goal postcondition of goal _parser__funcdef'vc.
Prover result is: Valid (0.00s, 8513 steps).

File "/home/fabrice/git/pycsl/scratchpad/.pycsl_ir6cbmf_.mlw", line 3744, characters 15-38:
Sub-goal postcondition of goal _parser__funcdef'vc.
Prover result is: Valid (0.02s, 100119 steps).

File "/home/fabrice/git/pycsl/scratchpad/.pycsl_ir6cbmf_.mlw", line 3760, characters 12-41:
Sub-goal precondition of goal _parser__funcdef'vc.
Prover result is: Valid (0.00s, 6825 steps).

File "/home/fabrice/git/pycsl/scratchpad/.pycsl_ir6cbmf_.mlw", line 3761, characters 12-48:
Sub-goal precondition of goal _parser__funcdef'vc.
Prover result is: Valid (0.01s, 6859 steps).

File "/home/fabrice/git/pycsl/scratchpad/.pycsl_ir6cbmf_.mlw", line 3762, characters 12-41:
Sub-goal precondition of goal _parser__funcdef'vc.
Prover result is: Valid (0.00s, 6888 steps).

File "/home/fabrice/git/pycsl/scratchpad/.pycsl_ir6cbmf_.mlw", line 3764, characters 14-44:
Sub-goal precondition of goal _parser__funcdef'vc.
Prover result is: Valid (0.01s, 6924 steps).

File "/home/fabrice/git/pycsl/scratchpad/.pycsl_ir6cbmf_.mlw", line 3765, characters 30-50:
Sub-goal precondition of goal _parser__funcdef'vc.
Prover result is: Valid (0.01s, 6990 steps).

File "/home/fabrice/git/pycsl/scratchpad/.pycsl_ir6cbmf_.mlw", line 3767, characters 12-41:
Sub-goal precondition of goal _parser__funcdef'vc.
Prover result is: Valid (0.01s, 7041 steps).

File "/home/fabrice/git/pycsl/scratchpad/.pycsl_ir6cbmf_.mlw", line 3768, characters 29-50:
Sub-goal variant decrease of goal _parser__funcdef'vc.
Prover result is: Valid (0.02s, 86094 steps).

File "/home/fabrice/git/pycsl/scratchpad/.pycsl_ir6cbmf_.mlw", line 3768, characters 29-50:
Sub-goal precondition of goal _parser__funcdef'vc.
Prover result is: Valid (0.00s, 7077 steps).

File "/home/fabrice/git/pycsl/scratchpad/.pycsl_ir6cbmf_.mlw", line 3743, characters 15-19:
Sub-goal postcondition of goal _parser__funcdef'vc.
Prover result is: Valid (0.01s, 8514 steps).

File "/home/fabrice/git/pycsl/scratchpad/.pycsl_ir6cbmf_.mlw", line 3744, characters 15-38:
Sub-goal postcondition of goal _parser__funcdef'vc.
Prover result is: Valid (0.02s, 99567 steps).

File "/home/fabrice/git/pycsl/scratchpad/.pycsl_ir6cbmf_.mlw", line 3767, characters 12-41:
Sub-goal precondition of goal _parser__funcdef'vc.
Prover result is: Valid (0.01s, 7001 steps).

File "/home/fabrice/git/pycsl/scratchpad/.pycsl_ir6cbmf_.mlw", line 3768, characters 29-50:
Sub-goal variant decrease of goal _parser__funcdef'vc.
Prover result is: Valid (0.02s, 85238 steps).

File "/home/fabrice/git/pycsl/scratchpad/.pycsl_ir6cbmf_.mlw", line 3768, characters 29-50:
Sub-goal precondition of goal _parser__funcdef'vc.
Prover result is: Valid (0.00s, 7037 steps).

File "/home/fabrice/git/pycsl/scratchpad/.pycsl_ir6cbmf_.mlw", line 3743, characters 15-19:
Sub-goal postcondition of goal _parser__funcdef'vc.
Prover result is: Valid (0.01s, 8438 steps).

File "/home/fabrice/git/pycsl/scratchpad/.pycsl_ir6cbmf_.mlw", line 3744, characters 15-38:
Sub-goal postcondition of goal _parser__funcdef'vc.
Prover result is: Valid (0.02s, 98800 steps).

File "/home/fabrice/git/pycsl/scratchpad/.pycsl_ir6cbmf_.mlw", line 3783, characters 9-32:
Sub-goal precondition of goal _parser__for_stmt'vc.
Prover result is: Valid (0.01s, 5295 steps).

File "/home/fabrice/git/pycsl/scratchpad/.pycsl_ir6cbmf_.mlw", line 3784, characters 14-41:
Sub-goal precondition of goal _parser__for_stmt'vc.
Prover result is: Valid (0.01s, 5470 steps).

File "/home/fabrice/git/pycsl/scratchpad/.pycsl_ir6cbmf_.mlw", line 3785, characters 12-42:
Sub-goal precondition of goal _parser__for_stmt'vc.
Prover result is: Valid (0.00s, 5497 steps).

File "/home/fabrice/git/pycsl/scratchpad/.pycsl_ir6cbmf_.mlw", line 3786, characters 10-34:
Sub-goal precondition of goal _parser__for_stmt'vc.
Prover result is: Valid (0.00s, 5533 steps).

File "/home/fabrice/git/pycsl/scratchpad/.pycsl_ir6cbmf_.mlw", line 3787, characters 12-41:
Sub-goal precondition of goal _parser__for_stmt'vc.
Prover result is: Valid (0.00s, 5562 steps).

File "/home/fabrice/git/pycsl/scratchpad/.pycsl_ir6cbmf_.mlw", line 3788, characters 29-50:
Sub-goal variant decrease of goal _parser__for_stmt'vc.
Prover result is: Valid (0.01s, 55690 steps).

File "/home/fabrice/git/pycsl/scratchpad/.pycsl_ir6cbmf_.mlw", line 3788, characters 29-50:
Sub-goal precondition of goal _parser__for_stmt'vc.
Prover result is: Valid (0.00s, 5598 steps).

File "/home/fabrice/git/pycsl/scratchpad/.pycsl_ir6cbmf_.mlw", line 3789, characters 31-58:
Sub-goal variant decrease of goal _parser__for_stmt'vc.
Prover result is: Valid (0.01s, 61807 steps).

File "/home/fabrice/git/pycsl/scratchpad/.pycsl_ir6cbmf_.mlw", line 3789, characters 31-58:
Sub-goal precondition of goal _parser__for_stmt'vc.
Prover result is: Valid (0.00s, 6093 steps).

File "/home/fabrice/git/pycsl/scratchpad/.pycsl_ir6cbmf_.mlw", line 3774, characters 15-19:
Sub-goal postcondition of goal _parser__for_stmt'vc.
Prover result is: Valid (0.01s, 6599 steps).

File "/home/fabrice/git/pycsl/scratchpad/.pycsl_ir6cbmf_.mlw", line 3775, characters 15-38:
Sub-goal postcondition of goal _parser__for_stmt'vc.
Prover result is: Valid (0.02s, 69629 steps).

File "/home/fabrice/git/pycsl/scratchpad/.pycsl_ir6cbmf_.mlw", line 3801, characters 9-32:
Sub-goal precondition of goal _parser__async_stmt'vc.
Prover result is: Valid (0.00s, 5295 steps).

File "/home/fabrice/git/pycsl/scratchpad/.pycsl_ir6cbmf_.mlw", line 3802, characters 8-70:
Sub-goal precondition of goal _parser__async_stmt'vc.
Prover result is: Valid (0.00s, 6446 steps).

File "/home/fabrice/git/pycsl/scratchpad/.pycsl_ir6cbmf_.mlw", line 3803, characters 51-78:
Sub-goal array creation size of goal _parser__async_stmt'vc.
Prover result is: Valid (0.01s, 6562 steps).

File "/home/fabrice/git/pycsl/scratchpad/.pycsl_ir6cbmf_.mlw", line 3803, characters 28-91:
Sub-goal variant decrease of goal _parser__async_stmt'vc.
Prover result is: Valid (0.01s, 81398 steps).

File "/home/fabrice/git/pycsl/scratchpad/.pycsl_ir6cbmf_.mlw", line 3803, characters 28-91:
Sub-goal precondition of goal _parser__async_stmt'vc.
Prover result is: Valid (0.01s, 6910 steps).

File "/home/fabrice/git/pycsl/scratchpad/.pycsl_ir6cbmf_.mlw", line 3794, characters 15-19:
Sub-goal postcondition of goal _parser__async_stmt'vc.
Prover result is: Valid (0.01s, 6945 steps).

File "/home/fabrice/git/pycsl/scratchpad/.pycsl_ir6cbmf_.mlw", line 3795, characters 15-38:
Sub-goal postcondition of goal _parser__async_stmt'vc.
Prover result is: Valid (0.02s, 80562 steps).

File "/home/fabrice/git/pycsl/scratchpad/.pycsl_ir6cbmf_.mlw", line 3805, characters 10-72:
Sub-goal precondition of goal _parser__async_stmt'vc.
Prover result is: Valid (0.01s, 6643 steps).

File "/home/fabrice/git/pycsl/scratchpad/.pycsl_ir6cbmf_.mlw", line 3806, characters 30-56:
Sub-goal variant decrease of goal _parser__async_stmt'vc.
Prover result is: Valid (0.02s, 80218 steps).

File "/home/fabrice/git/pycsl/scratchpad/.pycsl_ir6cbmf_.mlw", line 3806, characters 30-56:
Sub-goal precondition of goal _parser__async_stmt'vc.
Prover result is: Valid (0.01s, 6669 steps).

File "/home/fabrice/git/pycsl/scratchpad/.pycsl_ir6cbmf_.mlw", line 3794, characters 15-19:
Sub-goal postcondition of goal _parser__async_stmt'vc.
Prover result is: Valid (0.01s, 6704 steps).

File "/home/fabrice/git/pycsl/scratchpad/.pycsl_ir6cbmf_.mlw", line 3795, characters 15-38:
Sub-goal postcondition of goal _parser__async_stmt'vc.
Prover result is: Valid (0.02s, 79263 steps).

File "/home/fabrice/git/pycsl/scratchpad/.pycsl_ir6cbmf_.mlw", line 3808, characters 12-75:
Sub-goal precondition of goal _parser__async_stmt'vc.
Prover result is: Valid (0.00s, 6752 steps).

File "/home/fabrice/git/pycsl/scratchpad/.pycsl_ir6cbmf_.mlw", line 3809, characters 32-59:
Sub-goal variant decrease of goal _parser__async_stmt'vc.
Prover result is: Valid (0.02s, 81156 steps).

File "/home/fabrice/git/pycsl/scratchpad/.pycsl_ir6cbmf_.mlw", line 3809, characters 32-59:
Sub-goal precondition of goal _parser__async_stmt'vc.
Prover result is: Valid (0.00s, 6772 steps).

File "/home/fabrice/git/pycsl/scratchpad/.pycsl_ir6cbmf_.mlw", line 3794, characters 15-19:
Sub-goal postcondition of goal _parser__async_stmt'vc.
Prover result is: Valid (0.01s, 6807 steps).

File "/home/fabrice/git/pycsl/scratchpad/.pycsl_ir6cbmf_.mlw", line 3795, characters 15-38:
Sub-goal postcondition of goal _parser__async_stmt'vc.
Prover result is: Valid (0.02s, 80056 steps).

File "/home/fabrice/git/pycsl/scratchpad/.pycsl_ir6cbmf_.mlw", line 3811, characters 75-81:
Sub-goal unreachable point of goal _parser__async_stmt'vc.
Prover result is: Valid (0.01s, 3872 steps).

File "/home/fabrice/git/pycsl/scratchpad/.pycsl_ir6cbmf_.mlw", line 3827, characters 9-28:
Sub-goal precondition of goal _parser__statement'vc.
Prover result is: Valid (0.01s, 5295 steps).

File "/home/fabrice/git/pycsl/scratchpad/.pycsl_ir6cbmf_.mlw", line 3831, characters 39-62:
Sub-goal variant decrease of goal _parser__statement'vc.
Prover result is: Valid (0.03s, 224204 steps).

File "/home/fabrice/git/pycsl/scratchpad/.pycsl_ir6cbmf_.mlw", line 3831, characters 39-62:
Sub-goal precondition of goal _parser__statement'vc.
Prover result is: Valid (0.01s, 9983 steps).

File "/home/fabrice/git/pycsl/scratchpad/.pycsl_ir6cbmf_.mlw", line 3818, characters 15-19:
Sub-goal postcondition of goal _parser__statement'vc.
Prover result is: Valid (0.01s, 10910 steps).

File "/home/fabrice/git/pycsl/scratchpad/.pycsl_ir6cbmf_.mlw", line 3819, characters 15-39:
Sub-goal postcondition of goal _parser__statement'vc.
Prover result is: Valid (0.01s, 10915 steps).

File "/home/fabrice/git/pycsl/scratchpad/.pycsl_ir6cbmf_.mlw", line 3820, characters 15-38:
Sub-goal postcondition of goal _parser__statement'vc.
Prover result is: Valid (0.01s, 10920 steps).

File "/home/fabrice/git/pycsl/scratchpad/.pycsl_ir6cbmf_.mlw", line 3834, characters 41-67:
Sub-goal variant decrease of goal _parser__statement'vc.
Prover result is: Valid (0.03s, 224239 steps).

File "/home/fabrice/git/pycsl/scratchpad/.pycsl_ir6cbmf_.mlw", line 3834, characters 41-67:
Sub-goal precondition of goal _parser__statement'vc.
Prover result is: Valid (0.01s, 9992 steps).

File "/home/fabrice/git/pycsl/scratchpad/.pycsl_ir6cbmf_.mlw", line 3818, characters 15-19:
Sub-goal postcondition of goal _parser__statement'vc.
Prover result is: Valid (0.01s, 10919 steps).

File "/home/fabrice/git/pycsl/scratchpad/.pycsl_ir6cbmf_.mlw", line 3819, characters 15-39:
Sub-goal postcondition of goal _parser__statement'vc.
Prover result is: Valid (0.01s, 10924 steps).

File "/home/fabrice/git/pycsl/scratchpad/.pycsl_ir6cbmf_.mlw", line 3820, characters 15-38:
Sub-goal postcondition of goal _parser__statement'vc.
Prover result is: Valid (0.01s, 10929 steps).

File "/home/fabrice/git/pycsl/scratchpad/.pycsl_ir6cbmf_.mlw", line 3837, characters 43-69:
Sub-goal variant decrease of goal _parser__statement'vc.
Prover result is: Valid (0.03s, 224246 steps).

File "/home/fabrice/git/pycsl/scratchpad/.pycsl_ir6cbmf_.mlw", line 3837, characters 43-69:
Sub-goal precondition of goal _parser__statement'vc.
Prover result is: Valid (0.00s, 10001 steps).

File "/home/fabrice/git/pycsl/scratchpad/.pycsl_ir6cbmf_.mlw", line 3818, characters 15-19:
Sub-goal postcondition of goal _parser__statement'vc.
Prover result is: Valid (0.01s, 10923 steps).

File "/home/fabrice/git/pycsl/scratchpad/.pycsl_ir6cbmf_.mlw", line 3819, characters 15-39:
Sub-goal postcondition of goal _parser__statement'vc.
Prover result is: Valid (0.03s, 209322 steps).

File "/home/fabrice/git/pycsl/scratchpad/.pycsl_ir6cbmf_.mlw", line 3820, characters 15-38:
Sub-goal postcondition of goal _parser__statement'vc.
Prover result is: Valid (0.01s, 10933 steps).

File "/home/fabrice/git/pycsl/scratchpad/.pycsl_ir6cbmf_.mlw", line 3840, characters 45-69:
Sub-goal variant decrease of goal _parser__statement'vc.
Prover result is: Valid (0.03s, 224269 steps).

File "/home/fabrice/git/pycsl/scratchpad/.pycsl_ir6cbmf_.mlw", line 3840, characters 45-69:
Sub-goal precondition of goal _parser__statement'vc.
Prover result is: Valid (0.01s, 10010 steps).

File "/home/fabrice/git/pycsl/scratchpad/.pycsl_ir6cbmf_.mlw", line 3818, characters 15-19:
Sub-goal postcondition of goal _parser__statement'vc.
Prover result is: Valid (0.01s, 10932 steps).

File "/home/fabrice/git/pycsl/scratchpad/.pycsl_ir6cbmf_.mlw", line 3819, characters 15-39:
Sub-goal postcondition of goal _parser__statement'vc.
Prover result is: Valid (0.03s, 209345 steps).

File "/home/fabrice/git/pycsl/scratchpad/.pycsl_ir6cbmf_.mlw", line 3820, characters 15-38:
Sub-goal postcondition of goal _parser__statement'vc.
Prover result is: Valid (0.00s, 10942 steps).

File "/home/fabrice/git/pycsl/scratchpad/.pycsl_ir6cbmf_.mlw", line 3843, characters 47-74:
Sub-goal variant decrease of goal _parser__statement'vc.
Prover result is: Valid (0.03s, 224296 steps).

File "/home/fabrice/git/pycsl/scratchpad/.pycsl_ir6cbmf_.mlw", line 3843, characters 47-74:
Sub-goal precondition of goal _parser__statement'vc.
Prover result is: Valid (0.01s, 10019 steps).

File "/home/fabrice/git/pycsl/scratchpad/.pycsl_ir6cbmf_.mlw", line 3818, characters 15-19:
Sub-goal postcondition of goal _parser__statement'vc.
Prover result is: Valid (0.01s, 10941 steps).

File "/home/fabrice/git/pycsl/scratchpad/.pycsl_ir6cbmf_.mlw", line 3819, characters 15-39:
Sub-goal postcondition of goal _parser__statement'vc.
Prover result is: Valid (0.03s, 209372 steps).

File "/home/fabrice/git/pycsl/scratchpad/.pycsl_ir6cbmf_.mlw", line 3820, characters 15-38:
Sub-goal postcondition of goal _parser__statement'vc.
Prover result is: Valid (0.01s, 10951 steps).

File "/home/fabrice/git/pycsl/scratchpad/.pycsl_ir6cbmf_.mlw", line 3846, characters 72-99:
Sub-goal array creation size of goal _parser__statement'vc.
Prover result is: Valid (0.01s, 10032 steps).

File "/home/fabrice/git/pycsl/scratchpad/.pycsl_ir6cbmf_.mlw", line 3846, characters 49-122:
Sub-goal variant decrease of goal _parser__statement'vc.
Prover result is: Valid (0.03s, 239019 steps).

File "/home/fabrice/git/pycsl/scratchpad/.pycsl_ir6cbmf_.mlw", line 3846, characters 49-122:
Sub-goal precondition of goal _parser__statement'vc.
Prover result is: Valid (0.01s, 10380 steps).

File "/home/fabrice/git/pycsl/scratchpad/.pycsl_ir6cbmf_.mlw", line 3818, characters 15-19:
Sub-goal postcondition of goal _parser__statement'vc.
Prover result is: Valid (0.00s, 10996 steps).

File "/home/fabrice/git/pycsl/scratchpad/.pycsl_ir6cbmf_.mlw", line 3819, characters 15-39:
Sub-goal postcondition of goal _parser__statement'vc.
Prover result is: Valid (0.03s, 220659 steps).

File "/home/fabrice/git/pycsl/scratchpad/.pycsl_ir6cbmf_.mlw", line 3820, characters 15-38:
Sub-goal postcondition of goal _parser__statement'vc.
Prover result is: Valid (0.01s, 11006 steps).

File "/home/fabrice/git/pycsl/scratchpad/.pycsl_ir6cbmf_.mlw", line 3849, characters 75-102:
Sub-goal array creation size of goal _parser__statement'vc.
Prover result is: Valid (0.01s, 10041 steps).

File "/home/fabrice/git/pycsl/scratchpad/.pycsl_ir6cbmf_.mlw", line 3849, characters 51-103:
Sub-goal variant decrease of goal _parser__statement'vc.
Prover result is: Valid (0.03s, 239048 steps).

File "/home/fabrice/git/pycsl/scratchpad/.pycsl_ir6cbmf_.mlw", line 3849, characters 51-103:
Sub-goal precondition of goal _parser__statement'vc.
Prover result is: Valid (0.01s, 10389 steps).

File "/home/fabrice/git/pycsl/scratchpad/.pycsl_ir6cbmf_.mlw", line 3818, characters 15-19:
Sub-goal postcondition of goal _parser__statement'vc.
Prover result is: Valid (0.01s, 11005 steps).

File "/home/fabrice/git/pycsl/scratchpad/.pycsl_ir6cbmf_.mlw", line 3819, characters 15-39:
Sub-goal postcondition of goal _parser__statement'vc.
Prover result is: Valid (0.03s, 220688 steps).

File "/home/fabrice/git/pycsl/scratchpad/.pycsl_ir6cbmf_.mlw", line 3820, characters 15-38:
Sub-goal postcondition of goal _parser__statement'vc.
Prover result is: Valid (0.01s, 11015 steps).

File "/home/fabrice/git/pycsl/scratchpad/.pycsl_ir6cbmf_.mlw", line 3852, characters 53-79:
Sub-goal variant decrease of goal _parser__statement'vc.
Prover result is: Valid (0.03s, 224361 steps).

File "/home/fabrice/git/pycsl/scratchpad/.pycsl_ir6cbmf_.mlw", line 3852, characters 53-79:
Sub-goal precondition of goal _parser__statement'vc.
Prover result is: Valid (0.01s, 10046 steps).

File "/home/fabrice/git/pycsl/scratchpad/.pycsl_ir6cbmf_.mlw", line 3818, characters 15-19:
Sub-goal postcondition of goal _parser__statement'vc.
Prover result is: Valid (0.01s, 10968 steps).

File "/home/fabrice/git/pycsl/scratchpad/.pycsl_ir6cbmf_.mlw", line 3819, characters 15-39:
Sub-goal postcondition of goal _parser__statement'vc.
Prover result is: Valid (0.03s, 209445 steps).

File "/home/fabrice/git/pycsl/scratchpad/.pycsl_ir6cbmf_.mlw", line 3820, characters 15-38:
Sub-goal postcondition of goal _parser__statement'vc.
Prover result is: Valid (0.01s, 10978 steps).

File "/home/fabrice/git/pycsl/scratchpad/.pycsl_ir6cbmf_.mlw", line 3862, characters 8-68:
Sub-goal precondition of goal _parser__statement'vc.
Prover result is: Valid (0.01s, 10141 steps).

File "/home/fabrice/git/pycsl/scratchpad/.pycsl_ir6cbmf_.mlw", line 3863, characters 37-62:
Sub-goal variant decrease of goal _parser__statement'vc.
Prover result is: Valid (0.02s, 97625 steps).

File "/home/fabrice/git/pycsl/scratchpad/.pycsl_ir6cbmf_.mlw", line 3863, characters 37-62:
Sub-goal precondition of goal _parser__statement'vc.
Prover result is: Valid (0.01s, 10171 steps).

File "/home/fabrice/git/pycsl/scratchpad/.pycsl_ir6cbmf_.mlw", line 3818, characters 15-19:
Sub-goal postcondition of goal _parser__statement'vc.
Prover result is: Valid (0.01s, 11093 steps).

File "/home/fabrice/git/pycsl/scratchpad/.pycsl_ir6cbmf_.mlw", line 3819, characters 15-39:
Sub-goal postcondition of goal _parser__statement'vc.
Prover result is: Valid (0.02s, 104224 steps).

File "/home/fabrice/git/pycsl/scratchpad/.pycsl_ir6cbmf_.mlw", line 3820, characters 15-38:
Sub-goal postcondition of goal _parser__statement'vc.
Prover result is: Valid (0.01s, 11103 steps).

File "/home/fabrice/git/pycsl/scratchpad/.pycsl_ir6cbmf_.mlw", line 3865, characters 15-81:
Sub-goal precondition of goal _parser__statement'vc.
Prover result is: Valid (0.01s, 10256 steps).

File "/home/fabrice/git/pycsl/scratchpad/.pycsl_ir6cbmf_.mlw", line 3865, characters 92-125:
Sub-goal precondition of goal _parser__statement'vc.
Prover result is: Valid (0.01s, 10265 steps).

File "/home/fabrice/git/pycsl/scratchpad/.pycsl_ir6cbmf_.mlw", line 3866, characters 39-65:
Sub-goal variant decrease of goal _parser__statement'vc.
Prover result is: Valid (0.03s, 245641 steps).

File "/home/fabrice/git/pycsl/scratchpad/.pycsl_ir6cbmf_.mlw", line 3866, characters 39-65:
Sub-goal precondition of goal _parser__statement'vc.
Prover result is: Valid (0.01s, 10317 steps).

File "/home/fabrice/git/pycsl/scratchpad/.pycsl_ir6cbmf_.mlw", line 3818, characters 15-19:
Sub-goal postcondition of goal _parser__statement'vc.
Prover result is: Valid (0.01s, 11239 steps).

File "/home/fabrice/git/pycsl/scratchpad/.pycsl_ir6cbmf_.mlw", line 3819, characters 15-39:
Sub-goal postcondition of goal _parser__statement'vc.
Prover result is: Valid (0.03s, 228569 steps).

File "/home/fabrice/git/pycsl/scratchpad/.pycsl_ir6cbmf_.mlw", line 3820, characters 15-38:
Sub-goal postcondition of goal _parser__statement'vc.
Prover result is: Valid (0.01s, 11249 steps).

File "/home/fabrice/git/pycsl/scratchpad/.pycsl_ir6cbmf_.mlw", line 3868, characters 17-82:
Sub-goal precondition of goal _parser__statement'vc.
Prover result is: Valid (0.01s, 10400 steps).

File "/home/fabrice/git/pycsl/scratchpad/.pycsl_ir6cbmf_.mlw", line 3868, characters 93-131:
Sub-goal precondition of goal _parser__statement'vc.
Prover result is: Valid (0.01s, 10409 steps).

File "/home/fabrice/git/pycsl/scratchpad/.pycsl_ir6cbmf_.mlw", line 3869, characters 41-72:
Sub-goal precondition of goal _parser__statement'vc.
Prover result is: Valid (0.01s, 10461 steps).

File "/home/fabrice/git/pycsl/scratchpad/.pycsl_ir6cbmf_.mlw", line 3818, characters 15-19:
Sub-goal postcondition of goal _parser__statement'vc.
Prover result is: Valid (0.01s, 11383 steps).

File "/home/fabrice/git/pycsl/scratchpad/.pycsl_ir6cbmf_.mlw", line 3819, characters 15-39:
Sub-goal postcondition of goal _parser__statement'vc.
Prover result is: Valid (0.03s, 240666 steps).

File "/home/fabrice/git/pycsl/scratchpad/.pycsl_ir6cbmf_.mlw", line 3820, characters 15-38:
Sub-goal postcondition of goal _parser__statement'vc.
Prover result is: Valid (0.01s, 11393 steps).

File "/home/fabrice/git/pycsl/scratchpad/.pycsl_ir6cbmf_.mlw", line 3871, characters 41-68:
Sub-goal precondition of goal _parser__statement'vc.
Prover result is: Valid (0.01s, 10459 steps).

File "/home/fabrice/git/pycsl/scratchpad/.pycsl_ir6cbmf_.mlw", line 3818, characters 15-19:
Sub-goal postcondition of goal _parser__statement'vc.
Prover result is: Valid (0.01s, 11355 steps).

File "/home/fabrice/git/pycsl/scratchpad/.pycsl_ir6cbmf_.mlw", line 3819, characters 15-39:
Sub-goal postcondition of goal _parser__statement'vc.
Prover result is: Valid (0.01s, 11360 steps).

File "/home/fabrice/git/pycsl/scratchpad/.pycsl_ir6cbmf_.mlw", line 3820, characters 15-38:
Sub-goal postcondition of goal _parser__statement'vc.
Prover result is: Valid (0.01s, 11365 steps).

File "/home/fabrice/git/pycsl/scratchpad/.pycsl_ir6cbmf_.mlw", line 3862, characters 8-68:
Sub-goal precondition of goal _parser__statement'vc.
Prover result is: Valid (0.01s, 10060 steps).

File "/home/fabrice/git/pycsl/scratchpad/.pycsl_ir6cbmf_.mlw", line 3863, characters 37-62:
Sub-goal variant decrease of goal _parser__statement'vc.
Prover result is: Valid (0.02s, 129707 steps).

File "/home/fabrice/git/pycsl/scratchpad/.pycsl_ir6cbmf_.mlw", line 3863, characters 37-62:
Sub-goal precondition of goal _parser__statement'vc.
Prover result is: Valid (0.01s, 10090 steps).

File "/home/fabrice/git/pycsl/scratchpad/.pycsl_ir6cbmf_.mlw", line 3818, characters 15-19:
Sub-goal postcondition of goal _parser__statement'vc.
Prover result is: Valid (0.00s, 11012 steps).

File "/home/fabrice/git/pycsl/scratchpad/.pycsl_ir6cbmf_.mlw", line 3819, characters 15-39:
Sub-goal postcondition of goal _parser__statement'vc.
Prover result is: Valid (0.03s, 145280 steps).

File "/home/fabrice/git/pycsl/scratchpad/.pycsl_ir6cbmf_.mlw", line 3820, characters 15-38:
Sub-goal postcondition of goal _parser__statement'vc.
Prover result is: Valid (0.00s, 11022 steps).

File "/home/fabrice/git/pycsl/scratchpad/.pycsl_ir6cbmf_.mlw", line 3865, characters 15-81:
Sub-goal precondition of goal _parser__statement'vc.
Prover result is: Valid (0.01s, 10175 steps).

File "/home/fabrice/git/pycsl/scratchpad/.pycsl_ir6cbmf_.mlw", line 3865, characters 92-125:
Sub-goal precondition of goal _parser__statement'vc.
Prover result is: Valid (0.00s, 10184 steps).

File "/home/fabrice/git/pycsl/scratchpad/.pycsl_ir6cbmf_.mlw", line 3866, characters 39-65:
Sub-goal variant decrease of goal _parser__statement'vc.
Prover result is: Valid (0.04s, 235608 steps).

File "/home/fabrice/git/pycsl/scratchpad/.pycsl_ir6cbmf_.mlw", line 3866, characters 39-65:
Sub-goal precondition of goal _parser__statement'vc.
Prover result is: Valid (0.01s, 10236 steps).

File "/home/fabrice/git/pycsl/scratchpad/.pycsl_ir6cbmf_.mlw", line 3818, characters 15-19:
Sub-goal postcondition of goal _parser__statement'vc.
Prover result is: Valid (0.01s, 11158 steps).

File "/home/fabrice/git/pycsl/scratchpad/.pycsl_ir6cbmf_.mlw", line 3819, characters 15-39:
Sub-goal postcondition of goal _parser__statement'vc.
Prover result is: Valid (0.03s, 242554 steps).

File "/home/fabrice/git/pycsl/scratchpad/.pycsl_ir6cbmf_.mlw", line 3820, characters 15-38:
Sub-goal postcondition of goal _parser__statement'vc.
Prover result is: Valid (0.01s, 11168 steps).

File "/home/fabrice/git/pycsl/scratchpad/.pycsl_ir6cbmf_.mlw", line 3868, characters 17-82:
Sub-goal precondition of goal _parser__statement'vc.
Prover result is: Valid (0.01s, 10319 steps).

File "/home/fabrice/git/pycsl/scratchpad/.pycsl_ir6cbmf_.mlw", line 3868, characters 93-131:
Sub-goal precondition of goal _parser__statement'vc.
Prover result is: Valid (0.01s, 10328 steps).

File "/home/fabrice/git/pycsl/scratchpad/.pycsl_ir6cbmf_.mlw", line 3869, characters 41-72:
Sub-goal precondition of goal _parser__statement'vc.
Prover result is: Valid (0.01s, 10380 steps).

File "/home/fabrice/git/pycsl/scratchpad/.pycsl_ir6cbmf_.mlw", line 3818, characters 15-19:
Sub-goal postcondition of goal _parser__statement'vc.
Prover result is: Valid (0.01s, 11302 steps).

File "/home/fabrice/git/pycsl/scratchpad/.pycsl_ir6cbmf_.mlw", line 3819, characters 15-39:
Sub-goal postcondition of goal _parser__statement'vc.
Prover result is: Valid (0.03s, 243341 steps).

File "/home/fabrice/git/pycsl/scratchpad/.pycsl_ir6cbmf_.mlw", line 3820, characters 15-38:
Sub-goal postcondition of goal _parser__statement'vc.
Prover result is: Valid (0.01s, 11312 steps).

File "/home/fabrice/git/pycsl/scratchpad/.pycsl_ir6cbmf_.mlw", line 3871, characters 41-68:
Sub-goal precondition of goal _parser__statement'vc.
Prover result is: Valid (0.01s, 10378 steps).

File "/home/fabrice/git/pycsl/scratchpad/.pycsl_ir6cbmf_.mlw", line 3818, characters 15-19:
Sub-goal postcondition of goal _parser__statement'vc.
Prover result is: Valid (0.01s, 11274 steps).

File "/home/fabrice/git/pycsl/scratchpad/.pycsl_ir6cbmf_.mlw", line 3819, characters 15-39:
Sub-goal postcondition of goal _parser__statement'vc.
Prover result is: Valid (0.01s, 11279 steps).

File "/home/fabrice/git/pycsl/scratchpad/.pycsl_ir6cbmf_.mlw", line 3820, characters 15-38:
Sub-goal postcondition of goal _parser__statement'vc.
Prover result is: Valid (0.01s, 11284 steps).

File "/home/fabrice/git/pycsl/scratchpad/.pycsl_ir6cbmf_.mlw", line 3884, characters 21-40:
Sub-goal precondition of goal _parser__block'vc.
Prover result is: Valid (0.01s, 5295 steps).

File "/home/fabrice/git/pycsl/scratchpad/.pycsl_ir6cbmf_.mlw", line 3885, characters 14-37:
Sub-goal precondition of goal _parser__block'vc.
Prover result is: Valid (0.00s, 5477 steps).

File "/home/fabrice/git/pycsl/scratchpad/.pycsl_ir6cbmf_.mlw", line 3886, characters 23-42:
Sub-goal precondition of goal _parser__block'vc.
Prover result is: Valid (0.01s, 5563 steps).

File "/home/fabrice/git/pycsl/scratchpad/.pycsl_ir6cbmf_.mlw", line 3887, characters 64-70:
Sub-goal unreachable point of goal _parser__block'vc.
Prover result is: Valid (0.00s, 3242 steps).

File "/home/fabrice/git/pycsl/scratchpad/.pycsl_ir6cbmf_.mlw", line 3889, characters 14-37:
Sub-goal precondition of goal _parser__block'vc.
Prover result is: Valid (0.00s, 5576 steps).

File "/home/fabrice/git/pycsl/scratchpad/.pycsl_ir6cbmf_.mlw", line 3895, characters 20-74:
Sub-goal loop invariant init of goal _parser__block'vc.
Prover result is: Valid (0.02s, 55491 steps).

File "/home/fabrice/git/pycsl/scratchpad/.pycsl_ir6cbmf_.mlw", line 3896, characters 20-36:
Sub-goal loop invariant init of goal _parser__block'vc.
Prover result is: Valid (0.00s, 14948 steps).

File "/home/fabrice/git/pycsl/scratchpad/.pycsl_ir6cbmf_.mlw", line 3894, characters 26-45:
Sub-goal type invariant of goal _parser__block'vc.
Prover result is: Valid (0.01s, 5686 steps).

File "/home/fabrice/git/pycsl/scratchpad/.pycsl_ir6cbmf_.mlw", line 3894, characters 26-45:
Sub-goal type invariant of goal _parser__block'vc.
Prover result is: Valid (0.01s, 5691 steps).

File "/home/fabrice/git/pycsl/scratchpad/.pycsl_ir6cbmf_.mlw", line 3894, characters 26-45:
Sub-goal type invariant of goal _parser__block'vc.
Prover result is: Valid (0.01s, 58826 steps).

File "/home/fabrice/git/pycsl/scratchpad/.pycsl_ir6cbmf_.mlw", line 3894, characters 26-45:
Sub-goal type invariant of goal _parser__block'vc.
Prover result is: Valid (0.01s, 59679 steps).

File "/home/fabrice/git/pycsl/scratchpad/.pycsl_ir6cbmf_.mlw", line 3894, characters 26-45:
Sub-goal precondition of goal _parser__block'vc.
Prover result is: Valid (0.01s, 5701 steps).

File "/home/fabrice/git/pycsl/scratchpad/.pycsl_ir6cbmf_.mlw", line 3899, characters 25-44:
Sub-goal precondition of goal _parser__block'vc.
Prover result is: Valid (0.00s, 5722 steps).

File "/home/fabrice/git/pycsl/scratchpad/.pycsl_ir6cbmf_.mlw", line 3900, characters 18-41:
Sub-goal precondition of goal _parser__block'vc.
Prover result is: Valid (0.00s, 5731 steps).

File "/home/fabrice/git/pycsl/scratchpad/.pycsl_ir6cbmf_.mlw", line 3897, characters 18-53:
Sub-goal loop variant decrease of goal _parser__block'vc.
Prover result is: Valid (0.02s, 64220 steps).

File "/home/fabrice/git/pycsl/scratchpad/.pycsl_ir6cbmf_.mlw", line 3895, characters 20-74:
Sub-goal loop invariant preservation of goal _parser__block'vc.
Prover result is: Valid (0.01s, 64160 steps).

File "/home/fabrice/git/pycsl/scratchpad/.pycsl_ir6cbmf_.mlw", line 3896, characters 20-36:
Sub-goal loop invariant preservation of goal _parser__block'vc.
Prover result is: Valid (0.01s, 62440 steps).

File "/home/fabrice/git/pycsl/scratchpad/.pycsl_ir6cbmf_.mlw", line 3903, characters 25-44:
Sub-goal precondition of goal _parser__block'vc.
Prover result is: Valid (0.01s, 5735 steps).

File "/home/fabrice/git/pycsl/scratchpad/.pycsl_ir6cbmf_.mlw", line 3910, characters 23-42:
Sub-goal precondition of goal _parser__block'vc.
Prover result is: Valid (0.01s, 5740 steps).

File "/home/fabrice/git/pycsl/scratchpad/.pycsl_ir6cbmf_.mlw", line 3911, characters 16-39:
Sub-goal precondition of goal _parser__block'vc.
Prover result is: Valid (0.00s, 5745 steps).

File "/home/fabrice/git/pycsl/scratchpad/.pycsl_ir6cbmf_.mlw", line 3878, characters 15-19:
Sub-goal postcondition of goal _parser__block'vc.
Prover result is: Valid (0.01s, 6269 steps).

File "/home/fabrice/git/pycsl/scratchpad/.pycsl_ir6cbmf_.mlw", line 3879, characters 15-39:
Sub-goal postcondition of goal _parser__block'vc.
Prover result is: Valid (0.00s, 6274 steps).

File "/home/fabrice/git/pycsl/scratchpad/.pycsl_ir6cbmf_.mlw", line 3878, characters 15-19:
Sub-goal postcondition of goal _parser__block'vc.
Prover result is: Valid (0.00s, 6206 steps).

File "/home/fabrice/git/pycsl/scratchpad/.pycsl_ir6cbmf_.mlw", line 3879, characters 15-39:
Sub-goal postcondition of goal _parser__block'vc.
Prover result is: Valid (0.02s, 65094 steps).

File "/home/fabrice/git/pycsl/scratchpad/.pycsl_ir6cbmf_.mlw", line 3906, characters 41-66:
Sub-goal variant decrease of goal _parser__block'vc.
Prover result is: Valid (0.01s, 62835 steps).

File "/home/fabrice/git/pycsl/scratchpad/.pycsl_ir6cbmf_.mlw", line 3906, characters 41-66:
Sub-goal precondition of goal _parser__block'vc.
Prover result is: Valid (0.00s, 5744 steps).

File "/home/fabrice/git/pycsl/scratchpad/.pycsl_ir6cbmf_.mlw", line 3897, characters 18-53:
Sub-goal loop variant decrease of goal _parser__block'vc.
Prover result is: Valid (0.02s, 71030 steps).

File "/home/fabrice/git/pycsl/scratchpad/.pycsl_ir6cbmf_.mlw", line 3895, characters 20-74:
Sub-goal loop invariant preservation of goal _parser__block'vc.
Prover result is: Valid (0.02s, 73601 steps).

File "/home/fabrice/git/pycsl/scratchpad/.pycsl_ir6cbmf_.mlw", line 3896, characters 20-36:
Sub-goal loop invariant preservation of goal _parser__block'vc.
Prover result is: Valid (0.01s, 71190 steps).

File "/home/fabrice/git/pycsl/scratchpad/.pycsl_ir6cbmf_.mlw", line 3910, characters 23-42:
Sub-goal precondition of goal _parser__block'vc.
Prover result is: Valid (0.00s, 5718 steps).

File "/home/fabrice/git/pycsl/scratchpad/.pycsl_ir6cbmf_.mlw", line 3911, characters 16-39:
Sub-goal precondition of goal _parser__block'vc.
Prover result is: Valid (0.01s, 5731 steps).

File "/home/fabrice/git/pycsl/scratchpad/.pycsl_ir6cbmf_.mlw", line 3878, characters 15-19:
Sub-goal postcondition of goal _parser__block'vc.
Prover result is: Valid (0.01s, 6255 steps).

File "/home/fabrice/git/pycsl/scratchpad/.pycsl_ir6cbmf_.mlw", line 3879, characters 15-39:
Sub-goal postcondition of goal _parser__block'vc.
Prover result is: Valid (0.01s, 60858 steps).

File "/home/fabrice/git/pycsl/scratchpad/.pycsl_ir6cbmf_.mlw", line 3878, characters 15-19:
Sub-goal postcondition of goal _parser__block'vc.
Prover result is: Valid (0.01s, 6192 steps).

File "/home/fabrice/git/pycsl/scratchpad/.pycsl_ir6cbmf_.mlw", line 3879, characters 15-39:
Sub-goal postcondition of goal _parser__block'vc.
Prover result is: Valid (0.00s, 6197 steps).

File "/home/fabrice/git/pycsl/scratchpad/.pycsl_ir6cbmf_.mlw", line 3915, characters 37-64:
Sub-goal precondition of goal _parser__block'vc.
Prover result is: Valid (0.01s, 5481 steps).

File "/home/fabrice/git/pycsl/scratchpad/.pycsl_ir6cbmf_.mlw", line 3878, characters 15-19:
Sub-goal postcondition of goal _parser__block'vc.
Prover result is: Valid (0.01s, 6043 steps).

File "/home/fabrice/git/pycsl/scratchpad/.pycsl_ir6cbmf_.mlw", line 3879, characters 15-39:
Sub-goal postcondition of goal _parser__block'vc.
Prover result is: Valid (0.00s, 6048 steps).

File "/home/fabrice/git/pycsl/scratchpad/.pycsl_ir6cbmf_.mlw", line 3926, characters 8-71:
Sub-goal precondition of goal _parser___else_block'vc.
Prover result is: Valid (0.01s, 6271 steps).

File "/home/fabrice/git/pycsl/scratchpad/.pycsl_ir6cbmf_.mlw", line 3927, characters 14-37:
Sub-goal precondition of goal _parser___else_block'vc.
Prover result is: Valid (0.00s, 6472 steps).

File "/home/fabrice/git/pycsl/scratchpad/.pycsl_ir6cbmf_.mlw", line 3928, characters 14-43:
Sub-goal precondition of goal _parser___else_block'vc.
Prover result is: Valid (0.01s, 6558 steps).

File "/home/fabrice/git/pycsl/scratchpad/.pycsl_ir6cbmf_.mlw", line 3929, characters 37-58:
Sub-goal variant decrease of goal _parser___else_block'vc.
Prover result is: Valid (0.01s, 78188 steps).

File "/home/fabrice/git/pycsl/scratchpad/.pycsl_ir6cbmf_.mlw", line 3929, characters 37-58:
Sub-goal precondition of goal _parser___else_block'vc.
Prover result is: Valid (0.01s, 6592 steps).

File "/home/fabrice/git/pycsl/scratchpad/.pycsl_ir6cbmf_.mlw", line 3920, characters 15-19:
Sub-goal postcondition of goal _parser___else_block'vc.
Prover result is: Valid (0.01s, 7477 steps).

File "/home/fabrice/git/pycsl/scratchpad/.pycsl_ir6cbmf_.mlw", line 3921, characters 15-39:
Sub-goal postcondition of goal _parser___else_block'vc.
Prover result is: Valid (0.02s, 87975 steps).

File "/home/fabrice/git/pycsl/scratchpad/.pycsl_ir6cbmf_.mlw", line 3920, characters 15-19:
Sub-goal postcondition of goal _parser___else_block'vc.
Prover result is: Valid (0.00s, 7260 steps).

File "/home/fabrice/git/pycsl/scratchpad/.pycsl_ir6cbmf_.mlw", line 3921, characters 15-39:
Sub-goal postcondition of goal _parser___else_block'vc.
Prover result is: Valid (0.01s, 7265 steps).

File "/home/fabrice/git/pycsl/scratchpad/.pycsl_ir6cbmf_.mlw", line 3935, characters 23-67:
Sub-goal goal of goal _parser__try_stmt__union_arm_Arm_14_0_inj.
Prover result is: Valid (0.00s, 5290 steps).

File "/home/fabrice/git/pycsl/scratchpad/.pycsl_ir6cbmf_.mlw", line 3937, characters 63-68:
Sub-goal goal of goal _parser__try_stmt__union_arm_Arm_14_0_proj.
Prover result is: Valid (0.00s, 5285 steps).

File "/home/fabrice/git/pycsl/scratchpad/.pycsl_ir6cbmf_.mlw", line 3939, characters 22-66:
Sub-goal goal of goal _parser__try_stmt__union_arm_Arm_15_0_inj.
Prover result is: Valid (0.00s, 5290 steps).

File "/home/fabrice/git/pycsl/scratchpad/.pycsl_ir6cbmf_.mlw", line 3941, characters 63-68:
Sub-goal goal of goal _parser__try_stmt__union_arm_Arm_15_0_proj.
Prover result is: Valid (0.01s, 5285 steps).

File "/home/fabrice/git/pycsl/scratchpad/.pycsl_ir6cbmf_.mlw", line 3943, characters 23-69:
Sub-goal goal of goal _parser__case_block__union_arm_Arm_11_0_inj.
Prover result is: Valid (0.01s, 5290 steps).

File "/home/fabrice/git/pycsl/scratchpad/.pycsl_ir6cbmf_.mlw", line 3945, characters 65-70:
Sub-goal goal of goal _parser__case_block__union_arm_Arm_11_0_proj.
Prover result is: Valid (0.00s, 5285 steps).

File "/home/fabrice/git/pycsl/scratchpad/.pycsl_ir6cbmf_.mlw", line 3947, characters 23-66:
Sub-goal goal of goal _parser__funcdef__union_arm_Arm_16_0_inj.
Prover result is: Valid (0.00s, 5290 steps).

File "/home/fabrice/git/pycsl/scratchpad/.pycsl_ir6cbmf_.mlw", line 3949, characters 62-67:
Sub-goal goal of goal _parser__funcdef__union_arm_Arm_16_0_proj.
Prover result is: Valid (0.01s, 5285 steps).

File "/home/fabrice/git/pycsl/scratchpad/.pycsl_ir6cbmf_.mlw", line 3961, characters 15-19:
Sub-goal postcondition of goal _parser___fin_pos'vc.
Prover result is: Valid (0.01s, 5295 steps).

File "/home/fabrice/git/pycsl/scratchpad/.pycsl_ir6cbmf_.mlw", line 3985, characters 12-36:
Sub-goal precondition of goal _parser__parse_eval'vc.
Prover result is: Valid (0.00s, 5295 steps).

File "/home/fabrice/git/pycsl/scratchpad/.pycsl_ir6cbmf_.mlw", line 3981, characters 15-19:
Sub-goal postcondition of goal _parser__parse_eval'vc.
Prover result is: Valid (0.00s, 5326 steps).

File "/home/fabrice/git/pycsl/scratchpad/.pycsl_ir6cbmf_.mlw", line 4000, characters 18-72:
Sub-goal loop invariant init of goal _parser__parse_module'vc.
Prover result is: Valid (0.01s, 49699 steps).

File "/home/fabrice/git/pycsl/scratchpad/.pycsl_ir6cbmf_.mlw", line 4001, characters 18-34:
Sub-goal loop invariant init of goal _parser__parse_module'vc.
Prover result is: Valid (0.00s, 14098 steps).

File "/home/fabrice/git/pycsl/scratchpad/.pycsl_ir6cbmf_.mlw", line 3999, characters 29-48:
Sub-goal type invariant of goal _parser__parse_module'vc.
Prover result is: Valid (0.01s, 5444 steps).

File "/home/fabrice/git/pycsl/scratchpad/.pycsl_ir6cbmf_.mlw", line 3999, characters 29-48:
Sub-goal type invariant of goal _parser__parse_module'vc.
Prover result is: Valid (0.01s, 5451 steps).

File "/home/fabrice/git/pycsl/scratchpad/.pycsl_ir6cbmf_.mlw", line 3999, characters 29-48:
Sub-goal type invariant of goal _parser__parse_module'vc.
Prover result is: Valid (0.01s, 53794 steps).

File "/home/fabrice/git/pycsl/scratchpad/.pycsl_ir6cbmf_.mlw", line 3999, characters 29-48:
Sub-goal type invariant of goal _parser__parse_module'vc.
Prover result is: Valid (0.01s, 55394 steps).

File "/home/fabrice/git/pycsl/scratchpad/.pycsl_ir6cbmf_.mlw", line 3999, characters 29-48:
Sub-goal precondition of goal _parser__parse_module'vc.
Prover result is: Valid (0.00s, 5459 steps).

File "/home/fabrice/git/pycsl/scratchpad/.pycsl_ir6cbmf_.mlw", line 4004, characters 23-42:
Sub-goal precondition of goal _parser__parse_module'vc.
Prover result is: Valid (0.00s, 5560 steps).

File "/home/fabrice/git/pycsl/scratchpad/.pycsl_ir6cbmf_.mlw", line 4005, characters 16-39:
Sub-goal precondition of goal _parser__parse_module'vc.
Prover result is: Valid (0.00s, 5569 steps).

File "/home/fabrice/git/pycsl/scratchpad/.pycsl_ir6cbmf_.mlw", line 4002, characters 16-51:
Sub-goal loop variant decrease of goal _parser__parse_module'vc.
Prover result is: Valid (0.01s, 61846 steps).

File "/home/fabrice/git/pycsl/scratchpad/.pycsl_ir6cbmf_.mlw", line 4000, characters 18-72:
Sub-goal loop invariant preservation of goal _parser__parse_module'vc.
Prover result is: Valid (0.01s, 61773 steps).

File "/home/fabrice/git/pycsl/scratchpad/.pycsl_ir6cbmf_.mlw", line 4001, characters 18-34:
Sub-goal loop invariant preservation of goal _parser__parse_module'vc.
Prover result is: Valid (0.01s, 60719 steps).

File "/home/fabrice/git/pycsl/scratchpad/.pycsl_ir6cbmf_.mlw", line 4008, characters 39-64:
Sub-goal precondition of goal _parser__parse_module'vc.
Prover result is: Valid (0.00s, 5573 steps).

File "/home/fabrice/git/pycsl/scratchpad/.pycsl_ir6cbmf_.mlw", line 4002, characters 16-51:
Sub-goal loop variant decrease of goal _parser__parse_module'vc.
Prover result is: Valid (0.01s, 69419 steps).

File "/home/fabrice/git/pycsl/scratchpad/.pycsl_ir6cbmf_.mlw", line 4000, characters 18-72:
Sub-goal loop invariant preservation of goal _parser__parse_module'vc.
Prover result is: Valid (0.02s, 71052 steps).

File "/home/fabrice/git/pycsl/scratchpad/.pycsl_ir6cbmf_.mlw", line 4001, characters 18-34:
Sub-goal loop invariant preservation of goal _parser__parse_module'vc.
Prover result is: Valid (0.01s, 69490 steps).

File "/home/fabrice/git/pycsl/scratchpad/.pycsl_ir6cbmf_.mlw", line 3991, characters 15-19:
Sub-goal postcondition of goal _parser__parse_module'vc.
Prover result is: Valid (0.00s, 5853 steps).

File "/home/fabrice/git/pycsl/scratchpad/.pycsl_ir6cbmf_.mlw", line 3992, characters 15-39:
Sub-goal postcondition of goal _parser__parse_module'vc.
Prover result is: Valid (0.01s, 15607 steps).

File "/home/fabrice/git/pycsl/scratchpad/.pycsl_ir6cbmf_.mlw", line 4037, characters 18-67:
Sub-goal loop invariant init of goal _splitlines_no_ff'vc.
Prover result is: Valid (0.01s, 51917 steps).

File "/home/fabrice/git/pycsl/scratchpad/.pycsl_ir6cbmf_.mlw", line 4038, characters 16-47:
Sub-goal loop variant decrease of goal _splitlines_no_ff'vc.
Prover result is: Valid (0.01s, 45385 steps).

File "/home/fabrice/git/pycsl/scratchpad/.pycsl_ir6cbmf_.mlw", line 4037, characters 18-67:
Sub-goal loop invariant preservation of goal _splitlines_no_ff'vc.
Prover result is: Valid (0.02s, 79500 steps).

File "/home/fabrice/git/pycsl/scratchpad/.pycsl_ir6cbmf_.mlw", line 4038, characters 16-47:
Sub-goal loop variant decrease of goal _splitlines_no_ff'vc.
Prover result is: Valid (0.01s, 42983 steps).

File "/home/fabrice/git/pycsl/scratchpad/.pycsl_ir6cbmf_.mlw", line 4037, characters 18-67:
Sub-goal loop invariant preservation of goal _splitlines_no_ff'vc.
Prover result is: Valid (0.01s, 75380 steps).

File "/home/fabrice/git/pycsl/scratchpad/.pycsl_ir6cbmf_.mlw", line 4038, characters 16-47:
Sub-goal loop variant decrease of goal _splitlines_no_ff'vc.
Prover result is: Valid (0.01s, 31690 steps).

File "/home/fabrice/git/pycsl/scratchpad/.pycsl_ir6cbmf_.mlw", line 4037, characters 18-67:
Sub-goal loop invariant preservation of goal _splitlines_no_ff'vc.
Prover result is: Valid (0.01s, 58607 steps).

File "/home/fabrice/git/pycsl/scratchpad/.pycsl_ir6cbmf_.mlw", line 4029, characters 15-19:
Sub-goal postcondition of goal _splitlines_no_ff'vc.
Prover result is: Valid (0.01s, 6534 steps).

File "/home/fabrice/git/pycsl/scratchpad/.pycsl_ir6cbmf_.mlw", line 4029, characters 15-19:
Sub-goal postcondition of goal _splitlines_no_ff'vc.
Prover result is: Valid (0.00s, 5789 steps).

File "/home/fabrice/git/pycsl/scratchpad/.pycsl_ir6cbmf_.mlw", line 4061, characters 15-19:
Sub-goal postcondition of goal _unparser___for_helper'vc.
Prover result is: Valid (0.00s, 5276 steps).

File "/home/fabrice/git/pycsl/scratchpad/.pycsl_ir6cbmf_.mlw", line 4076, characters 15-19:
Sub-goal postcondition of goal _unparser___fstring_Constant'vc.
Prover result is: Valid (0.00s, 5276 steps).

File "/home/fabrice/git/pycsl/scratchpad/.pycsl_ir6cbmf_.mlw", line 4082, characters 15-19:
Sub-goal postcondition of goal _unparser___fstring_FormattedValue'vc.
Prover result is: Valid (0.01s, 5276 steps).

File "/home/fabrice/git/pycsl/scratchpad/.pycsl_ir6cbmf_.mlw", line 4088, characters 15-19:
Sub-goal postcondition of goal _unparser___fstring_JoinedStr'vc.
Prover result is: Valid (0.00s, 5276 steps).

File "/home/fabrice/git/pycsl/scratchpad/.pycsl_ir6cbmf_.mlw", line 4106, characters 15-19:
Sub-goal postcondition of goal _unparser___write_str_avoiding_backslashes'vc.
Prover result is: Valid (0.00s, 5286 steps).

File "/home/fabrice/git/pycsl/scratchpad/.pycsl_ir6cbmf_.mlw", line 4125, characters 16-71:
Sub-goal precondition of goal _unparser___write_constant'vc.
Prover result is: Valid (0.01s, 5363 steps).

File "/home/fabrice/git/pycsl/scratchpad/.pycsl_ir6cbmf_.mlw", line 4119, characters 15-19:
Sub-goal postcondition of goal _unparser___write_constant'vc.
Prover result is: Valid (0.00s, 5289 steps).

File "/home/fabrice/git/pycsl/scratchpad/.pycsl_ir6cbmf_.mlw", line 4139, characters 12-78:
Sub-goal precondition of goal _unparser___write_docstring'vc.
Prover result is: Valid (0.01s, 5276 steps).

File "/home/fabrice/git/pycsl/scratchpad/.pycsl_ir6cbmf_.mlw", line 4133, characters 15-19:
Sub-goal postcondition of goal _unparser___write_docstring'vc.
Prover result is: Valid (0.01s, 5276 steps).

File "/home/fabrice/git/pycsl/scratchpad/.pycsl_ir6cbmf_.mlw", line 4151, characters 15-19:
Sub-goal postcondition of goal _unparser__block'vc.
Prover result is: Valid (0.01s, 5276 steps).

File "/home/fabrice/git/pycsl/scratchpad/.pycsl_ir6cbmf_.mlw", line 4167, characters 15-19:
Sub-goal postcondition of goal _unparser__delimit'vc.
Prover result is: Valid (0.00s, 5276 steps).

File "/home/fabrice/git/pycsl/scratchpad/.pycsl_ir6cbmf_.mlw", line 4187, characters 15-19:
Sub-goal postcondition of goal _unparser__get_precedence'vc.
Prover result is: Valid (0.00s, 5276 steps).

File "/home/fabrice/git/pycsl/scratchpad/.pycsl_ir6cbmf_.mlw", line 4193, characters 15-19:
Sub-goal postcondition of goal _unparser__get_raw_docstring'vc.
Prover result is: Valid (0.00s, 5384 steps).

File "/home/fabrice/git/pycsl/scratchpad/.pycsl_ir6cbmf_.mlw", line 4193, characters 15-19:
Sub-goal postcondition of goal _unparser__get_raw_docstring'vc.
Prover result is: Valid (0.01s, 5391 steps).

File "/home/fabrice/git/pycsl/scratchpad/.pycsl_ir6cbmf_.mlw", line 4193, characters 15-19:
Sub-goal postcondition of goal _unparser__get_raw_docstring'vc.
Prover result is: Valid (0.00s, 5448 steps).

File "/home/fabrice/git/pycsl/scratchpad/.pycsl_ir6cbmf_.mlw", line 4193, characters 15-19:
Sub-goal postcondition of goal _unparser__get_raw_docstring'vc.
Prover result is: Valid (0.00s, 5446 steps).

File "/home/fabrice/git/pycsl/scratchpad/.pycsl_ir6cbmf_.mlw", line 4232, characters 15-19:
Sub-goal postcondition of goal _unparser__maybe_newline'vc.
Prover result is: Valid (0.01s, 5276 steps).

File "/home/fabrice/git/pycsl/scratchpad/.pycsl_ir6cbmf_.mlw", line 4252, characters 15-19:
Sub-goal postcondition of goal _unparser__visit'vc.
Prover result is: Valid (0.00s, 5276 steps).

File "/home/fabrice/git/pycsl/scratchpad/.pycsl_ir6cbmf_.mlw", line 4260, characters 15-19:
Sub-goal postcondition of goal _unparser__visit_AnnAssign'vc.
Prover result is: Valid (0.00s, 5276 steps).

File "/home/fabrice/git/pycsl/scratchpad/.pycsl_ir6cbmf_.mlw", line 4273, characters 15-19:
Sub-goal postcondition of goal _unparser__visit_Assert'vc.
Prover result is: Valid (0.00s, 5276 steps).

File "/home/fabrice/git/pycsl/scratchpad/.pycsl_ir6cbmf_.mlw", line 4290, characters 12-57:
Sub-goal precondition of goal _unparser__visit_AsyncFor'vc.
Prover result is: Valid (0.00s, 5276 steps).

File "/home/fabrice/git/pycsl/scratchpad/.pycsl_ir6cbmf_.mlw", line 4288, characters 15-19:
Sub-goal postcondition of goal _unparser__visit_AsyncFor'vc.
Prover result is: Valid (0.00s, 5276 steps).

File "/home/fabrice/git/pycsl/scratchpad/.pycsl_ir6cbmf_.mlw", line 4294, characters 15-19:
Sub-goal postcondition of goal _unparser__visit_AsyncFunctionDef'vc.
Prover result is: Valid (0.00s, 5276 steps).

File "/home/fabrice/git/pycsl/scratchpad/.pycsl_ir6cbmf_.mlw", line 4304, characters 15-19:
Sub-goal postcondition of goal _unparser__visit_Attribute'vc.
Prover result is: Valid (0.00s, 5330 steps).

File "/home/fabrice/git/pycsl/scratchpad/.pycsl_ir6cbmf_.mlw", line 4320, characters 15-19:
Sub-goal postcondition of goal _unparser__visit_Await'vc.
Prover result is: Valid (0.00s, 5276 steps).

File "/home/fabrice/git/pycsl/scratchpad/.pycsl_ir6cbmf_.mlw", line 4331, characters 15-19:
Sub-goal postcondition of goal _unparser__visit_BinOp'vc.
Prover result is: Valid (0.01s, 5281 steps).

File "/home/fabrice/git/pycsl/scratchpad/.pycsl_ir6cbmf_.mlw", line 4331, characters 15-19:
Sub-goal postcondition of goal _unparser__visit_BinOp'vc.
Prover result is: Valid (0.00s, 5290 steps).

File "/home/fabrice/git/pycsl/scratchpad/.pycsl_ir6cbmf_.mlw", line 4358, characters 15-19:
Sub-goal postcondition of goal _unparser__visit_Break'vc.
Prover result is: Valid (0.00s, 5276 steps).

File "/home/fabrice/git/pycsl/scratchpad/.pycsl_ir6cbmf_.mlw", line 4389, characters 16-66:
Sub-goal precondition of goal _unparser__visit_Constant'vc.
Prover result is: Valid (0.00s, 5296 steps).

File "/home/fabrice/git/pycsl/scratchpad/.pycsl_ir6cbmf_.mlw", line 4376, characters 15-19:
Sub-goal postcondition of goal _unparser__visit_Constant'vc.
Prover result is: Valid (0.00s, 5276 steps).

File "/home/fabrice/git/pycsl/scratchpad/.pycsl_ir6cbmf_.mlw", line 4395, characters 15-19:
Sub-goal postcondition of goal _unparser__visit_Continue'vc.
Prover result is: Valid (0.01s, 5276 steps).

File "/home/fabrice/git/pycsl/scratchpad/.pycsl_ir6cbmf_.mlw", line 4413, characters 15-19:
Sub-goal postcondition of goal _unparser__visit_Ellipsis'vc.
Prover result is: Valid (0.00s, 5276 steps).

File "/home/fabrice/git/pycsl/scratchpad/.pycsl_ir6cbmf_.mlw", line 4419, characters 15-19:
Sub-goal postcondition of goal _unparser__visit_ExceptHandler'vc.
Prover result is: Valid (0.00s, 5278 steps).

File "/home/fabrice/git/pycsl/scratchpad/.pycsl_ir6cbmf_.mlw", line 4434, characters 15-19:
Sub-goal postcondition of goal _unparser__visit_Expr'vc.
Prover result is: Valid (0.00s, 5276 steps).

File "/home/fabrice/git/pycsl/scratchpad/.pycsl_ir6cbmf_.mlw", line 4444, characters 12-56:
Sub-goal precondition of goal _unparser__visit_For'vc.
Prover result is: Valid (0.00s, 5276 steps).

File "/home/fabrice/git/pycsl/scratchpad/.pycsl_ir6cbmf_.mlw", line 4442, characters 15-19:
Sub-goal postcondition of goal _unparser__visit_For'vc.
Prover result is: Valid (0.00s, 5276 steps).

File "/home/fabrice/git/pycsl/scratchpad/.pycsl_ir6cbmf_.mlw", line 4452, characters 15-19:
Sub-goal postcondition of goal _unparser__visit_FunctionDef'vc.
Prover result is: Valid (0.01s, 5276 steps).

File "/home/fabrice/git/pycsl/scratchpad/.pycsl_ir6cbmf_.mlw", line 4474, characters 15-19:
Sub-goal postcondition of goal _unparser__visit_IfExp'vc.
Prover result is: Valid (0.00s, 5276 steps).

File "/home/fabrice/git/pycsl/scratchpad/.pycsl_ir6cbmf_.mlw", line 4498, characters 15-19:
Sub-goal postcondition of goal _unparser__visit_Lambda'vc.
Prover result is: Valid (0.01s, 5276 steps).

File "/home/fabrice/git/pycsl/scratchpad/.pycsl_ir6cbmf_.mlw", line 4523, characters 15-19:
Sub-goal postcondition of goal _unparser__visit_MatchAs'vc.
Prover result is: Valid (0.01s, 5276 steps).

File "/home/fabrice/git/pycsl/scratchpad/.pycsl_ir6cbmf_.mlw", line 4561, characters 12-62:
Sub-goal precondition of goal _unparser__visit_MatchSingleton'vc.
Prover result is: Valid (0.00s, 5276 steps).

File "/home/fabrice/git/pycsl/scratchpad/.pycsl_ir6cbmf_.mlw", line 4559, characters 15-19:
Sub-goal postcondition of goal _unparser__visit_MatchSingleton'vc.
Prover result is: Valid (0.01s, 5276 steps).

File "/home/fabrice/git/pycsl/scratchpad/.pycsl_ir6cbmf_.mlw", line 4569, characters 15-19:
Sub-goal postcondition of goal _unparser__visit_MatchValue'vc.
Prover result is: Valid (0.00s, 5276 steps).

File "/home/fabrice/git/pycsl/scratchpad/.pycsl_ir6cbmf_.mlw", line 4575, characters 15-19:
Sub-goal postcondition of goal _unparser__visit_Module'vc.
Prover result is: Valid (0.00s, 5276 steps).

File "/home/fabrice/git/pycsl/scratchpad/.pycsl_ir6cbmf_.mlw", line 4583, characters 15-19:
Sub-goal postcondition of goal _unparser__visit_Name'vc.
Prover result is: Valid (0.00s, 5276 steps).

File "/home/fabrice/git/pycsl/scratchpad/.pycsl_ir6cbmf_.mlw", line 4589, characters 15-19:
Sub-goal postcondition of goal _unparser__visit_NamedExpr'vc.
Prover result is: Valid (0.00s, 5276 steps).

File "/home/fabrice/git/pycsl/scratchpad/.pycsl_ir6cbmf_.mlw", line 4606, characters 15-19:
Sub-goal postcondition of goal _unparser__visit_Pass'vc.
Prover result is: Valid (0.00s, 5276 steps).

File "/home/fabrice/git/pycsl/scratchpad/.pycsl_ir6cbmf_.mlw", line 4612, characters 15-19:
Sub-goal postcondition of goal _unparser__visit_Raise'vc.
Prover result is: Valid (0.00s, 5276 steps).

File "/home/fabrice/git/pycsl/scratchpad/.pycsl_ir6cbmf_.mlw", line 4612, characters 15-19:
Sub-goal postcondition of goal _unparser__visit_Raise'vc.
Prover result is: Valid (0.00s, 5285 steps).

File "/home/fabrice/git/pycsl/scratchpad/.pycsl_ir6cbmf_.mlw", line 4634, characters 15-19:
Sub-goal postcondition of goal _unparser__visit_Return'vc.
Prover result is: Valid (0.01s, 5276 steps).

File "/home/fabrice/git/pycsl/scratchpad/.pycsl_ir6cbmf_.mlw", line 4652, characters 15-19:
Sub-goal postcondition of goal _unparser__visit_Slice'vc.
Prover result is: Valid (0.00s, 5278 steps).

File "/home/fabrice/git/pycsl/scratchpad/.pycsl_ir6cbmf_.mlw", line 4668, characters 15-19:
Sub-goal postcondition of goal _unparser__visit_Starred'vc.
Prover result is: Valid (0.00s, 5276 steps).

File "/home/fabrice/git/pycsl/scratchpad/.pycsl_ir6cbmf_.mlw", line 4676, characters 15-19:
Sub-goal postcondition of goal _unparser__visit_Subscript'vc.
Prover result is: Valid (0.00s, 5276 steps).

File "/home/fabrice/git/pycsl/scratchpad/.pycsl_ir6cbmf_.mlw", line 4688, characters 15-19:
Sub-goal postcondition of goal _unparser__visit_Try'vc.
Prover result is: Valid (0.00s, 5276 steps).

File "/home/fabrice/git/pycsl/scratchpad/.pycsl_ir6cbmf_.mlw", line 4697, characters 15-19:
Sub-goal postcondition of goal _unparser__visit_TryStar'vc.
Prover result is: Valid (0.00s, 5276 steps).

File "/home/fabrice/git/pycsl/scratchpad/.pycsl_ir6cbmf_.mlw", line 4706, characters 15-19:
Sub-goal postcondition of goal _unparser__visit_Tuple'vc.
Prover result is: Valid (0.01s, 5276 steps).

File "/home/fabrice/git/pycsl/scratchpad/.pycsl_ir6cbmf_.mlw", line 4712, characters 15-19:
Sub-goal postcondition of goal _unparser__visit_TypeAlias'vc.
Prover result is: Valid (0.00s, 5276 steps).

File "/home/fabrice/git/pycsl/scratchpad/.pycsl_ir6cbmf_.mlw", line 4722, characters 15-19:
Sub-goal postcondition of goal _unparser__visit_TypeVar'vc.
Prover result is: Valid (0.00s, 5276 steps).

File "/home/fabrice/git/pycsl/scratchpad/.pycsl_ir6cbmf_.mlw", line 4736, characters 15-19:
Sub-goal postcondition of goal _unparser__visit_UnaryOp'vc.
Prover result is: Valid (0.00s, 5276 steps).

File "/home/fabrice/git/pycsl/scratchpad/.pycsl_ir6cbmf_.mlw", line 4751, characters 15-19:
Sub-goal postcondition of goal _unparser__visit_While'vc.
Prover result is: Valid (0.01s, 5276 steps).

File "/home/fabrice/git/pycsl/scratchpad/.pycsl_ir6cbmf_.mlw", line 4767, characters 15-19:
Sub-goal postcondition of goal _unparser__visit_Yield'vc.
Prover result is: Valid (0.01s, 5276 steps).

File "/home/fabrice/git/pycsl/scratchpad/.pycsl_ir6cbmf_.mlw", line 4778, characters 15-19:
Sub-goal postcondition of goal _unparser__visit_YieldFrom'vc.
Prover result is: Valid (0.01s, 5285 steps).

File "/home/fabrice/git/pycsl/scratchpad/.pycsl_ir6cbmf_.mlw", line 4794, characters 15-19:
Sub-goal postcondition of goal _unparser__visit_arg'vc.
Prover result is: Valid (0.00s, 5276 steps).

File "/home/fabrice/git/pycsl/scratchpad/.pycsl_ir6cbmf_.mlw", line 4812, characters 15-19:
Sub-goal postcondition of goal _unparser__visit_keyword'vc.
Prover result is: Valid (0.01s, 5277 steps).

File "/home/fabrice/git/pycsl/scratchpad/.pycsl_ir6cbmf_.mlw", line 4824, characters 15-19:
Sub-goal postcondition of goal _unparser__visit_match_case'vc.
Prover result is: Valid (0.01s, 5277 steps).

File "/home/fabrice/git/pycsl/scratchpad/.pycsl_ir6cbmf_.mlw", line 4836, characters 15-19:
Sub-goal postcondition of goal _unparser__visit_withitem'vc.
Prover result is: Valid (0.00s, 5276 steps).

File "/home/fabrice/git/pycsl/scratchpad/.pycsl_ir6cbmf_.mlw", line 4846, characters 15-19:
Sub-goal postcondition of goal _unparser__write'vc.
Prover result is: Valid (0.00s, 5276 steps).

File "/home/fabrice/git/pycsl/scratchpad/.pycsl_ir6cbmf_.mlw", line 4868, characters 15-19:
Sub-goal postcondition of goal get_docstring'vc.
Prover result is: Valid (0.00s, 5303 steps).

File "/home/fabrice/git/pycsl/scratchpad/.pycsl_ir6cbmf_.mlw", line 4868, characters 15-19:
Sub-goal postcondition of goal get_docstring'vc.
Prover result is: Valid (0.00s, 5384 steps).

File "/home/fabrice/git/pycsl/scratchpad/.pycsl_ir6cbmf_.mlw", line 4868, characters 15-19:
Sub-goal postcondition of goal get_docstring'vc.
Prover result is: Valid (0.00s, 5380 steps).

File "/home/fabrice/git/pycsl/scratchpad/.pycsl_ir6cbmf_.mlw", line 4868, characters 15-19:
Sub-goal postcondition of goal get_docstring'vc.
Prover result is: Valid (0.01s, 5373 steps).

Warnings/Errors from Why3:
Warning, file "/home/fabrice/git/pycsl/scratchpad/.pycsl_ir6cbmf_.mlw", line 577, characters 21-22: unused variable s
Warning, file "/home/fabrice/git/pycsl/scratchpad/.pycsl_ir6cbmf_.mlw", line 602, characters 20-22: unused variable x0
Warning, file "/home/fabrice/git/pycsl/scratchpad/.pycsl_ir6cbmf_.mlw", line 609, characters 26-28: unused variable x0
Warning, file "/home/fabrice/git/pycsl/scratchpad/.pycsl_ir6cbmf_.mlw", line 645, characters 20-23: unused variable sep
Warning, file "/home/fabrice/git/pycsl/scratchpad/.pycsl_ir6cbmf_.mlw", line 645, characters 34-36: unused variable xs
Warning, file "/home/fabrice/git/pycsl/scratchpad/.pycsl_ir6cbmf_.mlw", line 668, characters 15-19: unused variable result
Warning, file "/home/fabrice/git/pycsl/scratchpad/.pycsl_ir6cbmf_.mlw", line 672, characters 20-29: unused variable namespace
Warning, file "/home/fabrice/git/pycsl/scratchpad/.pycsl_ir6cbmf_.mlw", line 680, characters 27-32: unused variable value
Warning, file "/home/fabrice/git/pycsl/scratchpad/.pycsl_ir6cbmf_.mlw", line 684, characters 23-27: unused variable body
Warning, file "/home/fabrice/git/pycsl/scratchpad/.pycsl_ir6cbmf_.mlw", line 684, characters 35-43: unused variable is_bytes
Warning, file "/home/fabrice/git/pycsl/scratchpad/.pycsl_ir6cbmf_.mlw", line 688, characters 30-34: unused variable text
Warning, file "/home/fabrice/git/pycsl/scratchpad/.pycsl_ir6cbmf_.mlw", line 688, characters 45-51: unused variable is_raw
Warning, file "/home/fabrice/git/pycsl/scratchpad/.pycsl_ir6cbmf_.mlw", line 690, characters 15-19: unused variable result
Warning, file "/home/fabrice/git/pycsl/scratchpad/.pycsl_ir6cbmf_.mlw", line 692, characters 22-25: unused variable tok
Warning, file "/home/fabrice/git/pycsl/scratchpad/.pycsl_ir6cbmf_.mlw", line 694, characters 15-19: unused variable result
Warning, file "/home/fabrice/git/pycsl/scratchpad/.pycsl_ir6cbmf_.mlw", line 700, characters 8-10: unused variable ch
Warning, file "/home/fabrice/git/pycsl/scratchpad/.pycsl_ir6cbmf_.mlw", line 698, characters 15-19: unused variable result
Warning, file "/home/fabrice/git/pycsl/scratchpad/.pycsl_ir6cbmf_.mlw", line 720, characters 15-19: unused variable result
Warning, file "/home/fabrice/git/pycsl/scratchpad/.pycsl_ir6cbmf_.mlw", line 724, characters 12-18: unused variable source
Warning, file "/home/fabrice/git/pycsl/scratchpad/.pycsl_ir6cbmf_.mlw", line 728, characters 28-34: unused variable values
Warning, file "/home/fabrice/git/pycsl/scratchpad/.pycsl_ir6cbmf_.mlw", line 728, characters 52-62: unused variable drop_empty
Warning, file "/home/fabrice/git/pycsl/scratchpad/.pycsl_ir6cbmf_.mlw", line 730, characters 15-19: unused variable result
Warning, file "/home/fabrice/git/pycsl/scratchpad/.pycsl_ir6cbmf_.mlw", line 734, characters 15-19: unused variable result
Warning, file "/home/fabrice/git/pycsl/scratchpad/.pycsl_ir6cbmf_.mlw", line 748, characters 8-9: unused variable c
Warning, file "/home/fabrice/git/pycsl/scratchpad/.pycsl_ir6cbmf_.mlw", line 746, characters 15-19: unused variable result
Warning, file "/home/fabrice/git/pycsl/scratchpad/.pycsl_ir6cbmf_.mlw", line 764, characters 21-22: unused variable s
Warning, file "/home/fabrice/git/pycsl/scratchpad/.pycsl_ir6cbmf_.mlw", line 766, characters 15-19: unused variable result
Warning, file "/home/fabrice/git/pycsl/scratchpad/.pycsl_ir6cbmf_.mlw", line 770, characters 15-97: unused variable result
Warning, file "/home/fabrice/git/pycsl/scratchpad/.pycsl_ir6cbmf_.mlw", line 822, characters 15-38: unused variable result
Warning, file "/home/fabrice/git/pycsl/scratchpad/.pycsl_ir6cbmf_.mlw", line 832, characters 15-38: unused variable result
Warning, file "/home/fabrice/git/pycsl/scratchpad/.pycsl_ir6cbmf_.mlw", line 842, characters 15-38: unused variable result
Warning, file "/home/fabrice/git/pycsl/scratchpad/.pycsl_ir6cbmf_.mlw", line 853, characters 15-38: unused variable result
Warning, file "/home/fabrice/git/pycsl/scratchpad/.pycsl_ir6cbmf_.mlw", line 879, characters 15-19: unused variable result
Warning, file "/home/fabrice/git/pycsl/scratchpad/.pycsl_ir6cbmf_.mlw", line 886, characters 16-20: unused variable node
Warning, file "/home/fabrice/git/pycsl/scratchpad/.pycsl_ir6cbmf_.mlw", line 886, characters 32-35: unused variable ctx
Warning, file "/home/fabrice/git/pycsl/scratchpad/.pycsl_ir6cbmf_.mlw", line 888, characters 15-19: unused variable result
Warning, file "/home/fabrice/git/pycsl/scratchpad/.pycsl_ir6cbmf_.mlw", line 892, characters 15-19: unused variable result
Warning, file "/home/fabrice/git/pycsl/scratchpad/.pycsl_ir6cbmf_.mlw", line 899, characters 15-19: unused variable result
Warning, file "/home/fabrice/git/pycsl/scratchpad/.pycsl_ir6cbmf_.mlw", line 904, characters 23-27: unused variable self
Warning, file "/home/fabrice/git/pycsl/scratchpad/.pycsl_ir6cbmf_.mlw", line 904, characters 39-44: unused variable start
Warning, file "/home/fabrice/git/pycsl/scratchpad/.pycsl_ir6cbmf_.mlw", line 904, characters 64-70: unused variable py_end
Warning, file "/home/fabrice/git/pycsl/scratchpad/.pycsl_ir6cbmf_.mlw", line 906, characters 15-19: unused variable result
Warning, file "/home/fabrice/git/pycsl/scratchpad/.pycsl_ir6cbmf_.mlw", line 2264, characters 15-19: unused variable result
Warning, file "/home/fabrice/git/pycsl/scratchpad/.pycsl_ir6cbmf_.mlw", line 2245, characters 15-19: unused variable result
Warning, file "/home/fabrice/git/pycsl/scratchpad/.pycsl_ir6cbmf_.mlw", line 2217, characters 15-19: unused variable result
Warning, file "/home/fabrice/git/pycsl/scratchpad/.pycsl_ir6cbmf_.mlw", line 2199, characters 15-39: unused variable result
Warning, file "/home/fabrice/git/pycsl/scratchpad/.pycsl_ir6cbmf_.mlw", line 2188, characters 15-19: unused variable result
Warning, file "/home/fabrice/git/pycsl/scratchpad/.pycsl_ir6cbmf_.mlw", line 2118, characters 15-19: unused variable result
Warning, file "/home/fabrice/git/pycsl/scratchpad/.pycsl_ir6cbmf_.mlw", line 2109, characters 16-22: unused variable py_end
Warning, file "/home/fabrice/git/pycsl/scratchpad/.pycsl_ir6cbmf_.mlw", line 2092, characters 16-22: unused variable py_end
Warning, file "/home/fabrice/git/pycsl/scratchpad/.pycsl_ir6cbmf_.mlw", line 2086, characters 16-22: unused variable py_end
Warning, file "/home/fabrice/git/pycsl/scratchpad/.pycsl_ir6cbmf_.mlw", line 2058, characters 16-22: unused variable py_end
Warning, file "/home/fabrice/git/pycsl/scratchpad/.pycsl_ir6cbmf_.mlw", line 2046, characters 10-16: unused variable py_end
Warning, file "/home/fabrice/git/pycsl/scratchpad/.pycsl_ir6cbmf_.mlw", line 2043, characters 8-14: unused variable py_end
Warning, file "/home/fabrice/git/pycsl/scratchpad/.pycsl_ir6cbmf_.mlw", line 2037, characters 8-16: unused variable elts_len
Warning, file "/home/fabrice/git/pycsl/scratchpad/.pycsl_ir6cbmf_.mlw", line 2036, characters 8-16: unused variable keys_len
Warning, file "/home/fabrice/git/pycsl/scratchpad/.pycsl_ir6cbmf_.mlw", line 2035, characters 8-18: unused variable values_len
Warning, file "/home/fabrice/git/pycsl/scratchpad/.pycsl_ir6cbmf_.mlw", line 2028, characters 15-19: unused variable result
Warning, file "/home/fabrice/git/pycsl/scratchpad/.pycsl_ir6cbmf_.mlw", line 2024, characters 8-14: unused variable py_end
Warning, file "/home/fabrice/git/pycsl/scratchpad/.pycsl_ir6cbmf_.mlw", line 1997, characters 8-14: unused variable py_end
Warning, file "/home/fabrice/git/pycsl/scratchpad/.pycsl_ir6cbmf_.mlw", line 1994, characters 8-16: unused variable keys_len
Warning, file "/home/fabrice/git/pycsl/scratchpad/.pycsl_ir6cbmf_.mlw", line 1993, characters 8-18: unused variable values_len
Warning, file "/home/fabrice/git/pycsl/scratchpad/.pycsl_ir6cbmf_.mlw", line 1986, characters 44-45: unused variable t
Warning, file "/home/fabrice/git/pycsl/scratchpad/.pycsl_ir6cbmf_.mlw", line 1986, characters 54-63: unused variable first_key
Warning, file "/home/fabrice/git/pycsl/scratchpad/.pycsl_ir6cbmf_.mlw", line 1988, characters 15-19: unused variable result
Warning, file "/home/fabrice/git/pycsl/scratchpad/.pycsl_ir6cbmf_.mlw", line 1959, characters 15-19: unused variable result
Warning, file "/home/fabrice/git/pycsl/scratchpad/.pycsl_ir6cbmf_.mlw", line 1939, characters 15-19: unused variable result
Warning, file "/home/fabrice/git/pycsl/scratchpad/.pycsl_ir6cbmf_.mlw", line 1874, characters 8-16: unused variable args_len
Warning, file "/home/fabrice/git/pycsl/scratchpad/.pycsl_ir6cbmf_.mlw", line 1873, characters 8-20: unused variable defaults_len
Warning, file "/home/fabrice/git/pycsl/scratchpad/.pycsl_ir6cbmf_.mlw", line 1872, characters 8-23: unused variable kw_defaults_len
Warning, file "/home/fabrice/git/pycsl/scratchpad/.pycsl_ir6cbmf_.mlw", line 1871, characters 8-18: unused variable kwonly_len
Warning, file "/home/fabrice/git/pycsl/scratchpad/.pycsl_ir6cbmf_.mlw", line 1866, characters 15-19: unused variable result
Warning, file "/home/fabrice/git/pycsl/scratchpad/.pycsl_ir6cbmf_.mlw", line 1844, characters 8-18: unused variable values_len
Warning, file "/home/fabrice/git/pycsl/scratchpad/.pycsl_ir6cbmf_.mlw", line 1837, characters 15-19: unused variable result
Warning, file "/home/fabrice/git/pycsl/scratchpad/.pycsl_ir6cbmf_.mlw", line 1815, characters 8-18: unused variable values_len
Warning, file "/home/fabrice/git/pycsl/scratchpad/.pycsl_ir6cbmf_.mlw", line 1808, characters 15-19: unused variable result
Warning, file "/home/fabrice/git/pycsl/scratchpad/.pycsl_ir6cbmf_.mlw", line 1789, characters 15-19: unused variable result
Warning, file "/home/fabrice/git/pycsl/scratchpad/.pycsl_ir6cbmf_.mlw", line 1738, characters 8-23: unused variable comparators_len
Warning, file "/home/fabrice/git/pycsl/scratchpad/.pycsl_ir6cbmf_.mlw", line 1737, characters 8-15: unused variable ops_len
Warning, file "/home/fabrice/git/pycsl/scratchpad/.pycsl_ir6cbmf_.mlw", line 1730, characters 15-19: unused variable result
Warning, file "/home/fabrice/git/pycsl/scratchpad/.pycsl_ir6cbmf_.mlw", line 1721, characters 15-19: unused variable result
Warning, file "/home/fabrice/git/pycsl/scratchpad/.pycsl_ir6cbmf_.mlw", line 1686, characters 8-16: unused variable gens_len
Warning, file "/home/fabrice/git/pycsl/scratchpad/.pycsl_ir6cbmf_.mlw", line 1685, characters 8-15: unused variable ifs_len
Warning, file "/home/fabrice/git/pycsl/scratchpad/.pycsl_ir6cbmf_.mlw", line 1680, characters 15-19: unused variable result
Warning, file "/home/fabrice/git/pycsl/scratchpad/.pycsl_ir6cbmf_.mlw", line 1647, characters 8-16: unused variable elts_len
Warning, file "/home/fabrice/git/pycsl/scratchpad/.pycsl_ir6cbmf_.mlw", line 1642, characters 15-19: unused variable result
Warning, file "/home/fabrice/git/pycsl/scratchpad/.pycsl_ir6cbmf_.mlw", line 1630, characters 8-14: unused variable py_val
Warning, file "/home/fabrice/git/pycsl/scratchpad/.pycsl_ir6cbmf_.mlw", line 1624, characters 15-19: unused variable result
Warning, file "/home/fabrice/git/pycsl/scratchpad/.pycsl_ir6cbmf_.mlw", line 1610, characters 15-19: unused variable result
Warning, file "/home/fabrice/git/pycsl/scratchpad/.pycsl_ir6cbmf_.mlw", line 1598, characters 8-14: unused variable py_val
Warning, file "/home/fabrice/git/pycsl/scratchpad/.pycsl_ir6cbmf_.mlw", line 1591, characters 15-19: unused variable result
Warning, file "/home/fabrice/git/pycsl/scratchpad/.pycsl_ir6cbmf_.mlw", line 1568, characters 15-19: unused variable result
Warning, file "/home/fabrice/git/pycsl/scratchpad/.pycsl_ir6cbmf_.mlw", line 1561, characters 12-18: unused variable py_end
Warning, file "/home/fabrice/git/pycsl/scratchpad/.pycsl_ir6cbmf_.mlw", line 1544, characters 12-18: unused variable py_end
Warning, file "/home/fabrice/git/pycsl/scratchpad/.pycsl_ir6cbmf_.mlw", line 1538, characters 10-16: unused variable py_end
Warning, file "/home/fabrice/git/pycsl/scratchpad/.pycsl_ir6cbmf_.mlw", line 1535, characters 8-14: unused variable py_end
Warning, file "/home/fabrice/git/pycsl/scratchpad/.pycsl_ir6cbmf_.mlw", line 1532, characters 8-16: unused variable elts_len
Warning, file "/home/fabrice/git/pycsl/scratchpad/.pycsl_ir6cbmf_.mlw", line 1525, characters 15-19: unused variable result
Warning, file "/home/fabrice/git/pycsl/scratchpad/.pycsl_ir6cbmf_.mlw", line 1515, characters 18-24: unused variable py_end
Warning, file "/home/fabrice/git/pycsl/scratchpad/.pycsl_ir6cbmf_.mlw", line 1512, characters 18-24: unused variable py_end
Warning, file "/home/fabrice/git/pycsl/scratchpad/.pycsl_ir6cbmf_.mlw", line 1493, characters 16-22: unused variable py_end
Warning, file "/home/fabrice/git/pycsl/scratchpad/.pycsl_ir6cbmf_.mlw", line 1487, characters 14-20: unused variable py_end
Warning, file "/home/fabrice/git/pycsl/scratchpad/.pycsl_ir6cbmf_.mlw", line 1469, characters 12-18: unused variable py_end
Warning, file "/home/fabrice/git/pycsl/scratchpad/.pycsl_ir6cbmf_.mlw", line 1464, characters 10-16: unused variable py_end
Warning, file "/home/fabrice/git/pycsl/scratchpad/.pycsl_ir6cbmf_.mlw", line 1461, characters 8-14: unused variable py_end
Warning, file "/home/fabrice/git/pycsl/scratchpad/.pycsl_ir6cbmf_.mlw", line 1456, characters 8-16: unused variable elts_len
Warning, file "/home/fabrice/git/pycsl/scratchpad/.pycsl_ir6cbmf_.mlw", line 1449, characters 15-19: unused variable result
Warning, file "/home/fabrice/git/pycsl/scratchpad/.pycsl_ir6cbmf_.mlw", line 1433, characters 8-14: unused variable py_val
Warning, file "/home/fabrice/git/pycsl/scratchpad/.pycsl_ir6cbmf_.mlw", line 1426, characters 15-19: unused variable result
Warning, file "/home/fabrice/git/pycsl/scratchpad/.pycsl_ir6cbmf_.mlw", line 1399, characters 8-16: unused variable elts_len
Warning, file "/home/fabrice/git/pycsl/scratchpad/.pycsl_ir6cbmf_.mlw", line 1393, characters 15-19: unused variable result
Warning, file "/home/fabrice/git/pycsl/scratchpad/.pycsl_ir6cbmf_.mlw", line 1343, characters 12-18: unused variable py_val
Warning, file "/home/fabrice/git/pycsl/scratchpad/.pycsl_ir6cbmf_.mlw", line 1318, characters 8-14: unused variable py_val
Warning, file "/home/fabrice/git/pycsl/scratchpad/.pycsl_ir6cbmf_.mlw", line 1316, characters 8-17: unused variable parts_len
Warning, file "/home/fabrice/git/pycsl/scratchpad/.pycsl_ir6cbmf_.mlw", line 1315, characters 8-18: unused variable values_len
Warning, file "/home/fabrice/git/pycsl/scratchpad/.pycsl_ir6cbmf_.mlw", line 1308, characters 15-19: unused variable result
Warning, file "/home/fabrice/git/pycsl/scratchpad/.pycsl_ir6cbmf_.mlw", line 1303, characters 8-14: unused variable py_end
Warning, file "/home/fabrice/git/pycsl/scratchpad/.pycsl_ir6cbmf_.mlw", line 1278, characters 8-14: unused variable py_end
Warning, file "/home/fabrice/git/pycsl/scratchpad/.pycsl_ir6cbmf_.mlw", line 1272, characters 8-18: unused variable values_len
Warning, file "/home/fabrice/git/pycsl/scratchpad/.pycsl_ir6cbmf_.mlw", line 1266, characters 15-19: unused variable result
Warning, file "/home/fabrice/git/pycsl/scratchpad/.pycsl_ir6cbmf_.mlw", line 1247, characters 8-14: unused variable py_end
Warning, file "/home/fabrice/git/pycsl/scratchpad/.pycsl_ir6cbmf_.mlw", line 1222, characters 8-14: unused variable py_end
Warning, file "/home/fabrice/git/pycsl/scratchpad/.pycsl_ir6cbmf_.mlw", line 1215, characters 8-15: unused variable out_len
Warning, file "/home/fabrice/git/pycsl/scratchpad/.pycsl_ir6cbmf_.mlw", line 1210, characters 15-19: unused variable result
Warning, file "/home/fabrice/git/pycsl/scratchpad/.pycsl_ir6cbmf_.mlw", line 1167, characters 8-18: unused variable values_len
Warning, file "/home/fabrice/git/pycsl/scratchpad/.pycsl_ir6cbmf_.mlw", line 1162, characters 15-19: unused variable result
Warning, file "/home/fabrice/git/pycsl/scratchpad/.pycsl_ir6cbmf_.mlw", line 1135, characters 8-16: unused variable elts_len
Warning, file "/home/fabrice/git/pycsl/scratchpad/.pycsl_ir6cbmf_.mlw", line 1129, characters 15-19: unused variable result
Warning, file "/home/fabrice/git/pycsl/scratchpad/.pycsl_ir6cbmf_.mlw", line 1112, characters 16-22: unused variable py_end
Warning, file "/home/fabrice/git/pycsl/scratchpad/.pycsl_ir6cbmf_.mlw", line 1101, characters 14-20: unused variable py_end
Warning, file "/home/fabrice/git/pycsl/scratchpad/.pycsl_ir6cbmf_.mlw", line 1088, characters 12-18: unused variable py_end
Warning, file "/home/fabrice/git/pycsl/scratchpad/.pycsl_ir6cbmf_.mlw", line 1072, characters 8-14: unused variable py_end
Warning, file "/home/fabrice/git/pycsl/scratchpad/.pycsl_ir6cbmf_.mlw", line 1062, characters 15-19: unused variable result
Warning, file "/home/fabrice/git/pycsl/scratchpad/.pycsl_ir6cbmf_.mlw", line 1006, characters 8-16: unused variable args_len
Warning, file "/home/fabrice/git/pycsl/scratchpad/.pycsl_ir6cbmf_.mlw", line 1005, characters 8-20: unused variable keywords_len
Warning, file "/home/fabrice/git/pycsl/scratchpad/.pycsl_ir6cbmf_.mlw", line 1000, characters 15-19: unused variable result
Warning, file "/home/fabrice/git/pycsl/scratchpad/.pycsl_ir6cbmf_.mlw", line 965, characters 8-16: unused variable elts_len
Warning, file "/home/fabrice/git/pycsl/scratchpad/.pycsl_ir6cbmf_.mlw", line 959, characters 15-19: unused variable result
Warning, file "/home/fabrice/git/pycsl/scratchpad/.pycsl_ir6cbmf_.mlw", line 928, characters 15-19: unused variable result
Warning, file "/home/fabrice/git/pycsl/scratchpad/.pycsl_ir6cbmf_.mlw", line 910, characters 15-19: unused variable result
Warning, file "/home/fabrice/git/pycsl/scratchpad/.pycsl_ir6cbmf_.mlw", line 2308, characters 15-39: unused variable result
Warning, file "/home/fabrice/git/pycsl/scratchpad/.pycsl_ir6cbmf_.mlw", line 2324, characters 8-17: unused variable parts_len
Warning, file "/home/fabrice/git/pycsl/scratchpad/.pycsl_ir6cbmf_.mlw", line 2321, characters 15-39: unused variable result
Warning, file "/home/fabrice/git/pycsl/scratchpad/.pycsl_ir6cbmf_.mlw", line 2348, characters 15-19: unused variable result
Warning, file "/home/fabrice/git/pycsl/scratchpad/.pycsl_ir6cbmf_.mlw", line 2376, characters 15-19: unused variable result
Warning, file "/home/fabrice/git/pycsl/scratchpad/.pycsl_ir6cbmf_.mlw", line 2400, characters 8-16: unused variable elts_len
Warning, file "/home/fabrice/git/pycsl/scratchpad/.pycsl_ir6cbmf_.mlw", line 2396, characters 15-19: unused variable result
Warning, file "/home/fabrice/git/pycsl/scratchpad/.pycsl_ir6cbmf_.mlw", line 2424, characters 8-19: unused variable targets_len
Warning, file "/home/fabrice/git/pycsl/scratchpad/.pycsl_ir6cbmf_.mlw", line 2419, characters 15-19: unused variable result
Warning, file "/home/fabrice/git/pycsl/scratchpad/.pycsl_ir6cbmf_.mlw", line 2452, characters 8-16: unused variable elts_len
Warning, file "/home/fabrice/git/pycsl/scratchpad/.pycsl_ir6cbmf_.mlw", line 2446, characters 15-19: unused variable result
Warning, file "/home/fabrice/git/pycsl/scratchpad/.pycsl_ir6cbmf_.mlw", line 2484, characters 15-19: unused variable result
Warning, file "/home/fabrice/git/pycsl/scratchpad/.pycsl_ir6cbmf_.mlw", line 2505, characters 8-15: unused variable raw_len
Warning, file "/home/fabrice/git/pycsl/scratchpad/.pycsl_ir6cbmf_.mlw", line 2504, characters 8-19: unused variable targets_len
Warning, file "/home/fabrice/git/pycsl/scratchpad/.pycsl_ir6cbmf_.mlw", line 2498, characters 15-19: unused variable result
Warning, file "/home/fabrice/git/pycsl/scratchpad/.pycsl_ir6cbmf_.mlw", line 2577, characters 8-17: unused variable names_len
Warning, file "/home/fabrice/git/pycsl/scratchpad/.pycsl_ir6cbmf_.mlw", line 2573, characters 15-19: unused variable result
Warning, file "/home/fabrice/git/pycsl/scratchpad/.pycsl_ir6cbmf_.mlw", line 2593, characters 15-39: unused variable result
Warning, file "/home/fabrice/git/pycsl/scratchpad/.pycsl_ir6cbmf_.mlw", line 2614, characters 8-17: unused variable names_len
Warning, file "/home/fabrice/git/pycsl/scratchpad/.pycsl_ir6cbmf_.mlw", line 2610, characters 15-19: unused variable result
Warning, file "/home/fabrice/git/pycsl/scratchpad/.pycsl_ir6cbmf_.mlw", line 2637, characters 8-17: unused variable parts_len
Warning, file "/home/fabrice/git/pycsl/scratchpad/.pycsl_ir6cbmf_.mlw", line 2633, characters 15-19: unused variable result
Warning, file "/home/fabrice/git/pycsl/scratchpad/.pycsl_ir6cbmf_.mlw", line 2694, characters 8-17: unused variable names_len
Warning, file "/home/fabrice/git/pycsl/scratchpad/.pycsl_ir6cbmf_.mlw", line 2690, characters 15-19: unused variable result
Warning, file "/home/fabrice/git/pycsl/scratchpad/.pycsl_ir6cbmf_.mlw", line 2708, characters 21-25: unused variable self
Warning, file "/home/fabrice/git/pycsl/scratchpad/.pycsl_ir6cbmf_.mlw", line 2708, characters 37-41: unused variable name
Warning, file "/home/fabrice/git/pycsl/scratchpad/.pycsl_ir6cbmf_.mlw", line 2708, characters 52-61: unused variable start_tok
Warning, file "/home/fabrice/git/pycsl/scratchpad/.pycsl_ir6cbmf_.mlw", line 2710, characters 15-19: unused variable result
Warning, file "/home/fabrice/git/pycsl/scratchpad/.pycsl_ir6cbmf_.mlw", line 2714, characters 15-19: unused variable result
Warning, file "/home/fabrice/git/pycsl/scratchpad/.pycsl_ir6cbmf_.mlw", line 2736, characters 15-19: unused variable result
Warning, file "/home/fabrice/git/pycsl/scratchpad/.pycsl_ir6cbmf_.mlw", line 2754, characters 15-19: unused variable result
Warning, file "/home/fabrice/git/pycsl/scratchpad/.pycsl_ir6cbmf_.mlw", line 2824, characters 8-17: unused variable stmts_len
Warning, file "/home/fabrice/git/pycsl/scratchpad/.pycsl_ir6cbmf_.mlw", line 2819, characters 15-19: unused variable result
Warning, file "/home/fabrice/git/pycsl/scratchpad/.pycsl_ir6cbmf_.mlw", line 2846, characters 15-19: unused variable result
Warning, file "/home/fabrice/git/pycsl/scratchpad/.pycsl_ir6cbmf_.mlw", line 2886, characters 15-19: unused variable result
Warning, file "/home/fabrice/git/pycsl/scratchpad/.pycsl_ir6cbmf_.mlw", line 2913, characters 15-19: unused variable result
Warning, file "/home/fabrice/git/pycsl/scratchpad/.pycsl_ir6cbmf_.mlw", line 2926, characters 8-16: unused variable elts_len
Warning, file "/home/fabrice/git/pycsl/scratchpad/.pycsl_ir6cbmf_.mlw", line 2922, characters 15-19: unused variable result
Warning, file "/home/fabrice/git/pycsl/scratchpad/.pycsl_ir6cbmf_.mlw", line 2964, characters 8-18: unused variable params_len
Warning, file "/home/fabrice/git/pycsl/scratchpad/.pycsl_ir6cbmf_.mlw", line 2960, characters 15-19: unused variable result
Warning, file "/home/fabrice/git/pycsl/scratchpad/.pycsl_ir6cbmf_.mlw", line 3008, characters 15-19: unused variable result
Warning, file "/home/fabrice/git/pycsl/scratchpad/.pycsl_ir6cbmf_.mlw", line 3037, characters 8-16: unused variable args_len
Warning, file "/home/fabrice/git/pycsl/scratchpad/.pycsl_ir6cbmf_.mlw", line 3036, characters 8-20: unused variable defaults_len
Warning, file "/home/fabrice/git/pycsl/scratchpad/.pycsl_ir6cbmf_.mlw", line 3035, characters 8-23: unused variable kw_defaults_len
Warning, file "/home/fabrice/git/pycsl/scratchpad/.pycsl_ir6cbmf_.mlw", line 3034, characters 8-18: unused variable kwonly_len
Warning, file "/home/fabrice/git/pycsl/scratchpad/.pycsl_ir6cbmf_.mlw", line 3029, characters 15-19: unused variable result
Warning, file "/home/fabrice/git/pycsl/scratchpad/.pycsl_ir6cbmf_.mlw", line 3103, characters 15-19: unused variable result
Warning, file "/home/fabrice/git/pycsl/scratchpad/.pycsl_ir6cbmf_.mlw", line 3122, characters 15-19: unused variable result
Warning, file "/home/fabrice/git/pycsl/scratchpad/.pycsl_ir6cbmf_.mlw", line 3169, characters 15-19: unused variable result
Warning, file "/home/fabrice/git/pycsl/scratchpad/.pycsl_ir6cbmf_.mlw", line 3183, characters 8-16: unused variable elts_len
Warning, file "/home/fabrice/git/pycsl/scratchpad/.pycsl_ir6cbmf_.mlw", line 3178, characters 15-19: unused variable result
Warning, file "/home/fabrice/git/pycsl/scratchpad/.pycsl_ir6cbmf_.mlw", line 3216, characters 8-14: unused variable py_val
Warning, file "/home/fabrice/git/pycsl/scratchpad/.pycsl_ir6cbmf_.mlw", line 3211, characters 15-19: unused variable result
Warning, file "/home/fabrice/git/pycsl/scratchpad/.pycsl_ir6cbmf_.mlw", line 3408, characters 15-19: unused variable result
Warning, file "/home/fabrice/git/pycsl/scratchpad/.pycsl_ir6cbmf_.mlw", line 3386, characters 8-16: unused variable pats_len
Warning, file "/home/fabrice/git/pycsl/scratchpad/.pycsl_ir6cbmf_.mlw", line 3380, characters 15-19: unused variable result
Warning, file "/home/fabrice/git/pycsl/scratchpad/.pycsl_ir6cbmf_.mlw", line 3349, characters 20-26: unused variable py_end
Warning, file "/home/fabrice/git/pycsl/scratchpad/.pycsl_ir6cbmf_.mlw", line 3304, characters 8-14: unused variable py_end
Warning, file "/home/fabrice/git/pycsl/scratchpad/.pycsl_ir6cbmf_.mlw", line 3299, characters 8-20: unused variable patterns_len
Warning, file "/home/fabrice/git/pycsl/scratchpad/.pycsl_ir6cbmf_.mlw", line 3293, characters 15-19: unused variable result
Warning, file "/home/fabrice/git/pycsl/scratchpad/.pycsl_ir6cbmf_.mlw", line 3284, characters 8-14: unused variable py_end
Warning, file "/home/fabrice/git/pycsl/scratchpad/.pycsl_ir6cbmf_.mlw", line 3251, characters 8-14: unused variable py_end
Warning, file "/home/fabrice/git/pycsl/scratchpad/.pycsl_ir6cbmf_.mlw", line 3246, characters 8-16: unused variable elts_len
Warning, file "/home/fabrice/git/pycsl/scratchpad/.pycsl_ir6cbmf_.mlw", line 3238, characters 87-88: unused variable t
Warning, file "/home/fabrice/git/pycsl/scratchpad/.pycsl_ir6cbmf_.mlw", line 3240, characters 15-19: unused variable result
Warning, file "/home/fabrice/git/pycsl/scratchpad/.pycsl_ir6cbmf_.mlw", line 3432, characters 15-19: unused variable result
Warning, file "/home/fabrice/git/pycsl/scratchpad/.pycsl_ir6cbmf_.mlw", line 3920, characters 15-19: unused variable result
Warning, file "/home/fabrice/git/pycsl/scratchpad/.pycsl_ir6cbmf_.mlw", line 3878, characters 15-19: unused variable result
Warning, file "/home/fabrice/git/pycsl/scratchpad/.pycsl_ir6cbmf_.mlw", line 3818, characters 15-19: unused variable result
Warning, file "/home/fabrice/git/pycsl/scratchpad/.pycsl_ir6cbmf_.mlw", line 3794, characters 15-19: unused variable result
Warning, file "/home/fabrice/git/pycsl/scratchpad/.pycsl_ir6cbmf_.mlw", line 3774, characters 15-19: unused variable result
Warning, file "/home/fabrice/git/pycsl/scratchpad/.pycsl_ir6cbmf_.mlw", line 3743, characters 15-19: unused variable result
Warning, file "/home/fabrice/git/pycsl/scratchpad/.pycsl_ir6cbmf_.mlw", line 3709, characters 8-17: unused variable items_len
Warning, file "/home/fabrice/git/pycsl/scratchpad/.pycsl_ir6cbmf_.mlw", line 3704, characters 15-19: unused variable result
Warning, file "/home/fabrice/git/pycsl/scratchpad/.pycsl_ir6cbmf_.mlw", line 3673, characters 15-19: unused variable result
Warning, file "/home/fabrice/git/pycsl/scratchpad/.pycsl_ir6cbmf_.mlw", line 3640, characters 8-22: unused variable decorators_len
Warning, file "/home/fabrice/git/pycsl/scratchpad/.pycsl_ir6cbmf_.mlw", line 3634, characters 15-19: unused variable result
Warning, file "/home/fabrice/git/pycsl/scratchpad/.pycsl_ir6cbmf_.mlw", line 3618, characters 15-19: unused variable result
Warning, file "/home/fabrice/git/pycsl/scratchpad/.pycsl_ir6cbmf_.mlw", line 3591, characters 15-19: unused variable result
Warning, file "/home/fabrice/git/pycsl/scratchpad/.pycsl_ir6cbmf_.mlw", line 3548, characters 8-17: unused variable cases_len
Warning, file "/home/fabrice/git/pycsl/scratchpad/.pycsl_ir6cbmf_.mlw", line 3543, characters 15-19: unused variable result
Warning, file "/home/fabrice/git/pycsl/scratchpad/.pycsl_ir6cbmf_.mlw", line 3522, characters 15-19: unused variable result
Warning, file "/home/fabrice/git/pycsl/scratchpad/.pycsl_ir6cbmf_.mlw", line 3474, characters 8-20: unused variable handlers_len
Warning, file "/home/fabrice/git/pycsl/scratchpad/.pycsl_ir6cbmf_.mlw", line 3469, characters 15-19: unused variable result
Warning, file "/home/fabrice/git/pycsl/scratchpad/.pycsl_ir6cbmf_.mlw", line 3453, characters 15-19: unused variable result
Warning, file "/home/fabrice/git/pycsl/scratchpad/.pycsl_ir6cbmf_.mlw", line 3951, characters 21-25: unused variable self
Warning, file "/home/fabrice/git/pycsl/scratchpad/.pycsl_ir6cbmf_.mlw", line 3951, characters 37-41: unused variable node
Warning, file "/home/fabrice/git/pycsl/scratchpad/.pycsl_ir6cbmf_.mlw", line 3951, characters 49-58: unused variable start_tok
Warning, file "/home/fabrice/git/pycsl/scratchpad/.pycsl_ir6cbmf_.mlw", line 3951, characters 66-73: unused variable end_tok
Warning, file "/home/fabrice/git/pycsl/scratchpad/.pycsl_ir6cbmf_.mlw", line 3955, characters 27-31: unused variable self
Warning, file "/home/fabrice/git/pycsl/scratchpad/.pycsl_ir6cbmf_.mlw", line 3955, characters 43-47: unused variable node
Warning, file "/home/fabrice/git/pycsl/scratchpad/.pycsl_ir6cbmf_.mlw", line 3955, characters 55-64: unused variable start_tok
Warning, file "/home/fabrice/git/pycsl/scratchpad/.pycsl_ir6cbmf_.mlw", line 3959, characters 25-29: unused variable self
Warning, file "/home/fabrice/git/pycsl/scratchpad/.pycsl_ir6cbmf_.mlw", line 3961, characters 15-19: unused variable result
Warning, file "/home/fabrice/git/pycsl/scratchpad/.pycsl_ir6cbmf_.mlw", line 3970, characters 25-29: unused variable self
Warning, file "/home/fabrice/git/pycsl/scratchpad/.pycsl_ir6cbmf_.mlw", line 3970, characters 41-44: unused variable obj
Warning, file "/home/fabrice/git/pycsl/scratchpad/.pycsl_ir6cbmf_.mlw", line 3970, characters 52-55: unused variable cur
Warning, file "/home/fabrice/git/pycsl/scratchpad/.pycsl_ir6cbmf_.mlw", line 3974, characters 22-26: unused variable self
Warning, file "/home/fabrice/git/pycsl/scratchpad/.pycsl_ir6cbmf_.mlw", line 3974, characters 38-41: unused variable msg
Warning, file "/home/fabrice/git/pycsl/scratchpad/.pycsl_ir6cbmf_.mlw", line 3981, characters 15-19: unused variable result
Warning, file "/home/fabrice/git/pycsl/scratchpad/.pycsl_ir6cbmf_.mlw", line 3991, characters 15-19: unused variable result
Warning, file "/home/fabrice/git/pycsl/scratchpad/.pycsl_ir6cbmf_.mlw", line 4014, characters 28-32: unused variable self
Warning, file "/home/fabrice/git/pycsl/scratchpad/.pycsl_ir6cbmf_.mlw", line 4014, characters 44-48: unused variable what
Warning, file "/home/fabrice/git/pycsl/scratchpad/.pycsl_ir6cbmf_.mlw", line 4019, characters 25-29: unused variable self
Warning, file "/home/fabrice/git/pycsl/scratchpad/.pycsl_ir6cbmf_.mlw", line 4023, characters 18-23: unused variable limit
Warning, file "/home/fabrice/git/pycsl/scratchpad/.pycsl_ir6cbmf_.mlw", line 4031, characters 8-17: unused variable lines_len
Warning, file "/home/fabrice/git/pycsl/scratchpad/.pycsl_ir6cbmf_.mlw", line 4029, characters 15-19: unused variable result
Warning, file "/home/fabrice/git/pycsl/scratchpad/.pycsl_ir6cbmf_.mlw", line 4059, characters 30-34: unused variable self
Warning, file "/home/fabrice/git/pycsl/scratchpad/.pycsl_ir6cbmf_.mlw", line 4074, characters 36-40: unused variable self
Warning, file "/home/fabrice/git/pycsl/scratchpad/.pycsl_ir6cbmf_.mlw", line 4080, characters 42-46: unused variable self
Warning, file "/home/fabrice/git/pycsl/scratchpad/.pycsl_ir6cbmf_.mlw", line 4086, characters 37-41: unused variable self
Warning, file "/home/fabrice/git/pycsl/scratchpad/.pycsl_ir6cbmf_.mlw", line 4092, characters 35-39: unused variable self
Warning, file "/home/fabrice/git/pycsl/scratchpad/.pycsl_ir6cbmf_.mlw", line 4092, characters 53-57: unused variable node
Warning, file "/home/fabrice/git/pycsl/scratchpad/.pycsl_ir6cbmf_.mlw", line 4092, characters 65-76: unused variable fill_suffix
Warning, file "/home/fabrice/git/pycsl/scratchpad/.pycsl_ir6cbmf_.mlw", line 4096, characters 38-42: unused variable self
Warning, file "/home/fabrice/git/pycsl/scratchpad/.pycsl_ir6cbmf_.mlw", line 4096, characters 56-62: unused variable string
Warning, file "/home/fabrice/git/pycsl/scratchpad/.pycsl_ir6cbmf_.mlw", line 4100, characters 38-42: unused variable self
Warning, file "/home/fabrice/git/pycsl/scratchpad/.pycsl_ir6cbmf_.mlw", line 4100, characters 56-67: unused variable type_params
Warning, file "/home/fabrice/git/pycsl/scratchpad/.pycsl_ir6cbmf_.mlw", line 4104, characters 50-54: unused variable self
Warning, file "/home/fabrice/git/pycsl/scratchpad/.pycsl_ir6cbmf_.mlw", line 4141, characters 53-57: unused variable self
Warning, file "/home/fabrice/git/pycsl/scratchpad/.pycsl_ir6cbmf_.mlw", line 4141, characters 71-75: unused variable node
Warning, file "/home/fabrice/git/pycsl/scratchpad/.pycsl_ir6cbmf_.mlw", line 4145, characters 39-43: unused variable self
Warning, file "/home/fabrice/git/pycsl/scratchpad/.pycsl_ir6cbmf_.mlw", line 4145, characters 57-61: unused variable node
Warning, file "/home/fabrice/git/pycsl/scratchpad/.pycsl_ir6cbmf_.mlw", line 4161, characters 27-31: unused variable self
Warning, file "/home/fabrice/git/pycsl/scratchpad/.pycsl_ir6cbmf_.mlw", line 4161, characters 45-51: unused variable buffer
Warning, file "/home/fabrice/git/pycsl/scratchpad/.pycsl_ir6cbmf_.mlw", line 4165, characters 26-30: unused variable self
Warning, file "/home/fabrice/git/pycsl/scratchpad/.pycsl_ir6cbmf_.mlw", line 4173, characters 29-33: unused variable self
Warning, file "/home/fabrice/git/pycsl/scratchpad/.pycsl_ir6cbmf_.mlw", line 4173, characters 47-52: unused variable start
Warning, file "/home/fabrice/git/pycsl/scratchpad/.pycsl_ir6cbmf_.mlw", line 4173, characters 60-66: unused variable py_end
Warning, file "/home/fabrice/git/pycsl/scratchpad/.pycsl_ir6cbmf_.mlw", line 4173, characters 74-83: unused variable condition
Warning, file "/home/fabrice/git/pycsl/scratchpad/.pycsl_ir6cbmf_.mlw", line 4177, characters 31-35: unused variable self
Warning, file "/home/fabrice/git/pycsl/scratchpad/.pycsl_ir6cbmf_.mlw", line 4177, characters 49-53: unused variable node
Warning, file "/home/fabrice/git/pycsl/scratchpad/.pycsl_ir6cbmf_.mlw", line 4181, characters 23-27: unused variable self
Warning, file "/home/fabrice/git/pycsl/scratchpad/.pycsl_ir6cbmf_.mlw", line 4181, characters 41-45: unused variable text
Warning, file "/home/fabrice/git/pycsl/scratchpad/.pycsl_ir6cbmf_.mlw", line 4185, characters 33-37: unused variable self
Warning, file "/home/fabrice/git/pycsl/scratchpad/.pycsl_ir6cbmf_.mlw", line 4187, characters 15-19: unused variable result
Warning, file "/home/fabrice/git/pycsl/scratchpad/.pycsl_ir6cbmf_.mlw", line 4191, characters 36-40: unused variable self
Warning, file "/home/fabrice/git/pycsl/scratchpad/.pycsl_ir6cbmf_.mlw", line 4193, characters 15-19: unused variable result
Warning, file "/home/fabrice/git/pycsl/scratchpad/.pycsl_ir6cbmf_.mlw", line 4214, characters 35-39: unused variable self
Warning, file "/home/fabrice/git/pycsl/scratchpad/.pycsl_ir6cbmf_.mlw", line 4214, characters 53-57: unused variable node
Warning, file "/home/fabrice/git/pycsl/scratchpad/.pycsl_ir6cbmf_.mlw", line 4218, characters 29-33: unused variable self
Warning, file "/home/fabrice/git/pycsl/scratchpad/.pycsl_ir6cbmf_.mlw", line 4218, characters 47-52: unused variable inter
Warning, file "/home/fabrice/git/pycsl/scratchpad/.pycsl_ir6cbmf_.mlw", line 4218, characters 60-61: unused variable f
Warning, file "/home/fabrice/git/pycsl/scratchpad/.pycsl_ir6cbmf_.mlw", line 4218, characters 69-72: unused variable seq
Warning, file "/home/fabrice/git/pycsl/scratchpad/.pycsl_ir6cbmf_.mlw", line 4222, characters 37-41: unused variable self
Warning, file "/home/fabrice/git/pycsl/scratchpad/.pycsl_ir6cbmf_.mlw", line 4226, characters 29-33: unused variable self
Warning, file "/home/fabrice/git/pycsl/scratchpad/.pycsl_ir6cbmf_.mlw", line 4226, characters 47-56: unused variable traverser
Warning, file "/home/fabrice/git/pycsl/scratchpad/.pycsl_ir6cbmf_.mlw", line 4226, characters 64-69: unused variable items
Warning, file "/home/fabrice/git/pycsl/scratchpad/.pycsl_ir6cbmf_.mlw", line 4238, characters 33-37: unused variable self
Warning, file "/home/fabrice/git/pycsl/scratchpad/.pycsl_ir6cbmf_.mlw", line 4238, characters 51-61: unused variable precedence
Warning, file "/home/fabrice/git/pycsl/scratchpad/.pycsl_ir6cbmf_.mlw", line 4238, characters 69-73: unused variable node
Warning, file "/home/fabrice/git/pycsl/scratchpad/.pycsl_ir6cbmf_.mlw", line 4242, characters 33-37: unused variable self
Warning, file "/home/fabrice/git/pycsl/scratchpad/.pycsl_ir6cbmf_.mlw", line 4242, characters 51-61: unused variable precedence
Warning, file "/home/fabrice/git/pycsl/scratchpad/.pycsl_ir6cbmf_.mlw", line 4246, characters 27-31: unused variable self
Warning, file "/home/fabrice/git/pycsl/scratchpad/.pycsl_ir6cbmf_.mlw", line 4246, characters 45-49: unused variable node
Warning, file "/home/fabrice/git/pycsl/scratchpad/.pycsl_ir6cbmf_.mlw", line 4252, characters 15-19: unused variable result
Warning, file "/home/fabrice/git/pycsl/scratchpad/.pycsl_ir6cbmf_.mlw", line 4258, characters 34-38: unused variable self
Warning, file "/home/fabrice/git/pycsl/scratchpad/.pycsl_ir6cbmf_.mlw", line 4271, characters 31-35: unused variable self
Warning, file "/home/fabrice/git/pycsl/scratchpad/.pycsl_ir6cbmf_.mlw", line 4282, characters 31-35: unused variable self
Warning, file "/home/fabrice/git/pycsl/scratchpad/.pycsl_ir6cbmf_.mlw", line 4282, characters 49-53: unused variable node
Warning, file "/home/fabrice/git/pycsl/scratchpad/.pycsl_ir6cbmf_.mlw", line 4292, characters 41-45: unused variable self
Warning, file "/home/fabrice/git/pycsl/scratchpad/.pycsl_ir6cbmf_.mlw", line 4298, characters 34-38: unused variable self
Warning, file "/home/fabrice/git/pycsl/scratchpad/.pycsl_ir6cbmf_.mlw", line 4298, characters 52-56: unused variable node
Warning, file "/home/fabrice/git/pycsl/scratchpad/.pycsl_ir6cbmf_.mlw", line 4302, characters 34-38: unused variable self
Warning, file "/home/fabrice/git/pycsl/scratchpad/.pycsl_ir6cbmf_.mlw", line 4314, characters 34-38: unused variable self
Warning, file "/home/fabrice/git/pycsl/scratchpad/.pycsl_ir6cbmf_.mlw", line 4314, characters 52-56: unused variable node
Warning, file "/home/fabrice/git/pycsl/scratchpad/.pycsl_ir6cbmf_.mlw", line 4318, characters 30-34: unused variable self
Warning, file "/home/fabrice/git/pycsl/scratchpad/.pycsl_ir6cbmf_.mlw", line 4352, characters 31-35: unused variable self
Warning, file "/home/fabrice/git/pycsl/scratchpad/.pycsl_ir6cbmf_.mlw", line 4352, characters 49-53: unused variable node
Warning, file "/home/fabrice/git/pycsl/scratchpad/.pycsl_ir6cbmf_.mlw", line 4356, characters 30-34: unused variable self
Warning, file "/home/fabrice/git/pycsl/scratchpad/.pycsl_ir6cbmf_.mlw", line 4356, characters 48-52: unused variable node
Warning, file "/home/fabrice/git/pycsl/scratchpad/.pycsl_ir6cbmf_.mlw", line 4362, characters 29-33: unused variable self
Warning, file "/home/fabrice/git/pycsl/scratchpad/.pycsl_ir6cbmf_.mlw", line 4362, characters 47-51: unused variable node
Warning, file "/home/fabrice/git/pycsl/scratchpad/.pycsl_ir6cbmf_.mlw", line 4366, characters 33-37: unused variable self
Warning, file "/home/fabrice/git/pycsl/scratchpad/.pycsl_ir6cbmf_.mlw", line 4366, characters 51-55: unused variable node
Warning, file "/home/fabrice/git/pycsl/scratchpad/.pycsl_ir6cbmf_.mlw", line 4370, characters 32-36: unused variable self
Warning, file "/home/fabrice/git/pycsl/scratchpad/.pycsl_ir6cbmf_.mlw", line 4370, characters 50-54: unused variable node
Warning, file "/home/fabrice/git/pycsl/scratchpad/.pycsl_ir6cbmf_.mlw", line 4393, characters 33-37: unused variable self
Warning, file "/home/fabrice/git/pycsl/scratchpad/.pycsl_ir6cbmf_.mlw", line 4393, characters 51-55: unused variable node
Warning, file "/home/fabrice/git/pycsl/scratchpad/.pycsl_ir6cbmf_.mlw", line 4399, characters 31-35: unused variable self
Warning, file "/home/fabrice/git/pycsl/scratchpad/.pycsl_ir6cbmf_.mlw", line 4399, characters 49-53: unused variable node
Warning, file "/home/fabrice/git/pycsl/scratchpad/.pycsl_ir6cbmf_.mlw", line 4403, characters 29-33: unused variable self
Warning, file "/home/fabrice/git/pycsl/scratchpad/.pycsl_ir6cbmf_.mlw", line 4403, characters 47-51: unused variable node
Warning, file "/home/fabrice/git/pycsl/scratchpad/.pycsl_ir6cbmf_.mlw", line 4407, characters 33-37: unused variable self
Warning, file "/home/fabrice/git/pycsl/scratchpad/.pycsl_ir6cbmf_.mlw", line 4407, characters 51-55: unused variable node
Warning, file "/home/fabrice/git/pycsl/scratchpad/.pycsl_ir6cbmf_.mlw", line 4411, characters 33-37: unused variable self
Warning, file "/home/fabrice/git/pycsl/scratchpad/.pycsl_ir6cbmf_.mlw", line 4411, characters 51-55: unused variable node
Warning, file "/home/fabrice/git/pycsl/scratchpad/.pycsl_ir6cbmf_.mlw", line 4432, characters 29-33: unused variable self
Warning, file "/home/fabrice/git/pycsl/scratchpad/.pycsl_ir6cbmf_.mlw", line 4446, characters 39-43: unused variable self
Warning, file "/home/fabrice/git/pycsl/scratchpad/.pycsl_ir6cbmf_.mlw", line 4446, characters 57-61: unused variable node
Warning, file "/home/fabrice/git/pycsl/scratchpad/.pycsl_ir6cbmf_.mlw", line 4450, characters 36-40: unused variable self
Warning, file "/home/fabrice/git/pycsl/scratchpad/.pycsl_ir6cbmf_.mlw", line 4456, characters 37-41: unused variable self
Warning, file "/home/fabrice/git/pycsl/scratchpad/.pycsl_ir6cbmf_.mlw", line 4456, characters 55-59: unused variable node
Warning, file "/home/fabrice/git/pycsl/scratchpad/.pycsl_ir6cbmf_.mlw", line 4460, characters 37-41: unused variable self
Warning, file "/home/fabrice/git/pycsl/scratchpad/.pycsl_ir6cbmf_.mlw", line 4460, characters 55-59: unused variable node
Warning, file "/home/fabrice/git/pycsl/scratchpad/.pycsl_ir6cbmf_.mlw", line 4464, characters 31-35: unused variable self
Warning, file "/home/fabrice/git/pycsl/scratchpad/.pycsl_ir6cbmf_.mlw", line 4464, characters 49-53: unused variable node
Warning, file "/home/fabrice/git/pycsl/scratchpad/.pycsl_ir6cbmf_.mlw", line 4468, characters 27-31: unused variable self
Warning, file "/home/fabrice/git/pycsl/scratchpad/.pycsl_ir6cbmf_.mlw", line 4468, characters 45-49: unused variable node
Warning, file "/home/fabrice/git/pycsl/scratchpad/.pycsl_ir6cbmf_.mlw", line 4472, characters 30-34: unused variable self
Warning, file "/home/fabrice/git/pycsl/scratchpad/.pycsl_ir6cbmf_.mlw", line 4484, characters 31-35: unused variable self
Warning, file "/home/fabrice/git/pycsl/scratchpad/.pycsl_ir6cbmf_.mlw", line 4484, characters 49-53: unused variable node
Warning, file "/home/fabrice/git/pycsl/scratchpad/.pycsl_ir6cbmf_.mlw", line 4488, characters 35-39: unused variable self
Warning, file "/home/fabrice/git/pycsl/scratchpad/.pycsl_ir6cbmf_.mlw", line 4488, characters 53-57: unused variable node
Warning, file "/home/fabrice/git/pycsl/scratchpad/.pycsl_ir6cbmf_.mlw", line 4492, characters 34-38: unused variable self
Warning, file "/home/fabrice/git/pycsl/scratchpad/.pycsl_ir6cbmf_.mlw", line 4492, characters 52-56: unused variable node
Warning, file "/home/fabrice/git/pycsl/scratchpad/.pycsl_ir6cbmf_.mlw", line 4496, characters 31-35: unused variable self
Warning, file "/home/fabrice/git/pycsl/scratchpad/.pycsl_ir6cbmf_.mlw", line 4509, characters 29-33: unused variable self
Warning, file "/home/fabrice/git/pycsl/scratchpad/.pycsl_ir6cbmf_.mlw", line 4509, characters 47-51: unused variable node
Warning, file "/home/fabrice/git/pycsl/scratchpad/.pycsl_ir6cbmf_.mlw", line 4513, characters 33-37: unused variable self
Warning, file "/home/fabrice/git/pycsl/scratchpad/.pycsl_ir6cbmf_.mlw", line 4513, characters 51-55: unused variable node
Warning, file "/home/fabrice/git/pycsl/scratchpad/.pycsl_ir6cbmf_.mlw", line 4517, characters 30-34: unused variable self
Warning, file "/home/fabrice/git/pycsl/scratchpad/.pycsl_ir6cbmf_.mlw", line 4517, characters 48-52: unused variable node
Warning, file "/home/fabrice/git/pycsl/scratchpad/.pycsl_ir6cbmf_.mlw", line 4521, characters 32-36: unused variable self
Warning, file "/home/fabrice/git/pycsl/scratchpad/.pycsl_ir6cbmf_.mlw", line 4541, characters 35-39: unused variable self
Warning, file "/home/fabrice/git/pycsl/scratchpad/.pycsl_ir6cbmf_.mlw", line 4541, characters 53-57: unused variable node
Warning, file "/home/fabrice/git/pycsl/scratchpad/.pycsl_ir6cbmf_.mlw", line 4545, characters 37-41: unused variable self
Warning, file "/home/fabrice/git/pycsl/scratchpad/.pycsl_ir6cbmf_.mlw", line 4545, characters 55-59: unused variable node
Warning, file "/home/fabrice/git/pycsl/scratchpad/.pycsl_ir6cbmf_.mlw", line 4549, characters 32-36: unused variable self
Warning, file "/home/fabrice/git/pycsl/scratchpad/.pycsl_ir6cbmf_.mlw", line 4549, characters 50-54: unused variable node
Warning, file "/home/fabrice/git/pycsl/scratchpad/.pycsl_ir6cbmf_.mlw", line 4553, characters 38-42: unused variable self
Warning, file "/home/fabrice/git/pycsl/scratchpad/.pycsl_ir6cbmf_.mlw", line 4553, characters 56-60: unused variable node
Warning, file "/home/fabrice/git/pycsl/scratchpad/.pycsl_ir6cbmf_.mlw", line 4563, characters 34-38: unused variable self
Warning, file "/home/fabrice/git/pycsl/scratchpad/.pycsl_ir6cbmf_.mlw", line 4563, characters 52-56: unused variable node
Warning, file "/home/fabrice/git/pycsl/scratchpad/.pycsl_ir6cbmf_.mlw", line 4567, characters 35-39: unused variable self
Warning, file "/home/fabrice/git/pycsl/scratchpad/.pycsl_ir6cbmf_.mlw", line 4581, characters 29-33: unused variable self
Warning, file "/home/fabrice/git/pycsl/scratchpad/.pycsl_ir6cbmf_.mlw", line 4587, characters 34-38: unused variable self
Warning, file "/home/fabrice/git/pycsl/scratchpad/.pycsl_ir6cbmf_.mlw", line 4596, characters 33-37: unused variable self
Warning, file "/home/fabrice/git/pycsl/scratchpad/.pycsl_ir6cbmf_.mlw", line 4596, characters 51-55: unused variable node
Warning, file "/home/fabrice/git/pycsl/scratchpad/.pycsl_ir6cbmf_.mlw", line 4600, characters 34-38: unused variable self
Warning, file "/home/fabrice/git/pycsl/scratchpad/.pycsl_ir6cbmf_.mlw", line 4600, characters 52-56: unused variable node
Warning, file "/home/fabrice/git/pycsl/scratchpad/.pycsl_ir6cbmf_.mlw", line 4604, characters 29-33: unused variable self
Warning, file "/home/fabrice/git/pycsl/scratchpad/.pycsl_ir6cbmf_.mlw", line 4604, characters 47-51: unused variable node
Warning, file "/home/fabrice/git/pycsl/scratchpad/.pycsl_ir6cbmf_.mlw", line 4610, characters 30-34: unused variable self
Warning, file "/home/fabrice/git/pycsl/scratchpad/.pycsl_ir6cbmf_.mlw", line 4632, characters 31-35: unused variable self
Warning, file "/home/fabrice/git/pycsl/scratchpad/.pycsl_ir6cbmf_.mlw", line 4642, characters 28-32: unused variable self
Warning, file "/home/fabrice/git/pycsl/scratchpad/.pycsl_ir6cbmf_.mlw", line 4642, characters 46-50: unused variable node
Warning, file "/home/fabrice/git/pycsl/scratchpad/.pycsl_ir6cbmf_.mlw", line 4646, characters 32-36: unused variable self
Warning, file "/home/fabrice/git/pycsl/scratchpad/.pycsl_ir6cbmf_.mlw", line 4646, characters 50-54: unused variable node
Warning, file "/home/fabrice/git/pycsl/scratchpad/.pycsl_ir6cbmf_.mlw", line 4650, characters 30-34: unused variable self
Warning, file "/home/fabrice/git/pycsl/scratchpad/.pycsl_ir6cbmf_.mlw", line 4666, characters 32-36: unused variable self
Warning, file "/home/fabrice/git/pycsl/scratchpad/.pycsl_ir6cbmf_.mlw", line 4710, characters 34-38: unused variable self
Warning, file "/home/fabrice/git/pycsl/scratchpad/.pycsl_ir6cbmf_.mlw", line 4720, characters 32-36: unused variable self
Warning, file "/home/fabrice/git/pycsl/scratchpad/.pycsl_ir6cbmf_.mlw", line 4730, characters 37-41: unused variable self
Warning, file "/home/fabrice/git/pycsl/scratchpad/.pycsl_ir6cbmf_.mlw", line 4730, characters 55-59: unused variable node
Warning, file "/home/fabrice/git/pycsl/scratchpad/.pycsl_ir6cbmf_.mlw", line 4749, characters 30-34: unused variable self
Warning, file "/home/fabrice/git/pycsl/scratchpad/.pycsl_ir6cbmf_.mlw", line 4761, characters 29-33: unused variable self
Warning, file "/home/fabrice/git/pycsl/scratchpad/.pycsl_ir6cbmf_.mlw", line 4761, characters 47-51: unused variable node
Warning, file "/home/fabrice/git/pycsl/scratchpad/.pycsl_ir6cbmf_.mlw", line 4765, characters 30-34: unused variable self
Warning, file "/home/fabrice/git/pycsl/scratchpad/.pycsl_ir6cbmf_.mlw", line 4776, characters 34-38: unused variable self
Warning, file "/home/fabrice/git/pycsl/scratchpad/.pycsl_ir6cbmf_.mlw", line 4788, characters 30-34: unused variable self
Warning, file "/home/fabrice/git/pycsl/scratchpad/.pycsl_ir6cbmf_.mlw", line 4788, characters 48-52: unused variable node
Warning, file "/home/fabrice/git/pycsl/scratchpad/.pycsl_ir6cbmf_.mlw", line 4792, characters 28-32: unused variable self
Warning, file "/home/fabrice/git/pycsl/scratchpad/.pycsl_ir6cbmf_.mlw", line 4802, characters 34-38: unused variable self
Warning, file "/home/fabrice/git/pycsl/scratchpad/.pycsl_ir6cbmf_.mlw", line 4802, characters 52-56: unused variable node
Warning, file "/home/fabrice/git/pycsl/scratchpad/.pycsl_ir6cbmf_.mlw", line 4806, characters 38-42: unused variable self
Warning, file "/home/fabrice/git/pycsl/scratchpad/.pycsl_ir6cbmf_.mlw", line 4806, characters 56-60: unused variable node
Warning, file "/home/fabrice/git/pycsl/scratchpad/.pycsl_ir6cbmf_.mlw", line 4810, characters 32-36: unused variable self
Warning, file "/home/fabrice/git/pycsl/scratchpad/.pycsl_ir6cbmf_.mlw", line 4822, characters 35-39: unused variable self
Warning, file "/home/fabrice/git/pycsl/scratchpad/.pycsl_ir6cbmf_.mlw", line 4834, characters 33-37: unused variable self
Warning, file "/home/fabrice/git/pycsl/scratchpad/.pycsl_ir6cbmf_.mlw", line 4844, characters 24-28: unused variable self
Warning, file "/home/fabrice/git/pycsl/scratchpad/.pycsl_ir6cbmf_.mlw", line 4850, characters 16-22: unused variable source
Warning, file "/home/fabrice/git/pycsl/scratchpad/.pycsl_ir6cbmf_.mlw", line 4854, characters 21-29: unused variable new_node
Warning, file "/home/fabrice/git/pycsl/scratchpad/.pycsl_ir6cbmf_.mlw", line 4854, characters 37-45: unused variable old_node
Warning, file "/home/fabrice/git/pycsl/scratchpad/.pycsl_ir6cbmf_.mlw", line 4858, characters 12-16: unused variable node
Warning, file "/home/fabrice/git/pycsl/scratchpad/.pycsl_ir6cbmf_.mlw", line 4858, characters 24-39: unused variable annotate_fields
Warning, file "/home/fabrice/git/pycsl/scratchpad/.pycsl_ir6cbmf_.mlw", line 4858, characters 47-65: unused variable include_attributes
Warning, file "/home/fabrice/git/pycsl/scratchpad/.pycsl_ir6cbmf_.mlw", line 4862, characters 29-33: unused variable node
Warning, file "/home/fabrice/git/pycsl/scratchpad/.pycsl_ir6cbmf_.mlw", line 4868, characters 15-19: unused variable result
Warning, file "/home/fabrice/git/pycsl/scratchpad/.pycsl_ir6cbmf_.mlw", line 4893, characters 26-32: unused variable source
Warning, file "/home/fabrice/git/pycsl/scratchpad/.pycsl_ir6cbmf_.mlw", line 4893, characters 40-44: unused variable node
Warning, file "/home/fabrice/git/pycsl/scratchpad/.pycsl_ir6cbmf_.mlw", line 4897, characters 24-28: unused variable node
Warning, file "/home/fabrice/git/pycsl/scratchpad/.pycsl_ir6cbmf_.mlw", line 4897, characters 36-37: unused variable n
Warning, file "/home/fabrice/git/pycsl/scratchpad/.pycsl_ir6cbmf_.mlw", line 4901, characters 24-28: unused variable node
Warning, file "/home/fabrice/git/pycsl/scratchpad/.pycsl_ir6cbmf_.mlw", line 4905, characters 19-23: unused variable node
Warning, file "/home/fabrice/git/pycsl/scratchpad/.pycsl_ir6cbmf_.mlw", line 4909, characters 20-34: unused variable node_or_string
Warning, file "/home/fabrice/git/pycsl/scratchpad/.pycsl_ir6cbmf_.mlw", line 4913, characters 12-16: unused variable args
Warning, file "/home/fabrice/git/pycsl/scratchpad/.pycsl_ir6cbmf_.mlw", line 4921, characters 38-42: unused variable self
Warning, file "/home/fabrice/git/pycsl/scratchpad/.pycsl_ir6cbmf_.mlw", line 4921, characters 62-66: unused variable node
Warning, file "/home/fabrice/git/pycsl/scratchpad/.pycsl_ir6cbmf_.mlw", line 4925, characters 34-38: unused variable self
Warning, file "/home/fabrice/git/pycsl/scratchpad/.pycsl_ir6cbmf_.mlw", line 4925, characters 54-58: unused variable node
Warning, file "/home/fabrice/git/pycsl/scratchpad/.pycsl_ir6cbmf_.mlw", line 4929, characters 26-30: unused variable self
Warning, file "/home/fabrice/git/pycsl/scratchpad/.pycsl_ir6cbmf_.mlw", line 4929, characters 46-50: unused variable node
Warning, file "/home/fabrice/git/pycsl/scratchpad/.pycsl_ir6cbmf_.mlw", line 4933, characters 35-39: unused variable self
Warning, file "/home/fabrice/git/pycsl/scratchpad/.pycsl_ir6cbmf_.mlw", line 4933, characters 55-59: unused variable node
Warning, file "/home/fabrice/git/pycsl/scratchpad/.pycsl_ir6cbmf_.mlw", line 4937, characters 13-19: unused variable source
Warning, file "/home/fabrice/git/pycsl/scratchpad/.pycsl_ir6cbmf_.mlw", line 4937, characters 27-35: unused variable filename
Warning, file "/home/fabrice/git/pycsl/scratchpad/.pycsl_ir6cbmf_.mlw", line 4937, characters 43-47: unused variable mode
Warning, file "/home/fabrice/git/pycsl/scratchpad/.pycsl_ir6cbmf_.mlw", line 4941, characters 15-22: unused variable ast_obj
Warning, file "/home/fabrice/git/pycsl/scratchpad/.pycsl_ir6cbmf_.mlw", line 4945, characters 12-16: unused variable node
Warning, file "/home/fabrice/git/pycsl/scratchpad/.pycsl_ir6cbmf_.mlw", line 577, characters 21-22: unused variable s
Warning, file "/home/fabrice/git/pycsl/scratchpad/.pycsl_ir6cbmf_.mlw", line 602, characters 20-22: unused variable x0
Warning, file "/home/fabrice/git/pycsl/scratchpad/.pycsl_ir6cbmf_.mlw", line 609, characters 26-28: unused variable x0
Warning, file "/home/fabrice/git/pycsl/scratchpad/.pycsl_ir6cbmf_.mlw", line 645, characters 20-23: unused variable sep
Warning, file "/home/fabrice/git/pycsl/scratchpad/.pycsl_ir6cbmf_.mlw", line 645, characters 34-36: unused variable xs
Warning, file "/home/fabrice/git/pycsl/scratchpad/.pycsl_ir6cbmf_.mlw", line 668, characters 15-19: unused variable result
Warning, file "/home/fabrice/git/pycsl/scratchpad/.pycsl_ir6cbmf_.mlw", line 672, characters 20-29: unused variable namespace
Warning, file "/home/fabrice/git/pycsl/scratchpad/.pycsl_ir6cbmf_.mlw", line 680, characters 27-32: unused variable value
Warning, file "/home/fabrice/git/pycsl/scratchpad/.pycsl_ir6cbmf_.mlw", line 684, characters 23-27: unused variable body
Warning, file "/home/fabrice/git/pycsl/scratchpad/.pycsl_ir6cbmf_.mlw", line 684, characters 35-43: unused variable is_bytes
Warning, file "/home/fabrice/git/pycsl/scratchpad/.pycsl_ir6cbmf_.mlw", line 688, characters 30-34: unused variable text
Warning, file "/home/fabrice/git/pycsl/scratchpad/.pycsl_ir6cbmf_.mlw", line 688, characters 45-51: unused variable is_raw
Warning, file "/home/fabrice/git/pycsl/scratchpad/.pycsl_ir6cbmf_.mlw", line 690, characters 15-19: unused variable result
Warning, file "/home/fabrice/git/pycsl/scratchpad/.pycsl_ir6cbmf_.mlw", line 692, characters 22-25: unused variable tok
Warning, file "/home/fabrice/git/pycsl/scratchpad/.pycsl_ir6cbmf_.mlw", line 694, characters 15-19: unused variable result
Warning, file "/home/fabrice/git/pycsl/scratchpad/.pycsl_ir6cbmf_.mlw", line 700, characters 8-10: unused variable ch
Warning, file "/home/fabrice/git/pycsl/scratchpad/.pycsl_ir6cbmf_.mlw", line 698, characters 15-19: unused variable result
Warning, file "/home/fabrice/git/pycsl/scratchpad/.pycsl_ir6cbmf_.mlw", line 720, characters 15-19: unused variable result
Warning, file "/home/fabrice/git/pycsl/scratchpad/.pycsl_ir6cbmf_.mlw", line 724, characters 12-18: unused variable source
Warning, file "/home/fabrice/git/pycsl/scratchpad/.pycsl_ir6cbmf_.mlw", line 728, characters 28-34: unused variable values
Warning, file "/home/fabrice/git/pycsl/scratchpad/.pycsl_ir6cbmf_.mlw", line 728, characters 52-62: unused variable drop_empty
Warning, file "/home/fabrice/git/pycsl/scratchpad/.pycsl_ir6cbmf_.mlw", line 730, characters 15-19: unused variable result
Warning, file "/home/fabrice/git/pycsl/scratchpad/.pycsl_ir6cbmf_.mlw", line 734, characters 15-19: unused variable result
Warning, file "/home/fabrice/git/pycsl/scratchpad/.pycsl_ir6cbmf_.mlw", line 748, characters 8-9: unused variable c
Warning, file "/home/fabrice/git/pycsl/scratchpad/.pycsl_ir6cbmf_.mlw", line 746, characters 15-19: unused variable result
Warning, file "/home/fabrice/git/pycsl/scratchpad/.pycsl_ir6cbmf_.mlw", line 764, characters 21-22: unused variable s
Warning, file "/home/fabrice/git/pycsl/scratchpad/.pycsl_ir6cbmf_.mlw", line 766, characters 15-19: unused variable result
Warning, file "/home/fabrice/git/pycsl/scratchpad/.pycsl_ir6cbmf_.mlw", line 770, characters 15-97: unused variable result
Warning, file "/home/fabrice/git/pycsl/scratchpad/.pycsl_ir6cbmf_.mlw", line 822, characters 15-38: unused variable result
Warning, file "/home/fabrice/git/pycsl/scratchpad/.pycsl_ir6cbmf_.mlw", line 832, characters 15-38: unused variable result
Warning, file "/home/fabrice/git/pycsl/scratchpad/.pycsl_ir6cbmf_.mlw", line 842, characters 15-38: unused variable result
Warning, file "/home/fabrice/git/pycsl/scratchpad/.pycsl_ir6cbmf_.mlw", line 853, characters 15-38: unused variable result
Warning, file "/home/fabrice/git/pycsl/scratchpad/.pycsl_ir6cbmf_.mlw", line 879, characters 15-19: unused variable result
Warning, file "/home/fabrice/git/pycsl/scratchpad/.pycsl_ir6cbmf_.mlw", line 886, characters 16-20: unused variable node
Warning, file "/home/fabrice/git/pycsl/scratchpad/.pycsl_ir6cbmf_.mlw", line 886, characters 32-35: unused variable ctx
Warning, file "/home/fabrice/git/pycsl/scratchpad/.pycsl_ir6cbmf_.mlw", line 888, characters 15-19: unused variable result
Warning, file "/home/fabrice/git/pycsl/scratchpad/.pycsl_ir6cbmf_.mlw", line 892, characters 15-19: unused variable result
Warning, file "/home/fabrice/git/pycsl/scratchpad/.pycsl_ir6cbmf_.mlw", line 899, characters 15-19: unused variable result
Warning, file "/home/fabrice/git/pycsl/scratchpad/.pycsl_ir6cbmf_.mlw", line 904, characters 23-27: unused variable self
Warning, file "/home/fabrice/git/pycsl/scratchpad/.pycsl_ir6cbmf_.mlw", line 904, characters 39-44: unused variable start
Warning, file "/home/fabrice/git/pycsl/scratchpad/.pycsl_ir6cbmf_.mlw", line 904, characters 64-70: unused variable py_end
Warning, file "/home/fabrice/git/pycsl/scratchpad/.pycsl_ir6cbmf_.mlw", line 906, characters 15-19: unused variable result
Warning, file "/home/fabrice/git/pycsl/scratchpad/.pycsl_ir6cbmf_.mlw", line 2264, characters 15-19: unused variable result
Warning, file "/home/fabrice/git/pycsl/scratchpad/.pycsl_ir6cbmf_.mlw", line 2245, characters 15-19: unused variable result
Warning, file "/home/fabrice/git/pycsl/scratchpad/.pycsl_ir6cbmf_.mlw", line 2217, characters 15-19: unused variable result
Warning, file "/home/fabrice/git/pycsl/scratchpad/.pycsl_ir6cbmf_.mlw", line 2199, characters 15-39: unused variable result
Warning, file "/home/fabrice/git/pycsl/scratchpad/.pycsl_ir6cbmf_.mlw", line 2188, characters 15-19: unused variable result
Warning, file "/home/fabrice/git/pycsl/scratchpad/.pycsl_ir6cbmf_.mlw", line 2118, characters 15-19: unused variable result
Warning, file "/home/fabrice/git/pycsl/scratchpad/.pycsl_ir6cbmf_.mlw", line 2109, characters 16-22: unused variable py_end
Warning, file "/home/fabrice/git/pycsl/scratchpad/.pycsl_ir6cbmf_.mlw", line 2092, characters 16-22: unused variable py_end
Warning, file "/home/fabrice/git/pycsl/scratchpad/.pycsl_ir6cbmf_.mlw", line 2086, characters 16-22: unused variable py_end
Warning, file "/home/fabrice/git/pycsl/scratchpad/.pycsl_ir6cbmf_.mlw", line 2058, characters 16-22: unused variable py_end
Warning, file "/home/fabrice/git/pycsl/scratchpad/.pycsl_ir6cbmf_.mlw", line 2046, characters 10-16: unused variable py_end
Warning, file "/home/fabrice/git/pycsl/scratchpad/.pycsl_ir6cbmf_.mlw", line 2043, characters 8-14: unused variable py_end
Warning, file "/home/fabrice/git/pycsl/scratchpad/.pycsl_ir6cbmf_.mlw", line 2037, characters 8-16: unused variable elts_len
Warning, file "/home/fabrice/git/pycsl/scratchpad/.pycsl_ir6cbmf_.mlw", line 2036, characters 8-16: unused variable keys_len
Warning, file "/home/fabrice/git/pycsl/scratchpad/.pycsl_ir6cbmf_.mlw", line 2035, characters 8-18: unused variable values_len
Warning, file "/home/fabrice/git/pycsl/scratchpad/.pycsl_ir6cbmf_.mlw", line 2028, characters 15-19: unused variable result
Warning, file "/home/fabrice/git/pycsl/scratchpad/.pycsl_ir6cbmf_.mlw", line 2024, characters 8-14: unused variable py_end
Warning, file "/home/fabrice/git/pycsl/scratchpad/.pycsl_ir6cbmf_.mlw", line 1997, characters 8-14: unused variable py_end
Warning, file "/home/fabrice/git/pycsl/scratchpad/.pycsl_ir6cbmf_.mlw", line 1994, characters 8-16: unused variable keys_len
Warning, file "/home/fabrice/git/pycsl/scratchpad/.pycsl_ir6cbmf_.mlw", line 1993, characters 8-18: unused variable values_len
Warning, file "/home/fabrice/git/pycsl/scratchpad/.pycsl_ir6cbmf_.mlw", line 1986, characters 44-45: unused variable t
Warning, file "/home/fabrice/git/pycsl/scratchpad/.pycsl_ir6cbmf_.mlw", line 1986, characters 54-63: unused variable first_key
Warning, file "/home/fabrice/git/pycsl/scratchpad/.pycsl_ir6cbmf_.mlw", line 1988, characters 15-19: unused variable result
Warning, file "/home/fabrice/git/pycsl/scratchpad/.pycsl_ir6cbmf_.mlw", line 1959, characters 15-19: unused variable result
Warning, file "/home/fabrice/git/pycsl/scratchpad/.pycsl_ir6cbmf_.mlw", line 1939, characters 15-19: unused variable result
Warning, file "/home/fabrice/git/pycsl/scratchpad/.pycsl_ir6cbmf_.mlw", line 1874, characters 8-16: unused variable args_len
Warning, file "/home/fabrice/git/pycsl/scratchpad/.pycsl_ir6cbmf_.mlw", line 1873, characters 8-20: unused variable defaults_len
Warning, file "/home/fabrice/git/pycsl/scratchpad/.pycsl_ir6cbmf_.mlw", line 1872, characters 8-23: unused variable kw_defaults_len
Warning, file "/home/fabrice/git/pycsl/scratchpad/.pycsl_ir6cbmf_.mlw", line 1871, characters 8-18: unused variable kwonly_len
Warning, file "/home/fabrice/git/pycsl/scratchpad/.pycsl_ir6cbmf_.mlw", line 1866, characters 15-19: unused variable result
Warning, file "/home/fabrice/git/pycsl/scratchpad/.pycsl_ir6cbmf_.mlw", line 1844, characters 8-18: unused variable values_len
Warning, file "/home/fabrice/git/pycsl/scratchpad/.pycsl_ir6cbmf_.mlw", line 1837, characters 15-19: unused variable result
Warning, file "/home/fabrice/git/pycsl/scratchpad/.pycsl_ir6cbmf_.mlw", line 1815, characters 8-18: unused variable values_len
Warning, file "/home/fabrice/git/pycsl/scratchpad/.pycsl_ir6cbmf_.mlw", line 1808, characters 15-19: unused variable result
Warning, file "/home/fabrice/git/pycsl/scratchpad/.pycsl_ir6cbmf_.mlw", line 1789, characters 15-19: unused variable result
Warning, file "/home/fabrice/git/pycsl/scratchpad/.pycsl_ir6cbmf_.mlw", line 1738, characters 8-23: unused variable comparators_len
Warning, file "/home/fabrice/git/pycsl/scratchpad/.pycsl_ir6cbmf_.mlw", line 1737, characters 8-15: unused variable ops_len
Warning, file "/home/fabrice/git/pycsl/scratchpad/.pycsl_ir6cbmf_.mlw", line 1730, characters 15-19: unused variable result
Warning, file "/home/fabrice/git/pycsl/scratchpad/.pycsl_ir6cbmf_.mlw", line 1721, characters 15-19: unused variable result
Warning, file "/home/fabrice/git/pycsl/scratchpad/.pycsl_ir6cbmf_.mlw", line 1686, characters 8-16: unused variable gens_len
Warning, file "/home/fabrice/git/pycsl/scratchpad/.pycsl_ir6cbmf_.mlw", line 1685, characters 8-15: unused variable ifs_len
Warning, file "/home/fabrice/git/pycsl/scratchpad/.pycsl_ir6cbmf_.mlw", line 1680, characters 15-19: unused variable result
Warning, file "/home/fabrice/git/pycsl/scratchpad/.pycsl_ir6cbmf_.mlw", line 1647, characters 8-16: unused variable elts_len
Warning, file "/home/fabrice/git/pycsl/scratchpad/.pycsl_ir6cbmf_.mlw", line 1642, characters 15-19: unused variable result
Warning, file "/home/fabrice/git/pycsl/scratchpad/.pycsl_ir6cbmf_.mlw", line 1630, characters 8-14: unused variable py_val
Warning, file "/home/fabrice/git/pycsl/scratchpad/.pycsl_ir6cbmf_.mlw", line 1624, characters 15-19: unused variable result
Warning, file "/home/fabrice/git/pycsl/scratchpad/.pycsl_ir6cbmf_.mlw", line 1610, characters 15-19: unused variable result
Warning, file "/home/fabrice/git/pycsl/scratchpad/.pycsl_ir6cbmf_.mlw", line 1598, characters 8-14: unused variable py_val
Warning, file "/home/fabrice/git/pycsl/scratchpad/.pycsl_ir6cbmf_.mlw", line 1591, characters 15-19: unused variable result
Warning, file "/home/fabrice/git/pycsl/scratchpad/.pycsl_ir6cbmf_.mlw", line 1568, characters 15-19: unused variable result
Warning, file "/home/fabrice/git/pycsl/scratchpad/.pycsl_ir6cbmf_.mlw", line 1561, characters 12-18: unused variable py_end
Warning, file "/home/fabrice/git/pycsl/scratchpad/.pycsl_ir6cbmf_.mlw", line 1544, characters 12-18: unused variable py_end
Warning, file "/home/fabrice/git/pycsl/scratchpad/.pycsl_ir6cbmf_.mlw", line 1538, characters 10-16: unused variable py_end
Warning, file "/home/fabrice/git/pycsl/scratchpad/.pycsl_ir6cbmf_.mlw", line 1535, characters 8-14: unused variable py_end
Warning, file "/home/fabrice/git/pycsl/scratchpad/.pycsl_ir6cbmf_.mlw", line 1532, characters 8-16: unused variable elts_len
Warning, file "/home/fabrice/git/pycsl/scratchpad/.pycsl_ir6cbmf_.mlw", line 1525, characters 15-19: unused variable result
Warning, file "/home/fabrice/git/pycsl/scratchpad/.pycsl_ir6cbmf_.mlw", line 1515, characters 18-24: unused variable py_end
Warning, file "/home/fabrice/git/pycsl/scratchpad/.pycsl_ir6cbmf_.mlw", line 1512, characters 18-24: unused variable py_end
Warning, file "/home/fabrice/git/pycsl/scratchpad/.pycsl_ir6cbmf_.mlw", line 1493, characters 16-22: unused variable py_end
Warning, file "/home/fabrice/git/pycsl/scratchpad/.pycsl_ir6cbmf_.mlw", line 1487, characters 14-20: unused variable py_end
Warning, file "/home/fabrice/git/pycsl/scratchpad/.pycsl_ir6cbmf_.mlw", line 1469, characters 12-18: unused variable py_end
Warning, file "/home/fabrice/git/pycsl/scratchpad/.pycsl_ir6cbmf_.mlw", line 1464, characters 10-16: unused variable py_end
Warning, file "/home/fabrice/git/pycsl/scratchpad/.pycsl_ir6cbmf_.mlw", line 1461, characters 8-14: unused variable py_end
Warning, file "/home/fabrice/git/pycsl/scratchpad/.pycsl_ir6cbmf_.mlw", line 1456, characters 8-16: unused variable elts_len
Warning, file "/home/fabrice/git/pycsl/scratchpad/.pycsl_ir6cbmf_.mlw", line 1449, characters 15-19: unused variable result
Warning, file "/home/fabrice/git/pycsl/scratchpad/.pycsl_ir6cbmf_.mlw", line 1433, characters 8-14: unused variable py_val
Warning, file "/home/fabrice/git/pycsl/scratchpad/.pycsl_ir6cbmf_.mlw", line 1426, characters 15-19: unused variable result
Warning, file "/home/fabrice/git/pycsl/scratchpad/.pycsl_ir6cbmf_.mlw", line 1399, characters 8-16: unused variable elts_len
Warning, file "/home/fabrice/git/pycsl/scratchpad/.pycsl_ir6cbmf_.mlw", line 1393, characters 15-19: unused variable result
Warning, file "/home/fabrice/git/pycsl/scratchpad/.pycsl_ir6cbmf_.mlw", line 1343, characters 12-18: unused variable py_val
Warning, file "/home/fabrice/git/pycsl/scratchpad/.pycsl_ir6cbmf_.mlw", line 1318, characters 8-14: unused variable py_val
Warning, file "/home/fabrice/git/pycsl/scratchpad/.pycsl_ir6cbmf_.mlw", line 1316, characters 8-17: unused variable parts_len
Warning, file "/home/fabrice/git/pycsl/scratchpad/.pycsl_ir6cbmf_.mlw", line 1315, characters 8-18: unused variable values_len
Warning, file "/home/fabrice/git/pycsl/scratchpad/.pycsl_ir6cbmf_.mlw", line 1308, characters 15-19: unused variable result
Warning, file "/home/fabrice/git/pycsl/scratchpad/.pycsl_ir6cbmf_.mlw", line 1303, characters 8-14: unused variable py_end
Warning, file "/home/fabrice/git/pycsl/scratchpad/.pycsl_ir6cbmf_.mlw", line 1278, characters 8-14: unused variable py_end
Warning, file "/home/fabrice/git/pycsl/scratchpad/.pycsl_ir6cbmf_.mlw", line 1272, characters 8-18: unused variable values_len
Warning, file "/home/fabrice/git/pycsl/scratchpad/.pycsl_ir6cbmf_.mlw", line 1266, characters 15-19: unused variable result
Warning, file "/home/fabrice/git/pycsl/scratchpad/.pycsl_ir6cbmf_.mlw", line 1247, characters 8-14: unused variable py_end
Warning, file "/home/fabrice/git/pycsl/scratchpad/.pycsl_ir6cbmf_.mlw", line 1222, characters 8-14: unused variable py_end
Warning, file "/home/fabrice/git/pycsl/scratchpad/.pycsl_ir6cbmf_.mlw", line 1215, characters 8-15: unused variable out_len
Warning, file "/home/fabrice/git/pycsl/scratchpad/.pycsl_ir6cbmf_.mlw", line 1210, characters 15-19: unused variable result
Warning, file "/home/fabrice/git/pycsl/scratchpad/.pycsl_ir6cbmf_.mlw", line 1167, characters 8-18: unused variable values_len
Warning, file "/home/fabrice/git/pycsl/scratchpad/.pycsl_ir6cbmf_.mlw", line 1162, characters 15-19: unused variable result
Warning, file "/home/fabrice/git/pycsl/scratchpad/.pycsl_ir6cbmf_.mlw", line 1135, characters 8-16: unused variable elts_len
Warning, file "/home/fabrice/git/pycsl/scratchpad/.pycsl_ir6cbmf_.mlw", line 1129, characters 15-19: unused variable result
Warning, file "/home/fabrice/git/pycsl/scratchpad/.pycsl_ir6cbmf_.mlw", line 1112, characters 16-22: unused variable py_end
Warning, file "/home/fabrice/git/pycsl/scratchpad/.pycsl_ir6cbmf_.mlw", line 1101, characters 14-20: unused variable py_end
Warning, file "/home/fabrice/git/pycsl/scratchpad/.pycsl_ir6cbmf_.mlw", line 1088, characters 12-18: unused variable py_end
Warning, file "/home/fabrice/git/pycsl/scratchpad/.pycsl_ir6cbmf_.mlw", line 1072, characters 8-14: unused variable py_end
Warning, file "/home/fabrice/git/pycsl/scratchpad/.pycsl_ir6cbmf_.mlw", line 1062, characters 15-19: unused variable result
Warning, file "/home/fabrice/git/pycsl/scratchpad/.pycsl_ir6cbmf_.mlw", line 1006, characters 8-16: unused variable args_len
Warning, file "/home/fabrice/git/pycsl/scratchpad/.pycsl_ir6cbmf_.mlw", line 1005, characters 8-20: unused variable keywords_len
Warning, file "/home/fabrice/git/pycsl/scratchpad/.pycsl_ir6cbmf_.mlw", line 1000, characters 15-19: unused variable result
Warning, file "/home/fabrice/git/pycsl/scratchpad/.pycsl_ir6cbmf_.mlw", line 965, characters 8-16: unused variable elts_len
Warning, file "/home/fabrice/git/pycsl/scratchpad/.pycsl_ir6cbmf_.mlw", line 959, characters 15-19: unused variable result
Warning, file "/home/fabrice/git/pycsl/scratchpad/.pycsl_ir6cbmf_.mlw", line 928, characters 15-19: unused variable result
Warning, file "/home/fabrice/git/pycsl/scratchpad/.pycsl_ir6cbmf_.mlw", line 910, characters 15-19: unused variable result
Warning, file "/home/fabrice/git/pycsl/scratchpad/.pycsl_ir6cbmf_.mlw", line 2308, characters 15-39: unused variable result
Warning, file "/home/fabrice/git/pycsl/scratchpad/.pycsl_ir6cbmf_.mlw", line 2324, characters 8-17: unused variable parts_len
Warning, file "/home/fabrice/git/pycsl/scratchpad/.pycsl_ir6cbmf_.mlw", line 2321, characters 15-39: unused variable result
Warning, file "/home/fabrice/git/pycsl/scratchpad/.pycsl_ir6cbmf_.mlw", line 2348, characters 15-19: unused variable result
Warning, file "/home/fabrice/git/pycsl/scratchpad/.pycsl_ir6cbmf_.mlw", line 2376, characters 15-19: unused variable result
Warning, file "/home/fabrice/git/pycsl/scratchpad/.pycsl_ir6cbmf_.mlw", line 2400, characters 8-16: unused variable elts_len
Warning, file "/home/fabrice/git/pycsl/scratchpad/.pycsl_ir6cbmf_.mlw", line 2396, characters 15-19: unused variable result
Warning, file "/home/fabrice/git/pycsl/scratchpad/.pycsl_ir6cbmf_.mlw", line 2424, characters 8-19: unused variable targets_len
Warning, file "/home/fabrice/git/pycsl/scratchpad/.pycsl_ir6cbmf_.mlw", line 2419, characters 15-19: unused variable result
Warning, file "/home/fabrice/git/pycsl/scratchpad/.pycsl_ir6cbmf_.mlw", line 2452, characters 8-16: unused variable elts_len
Warning, file "/home/fabrice/git/pycsl/scratchpad/.pycsl_ir6cbmf_.mlw", line 2446, characters 15-19: unused variable result
Warning, file "/home/fabrice/git/pycsl/scratchpad/.pycsl_ir6cbmf_.mlw", line 2484, characters 15-19: unused variable result
Warning, file "/home/fabrice/git/pycsl/scratchpad/.pycsl_ir6cbmf_.mlw", line 2505, characters 8-15: unused variable raw_len
Warning, file "/home/fabrice/git/pycsl/scratchpad/.pycsl_ir6cbmf_.mlw", line 2504, characters 8-19: unused variable targets_len
Warning, file "/home/fabrice/git/pycsl/scratchpad/.pycsl_ir6cbmf_.mlw", line 2498, characters 15-19: unused variable result
Warning, file "/home/fabrice/git/pycsl/scratchpad/.pycsl_ir6cbmf_.mlw", line 2577, characters 8-17: unused variable names_len
Warning, file "/home/fabrice/git/pycsl/scratchpad/.pycsl_ir6cbmf_.mlw", line 2573, characters 15-19: unused variable result
Warning, file "/home/fabrice/git/pycsl/scratchpad/.pycsl_ir6cbmf_.mlw", line 2593, characters 15-39: unused variable result
Warning, file "/home/fabrice/git/pycsl/scratchpad/.pycsl_ir6cbmf_.mlw", line 2614, characters 8-17: unused variable names_len
Warning, file "/home/fabrice/git/pycsl/scratchpad/.pycsl_ir6cbmf_.mlw", line 2610, characters 15-19: unused variable result
Warning, file "/home/fabrice/git/pycsl/scratchpad/.pycsl_ir6cbmf_.mlw", line 2637, characters 8-17: unused variable parts_len
Warning, file "/home/fabrice/git/pycsl/scratchpad/.pycsl_ir6cbmf_.mlw", line 2633, characters 15-19: unused variable result
Warning, file "/home/fabrice/git/pycsl/scratchpad/.pycsl_ir6cbmf_.mlw", line 2694, characters 8-17: unused variable names_len
Warning, file "/home/fabrice/git/pycsl/scratchpad/.pycsl_ir6cbmf_.mlw", line 2690, characters 15-19: unused variable result
Warning, file "/home/fabrice/git/pycsl/scratchpad/.pycsl_ir6cbmf_.mlw", line 2708, characters 21-25: unused variable self
Warning, file "/home/fabrice/git/pycsl/scratchpad/.pycsl_ir6cbmf_.mlw", line 2708, characters 37-41: unused variable name
Warning, file "/home/fabrice/git/pycsl/scratchpad/.pycsl_ir6cbmf_.mlw", line 2708, characters 52-61: unused variable start_tok
Warning, file "/home/fabrice/git/pycsl/scratchpad/.pycsl_ir6cbmf_.mlw", line 2710, characters 15-19: unused variable result
Warning, file "/home/fabrice/git/pycsl/scratchpad/.pycsl_ir6cbmf_.mlw", line 2714, characters 15-19: unused variable result
Warning, file "/home/fabrice/git/pycsl/scratchpad/.pycsl_ir6cbmf_.mlw", line 2736, characters 15-19: unused variable result
Warning, file "/home/fabrice/git/pycsl/scratchpad/.pycsl_ir6cbmf_.mlw", line 2754, characters 15-19: unused variable result
Warning, file "/home/fabrice/git/pycsl/scratchpad/.pycsl_ir6cbmf_.mlw", line 2824, characters 8-17: unused variable stmts_len
Warning, file "/home/fabrice/git/pycsl/scratchpad/.pycsl_ir6cbmf_.mlw", line 2819, characters 15-19: unused variable result
Warning, file "/home/fabrice/git/pycsl/scratchpad/.pycsl_ir6cbmf_.mlw", line 2846, characters 15-19: unused variable result
Warning, file "/home/fabrice/git/pycsl/scratchpad/.pycsl_ir6cbmf_.mlw", line 2886, characters 15-19: unused variable result
Warning, file "/home/fabrice/git/pycsl/scratchpad/.pycsl_ir6cbmf_.mlw", line 2913, characters 15-19: unused variable result
Warning, file "/home/fabrice/git/pycsl/scratchpad/.pycsl_ir6cbmf_.mlw", line 2926, characters 8-16: unused variable elts_len
Warning, file "/home/fabrice/git/pycsl/scratchpad/.pycsl_ir6cbmf_.mlw", line 2922, characters 15-19: unused variable result
Warning, file "/home/fabrice/git/pycsl/scratchpad/.pycsl_ir6cbmf_.mlw", line 2964, characters 8-18: unused variable params_len
Warning, file "/home/fabrice/git/pycsl/scratchpad/.pycsl_ir6cbmf_.mlw", line 2960, characters 15-19: unused variable result
Warning, file "/home/fabrice/git/pycsl/scratchpad/.pycsl_ir6cbmf_.mlw", line 3008, characters 15-19: unused variable result
Warning, file "/home/fabrice/git/pycsl/scratchpad/.pycsl_ir6cbmf_.mlw", line 3037, characters 8-16: unused variable args_len
Warning, file "/home/fabrice/git/pycsl/scratchpad/.pycsl_ir6cbmf_.mlw", line 3036, characters 8-20: unused variable defaults_len
Warning, file "/home/fabrice/git/pycsl/scratchpad/.pycsl_ir6cbmf_.mlw", line 3035, characters 8-23: unused variable kw_defaults_len
Warning, file "/home/fabrice/git/pycsl/scratchpad/.pycsl_ir6cbmf_.mlw", line 3034, characters 8-18: unused variable kwonly_len
Warning, file "/home/fabrice/git/pycsl/scratchpad/.pycsl_ir6cbmf_.mlw", line 3029, characters 15-19: unused variable result
Warning, file "/home/fabrice/git/pycsl/scratchpad/.pycsl_ir6cbmf_.mlw", line 3103, characters 15-19: unused variable result
Warning, file "/home/fabrice/git/pycsl/scratchpad/.pycsl_ir6cbmf_.mlw", line 3122, characters 15-19: unused variable result
Warning, file "/home/fabrice/git/pycsl/scratchpad/.pycsl_ir6cbmf_.mlw", line 3169, characters 15-19: unused variable result
Warning, file "/home/fabrice/git/pycsl/scratchpad/.pycsl_ir6cbmf_.mlw", line 3183, characters 8-16: unused variable elts_len
Warning, file "/home/fabrice/git/pycsl/scratchpad/.pycsl_ir6cbmf_.mlw", line 3178, characters 15-19: unused variable result
Warning, file "/home/fabrice/git/pycsl/scratchpad/.pycsl_ir6cbmf_.mlw", line 3216, characters 8-14: unused variable py_val
Warning, file "/home/fabrice/git/pycsl/scratchpad/.pycsl_ir6cbmf_.mlw", line 3211, characters 15-19: unused variable result
Warning, file "/home/fabrice/git/pycsl/scratchpad/.pycsl_ir6cbmf_.mlw", line 3408, characters 15-19: unused variable result
Warning, file "/home/fabrice/git/pycsl/scratchpad/.pycsl_ir6cbmf_.mlw", line 3386, characters 8-16: unused variable pats_len
Warning, file "/home/fabrice/git/pycsl/scratchpad/.pycsl_ir6cbmf_.mlw", line 3380, characters 15-19: unused variable result
Warning, file "/home/fabrice/git/pycsl/scratchpad/.pycsl_ir6cbmf_.mlw", line 3349, characters 20-26: unused variable py_end
Warning, file "/home/fabrice/git/pycsl/scratchpad/.pycsl_ir6cbmf_.mlw", line 3304, characters 8-14: unused variable py_end
Warning, file "/home/fabrice/git/pycsl/scratchpad/.pycsl_ir6cbmf_.mlw", line 3299, characters 8-20: unused variable patterns_len
Warning, file "/home/fabrice/git/pycsl/scratchpad/.pycsl_ir6cbmf_.mlw", line 3293, characters 15-19: unused variable result
Warning, file "/home/fabrice/git/pycsl/scratchpad/.pycsl_ir6cbmf_.mlw", line 3284, characters 8-14: unused variable py_end
Warning, file "/home/fabrice/git/pycsl/scratchpad/.pycsl_ir6cbmf_.mlw", line 3251, characters 8-14: unused variable py_end
Warning, file "/home/fabrice/git/pycsl/scratchpad/.pycsl_ir6cbmf_.mlw", line 3246, characters 8-16: unused variable elts_len
Warning, file "/home/fabrice/git/pycsl/scratchpad/.pycsl_ir6cbmf_.mlw", line 3238, characters 87-88: unused variable t
Warning, file "/home/fabrice/git/pycsl/scratchpad/.pycsl_ir6cbmf_.mlw", line 3240, characters 15-19: unused variable result
Warning, file "/home/fabrice/git/pycsl/scratchpad/.pycsl_ir6cbmf_.mlw", line 3432, characters 15-19: unused variable result
Warning, file "/home/fabrice/git/pycsl/scratchpad/.pycsl_ir6cbmf_.mlw", line 3920, characters 15-19: unused variable result
Warning, file "/home/fabrice/git/pycsl/scratchpad/.pycsl_ir6cbmf_.mlw", line 3878, characters 15-19: unused variable result
Warning, file "/home/fabrice/git/pycsl/scratchpad/.pycsl_ir6cbmf_.mlw", line 3818, characters 15-19: unused variable result
Warning, file "/home/fabrice/git/pycsl/scratchpad/.pycsl_ir6cbmf_.mlw", line 3794, characters 15-19: unused variable result
Warning, file "/home/fabrice/git/pycsl/scratchpad/.pycsl_ir6cbmf_.mlw", line 3774, characters 15-19: unused variable result
Warning, file "/home/fabrice/git/pycsl/scratchpad/.pycsl_ir6cbmf_.mlw", line 3743, characters 15-19: unused variable result
Warning, file "/home/fabrice/git/pycsl/scratchpad/.pycsl_ir6cbmf_.mlw", line 3709, characters 8-17: unused variable items_len
Warning, file "/home/fabrice/git/pycsl/scratchpad/.pycsl_ir6cbmf_.mlw", line 3704, characters 15-19: unused variable result
Warning, file "/home/fabrice/git/pycsl/scratchpad/.pycsl_ir6cbmf_.mlw", line 3673, characters 15-19: unused variable result
Warning, file "/home/fabrice/git/pycsl/scratchpad/.pycsl_ir6cbmf_.mlw", line 3640, characters 8-22: unused variable decorators_len
Warning, file "/home/fabrice/git/pycsl/scratchpad/.pycsl_ir6cbmf_.mlw", line 3634, characters 15-19: unused variable result
Warning, file "/home/fabrice/git/pycsl/scratchpad/.pycsl_ir6cbmf_.mlw", line 3618, characters 15-19: unused variable result
Warning, file "/home/fabrice/git/pycsl/scratchpad/.pycsl_ir6cbmf_.mlw", line 3591, characters 15-19: unused variable result
Warning, file "/home/fabrice/git/pycsl/scratchpad/.pycsl_ir6cbmf_.mlw", line 3548, characters 8-17: unused variable cases_len
Warning, file "/home/fabrice/git/pycsl/scratchpad/.pycsl_ir6cbmf_.mlw", line 3543, characters 15-19: unused variable result
Warning, file "/home/fabrice/git/pycsl/scratchpad/.pycsl_ir6cbmf_.mlw", line 3522, characters 15-19: unused variable result
Warning, file "/home/fabrice/git/pycsl/scratchpad/.pycsl_ir6cbmf_.mlw", line 3474, characters 8-20: unused variable handlers_len
Warning, file "/home/fabrice/git/pycsl/scratchpad/.pycsl_ir6cbmf_.mlw", line 3469, characters 15-19: unused variable result
Warning, file "/home/fabrice/git/pycsl/scratchpad/.pycsl_ir6cbmf_.mlw", line 3453, characters 15-19: unused variable result
Warning, file "/home/fabrice/git/pycsl/scratchpad/.pycsl_ir6cbmf_.mlw", line 3951, characters 21-25: unused variable self
Warning, file "/home/fabrice/git/pycsl/scratchpad/.pycsl_ir6cbmf_.mlw", line 3951, characters 37-41: unused variable node
Warning, file "/home/fabrice/git/pycsl/scratchpad/.pycsl_ir6cbmf_.mlw", line 3951, characters 49-58: unused variable start_tok
Warning, file "/home/fabrice/git/pycsl/scratchpad/.pycsl_ir6cbmf_.mlw", line 3951, characters 66-73: unused variable end_tok
Warning, file "/home/fabrice/git/pycsl/scratchpad/.pycsl_ir6cbmf_.mlw", line 3955, characters 27-31: unused variable self
Warning, file "/home/fabrice/git/pycsl/scratchpad/.pycsl_ir6cbmf_.mlw", line 3955, characters 43-47: unused variable node
Warning, file "/home/fabrice/git/pycsl/scratchpad/.pycsl_ir6cbmf_.mlw", line 3955, characters 55-64: unused variable start_tok
Warning, file "/home/fabrice/git/pycsl/scratchpad/.pycsl_ir6cbmf_.mlw", line 3959, characters 25-29: unused variable self
Warning, file "/home/fabrice/git/pycsl/scratchpad/.pycsl_ir6cbmf_.mlw", line 3961, characters 15-19: unused variable result
Warning, file "/home/fabrice/git/pycsl/scratchpad/.pycsl_ir6cbmf_.mlw", line 3970, characters 25-29: unused variable self
Warning, file "/home/fabrice/git/pycsl/scratchpad/.pycsl_ir6cbmf_.mlw", line 3970, characters 41-44: unused variable obj
Warning, file "/home/fabrice/git/pycsl/scratchpad/.pycsl_ir6cbmf_.mlw", line 3970, characters 52-55: unused variable cur
Warning, file "/home/fabrice/git/pycsl/scratchpad/.pycsl_ir6cbmf_.mlw", line 3974, characters 22-26: unused variable self
Warning, file "/home/fabrice/git/pycsl/scratchpad/.pycsl_ir6cbmf_.mlw", line 3974, characters 38-41: unused variable msg
Warning, file "/home/fabrice/git/pycsl/scratchpad/.pycsl_ir6cbmf_.mlw", line 3981, characters 15-19: unused variable result
Warning, file "/home/fabrice/git/pycsl/scratchpad/.pycsl_ir6cbmf_.mlw", line 3991, characters 15-19: unused variable result
Warning, file "/home/fabrice/git/pycsl/scratchpad/.pycsl_ir6cbmf_.mlw", line 4014, characters 28-32: unused variable self
Warning, file "/home/fabrice/git/pycsl/scratchpad/.pycsl_ir6cbmf_.mlw", line 4014, characters 44-48: unused variable what
Warning, file "/home/fabrice/git/pycsl/scratchpad/.pycsl_ir6cbmf_.mlw", line 4019, characters 25-29: unused variable self
Warning, file "/home/fabrice/git/pycsl/scratchpad/.pycsl_ir6cbmf_.mlw", line 4023, characters 18-23: unused variable limit
Warning, file "/home/fabrice/git/pycsl/scratchpad/.pycsl_ir6cbmf_.mlw", line 4031, characters 8-17: unused variable lines_len
Warning, file "/home/fabrice/git/pycsl/scratchpad/.pycsl_ir6cbmf_.mlw", line 4029, characters 15-19: unused variable result
Warning, file "/home/fabrice/git/pycsl/scratchpad/.pycsl_ir6cbmf_.mlw", line 4059, characters 30-34: unused variable self
Warning, file "/home/fabrice/git/pycsl/scratchpad/.pycsl_ir6cbmf_.mlw", line 4074, characters 36-40: unused variable self
Warning, file "/home/fabrice/git/pycsl/scratchpad/.pycsl_ir6cbmf_.mlw", line 4080, characters 42-46: unused variable self
Warning, file "/home/fabrice/git/pycsl/scratchpad/.pycsl_ir6cbmf_.mlw", line 4086, characters 37-41: unused variable self
Warning, file "/home/fabrice/git/pycsl/scratchpad/.pycsl_ir6cbmf_.mlw", line 4092, characters 35-39: unused variable self
Warning, file "/home/fabrice/git/pycsl/scratchpad/.pycsl_ir6cbmf_.mlw", line 4092, characters 53-57: unused variable node
Warning, file "/home/fabrice/git/pycsl/scratchpad/.pycsl_ir6cbmf_.mlw", line 4092, characters 65-76: unused variable fill_suffix
Warning, file "/home/fabrice/git/pycsl/scratchpad/.pycsl_ir6cbmf_.mlw", line 4096, characters 38-42: unused variable self
Warning, file "/home/fabrice/git/pycsl/scratchpad/.pycsl_ir6cbmf_.mlw", line 4096, characters 56-62: unused variable string
Warning, file "/home/fabrice/git/pycsl/scratchpad/.pycsl_ir6cbmf_.mlw", line 4100, characters 38-42: unused variable self
Warning, file "/home/fabrice/git/pycsl/scratchpad/.pycsl_ir6cbmf_.mlw", line 4100, characters 56-67: unused variable type_params
Warning, file "/home/fabrice/git/pycsl/scratchpad/.pycsl_ir6cbmf_.mlw", line 4104, characters 50-54: unused variable self
Warning, file "/home/fabrice/git/pycsl/scratchpad/.pycsl_ir6cbmf_.mlw", line 4141, characters 53-57: unused variable self
Warning, file "/home/fabrice/git/pycsl/scratchpad/.pycsl_ir6cbmf_.mlw", line 4141, characters 71-75: unused variable node
Warning, file "/home/fabrice/git/pycsl/scratchpad/.pycsl_ir6cbmf_.mlw", line 4145, characters 39-43: unused variable self
Warning, file "/home/fabrice/git/pycsl/scratchpad/.pycsl_ir6cbmf_.mlw", line 4145, characters 57-61: unused variable node
Warning, file "/home/fabrice/git/pycsl/scratchpad/.pycsl_ir6cbmf_.mlw", line 4161, characters 27-31: unused variable self
Warning, file "/home/fabrice/git/pycsl/scratchpad/.pycsl_ir6cbmf_.mlw", line 4161, characters 45-51: unused variable buffer
Warning, file "/home/fabrice/git/pycsl/scratchpad/.pycsl_ir6cbmf_.mlw", line 4165, characters 26-30: unused variable self
Warning, file "/home/fabrice/git/pycsl/scratchpad/.pycsl_ir6cbmf_.mlw", line 4173, characters 29-33: unused variable self
Warning, file "/home/fabrice/git/pycsl/scratchpad/.pycsl_ir6cbmf_.mlw", line 4173, characters 47-52: unused variable start
Warning, file "/home/fabrice/git/pycsl/scratchpad/.pycsl_ir6cbmf_.mlw", line 4173, characters 60-66: unused variable py_end
Warning, file "/home/fabrice/git/pycsl/scratchpad/.pycsl_ir6cbmf_.mlw", line 4173, characters 74-83: unused variable condition
Warning, file "/home/fabrice/git/pycsl/scratchpad/.pycsl_ir6cbmf_.mlw", line 4177, characters 31-35: unused variable self
Warning, file "/home/fabrice/git/pycsl/scratchpad/.pycsl_ir6cbmf_.mlw", line 4177, characters 49-53: unused variable node
Warning, file "/home/fabrice/git/pycsl/scratchpad/.pycsl_ir6cbmf_.mlw", line 4181, characters 23-27: unused variable self
Warning, file "/home/fabrice/git/pycsl/scratchpad/.pycsl_ir6cbmf_.mlw", line 4181, characters 41-45: unused variable text
Warning, file "/home/fabrice/git/pycsl/scratchpad/.pycsl_ir6cbmf_.mlw", line 4185, characters 33-37: unused variable self
Warning, file "/home/fabrice/git/pycsl/scratchpad/.pycsl_ir6cbmf_.mlw", line 4187, characters 15-19: unused variable result
Warning, file "/home/fabrice/git/pycsl/scratchpad/.pycsl_ir6cbmf_.mlw", line 4191, characters 36-40: unused variable self
Warning, file "/home/fabrice/git/pycsl/scratchpad/.pycsl_ir6cbmf_.mlw", line 4193, characters 15-19: unused variable result
Warning, file "/home/fabrice/git/pycsl/scratchpad/.pycsl_ir6cbmf_.mlw", line 4214, characters 35-39: unused variable self
Warning, file "/home/fabrice/git/pycsl/scratchpad/.pycsl_ir6cbmf_.mlw", line 4214, characters 53-57: unused variable node
Warning, file "/home/fabrice/git/pycsl/scratchpad/.pycsl_ir6cbmf_.mlw", line 4218, characters 29-33: unused variable self
Warning, file "/home/fabrice/git/pycsl/scratchpad/.pycsl_ir6cbmf_.mlw", line 4218, characters 47-52: unused variable inter
Warning, file "/home/fabrice/git/pycsl/scratchpad/.pycsl_ir6cbmf_.mlw", line 4218, characters 60-61: unused variable f
Warning, file "/home/fabrice/git/pycsl/scratchpad/.pycsl_ir6cbmf_.mlw", line 4218, characters 69-72: unused variable seq
Warning, file "/home/fabrice/git/pycsl/scratchpad/.pycsl_ir6cbmf_.mlw", line 4222, characters 37-41: unused variable self
Warning, file "/home/fabrice/git/pycsl/scratchpad/.pycsl_ir6cbmf_.mlw", line 4226, characters 29-33: unused variable self
Warning, file "/home/fabrice/git/pycsl/scratchpad/.pycsl_ir6cbmf_.mlw", line 4226, characters 47-56: unused variable traverser
Warning, file "/home/fabrice/git/pycsl/scratchpad/.pycsl_ir6cbmf_.mlw", line 4226, characters 64-69: unused variable items
Warning, file "/home/fabrice/git/pycsl/scratchpad/.pycsl_ir6cbmf_.mlw", line 4238, characters 33-37: unused variable self
Warning, file "/home/fabrice/git/pycsl/scratchpad/.pycsl_ir6cbmf_.mlw", line 4238, characters 51-61: unused variable precedence
Warning, file "/home/fabrice/git/pycsl/scratchpad/.pycsl_ir6cbmf_.mlw", line 4238, characters 69-73: unused variable node
Warning, file "/home/fabrice/git/pycsl/scratchpad/.pycsl_ir6cbmf_.mlw", line 4242, characters 33-37: unused variable self
Warning, file "/home/fabrice/git/pycsl/scratchpad/.pycsl_ir6cbmf_.mlw", line 4242, characters 51-61: unused variable precedence
Warning, file "/home/fabrice/git/pycsl/scratchpad/.pycsl_ir6cbmf_.mlw", line 4246, characters 27-31: unused variable self
Warning, file "/home/fabrice/git/pycsl/scratchpad/.pycsl_ir6cbmf_.mlw", line 4246, characters 45-49: unused variable node
Warning, file "/home/fabrice/git/pycsl/scratchpad/.pycsl_ir6cbmf_.mlw", line 4252, characters 15-19: unused variable result
Warning, file "/home/fabrice/git/pycsl/scratchpad/.pycsl_ir6cbmf_.mlw", line 4258, characters 34-38: unused variable self
Warning, file "/home/fabrice/git/pycsl/scratchpad/.pycsl_ir6cbmf_.mlw", line 4271, characters 31-35: unused variable self
Warning, file "/home/fabrice/git/pycsl/scratchpad/.pycsl_ir6cbmf_.mlw", line 4282, characters 31-35: unused variable self
Warning, file "/home/fabrice/git/pycsl/scratchpad/.pycsl_ir6cbmf_.mlw", line 4282, characters 49-53: unused variable node
Warning, file "/home/fabrice/git/pycsl/scratchpad/.pycsl_ir6cbmf_.mlw", line 4292, characters 41-45: unused variable self
Warning, file "/home/fabrice/git/pycsl/scratchpad/.pycsl_ir6cbmf_.mlw", line 4298, characters 34-38: unused variable self
Warning, file "/home/fabrice/git/pycsl/scratchpad/.pycsl_ir6cbmf_.mlw", line 4298, characters 52-56: unused variable node
Warning, file "/home/fabrice/git/pycsl/scratchpad/.pycsl_ir6cbmf_.mlw", line 4302, characters 34-38: unused variable self
Warning, file "/home/fabrice/git/pycsl/scratchpad/.pycsl_ir6cbmf_.mlw", line 4314, characters 34-38: unused variable self
Warning, file "/home/fabrice/git/pycsl/scratchpad/.pycsl_ir6cbmf_.mlw", line 4314, characters 52-56: unused variable node
Warning, file "/home/fabrice/git/pycsl/scratchpad/.pycsl_ir6cbmf_.mlw", line 4318, characters 30-34: unused variable self
Warning, file "/home/fabrice/git/pycsl/scratchpad/.pycsl_ir6cbmf_.mlw", line 4352, characters 31-35: unused variable self
Warning, file "/home/fabrice/git/pycsl/scratchpad/.pycsl_ir6cbmf_.mlw", line 4352, characters 49-53: unused variable node
Warning, file "/home/fabrice/git/pycsl/scratchpad/.pycsl_ir6cbmf_.mlw", line 4356, characters 30-34: unused variable self
Warning, file "/home/fabrice/git/pycsl/scratchpad/.pycsl_ir6cbmf_.mlw", line 4356, characters 48-52: unused variable node
Warning, file "/home/fabrice/git/pycsl/scratchpad/.pycsl_ir6cbmf_.mlw", line 4362, characters 29-33: unused variable self
Warning, file "/home/fabrice/git/pycsl/scratchpad/.pycsl_ir6cbmf_.mlw", line 4362, characters 47-51: unused variable node
Warning, file "/home/fabrice/git/pycsl/scratchpad/.pycsl_ir6cbmf_.mlw", line 4366, characters 33-37: unused variable self
Warning, file "/home/fabrice/git/pycsl/scratchpad/.pycsl_ir6cbmf_.mlw", line 4366, characters 51-55: unused variable node
Warning, file "/home/fabrice/git/pycsl/scratchpad/.pycsl_ir6cbmf_.mlw", line 4370, characters 32-36: unused variable self
Warning, file "/home/fabrice/git/pycsl/scratchpad/.pycsl_ir6cbmf_.mlw", line 4370, characters 50-54: unused variable node
Warning, file "/home/fabrice/git/pycsl/scratchpad/.pycsl_ir6cbmf_.mlw", line 4393, characters 33-37: unused variable self
Warning, file "/home/fabrice/git/pycsl/scratchpad/.pycsl_ir6cbmf_.mlw", line 4393, characters 51-55: unused variable node
Warning, file "/home/fabrice/git/pycsl/scratchpad/.pycsl_ir6cbmf_.mlw", line 4399, characters 31-35: unused variable self
Warning, file "/home/fabrice/git/pycsl/scratchpad/.pycsl_ir6cbmf_.mlw", line 4399, characters 49-53: unused variable node
Warning, file "/home/fabrice/git/pycsl/scratchpad/.pycsl_ir6cbmf_.mlw", line 4403, characters 29-33: unused variable self
Warning, file "/home/fabrice/git/pycsl/scratchpad/.pycsl_ir6cbmf_.mlw", line 4403, characters 47-51: unused variable node
Warning, file "/home/fabrice/git/pycsl/scratchpad/.pycsl_ir6cbmf_.mlw", line 4407, characters 33-37: unused variable self
Warning, file "/home/fabrice/git/pycsl/scratchpad/.pycsl_ir6cbmf_.mlw", line 4407, characters 51-55: unused variable node
Warning, file "/home/fabrice/git/pycsl/scratchpad/.pycsl_ir6cbmf_.mlw", line 4411, characters 33-37: unused variable self
Warning, file "/home/fabrice/git/pycsl/scratchpad/.pycsl_ir6cbmf_.mlw", line 4411, characters 51-55: unused variable node
Warning, file "/home/fabrice/git/pycsl/scratchpad/.pycsl_ir6cbmf_.mlw", line 4432, characters 29-33: unused variable self
Warning, file "/home/fabrice/git/pycsl/scratchpad/.pycsl_ir6cbmf_.mlw", line 4446, characters 39-43: unused variable self
Warning, file "/home/fabrice/git/pycsl/scratchpad/.pycsl_ir6cbmf_.mlw", line 4446, characters 57-61: unused variable node
Warning, file "/home/fabrice/git/pycsl/scratchpad/.pycsl_ir6cbmf_.mlw", line 4450, characters 36-40: unused variable self
Warning, file "/home/fabrice/git/pycsl/scratchpad/.pycsl_ir6cbmf_.mlw", line 4456, characters 37-41: unused variable self
Warning, file "/home/fabrice/git/pycsl/scratchpad/.pycsl_ir6cbmf_.mlw", line 4456, characters 55-59: unused variable node
Warning, file "/home/fabrice/git/pycsl/scratchpad/.pycsl_ir6cbmf_.mlw", line 4460, characters 37-41: unused variable self
Warning, file "/home/fabrice/git/pycsl/scratchpad/.pycsl_ir6cbmf_.mlw", line 4460, characters 55-59: unused variable node
Warning, file "/home/fabrice/git/pycsl/scratchpad/.pycsl_ir6cbmf_.mlw", line 4464, characters 31-35: unused variable self
Warning, file "/home/fabrice/git/pycsl/scratchpad/.pycsl_ir6cbmf_.mlw", line 4464, characters 49-53: unused variable node
Warning, file "/home/fabrice/git/pycsl/scratchpad/.pycsl_ir6cbmf_.mlw", line 4468, characters 27-31: unused variable self
Warning, file "/home/fabrice/git/pycsl/scratchpad/.pycsl_ir6cbmf_.mlw", line 4468, characters 45-49: unused variable node
Warning, file "/home/fabrice/git/pycsl/scratchpad/.pycsl_ir6cbmf_.mlw", line 4472, characters 30-34: unused variable self
Warning, file "/home/fabrice/git/pycsl/scratchpad/.pycsl_ir6cbmf_.mlw", line 4484, characters 31-35: unused variable self
Warning, file "/home/fabrice/git/pycsl/scratchpad/.pycsl_ir6cbmf_.mlw", line 4484, characters 49-53: unused variable node
Warning, file "/home/fabrice/git/pycsl/scratchpad/.pycsl_ir6cbmf_.mlw", line 4488, characters 35-39: unused variable self
Warning, file "/home/fabrice/git/pycsl/scratchpad/.pycsl_ir6cbmf_.mlw", line 4488, characters 53-57: unused variable node
Warning, file "/home/fabrice/git/pycsl/scratchpad/.pycsl_ir6cbmf_.mlw", line 4492, characters 34-38: unused variable self
Warning, file "/home/fabrice/git/pycsl/scratchpad/.pycsl_ir6cbmf_.mlw", line 4492, characters 52-56: unused variable node
Warning, file "/home/fabrice/git/pycsl/scratchpad/.pycsl_ir6cbmf_.mlw", line 4496, characters 31-35: unused variable self
Warning, file "/home/fabrice/git/pycsl/scratchpad/.pycsl_ir6cbmf_.mlw", line 4509, characters 29-33: unused variable self
Warning, file "/home/fabrice/git/pycsl/scratchpad/.pycsl_ir6cbmf_.mlw", line 4509, characters 47-51: unused variable node
Warning, file "/home/fabrice/git/pycsl/scratchpad/.pycsl_ir6cbmf_.mlw", line 4513, characters 33-37: unused variable self
Warning, file "/home/fabrice/git/pycsl/scratchpad/.pycsl_ir6cbmf_.mlw", line 4513, characters 51-55: unused variable node
Warning, file "/home/fabrice/git/pycsl/scratchpad/.pycsl_ir6cbmf_.mlw", line 4517, characters 30-34: unused variable self
Warning, file "/home/fabrice/git/pycsl/scratchpad/.pycsl_ir6cbmf_.mlw", line 4517, characters 48-52: unused variable node
Warning, file "/home/fabrice/git/pycsl/scratchpad/.pycsl_ir6cbmf_.mlw", line 4521, characters 32-36: unused variable self
Warning, file "/home/fabrice/git/pycsl/scratchpad/.pycsl_ir6cbmf_.mlw", line 4541, characters 35-39: unused variable self
Warning, file "/home/fabrice/git/pycsl/scratchpad/.pycsl_ir6cbmf_.mlw", line 4541, characters 53-57: unused variable node
Warning, file "/home/fabrice/git/pycsl/scratchpad/.pycsl_ir6cbmf_.mlw", line 4545, characters 37-41: unused variable self
Warning, file "/home/fabrice/git/pycsl/scratchpad/.pycsl_ir6cbmf_.mlw", line 4545, characters 55-59: unused variable node
Warning, file "/home/fabrice/git/pycsl/scratchpad/.pycsl_ir6cbmf_.mlw", line 4549, characters 32-36: unused variable self
Warning, file "/home/fabrice/git/pycsl/scratchpad/.pycsl_ir6cbmf_.mlw", line 4549, characters 50-54: unused variable node
Warning, file "/home/fabrice/git/pycsl/scratchpad/.pycsl_ir6cbmf_.mlw", line 4553, characters 38-42: unused variable self
Warning, file "/home/fabrice/git/pycsl/scratchpad/.pycsl_ir6cbmf_.mlw", line 4553, characters 56-60: unused variable node
Warning, file "/home/fabrice/git/pycsl/scratchpad/.pycsl_ir6cbmf_.mlw", line 4563, characters 34-38: unused variable self
Warning, file "/home/fabrice/git/pycsl/scratchpad/.pycsl_ir6cbmf_.mlw", line 4563, characters 52-56: unused variable node
Warning, file "/home/fabrice/git/pycsl/scratchpad/.pycsl_ir6cbmf_.mlw", line 4567, characters 35-39: unused variable self
Warning, file "/home/fabrice/git/pycsl/scratchpad/.pycsl_ir6cbmf_.mlw", line 4581, characters 29-33: unused variable self
Warning, file "/home/fabrice/git/pycsl/scratchpad/.pycsl_ir6cbmf_.mlw", line 4587, characters 34-38: unused variable self
Warning, file "/home/fabrice/git/pycsl/scratchpad/.pycsl_ir6cbmf_.mlw", line 4596, characters 33-37: unused variable self
Warning, file "/home/fabrice/git/pycsl/scratchpad/.pycsl_ir6cbmf_.mlw", line 4596, characters 51-55: unused variable node
Warning, file "/home/fabrice/git/pycsl/scratchpad/.pycsl_ir6cbmf_.mlw", line 4600, characters 34-38: unused variable self
Warning, file "/home/fabrice/git/pycsl/scratchpad/.pycsl_ir6cbmf_.mlw", line 4600, characters 52-56: unused variable node
Warning, file "/home/fabrice/git/pycsl/scratchpad/.pycsl_ir6cbmf_.mlw", line 4604, characters 29-33: unused variable self
Warning, file "/home/fabrice/git/pycsl/scratchpad/.pycsl_ir6cbmf_.mlw", line 4604, characters 47-51: unused variable node
Warning, file "/home/fabrice/git/pycsl/scratchpad/.pycsl_ir6cbmf_.mlw", line 4610, characters 30-34: unused variable self
Warning, file "/home/fabrice/git/pycsl/scratchpad/.pycsl_ir6cbmf_.mlw", line 4632, characters 31-35: unused variable self
Warning, file "/home/fabrice/git/pycsl/scratchpad/.pycsl_ir6cbmf_.mlw", line 4642, characters 28-32: unused variable self
Warning, file "/home/fabrice/git/pycsl/scratchpad/.pycsl_ir6cbmf_.mlw", line 4642, characters 46-50: unused variable node
Warning, file "/home/fabrice/git/pycsl/scratchpad/.pycsl_ir6cbmf_.mlw", line 4646, characters 32-36: unused variable self
Warning, file "/home/fabrice/git/pycsl/scratchpad/.pycsl_ir6cbmf_.mlw", line 4646, characters 50-54: unused variable node
Warning, file "/home/fabrice/git/pycsl/scratchpad/.pycsl_ir6cbmf_.mlw", line 4650, characters 30-34: unused variable self
Warning, file "/home/fabrice/git/pycsl/scratchpad/.pycsl_ir6cbmf_.mlw", line 4666, characters 32-36: unused variable self
Warning, file "/home/fabrice/git/pycsl/scratchpad/.pycsl_ir6cbmf_.mlw", line 4710, characters 34-38: unused variable self
Warning, file "/home/fabrice/git/pycsl/scratchpad/.pycsl_ir6cbmf_.mlw", line 4720, characters 32-36: unused variable self
Warning, file "/home/fabrice/git/pycsl/scratchpad/.pycsl_ir6cbmf_.mlw", line 4730, characters 37-41: unused variable self
Warning, file "/home/fabrice/git/pycsl/scratchpad/.pycsl_ir6cbmf_.mlw", line 4730, characters 55-59: unused variable node
Warning, file "/home/fabrice/git/pycsl/scratchpad/.pycsl_ir6cbmf_.mlw", line 4749, characters 30-34: unused variable self
Warning, file "/home/fabrice/git/pycsl/scratchpad/.pycsl_ir6cbmf_.mlw", line 4761, characters 29-33: unused variable self
Warning, file "/home/fabrice/git/pycsl/scratchpad/.pycsl_ir6cbmf_.mlw", line 4761, characters 47-51: unused variable node
Warning, file "/home/fabrice/git/pycsl/scratchpad/.pycsl_ir6cbmf_.mlw", line 4765, characters 30-34: unused variable self
Warning, file "/home/fabrice/git/pycsl/scratchpad/.pycsl_ir6cbmf_.mlw", line 4776, characters 34-38: unused variable self
Warning, file "/home/fabrice/git/pycsl/scratchpad/.pycsl_ir6cbmf_.mlw", line 4788, characters 30-34: unused variable self
Warning, file "/home/fabrice/git/pycsl/scratchpad/.pycsl_ir6cbmf_.mlw", line 4788, characters 48-52: unused variable node
Warning, file "/home/fabrice/git/pycsl/scratchpad/.pycsl_ir6cbmf_.mlw", line 4792, characters 28-32: unused variable self
Warning, file "/home/fabrice/git/pycsl/scratchpad/.pycsl_ir6cbmf_.mlw", line 4802, characters 34-38: unused variable self
Warning, file "/home/fabrice/git/pycsl/scratchpad/.pycsl_ir6cbmf_.mlw", line 4802, characters 52-56: unused variable node
Warning, file "/home/fabrice/git/pycsl/scratchpad/.pycsl_ir6cbmf_.mlw", line 4806, characters 38-42: unused variable self
Warning, file "/home/fabrice/git/pycsl/scratchpad/.pycsl_ir6cbmf_.mlw", line 4806, characters 56-60: unused variable node
Warning, file "/home/fabrice/git/pycsl/scratchpad/.pycsl_ir6cbmf_.mlw", line 4810, characters 32-36: unused variable self
Warning, file "/home/fabrice/git/pycsl/scratchpad/.pycsl_ir6cbmf_.mlw", line 4822, characters 35-39: unused variable self
Warning, file "/home/fabrice/git/pycsl/scratchpad/.pycsl_ir6cbmf_.mlw", line 4834, characters 33-37: unused variable self
Warning, file "/home/fabrice/git/pycsl/scratchpad/.pycsl_ir6cbmf_.mlw", line 4844, characters 24-28: unused variable self
Warning, file "/home/fabrice/git/pycsl/scratchpad/.pycsl_ir6cbmf_.mlw", line 4850, characters 16-22: unused variable source
Warning, file "/home/fabrice/git/pycsl/scratchpad/.pycsl_ir6cbmf_.mlw", line 4854, characters 21-29: unused variable new_node
Warning, file "/home/fabrice/git/pycsl/scratchpad/.pycsl_ir6cbmf_.mlw", line 4854, characters 37-45: unused variable old_node
Warning, file "/home/fabrice/git/pycsl/scratchpad/.pycsl_ir6cbmf_.mlw", line 4858, characters 12-16: unused variable node
Warning, file "/home/fabrice/git/pycsl/scratchpad/.pycsl_ir6cbmf_.mlw", line 4858, characters 24-39: unused variable annotate_fields
Warning, file "/home/fabrice/git/pycsl/scratchpad/.pycsl_ir6cbmf_.mlw", line 4858, characters 47-65: unused variable include_attributes
Warning, file "/home/fabrice/git/pycsl/scratchpad/.pycsl_ir6cbmf_.mlw", line 4862, characters 29-33: unused variable node
Warning, file "/home/fabrice/git/pycsl/scratchpad/.pycsl_ir6cbmf_.mlw", line 4868, characters 15-19: unused variable result
Warning, file "/home/fabrice/git/pycsl/scratchpad/.pycsl_ir6cbmf_.mlw", line 4893, characters 26-32: unused variable source
Warning, file "/home/fabrice/git/pycsl/scratchpad/.pycsl_ir6cbmf_.mlw", line 4893, characters 40-44: unused variable node
Warning, file "/home/fabrice/git/pycsl/scratchpad/.pycsl_ir6cbmf_.mlw", line 4897, characters 24-28: unused variable node
Warning, file "/home/fabrice/git/pycsl/scratchpad/.pycsl_ir6cbmf_.mlw", line 4897, characters 36-37: unused variable n
Warning, file "/home/fabrice/git/pycsl/scratchpad/.pycsl_ir6cbmf_.mlw", line 4901, characters 24-28: unused variable node
Warning, file "/home/fabrice/git/pycsl/scratchpad/.pycsl_ir6cbmf_.mlw", line 4905, characters 19-23: unused variable node
Warning, file "/home/fabrice/git/pycsl/scratchpad/.pycsl_ir6cbmf_.mlw", line 4909, characters 20-34: unused variable node_or_string
Warning, file "/home/fabrice/git/pycsl/scratchpad/.pycsl_ir6cbmf_.mlw", line 4913, characters 12-16: unused variable args
Warning, file "/home/fabrice/git/pycsl/scratchpad/.pycsl_ir6cbmf_.mlw", line 4921, characters 38-42: unused variable self
Warning, file "/home/fabrice/git/pycsl/scratchpad/.pycsl_ir6cbmf_.mlw", line 4921, characters 62-66: unused variable node
Warning, file "/home/fabrice/git/pycsl/scratchpad/.pycsl_ir6cbmf_.mlw", line 4925, characters 34-38: unused variable self
Warning, file "/home/fabrice/git/pycsl/scratchpad/.pycsl_ir6cbmf_.mlw", line 4925, characters 54-58: unused variable node
Warning, file "/home/fabrice/git/pycsl/scratchpad/.pycsl_ir6cbmf_.mlw", line 4929, characters 26-30: unused variable self
Warning, file "/home/fabrice/git/pycsl/scratchpad/.pycsl_ir6cbmf_.mlw", line 4929, characters 46-50: unused variable node
Warning, file "/home/fabrice/git/pycsl/scratchpad/.pycsl_ir6cbmf_.mlw", line 4933, characters 35-39: unused variable self
Warning, file "/home/fabrice/git/pycsl/scratchpad/.pycsl_ir6cbmf_.mlw", line 4933, characters 55-59: unused variable node
Warning, file "/home/fabrice/git/pycsl/scratchpad/.pycsl_ir6cbmf_.mlw", line 4937, characters 13-19: unused variable source
Warning, file "/home/fabrice/git/pycsl/scratchpad/.pycsl_ir6cbmf_.mlw", line 4937, characters 27-35: unused variable filename
Warning, file "/home/fabrice/git/pycsl/scratchpad/.pycsl_ir6cbmf_.mlw", line 4937, characters 43-47: unused variable mode
Warning, file "/home/fabrice/git/pycsl/scratchpad/.pycsl_ir6cbmf_.mlw", line 4941, characters 15-22: unused variable ast_obj
Warning, file "/home/fabrice/git/pycsl/scratchpad/.pycsl_ir6cbmf_.mlw", line 4945, characters 12-16: unused variable node

[+] Verification SUCCESS! All contracts formally proven.
