/home/fabrice/git/pycsl/src/pycsl/core_ir_semantic.py:1604: UserWarning: Function 'expressionemissionmixin___dv_store_value': path condition narrows a Union-typed variable without a recognized guard (is None / isinstance / TypeIs / TypeGuard). The variable retains its Union type on both branches (C8).
  _union_c8_walk(func.get("body", []) or [], union_vars, func.get("name", "?"))
/home/fabrice/git/pycsl/src/pycsl/core_ir_semantic.py:99: UserWarning: GT1: Union arm `Any` refused (opaque, operation-barren) in variant '_union__dotted_ensures_suffix_3'. The arm was dropped from the synthesized variant; the static plane discharges C2/C3 against non-`Any` arms only.
  _check_union_gt1(ir)
[*] Parsing and Semantic Analysis for 'src/self-annotate/src/module6_whyml/expressions.py'...
[*] Memory model: hoare
[*] Imported class from 'ir_schema': AtExpr (record + 0 method stub(s) + 18 helper(s))
[*] Imported class from 'ir_schema': IfExprExpr (record + 0 method stub(s) + 0 helper(s))
[*] Imported class from 'ir_schema': NamedExprExpr (record + 0 method stub(s) + 0 helper(s))
[*] Imported class from 'ir_schema': OldExpr (record + 0 method stub(s) + 0 helper(s))
[*] Imported class from 'ir_schema': UnaryOpExpr (record + 0 method stub(s) + 0 helper(s))
[*] Imported class from 'errors': PyCSLSemanticError (record + 0 method stub(s) + 2 helper(s))
[*] Imported from 'module6_whyml.identifiers': ['op_translate', 'whyml_ident', 'stable_hash'] (trusted stubs)
[*] Running Proof Engine (provers: Alt-Ergo,2.6.3 → Z3,4.13.3,)...

--- Verification Results ---
File "/tmp/.pycsl_zd4iwyrv.mlw", line 27, characters 7-14:
Sub-goal precondition of goal pycsl_div'vc.
Prover result is: Valid (0.00s, 1377 steps).

File "/tmp/.pycsl_zd4iwyrv.mlw", line 27, characters 34-41:
Sub-goal precondition of goal pycsl_div'vc.
Prover result is: Valid (0.00s, 1568 steps).

File "/tmp/.pycsl_zd4iwyrv.mlw", line 27, characters 51-58:
Sub-goal precondition of goal pycsl_div'vc.
Prover result is: Valid (0.00s, 1581 steps).

File "/tmp/.pycsl_zd4iwyrv.mlw", line 26, characters 14-79:
Sub-goal postcondition of goal pycsl_div'vc.
Prover result is: Valid (0.02s, 19 steps).

File "/tmp/.pycsl_zd4iwyrv.mlw", line 32, characters 7-14:
Sub-goal precondition of goal pycsl_mod'vc.
Prover result is: Valid (0.00s, 1377 steps).

File "/tmp/.pycsl_zd4iwyrv.mlw", line 32, characters 34-41:
Sub-goal precondition of goal pycsl_mod'vc.
Prover result is: Valid (0.00s, 1568 steps).

File "/tmp/.pycsl_zd4iwyrv.mlw", line 32, characters 51-58:
Sub-goal precondition of goal pycsl_mod'vc.
Prover result is: Valid (0.00s, 1581 steps).

File "/tmp/.pycsl_zd4iwyrv.mlw", line 31, characters 14-79:
Sub-goal postcondition of goal pycsl_mod'vc.
Prover result is: Valid (0.01s, 17220 steps).

File "/tmp/.pycsl_zd4iwyrv.mlw", line 95, characters 18-37:
Sub-goal variant decrease of goal size_pos'vc.
Prover result is: Valid (0.01s, 23676 steps).

File "/tmp/.pycsl_zd4iwyrv.mlw", line 96, characters 18-36:
Sub-goal variant decrease of goal size_pos'vc.
Prover result is: Valid (0.00s, 23704 steps).

File "/tmp/.pycsl_zd4iwyrv.mlw", line 93, characters 14-27:
Sub-goal postcondition of goal size_pos'vc.
Prover result is: Valid (0.05s, 248208 steps).

File "/tmp/.pycsl_zd4iwyrv.mlw", line 100, characters 41-51:
Sub-goal variant decrease of goal size_list_nonneg'vc.
Prover result is: Valid (0.00s, 6210 steps).

File "/tmp/.pycsl_zd4iwyrv.mlw", line 100, characters 53-71:
Sub-goal variant decrease of goal size_list_nonneg'vc.
Prover result is: Valid (0.01s, 6917 steps).

File "/tmp/.pycsl_zd4iwyrv.mlw", line 99, characters 14-30:
Sub-goal postcondition of goal size_list_nonneg'vc.
Prover result is: Valid (0.01s, 22745 steps).

File "/tmp/.pycsl_zd4iwyrv.mlw", line 103, characters 48-58:
Sub-goal variant decrease of goal size_dict_nonneg'vc.
Prover result is: Valid (0.00s, 6214 steps).

File "/tmp/.pycsl_zd4iwyrv.mlw", line 103, characters 60-81:
Sub-goal variant decrease of goal size_dict_nonneg'vc.
Prover result is: Valid (0.00s, 7278 steps).

File "/tmp/.pycsl_zd4iwyrv.mlw", line 102, characters 14-30:
Sub-goal postcondition of goal size_dict_nonneg'vc.
Prover result is: Valid (0.01s, 23980 steps).

File "/tmp/.pycsl_zd4iwyrv.mlw", line 110, characters 48-68:
Sub-goal variant decrease of goal size_dict_mem'vc.
Prover result is: Valid (0.00s, 7360 steps).

File "/tmp/.pycsl_zd4iwyrv.mlw", line 106, characters 29-49:
Sub-goal postcondition of goal size_dict_mem'vc.
Prover result is: Valid (0.01s, 30876 steps).

File "/tmp/.pycsl_zd4iwyrv.mlw", line 137, characters 24-42:
Sub-goal variant decrease of goal wf_ir_binds'vc.
Prover result is: Valid (0.00s, 9774 steps).

File "/tmp/.pycsl_zd4iwyrv.mlw", line 137, characters 24-42:
Sub-goal precondition of goal wf_ir_binds'vc.
Prover result is: Valid (0.01s, 37589 steps).

File "/tmp/.pycsl_zd4iwyrv.mlw", line 133, characters 52-62:
Sub-goal postcondition of goal wf_ir_binds'vc.
Prover result is: Valid (0.16s, 514312 steps).

File "/tmp/.pycsl_zd4iwyrv.mlw", line 178, characters 59-73:
Sub-goal variant decrease of goal slookup'vc.
Prover result is: Valid (0.01s, 9932 steps).

File "/tmp/.pycsl_zd4iwyrv.mlw", line 189, characters 34-50:
Sub-goal variant decrease of goal sappend'vc.
Prover result is: Valid (0.01s, 9906 steps).

File "/tmp/.pycsl_zd4iwyrv.mlw", line 199, characters 68-86:
Sub-goal variant decrease of goal pget_dyn'vc.
Prover result is: Valid (0.00s, 9952 steps).

File "/tmp/.pycsl_zd4iwyrv.mlw", line 200, characters 24-42:
Sub-goal variant decrease of goal pget_dyn'vc.
Prover result is: Valid (0.01s, 10224 steps).

File "/tmp/.pycsl_zd4iwyrv.mlw", line 196, characters 14-85:
Sub-goal postcondition of goal pget_dyn'vc.
Prover result is: Valid (0.01s, 37492 steps).

File "/tmp/.pycsl_zd4iwyrv.mlw", line 204, characters 14-45:
Sub-goal postcondition of goal pget_list'vc.
Prover result is: Valid (0.01s, 35198 steps).

File "/tmp/.pycsl_zd4iwyrv.mlw", line 204, characters 14-45:
Sub-goal postcondition of goal pget_list'vc.
Prover result is: Valid (0.03s, 64 steps).

File "/tmp/.pycsl_zd4iwyrv.mlw", line 204, characters 14-45:
Sub-goal postcondition of goal pget_list'vc.
Prover result is: Valid (0.06s, 313074 steps).

File "/tmp/.pycsl_zd4iwyrv.mlw", line 223, characters 52-73:
Sub-goal variant decrease of goal pdict_to_sdict'vc.
Prover result is: Valid (0.00s, 9906 steps).

File "/tmp/.pycsl_zd4iwyrv.mlw", line 368, characters 36-42:
Sub-goal variant decrease of goal size'vc.
Prover result is: Valid (0.01s, 31028 steps).

File "/tmp/.pycsl_zd4iwyrv.mlw", line 368, characters 27-33:
Sub-goal variant decrease of goal size'vc.
Prover result is: Valid (0.01s, 31050 steps).

File "/tmp/.pycsl_zd4iwyrv.mlw", line 369, characters 35-41:
Sub-goal variant decrease of goal size'vc.
Prover result is: Valid (0.01s, 31044 steps).

File "/tmp/.pycsl_zd4iwyrv.mlw", line 369, characters 26-32:
Sub-goal variant decrease of goal size'vc.
Prover result is: Valid (0.01s, 31066 steps).

File "/tmp/.pycsl_zd4iwyrv.mlw", line 370, characters 32-38:
Sub-goal variant decrease of goal size'vc.
Prover result is: Valid (0.01s, 31016 steps).

File "/tmp/.pycsl_zd4iwyrv.mlw", line 370, characters 23-29:
Sub-goal variant decrease of goal size'vc.
Prover result is: Valid (0.01s, 31038 steps).

File "/tmp/.pycsl_zd4iwyrv.mlw", line 371, characters 34-40:
Sub-goal variant decrease of goal size'vc.
Prover result is: Valid (0.01s, 31020 steps).

File "/tmp/.pycsl_zd4iwyrv.mlw", line 371, characters 25-31:
Sub-goal variant decrease of goal size'vc.
Prover result is: Valid (0.01s, 31042 steps).

File "/tmp/.pycsl_zd4iwyrv.mlw", line 372, characters 24-30:
Sub-goal variant decrease of goal size'vc.
Prover result is: Valid (0.01s, 30976 steps).

File "/tmp/.pycsl_zd4iwyrv.mlw", line 373, characters 26-32:
Sub-goal variant decrease of goal size'vc.
Prover result is: Valid (0.01s, 31010 steps).

File "/tmp/.pycsl_zd4iwyrv.mlw", line 374, characters 44-50:
Sub-goal variant decrease of goal size'vc.
Prover result is: Valid (0.01s, 31056 steps).

File "/tmp/.pycsl_zd4iwyrv.mlw", line 374, characters 35-41:
Sub-goal variant decrease of goal size'vc.
Prover result is: Valid (0.01s, 31078 steps).

File "/tmp/.pycsl_zd4iwyrv.mlw", line 374, characters 26-32:
Sub-goal variant decrease of goal size'vc.
Prover result is: Valid (0.00s, 31100 steps).

File "/tmp/.pycsl_zd4iwyrv.mlw", line 375, characters 27-33:
Sub-goal variant decrease of goal size'vc.
Prover result is: Valid (0.01s, 31046 steps).

File "/tmp/.pycsl_zd4iwyrv.mlw", line 376, characters 22-28:
Sub-goal variant decrease of goal size'vc.
Prover result is: Valid (0.01s, 31050 steps).

File "/tmp/.pycsl_zd4iwyrv.mlw", line 377, characters 25-31:
Sub-goal variant decrease of goal size'vc.
Prover result is: Valid (0.00s, 31068 steps).

File "/tmp/.pycsl_zd4iwyrv.mlw", line 378, characters 45-52:
Sub-goal variant decrease of goal size'vc.
Prover result is: Valid (0.00s, 31086 steps).

File "/tmp/.pycsl_zd4iwyrv.mlw", line 378, characters 35-42:
Sub-goal variant decrease of goal size'vc.
Prover result is: Valid (0.01s, 31108 steps).

File "/tmp/.pycsl_zd4iwyrv.mlw", line 379, characters 39-45:
Sub-goal variant decrease of goal size'vc.
Prover result is: Valid (0.00s, 31086 steps).

File "/tmp/.pycsl_zd4iwyrv.mlw", line 379, characters 30-36:
Sub-goal variant decrease of goal size'vc.
Prover result is: Valid (0.01s, 31108 steps).

File "/tmp/.pycsl_zd4iwyrv.mlw", line 380, characters 38-44:
Sub-goal variant decrease of goal size'vc.
Prover result is: Valid (0.00s, 31090 steps).

File "/tmp/.pycsl_zd4iwyrv.mlw", line 380, characters 29-35:
Sub-goal variant decrease of goal size'vc.
Prover result is: Valid (0.00s, 31112 steps).

File "/tmp/.pycsl_zd4iwyrv.mlw", line 381, characters 39-45:
Sub-goal variant decrease of goal size'vc.
Prover result is: Valid (0.01s, 31094 steps).

File "/tmp/.pycsl_zd4iwyrv.mlw", line 381, characters 30-36:
Sub-goal variant decrease of goal size'vc.
Prover result is: Valid (0.01s, 31116 steps).

File "/tmp/.pycsl_zd4iwyrv.mlw", line 382, characters 36-42:
Sub-goal variant decrease of goal size'vc.
Prover result is: Valid (0.00s, 31094 steps).

File "/tmp/.pycsl_zd4iwyrv.mlw", line 382, characters 27-33:
Sub-goal variant decrease of goal size'vc.
Prover result is: Valid (0.01s, 31116 steps).

File "/tmp/.pycsl_zd4iwyrv.mlw", line 383, characters 40-46:
Sub-goal variant decrease of goal size'vc.
Prover result is: Valid (0.01s, 31098 steps).

File "/tmp/.pycsl_zd4iwyrv.mlw", line 383, characters 31-37:
Sub-goal variant decrease of goal size'vc.
Prover result is: Valid (0.01s, 31120 steps).

File "/tmp/.pycsl_zd4iwyrv.mlw", line 384, characters 34-40:
Sub-goal variant decrease of goal size'vc.
Prover result is: Valid (0.01s, 31106 steps).

File "/tmp/.pycsl_zd4iwyrv.mlw", line 384, characters 25-31:
Sub-goal variant decrease of goal size'vc.
Prover result is: Valid (0.01s, 31128 steps).

File "/tmp/.pycsl_zd4iwyrv.mlw", line 385, characters 44-50:
Sub-goal variant decrease of goal size'vc.
Prover result is: Valid (0.00s, 31110 steps).

File "/tmp/.pycsl_zd4iwyrv.mlw", line 385, characters 35-41:
Sub-goal variant decrease of goal size'vc.
Prover result is: Valid (0.01s, 31132 steps).

File "/tmp/.pycsl_zd4iwyrv.mlw", line 386, characters 35-41:
Sub-goal variant decrease of goal size'vc.
Prover result is: Valid (0.01s, 31112 steps).

File "/tmp/.pycsl_zd4iwyrv.mlw", line 387, characters 35-41:
Sub-goal variant decrease of goal size'vc.
Prover result is: Valid (0.00s, 31120 steps).

File "/tmp/.pycsl_zd4iwyrv.mlw", line 387, characters 26-32:
Sub-goal variant decrease of goal size'vc.
Prover result is: Valid (0.01s, 31142 steps).

File "/tmp/.pycsl_zd4iwyrv.mlw", line 388, characters 46-52:
Sub-goal variant decrease of goal size'vc.
Prover result is: Valid (0.00s, 31132 steps).

File "/tmp/.pycsl_zd4iwyrv.mlw", line 388, characters 37-43:
Sub-goal variant decrease of goal size'vc.
Prover result is: Valid (0.01s, 31154 steps).

File "/tmp/.pycsl_zd4iwyrv.mlw", line 388, characters 28-34:
Sub-goal variant decrease of goal size'vc.
Prover result is: Valid (0.00s, 31176 steps).

File "/tmp/.pycsl_zd4iwyrv.mlw", line 389, characters 34-40:
Sub-goal variant decrease of goal size'vc.
Prover result is: Valid (0.00s, 31128 steps).

File "/tmp/.pycsl_zd4iwyrv.mlw", line 389, characters 25-31:
Sub-goal variant decrease of goal size'vc.
Prover result is: Valid (0.01s, 31150 steps).

File "/tmp/.pycsl_zd4iwyrv.mlw", line 390, characters 35-41:
Sub-goal variant decrease of goal size'vc.
Prover result is: Valid (0.01s, 31132 steps).

File "/tmp/.pycsl_zd4iwyrv.mlw", line 390, characters 26-32:
Sub-goal variant decrease of goal size'vc.
Prover result is: Valid (0.01s, 31154 steps).

File "/tmp/.pycsl_zd4iwyrv.mlw", line 391, characters 38-44:
Sub-goal variant decrease of goal size'vc.
Prover result is: Valid (0.00s, 31136 steps).

File "/tmp/.pycsl_zd4iwyrv.mlw", line 391, characters 29-35:
Sub-goal variant decrease of goal size'vc.
Prover result is: Valid (0.01s, 31158 steps).

File "/tmp/.pycsl_zd4iwyrv.mlw", line 392, characters 35-41:
Sub-goal variant decrease of goal size'vc.
Prover result is: Valid (0.01s, 31146 steps).

File "/tmp/.pycsl_zd4iwyrv.mlw", line 392, characters 26-32:
Sub-goal variant decrease of goal size'vc.
Prover result is: Valid (0.01s, 31168 steps).

File "/tmp/.pycsl_zd4iwyrv.mlw", line 393, characters 38-44:
Sub-goal variant decrease of goal size'vc.
Prover result is: Valid (0.01s, 31150 steps).

File "/tmp/.pycsl_zd4iwyrv.mlw", line 393, characters 29-35:
Sub-goal variant decrease of goal size'vc.
Prover result is: Valid (0.01s, 31172 steps).

File "/tmp/.pycsl_zd4iwyrv.mlw", line 394, characters 35-41:
Sub-goal variant decrease of goal size'vc.
Prover result is: Valid (0.00s, 31154 steps).

File "/tmp/.pycsl_zd4iwyrv.mlw", line 394, characters 26-32:
Sub-goal variant decrease of goal size'vc.
Prover result is: Valid (0.01s, 31176 steps).

File "/tmp/.pycsl_zd4iwyrv.mlw", line 395, characters 37-43:
Sub-goal variant decrease of goal size'vc.
Prover result is: Valid (0.01s, 31158 steps).

File "/tmp/.pycsl_zd4iwyrv.mlw", line 395, characters 28-34:
Sub-goal variant decrease of goal size'vc.
Prover result is: Valid (0.01s, 31180 steps).

File "/tmp/.pycsl_zd4iwyrv.mlw", line 396, characters 37-43:
Sub-goal variant decrease of goal size'vc.
Prover result is: Valid (0.01s, 31162 steps).

File "/tmp/.pycsl_zd4iwyrv.mlw", line 396, characters 28-34:
Sub-goal variant decrease of goal size'vc.
Prover result is: Valid (0.01s, 31184 steps).

File "/tmp/.pycsl_zd4iwyrv.mlw", line 397, characters 36-42:
Sub-goal variant decrease of goal size'vc.
Prover result is: Valid (0.00s, 31166 steps).

File "/tmp/.pycsl_zd4iwyrv.mlw", line 397, characters 27-33:
Sub-goal variant decrease of goal size'vc.
Prover result is: Valid (0.01s, 31188 steps).

File "/tmp/.pycsl_zd4iwyrv.mlw", line 398, characters 50-57:
Sub-goal variant decrease of goal size'vc.
Prover result is: Valid (0.01s, 31178 steps).

File "/tmp/.pycsl_zd4iwyrv.mlw", line 398, characters 40-47:
Sub-goal variant decrease of goal size'vc.
Prover result is: Valid (0.00s, 31200 steps).

File "/tmp/.pycsl_zd4iwyrv.mlw", line 398, characters 31-37:
Sub-goal variant decrease of goal size'vc.
Prover result is: Valid (0.01s, 31222 steps).

File "/tmp/.pycsl_zd4iwyrv.mlw", line 399, characters 38-44:
Sub-goal variant decrease of goal size'vc.
Prover result is: Valid (0.01s, 31174 steps).

File "/tmp/.pycsl_zd4iwyrv.mlw", line 399, characters 29-35:
Sub-goal variant decrease of goal size'vc.
Prover result is: Valid (0.01s, 31196 steps).

File "/tmp/.pycsl_zd4iwyrv.mlw", line 400, characters 34-40:
Sub-goal variant decrease of goal size'vc.
Prover result is: Valid (0.01s, 31178 steps).

File "/tmp/.pycsl_zd4iwyrv.mlw", line 400, characters 25-31:
Sub-goal variant decrease of goal size'vc.
Prover result is: Valid (0.01s, 31200 steps).

File "/tmp/.pycsl_zd4iwyrv.mlw", line 401, characters 33-39:
Sub-goal variant decrease of goal size'vc.
Prover result is: Valid (0.00s, 31188 steps).

File "/tmp/.pycsl_zd4iwyrv.mlw", line 401, characters 24-30:
Sub-goal variant decrease of goal size'vc.
Prover result is: Valid (0.01s, 31210 steps).

File "/tmp/.pycsl_zd4iwyrv.mlw", line 402, characters 20-26:
Sub-goal variant decrease of goal size'vc.
Prover result is: Valid (0.00s, 31182 steps).

File "/tmp/.pycsl_zd4iwyrv.mlw", line 403, characters 20-26:
Sub-goal variant decrease of goal size'vc.
Prover result is: Valid (0.01s, 31186 steps).

File "/tmp/.pycsl_zd4iwyrv.mlw", line 404, characters 28-34:
Sub-goal variant decrease of goal size'vc.
Prover result is: Valid (0.01s, 31190 steps).

File "/tmp/.pycsl_zd4iwyrv.mlw", line 405, characters 32-38:
Sub-goal variant decrease of goal size'vc.
Prover result is: Valid (0.00s, 31204 steps).

File "/tmp/.pycsl_zd4iwyrv.mlw", line 405, characters 23-29:
Sub-goal variant decrease of goal size'vc.
Prover result is: Valid (0.00s, 31226 steps).

File "/tmp/.pycsl_zd4iwyrv.mlw", line 406, characters 32-38:
Sub-goal variant decrease of goal size'vc.
Prover result is: Valid (0.01s, 31208 steps).

File "/tmp/.pycsl_zd4iwyrv.mlw", line 406, characters 23-29:
Sub-goal variant decrease of goal size'vc.
Prover result is: Valid (0.01s, 31230 steps).

File "/tmp/.pycsl_zd4iwyrv.mlw", line 407, characters 35-41:
Sub-goal variant decrease of goal size'vc.
Prover result is: Valid (0.01s, 31212 steps).

File "/tmp/.pycsl_zd4iwyrv.mlw", line 407, characters 26-32:
Sub-goal variant decrease of goal size'vc.
Prover result is: Valid (0.00s, 31234 steps).

File "/tmp/.pycsl_zd4iwyrv.mlw", line 408, characters 21-27:
Sub-goal variant decrease of goal size'vc.
Prover result is: Valid (0.01s, 31206 steps).

File "/tmp/.pycsl_zd4iwyrv.mlw", line 409, characters 21-27:
Sub-goal variant decrease of goal size'vc.
Prover result is: Valid (0.01s, 31210 steps).

File "/tmp/.pycsl_zd4iwyrv.mlw", line 410, characters 38-44:
Sub-goal variant decrease of goal size'vc.
Prover result is: Valid (0.01s, 31234 steps).

File "/tmp/.pycsl_zd4iwyrv.mlw", line 410, characters 29-35:
Sub-goal variant decrease of goal size'vc.
Prover result is: Valid (0.01s, 31256 steps).

File "/tmp/.pycsl_zd4iwyrv.mlw", line 411, characters 27-33:
Sub-goal variant decrease of goal size'vc.
Prover result is: Valid (0.01s, 31228 steps).

File "/tmp/.pycsl_zd4iwyrv.mlw", line 412, characters 46-52:
Sub-goal variant decrease of goal size'vc.
Prover result is: Valid (0.01s, 31250 steps).

File "/tmp/.pycsl_zd4iwyrv.mlw", line 412, characters 37-43:
Sub-goal variant decrease of goal size'vc.
Prover result is: Valid (0.00s, 31272 steps).

File "/tmp/.pycsl_zd4iwyrv.mlw", line 412, characters 28-34:
Sub-goal variant decrease of goal size'vc.
Prover result is: Valid (0.01s, 31294 steps).

File "/tmp/.pycsl_zd4iwyrv.mlw", line 413, characters 45-51:
Sub-goal variant decrease of goal size'vc.
Prover result is: Valid (0.01s, 31256 steps).

File "/tmp/.pycsl_zd4iwyrv.mlw", line 413, characters 36-42:
Sub-goal variant decrease of goal size'vc.
Prover result is: Valid (0.01s, 31278 steps).

File "/tmp/.pycsl_zd4iwyrv.mlw", line 414, characters 40-46:
Sub-goal variant decrease of goal size'vc.
Prover result is: Valid (0.01s, 31256 steps).

File "/tmp/.pycsl_zd4iwyrv.mlw", line 414, characters 30-37:
Sub-goal variant decrease of goal size'vc.
Prover result is: Valid (0.01s, 31278 steps).

File "/tmp/.pycsl_zd4iwyrv.mlw", line 415, characters 40-46:
Sub-goal variant decrease of goal size'vc.
Prover result is: Valid (0.01s, 31260 steps).

File "/tmp/.pycsl_zd4iwyrv.mlw", line 415, characters 31-37:
Sub-goal variant decrease of goal size'vc.
Prover result is: Valid (0.01s, 31282 steps).

File "/tmp/.pycsl_zd4iwyrv.mlw", line 416, characters 34-40:
Sub-goal variant decrease of goal size'vc.
Prover result is: Valid (0.01s, 31264 steps).

File "/tmp/.pycsl_zd4iwyrv.mlw", line 416, characters 25-31:
Sub-goal variant decrease of goal size'vc.
Prover result is: Valid (0.00s, 31286 steps).

File "/tmp/.pycsl_zd4iwyrv.mlw", line 417, characters 25-31:
Sub-goal variant decrease of goal size'vc.
Prover result is: Valid (0.01s, 31272 steps).

File "/tmp/.pycsl_zd4iwyrv.mlw", line 418, characters 29-35:
Sub-goal variant decrease of goal size'vc.
Prover result is: Valid (0.00s, 31280 steps).

File "/tmp/.pycsl_zd4iwyrv.mlw", line 419, characters 30-36:
Sub-goal variant decrease of goal size'vc.
Prover result is: Valid (0.00s, 31310 steps).

File "/tmp/.pycsl_zd4iwyrv.mlw", line 420, characters 30-36:
Sub-goal variant decrease of goal size'vc.
Prover result is: Valid (0.01s, 31314 steps).

File "/tmp/.pycsl_zd4iwyrv.mlw", line 421, characters 35-41:
Sub-goal variant decrease of goal size'vc.
Prover result is: Valid (0.01s, 31316 steps).

File "/tmp/.pycsl_zd4iwyrv.mlw", line 422, characters 43-49:
Sub-goal variant decrease of goal size'vc.
Prover result is: Valid (0.01s, 31336 steps).

File "/tmp/.pycsl_zd4iwyrv.mlw", line 422, characters 34-40:
Sub-goal variant decrease of goal size'vc.
Prover result is: Valid (0.01s, 31358 steps).

File "/tmp/.pycsl_zd4iwyrv.mlw", line 365, characters 14-25:
Sub-goal postcondition of goal size'vc.
Prover result is: Valid (0.02s, 151893 steps).

File "/tmp/.pycsl_zd4iwyrv.mlw", line 427, characters 58-83:
Sub-goal goal of goal size_left_dec.
Prover result is: Valid (0.01s, 52607 steps).

File "/tmp/.pycsl_zd4iwyrv.mlw", line 428, characters 58-84:
Sub-goal goal of goal size_right_dec.
Prover result is: Valid (0.02s, 53424 steps).

File "/tmp/.pycsl_zd4iwyrv.mlw", line 431, characters 65-90:
Sub-goal goal of goal size_ifexpr_body_dec.
Prover result is: Valid (0.01s, 54247 steps).

File "/tmp/.pycsl_zd4iwyrv.mlw", line 432, characters 67-94:
Sub-goal goal of goal size_ifexpr_orelse_dec.
Prover result is: Valid (0.02s, 55064 steps).

File "/tmp/.pycsl_zd4iwyrv.mlw", line 435, characters 59-87:
Sub-goal goal of goal size_ter_fst_dec.
Prover result is: Valid (0.01s, 55960 steps).

File "/tmp/.pycsl_zd4iwyrv.mlw", line 436, characters 59-87:
Sub-goal goal of goal size_ter_snd_dec.
Prover result is: Valid (0.01s, 56762 steps).

File "/tmp/.pycsl_zd4iwyrv.mlw", line 437, characters 59-87:
Sub-goal goal of goal size_ter_thd_dec.
Prover result is: Valid (0.02s, 57590 steps).

File "/tmp/.pycsl_zd4iwyrv.mlw", line 501, characters 57-84:
Sub-goal goal of goal size_svalue_dec.
Prover result is: Valid (0.01s, 58252 steps).

File "/tmp/.pycsl_zd4iwyrv.mlw", line 502, characters 57-84:
Sub-goal goal of goal size_sindex_dec.
Prover result is: Valid (0.01s, 59069 steps).

File "/tmp/.pycsl_zd4iwyrv.mlw", line 503, characters 63-90:
Sub-goal goal of goal size_object_dec.
Prover result is: Valid (0.02s, 59817 steps).

File "/tmp/.pycsl_zd4iwyrv.mlw", line 504, characters 58-83:
Sub-goal goal of goal size_arg0_dec.
Prover result is: Valid (0.02s, 71187 steps).

File "/tmp/.pycsl_zd4iwyrv.mlw", line 505, characters 59-84:
Sub-goal goal of goal size_elt0_dec.
Prover result is: Valid (0.01s, 61967 steps).

File "/tmp/.pycsl_zd4iwyrv.mlw", line 506, characters 59-84:
Sub-goal goal of goal size_elt1_dec.
Prover result is: Valid (0.02s, 62784 steps).

File "/tmp/.pycsl_zd4iwyrv.mlw", line 512, characters 48-55:
Sub-goal variant decrease of goal irlen'vc.
Prover result is: Valid (0.01s, 19198 steps).

File "/tmp/.pycsl_zd4iwyrv.mlw", line 510, characters 14-25:
Sub-goal postcondition of goal irlen'vc.
Prover result is: Valid (0.01s, 68444 steps).

File "/tmp/.pycsl_zd4iwyrv.mlw", line 516, characters 75-90:
Sub-goal variant decrease of goal irnth'vc.
Prover result is: Valid (0.01s, 19234 steps).

File "/tmp/.pycsl_zd4iwyrv.mlw", line 541, characters 63-76:
Sub-goal variant decrease of goal pairs_get'vc.
Prover result is: Valid (0.01s, 19228 steps).

File "/tmp/.pycsl_zd4iwyrv.mlw", line 561, characters 99-120:
Sub-goal variant decrease of goal hval_list_str_mem'vc.
Prover result is: Valid (0.01s, 22077 steps).

File "/tmp/.pycsl_zd4iwyrv.mlw", line 568, characters 48-63:
Sub-goal variant decrease of goal hval_list_len'vc.
Prover result is: Valid (0.01s, 19198 steps).

File "/tmp/.pycsl_zd4iwyrv.mlw", line 575, characters 43-66:
Sub-goal variant decrease of goal hval_list_nth'vc.
Prover result is: Valid (0.01s, 19234 steps).

File "/tmp/.pycsl_zd4iwyrv.mlw", line 783, characters 15-19:
Sub-goal postcondition of goal expressionemissionmixin___alias_self_field'vc.
Prover result is: Valid (0.01s, 7551 steps).

File "/tmp/.pycsl_zd4iwyrv.mlw", line 783, characters 15-19:
Sub-goal postcondition of goal expressionemissionmixin___alias_self_field'vc.
Prover result is: Valid (0.01s, 7551 steps).

File "/tmp/.pycsl_zd4iwyrv.mlw", line 792, characters 15-19:
Sub-goal postcondition of goal expressionemissionmixin___array_coerce_arg'vc.
Prover result is: Valid (0.01s, 7321 steps).

File "/tmp/.pycsl_zd4iwyrv.mlw", line 792, characters 15-19:
Sub-goal postcondition of goal expressionemissionmixin___array_coerce_arg'vc.
Prover result is: Valid (0.01s, 7824 steps).

File "/tmp/.pycsl_zd4iwyrv.mlw", line 792, characters 15-19:
Sub-goal postcondition of goal expressionemissionmixin___array_coerce_arg'vc.
Prover result is: Valid (0.01s, 8202 steps).

File "/tmp/.pycsl_zd4iwyrv.mlw", line 792, characters 15-19:
Sub-goal postcondition of goal expressionemissionmixin___array_coerce_arg'vc.
Prover result is: Valid (0.00s, 8711 steps).

File "/tmp/.pycsl_zd4iwyrv.mlw", line 792, characters 15-19:
Sub-goal postcondition of goal expressionemissionmixin___array_coerce_arg'vc.
Prover result is: Valid (0.00s, 8709 steps).

File "/tmp/.pycsl_zd4iwyrv.mlw", line 792, characters 15-19:
Sub-goal postcondition of goal expressionemissionmixin___array_coerce_arg'vc.
Prover result is: Valid (0.01s, 8249 steps).

File "/tmp/.pycsl_zd4iwyrv.mlw", line 840, characters 15-19:
Sub-goal postcondition of goal expressionemissionmixin___cf5_arr'vc.
Prover result is: Valid (0.01s, 4169 steps).

File "/tmp/.pycsl_zd4iwyrv.mlw", line 840, characters 15-19:
Sub-goal postcondition of goal expressionemissionmixin___cf5_arr'vc.
Prover result is: Valid (0.01s, 10491 steps).

File "/tmp/.pycsl_zd4iwyrv.mlw", line 840, characters 15-19:
Sub-goal postcondition of goal expressionemissionmixin___cf5_arr'vc.
Prover result is: Valid (0.01s, 10526 steps).

File "/tmp/.pycsl_zd4iwyrv.mlw", line 840, characters 15-19:
Sub-goal postcondition of goal expressionemissionmixin___cf5_arr'vc.
Prover result is: Valid (0.01s, 11042 steps).

File "/tmp/.pycsl_zd4iwyrv.mlw", line 840, characters 15-19:
Sub-goal postcondition of goal expressionemissionmixin___cf5_arr'vc.
Prover result is: Valid (0.00s, 10620 steps).

File "/tmp/.pycsl_zd4iwyrv.mlw", line 873, characters 15-19:
Sub-goal postcondition of goal expressionemissionmixin___coerce_str_arg'vc.
Prover result is: Valid (0.01s, 7454 steps).

File "/tmp/.pycsl_zd4iwyrv.mlw", line 873, characters 15-19:
Sub-goal postcondition of goal expressionemissionmixin___coerce_str_arg'vc.
Prover result is: Valid (0.01s, 7452 steps).

File "/tmp/.pycsl_zd4iwyrv.mlw", line 886, characters 15-19:
Sub-goal postcondition of goal expressionemissionmixin___coerce_to_int'vc.
Prover result is: Valid (0.00s, 7454 steps).

File "/tmp/.pycsl_zd4iwyrv.mlw", line 902, characters 22-39:
Sub-goal loop invariant init of goal expressionemissionmixin___coerce_to_int'vc.
Prover result is: Valid (0.01s, 9076 steps).

File "/tmp/.pycsl_zd4iwyrv.mlw", line 886, characters 15-19:
Sub-goal postcondition of goal expressionemissionmixin___coerce_to_int'vc.
Prover result is: Valid (0.00s, 9145 steps).

File "/tmp/.pycsl_zd4iwyrv.mlw", line 903, characters 20-66:
Sub-goal loop variant decrease of goal expressionemissionmixin___coerce_to_int'vc.
Prover result is: Valid (0.02s, 111797 steps).

File "/tmp/.pycsl_zd4iwyrv.mlw", line 902, characters 22-39:
Sub-goal loop invariant preservation of goal expressionemissionmixin___coerce_to_int'vc.
Prover result is: Valid (0.02s, 111647 steps).

File "/tmp/.pycsl_zd4iwyrv.mlw", line 914, characters 22-39:
Sub-goal loop invariant init of goal expressionemissionmixin___coerce_to_int'vc.
Prover result is: Valid (0.00s, 9386 steps).

File "/tmp/.pycsl_zd4iwyrv.mlw", line 886, characters 15-19:
Sub-goal postcondition of goal expressionemissionmixin___coerce_to_int'vc.
Prover result is: Valid (0.01s, 9455 steps).

File "/tmp/.pycsl_zd4iwyrv.mlw", line 915, characters 20-66:
Sub-goal loop variant decrease of goal expressionemissionmixin___coerce_to_int'vc.
Prover result is: Valid (0.02s, 118845 steps).

File "/tmp/.pycsl_zd4iwyrv.mlw", line 914, characters 22-39:
Sub-goal loop invariant preservation of goal expressionemissionmixin___coerce_to_int'vc.
Prover result is: Valid (0.02s, 118695 steps).

File "/tmp/.pycsl_zd4iwyrv.mlw", line 886, characters 15-19:
Sub-goal postcondition of goal expressionemissionmixin___coerce_to_int'vc.
Prover result is: Valid (0.01s, 9647 steps).

File "/tmp/.pycsl_zd4iwyrv.mlw", line 886, characters 15-19:
Sub-goal postcondition of goal expressionemissionmixin___coerce_to_int'vc.
Prover result is: Valid (0.01s, 9645 steps).

File "/tmp/.pycsl_zd4iwyrv.mlw", line 937, characters 15-19:
Sub-goal postcondition of goal expressionemissionmixin___deref'vc.
Prover result is: Valid (0.01s, 7351 steps).

File "/tmp/.pycsl_zd4iwyrv.mlw", line 949, characters 15-19:
Sub-goal postcondition of goal expressionemissionmixin___dv_empty_default'vc.
Prover result is: Valid (0.00s, 7308 steps).

File "/tmp/.pycsl_zd4iwyrv.mlw", line 949, characters 15-19:
Sub-goal postcondition of goal expressionemissionmixin___dv_empty_default'vc.
Prover result is: Valid (0.00s, 7317 steps).

File "/tmp/.pycsl_zd4iwyrv.mlw", line 949, characters 15-19:
Sub-goal postcondition of goal expressionemissionmixin___dv_empty_default'vc.
Prover result is: Valid (0.01s, 7326 steps).

File "/tmp/.pycsl_zd4iwyrv.mlw", line 949, characters 15-19:
Sub-goal postcondition of goal expressionemissionmixin___dv_empty_default'vc.
Prover result is: Valid (0.01s, 7335 steps).

File "/tmp/.pycsl_zd4iwyrv.mlw", line 949, characters 15-19:
Sub-goal postcondition of goal expressionemissionmixin___dv_empty_default'vc.
Prover result is: Valid (0.00s, 7704 steps).

File "/tmp/.pycsl_zd4iwyrv.mlw", line 949, characters 15-19:
Sub-goal postcondition of goal expressionemissionmixin___dv_empty_default'vc.
Prover result is: Valid (0.01s, 7446 steps).

File "/tmp/.pycsl_zd4iwyrv.mlw", line 978, characters 15-19:
Sub-goal postcondition of goal expressionemissionmixin___dv_missing_default'vc.
Prover result is: Valid (0.00s, 7308 steps).

File "/tmp/.pycsl_zd4iwyrv.mlw", line 978, characters 15-19:
Sub-goal postcondition of goal expressionemissionmixin___dv_missing_default'vc.
Prover result is: Valid (0.01s, 7317 steps).

File "/tmp/.pycsl_zd4iwyrv.mlw", line 978, characters 15-19:
Sub-goal postcondition of goal expressionemissionmixin___dv_missing_default'vc.
Prover result is: Valid (0.01s, 7326 steps).

File "/tmp/.pycsl_zd4iwyrv.mlw", line 978, characters 15-19:
Sub-goal postcondition of goal expressionemissionmixin___dv_missing_default'vc.
Prover result is: Valid (0.00s, 7615 steps).

File "/tmp/.pycsl_zd4iwyrv.mlw", line 978, characters 15-19:
Sub-goal postcondition of goal expressionemissionmixin___dv_missing_default'vc.
Prover result is: Valid (0.00s, 7853 steps).

File "/tmp/.pycsl_zd4iwyrv.mlw", line 978, characters 15-19:
Sub-goal postcondition of goal expressionemissionmixin___dv_missing_default'vc.
Prover result is: Valid (0.01s, 7534 steps).

File "/tmp/.pycsl_zd4iwyrv.mlw", line 1015, characters 71-129:
Sub-goal precondition of goal expressionemissionmixin___dv_store_value'vc.
Prover result is: Valid (0.01s, 7342 steps).

File "/tmp/.pycsl_zd4iwyrv.mlw", line 1009, characters 15-19:
Sub-goal postcondition of goal expressionemissionmixin___dv_store_value'vc.
Prover result is: Valid (0.01s, 7536 steps).

File "/tmp/.pycsl_zd4iwyrv.mlw", line 1009, characters 15-19:
Sub-goal postcondition of goal expressionemissionmixin___dv_store_value'vc.
Prover result is: Valid (0.01s, 7645 steps).

File "/tmp/.pycsl_zd4iwyrv.mlw", line 1020, characters 26-81:
Sub-goal precondition of goal expressionemissionmixin___dv_store_value'vc.
Prover result is: Valid (0.01s, 7643 steps).

File "/tmp/.pycsl_zd4iwyrv.mlw", line 1009, characters 15-19:
Sub-goal postcondition of goal expressionemissionmixin___dv_store_value'vc.
Prover result is: Valid (0.01s, 7643 steps).

File "/tmp/.pycsl_zd4iwyrv.mlw", line 1025, characters 22-71:
Sub-goal goal of goal expressionemissionmixin___dv_store_value__union_arm_Arm_0_0_inj.
Prover result is: Valid (0.01s, 7317 steps).

File "/tmp/.pycsl_zd4iwyrv.mlw", line 1027, characters 68-73:
Sub-goal goal of goal expressionemissionmixin___dv_store_value__union_arm_Arm_0_0_proj.
Prover result is: Valid (0.00s, 7312 steps).

File "/tmp/.pycsl_zd4iwyrv.mlw", line 1065, characters 15-19:
Sub-goal postcondition of goal expressionemissionmixin___field_label'vc.
Prover result is: Valid (0.00s, 7679 steps).

File "/tmp/.pycsl_zd4iwyrv.mlw", line 1065, characters 15-19:
Sub-goal postcondition of goal expressionemissionmixin___field_label'vc.
Prover result is: Valid (0.01s, 7611 steps).

File "/tmp/.pycsl_zd4iwyrv.mlw", line 1087, characters 24-80:
Sub-goal variant decrease of goal expressionemissionmixin___frame_trigger_term__gtype'vc.
Prover result is: Valid (0.01s, 19532 steps).

File "/tmp/.pycsl_zd4iwyrv.mlw", line 1092, characters 24-78:
Sub-goal variant decrease of goal expressionemissionmixin___frame_trigger_term__gop'vc.
Prover result is: Valid (0.01s, 19532 steps).

File "/tmp/.pycsl_zd4iwyrv.mlw", line 1097, characters 24-80:
Sub-goal variant decrease of goal expressionemissionmixin___frame_trigger_term__gleft'vc.
Prover result is: Valid (0.01s, 19532 steps).

File "/tmp/.pycsl_zd4iwyrv.mlw", line 1102, characters 24-81:
Sub-goal variant decrease of goal expressionemissionmixin___frame_trigger_term__gright'vc.
Prover result is: Valid (0.01s, 19532 steps).

File "/tmp/.pycsl_zd4iwyrv.mlw", line 1107, characters 24-81:
Sub-goal variant decrease of goal expressionemissionmixin___frame_trigger_term__gotype'vc.
Prover result is: Valid (0.00s, 19532 steps).

File "/tmp/.pycsl_zd4iwyrv.mlw", line 1125, characters 15-67:
Sub-goal variant decrease of goal expressionemissionmixin___frame_trigger_term'vc.
Prover result is: Valid (0.02s, 73437 steps).

File "/tmp/.pycsl_zd4iwyrv.mlw", line 1125, characters 15-67:
Sub-goal precondition of goal expressionemissionmixin___frame_trigger_term'vc.
Prover result is: Valid (0.01s, 7596 steps).

File "/tmp/.pycsl_zd4iwyrv.mlw", line 1126, characters 13-65:
Sub-goal variant decrease of goal expressionemissionmixin___frame_trigger_term'vc.
Prover result is: Valid (0.02s, 75312 steps).

File "/tmp/.pycsl_zd4iwyrv.mlw", line 1126, characters 13-65:
Sub-goal precondition of goal expressionemissionmixin___frame_trigger_term'vc.
Prover result is: Valid (0.00s, 7533 steps).

File "/tmp/.pycsl_zd4iwyrv.mlw", line 1113, characters 32-36:
Sub-goal postcondition of goal expressionemissionmixin___frame_trigger_term'vc.
Prover result is: Valid (0.01s, 7303 steps).

File "/tmp/.pycsl_zd4iwyrv.mlw", line 1134, characters 44-96:
Sub-goal variant decrease of goal expressionemissionmixin___frame_trigger_term__vals'vc.
Prover result is: Valid (0.01s, 74365 steps).

File "/tmp/.pycsl_zd4iwyrv.mlw", line 1134, characters 44-96:
Sub-goal precondition of goal expressionemissionmixin___frame_trigger_term__vals'vc.
Prover result is: Valid (0.01s, 7344 steps).

File "/tmp/.pycsl_zd4iwyrv.mlw", line 1134, characters 104-150:
Sub-goal variant decrease of goal expressionemissionmixin___frame_trigger_term__vals'vc.
Prover result is: Valid (0.02s, 74727 steps).

File "/tmp/.pycsl_zd4iwyrv.mlw", line 1134, characters 104-150:
Sub-goal precondition of goal expressionemissionmixin___frame_trigger_term__vals'vc.
Prover result is: Valid (0.00s, 7407 steps).

File "/tmp/.pycsl_zd4iwyrv.mlw", line 1135, characters 51-106:
Sub-goal variant decrease of goal expressionemissionmixin___frame_trigger_term__vals'vc.
Prover result is: Valid (0.01s, 73019 steps).

File "/tmp/.pycsl_zd4iwyrv.mlw", line 1135, characters 51-106:
Sub-goal precondition of goal expressionemissionmixin___frame_trigger_term__vals'vc.
Prover result is: Valid (0.00s, 7257 steps).

File "/tmp/.pycsl_zd4iwyrv.mlw", line 1129, characters 32-36:
Sub-goal postcondition of goal expressionemissionmixin___frame_trigger_term__vals'vc.
Prover result is: Valid (0.00s, 7303 steps).

File "/tmp/.pycsl_zd4iwyrv.mlw", line 1143, characters 15-61:
Sub-goal variant decrease of goal expressionemissionmixin___frame_trigger_term__lst'vc.
Prover result is: Valid (0.01s, 67506 steps).

File "/tmp/.pycsl_zd4iwyrv.mlw", line 1143, characters 15-61:
Sub-goal precondition of goal expressionemissionmixin___frame_trigger_term__lst'vc.
Prover result is: Valid (0.01s, 7281 steps).

File "/tmp/.pycsl_zd4iwyrv.mlw", line 1143, characters 94-148:
Sub-goal variant decrease of goal expressionemissionmixin___frame_trigger_term__lst'vc.
Prover result is: Valid (0.02s, 67505 steps).

File "/tmp/.pycsl_zd4iwyrv.mlw", line 1143, characters 94-148:
Sub-goal precondition of goal expressionemissionmixin___frame_trigger_term__lst'vc.
Prover result is: Valid (0.01s, 7281 steps).

File "/tmp/.pycsl_zd4iwyrv.mlw", line 1138, characters 32-36:
Sub-goal postcondition of goal expressionemissionmixin___frame_trigger_term__lst'vc.
Prover result is: Valid (0.00s, 7303 steps).

File "/tmp/.pycsl_zd4iwyrv.mlw", line 1147, characters 15-19:
Sub-goal postcondition of goal expressionemissionmixin___fstring_str_part'vc.
Prover result is: Valid (0.00s, 7312 steps).

File "/tmp/.pycsl_zd4iwyrv.mlw", line 1147, characters 15-19:
Sub-goal postcondition of goal expressionemissionmixin___fstring_str_part'vc.
Prover result is: Valid (0.01s, 7591 steps).

File "/tmp/.pycsl_zd4iwyrv.mlw", line 1159, characters 74-123:
Sub-goal precondition of goal expressionemissionmixin___fstring_str_part'vc.
Prover result is: Valid (0.00s, 7313 steps).

File "/tmp/.pycsl_zd4iwyrv.mlw", line 1147, characters 15-19:
Sub-goal postcondition of goal expressionemissionmixin___fstring_str_part'vc.
Prover result is: Valid (0.01s, 7513 steps).

File "/tmp/.pycsl_zd4iwyrv.mlw", line 1166, characters 15-19:
Sub-goal postcondition of goal expressionemissionmixin___getattr_self_field'vc.
Prover result is: Valid (0.00s, 10393 steps).

File "/tmp/.pycsl_zd4iwyrv.mlw", line 1174, characters 108-115:
Sub-goal index in array bounds of goal expressionemissionmixin___getattr_self_field'vc.
Prover result is: Valid (0.02s, 108198 steps).

File "/tmp/.pycsl_zd4iwyrv.mlw", line 1174, characters 198-205:
Sub-goal index in array bounds of goal expressionemissionmixin___getattr_self_field'vc.
Prover result is: Valid (0.02s, 103526 steps).

File "/tmp/.pycsl_zd4iwyrv.mlw", line 1175, characters 36-43:
Sub-goal index in array bounds of goal expressionemissionmixin___getattr_self_field'vc.
Prover result is: Valid (0.02s, 119551 steps).

File "/tmp/.pycsl_zd4iwyrv.mlw", line 1166, characters 15-19:
Sub-goal postcondition of goal expressionemissionmixin___getattr_self_field'vc.
Prover result is: Valid (0.01s, 10954 steps).

File "/tmp/.pycsl_zd4iwyrv.mlw", line 1166, characters 15-19:
Sub-goal postcondition of goal expressionemissionmixin___getattr_self_field'vc.
Prover result is: Valid (0.01s, 10952 steps).

File "/tmp/.pycsl_zd4iwyrv.mlw", line 1184, characters 15-19:
Sub-goal postcondition of goal expressionemissionmixin___handle_arrayeq_expr'vc.
Prover result is: Valid (0.01s, 11544 steps).

File "/tmp/.pycsl_zd4iwyrv.mlw", line 1184, characters 15-19:
Sub-goal postcondition of goal expressionemissionmixin___handle_arrayeq_expr'vc.
Prover result is: Valid (0.01s, 8304 steps).

File "/tmp/.pycsl_zd4iwyrv.mlw", line 1201, characters 15-19:
Sub-goal postcondition of goal expressionemissionmixin___handle_arraylen_expr'vc.
Prover result is: Valid (0.00s, 8047 steps).

File "/tmp/.pycsl_zd4iwyrv.mlw", line 1201, characters 15-19:
Sub-goal postcondition of goal expressionemissionmixin___handle_arraylen_expr'vc.
Prover result is: Valid (0.00s, 7970 steps).

File "/tmp/.pycsl_zd4iwyrv.mlw", line 1201, characters 15-19:
Sub-goal postcondition of goal expressionemissionmixin___handle_arraylen_expr'vc.
Prover result is: Valid (0.00s, 8125 steps).

File "/tmp/.pycsl_zd4iwyrv.mlw", line 1201, characters 15-19:
Sub-goal postcondition of goal expressionemissionmixin___handle_arraylen_expr'vc.
Prover result is: Valid (0.01s, 8195 steps).

File "/tmp/.pycsl_zd4iwyrv.mlw", line 1201, characters 15-19:
Sub-goal postcondition of goal expressionemissionmixin___handle_arraylen_expr'vc.
Prover result is: Valid (0.01s, 7632 steps).

File "/tmp/.pycsl_zd4iwyrv.mlw", line 1235, characters 15-19:
Sub-goal postcondition of goal expressionemissionmixin___handle_at_expr'vc.
Prover result is: Valid (0.01s, 7431 steps).

File "/tmp/.pycsl_zd4iwyrv.mlw", line 1235, characters 15-19:
Sub-goal postcondition of goal expressionemissionmixin___handle_at_expr'vc.
Prover result is: Valid (0.01s, 12213 steps).

File "/tmp/.pycsl_zd4iwyrv.mlw", line 1235, characters 15-19:
Sub-goal postcondition of goal expressionemissionmixin___handle_at_expr'vc.
Prover result is: Valid (0.01s, 10753 steps).

File "/tmp/.pycsl_zd4iwyrv.mlw", line 1298, characters 24-105:
Sub-goal precondition of goal expressionemissionmixin___handle_field_get_expr'vc.
Prover result is: Valid (0.01s, 7312 steps).

File "/tmp/.pycsl_zd4iwyrv.mlw", line 1284, characters 15-19:
Sub-goal postcondition of goal expressionemissionmixin___handle_field_get_expr'vc.
Prover result is: Valid (0.00s, 7312 steps).

File "/tmp/.pycsl_zd4iwyrv.mlw", line 1284, characters 15-19:
Sub-goal postcondition of goal expressionemissionmixin___handle_field_get_expr'vc.
Prover result is: Valid (0.01s, 7526 steps).

File "/tmp/.pycsl_zd4iwyrv.mlw", line 1284, characters 15-19:
Sub-goal postcondition of goal expressionemissionmixin___handle_field_get_expr'vc.
Prover result is: Valid (0.01s, 8147 steps).

File "/tmp/.pycsl_zd4iwyrv.mlw", line 1284, characters 15-19:
Sub-goal postcondition of goal expressionemissionmixin___handle_field_get_expr'vc.
Prover result is: Valid (0.01s, 8104 steps).

File "/tmp/.pycsl_zd4iwyrv.mlw", line 1284, characters 15-19:
Sub-goal postcondition of goal expressionemissionmixin___handle_field_get_expr'vc.
Prover result is: Valid (0.00s, 8185 steps).

File "/tmp/.pycsl_zd4iwyrv.mlw", line 1284, characters 15-19:
Sub-goal postcondition of goal expressionemissionmixin___handle_field_get_expr'vc.
Prover result is: Valid (0.00s, 8108 steps).

File "/tmp/.pycsl_zd4iwyrv.mlw", line 1284, characters 15-19:
Sub-goal postcondition of goal expressionemissionmixin___handle_field_get_expr'vc.
Prover result is: Valid (0.01s, 8157 steps).

File "/tmp/.pycsl_zd4iwyrv.mlw", line 1284, characters 15-19:
Sub-goal postcondition of goal expressionemissionmixin___handle_field_get_expr'vc.
Prover result is: Valid (0.01s, 8267 steps).

File "/tmp/.pycsl_zd4iwyrv.mlw", line 1341, characters 68-130:
Sub-goal precondition of goal expressionemissionmixin___handle_field_get_expr'vc.
Prover result is: Valid (0.01s, 8176 steps).

File "/tmp/.pycsl_zd4iwyrv.mlw", line 1284, characters 15-19:
Sub-goal postcondition of goal expressionemissionmixin___handle_field_get_expr'vc.
Prover result is: Valid (0.01s, 8242 steps).

File "/tmp/.pycsl_zd4iwyrv.mlw", line 1284, characters 15-19:
Sub-goal postcondition of goal expressionemissionmixin___handle_field_get_expr'vc.
Prover result is: Valid (0.01s, 8865 steps).

File "/tmp/.pycsl_zd4iwyrv.mlw", line 1351, characters 19-70:
Sub-goal precondition of goal expressionemissionmixin___handle_field_get_expr'vc.
Prover result is: Valid (0.01s, 8352 steps).

File "/tmp/.pycsl_zd4iwyrv.mlw", line 1284, characters 15-19:
Sub-goal postcondition of goal expressionemissionmixin___handle_field_get_expr'vc.
Prover result is: Valid (0.01s, 8642 steps).

File "/tmp/.pycsl_zd4iwyrv.mlw", line 1284, characters 15-19:
Sub-goal postcondition of goal expressionemissionmixin___handle_field_get_expr'vc.
Prover result is: Valid (0.01s, 8195 steps).

File "/tmp/.pycsl_zd4iwyrv.mlw", line 1341, characters 68-130:
Sub-goal precondition of goal expressionemissionmixin___handle_field_get_expr'vc.
Prover result is: Valid (0.00s, 8104 steps).

File "/tmp/.pycsl_zd4iwyrv.mlw", line 1284, characters 15-19:
Sub-goal postcondition of goal expressionemissionmixin___handle_field_get_expr'vc.
Prover result is: Valid (0.01s, 8170 steps).

File "/tmp/.pycsl_zd4iwyrv.mlw", line 1284, characters 15-19:
Sub-goal postcondition of goal expressionemissionmixin___handle_field_get_expr'vc.
Prover result is: Valid (0.00s, 8795 steps).

File "/tmp/.pycsl_zd4iwyrv.mlw", line 1351, characters 19-70:
Sub-goal precondition of goal expressionemissionmixin___handle_field_get_expr'vc.
Prover result is: Valid (0.01s, 8282 steps).

File "/tmp/.pycsl_zd4iwyrv.mlw", line 1284, characters 15-19:
Sub-goal postcondition of goal expressionemissionmixin___handle_field_get_expr'vc.
Prover result is: Valid (0.00s, 8572 steps).

File "/tmp/.pycsl_zd4iwyrv.mlw", line 1284, characters 15-19:
Sub-goal postcondition of goal expressionemissionmixin___handle_field_get_expr'vc.
Prover result is: Valid (0.01s, 8140 steps).

File "/tmp/.pycsl_zd4iwyrv.mlw", line 1284, characters 15-19:
Sub-goal postcondition of goal expressionemissionmixin___handle_field_get_expr'vc.
Prover result is: Valid (0.01s, 8097 steps).

File "/tmp/.pycsl_zd4iwyrv.mlw", line 1284, characters 15-19:
Sub-goal postcondition of goal expressionemissionmixin___handle_field_get_expr'vc.
Prover result is: Valid (0.01s, 8178 steps).

File "/tmp/.pycsl_zd4iwyrv.mlw", line 1284, characters 15-19:
Sub-goal postcondition of goal expressionemissionmixin___handle_field_get_expr'vc.
Prover result is: Valid (0.01s, 8101 steps).

File "/tmp/.pycsl_zd4iwyrv.mlw", line 1284, characters 15-19:
Sub-goal postcondition of goal expressionemissionmixin___handle_field_get_expr'vc.
Prover result is: Valid (0.01s, 8150 steps).

File "/tmp/.pycsl_zd4iwyrv.mlw", line 1284, characters 15-19:
Sub-goal postcondition of goal expressionemissionmixin___handle_field_get_expr'vc.
Prover result is: Valid (0.00s, 8260 steps).

File "/tmp/.pycsl_zd4iwyrv.mlw", line 1341, characters 68-130:
Sub-goal precondition of goal expressionemissionmixin___handle_field_get_expr'vc.
Prover result is: Valid (0.00s, 8169 steps).

File "/tmp/.pycsl_zd4iwyrv.mlw", line 1284, characters 15-19:
Sub-goal postcondition of goal expressionemissionmixin___handle_field_get_expr'vc.
Prover result is: Valid (0.01s, 8235 steps).

File "/tmp/.pycsl_zd4iwyrv.mlw", line 1284, characters 15-19:
Sub-goal postcondition of goal expressionemissionmixin___handle_field_get_expr'vc.
Prover result is: Valid (0.01s, 8858 steps).

File "/tmp/.pycsl_zd4iwyrv.mlw", line 1351, characters 19-70:
Sub-goal precondition of goal expressionemissionmixin___handle_field_get_expr'vc.
Prover result is: Valid (0.01s, 8345 steps).

File "/tmp/.pycsl_zd4iwyrv.mlw", line 1284, characters 15-19:
Sub-goal postcondition of goal expressionemissionmixin___handle_field_get_expr'vc.
Prover result is: Valid (0.01s, 8635 steps).

File "/tmp/.pycsl_zd4iwyrv.mlw", line 1284, characters 15-19:
Sub-goal postcondition of goal expressionemissionmixin___handle_field_get_expr'vc.
Prover result is: Valid (0.00s, 8188 steps).

File "/tmp/.pycsl_zd4iwyrv.mlw", line 1341, characters 68-130:
Sub-goal precondition of goal expressionemissionmixin___handle_field_get_expr'vc.
Prover result is: Valid (0.01s, 8097 steps).

File "/tmp/.pycsl_zd4iwyrv.mlw", line 1284, characters 15-19:
Sub-goal postcondition of goal expressionemissionmixin___handle_field_get_expr'vc.
Prover result is: Valid (0.01s, 8163 steps).

File "/tmp/.pycsl_zd4iwyrv.mlw", line 1284, characters 15-19:
Sub-goal postcondition of goal expressionemissionmixin___handle_field_get_expr'vc.
Prover result is: Valid (0.01s, 8788 steps).

File "/tmp/.pycsl_zd4iwyrv.mlw", line 1351, characters 19-70:
Sub-goal precondition of goal expressionemissionmixin___handle_field_get_expr'vc.
Prover result is: Valid (0.01s, 8275 steps).

File "/tmp/.pycsl_zd4iwyrv.mlw", line 1284, characters 15-19:
Sub-goal postcondition of goal expressionemissionmixin___handle_field_get_expr'vc.
Prover result is: Valid (0.01s, 8565 steps).

File "/tmp/.pycsl_zd4iwyrv.mlw", line 1378, characters 8-71:
Sub-goal variant decrease of goal expressionemissionmixin___module_binding_names__ffold'vc.
Prover result is: Valid (0.01s, 18749 steps).

File "/tmp/.pycsl_zd4iwyrv.mlw", line 1386, characters 8-71:
Sub-goal variant decrease of goal expressionemissionmixin___module_binding_names__cfold'vc.
Prover result is: Valid (0.00s, 18749 steps).

File "/tmp/.pycsl_zd4iwyrv.mlw", line 1389, characters 32-36:
Sub-goal postcondition of goal expressionemissionmixin___module_binding_names'vc.
Prover result is: Valid (0.00s, 7529 steps).

File "/tmp/.pycsl_zd4iwyrv.mlw", line 1403, characters 16-71:
Sub-goal precondition of goal expressionemissionmixin___handle_in_globals_expr'vc.
Prover result is: Valid (0.01s, 7373 steps).

File "/tmp/.pycsl_zd4iwyrv.mlw", line 1397, characters 15-19:
Sub-goal postcondition of goal expressionemissionmixin___handle_in_globals_expr'vc.
Prover result is: Valid (0.01s, 7382 steps).

File "/tmp/.pycsl_zd4iwyrv.mlw", line 1397, characters 15-19:
Sub-goal postcondition of goal expressionemissionmixin___handle_in_globals_expr'vc.
Prover result is: Valid (0.01s, 7590 steps).

File "/tmp/.pycsl_zd4iwyrv.mlw", line 1413, characters 15-19:
Sub-goal postcondition of goal expressionemissionmixin___handle_in_scope_expr'vc.
Prover result is: Valid (0.01s, 7620 steps).

File "/tmp/.pycsl_zd4iwyrv.mlw", line 1413, characters 15-19:
Sub-goal postcondition of goal expressionemissionmixin___handle_in_scope_expr'vc.
Prover result is: Valid (0.01s, 7772 steps).

File "/tmp/.pycsl_zd4iwyrv.mlw", line 1413, characters 15-19:
Sub-goal postcondition of goal expressionemissionmixin___handle_in_scope_expr'vc.
Prover result is: Valid (0.01s, 7954 steps).

File "/tmp/.pycsl_zd4iwyrv.mlw", line 1438, characters 15-19:
Sub-goal postcondition of goal expressionemissionmixin___handle_issorted_expr'vc.
Prover result is: Valid (0.01s, 10092 steps).

File "/tmp/.pycsl_zd4iwyrv.mlw", line 1438, characters 15-19:
Sub-goal postcondition of goal expressionemissionmixin___handle_issorted_expr'vc.
Prover result is: Valid (0.01s, 8374 steps).

File "/tmp/.pycsl_zd4iwyrv.mlw", line 1462, characters 15-19:
Sub-goal postcondition of goal expressionemissionmixin___handle_lambda_expr'vc.
Prover result is: Valid (0.00s, 7580 steps).

File "/tmp/.pycsl_zd4iwyrv.mlw", line 1462, characters 15-19:
Sub-goal postcondition of goal expressionemissionmixin___handle_lambda_expr'vc.
Prover result is: Valid (0.01s, 4179 steps).

File "/tmp/.pycsl_zd4iwyrv.mlw", line 1479, characters 15-19:
Sub-goal postcondition of goal expressionemissionmixin___handle_length2d_expr'vc.
Prover result is: Valid (0.00s, 9154 steps).

File "/tmp/.pycsl_zd4iwyrv.mlw", line 1479, characters 15-19:
Sub-goal postcondition of goal expressionemissionmixin___handle_length2d_expr'vc.
Prover result is: Valid (0.01s, 8374 steps).

File "/tmp/.pycsl_zd4iwyrv.mlw", line 1498, characters 15-19:
Sub-goal postcondition of goal expressionemissionmixin___handle_named_expr_expr'vc.
Prover result is: Valid (0.01s, 8068 steps).

File "/tmp/.pycsl_zd4iwyrv.mlw", line 1498, characters 15-19:
Sub-goal postcondition of goal expressionemissionmixin___handle_named_expr_expr'vc.
Prover result is: Valid (0.01s, 8095 steps).

File "/tmp/.pycsl_zd4iwyrv.mlw", line 1516, characters 15-19:
Sub-goal postcondition of goal expressionemissionmixin___handle_old_expr'vc.
Prover result is: Valid (0.01s, 12012 steps).

File "/tmp/.pycsl_zd4iwyrv.mlw", line 1516, characters 15-19:
Sub-goal postcondition of goal expressionemissionmixin___handle_old_expr'vc.
Prover result is: Valid (0.01s, 10644 steps).

File "/tmp/.pycsl_zd4iwyrv.mlw", line 1538, characters 15-19:
Sub-goal postcondition of goal expressionemissionmixin___handle_permutation_expr'vc.
Prover result is: Valid (0.00s, 8602 steps).

File "/tmp/.pycsl_zd4iwyrv.mlw", line 1538, characters 15-19:
Sub-goal postcondition of goal expressionemissionmixin___handle_permutation_expr'vc.
Prover result is: Valid (0.00s, 8304 steps).

File "/tmp/.pycsl_zd4iwyrv.mlw", line 1556, characters 15-19:
Sub-goal postcondition of goal expressionemissionmixin___handle_separated_expr'vc.
Prover result is: Valid (0.01s, 7542 steps).

File "/tmp/.pycsl_zd4iwyrv.mlw", line 1556, characters 15-19:
Sub-goal postcondition of goal expressionemissionmixin___handle_separated_expr'vc.
Prover result is: Valid (0.01s, 8405 steps).

File "/tmp/.pycsl_zd4iwyrv.mlw", line 1577, characters 15-19:
Sub-goal postcondition of goal expressionemissionmixin___handle_setlit_expr'vc.
Prover result is: Valid (0.01s, 7674 steps).

File "/tmp/.pycsl_zd4iwyrv.mlw", line 1593, characters 20-34:
Sub-goal loop invariant init of goal expressionemissionmixin___handle_setlit_expr'vc.
Prover result is: Valid (0.00s, 8931 steps).

File "/tmp/.pycsl_zd4iwyrv.mlw", line 1595, characters 22-40:
Sub-goal index in array bounds of goal expressionemissionmixin___handle_setlit_expr'vc.
Prover result is: Valid (0.01s, 12525 steps).

File "/tmp/.pycsl_zd4iwyrv.mlw", line 1596, characters 17-128:
Sub-goal precondition of goal expressionemissionmixin___handle_setlit_expr'vc.
Prover result is: Valid (0.00s, 8945 steps).

File "/tmp/.pycsl_zd4iwyrv.mlw", line 1594, characters 18-48:
Sub-goal loop variant decrease of goal expressionemissionmixin___handle_setlit_expr'vc.
Prover result is: Valid (0.02s, 94280 steps).

File "/tmp/.pycsl_zd4iwyrv.mlw", line 1593, characters 20-34:
Sub-goal loop invariant preservation of goal expressionemissionmixin___handle_setlit_expr'vc.
Prover result is: Valid (0.02s, 94126 steps).

File "/tmp/.pycsl_zd4iwyrv.mlw", line 1577, characters 15-19:
Sub-goal postcondition of goal expressionemissionmixin___handle_setlit_expr'vc.
Prover result is: Valid (0.00s, 8949 steps).

File "/tmp/.pycsl_zd4iwyrv.mlw", line 1606, characters 15-19:
Sub-goal postcondition of goal expressionemissionmixin___slice_array_or_opaque'vc.
Prover result is: Valid (0.01s, 12253 steps).

File "/tmp/.pycsl_zd4iwyrv.mlw", line 1635, characters 15-68:
Sub-goal precondition of goal expressionemissionmixin___slice_array_or_opaque'vc.
Prover result is: Valid (0.01s, 11351 steps).

File "/tmp/.pycsl_zd4iwyrv.mlw", line 1606, characters 15-19:
Sub-goal postcondition of goal expressionemissionmixin___slice_array_or_opaque'vc.
Prover result is: Valid (0.01s, 11955 steps).

File "/tmp/.pycsl_zd4iwyrv.mlw", line 1606, characters 15-19:
Sub-goal postcondition of goal expressionemissionmixin___slice_array_or_opaque'vc.
Prover result is: Valid (0.01s, 12369 steps).

File "/tmp/.pycsl_zd4iwyrv.mlw", line 1635, characters 15-68:
Sub-goal precondition of goal expressionemissionmixin___slice_array_or_opaque'vc.
Prover result is: Valid (0.01s, 11479 steps).

File "/tmp/.pycsl_zd4iwyrv.mlw", line 1606, characters 15-19:
Sub-goal postcondition of goal expressionemissionmixin___slice_array_or_opaque'vc.
Prover result is: Valid (0.01s, 12069 steps).

File "/tmp/.pycsl_zd4iwyrv.mlw", line 1606, characters 15-19:
Sub-goal postcondition of goal expressionemissionmixin___slice_array_or_opaque'vc.
Prover result is: Valid (0.01s, 12530 steps).

File "/tmp/.pycsl_zd4iwyrv.mlw", line 1635, characters 15-68:
Sub-goal precondition of goal expressionemissionmixin___slice_array_or_opaque'vc.
Prover result is: Valid (0.01s, 11628 steps).

File "/tmp/.pycsl_zd4iwyrv.mlw", line 1606, characters 15-19:
Sub-goal postcondition of goal expressionemissionmixin___slice_array_or_opaque'vc.
Prover result is: Valid (0.01s, 12232 steps).

File "/tmp/.pycsl_zd4iwyrv.mlw", line 1606, characters 15-19:
Sub-goal postcondition of goal expressionemissionmixin___slice_array_or_opaque'vc.
Prover result is: Valid (0.01s, 12523 steps).

File "/tmp/.pycsl_zd4iwyrv.mlw", line 1635, characters 15-68:
Sub-goal precondition of goal expressionemissionmixin___slice_array_or_opaque'vc.
Prover result is: Valid (0.01s, 11621 steps).

File "/tmp/.pycsl_zd4iwyrv.mlw", line 1606, characters 15-19:
Sub-goal postcondition of goal expressionemissionmixin___slice_array_or_opaque'vc.
Prover result is: Valid (0.01s, 12225 steps).

File "/tmp/.pycsl_zd4iwyrv.mlw", line 1606, characters 15-19:
Sub-goal postcondition of goal expressionemissionmixin___slice_array_or_opaque'vc.
Prover result is: Valid (0.01s, 12217 steps).

File "/tmp/.pycsl_zd4iwyrv.mlw", line 1635, characters 15-68:
Sub-goal precondition of goal expressionemissionmixin___slice_array_or_opaque'vc.
Prover result is: Valid (0.01s, 11315 steps).

File "/tmp/.pycsl_zd4iwyrv.mlw", line 1606, characters 15-19:
Sub-goal postcondition of goal expressionemissionmixin___slice_array_or_opaque'vc.
Prover result is: Valid (0.01s, 11919 steps).

File "/tmp/.pycsl_zd4iwyrv.mlw", line 1606, characters 15-19:
Sub-goal postcondition of goal expressionemissionmixin___slice_array_or_opaque'vc.
Prover result is: Valid (0.01s, 6682 steps).

File "/tmp/.pycsl_zd4iwyrv.mlw", line 1635, characters 15-68:
Sub-goal precondition of goal expressionemissionmixin___slice_array_or_opaque'vc.
Prover result is: Valid (0.01s, 6674 steps).

File "/tmp/.pycsl_zd4iwyrv.mlw", line 1606, characters 15-19:
Sub-goal postcondition of goal expressionemissionmixin___slice_array_or_opaque'vc.
Prover result is: Valid (0.01s, 6680 steps).

File "/tmp/.pycsl_zd4iwyrv.mlw", line 1606, characters 15-19:
Sub-goal postcondition of goal expressionemissionmixin___slice_array_or_opaque'vc.
Prover result is: Valid (0.01s, 6682 steps).

File "/tmp/.pycsl_zd4iwyrv.mlw", line 1635, characters 15-68:
Sub-goal precondition of goal expressionemissionmixin___slice_array_or_opaque'vc.
Prover result is: Valid (0.00s, 6674 steps).

File "/tmp/.pycsl_zd4iwyrv.mlw", line 1606, characters 15-19:
Sub-goal postcondition of goal expressionemissionmixin___slice_array_or_opaque'vc.
Prover result is: Valid (0.00s, 6680 steps).

File "/tmp/.pycsl_zd4iwyrv.mlw", line 1606, characters 15-19:
Sub-goal postcondition of goal expressionemissionmixin___slice_array_or_opaque'vc.
Prover result is: Valid (0.00s, 6729 steps).

File "/tmp/.pycsl_zd4iwyrv.mlw", line 1635, characters 15-68:
Sub-goal precondition of goal expressionemissionmixin___slice_array_or_opaque'vc.
Prover result is: Valid (0.01s, 6721 steps).

File "/tmp/.pycsl_zd4iwyrv.mlw", line 1606, characters 15-19:
Sub-goal postcondition of goal expressionemissionmixin___slice_array_or_opaque'vc.
Prover result is: Valid (0.01s, 6727 steps).

File "/tmp/.pycsl_zd4iwyrv.mlw", line 1606, characters 15-19:
Sub-goal postcondition of goal expressionemissionmixin___slice_array_or_opaque'vc.
Prover result is: Valid (0.01s, 6728 steps).

File "/tmp/.pycsl_zd4iwyrv.mlw", line 1635, characters 15-68:
Sub-goal precondition of goal expressionemissionmixin___slice_array_or_opaque'vc.
Prover result is: Valid (0.01s, 6720 steps).

File "/tmp/.pycsl_zd4iwyrv.mlw", line 1606, characters 15-19:
Sub-goal postcondition of goal expressionemissionmixin___slice_array_or_opaque'vc.
Prover result is: Valid (0.01s, 6726 steps).

File "/tmp/.pycsl_zd4iwyrv.mlw", line 1606, characters 15-19:
Sub-goal postcondition of goal expressionemissionmixin___slice_array_or_opaque'vc.
Prover result is: Valid (0.01s, 6682 steps).

File "/tmp/.pycsl_zd4iwyrv.mlw", line 1635, characters 15-68:
Sub-goal precondition of goal expressionemissionmixin___slice_array_or_opaque'vc.
Prover result is: Valid (0.01s, 6674 steps).

File "/tmp/.pycsl_zd4iwyrv.mlw", line 1606, characters 15-19:
Sub-goal postcondition of goal expressionemissionmixin___slice_array_or_opaque'vc.
Prover result is: Valid (0.00s, 6680 steps).

File "/tmp/.pycsl_zd4iwyrv.mlw", line 1606, characters 15-19:
Sub-goal postcondition of goal expressionemissionmixin___slice_array_or_opaque'vc.
Prover result is: Valid (0.00s, 6488 steps).

File "/tmp/.pycsl_zd4iwyrv.mlw", line 1635, characters 15-68:
Sub-goal precondition of goal expressionemissionmixin___slice_array_or_opaque'vc.
Prover result is: Valid (0.01s, 6480 steps).

File "/tmp/.pycsl_zd4iwyrv.mlw", line 1606, characters 15-19:
Sub-goal postcondition of goal expressionemissionmixin___slice_array_or_opaque'vc.
Prover result is: Valid (0.01s, 6486 steps).

File "/tmp/.pycsl_zd4iwyrv.mlw", line 1606, characters 15-19:
Sub-goal postcondition of goal expressionemissionmixin___slice_array_or_opaque'vc.
Prover result is: Valid (0.00s, 6488 steps).

File "/tmp/.pycsl_zd4iwyrv.mlw", line 1635, characters 15-68:
Sub-goal precondition of goal expressionemissionmixin___slice_array_or_opaque'vc.
Prover result is: Valid (0.00s, 6480 steps).

File "/tmp/.pycsl_zd4iwyrv.mlw", line 1606, characters 15-19:
Sub-goal postcondition of goal expressionemissionmixin___slice_array_or_opaque'vc.
Prover result is: Valid (0.01s, 6486 steps).

File "/tmp/.pycsl_zd4iwyrv.mlw", line 1606, characters 15-19:
Sub-goal postcondition of goal expressionemissionmixin___slice_array_or_opaque'vc.
Prover result is: Valid (0.00s, 6535 steps).

File "/tmp/.pycsl_zd4iwyrv.mlw", line 1635, characters 15-68:
Sub-goal precondition of goal expressionemissionmixin___slice_array_or_opaque'vc.
Prover result is: Valid (0.00s, 6527 steps).

File "/tmp/.pycsl_zd4iwyrv.mlw", line 1606, characters 15-19:
Sub-goal postcondition of goal expressionemissionmixin___slice_array_or_opaque'vc.
Prover result is: Valid (0.01s, 6533 steps).

File "/tmp/.pycsl_zd4iwyrv.mlw", line 1606, characters 15-19:
Sub-goal postcondition of goal expressionemissionmixin___slice_array_or_opaque'vc.
Prover result is: Valid (0.01s, 6534 steps).

File "/tmp/.pycsl_zd4iwyrv.mlw", line 1635, characters 15-68:
Sub-goal precondition of goal expressionemissionmixin___slice_array_or_opaque'vc.
Prover result is: Valid (0.00s, 6526 steps).

File "/tmp/.pycsl_zd4iwyrv.mlw", line 1606, characters 15-19:
Sub-goal postcondition of goal expressionemissionmixin___slice_array_or_opaque'vc.
Prover result is: Valid (0.01s, 6532 steps).

File "/tmp/.pycsl_zd4iwyrv.mlw", line 1606, characters 15-19:
Sub-goal postcondition of goal expressionemissionmixin___slice_array_or_opaque'vc.
Prover result is: Valid (0.01s, 6488 steps).

File "/tmp/.pycsl_zd4iwyrv.mlw", line 1635, characters 15-68:
Sub-goal precondition of goal expressionemissionmixin___slice_array_or_opaque'vc.
Prover result is: Valid (0.01s, 6480 steps).

File "/tmp/.pycsl_zd4iwyrv.mlw", line 1606, characters 15-19:
Sub-goal postcondition of goal expressionemissionmixin___slice_array_or_opaque'vc.
Prover result is: Valid (0.01s, 6486 steps).

File "/tmp/.pycsl_zd4iwyrv.mlw", line 1606, characters 15-19:
Sub-goal postcondition of goal expressionemissionmixin___slice_array_or_opaque'vc.
Prover result is: Valid (0.01s, 6336 steps).

File "/tmp/.pycsl_zd4iwyrv.mlw", line 1635, characters 15-68:
Sub-goal precondition of goal expressionemissionmixin___slice_array_or_opaque'vc.
Prover result is: Valid (0.00s, 6328 steps).

File "/tmp/.pycsl_zd4iwyrv.mlw", line 1606, characters 15-19:
Sub-goal postcondition of goal expressionemissionmixin___slice_array_or_opaque'vc.
Prover result is: Valid (0.01s, 6334 steps).

File "/tmp/.pycsl_zd4iwyrv.mlw", line 1606, characters 15-19:
Sub-goal postcondition of goal expressionemissionmixin___slice_array_or_opaque'vc.
Prover result is: Valid (0.01s, 6336 steps).

File "/tmp/.pycsl_zd4iwyrv.mlw", line 1635, characters 15-68:
Sub-goal precondition of goal expressionemissionmixin___slice_array_or_opaque'vc.
Prover result is: Valid (0.01s, 6328 steps).

File "/tmp/.pycsl_zd4iwyrv.mlw", line 1606, characters 15-19:
Sub-goal postcondition of goal expressionemissionmixin___slice_array_or_opaque'vc.
Prover result is: Valid (0.00s, 6334 steps).

File "/tmp/.pycsl_zd4iwyrv.mlw", line 1606, characters 15-19:
Sub-goal postcondition of goal expressionemissionmixin___slice_array_or_opaque'vc.
Prover result is: Valid (0.01s, 6507 steps).

File "/tmp/.pycsl_zd4iwyrv.mlw", line 1635, characters 15-68:
Sub-goal precondition of goal expressionemissionmixin___slice_array_or_opaque'vc.
Prover result is: Valid (0.01s, 6499 steps).

File "/tmp/.pycsl_zd4iwyrv.mlw", line 1606, characters 15-19:
Sub-goal postcondition of goal expressionemissionmixin___slice_array_or_opaque'vc.
Prover result is: Valid (0.01s, 6505 steps).

File "/tmp/.pycsl_zd4iwyrv.mlw", line 1606, characters 15-19:
Sub-goal postcondition of goal expressionemissionmixin___slice_array_or_opaque'vc.
Prover result is: Valid (0.01s, 6506 steps).

File "/tmp/.pycsl_zd4iwyrv.mlw", line 1635, characters 15-68:
Sub-goal precondition of goal expressionemissionmixin___slice_array_or_opaque'vc.
Prover result is: Valid (0.01s, 6498 steps).

File "/tmp/.pycsl_zd4iwyrv.mlw", line 1606, characters 15-19:
Sub-goal postcondition of goal expressionemissionmixin___slice_array_or_opaque'vc.
Prover result is: Valid (0.00s, 6504 steps).

File "/tmp/.pycsl_zd4iwyrv.mlw", line 1606, characters 15-19:
Sub-goal postcondition of goal expressionemissionmixin___slice_array_or_opaque'vc.
Prover result is: Valid (0.00s, 6336 steps).

File "/tmp/.pycsl_zd4iwyrv.mlw", line 1635, characters 15-68:
Sub-goal precondition of goal expressionemissionmixin___slice_array_or_opaque'vc.
Prover result is: Valid (0.00s, 6328 steps).

File "/tmp/.pycsl_zd4iwyrv.mlw", line 1606, characters 15-19:
Sub-goal postcondition of goal expressionemissionmixin___slice_array_or_opaque'vc.
Prover result is: Valid (0.01s, 6334 steps).

File "/tmp/.pycsl_zd4iwyrv.mlw", line 1642, characters 15-19:
Sub-goal postcondition of goal expressionemissionmixin___handle_slice_access_expr'vc.
Prover result is: Valid (0.01s, 11542 steps).

File "/tmp/.pycsl_zd4iwyrv.mlw", line 1642, characters 15-19:
Sub-goal postcondition of goal expressionemissionmixin___handle_slice_access_expr'vc.
Prover result is: Valid (0.00s, 6765 steps).

File "/tmp/.pycsl_zd4iwyrv.mlw", line 1642, characters 15-19:
Sub-goal postcondition of goal expressionemissionmixin___handle_slice_access_expr'vc.
Prover result is: Valid (0.01s, 6763 steps).

File "/tmp/.pycsl_zd4iwyrv.mlw", line 1642, characters 15-19:
Sub-goal postcondition of goal expressionemissionmixin___handle_slice_access_expr'vc.
Prover result is: Valid (0.00s, 6767 steps).

File "/tmp/.pycsl_zd4iwyrv.mlw", line 1642, characters 15-19:
Sub-goal postcondition of goal expressionemissionmixin___handle_slice_access_expr'vc.
Prover result is: Valid (0.01s, 12705 steps).

File "/tmp/.pycsl_zd4iwyrv.mlw", line 1642, characters 15-19:
Sub-goal postcondition of goal expressionemissionmixin___handle_slice_access_expr'vc.
Prover result is: Valid (0.01s, 12553 steps).

File "/tmp/.pycsl_zd4iwyrv.mlw", line 1642, characters 15-19:
Sub-goal postcondition of goal expressionemissionmixin___handle_slice_access_expr'vc.
Prover result is: Valid (0.01s, 6997 steps).

File "/tmp/.pycsl_zd4iwyrv.mlw", line 1642, characters 15-19:
Sub-goal postcondition of goal expressionemissionmixin___handle_slice_access_expr'vc.
Prover result is: Valid (0.00s, 6997 steps).

File "/tmp/.pycsl_zd4iwyrv.mlw", line 1642, characters 15-19:
Sub-goal postcondition of goal expressionemissionmixin___handle_slice_access_expr'vc.
Prover result is: Valid (0.01s, 6997 steps).

File "/tmp/.pycsl_zd4iwyrv.mlw", line 1642, characters 15-19:
Sub-goal postcondition of goal expressionemissionmixin___handle_slice_access_expr'vc.
Prover result is: Valid (0.00s, 6997 steps).

File "/tmp/.pycsl_zd4iwyrv.mlw", line 1642, characters 15-19:
Sub-goal postcondition of goal expressionemissionmixin___handle_slice_access_expr'vc.
Prover result is: Valid (0.01s, 6804 steps).

File "/tmp/.pycsl_zd4iwyrv.mlw", line 1642, characters 15-19:
Sub-goal postcondition of goal expressionemissionmixin___handle_slice_access_expr'vc.
Prover result is: Valid (0.01s, 6804 steps).

File "/tmp/.pycsl_zd4iwyrv.mlw", line 1642, characters 15-19:
Sub-goal postcondition of goal expressionemissionmixin___handle_slice_access_expr'vc.
Prover result is: Valid (0.01s, 6777 steps).

File "/tmp/.pycsl_zd4iwyrv.mlw", line 1642, characters 15-19:
Sub-goal postcondition of goal expressionemissionmixin___handle_slice_access_expr'vc.
Prover result is: Valid (0.01s, 6777 steps).

File "/tmp/.pycsl_zd4iwyrv.mlw", line 1642, characters 15-19:
Sub-goal postcondition of goal expressionemissionmixin___handle_slice_access_expr'vc.
Prover result is: Valid (0.01s, 6777 steps).

File "/tmp/.pycsl_zd4iwyrv.mlw", line 1642, characters 15-19:
Sub-goal postcondition of goal expressionemissionmixin___handle_slice_access_expr'vc.
Prover result is: Valid (0.01s, 6777 steps).

File "/tmp/.pycsl_zd4iwyrv.mlw", line 1681, characters 26-138:
Sub-goal precondition of goal expressionemissionmixin___handle_slice_access_expr'vc.
Prover result is: Valid (0.01s, 11043 steps).

File "/tmp/.pycsl_zd4iwyrv.mlw", line 1642, characters 15-19:
Sub-goal postcondition of goal expressionemissionmixin___handle_slice_access_expr'vc.
Prover result is: Valid (0.01s, 11043 steps).

File "/tmp/.pycsl_zd4iwyrv.mlw", line 1701, characters 15-19:
Sub-goal postcondition of goal expressionemissionmixin___handle_sum_node_expr'vc.
Prover result is: Valid (0.00s, 8932 steps).

File "/tmp/.pycsl_zd4iwyrv.mlw", line 1701, characters 15-19:
Sub-goal postcondition of goal expressionemissionmixin___handle_sum_node_expr'vc.
Prover result is: Valid (0.00s, 8374 steps).

File "/tmp/.pycsl_zd4iwyrv.mlw", line 1722, characters 15-19:
Sub-goal postcondition of goal expressionemissionmixin___handle_unaryop_expr'vc.
Prover result is: Valid (0.00s, 7308 steps).

File "/tmp/.pycsl_zd4iwyrv.mlw", line 1722, characters 15-19:
Sub-goal postcondition of goal expressionemissionmixin___handle_unaryop_expr'vc.
Prover result is: Valid (0.00s, 7413 steps).

File "/tmp/.pycsl_zd4iwyrv.mlw", line 1722, characters 15-19:
Sub-goal postcondition of goal expressionemissionmixin___handle_unaryop_expr'vc.
Prover result is: Valid (0.00s, 7494 steps).

File "/tmp/.pycsl_zd4iwyrv.mlw", line 1722, characters 15-19:
Sub-goal postcondition of goal expressionemissionmixin___handle_unaryop_expr'vc.
Prover result is: Valid (0.01s, 7498 steps).

File "/tmp/.pycsl_zd4iwyrv.mlw", line 1746, characters 15-19:
Sub-goal postcondition of goal expressionemissionmixin___handle_valid2d_expr'vc.
Prover result is: Valid (0.00s, 8982 steps).

File "/tmp/.pycsl_zd4iwyrv.mlw", line 1746, characters 15-19:
Sub-goal postcondition of goal expressionemissionmixin___handle_valid2d_expr'vc.
Prover result is: Valid (0.00s, 8374 steps).

File "/tmp/.pycsl_zd4iwyrv.mlw", line 1765, characters 15-19:
Sub-goal postcondition of goal expressionemissionmixin___handle_valid_expr'vc.
Prover result is: Valid (0.01s, 8608 steps).

File "/tmp/.pycsl_zd4iwyrv.mlw", line 1765, characters 15-19:
Sub-goal postcondition of goal expressionemissionmixin___handle_valid_expr'vc.
Prover result is: Valid (0.00s, 8502 steps).

File "/tmp/.pycsl_zd4iwyrv.mlw", line 1782, characters 15-19:
Sub-goal postcondition of goal expressionemissionmixin___var_todict_alias'vc.
Prover result is: Valid (0.01s, 4310 steps).

File "/tmp/.pycsl_zd4iwyrv.mlw", line 1797, characters 20-33:
Sub-goal loop invariant init of goal expressionemissionmixin___var_todict_alias'vc.
Prover result is: Valid (0.01s, 8045 steps).

File "/tmp/.pycsl_zd4iwyrv.mlw", line 1798, characters 18-49:
Sub-goal loop variant decrease of goal expressionemissionmixin___var_todict_alias'vc.
Prover result is: Valid (0.02s, 85688 steps).

File "/tmp/.pycsl_zd4iwyrv.mlw", line 1797, characters 20-33:
Sub-goal loop invariant preservation of goal expressionemissionmixin___var_todict_alias'vc.
Prover result is: Valid (0.02s, 85530 steps).

File "/tmp/.pycsl_zd4iwyrv.mlw", line 1782, characters 15-19:
Sub-goal postcondition of goal expressionemissionmixin___var_todict_alias'vc.
Prover result is: Valid (0.00s, 8065 steps).

File "/tmp/.pycsl_zd4iwyrv.mlw", line 1809, characters 15-19:
Sub-goal postcondition of goal expressionemissionmixin___whyml_string_literal'vc.
Prover result is: Valid (0.01s, 7671 steps).

File "/tmp/.pycsl_zd4iwyrv.mlw", line 1830, characters 14-86:
Sub-goal precondition of goal expressionemissionmixin___handle_var_expr'vc.
Prover result is: Valid (0.00s, 7462 steps).

File "/tmp/.pycsl_zd4iwyrv.mlw", line 1816, characters 15-19:
Sub-goal postcondition of goal expressionemissionmixin___handle_var_expr'vc.
Prover result is: Valid (0.01s, 8104 steps).

File "/tmp/.pycsl_zd4iwyrv.mlw", line 1816, characters 15-19:
Sub-goal postcondition of goal expressionemissionmixin___handle_var_expr'vc.
Prover result is: Valid (0.01s, 8121 steps).

File "/tmp/.pycsl_zd4iwyrv.mlw", line 1816, characters 15-19:
Sub-goal postcondition of goal expressionemissionmixin___handle_var_expr'vc.
Prover result is: Valid (0.01s, 8151 steps).

File "/tmp/.pycsl_zd4iwyrv.mlw", line 1816, characters 15-19:
Sub-goal postcondition of goal expressionemissionmixin___handle_var_expr'vc.
Prover result is: Valid (0.01s, 8181 steps).

File "/tmp/.pycsl_zd4iwyrv.mlw", line 1816, characters 15-19:
Sub-goal postcondition of goal expressionemissionmixin___handle_var_expr'vc.
Prover result is: Valid (0.00s, 8211 steps).

File "/tmp/.pycsl_zd4iwyrv.mlw", line 1816, characters 15-19:
Sub-goal postcondition of goal expressionemissionmixin___handle_var_expr'vc.
Prover result is: Valid (0.00s, 8222 steps).

File "/tmp/.pycsl_zd4iwyrv.mlw", line 1816, characters 15-19:
Sub-goal postcondition of goal expressionemissionmixin___handle_var_expr'vc.
Prover result is: Valid (0.01s, 8277 steps).

File "/tmp/.pycsl_zd4iwyrv.mlw", line 1816, characters 15-19:
Sub-goal postcondition of goal expressionemissionmixin___handle_var_expr'vc.
Prover result is: Valid (0.00s, 8307 steps).

File "/tmp/.pycsl_zd4iwyrv.mlw", line 1816, characters 15-19:
Sub-goal postcondition of goal expressionemissionmixin___handle_var_expr'vc.
Prover result is: Valid (0.00s, 8370 steps).

File "/tmp/.pycsl_zd4iwyrv.mlw", line 1816, characters 15-19:
Sub-goal postcondition of goal expressionemissionmixin___handle_var_expr'vc.
Prover result is: Valid (0.01s, 8405 steps).

File "/tmp/.pycsl_zd4iwyrv.mlw", line 1864, characters 46-104:
Sub-goal precondition of goal expressionemissionmixin___handle_var_expr'vc.
Prover result is: Valid (0.01s, 8431 steps).

File "/tmp/.pycsl_zd4iwyrv.mlw", line 1816, characters 15-19:
Sub-goal postcondition of goal expressionemissionmixin___handle_var_expr'vc.
Prover result is: Valid (0.01s, 8431 steps).

File "/tmp/.pycsl_zd4iwyrv.mlw", line 1816, characters 15-19:
Sub-goal postcondition of goal expressionemissionmixin___handle_var_expr'vc.
Prover result is: Valid (0.01s, 4803 steps).

File "/tmp/.pycsl_zd4iwyrv.mlw", line 1816, characters 15-19:
Sub-goal postcondition of goal expressionemissionmixin___handle_var_expr'vc.
Prover result is: Valid (0.01s, 8436 steps).

File "/tmp/.pycsl_zd4iwyrv.mlw", line 1816, characters 15-19:
Sub-goal postcondition of goal expressionemissionmixin___handle_var_expr'vc.
Prover result is: Valid (0.01s, 8549 steps).

File "/tmp/.pycsl_zd4iwyrv.mlw", line 1816, characters 15-19:
Sub-goal postcondition of goal expressionemissionmixin___handle_var_expr'vc.
Prover result is: Valid (0.01s, 8879 steps).

File "/tmp/.pycsl_zd4iwyrv.mlw", line 1816, characters 15-19:
Sub-goal postcondition of goal expressionemissionmixin___handle_var_expr'vc.
Prover result is: Valid (0.01s, 8815 steps).

File "/tmp/.pycsl_zd4iwyrv.mlw", line 1830, characters 14-86:
Sub-goal precondition of goal expressionemissionmixin___handle_var_expr'vc.
Prover result is: Valid (0.01s, 7433 steps).

File "/tmp/.pycsl_zd4iwyrv.mlw", line 1816, characters 15-19:
Sub-goal postcondition of goal expressionemissionmixin___handle_var_expr'vc.
Prover result is: Valid (0.01s, 8075 steps).

File "/tmp/.pycsl_zd4iwyrv.mlw", line 1816, characters 15-19:
Sub-goal postcondition of goal expressionemissionmixin___handle_var_expr'vc.
Prover result is: Valid (0.00s, 8092 steps).

File "/tmp/.pycsl_zd4iwyrv.mlw", line 1816, characters 15-19:
Sub-goal postcondition of goal expressionemissionmixin___handle_var_expr'vc.
Prover result is: Valid (0.00s, 8122 steps).

File "/tmp/.pycsl_zd4iwyrv.mlw", line 1816, characters 15-19:
Sub-goal postcondition of goal expressionemissionmixin___handle_var_expr'vc.
Prover result is: Valid (0.01s, 8152 steps).

File "/tmp/.pycsl_zd4iwyrv.mlw", line 1816, characters 15-19:
Sub-goal postcondition of goal expressionemissionmixin___handle_var_expr'vc.
Prover result is: Valid (0.01s, 8182 steps).

File "/tmp/.pycsl_zd4iwyrv.mlw", line 1816, characters 15-19:
Sub-goal postcondition of goal expressionemissionmixin___handle_var_expr'vc.
Prover result is: Valid (0.01s, 8193 steps).

File "/tmp/.pycsl_zd4iwyrv.mlw", line 1816, characters 15-19:
Sub-goal postcondition of goal expressionemissionmixin___handle_var_expr'vc.
Prover result is: Valid (0.00s, 8248 steps).

File "/tmp/.pycsl_zd4iwyrv.mlw", line 1816, characters 15-19:
Sub-goal postcondition of goal expressionemissionmixin___handle_var_expr'vc.
Prover result is: Valid (0.01s, 8278 steps).

File "/tmp/.pycsl_zd4iwyrv.mlw", line 1816, characters 15-19:
Sub-goal postcondition of goal expressionemissionmixin___handle_var_expr'vc.
Prover result is: Valid (0.01s, 8341 steps).

File "/tmp/.pycsl_zd4iwyrv.mlw", line 1816, characters 15-19:
Sub-goal postcondition of goal expressionemissionmixin___handle_var_expr'vc.
Prover result is: Valid (0.01s, 8376 steps).

File "/tmp/.pycsl_zd4iwyrv.mlw", line 1864, characters 46-104:
Sub-goal precondition of goal expressionemissionmixin___handle_var_expr'vc.
Prover result is: Valid (0.01s, 8402 steps).

File "/tmp/.pycsl_zd4iwyrv.mlw", line 1816, characters 15-19:
Sub-goal postcondition of goal expressionemissionmixin___handle_var_expr'vc.
Prover result is: Valid (0.01s, 8402 steps).

File "/tmp/.pycsl_zd4iwyrv.mlw", line 1816, characters 15-19:
Sub-goal postcondition of goal expressionemissionmixin___handle_var_expr'vc.
Prover result is: Valid (0.01s, 4786 steps).

File "/tmp/.pycsl_zd4iwyrv.mlw", line 1816, characters 15-19:
Sub-goal postcondition of goal expressionemissionmixin___handle_var_expr'vc.
Prover result is: Valid (0.01s, 8407 steps).

File "/tmp/.pycsl_zd4iwyrv.mlw", line 1816, characters 15-19:
Sub-goal postcondition of goal expressionemissionmixin___handle_var_expr'vc.
Prover result is: Valid (0.01s, 8520 steps).

File "/tmp/.pycsl_zd4iwyrv.mlw", line 1816, characters 15-19:
Sub-goal postcondition of goal expressionemissionmixin___handle_var_expr'vc.
Prover result is: Valid (0.00s, 8850 steps).

File "/tmp/.pycsl_zd4iwyrv.mlw", line 1816, characters 15-19:
Sub-goal postcondition of goal expressionemissionmixin___handle_var_expr'vc.
Prover result is: Valid (0.00s, 8786 steps).

File "/tmp/.pycsl_zd4iwyrv.mlw", line 1901, characters 15-19:
Sub-goal postcondition of goal expressionemissionmixin___ifexpr_seq_arm'vc.
Prover result is: Valid (0.01s, 7811 steps).

File "/tmp/.pycsl_zd4iwyrv.mlw", line 1911, characters 15-19:
Sub-goal postcondition of goal expressionemissionmixin___is_float_expr'vc.
Prover result is: Valid (0.01s, 10312 steps).

File "/tmp/.pycsl_zd4iwyrv.mlw", line 1911, characters 15-19:
Sub-goal postcondition of goal expressionemissionmixin___is_float_expr'vc.
Prover result is: Valid (0.01s, 10678 steps).

File "/tmp/.pycsl_zd4iwyrv.mlw", line 1925, characters 29-88:
Sub-goal variant decrease of goal expressionemissionmixin___is_float_expr'vc.
Prover result is: Valid (0.02s, 110106 steps).

File "/tmp/.pycsl_zd4iwyrv.mlw", line 1925, characters 29-88:
Sub-goal precondition of goal expressionemissionmixin___is_float_expr'vc.
Prover result is: Valid (0.00s, 10495 steps).

File "/tmp/.pycsl_zd4iwyrv.mlw", line 1925, characters 99-159:
Sub-goal variant decrease of goal expressionemissionmixin___is_float_expr'vc.
Prover result is: Valid (0.02s, 120418 steps).

File "/tmp/.pycsl_zd4iwyrv.mlw", line 1925, characters 99-159:
Sub-goal precondition of goal expressionemissionmixin___is_float_expr'vc.
Prover result is: Valid (0.01s, 10504 steps).

File "/tmp/.pycsl_zd4iwyrv.mlw", line 1911, characters 15-19:
Sub-goal postcondition of goal expressionemissionmixin___is_float_expr'vc.
Prover result is: Valid (0.01s, 10549 steps).

File "/tmp/.pycsl_zd4iwyrv.mlw", line 1911, characters 15-19:
Sub-goal postcondition of goal expressionemissionmixin___is_float_expr'vc.
Prover result is: Valid (0.01s, 10493 steps).

File "/tmp/.pycsl_zd4iwyrv.mlw", line 1935, characters 15-19:
Sub-goal postcondition of goal expressionemissionmixin___is_null_byte_lit'vc.
Prover result is: Valid (0.00s, 10253 steps).

File "/tmp/.pycsl_zd4iwyrv.mlw", line 1943, characters 81-91:
Sub-goal index in array bounds of goal expressionemissionmixin___is_null_byte_lit'vc.
Prover result is: Valid (0.00s, 13918 steps).

File "/tmp/.pycsl_zd4iwyrv.mlw", line 1943, characters 136-146:
Sub-goal index in array bounds of goal expressionemissionmixin___is_null_byte_lit'vc.
Prover result is: Valid (0.01s, 21141 steps).

File "/tmp/.pycsl_zd4iwyrv.mlw", line 1935, characters 15-19:
Sub-goal postcondition of goal expressionemissionmixin___is_null_byte_lit'vc.
Prover result is: Valid (0.01s, 10728 steps).

File "/tmp/.pycsl_zd4iwyrv.mlw", line 1959, characters 102-110:
Sub-goal index in array bounds of goal expressionemissionmixin___iter_elem_class'vc.
Prover result is: Valid (0.02s, 111076 steps).

File "/tmp/.pycsl_zd4iwyrv.mlw", line 1959, characters 167-175:
Sub-goal index in array bounds of goal expressionemissionmixin___iter_elem_class'vc.
Prover result is: Valid (0.02s, 106780 steps).

File "/tmp/.pycsl_zd4iwyrv.mlw", line 1953, characters 15-19:
Sub-goal postcondition of goal expressionemissionmixin___iter_elem_class'vc.
Prover result is: Valid (0.01s, 10937 steps).

File "/tmp/.pycsl_zd4iwyrv.mlw", line 1953, characters 15-19:
Sub-goal postcondition of goal expressionemissionmixin___iter_elem_class'vc.
Prover result is: Valid (0.01s, 11483 steps).

File "/tmp/.pycsl_zd4iwyrv.mlw", line 1953, characters 15-19:
Sub-goal postcondition of goal expressionemissionmixin___iter_elem_class'vc.
Prover result is: Valid (0.01s, 11481 steps).

File "/tmp/.pycsl_zd4iwyrv.mlw", line 1953, characters 15-19:
Sub-goal postcondition of goal expressionemissionmixin___iter_elem_class'vc.
Prover result is: Valid (0.01s, 10950 steps).

File "/tmp/.pycsl_zd4iwyrv.mlw", line 1953, characters 15-19:
Sub-goal postcondition of goal expressionemissionmixin___iter_elem_class'vc.
Prover result is: Valid (0.01s, 10948 steps).

File "/tmp/.pycsl_zd4iwyrv.mlw", line 1981, characters 15-19:
Sub-goal postcondition of goal expressionemissionmixin___match_field_decode_idiom'vc.
Prover result is: Valid (0.00s, 4169 steps).

File "/tmp/.pycsl_zd4iwyrv.mlw", line 1998, characters 82-93:
Sub-goal index in array bounds of goal expressionemissionmixin___match_field_decode_idiom'vc.
Prover result is: Valid (0.02s, 69700 steps).

File "/tmp/.pycsl_zd4iwyrv.mlw", line 1998, characters 156-167:
Sub-goal index in array bounds of goal expressionemissionmixin___match_field_decode_idiom'vc.
Prover result is: Valid (0.02s, 103757 steps).

File "/tmp/.pycsl_zd4iwyrv.mlw", line 1981, characters 15-19:
Sub-goal postcondition of goal expressionemissionmixin___match_field_decode_idiom'vc.
Prover result is: Valid (0.01s, 10762 steps).

File "/tmp/.pycsl_zd4iwyrv.mlw", line 1981, characters 15-19:
Sub-goal postcondition of goal expressionemissionmixin___match_field_decode_idiom'vc.
Prover result is: Valid (0.01s, 6634 steps).

File "/tmp/.pycsl_zd4iwyrv.mlw", line 1981, characters 15-19:
Sub-goal postcondition of goal expressionemissionmixin___match_field_decode_idiom'vc.
Prover result is: Valid (0.01s, 10823 steps).

File "/tmp/.pycsl_zd4iwyrv.mlw", line 1981, characters 15-19:
Sub-goal postcondition of goal expressionemissionmixin___match_field_decode_idiom'vc.
Prover result is: Valid (0.00s, 10940 steps).

File "/tmp/.pycsl_zd4iwyrv.mlw", line 1981, characters 15-19:
Sub-goal postcondition of goal expressionemissionmixin___match_field_decode_idiom'vc.
Prover result is: Valid (0.01s, 10960 steps).

File "/tmp/.pycsl_zd4iwyrv.mlw", line 1981, characters 15-19:
Sub-goal postcondition of goal expressionemissionmixin___match_field_decode_idiom'vc.
Prover result is: Valid (0.01s, 11166 steps).

File "/tmp/.pycsl_zd4iwyrv.mlw", line 2021, characters 115-126:
Sub-goal index in array bounds of goal expressionemissionmixin___match_field_decode_idiom'vc.
Prover result is: Valid (0.01s, 14990 steps).

File "/tmp/.pycsl_zd4iwyrv.mlw", line 2021, characters 66-127:
Sub-goal precondition of goal expressionemissionmixin___match_field_decode_idiom'vc.
Prover result is: Valid (0.01s, 11186 steps).

File "/tmp/.pycsl_zd4iwyrv.mlw", line 1981, characters 15-19:
Sub-goal postcondition of goal expressionemissionmixin___match_field_decode_idiom'vc.
Prover result is: Valid (0.01s, 11236 steps).

File "/tmp/.pycsl_zd4iwyrv.mlw", line 1981, characters 15-19:
Sub-goal postcondition of goal expressionemissionmixin___match_field_decode_idiom'vc.
Prover result is: Valid (0.01s, 11256 steps).

File "/tmp/.pycsl_zd4iwyrv.mlw", line 1981, characters 15-19:
Sub-goal postcondition of goal expressionemissionmixin___match_field_decode_idiom'vc.
Prover result is: Valid (0.01s, 11462 steps).

File "/tmp/.pycsl_zd4iwyrv.mlw", line 1981, characters 15-19:
Sub-goal postcondition of goal expressionemissionmixin___match_field_decode_idiom'vc.
Prover result is: Valid (0.01s, 11676 steps).

File "/tmp/.pycsl_zd4iwyrv.mlw", line 1981, characters 15-19:
Sub-goal postcondition of goal expressionemissionmixin___match_field_decode_idiom'vc.
Prover result is: Valid (0.01s, 11721 steps).

File "/tmp/.pycsl_zd4iwyrv.mlw", line 1981, characters 15-19:
Sub-goal postcondition of goal expressionemissionmixin___match_field_decode_idiom'vc.
Prover result is: Valid (0.01s, 11719 steps).

File "/tmp/.pycsl_zd4iwyrv.mlw", line 2063, characters 15-19:
Sub-goal postcondition of goal expressionemissionmixin___materialize_if_seq'vc.
Prover result is: Valid (0.01s, 10836 steps).

File "/tmp/.pycsl_zd4iwyrv.mlw", line 2063, characters 15-19:
Sub-goal postcondition of goal expressionemissionmixin___materialize_if_seq'vc.
Prover result is: Valid (0.01s, 10650 steps).

File "/tmp/.pycsl_zd4iwyrv.mlw", line 2077, characters 15-19:
Sub-goal postcondition of goal expressionemissionmixin___namedtuple_positional_access'vc.
Prover result is: Valid (0.01s, 10253 steps).

File "/tmp/.pycsl_zd4iwyrv.mlw", line 2077, characters 15-19:
Sub-goal postcondition of goal expressionemissionmixin___namedtuple_positional_access'vc.
Prover result is: Valid (0.01s, 10366 steps).

File "/tmp/.pycsl_zd4iwyrv.mlw", line 2122, characters 26-48:
Sub-goal loop invariant init of goal expressionemissionmixin___namedtuple_positional_access'vc.
Prover result is: Valid (0.01s, 11380 steps).

File "/tmp/.pycsl_zd4iwyrv.mlw", line 2077, characters 15-19:
Sub-goal postcondition of goal expressionemissionmixin___namedtuple_positional_access'vc.
Prover result is: Valid (0.01s, 7081 steps).

File "/tmp/.pycsl_zd4iwyrv.mlw", line 2077, characters 15-19:
Sub-goal postcondition of goal expressionemissionmixin___namedtuple_positional_access'vc.
Prover result is: Valid (0.01s, 11780 steps).

File "/tmp/.pycsl_zd4iwyrv.mlw", line 2148, characters 175-240:
Sub-goal precondition of goal expressionemissionmixin___namedtuple_positional_access'vc.
Prover result is: Valid (0.01s, 11844 steps).

File "/tmp/.pycsl_zd4iwyrv.mlw", line 2077, characters 15-19:
Sub-goal postcondition of goal expressionemissionmixin___namedtuple_positional_access'vc.
Prover result is: Valid (0.01s, 12298 steps).

File "/tmp/.pycsl_zd4iwyrv.mlw", line 2150, characters 119-184:
Sub-goal precondition of goal expressionemissionmixin___namedtuple_positional_access'vc.
Prover result is: Valid (0.01s, 11840 steps).

File "/tmp/.pycsl_zd4iwyrv.mlw", line 2077, characters 15-19:
Sub-goal postcondition of goal expressionemissionmixin___namedtuple_positional_access'vc.
Prover result is: Valid (0.01s, 11906 steps).

File "/tmp/.pycsl_zd4iwyrv.mlw", line 2123, characters 24-80:
Sub-goal loop variant decrease of goal expressionemissionmixin___namedtuple_positional_access'vc.
Prover result is: Valid (0.01s, 15598 steps).

File "/tmp/.pycsl_zd4iwyrv.mlw", line 2122, characters 26-48:
Sub-goal loop invariant preservation of goal expressionemissionmixin___namedtuple_positional_access'vc.
Prover result is: Valid (0.01s, 15544 steps).

File "/tmp/.pycsl_zd4iwyrv.mlw", line 2077, characters 15-19:
Sub-goal postcondition of goal expressionemissionmixin___namedtuple_positional_access'vc.
Prover result is: Valid (0.01s, 6962 steps).

File "/tmp/.pycsl_zd4iwyrv.mlw", line 2077, characters 15-19:
Sub-goal postcondition of goal expressionemissionmixin___namedtuple_positional_access'vc.
Prover result is: Valid (0.01s, 11575 steps).

File "/tmp/.pycsl_zd4iwyrv.mlw", line 2148, characters 175-240:
Sub-goal precondition of goal expressionemissionmixin___namedtuple_positional_access'vc.
Prover result is: Valid (0.01s, 11639 steps).

File "/tmp/.pycsl_zd4iwyrv.mlw", line 2077, characters 15-19:
Sub-goal postcondition of goal expressionemissionmixin___namedtuple_positional_access'vc.
Prover result is: Valid (0.01s, 12093 steps).

File "/tmp/.pycsl_zd4iwyrv.mlw", line 2150, characters 119-184:
Sub-goal precondition of goal expressionemissionmixin___namedtuple_positional_access'vc.
Prover result is: Valid (0.01s, 11635 steps).

File "/tmp/.pycsl_zd4iwyrv.mlw", line 2077, characters 15-19:
Sub-goal postcondition of goal expressionemissionmixin___namedtuple_positional_access'vc.
Prover result is: Valid (0.01s, 11701 steps).

File "/tmp/.pycsl_zd4iwyrv.mlw", line 2077, characters 15-19:
Sub-goal postcondition of goal expressionemissionmixin___namedtuple_positional_access'vc.
Prover result is: Valid (0.01s, 6949 steps).

File "/tmp/.pycsl_zd4iwyrv.mlw", line 2077, characters 15-19:
Sub-goal postcondition of goal expressionemissionmixin___namedtuple_positional_access'vc.
Prover result is: Valid (0.01s, 7011 steps).

File "/tmp/.pycsl_zd4iwyrv.mlw", line 2148, characters 175-240:
Sub-goal precondition of goal expressionemissionmixin___namedtuple_positional_access'vc.
Prover result is: Valid (0.00s, 7023 steps).

File "/tmp/.pycsl_zd4iwyrv.mlw", line 2077, characters 15-19:
Sub-goal postcondition of goal expressionemissionmixin___namedtuple_positional_access'vc.
Prover result is: Valid (0.01s, 7027 steps).

File "/tmp/.pycsl_zd4iwyrv.mlw", line 2150, characters 119-184:
Sub-goal precondition of goal expressionemissionmixin___namedtuple_positional_access'vc.
Prover result is: Valid (0.01s, 7023 steps).

File "/tmp/.pycsl_zd4iwyrv.mlw", line 2077, characters 15-19:
Sub-goal postcondition of goal expressionemissionmixin___namedtuple_positional_access'vc.
Prover result is: Valid (0.01s, 7025 steps).

File "/tmp/.pycsl_zd4iwyrv.mlw", line 2077, characters 15-19:
Sub-goal postcondition of goal expressionemissionmixin___namedtuple_positional_access'vc.
Prover result is: Valid (0.01s, 6871 steps).

File "/tmp/.pycsl_zd4iwyrv.mlw", line 2077, characters 15-19:
Sub-goal postcondition of goal expressionemissionmixin___namedtuple_positional_access'vc.
Prover result is: Valid (0.01s, 11406 steps).

File "/tmp/.pycsl_zd4iwyrv.mlw", line 2148, characters 175-240:
Sub-goal precondition of goal expressionemissionmixin___namedtuple_positional_access'vc.
Prover result is: Valid (0.01s, 11470 steps).

File "/tmp/.pycsl_zd4iwyrv.mlw", line 2077, characters 15-19:
Sub-goal postcondition of goal expressionemissionmixin___namedtuple_positional_access'vc.
Prover result is: Valid (0.01s, 11924 steps).

File "/tmp/.pycsl_zd4iwyrv.mlw", line 2150, characters 119-184:
Sub-goal precondition of goal expressionemissionmixin___namedtuple_positional_access'vc.
Prover result is: Valid (0.00s, 11466 steps).

File "/tmp/.pycsl_zd4iwyrv.mlw", line 2077, characters 15-19:
Sub-goal postcondition of goal expressionemissionmixin___namedtuple_positional_access'vc.
Prover result is: Valid (0.01s, 11532 steps).

File "/tmp/.pycsl_zd4iwyrv.mlw", line 2122, characters 26-48:
Sub-goal loop invariant init of goal expressionemissionmixin___namedtuple_positional_access'vc.
Prover result is: Valid (0.01s, 11379 steps).

File "/tmp/.pycsl_zd4iwyrv.mlw", line 2077, characters 15-19:
Sub-goal postcondition of goal expressionemissionmixin___namedtuple_positional_access'vc.
Prover result is: Valid (0.01s, 7080 steps).

File "/tmp/.pycsl_zd4iwyrv.mlw", line 2077, characters 15-19:
Sub-goal postcondition of goal expressionemissionmixin___namedtuple_positional_access'vc.
Prover result is: Valid (0.01s, 11779 steps).

File "/tmp/.pycsl_zd4iwyrv.mlw", line 2148, characters 175-240:
Sub-goal precondition of goal expressionemissionmixin___namedtuple_positional_access'vc.
Prover result is: Valid (0.01s, 11843 steps).

File "/tmp/.pycsl_zd4iwyrv.mlw", line 2077, characters 15-19:
Sub-goal postcondition of goal expressionemissionmixin___namedtuple_positional_access'vc.
Prover result is: Valid (0.01s, 12297 steps).

File "/tmp/.pycsl_zd4iwyrv.mlw", line 2150, characters 119-184:
Sub-goal precondition of goal expressionemissionmixin___namedtuple_positional_access'vc.
Prover result is: Valid (0.02s, 11839 steps).

File "/tmp/.pycsl_zd4iwyrv.mlw", line 2077, characters 15-19:
Sub-goal postcondition of goal expressionemissionmixin___namedtuple_positional_access'vc.
Prover result is: Valid (0.01s, 11905 steps).

File "/tmp/.pycsl_zd4iwyrv.mlw", line 2123, characters 24-80:
Sub-goal loop variant decrease of goal expressionemissionmixin___namedtuple_positional_access'vc.
Prover result is: Valid (0.01s, 15597 steps).

File "/tmp/.pycsl_zd4iwyrv.mlw", line 2122, characters 26-48:
Sub-goal loop invariant preservation of goal expressionemissionmixin___namedtuple_positional_access'vc.
Prover result is: Valid (0.01s, 15543 steps).

File "/tmp/.pycsl_zd4iwyrv.mlw", line 2077, characters 15-19:
Sub-goal postcondition of goal expressionemissionmixin___namedtuple_positional_access'vc.
Prover result is: Valid (0.01s, 6961 steps).

File "/tmp/.pycsl_zd4iwyrv.mlw", line 2077, characters 15-19:
Sub-goal postcondition of goal expressionemissionmixin___namedtuple_positional_access'vc.
Prover result is: Valid (0.01s, 11574 steps).

File "/tmp/.pycsl_zd4iwyrv.mlw", line 2148, characters 175-240:
Sub-goal precondition of goal expressionemissionmixin___namedtuple_positional_access'vc.
Prover result is: Valid (0.01s, 11638 steps).

File "/tmp/.pycsl_zd4iwyrv.mlw", line 2077, characters 15-19:
Sub-goal postcondition of goal expressionemissionmixin___namedtuple_positional_access'vc.
Prover result is: Valid (0.01s, 12092 steps).

File "/tmp/.pycsl_zd4iwyrv.mlw", line 2150, characters 119-184:
Sub-goal precondition of goal expressionemissionmixin___namedtuple_positional_access'vc.
Prover result is: Valid (0.01s, 11634 steps).

File "/tmp/.pycsl_zd4iwyrv.mlw", line 2077, characters 15-19:
Sub-goal postcondition of goal expressionemissionmixin___namedtuple_positional_access'vc.
Prover result is: Valid (0.01s, 11700 steps).

File "/tmp/.pycsl_zd4iwyrv.mlw", line 2077, characters 15-19:
Sub-goal postcondition of goal expressionemissionmixin___namedtuple_positional_access'vc.
Prover result is: Valid (0.01s, 6948 steps).

File "/tmp/.pycsl_zd4iwyrv.mlw", line 2077, characters 15-19:
Sub-goal postcondition of goal expressionemissionmixin___namedtuple_positional_access'vc.
Prover result is: Valid (0.01s, 7010 steps).

File "/tmp/.pycsl_zd4iwyrv.mlw", line 2148, characters 175-240:
Sub-goal precondition of goal expressionemissionmixin___namedtuple_positional_access'vc.
Prover result is: Valid (0.01s, 7022 steps).

File "/tmp/.pycsl_zd4iwyrv.mlw", line 2077, characters 15-19:
Sub-goal postcondition of goal expressionemissionmixin___namedtuple_positional_access'vc.
Prover result is: Valid (0.01s, 7026 steps).

File "/tmp/.pycsl_zd4iwyrv.mlw", line 2150, characters 119-184:
Sub-goal precondition of goal expressionemissionmixin___namedtuple_positional_access'vc.
Prover result is: Valid (0.00s, 7022 steps).

File "/tmp/.pycsl_zd4iwyrv.mlw", line 2077, characters 15-19:
Sub-goal postcondition of goal expressionemissionmixin___namedtuple_positional_access'vc.
Prover result is: Valid (0.01s, 7024 steps).

File "/tmp/.pycsl_zd4iwyrv.mlw", line 2077, characters 15-19:
Sub-goal postcondition of goal expressionemissionmixin___namedtuple_positional_access'vc.
Prover result is: Valid (0.01s, 6870 steps).

File "/tmp/.pycsl_zd4iwyrv.mlw", line 2077, characters 15-19:
Sub-goal postcondition of goal expressionemissionmixin___namedtuple_positional_access'vc.
Prover result is: Valid (0.01s, 11405 steps).

File "/tmp/.pycsl_zd4iwyrv.mlw", line 2148, characters 175-240:
Sub-goal precondition of goal expressionemissionmixin___namedtuple_positional_access'vc.
Prover result is: Valid (0.01s, 11469 steps).

File "/tmp/.pycsl_zd4iwyrv.mlw", line 2077, characters 15-19:
Sub-goal postcondition of goal expressionemissionmixin___namedtuple_positional_access'vc.
Prover result is: Valid (0.01s, 11923 steps).

File "/tmp/.pycsl_zd4iwyrv.mlw", line 2150, characters 119-184:
Sub-goal precondition of goal expressionemissionmixin___namedtuple_positional_access'vc.
Prover result is: Valid (0.01s, 11465 steps).

File "/tmp/.pycsl_zd4iwyrv.mlw", line 2077, characters 15-19:
Sub-goal postcondition of goal expressionemissionmixin___namedtuple_positional_access'vc.
Prover result is: Valid (0.01s, 11531 steps).

File "/tmp/.pycsl_zd4iwyrv.mlw", line 2122, characters 26-48:
Sub-goal loop invariant init of goal expressionemissionmixin___namedtuple_positional_access'vc.
Prover result is: Valid (0.01s, 11284 steps).

File "/tmp/.pycsl_zd4iwyrv.mlw", line 2077, characters 15-19:
Sub-goal postcondition of goal expressionemissionmixin___namedtuple_positional_access'vc.
Prover result is: Valid (0.01s, 7027 steps).

File "/tmp/.pycsl_zd4iwyrv.mlw", line 2077, characters 15-19:
Sub-goal postcondition of goal expressionemissionmixin___namedtuple_positional_access'vc.
Prover result is: Valid (0.01s, 11688 steps).

File "/tmp/.pycsl_zd4iwyrv.mlw", line 2148, characters 175-240:
Sub-goal precondition of goal expressionemissionmixin___namedtuple_positional_access'vc.
Prover result is: Valid (0.01s, 11752 steps).

File "/tmp/.pycsl_zd4iwyrv.mlw", line 2077, characters 15-19:
Sub-goal postcondition of goal expressionemissionmixin___namedtuple_positional_access'vc.
Prover result is: Valid (0.01s, 12206 steps).

File "/tmp/.pycsl_zd4iwyrv.mlw", line 2150, characters 119-184:
Sub-goal precondition of goal expressionemissionmixin___namedtuple_positional_access'vc.
Prover result is: Valid (0.01s, 11748 steps).

File "/tmp/.pycsl_zd4iwyrv.mlw", line 2077, characters 15-19:
Sub-goal postcondition of goal expressionemissionmixin___namedtuple_positional_access'vc.
Prover result is: Valid (0.01s, 11814 steps).

File "/tmp/.pycsl_zd4iwyrv.mlw", line 2123, characters 24-80:
Sub-goal loop variant decrease of goal expressionemissionmixin___namedtuple_positional_access'vc.
Prover result is: Valid (0.01s, 15466 steps).

File "/tmp/.pycsl_zd4iwyrv.mlw", line 2122, characters 26-48:
Sub-goal loop invariant preservation of goal expressionemissionmixin___namedtuple_positional_access'vc.
Prover result is: Valid (0.01s, 15412 steps).

File "/tmp/.pycsl_zd4iwyrv.mlw", line 2077, characters 15-19:
Sub-goal postcondition of goal expressionemissionmixin___namedtuple_positional_access'vc.
Prover result is: Valid (0.01s, 6906 steps).

File "/tmp/.pycsl_zd4iwyrv.mlw", line 2077, characters 15-19:
Sub-goal postcondition of goal expressionemissionmixin___namedtuple_positional_access'vc.
Prover result is: Valid (0.01s, 11481 steps).

File "/tmp/.pycsl_zd4iwyrv.mlw", line 2148, characters 175-240:
Sub-goal precondition of goal expressionemissionmixin___namedtuple_positional_access'vc.
Prover result is: Valid (0.01s, 11545 steps).

File "/tmp/.pycsl_zd4iwyrv.mlw", line 2077, characters 15-19:
Sub-goal postcondition of goal expressionemissionmixin___namedtuple_positional_access'vc.
Prover result is: Valid (0.01s, 11999 steps).

File "/tmp/.pycsl_zd4iwyrv.mlw", line 2150, characters 119-184:
Sub-goal precondition of goal expressionemissionmixin___namedtuple_positional_access'vc.
Prover result is: Valid (0.01s, 11541 steps).

File "/tmp/.pycsl_zd4iwyrv.mlw", line 2077, characters 15-19:
Sub-goal postcondition of goal expressionemissionmixin___namedtuple_positional_access'vc.
Prover result is: Valid (0.01s, 11607 steps).

File "/tmp/.pycsl_zd4iwyrv.mlw", line 2077, characters 15-19:
Sub-goal postcondition of goal expressionemissionmixin___namedtuple_positional_access'vc.
Prover result is: Valid (0.01s, 6893 steps).

File "/tmp/.pycsl_zd4iwyrv.mlw", line 2077, characters 15-19:
Sub-goal postcondition of goal expressionemissionmixin___namedtuple_positional_access'vc.
Prover result is: Valid (0.00s, 6955 steps).

File "/tmp/.pycsl_zd4iwyrv.mlw", line 2148, characters 175-240:
Sub-goal precondition of goal expressionemissionmixin___namedtuple_positional_access'vc.
Prover result is: Valid (0.01s, 6967 steps).

File "/tmp/.pycsl_zd4iwyrv.mlw", line 2077, characters 15-19:
Sub-goal postcondition of goal expressionemissionmixin___namedtuple_positional_access'vc.
Prover result is: Valid (0.01s, 6971 steps).

File "/tmp/.pycsl_zd4iwyrv.mlw", line 2150, characters 119-184:
Sub-goal precondition of goal expressionemissionmixin___namedtuple_positional_access'vc.
Prover result is: Valid (0.01s, 6967 steps).

File "/tmp/.pycsl_zd4iwyrv.mlw", line 2077, characters 15-19:
Sub-goal postcondition of goal expressionemissionmixin___namedtuple_positional_access'vc.
Prover result is: Valid (0.01s, 6969 steps).

File "/tmp/.pycsl_zd4iwyrv.mlw", line 2077, characters 15-19:
Sub-goal postcondition of goal expressionemissionmixin___namedtuple_positional_access'vc.
Prover result is: Valid (0.01s, 6815 steps).

File "/tmp/.pycsl_zd4iwyrv.mlw", line 2077, characters 15-19:
Sub-goal postcondition of goal expressionemissionmixin___namedtuple_positional_access'vc.
Prover result is: Valid (0.01s, 11312 steps).

File "/tmp/.pycsl_zd4iwyrv.mlw", line 2148, characters 175-240:
Sub-goal precondition of goal expressionemissionmixin___namedtuple_positional_access'vc.
Prover result is: Valid (0.01s, 11376 steps).

File "/tmp/.pycsl_zd4iwyrv.mlw", line 2077, characters 15-19:
Sub-goal postcondition of goal expressionemissionmixin___namedtuple_positional_access'vc.
Prover result is: Valid (0.01s, 11830 steps).

File "/tmp/.pycsl_zd4iwyrv.mlw", line 2150, characters 119-184:
Sub-goal precondition of goal expressionemissionmixin___namedtuple_positional_access'vc.
Prover result is: Valid (0.01s, 11372 steps).

File "/tmp/.pycsl_zd4iwyrv.mlw", line 2077, characters 15-19:
Sub-goal postcondition of goal expressionemissionmixin___namedtuple_positional_access'vc.
Prover result is: Valid (0.01s, 11438 steps).

File "/tmp/.pycsl_zd4iwyrv.mlw", line 2122, characters 26-48:
Sub-goal loop invariant init of goal expressionemissionmixin___namedtuple_positional_access'vc.
Prover result is: Valid (0.01s, 11209 steps).

File "/tmp/.pycsl_zd4iwyrv.mlw", line 2077, characters 15-19:
Sub-goal postcondition of goal expressionemissionmixin___namedtuple_positional_access'vc.
Prover result is: Valid (0.01s, 6986 steps).

File "/tmp/.pycsl_zd4iwyrv.mlw", line 2077, characters 15-19:
Sub-goal postcondition of goal expressionemissionmixin___namedtuple_positional_access'vc.
Prover result is: Valid (0.01s, 11613 steps).

File "/tmp/.pycsl_zd4iwyrv.mlw", line 2148, characters 175-240:
Sub-goal precondition of goal expressionemissionmixin___namedtuple_positional_access'vc.
Prover result is: Valid (0.01s, 11677 steps).

File "/tmp/.pycsl_zd4iwyrv.mlw", line 2077, characters 15-19:
Sub-goal postcondition of goal expressionemissionmixin___namedtuple_positional_access'vc.
Prover result is: Valid (0.01s, 12131 steps).

File "/tmp/.pycsl_zd4iwyrv.mlw", line 2150, characters 119-184:
Sub-goal precondition of goal expressionemissionmixin___namedtuple_positional_access'vc.
Prover result is: Valid (0.01s, 11673 steps).

File "/tmp/.pycsl_zd4iwyrv.mlw", line 2077, characters 15-19:
Sub-goal postcondition of goal expressionemissionmixin___namedtuple_positional_access'vc.
Prover result is: Valid (0.02s, 11739 steps).

File "/tmp/.pycsl_zd4iwyrv.mlw", line 2123, characters 24-80:
Sub-goal loop variant decrease of goal expressionemissionmixin___namedtuple_positional_access'vc.
Prover result is: Valid (0.01s, 15390 steps).

File "/tmp/.pycsl_zd4iwyrv.mlw", line 2122, characters 26-48:
Sub-goal loop invariant preservation of goal expressionemissionmixin___namedtuple_positional_access'vc.
Prover result is: Valid (0.01s, 15336 steps).

File "/tmp/.pycsl_zd4iwyrv.mlw", line 2077, characters 15-19:
Sub-goal postcondition of goal expressionemissionmixin___namedtuple_positional_access'vc.
Prover result is: Valid (0.01s, 6865 steps).

File "/tmp/.pycsl_zd4iwyrv.mlw", line 2077, characters 15-19:
Sub-goal postcondition of goal expressionemissionmixin___namedtuple_positional_access'vc.
Prover result is: Valid (0.01s, 11406 steps).

File "/tmp/.pycsl_zd4iwyrv.mlw", line 2148, characters 175-240:
Sub-goal precondition of goal expressionemissionmixin___namedtuple_positional_access'vc.
Prover result is: Valid (0.01s, 11470 steps).

File "/tmp/.pycsl_zd4iwyrv.mlw", line 2077, characters 15-19:
Sub-goal postcondition of goal expressionemissionmixin___namedtuple_positional_access'vc.
Prover result is: Valid (0.01s, 11924 steps).

File "/tmp/.pycsl_zd4iwyrv.mlw", line 2150, characters 119-184:
Sub-goal precondition of goal expressionemissionmixin___namedtuple_positional_access'vc.
Prover result is: Valid (0.01s, 11466 steps).

File "/tmp/.pycsl_zd4iwyrv.mlw", line 2077, characters 15-19:
Sub-goal postcondition of goal expressionemissionmixin___namedtuple_positional_access'vc.
Prover result is: Valid (0.01s, 11532 steps).

File "/tmp/.pycsl_zd4iwyrv.mlw", line 2077, characters 15-19:
Sub-goal postcondition of goal expressionemissionmixin___namedtuple_positional_access'vc.
Prover result is: Valid (0.01s, 6852 steps).

File "/tmp/.pycsl_zd4iwyrv.mlw", line 2077, characters 15-19:
Sub-goal postcondition of goal expressionemissionmixin___namedtuple_positional_access'vc.
Prover result is: Valid (0.01s, 6914 steps).

File "/tmp/.pycsl_zd4iwyrv.mlw", line 2148, characters 175-240:
Sub-goal precondition of goal expressionemissionmixin___namedtuple_positional_access'vc.
Prover result is: Valid (0.01s, 6926 steps).

File "/tmp/.pycsl_zd4iwyrv.mlw", line 2077, characters 15-19:
Sub-goal postcondition of goal expressionemissionmixin___namedtuple_positional_access'vc.
Prover result is: Valid (0.01s, 6930 steps).

File "/tmp/.pycsl_zd4iwyrv.mlw", line 2150, characters 119-184:
Sub-goal precondition of goal expressionemissionmixin___namedtuple_positional_access'vc.
Prover result is: Valid (0.01s, 6926 steps).

File "/tmp/.pycsl_zd4iwyrv.mlw", line 2077, characters 15-19:
Sub-goal postcondition of goal expressionemissionmixin___namedtuple_positional_access'vc.
Prover result is: Valid (0.01s, 6928 steps).

File "/tmp/.pycsl_zd4iwyrv.mlw", line 2077, characters 15-19:
Sub-goal postcondition of goal expressionemissionmixin___namedtuple_positional_access'vc.
Prover result is: Valid (0.01s, 6774 steps).

File "/tmp/.pycsl_zd4iwyrv.mlw", line 2077, characters 15-19:
Sub-goal postcondition of goal expressionemissionmixin___namedtuple_positional_access'vc.
Prover result is: Valid (0.01s, 11237 steps).

File "/tmp/.pycsl_zd4iwyrv.mlw", line 2148, characters 175-240:
Sub-goal precondition of goal expressionemissionmixin___namedtuple_positional_access'vc.
Prover result is: Valid (0.00s, 11301 steps).

File "/tmp/.pycsl_zd4iwyrv.mlw", line 2077, characters 15-19:
Sub-goal postcondition of goal expressionemissionmixin___namedtuple_positional_access'vc.
Prover result is: Valid (0.01s, 11755 steps).

File "/tmp/.pycsl_zd4iwyrv.mlw", line 2150, characters 119-184:
Sub-goal precondition of goal expressionemissionmixin___namedtuple_positional_access'vc.
Prover result is: Valid (0.01s, 11297 steps).

File "/tmp/.pycsl_zd4iwyrv.mlw", line 2077, characters 15-19:
Sub-goal postcondition of goal expressionemissionmixin___namedtuple_positional_access'vc.
Prover result is: Valid (0.01s, 11363 steps).

File "/tmp/.pycsl_zd4iwyrv.mlw", line 2122, characters 26-48:
Sub-goal loop invariant init of goal expressionemissionmixin___namedtuple_positional_access'vc.
Prover result is: Valid (0.01s, 11379 steps).

File "/tmp/.pycsl_zd4iwyrv.mlw", line 2077, characters 15-19:
Sub-goal postcondition of goal expressionemissionmixin___namedtuple_positional_access'vc.
Prover result is: Valid (0.01s, 7080 steps).

File "/tmp/.pycsl_zd4iwyrv.mlw", line 2077, characters 15-19:
Sub-goal postcondition of goal expressionemissionmixin___namedtuple_positional_access'vc.
Prover result is: Valid (0.01s, 11779 steps).

File "/tmp/.pycsl_zd4iwyrv.mlw", line 2148, characters 175-240:
Sub-goal precondition of goal expressionemissionmixin___namedtuple_positional_access'vc.
Prover result is: Valid (0.01s, 11843 steps).

File "/tmp/.pycsl_zd4iwyrv.mlw", line 2077, characters 15-19:
Sub-goal postcondition of goal expressionemissionmixin___namedtuple_positional_access'vc.
Prover result is: Valid (0.01s, 12297 steps).

File "/tmp/.pycsl_zd4iwyrv.mlw", line 2150, characters 119-184:
Sub-goal precondition of goal expressionemissionmixin___namedtuple_positional_access'vc.
Prover result is: Valid (0.01s, 11839 steps).

File "/tmp/.pycsl_zd4iwyrv.mlw", line 2077, characters 15-19:
Sub-goal postcondition of goal expressionemissionmixin___namedtuple_positional_access'vc.
Prover result is: Valid (0.01s, 11905 steps).

File "/tmp/.pycsl_zd4iwyrv.mlw", line 2123, characters 24-80:
Sub-goal loop variant decrease of goal expressionemissionmixin___namedtuple_positional_access'vc.
Prover result is: Valid (0.01s, 15597 steps).

File "/tmp/.pycsl_zd4iwyrv.mlw", line 2122, characters 26-48:
Sub-goal loop invariant preservation of goal expressionemissionmixin___namedtuple_positional_access'vc.
Prover result is: Valid (0.01s, 15543 steps).

File "/tmp/.pycsl_zd4iwyrv.mlw", line 2077, characters 15-19:
Sub-goal postcondition of goal expressionemissionmixin___namedtuple_positional_access'vc.
Prover result is: Valid (0.01s, 6961 steps).

File "/tmp/.pycsl_zd4iwyrv.mlw", line 2077, characters 15-19:
Sub-goal postcondition of goal expressionemissionmixin___namedtuple_positional_access'vc.
Prover result is: Valid (0.01s, 11574 steps).

File "/tmp/.pycsl_zd4iwyrv.mlw", line 2148, characters 175-240:
Sub-goal precondition of goal expressionemissionmixin___namedtuple_positional_access'vc.
Prover result is: Valid (0.01s, 11638 steps).

File "/tmp/.pycsl_zd4iwyrv.mlw", line 2077, characters 15-19:
Sub-goal postcondition of goal expressionemissionmixin___namedtuple_positional_access'vc.
Prover result is: Valid (0.01s, 12092 steps).

File "/tmp/.pycsl_zd4iwyrv.mlw", line 2150, characters 119-184:
Sub-goal precondition of goal expressionemissionmixin___namedtuple_positional_access'vc.
Prover result is: Valid (0.01s, 11634 steps).

File "/tmp/.pycsl_zd4iwyrv.mlw", line 2077, characters 15-19:
Sub-goal postcondition of goal expressionemissionmixin___namedtuple_positional_access'vc.
Prover result is: Valid (0.01s, 11700 steps).

File "/tmp/.pycsl_zd4iwyrv.mlw", line 2077, characters 15-19:
Sub-goal postcondition of goal expressionemissionmixin___namedtuple_positional_access'vc.
Prover result is: Valid (0.01s, 6948 steps).

File "/tmp/.pycsl_zd4iwyrv.mlw", line 2077, characters 15-19:
Sub-goal postcondition of goal expressionemissionmixin___namedtuple_positional_access'vc.
Prover result is: Valid (0.01s, 7010 steps).

File "/tmp/.pycsl_zd4iwyrv.mlw", line 2148, characters 175-240:
Sub-goal precondition of goal expressionemissionmixin___namedtuple_positional_access'vc.
Prover result is: Valid (0.01s, 7022 steps).

File "/tmp/.pycsl_zd4iwyrv.mlw", line 2077, characters 15-19:
Sub-goal postcondition of goal expressionemissionmixin___namedtuple_positional_access'vc.
Prover result is: Valid (0.01s, 7026 steps).

File "/tmp/.pycsl_zd4iwyrv.mlw", line 2150, characters 119-184:
Sub-goal precondition of goal expressionemissionmixin___namedtuple_positional_access'vc.
Prover result is: Valid (0.01s, 7022 steps).

File "/tmp/.pycsl_zd4iwyrv.mlw", line 2077, characters 15-19:
Sub-goal postcondition of goal expressionemissionmixin___namedtuple_positional_access'vc.
Prover result is: Valid (0.01s, 7024 steps).

File "/tmp/.pycsl_zd4iwyrv.mlw", line 2077, characters 15-19:
Sub-goal postcondition of goal expressionemissionmixin___namedtuple_positional_access'vc.
Prover result is: Valid (0.01s, 6870 steps).

File "/tmp/.pycsl_zd4iwyrv.mlw", line 2077, characters 15-19:
Sub-goal postcondition of goal expressionemissionmixin___namedtuple_positional_access'vc.
Prover result is: Valid (0.01s, 11405 steps).

File "/tmp/.pycsl_zd4iwyrv.mlw", line 2148, characters 175-240:
Sub-goal precondition of goal expressionemissionmixin___namedtuple_positional_access'vc.
Prover result is: Valid (0.01s, 11469 steps).

File "/tmp/.pycsl_zd4iwyrv.mlw", line 2077, characters 15-19:
Sub-goal postcondition of goal expressionemissionmixin___namedtuple_positional_access'vc.
Prover result is: Valid (0.01s, 11923 steps).

File "/tmp/.pycsl_zd4iwyrv.mlw", line 2150, characters 119-184:
Sub-goal precondition of goal expressionemissionmixin___namedtuple_positional_access'vc.
Prover result is: Valid (0.01s, 11465 steps).

File "/tmp/.pycsl_zd4iwyrv.mlw", line 2077, characters 15-19:
Sub-goal postcondition of goal expressionemissionmixin___namedtuple_positional_access'vc.
Prover result is: Valid (0.01s, 11531 steps).

File "/tmp/.pycsl_zd4iwyrv.mlw", line 2122, characters 26-48:
Sub-goal loop invariant init of goal expressionemissionmixin___namedtuple_positional_access'vc.
Prover result is: Valid (0.01s, 11378 steps).

File "/tmp/.pycsl_zd4iwyrv.mlw", line 2077, characters 15-19:
Sub-goal postcondition of goal expressionemissionmixin___namedtuple_positional_access'vc.
Prover result is: Valid (0.01s, 7079 steps).

File "/tmp/.pycsl_zd4iwyrv.mlw", line 2077, characters 15-19:
Sub-goal postcondition of goal expressionemissionmixin___namedtuple_positional_access'vc.
Prover result is: Valid (0.01s, 11778 steps).

File "/tmp/.pycsl_zd4iwyrv.mlw", line 2148, characters 175-240:
Sub-goal precondition of goal expressionemissionmixin___namedtuple_positional_access'vc.
Prover result is: Valid (0.01s, 11842 steps).

File "/tmp/.pycsl_zd4iwyrv.mlw", line 2077, characters 15-19:
Sub-goal postcondition of goal expressionemissionmixin___namedtuple_positional_access'vc.
Prover result is: Valid (0.02s, 12296 steps).

File "/tmp/.pycsl_zd4iwyrv.mlw", line 2150, characters 119-184:
Sub-goal precondition of goal expressionemissionmixin___namedtuple_positional_access'vc.
Prover result is: Valid (0.01s, 11838 steps).

File "/tmp/.pycsl_zd4iwyrv.mlw", line 2077, characters 15-19:
Sub-goal postcondition of goal expressionemissionmixin___namedtuple_positional_access'vc.
Prover result is: Valid (0.01s, 11904 steps).

File "/tmp/.pycsl_zd4iwyrv.mlw", line 2123, characters 24-80:
Sub-goal loop variant decrease of goal expressionemissionmixin___namedtuple_positional_access'vc.
Prover result is: Valid (0.01s, 15596 steps).

File "/tmp/.pycsl_zd4iwyrv.mlw", line 2122, characters 26-48:
Sub-goal loop invariant preservation of goal expressionemissionmixin___namedtuple_positional_access'vc.
Prover result is: Valid (0.01s, 15542 steps).

File "/tmp/.pycsl_zd4iwyrv.mlw", line 2077, characters 15-19:
Sub-goal postcondition of goal expressionemissionmixin___namedtuple_positional_access'vc.
Prover result is: Valid (0.01s, 6960 steps).

File "/tmp/.pycsl_zd4iwyrv.mlw", line 2077, characters 15-19:
Sub-goal postcondition of goal expressionemissionmixin___namedtuple_positional_access'vc.
Prover result is: Valid (0.01s, 11573 steps).

File "/tmp/.pycsl_zd4iwyrv.mlw", line 2148, characters 175-240:
Sub-goal precondition of goal expressionemissionmixin___namedtuple_positional_access'vc.
Prover result is: Valid (0.01s, 11637 steps).

File "/tmp/.pycsl_zd4iwyrv.mlw", line 2077, characters 15-19:
Sub-goal postcondition of goal expressionemissionmixin___namedtuple_positional_access'vc.
Prover result is: Valid (0.01s, 12091 steps).

File "/tmp/.pycsl_zd4iwyrv.mlw", line 2150, characters 119-184:
Sub-goal precondition of goal expressionemissionmixin___namedtuple_positional_access'vc.
Prover result is: Valid (0.01s, 11633 steps).

File "/tmp/.pycsl_zd4iwyrv.mlw", line 2077, characters 15-19:
Sub-goal postcondition of goal expressionemissionmixin___namedtuple_positional_access'vc.
Prover result is: Valid (0.01s, 11699 steps).

File "/tmp/.pycsl_zd4iwyrv.mlw", line 2077, characters 15-19:
Sub-goal postcondition of goal expressionemissionmixin___namedtuple_positional_access'vc.
Prover result is: Valid (0.01s, 6947 steps).

File "/tmp/.pycsl_zd4iwyrv.mlw", line 2077, characters 15-19:
Sub-goal postcondition of goal expressionemissionmixin___namedtuple_positional_access'vc.
Prover result is: Valid (0.01s, 7009 steps).

File "/tmp/.pycsl_zd4iwyrv.mlw", line 2148, characters 175-240:
Sub-goal precondition of goal expressionemissionmixin___namedtuple_positional_access'vc.
Prover result is: Valid (0.01s, 7021 steps).

File "/tmp/.pycsl_zd4iwyrv.mlw", line 2077, characters 15-19:
Sub-goal postcondition of goal expressionemissionmixin___namedtuple_positional_access'vc.
Prover result is: Valid (0.01s, 7025 steps).

File "/tmp/.pycsl_zd4iwyrv.mlw", line 2150, characters 119-184:
Sub-goal precondition of goal expressionemissionmixin___namedtuple_positional_access'vc.
Prover result is: Valid (0.01s, 7021 steps).

File "/tmp/.pycsl_zd4iwyrv.mlw", line 2077, characters 15-19:
Sub-goal postcondition of goal expressionemissionmixin___namedtuple_positional_access'vc.
Prover result is: Valid (0.01s, 7023 steps).

File "/tmp/.pycsl_zd4iwyrv.mlw", line 2077, characters 15-19:
Sub-goal postcondition of goal expressionemissionmixin___namedtuple_positional_access'vc.
Prover result is: Valid (0.01s, 6869 steps).

File "/tmp/.pycsl_zd4iwyrv.mlw", line 2077, characters 15-19:
Sub-goal postcondition of goal expressionemissionmixin___namedtuple_positional_access'vc.
Prover result is: Valid (0.01s, 11404 steps).

File "/tmp/.pycsl_zd4iwyrv.mlw", line 2148, characters 175-240:
Sub-goal precondition of goal expressionemissionmixin___namedtuple_positional_access'vc.
Prover result is: Valid (0.01s, 11468 steps).

File "/tmp/.pycsl_zd4iwyrv.mlw", line 2077, characters 15-19:
Sub-goal postcondition of goal expressionemissionmixin___namedtuple_positional_access'vc.
Prover result is: Valid (0.01s, 11922 steps).

File "/tmp/.pycsl_zd4iwyrv.mlw", line 2150, characters 119-184:
Sub-goal precondition of goal expressionemissionmixin___namedtuple_positional_access'vc.
Prover result is: Valid (0.01s, 11464 steps).

File "/tmp/.pycsl_zd4iwyrv.mlw", line 2077, characters 15-19:
Sub-goal postcondition of goal expressionemissionmixin___namedtuple_positional_access'vc.
Prover result is: Valid (0.01s, 11530 steps).

File "/tmp/.pycsl_zd4iwyrv.mlw", line 2122, characters 26-48:
Sub-goal loop invariant init of goal expressionemissionmixin___namedtuple_positional_access'vc.
Prover result is: Valid (0.01s, 11283 steps).

File "/tmp/.pycsl_zd4iwyrv.mlw", line 2077, characters 15-19:
Sub-goal postcondition of goal expressionemissionmixin___namedtuple_positional_access'vc.
Prover result is: Valid (0.01s, 7026 steps).

File "/tmp/.pycsl_zd4iwyrv.mlw", line 2077, characters 15-19:
Sub-goal postcondition of goal expressionemissionmixin___namedtuple_positional_access'vc.
Prover result is: Valid (0.01s, 11687 steps).

File "/tmp/.pycsl_zd4iwyrv.mlw", line 2148, characters 175-240:
Sub-goal precondition of goal expressionemissionmixin___namedtuple_positional_access'vc.
Prover result is: Valid (0.01s, 11751 steps).

File "/tmp/.pycsl_zd4iwyrv.mlw", line 2077, characters 15-19:
Sub-goal postcondition of goal expressionemissionmixin___namedtuple_positional_access'vc.
Prover result is: Valid (0.01s, 12205 steps).

File "/tmp/.pycsl_zd4iwyrv.mlw", line 2150, characters 119-184:
Sub-goal precondition of goal expressionemissionmixin___namedtuple_positional_access'vc.
Prover result is: Valid (0.01s, 11747 steps).

File "/tmp/.pycsl_zd4iwyrv.mlw", line 2077, characters 15-19:
Sub-goal postcondition of goal expressionemissionmixin___namedtuple_positional_access'vc.
Prover result is: Valid (0.01s, 11813 steps).

File "/tmp/.pycsl_zd4iwyrv.mlw", line 2123, characters 24-80:
Sub-goal loop variant decrease of goal expressionemissionmixin___namedtuple_positional_access'vc.
Prover result is: Valid (0.01s, 15465 steps).

File "/tmp/.pycsl_zd4iwyrv.mlw", line 2122, characters 26-48:
Sub-goal loop invariant preservation of goal expressionemissionmixin___namedtuple_positional_access'vc.
Prover result is: Valid (0.01s, 15411 steps).

File "/tmp/.pycsl_zd4iwyrv.mlw", line 2077, characters 15-19:
Sub-goal postcondition of goal expressionemissionmixin___namedtuple_positional_access'vc.
Prover result is: Valid (0.01s, 6905 steps).

File "/tmp/.pycsl_zd4iwyrv.mlw", line 2077, characters 15-19:
Sub-goal postcondition of goal expressionemissionmixin___namedtuple_positional_access'vc.
Prover result is: Valid (0.01s, 11480 steps).

File "/tmp/.pycsl_zd4iwyrv.mlw", line 2148, characters 175-240:
Sub-goal precondition of goal expressionemissionmixin___namedtuple_positional_access'vc.
Prover result is: Valid (0.01s, 11544 steps).

File "/tmp/.pycsl_zd4iwyrv.mlw", line 2077, characters 15-19:
Sub-goal postcondition of goal expressionemissionmixin___namedtuple_positional_access'vc.
Prover result is: Valid (0.01s, 11998 steps).

File "/tmp/.pycsl_zd4iwyrv.mlw", line 2150, characters 119-184:
Sub-goal precondition of goal expressionemissionmixin___namedtuple_positional_access'vc.
Prover result is: Valid (0.01s, 11540 steps).

File "/tmp/.pycsl_zd4iwyrv.mlw", line 2077, characters 15-19:
Sub-goal postcondition of goal expressionemissionmixin___namedtuple_positional_access'vc.
Prover result is: Valid (0.01s, 11606 steps).

File "/tmp/.pycsl_zd4iwyrv.mlw", line 2077, characters 15-19:
Sub-goal postcondition of goal expressionemissionmixin___namedtuple_positional_access'vc.
Prover result is: Valid (0.01s, 6892 steps).

File "/tmp/.pycsl_zd4iwyrv.mlw", line 2077, characters 15-19:
Sub-goal postcondition of goal expressionemissionmixin___namedtuple_positional_access'vc.
Prover result is: Valid (0.01s, 6954 steps).

File "/tmp/.pycsl_zd4iwyrv.mlw", line 2148, characters 175-240:
Sub-goal precondition of goal expressionemissionmixin___namedtuple_positional_access'vc.
Prover result is: Valid (0.00s, 6966 steps).

File "/tmp/.pycsl_zd4iwyrv.mlw", line 2077, characters 15-19:
Sub-goal postcondition of goal expressionemissionmixin___namedtuple_positional_access'vc.
Prover result is: Valid (0.01s, 6970 steps).

File "/tmp/.pycsl_zd4iwyrv.mlw", line 2150, characters 119-184:
Sub-goal precondition of goal expressionemissionmixin___namedtuple_positional_access'vc.
Prover result is: Valid (0.01s, 6966 steps).

File "/tmp/.pycsl_zd4iwyrv.mlw", line 2077, characters 15-19:
Sub-goal postcondition of goal expressionemissionmixin___namedtuple_positional_access'vc.
Prover result is: Valid (0.01s, 6968 steps).

File "/tmp/.pycsl_zd4iwyrv.mlw", line 2077, characters 15-19:
Sub-goal postcondition of goal expressionemissionmixin___namedtuple_positional_access'vc.
Prover result is: Valid (0.01s, 6814 steps).

File "/tmp/.pycsl_zd4iwyrv.mlw", line 2077, characters 15-19:
Sub-goal postcondition of goal expressionemissionmixin___namedtuple_positional_access'vc.
Prover result is: Valid (0.01s, 11311 steps).

File "/tmp/.pycsl_zd4iwyrv.mlw", line 2148, characters 175-240:
Sub-goal precondition of goal expressionemissionmixin___namedtuple_positional_access'vc.
Prover result is: Valid (0.01s, 11375 steps).

File "/tmp/.pycsl_zd4iwyrv.mlw", line 2077, characters 15-19:
Sub-goal postcondition of goal expressionemissionmixin___namedtuple_positional_access'vc.
Prover result is: Valid (0.01s, 11829 steps).

File "/tmp/.pycsl_zd4iwyrv.mlw", line 2150, characters 119-184:
Sub-goal precondition of goal expressionemissionmixin___namedtuple_positional_access'vc.
Prover result is: Valid (0.01s, 11371 steps).

File "/tmp/.pycsl_zd4iwyrv.mlw", line 2077, characters 15-19:
Sub-goal postcondition of goal expressionemissionmixin___namedtuple_positional_access'vc.
Prover result is: Valid (0.01s, 11437 steps).

File "/tmp/.pycsl_zd4iwyrv.mlw", line 2122, characters 26-48:
Sub-goal loop invariant init of goal expressionemissionmixin___namedtuple_positional_access'vc.
Prover result is: Valid (0.01s, 11208 steps).

File "/tmp/.pycsl_zd4iwyrv.mlw", line 2077, characters 15-19:
Sub-goal postcondition of goal expressionemissionmixin___namedtuple_positional_access'vc.
Prover result is: Valid (0.01s, 6985 steps).

File "/tmp/.pycsl_zd4iwyrv.mlw", line 2077, characters 15-19:
Sub-goal postcondition of goal expressionemissionmixin___namedtuple_positional_access'vc.
Prover result is: Valid (0.01s, 11612 steps).

File "/tmp/.pycsl_zd4iwyrv.mlw", line 2148, characters 175-240:
Sub-goal precondition of goal expressionemissionmixin___namedtuple_positional_access'vc.
Prover result is: Valid (0.01s, 11676 steps).

File "/tmp/.pycsl_zd4iwyrv.mlw", line 2077, characters 15-19:
Sub-goal postcondition of goal expressionemissionmixin___namedtuple_positional_access'vc.
Prover result is: Valid (0.01s, 12130 steps).

File "/tmp/.pycsl_zd4iwyrv.mlw", line 2150, characters 119-184:
Sub-goal precondition of goal expressionemissionmixin___namedtuple_positional_access'vc.
Prover result is: Valid (0.01s, 11672 steps).

File "/tmp/.pycsl_zd4iwyrv.mlw", line 2077, characters 15-19:
Sub-goal postcondition of goal expressionemissionmixin___namedtuple_positional_access'vc.
Prover result is: Valid (0.01s, 11738 steps).

File "/tmp/.pycsl_zd4iwyrv.mlw", line 2123, characters 24-80:
Sub-goal loop variant decrease of goal expressionemissionmixin___namedtuple_positional_access'vc.
Prover result is: Valid (0.01s, 15389 steps).

File "/tmp/.pycsl_zd4iwyrv.mlw", line 2122, characters 26-48:
Sub-goal loop invariant preservation of goal expressionemissionmixin___namedtuple_positional_access'vc.
Prover result is: Valid (0.01s, 15335 steps).

File "/tmp/.pycsl_zd4iwyrv.mlw", line 2077, characters 15-19:
Sub-goal postcondition of goal expressionemissionmixin___namedtuple_positional_access'vc.
Prover result is: Valid (0.01s, 6864 steps).

File "/tmp/.pycsl_zd4iwyrv.mlw", line 2077, characters 15-19:
Sub-goal postcondition of goal expressionemissionmixin___namedtuple_positional_access'vc.
Prover result is: Valid (0.01s, 11405 steps).

File "/tmp/.pycsl_zd4iwyrv.mlw", line 2148, characters 175-240:
Sub-goal precondition of goal expressionemissionmixin___namedtuple_positional_access'vc.
Prover result is: Valid (0.01s, 11469 steps).

File "/tmp/.pycsl_zd4iwyrv.mlw", line 2077, characters 15-19:
Sub-goal postcondition of goal expressionemissionmixin___namedtuple_positional_access'vc.
Prover result is: Valid (0.01s, 11923 steps).

File "/tmp/.pycsl_zd4iwyrv.mlw", line 2150, characters 119-184:
Sub-goal precondition of goal expressionemissionmixin___namedtuple_positional_access'vc.
Prover result is: Valid (0.01s, 11465 steps).

File "/tmp/.pycsl_zd4iwyrv.mlw", line 2077, characters 15-19:
Sub-goal postcondition of goal expressionemissionmixin___namedtuple_positional_access'vc.
Prover result is: Valid (0.01s, 11531 steps).

File "/tmp/.pycsl_zd4iwyrv.mlw", line 2077, characters 15-19:
Sub-goal postcondition of goal expressionemissionmixin___namedtuple_positional_access'vc.
Prover result is: Valid (0.01s, 6851 steps).

File "/tmp/.pycsl_zd4iwyrv.mlw", line 2077, characters 15-19:
Sub-goal postcondition of goal expressionemissionmixin___namedtuple_positional_access'vc.
Prover result is: Valid (0.01s, 6913 steps).

File "/tmp/.pycsl_zd4iwyrv.mlw", line 2148, characters 175-240:
Sub-goal precondition of goal expressionemissionmixin___namedtuple_positional_access'vc.
Prover result is: Valid (0.01s, 6925 steps).

File "/tmp/.pycsl_zd4iwyrv.mlw", line 2077, characters 15-19:
Sub-goal postcondition of goal expressionemissionmixin___namedtuple_positional_access'vc.
Prover result is: Valid (0.01s, 6929 steps).

File "/tmp/.pycsl_zd4iwyrv.mlw", line 2150, characters 119-184:
Sub-goal precondition of goal expressionemissionmixin___namedtuple_positional_access'vc.
Prover result is: Valid (0.01s, 6925 steps).

File "/tmp/.pycsl_zd4iwyrv.mlw", line 2077, characters 15-19:
Sub-goal postcondition of goal expressionemissionmixin___namedtuple_positional_access'vc.
Prover result is: Valid (0.01s, 6927 steps).

File "/tmp/.pycsl_zd4iwyrv.mlw", line 2077, characters 15-19:
Sub-goal postcondition of goal expressionemissionmixin___namedtuple_positional_access'vc.
Prover result is: Valid (0.01s, 6773 steps).

File "/tmp/.pycsl_zd4iwyrv.mlw", line 2077, characters 15-19:
Sub-goal postcondition of goal expressionemissionmixin___namedtuple_positional_access'vc.
Prover result is: Valid (0.01s, 11236 steps).

File "/tmp/.pycsl_zd4iwyrv.mlw", line 2148, characters 175-240:
Sub-goal precondition of goal expressionemissionmixin___namedtuple_positional_access'vc.
Prover result is: Valid (0.01s, 11300 steps).

File "/tmp/.pycsl_zd4iwyrv.mlw", line 2077, characters 15-19:
Sub-goal postcondition of goal expressionemissionmixin___namedtuple_positional_access'vc.
Prover result is: Valid (0.01s, 11754 steps).

File "/tmp/.pycsl_zd4iwyrv.mlw", line 2150, characters 119-184:
Sub-goal precondition of goal expressionemissionmixin___namedtuple_positional_access'vc.
Prover result is: Valid (0.01s, 11296 steps).

File "/tmp/.pycsl_zd4iwyrv.mlw", line 2077, characters 15-19:
Sub-goal postcondition of goal expressionemissionmixin___namedtuple_positional_access'vc.
Prover result is: Valid (0.01s, 11362 steps).

File "/tmp/.pycsl_zd4iwyrv.mlw", line 2122, characters 26-48:
Sub-goal loop invariant init of goal expressionemissionmixin___namedtuple_positional_access'vc.
Prover result is: Valid (0.01s, 11284 steps).

File "/tmp/.pycsl_zd4iwyrv.mlw", line 2077, characters 15-19:
Sub-goal postcondition of goal expressionemissionmixin___namedtuple_positional_access'vc.
Prover result is: Valid (0.01s, 7027 steps).

File "/tmp/.pycsl_zd4iwyrv.mlw", line 2077, characters 15-19:
Sub-goal postcondition of goal expressionemissionmixin___namedtuple_positional_access'vc.
Prover result is: Valid (0.01s, 11688 steps).

File "/tmp/.pycsl_zd4iwyrv.mlw", line 2148, characters 175-240:
Sub-goal precondition of goal expressionemissionmixin___namedtuple_positional_access'vc.
Prover result is: Valid (0.01s, 11752 steps).

File "/tmp/.pycsl_zd4iwyrv.mlw", line 2077, characters 15-19:
Sub-goal postcondition of goal expressionemissionmixin___namedtuple_positional_access'vc.
Prover result is: Valid (0.01s, 12206 steps).

File "/tmp/.pycsl_zd4iwyrv.mlw", line 2150, characters 119-184:
Sub-goal precondition of goal expressionemissionmixin___namedtuple_positional_access'vc.
Prover result is: Valid (0.01s, 11748 steps).

File "/tmp/.pycsl_zd4iwyrv.mlw", line 2077, characters 15-19:
Sub-goal postcondition of goal expressionemissionmixin___namedtuple_positional_access'vc.
Prover result is: Valid (0.01s, 11814 steps).

File "/tmp/.pycsl_zd4iwyrv.mlw", line 2123, characters 24-80:
Sub-goal loop variant decrease of goal expressionemissionmixin___namedtuple_positional_access'vc.
Prover result is: Valid (0.01s, 15424 steps).

File "/tmp/.pycsl_zd4iwyrv.mlw", line 2122, characters 26-48:
Sub-goal loop invariant preservation of goal expressionemissionmixin___namedtuple_positional_access'vc.
Prover result is: Valid (0.02s, 15370 steps).

File "/tmp/.pycsl_zd4iwyrv.mlw", line 2077, characters 15-19:
Sub-goal postcondition of goal expressionemissionmixin___namedtuple_positional_access'vc.
Prover result is: Valid (0.01s, 6906 steps).

File "/tmp/.pycsl_zd4iwyrv.mlw", line 2077, characters 15-19:
Sub-goal postcondition of goal expressionemissionmixin___namedtuple_positional_access'vc.
Prover result is: Valid (0.01s, 11481 steps).

File "/tmp/.pycsl_zd4iwyrv.mlw", line 2148, characters 175-240:
Sub-goal precondition of goal expressionemissionmixin___namedtuple_positional_access'vc.
Prover result is: Valid (0.01s, 11545 steps).

File "/tmp/.pycsl_zd4iwyrv.mlw", line 2077, characters 15-19:
Sub-goal postcondition of goal expressionemissionmixin___namedtuple_positional_access'vc.
Prover result is: Valid (0.01s, 11999 steps).

File "/tmp/.pycsl_zd4iwyrv.mlw", line 2150, characters 119-184:
Sub-goal precondition of goal expressionemissionmixin___namedtuple_positional_access'vc.
Prover result is: Valid (0.01s, 11541 steps).

File "/tmp/.pycsl_zd4iwyrv.mlw", line 2077, characters 15-19:
Sub-goal postcondition of goal expressionemissionmixin___namedtuple_positional_access'vc.
Prover result is: Valid (0.01s, 11607 steps).

File "/tmp/.pycsl_zd4iwyrv.mlw", line 2077, characters 15-19:
Sub-goal postcondition of goal expressionemissionmixin___namedtuple_positional_access'vc.
Prover result is: Valid (0.01s, 6893 steps).

File "/tmp/.pycsl_zd4iwyrv.mlw", line 2077, characters 15-19:
Sub-goal postcondition of goal expressionemissionmixin___namedtuple_positional_access'vc.
Prover result is: Valid (0.01s, 6955 steps).

File "/tmp/.pycsl_zd4iwyrv.mlw", line 2148, characters 175-240:
Sub-goal precondition of goal expressionemissionmixin___namedtuple_positional_access'vc.
Prover result is: Valid (0.01s, 6967 steps).

File "/tmp/.pycsl_zd4iwyrv.mlw", line 2077, characters 15-19:
Sub-goal postcondition of goal expressionemissionmixin___namedtuple_positional_access'vc.
Prover result is: Valid (0.01s, 6971 steps).

File "/tmp/.pycsl_zd4iwyrv.mlw", line 2150, characters 119-184:
Sub-goal precondition of goal expressionemissionmixin___namedtuple_positional_access'vc.
Prover result is: Valid (0.01s, 6967 steps).

File "/tmp/.pycsl_zd4iwyrv.mlw", line 2077, characters 15-19:
Sub-goal postcondition of goal expressionemissionmixin___namedtuple_positional_access'vc.
Prover result is: Valid (0.01s, 6969 steps).

File "/tmp/.pycsl_zd4iwyrv.mlw", line 2077, characters 15-19:
Sub-goal postcondition of goal expressionemissionmixin___namedtuple_positional_access'vc.
Prover result is: Valid (0.01s, 6815 steps).

File "/tmp/.pycsl_zd4iwyrv.mlw", line 2077, characters 15-19:
Sub-goal postcondition of goal expressionemissionmixin___namedtuple_positional_access'vc.
Prover result is: Valid (0.01s, 11312 steps).

File "/tmp/.pycsl_zd4iwyrv.mlw", line 2148, characters 175-240:
Sub-goal precondition of goal expressionemissionmixin___namedtuple_positional_access'vc.
Prover result is: Valid (0.01s, 11376 steps).

File "/tmp/.pycsl_zd4iwyrv.mlw", line 2077, characters 15-19:
Sub-goal postcondition of goal expressionemissionmixin___namedtuple_positional_access'vc.
Prover result is: Valid (0.01s, 11830 steps).

File "/tmp/.pycsl_zd4iwyrv.mlw", line 2150, characters 119-184:
Sub-goal precondition of goal expressionemissionmixin___namedtuple_positional_access'vc.
Prover result is: Valid (0.01s, 11372 steps).

File "/tmp/.pycsl_zd4iwyrv.mlw", line 2077, characters 15-19:
Sub-goal postcondition of goal expressionemissionmixin___namedtuple_positional_access'vc.
Prover result is: Valid (0.01s, 11438 steps).

File "/tmp/.pycsl_zd4iwyrv.mlw", line 2122, characters 26-48:
Sub-goal loop invariant init of goal expressionemissionmixin___namedtuple_positional_access'vc.
Prover result is: Valid (0.01s, 11283 steps).

File "/tmp/.pycsl_zd4iwyrv.mlw", line 2077, characters 15-19:
Sub-goal postcondition of goal expressionemissionmixin___namedtuple_positional_access'vc.
Prover result is: Valid (0.01s, 7026 steps).

File "/tmp/.pycsl_zd4iwyrv.mlw", line 2077, characters 15-19:
Sub-goal postcondition of goal expressionemissionmixin___namedtuple_positional_access'vc.
Prover result is: Valid (0.01s, 11687 steps).

File "/tmp/.pycsl_zd4iwyrv.mlw", line 2148, characters 175-240:
Sub-goal precondition of goal expressionemissionmixin___namedtuple_positional_access'vc.
Prover result is: Valid (0.01s, 11751 steps).

File "/tmp/.pycsl_zd4iwyrv.mlw", line 2077, characters 15-19:
Sub-goal postcondition of goal expressionemissionmixin___namedtuple_positional_access'vc.
Prover result is: Valid (0.01s, 12205 steps).

File "/tmp/.pycsl_zd4iwyrv.mlw", line 2150, characters 119-184:
Sub-goal precondition of goal expressionemissionmixin___namedtuple_positional_access'vc.
Prover result is: Valid (0.01s, 11747 steps).

File "/tmp/.pycsl_zd4iwyrv.mlw", line 2077, characters 15-19:
Sub-goal postcondition of goal expressionemissionmixin___namedtuple_positional_access'vc.
Prover result is: Valid (0.01s, 11813 steps).

File "/tmp/.pycsl_zd4iwyrv.mlw", line 2123, characters 24-80:
Sub-goal loop variant decrease of goal expressionemissionmixin___namedtuple_positional_access'vc.
Prover result is: Valid (0.01s, 15423 steps).

File "/tmp/.pycsl_zd4iwyrv.mlw", line 2122, characters 26-48:
Sub-goal loop invariant preservation of goal expressionemissionmixin___namedtuple_positional_access'vc.
Prover result is: Valid (0.01s, 15369 steps).

File "/tmp/.pycsl_zd4iwyrv.mlw", line 2077, characters 15-19:
Sub-goal postcondition of goal expressionemissionmixin___namedtuple_positional_access'vc.
Prover result is: Valid (0.01s, 6905 steps).

File "/tmp/.pycsl_zd4iwyrv.mlw", line 2077, characters 15-19:
Sub-goal postcondition of goal expressionemissionmixin___namedtuple_positional_access'vc.
Prover result is: Valid (0.01s, 11480 steps).

File "/tmp/.pycsl_zd4iwyrv.mlw", line 2148, characters 175-240:
Sub-goal precondition of goal expressionemissionmixin___namedtuple_positional_access'vc.
Prover result is: Valid (0.01s, 11544 steps).

File "/tmp/.pycsl_zd4iwyrv.mlw", line 2077, characters 15-19:
Sub-goal postcondition of goal expressionemissionmixin___namedtuple_positional_access'vc.
Prover result is: Valid (0.01s, 11998 steps).

File "/tmp/.pycsl_zd4iwyrv.mlw", line 2150, characters 119-184:
Sub-goal precondition of goal expressionemissionmixin___namedtuple_positional_access'vc.
Prover result is: Valid (0.01s, 11540 steps).

File "/tmp/.pycsl_zd4iwyrv.mlw", line 2077, characters 15-19:
Sub-goal postcondition of goal expressionemissionmixin___namedtuple_positional_access'vc.
Prover result is: Valid (0.01s, 11606 steps).

File "/tmp/.pycsl_zd4iwyrv.mlw", line 2077, characters 15-19:
Sub-goal postcondition of goal expressionemissionmixin___namedtuple_positional_access'vc.
Prover result is: Valid (0.01s, 6892 steps).

File "/tmp/.pycsl_zd4iwyrv.mlw", line 2077, characters 15-19:
Sub-goal postcondition of goal expressionemissionmixin___namedtuple_positional_access'vc.
Prover result is: Valid (0.01s, 6954 steps).

File "/tmp/.pycsl_zd4iwyrv.mlw", line 2148, characters 175-240:
Sub-goal precondition of goal expressionemissionmixin___namedtuple_positional_access'vc.
Prover result is: Valid (0.01s, 6966 steps).

File "/tmp/.pycsl_zd4iwyrv.mlw", line 2077, characters 15-19:
Sub-goal postcondition of goal expressionemissionmixin___namedtuple_positional_access'vc.
Prover result is: Valid (0.01s, 6970 steps).

File "/tmp/.pycsl_zd4iwyrv.mlw", line 2150, characters 119-184:
Sub-goal precondition of goal expressionemissionmixin___namedtuple_positional_access'vc.
Prover result is: Valid (0.01s, 6966 steps).

File "/tmp/.pycsl_zd4iwyrv.mlw", line 2077, characters 15-19:
Sub-goal postcondition of goal expressionemissionmixin___namedtuple_positional_access'vc.
Prover result is: Valid (0.01s, 6968 steps).

File "/tmp/.pycsl_zd4iwyrv.mlw", line 2077, characters 15-19:
Sub-goal postcondition of goal expressionemissionmixin___namedtuple_positional_access'vc.
Prover result is: Valid (0.01s, 6814 steps).

File "/tmp/.pycsl_zd4iwyrv.mlw", line 2077, characters 15-19:
Sub-goal postcondition of goal expressionemissionmixin___namedtuple_positional_access'vc.
Prover result is: Valid (0.01s, 11311 steps).

File "/tmp/.pycsl_zd4iwyrv.mlw", line 2148, characters 175-240:
Sub-goal precondition of goal expressionemissionmixin___namedtuple_positional_access'vc.
Prover result is: Valid (0.01s, 11375 steps).

File "/tmp/.pycsl_zd4iwyrv.mlw", line 2077, characters 15-19:
Sub-goal postcondition of goal expressionemissionmixin___namedtuple_positional_access'vc.
Prover result is: Valid (0.02s, 11829 steps).

File "/tmp/.pycsl_zd4iwyrv.mlw", line 2150, characters 119-184:
Sub-goal precondition of goal expressionemissionmixin___namedtuple_positional_access'vc.
Prover result is: Valid (0.01s, 11371 steps).

File "/tmp/.pycsl_zd4iwyrv.mlw", line 2077, characters 15-19:
Sub-goal postcondition of goal expressionemissionmixin___namedtuple_positional_access'vc.
Prover result is: Valid (0.01s, 11437 steps).

File "/tmp/.pycsl_zd4iwyrv.mlw", line 2122, characters 26-48:
Sub-goal loop invariant init of goal expressionemissionmixin___namedtuple_positional_access'vc.
Prover result is: Valid (0.01s, 11184 steps).

File "/tmp/.pycsl_zd4iwyrv.mlw", line 2077, characters 15-19:
Sub-goal postcondition of goal expressionemissionmixin___namedtuple_positional_access'vc.
Prover result is: Valid (0.01s, 6973 steps).

File "/tmp/.pycsl_zd4iwyrv.mlw", line 2077, characters 15-19:
Sub-goal postcondition of goal expressionemissionmixin___namedtuple_positional_access'vc.
Prover result is: Valid (0.01s, 11596 steps).

File "/tmp/.pycsl_zd4iwyrv.mlw", line 2148, characters 175-240:
Sub-goal precondition of goal expressionemissionmixin___namedtuple_positional_access'vc.
Prover result is: Valid (0.01s, 11660 steps).

File "/tmp/.pycsl_zd4iwyrv.mlw", line 2077, characters 15-19:
Sub-goal postcondition of goal expressionemissionmixin___namedtuple_positional_access'vc.
Prover result is: Valid (0.01s, 12114 steps).

File "/tmp/.pycsl_zd4iwyrv.mlw", line 2150, characters 119-184:
Sub-goal precondition of goal expressionemissionmixin___namedtuple_positional_access'vc.
Prover result is: Valid (0.01s, 11656 steps).

File "/tmp/.pycsl_zd4iwyrv.mlw", line 2077, characters 15-19:
Sub-goal postcondition of goal expressionemissionmixin___namedtuple_positional_access'vc.
Prover result is: Valid (0.01s, 11722 steps).

File "/tmp/.pycsl_zd4iwyrv.mlw", line 2123, characters 24-80:
Sub-goal loop variant decrease of goal expressionemissionmixin___namedtuple_positional_access'vc.
Prover result is: Valid (0.01s, 15288 steps).

File "/tmp/.pycsl_zd4iwyrv.mlw", line 2122, characters 26-48:
Sub-goal loop invariant preservation of goal expressionemissionmixin___namedtuple_positional_access'vc.
Prover result is: Valid (0.01s, 15234 steps).

File "/tmp/.pycsl_zd4iwyrv.mlw", line 2077, characters 15-19:
Sub-goal postcondition of goal expressionemissionmixin___namedtuple_positional_access'vc.
Prover result is: Valid (0.01s, 6850 steps).

File "/tmp/.pycsl_zd4iwyrv.mlw", line 2077, characters 15-19:
Sub-goal postcondition of goal expressionemissionmixin___namedtuple_positional_access'vc.
Prover result is: Valid (0.01s, 11385 steps).

File "/tmp/.pycsl_zd4iwyrv.mlw", line 2148, characters 175-240:
Sub-goal precondition of goal expressionemissionmixin___namedtuple_positional_access'vc.
Prover result is: Valid (0.01s, 11449 steps).

File "/tmp/.pycsl_zd4iwyrv.mlw", line 2077, characters 15-19:
Sub-goal postcondition of goal expressionemissionmixin___namedtuple_positional_access'vc.
Prover result is: Valid (0.01s, 11903 steps).

File "/tmp/.pycsl_zd4iwyrv.mlw", line 2150, characters 119-184:
Sub-goal precondition of goal expressionemissionmixin___namedtuple_positional_access'vc.
Prover result is: Valid (0.01s, 11445 steps).

File "/tmp/.pycsl_zd4iwyrv.mlw", line 2077, characters 15-19:
Sub-goal postcondition of goal expressionemissionmixin___namedtuple_positional_access'vc.
Prover result is: Valid (0.01s, 11511 steps).

File "/tmp/.pycsl_zd4iwyrv.mlw", line 2077, characters 15-19:
Sub-goal postcondition of goal expressionemissionmixin___namedtuple_positional_access'vc.
Prover result is: Valid (0.01s, 6837 steps).

File "/tmp/.pycsl_zd4iwyrv.mlw", line 2077, characters 15-19:
Sub-goal postcondition of goal expressionemissionmixin___namedtuple_positional_access'vc.
Prover result is: Valid (0.01s, 6899 steps).

File "/tmp/.pycsl_zd4iwyrv.mlw", line 2148, characters 175-240:
Sub-goal precondition of goal expressionemissionmixin___namedtuple_positional_access'vc.
Prover result is: Valid (0.01s, 6911 steps).

File "/tmp/.pycsl_zd4iwyrv.mlw", line 2077, characters 15-19:
Sub-goal postcondition of goal expressionemissionmixin___namedtuple_positional_access'vc.
Prover result is: Valid (0.01s, 6915 steps).

File "/tmp/.pycsl_zd4iwyrv.mlw", line 2150, characters 119-184:
Sub-goal precondition of goal expressionemissionmixin___namedtuple_positional_access'vc.
Prover result is: Valid (0.00s, 6911 steps).

File "/tmp/.pycsl_zd4iwyrv.mlw", line 2077, characters 15-19:
Sub-goal postcondition of goal expressionemissionmixin___namedtuple_positional_access'vc.
Prover result is: Valid (0.01s, 6913 steps).

File "/tmp/.pycsl_zd4iwyrv.mlw", line 2077, characters 15-19:
Sub-goal postcondition of goal expressionemissionmixin___namedtuple_positional_access'vc.
Prover result is: Valid (0.01s, 6759 steps).

File "/tmp/.pycsl_zd4iwyrv.mlw", line 2077, characters 15-19:
Sub-goal postcondition of goal expressionemissionmixin___namedtuple_positional_access'vc.
Prover result is: Valid (0.01s, 11216 steps).

File "/tmp/.pycsl_zd4iwyrv.mlw", line 2148, characters 175-240:
Sub-goal precondition of goal expressionemissionmixin___namedtuple_positional_access'vc.
Prover result is: Valid (0.01s, 11280 steps).

File "/tmp/.pycsl_zd4iwyrv.mlw", line 2077, characters 15-19:
Sub-goal postcondition of goal expressionemissionmixin___namedtuple_positional_access'vc.
Prover result is: Valid (0.01s, 11734 steps).

File "/tmp/.pycsl_zd4iwyrv.mlw", line 2150, characters 119-184:
Sub-goal precondition of goal expressionemissionmixin___namedtuple_positional_access'vc.
Prover result is: Valid (0.01s, 11276 steps).

File "/tmp/.pycsl_zd4iwyrv.mlw", line 2077, characters 15-19:
Sub-goal postcondition of goal expressionemissionmixin___namedtuple_positional_access'vc.
Prover result is: Valid (0.01s, 11342 steps).

File "/tmp/.pycsl_zd4iwyrv.mlw", line 2122, characters 26-48:
Sub-goal loop invariant init of goal expressionemissionmixin___namedtuple_positional_access'vc.
Prover result is: Valid (0.01s, 11107 steps).

File "/tmp/.pycsl_zd4iwyrv.mlw", line 2077, characters 15-19:
Sub-goal postcondition of goal expressionemissionmixin___namedtuple_positional_access'vc.
Prover result is: Valid (0.01s, 6932 steps).

File "/tmp/.pycsl_zd4iwyrv.mlw", line 2077, characters 15-19:
Sub-goal postcondition of goal expressionemissionmixin___namedtuple_positional_access'vc.
Prover result is: Valid (0.01s, 11521 steps).

File "/tmp/.pycsl_zd4iwyrv.mlw", line 2148, characters 175-240:
Sub-goal precondition of goal expressionemissionmixin___namedtuple_positional_access'vc.
Prover result is: Valid (0.01s, 11585 steps).

File "/tmp/.pycsl_zd4iwyrv.mlw", line 2077, characters 15-19:
Sub-goal postcondition of goal expressionemissionmixin___namedtuple_positional_access'vc.
Prover result is: Valid (0.01s, 12039 steps).

File "/tmp/.pycsl_zd4iwyrv.mlw", line 2150, characters 119-184:
Sub-goal precondition of goal expressionemissionmixin___namedtuple_positional_access'vc.
Prover result is: Valid (0.00s, 11581 steps).

File "/tmp/.pycsl_zd4iwyrv.mlw", line 2077, characters 15-19:
Sub-goal postcondition of goal expressionemissionmixin___namedtuple_positional_access'vc.
Prover result is: Valid (0.01s, 11647 steps).

File "/tmp/.pycsl_zd4iwyrv.mlw", line 2123, characters 24-80:
Sub-goal loop variant decrease of goal expressionemissionmixin___namedtuple_positional_access'vc.
Prover result is: Valid (0.01s, 15212 steps).

File "/tmp/.pycsl_zd4iwyrv.mlw", line 2122, characters 26-48:
Sub-goal loop invariant preservation of goal expressionemissionmixin___namedtuple_positional_access'vc.
Prover result is: Valid (0.01s, 15158 steps).

File "/tmp/.pycsl_zd4iwyrv.mlw", line 2077, characters 15-19:
Sub-goal postcondition of goal expressionemissionmixin___namedtuple_positional_access'vc.
Prover result is: Valid (0.01s, 6809 steps).

File "/tmp/.pycsl_zd4iwyrv.mlw", line 2077, characters 15-19:
Sub-goal postcondition of goal expressionemissionmixin___namedtuple_positional_access'vc.
Prover result is: Valid (0.01s, 11310 steps).

File "/tmp/.pycsl_zd4iwyrv.mlw", line 2148, characters 175-240:
Sub-goal precondition of goal expressionemissionmixin___namedtuple_positional_access'vc.
Prover result is: Valid (0.01s, 11374 steps).

File "/tmp/.pycsl_zd4iwyrv.mlw", line 2077, characters 15-19:
Sub-goal postcondition of goal expressionemissionmixin___namedtuple_positional_access'vc.
Prover result is: Valid (0.01s, 11828 steps).

File "/tmp/.pycsl_zd4iwyrv.mlw", line 2150, characters 119-184:
Sub-goal precondition of goal expressionemissionmixin___namedtuple_positional_access'vc.
Prover result is: Valid (0.01s, 11370 steps).

File "/tmp/.pycsl_zd4iwyrv.mlw", line 2077, characters 15-19:
Sub-goal postcondition of goal expressionemissionmixin___namedtuple_positional_access'vc.
Prover result is: Valid (0.01s, 11436 steps).

File "/tmp/.pycsl_zd4iwyrv.mlw", line 2077, characters 15-19:
Sub-goal postcondition of goal expressionemissionmixin___namedtuple_positional_access'vc.
Prover result is: Valid (0.01s, 6794 steps).

File "/tmp/.pycsl_zd4iwyrv.mlw", line 2077, characters 15-19:
Sub-goal postcondition of goal expressionemissionmixin___namedtuple_positional_access'vc.
Prover result is: Valid (0.01s, 6856 steps).

File "/tmp/.pycsl_zd4iwyrv.mlw", line 2148, characters 175-240:
Sub-goal precondition of goal expressionemissionmixin___namedtuple_positional_access'vc.
Prover result is: Valid (0.01s, 6868 steps).

File "/tmp/.pycsl_zd4iwyrv.mlw", line 2077, characters 15-19:
Sub-goal postcondition of goal expressionemissionmixin___namedtuple_positional_access'vc.
Prover result is: Valid (0.01s, 6872 steps).

File "/tmp/.pycsl_zd4iwyrv.mlw", line 2150, characters 119-184:
Sub-goal precondition of goal expressionemissionmixin___namedtuple_positional_access'vc.
Prover result is: Valid (0.01s, 6868 steps).

File "/tmp/.pycsl_zd4iwyrv.mlw", line 2077, characters 15-19:
Sub-goal postcondition of goal expressionemissionmixin___namedtuple_positional_access'vc.
Prover result is: Valid (0.01s, 6870 steps).

File "/tmp/.pycsl_zd4iwyrv.mlw", line 2077, characters 15-19:
Sub-goal postcondition of goal expressionemissionmixin___namedtuple_positional_access'vc.
Prover result is: Valid (0.01s, 6716 steps).

File "/tmp/.pycsl_zd4iwyrv.mlw", line 2077, characters 15-19:
Sub-goal postcondition of goal expressionemissionmixin___namedtuple_positional_access'vc.
Prover result is: Valid (0.01s, 11141 steps).

File "/tmp/.pycsl_zd4iwyrv.mlw", line 2148, characters 175-240:
Sub-goal precondition of goal expressionemissionmixin___namedtuple_positional_access'vc.
Prover result is: Valid (0.01s, 11205 steps).

File "/tmp/.pycsl_zd4iwyrv.mlw", line 2077, characters 15-19:
Sub-goal postcondition of goal expressionemissionmixin___namedtuple_positional_access'vc.
Prover result is: Valid (0.01s, 11659 steps).

File "/tmp/.pycsl_zd4iwyrv.mlw", line 2150, characters 119-184:
Sub-goal precondition of goal expressionemissionmixin___namedtuple_positional_access'vc.
Prover result is: Valid (0.01s, 11201 steps).

File "/tmp/.pycsl_zd4iwyrv.mlw", line 2077, characters 15-19:
Sub-goal postcondition of goal expressionemissionmixin___namedtuple_positional_access'vc.
Prover result is: Valid (0.00s, 11267 steps).

File "/tmp/.pycsl_zd4iwyrv.mlw", line 2122, characters 26-48:
Sub-goal loop invariant init of goal expressionemissionmixin___namedtuple_positional_access'vc.
Prover result is: Valid (0.01s, 11184 steps).

File "/tmp/.pycsl_zd4iwyrv.mlw", line 2077, characters 15-19:
Sub-goal postcondition of goal expressionemissionmixin___namedtuple_positional_access'vc.
Prover result is: Valid (0.01s, 6973 steps).

File "/tmp/.pycsl_zd4iwyrv.mlw", line 2077, characters 15-19:
Sub-goal postcondition of goal expressionemissionmixin___namedtuple_positional_access'vc.
Prover result is: Valid (0.01s, 11588 steps).

File "/tmp/.pycsl_zd4iwyrv.mlw", line 2148, characters 175-240:
Sub-goal precondition of goal expressionemissionmixin___namedtuple_positional_access'vc.
Prover result is: Valid (0.01s, 11652 steps).

File "/tmp/.pycsl_zd4iwyrv.mlw", line 2077, characters 15-19:
Sub-goal postcondition of goal expressionemissionmixin___namedtuple_positional_access'vc.
Prover result is: Valid (0.01s, 12106 steps).

File "/tmp/.pycsl_zd4iwyrv.mlw", line 2150, characters 119-184:
Sub-goal precondition of goal expressionemissionmixin___namedtuple_positional_access'vc.
Prover result is: Valid (0.01s, 11648 steps).

File "/tmp/.pycsl_zd4iwyrv.mlw", line 2077, characters 15-19:
Sub-goal postcondition of goal expressionemissionmixin___namedtuple_positional_access'vc.
Prover result is: Valid (0.01s, 11714 steps).

File "/tmp/.pycsl_zd4iwyrv.mlw", line 2123, characters 24-80:
Sub-goal loop variant decrease of goal expressionemissionmixin___namedtuple_positional_access'vc.
Prover result is: Valid (0.01s, 15246 steps).

File "/tmp/.pycsl_zd4iwyrv.mlw", line 2122, characters 26-48:
Sub-goal loop invariant preservation of goal expressionemissionmixin___namedtuple_positional_access'vc.
Prover result is: Valid (0.01s, 15192 steps).

File "/tmp/.pycsl_zd4iwyrv.mlw", line 2077, characters 15-19:
Sub-goal postcondition of goal expressionemissionmixin___namedtuple_positional_access'vc.
Prover result is: Valid (0.01s, 6852 steps).

File "/tmp/.pycsl_zd4iwyrv.mlw", line 2077, characters 15-19:
Sub-goal postcondition of goal expressionemissionmixin___namedtuple_positional_access'vc.
Prover result is: Valid (0.01s, 11381 steps).

File "/tmp/.pycsl_zd4iwyrv.mlw", line 2148, characters 175-240:
Sub-goal precondition of goal expressionemissionmixin___namedtuple_positional_access'vc.
Prover result is: Valid (0.01s, 11445 steps).

File "/tmp/.pycsl_zd4iwyrv.mlw", line 2077, characters 15-19:
Sub-goal postcondition of goal expressionemissionmixin___namedtuple_positional_access'vc.
Prover result is: Valid (0.01s, 11899 steps).

File "/tmp/.pycsl_zd4iwyrv.mlw", line 2150, characters 119-184:
Sub-goal precondition of goal expressionemissionmixin___namedtuple_positional_access'vc.
Prover result is: Valid (0.01s, 11441 steps).

File "/tmp/.pycsl_zd4iwyrv.mlw", line 2077, characters 15-19:
Sub-goal postcondition of goal expressionemissionmixin___namedtuple_positional_access'vc.
Prover result is: Valid (0.01s, 11507 steps).

File "/tmp/.pycsl_zd4iwyrv.mlw", line 2077, characters 15-19:
Sub-goal postcondition of goal expressionemissionmixin___namedtuple_positional_access'vc.
Prover result is: Valid (0.01s, 6839 steps).

File "/tmp/.pycsl_zd4iwyrv.mlw", line 2077, characters 15-19:
Sub-goal postcondition of goal expressionemissionmixin___namedtuple_positional_access'vc.
Prover result is: Valid (0.01s, 6901 steps).

File "/tmp/.pycsl_zd4iwyrv.mlw", line 2148, characters 175-240:
Sub-goal precondition of goal expressionemissionmixin___namedtuple_positional_access'vc.
Prover result is: Valid (0.01s, 6913 steps).

File "/tmp/.pycsl_zd4iwyrv.mlw", line 2077, characters 15-19:
Sub-goal postcondition of goal expressionemissionmixin___namedtuple_positional_access'vc.
Prover result is: Valid (0.01s, 6917 steps).

File "/tmp/.pycsl_zd4iwyrv.mlw", line 2150, characters 119-184:
Sub-goal precondition of goal expressionemissionmixin___namedtuple_positional_access'vc.
Prover result is: Valid (0.01s, 6913 steps).

File "/tmp/.pycsl_zd4iwyrv.mlw", line 2077, characters 15-19:
Sub-goal postcondition of goal expressionemissionmixin___namedtuple_positional_access'vc.
Prover result is: Valid (0.01s, 6915 steps).

File "/tmp/.pycsl_zd4iwyrv.mlw", line 2077, characters 15-19:
Sub-goal postcondition of goal expressionemissionmixin___namedtuple_positional_access'vc.
Prover result is: Valid (0.01s, 6724 steps).

File "/tmp/.pycsl_zd4iwyrv.mlw", line 2077, characters 15-19:
Sub-goal postcondition of goal expressionemissionmixin___namedtuple_positional_access'vc.
Prover result is: Valid (0.01s, 11151 steps).

File "/tmp/.pycsl_zd4iwyrv.mlw", line 2148, characters 175-240:
Sub-goal precondition of goal expressionemissionmixin___namedtuple_positional_access'vc.
Prover result is: Valid (0.01s, 11215 steps).

File "/tmp/.pycsl_zd4iwyrv.mlw", line 2077, characters 15-19:
Sub-goal postcondition of goal expressionemissionmixin___namedtuple_positional_access'vc.
Prover result is: Valid (0.01s, 11669 steps).

File "/tmp/.pycsl_zd4iwyrv.mlw", line 2150, characters 119-184:
Sub-goal precondition of goal expressionemissionmixin___namedtuple_positional_access'vc.
Prover result is: Valid (0.01s, 11211 steps).

File "/tmp/.pycsl_zd4iwyrv.mlw", line 2077, characters 15-19:
Sub-goal postcondition of goal expressionemissionmixin___namedtuple_positional_access'vc.
Prover result is: Valid (0.01s, 11277 steps).

File "/tmp/.pycsl_zd4iwyrv.mlw", line 2122, characters 26-48:
Sub-goal loop invariant init of goal expressionemissionmixin___namedtuple_positional_access'vc.
Prover result is: Valid (0.01s, 11183 steps).

File "/tmp/.pycsl_zd4iwyrv.mlw", line 2077, characters 15-19:
Sub-goal postcondition of goal expressionemissionmixin___namedtuple_positional_access'vc.
Prover result is: Valid (0.01s, 6972 steps).

File "/tmp/.pycsl_zd4iwyrv.mlw", line 2077, characters 15-19:
Sub-goal postcondition of goal expressionemissionmixin___namedtuple_positional_access'vc.
Prover result is: Valid (0.01s, 11587 steps).

File "/tmp/.pycsl_zd4iwyrv.mlw", line 2148, characters 175-240:
Sub-goal precondition of goal expressionemissionmixin___namedtuple_positional_access'vc.
Prover result is: Valid (0.01s, 11651 steps).

File "/tmp/.pycsl_zd4iwyrv.mlw", line 2077, characters 15-19:
Sub-goal postcondition of goal expressionemissionmixin___namedtuple_positional_access'vc.
Prover result is: Valid (0.01s, 12105 steps).

File "/tmp/.pycsl_zd4iwyrv.mlw", line 2150, characters 119-184:
Sub-goal precondition of goal expressionemissionmixin___namedtuple_positional_access'vc.
Prover result is: Valid (0.01s, 11647 steps).

File "/tmp/.pycsl_zd4iwyrv.mlw", line 2077, characters 15-19:
Sub-goal postcondition of goal expressionemissionmixin___namedtuple_positional_access'vc.
Prover result is: Valid (0.01s, 11713 steps).

File "/tmp/.pycsl_zd4iwyrv.mlw", line 2123, characters 24-80:
Sub-goal loop variant decrease of goal expressionemissionmixin___namedtuple_positional_access'vc.
Prover result is: Valid (0.01s, 15245 steps).

File "/tmp/.pycsl_zd4iwyrv.mlw", line 2122, characters 26-48:
Sub-goal loop invariant preservation of goal expressionemissionmixin___namedtuple_positional_access'vc.
Prover result is: Valid (0.01s, 15191 steps).

File "/tmp/.pycsl_zd4iwyrv.mlw", line 2077, characters 15-19:
Sub-goal postcondition of goal expressionemissionmixin___namedtuple_positional_access'vc.
Prover result is: Valid (0.01s, 6851 steps).

File "/tmp/.pycsl_zd4iwyrv.mlw", line 2077, characters 15-19:
Sub-goal postcondition of goal expressionemissionmixin___namedtuple_positional_access'vc.
Prover result is: Valid (0.01s, 11380 steps).

File "/tmp/.pycsl_zd4iwyrv.mlw", line 2148, characters 175-240:
Sub-goal precondition of goal expressionemissionmixin___namedtuple_positional_access'vc.
Prover result is: Valid (0.01s, 11444 steps).

File "/tmp/.pycsl_zd4iwyrv.mlw", line 2077, characters 15-19:
Sub-goal postcondition of goal expressionemissionmixin___namedtuple_positional_access'vc.
Prover result is: Valid (0.01s, 11898 steps).

File "/tmp/.pycsl_zd4iwyrv.mlw", line 2150, characters 119-184:
Sub-goal precondition of goal expressionemissionmixin___namedtuple_positional_access'vc.
Prover result is: Valid (0.01s, 11440 steps).

File "/tmp/.pycsl_zd4iwyrv.mlw", line 2077, characters 15-19:
Sub-goal postcondition of goal expressionemissionmixin___namedtuple_positional_access'vc.
Prover result is: Valid (0.01s, 11506 steps).

File "/tmp/.pycsl_zd4iwyrv.mlw", line 2077, characters 15-19:
Sub-goal postcondition of goal expressionemissionmixin___namedtuple_positional_access'vc.
Prover result is: Valid (0.01s, 6838 steps).

File "/tmp/.pycsl_zd4iwyrv.mlw", line 2077, characters 15-19:
Sub-goal postcondition of goal expressionemissionmixin___namedtuple_positional_access'vc.
Prover result is: Valid (0.01s, 6900 steps).

File "/tmp/.pycsl_zd4iwyrv.mlw", line 2148, characters 175-240:
Sub-goal precondition of goal expressionemissionmixin___namedtuple_positional_access'vc.
Prover result is: Valid (0.01s, 6912 steps).

File "/tmp/.pycsl_zd4iwyrv.mlw", line 2077, characters 15-19:
Sub-goal postcondition of goal expressionemissionmixin___namedtuple_positional_access'vc.
Prover result is: Valid (0.01s, 6916 steps).

File "/tmp/.pycsl_zd4iwyrv.mlw", line 2150, characters 119-184:
Sub-goal precondition of goal expressionemissionmixin___namedtuple_positional_access'vc.
Prover result is: Valid (0.01s, 6912 steps).

File "/tmp/.pycsl_zd4iwyrv.mlw", line 2077, characters 15-19:
Sub-goal postcondition of goal expressionemissionmixin___namedtuple_positional_access'vc.
Prover result is: Valid (0.01s, 6914 steps).

File "/tmp/.pycsl_zd4iwyrv.mlw", line 2077, characters 15-19:
Sub-goal postcondition of goal expressionemissionmixin___namedtuple_positional_access'vc.
Prover result is: Valid (0.01s, 6723 steps).

File "/tmp/.pycsl_zd4iwyrv.mlw", line 2077, characters 15-19:
Sub-goal postcondition of goal expressionemissionmixin___namedtuple_positional_access'vc.
Prover result is: Valid (0.01s, 11150 steps).

File "/tmp/.pycsl_zd4iwyrv.mlw", line 2148, characters 175-240:
Sub-goal precondition of goal expressionemissionmixin___namedtuple_positional_access'vc.
Prover result is: Valid (0.01s, 11214 steps).

File "/tmp/.pycsl_zd4iwyrv.mlw", line 2077, characters 15-19:
Sub-goal postcondition of goal expressionemissionmixin___namedtuple_positional_access'vc.
Prover result is: Valid (0.01s, 11668 steps).

File "/tmp/.pycsl_zd4iwyrv.mlw", line 2150, characters 119-184:
Sub-goal precondition of goal expressionemissionmixin___namedtuple_positional_access'vc.
Prover result is: Valid (0.01s, 11210 steps).

File "/tmp/.pycsl_zd4iwyrv.mlw", line 2077, characters 15-19:
Sub-goal postcondition of goal expressionemissionmixin___namedtuple_positional_access'vc.
Prover result is: Valid (0.01s, 11276 steps).

File "/tmp/.pycsl_zd4iwyrv.mlw", line 2122, characters 26-48:
Sub-goal loop invariant init of goal expressionemissionmixin___namedtuple_positional_access'vc.
Prover result is: Valid (0.01s, 11082 steps).

File "/tmp/.pycsl_zd4iwyrv.mlw", line 2077, characters 15-19:
Sub-goal postcondition of goal expressionemissionmixin___namedtuple_positional_access'vc.
Prover result is: Valid (0.01s, 6919 steps).

File "/tmp/.pycsl_zd4iwyrv.mlw", line 2077, characters 15-19:
Sub-goal postcondition of goal expressionemissionmixin___namedtuple_positional_access'vc.
Prover result is: Valid (0.01s, 11496 steps).

File "/tmp/.pycsl_zd4iwyrv.mlw", line 2148, characters 175-240:
Sub-goal precondition of goal expressionemissionmixin___namedtuple_positional_access'vc.
Prover result is: Valid (0.01s, 11560 steps).

File "/tmp/.pycsl_zd4iwyrv.mlw", line 2077, characters 15-19:
Sub-goal postcondition of goal expressionemissionmixin___namedtuple_positional_access'vc.
Prover result is: Valid (0.01s, 12014 steps).

File "/tmp/.pycsl_zd4iwyrv.mlw", line 2150, characters 119-184:
Sub-goal precondition of goal expressionemissionmixin___namedtuple_positional_access'vc.
Prover result is: Valid (0.01s, 11556 steps).

File "/tmp/.pycsl_zd4iwyrv.mlw", line 2077, characters 15-19:
Sub-goal postcondition of goal expressionemissionmixin___namedtuple_positional_access'vc.
Prover result is: Valid (0.01s, 11622 steps).

File "/tmp/.pycsl_zd4iwyrv.mlw", line 2123, characters 24-80:
Sub-goal loop variant decrease of goal expressionemissionmixin___namedtuple_positional_access'vc.
Prover result is: Valid (0.01s, 15110 steps).

File "/tmp/.pycsl_zd4iwyrv.mlw", line 2122, characters 26-48:
Sub-goal loop invariant preservation of goal expressionemissionmixin___namedtuple_positional_access'vc.
Prover result is: Valid (0.01s, 15056 steps).

File "/tmp/.pycsl_zd4iwyrv.mlw", line 2077, characters 15-19:
Sub-goal postcondition of goal expressionemissionmixin___namedtuple_positional_access'vc.
Prover result is: Valid (0.01s, 6796 steps).

File "/tmp/.pycsl_zd4iwyrv.mlw", line 2077, characters 15-19:
Sub-goal postcondition of goal expressionemissionmixin___namedtuple_positional_access'vc.
Prover result is: Valid (0.01s, 11285 steps).

File "/tmp/.pycsl_zd4iwyrv.mlw", line 2148, characters 175-240:
Sub-goal precondition of goal expressionemissionmixin___namedtuple_positional_access'vc.
Prover result is: Valid (0.01s, 11349 steps).

File "/tmp/.pycsl_zd4iwyrv.mlw", line 2077, characters 15-19:
Sub-goal postcondition of goal expressionemissionmixin___namedtuple_positional_access'vc.
Prover result is: Valid (0.01s, 11803 steps).

File "/tmp/.pycsl_zd4iwyrv.mlw", line 2150, characters 119-184:
Sub-goal precondition of goal expressionemissionmixin___namedtuple_positional_access'vc.
Prover result is: Valid (0.01s, 11345 steps).

File "/tmp/.pycsl_zd4iwyrv.mlw", line 2077, characters 15-19:
Sub-goal postcondition of goal expressionemissionmixin___namedtuple_positional_access'vc.
Prover result is: Valid (0.00s, 11411 steps).

File "/tmp/.pycsl_zd4iwyrv.mlw", line 2077, characters 15-19:
Sub-goal postcondition of goal expressionemissionmixin___namedtuple_positional_access'vc.
Prover result is: Valid (0.01s, 6781 steps).

File "/tmp/.pycsl_zd4iwyrv.mlw", line 2077, characters 15-19:
Sub-goal postcondition of goal expressionemissionmixin___namedtuple_positional_access'vc.
Prover result is: Valid (0.01s, 6843 steps).

File "/tmp/.pycsl_zd4iwyrv.mlw", line 2148, characters 175-240:
Sub-goal precondition of goal expressionemissionmixin___namedtuple_positional_access'vc.
Prover result is: Valid (0.01s, 6855 steps).

File "/tmp/.pycsl_zd4iwyrv.mlw", line 2077, characters 15-19:
Sub-goal postcondition of goal expressionemissionmixin___namedtuple_positional_access'vc.
Prover result is: Valid (0.01s, 6859 steps).

File "/tmp/.pycsl_zd4iwyrv.mlw", line 2150, characters 119-184:
Sub-goal precondition of goal expressionemissionmixin___namedtuple_positional_access'vc.
Prover result is: Valid (0.01s, 6855 steps).

File "/tmp/.pycsl_zd4iwyrv.mlw", line 2077, characters 15-19:
Sub-goal postcondition of goal expressionemissionmixin___namedtuple_positional_access'vc.
Prover result is: Valid (0.01s, 6857 steps).

File "/tmp/.pycsl_zd4iwyrv.mlw", line 2077, characters 15-19:
Sub-goal postcondition of goal expressionemissionmixin___namedtuple_positional_access'vc.
Prover result is: Valid (0.01s, 6666 steps).

File "/tmp/.pycsl_zd4iwyrv.mlw", line 2077, characters 15-19:
Sub-goal postcondition of goal expressionemissionmixin___namedtuple_positional_access'vc.
Prover result is: Valid (0.01s, 11055 steps).

File "/tmp/.pycsl_zd4iwyrv.mlw", line 2148, characters 175-240:
Sub-goal precondition of goal expressionemissionmixin___namedtuple_positional_access'vc.
Prover result is: Valid (0.01s, 11119 steps).

File "/tmp/.pycsl_zd4iwyrv.mlw", line 2077, characters 15-19:
Sub-goal postcondition of goal expressionemissionmixin___namedtuple_positional_access'vc.
Prover result is: Valid (0.00s, 11573 steps).

File "/tmp/.pycsl_zd4iwyrv.mlw", line 2150, characters 119-184:
Sub-goal precondition of goal expressionemissionmixin___namedtuple_positional_access'vc.
Prover result is: Valid (0.01s, 11115 steps).

File "/tmp/.pycsl_zd4iwyrv.mlw", line 2077, characters 15-19:
Sub-goal postcondition of goal expressionemissionmixin___namedtuple_positional_access'vc.
Prover result is: Valid (0.01s, 11181 steps).

File "/tmp/.pycsl_zd4iwyrv.mlw", line 2122, characters 26-48:
Sub-goal loop invariant init of goal expressionemissionmixin___namedtuple_positional_access'vc.
Prover result is: Valid (0.01s, 11003 steps).

File "/tmp/.pycsl_zd4iwyrv.mlw", line 2077, characters 15-19:
Sub-goal postcondition of goal expressionemissionmixin___namedtuple_positional_access'vc.
Prover result is: Valid (0.00s, 6878 steps).

File "/tmp/.pycsl_zd4iwyrv.mlw", line 2077, characters 15-19:
Sub-goal postcondition of goal expressionemissionmixin___namedtuple_positional_access'vc.
Prover result is: Valid (0.01s, 11421 steps).

File "/tmp/.pycsl_zd4iwyrv.mlw", line 2148, characters 175-240:
Sub-goal precondition of goal expressionemissionmixin___namedtuple_positional_access'vc.
Prover result is: Valid (0.01s, 11485 steps).

File "/tmp/.pycsl_zd4iwyrv.mlw", line 2077, characters 15-19:
Sub-goal postcondition of goal expressionemissionmixin___namedtuple_positional_access'vc.
Prover result is: Valid (0.01s, 11939 steps).

File "/tmp/.pycsl_zd4iwyrv.mlw", line 2150, characters 119-184:
Sub-goal precondition of goal expressionemissionmixin___namedtuple_positional_access'vc.
Prover result is: Valid (0.01s, 11481 steps).

File "/tmp/.pycsl_zd4iwyrv.mlw", line 2077, characters 15-19:
Sub-goal postcondition of goal expressionemissionmixin___namedtuple_positional_access'vc.
Prover result is: Valid (0.01s, 11547 steps).

File "/tmp/.pycsl_zd4iwyrv.mlw", line 2123, characters 24-80:
Sub-goal loop variant decrease of goal expressionemissionmixin___namedtuple_positional_access'vc.
Prover result is: Valid (0.01s, 15034 steps).

File "/tmp/.pycsl_zd4iwyrv.mlw", line 2122, characters 26-48:
Sub-goal loop invariant preservation of goal expressionemissionmixin___namedtuple_positional_access'vc.
Prover result is: Valid (0.01s, 14980 steps).

File "/tmp/.pycsl_zd4iwyrv.mlw", line 2077, characters 15-19:
Sub-goal postcondition of goal expressionemissionmixin___namedtuple_positional_access'vc.
Prover result is: Valid (0.01s, 6753 steps).

File "/tmp/.pycsl_zd4iwyrv.mlw", line 2077, characters 15-19:
Sub-goal postcondition of goal expressionemissionmixin___namedtuple_positional_access'vc.
Prover result is: Valid (0.01s, 11210 steps).

File "/tmp/.pycsl_zd4iwyrv.mlw", line 2148, characters 175-240:
Sub-goal precondition of goal expressionemissionmixin___namedtuple_positional_access'vc.
Prover result is: Valid (0.01s, 11274 steps).

File "/tmp/.pycsl_zd4iwyrv.mlw", line 2077, characters 15-19:
Sub-goal postcondition of goal expressionemissionmixin___namedtuple_positional_access'vc.
Prover result is: Valid (0.01s, 11728 steps).

File "/tmp/.pycsl_zd4iwyrv.mlw", line 2150, characters 119-184:
Sub-goal precondition of goal expressionemissionmixin___namedtuple_positional_access'vc.
Prover result is: Valid (0.01s, 11270 steps).

File "/tmp/.pycsl_zd4iwyrv.mlw", line 2077, characters 15-19:
Sub-goal postcondition of goal expressionemissionmixin___namedtuple_positional_access'vc.
Prover result is: Valid (0.01s, 11336 steps).

File "/tmp/.pycsl_zd4iwyrv.mlw", line 2077, characters 15-19:
Sub-goal postcondition of goal expressionemissionmixin___namedtuple_positional_access'vc.
Prover result is: Valid (0.01s, 6738 steps).

File "/tmp/.pycsl_zd4iwyrv.mlw", line 2077, characters 15-19:
Sub-goal postcondition of goal expressionemissionmixin___namedtuple_positional_access'vc.
Prover result is: Valid (0.01s, 6800 steps).

File "/tmp/.pycsl_zd4iwyrv.mlw", line 2148, characters 175-240:
Sub-goal precondition of goal expressionemissionmixin___namedtuple_positional_access'vc.
Prover result is: Valid (0.01s, 6812 steps).

File "/tmp/.pycsl_zd4iwyrv.mlw", line 2077, characters 15-19:
Sub-goal postcondition of goal expressionemissionmixin___namedtuple_positional_access'vc.
Prover result is: Valid (0.01s, 6816 steps).

File "/tmp/.pycsl_zd4iwyrv.mlw", line 2150, characters 119-184:
Sub-goal precondition of goal expressionemissionmixin___namedtuple_positional_access'vc.
Prover result is: Valid (0.01s, 6812 steps).

File "/tmp/.pycsl_zd4iwyrv.mlw", line 2077, characters 15-19:
Sub-goal postcondition of goal expressionemissionmixin___namedtuple_positional_access'vc.
Prover result is: Valid (0.01s, 6814 steps).

File "/tmp/.pycsl_zd4iwyrv.mlw", line 2077, characters 15-19:
Sub-goal postcondition of goal expressionemissionmixin___namedtuple_positional_access'vc.
Prover result is: Valid (0.01s, 6499 steps).

File "/tmp/.pycsl_zd4iwyrv.mlw", line 2077, characters 15-19:
Sub-goal postcondition of goal expressionemissionmixin___namedtuple_positional_access'vc.
Prover result is: Valid (0.01s, 10978 steps).

File "/tmp/.pycsl_zd4iwyrv.mlw", line 2148, characters 175-240:
Sub-goal precondition of goal expressionemissionmixin___namedtuple_positional_access'vc.
Prover result is: Valid (0.01s, 11042 steps).

File "/tmp/.pycsl_zd4iwyrv.mlw", line 2077, characters 15-19:
Sub-goal postcondition of goal expressionemissionmixin___namedtuple_positional_access'vc.
Prover result is: Valid (0.01s, 11496 steps).

File "/tmp/.pycsl_zd4iwyrv.mlw", line 2150, characters 119-184:
Sub-goal precondition of goal expressionemissionmixin___namedtuple_positional_access'vc.
Prover result is: Valid (0.01s, 11038 steps).

File "/tmp/.pycsl_zd4iwyrv.mlw", line 2077, characters 15-19:
Sub-goal postcondition of goal expressionemissionmixin___namedtuple_positional_access'vc.
Prover result is: Valid (0.01s, 11104 steps).

File "/tmp/.pycsl_zd4iwyrv.mlw", line 2170, characters 15-19:
Sub-goal postcondition of goal expressionemissionmixin___quant_binder_whyml'vc.
Prover result is: Valid (0.01s, 7312 steps).

File "/tmp/.pycsl_zd4iwyrv.mlw", line 2170, characters 15-19:
Sub-goal postcondition of goal expressionemissionmixin___quant_binder_whyml'vc.
Prover result is: Valid (0.01s, 7572 steps).

File "/tmp/.pycsl_zd4iwyrv.mlw", line 2170, characters 15-19:
Sub-goal postcondition of goal expressionemissionmixin___quant_binder_whyml'vc.
Prover result is: Valid (0.01s, 7700 steps).

File "/tmp/.pycsl_zd4iwyrv.mlw", line 2170, characters 15-19:
Sub-goal postcondition of goal expressionemissionmixin___quant_binder_whyml'vc.
Prover result is: Valid (0.01s, 7784 steps).

File "/tmp/.pycsl_zd4iwyrv.mlw", line 2193, characters 15-19:
Sub-goal postcondition of goal expressionemissionmixin___recognize_field_decode_idiom'vc.
Prover result is: Valid (0.01s, 7516 steps).

File "/tmp/.pycsl_zd4iwyrv.mlw", line 2210, characters 13-128:
Sub-goal precondition of goal expressionemissionmixin___recognize_field_decode_idiom'vc.
Prover result is: Valid (0.01s, 7326 steps).

File "/tmp/.pycsl_zd4iwyrv.mlw", line 2193, characters 15-19:
Sub-goal postcondition of goal expressionemissionmixin___recognize_field_decode_idiom'vc.
Prover result is: Valid (0.01s, 7956 steps).

File "/tmp/.pycsl_zd4iwyrv.mlw", line 2214, characters 16-22:
Sub-goal unreachable point of goal expressionemissionmixin___recognize_field_decode_idiom'vc.
Prover result is: Valid (0.00s, 7317 steps).

File "/tmp/.pycsl_zd4iwyrv.mlw", line 2229, characters 15-19:
Sub-goal postcondition of goal expressionemissionmixin___str_operand_to_int'vc.
Prover result is: Valid (0.01s, 7463 steps).

File "/tmp/.pycsl_zd4iwyrv.mlw", line 2229, characters 15-19:
Sub-goal postcondition of goal expressionemissionmixin___str_operand_to_int'vc.
Prover result is: Valid (0.01s, 7643 steps).

File "/tmp/.pycsl_zd4iwyrv.mlw", line 2245, characters 15-19:
Sub-goal postcondition of goal expressionemissionmixin___strip_outer_parens'vc.
Prover result is: Valid (0.01s, 7462 steps).

File "/tmp/.pycsl_zd4iwyrv.mlw", line 2259, characters 22-66:
Sub-goal loop invariant init of goal expressionemissionmixin___strip_outer_parens'vc.
Prover result is: Valid (0.02s, 79640 steps).

File "/tmp/.pycsl_zd4iwyrv.mlw", line 2260, characters 20-58:
Sub-goal loop variant decrease of goal expressionemissionmixin___strip_outer_parens'vc.
Prover result is: Valid (0.01s, 44898 steps).

File "/tmp/.pycsl_zd4iwyrv.mlw", line 2259, characters 22-66:
Sub-goal loop invariant preservation of goal expressionemissionmixin___strip_outer_parens'vc.
Prover result is: Valid (0.02s, 81485 steps).

File "/tmp/.pycsl_zd4iwyrv.mlw", line 2245, characters 15-19:
Sub-goal postcondition of goal expressionemissionmixin___strip_outer_parens'vc.
Prover result is: Valid (0.00s, 7673 steps).

File "/tmp/.pycsl_zd4iwyrv.mlw", line 2260, characters 20-58:
Sub-goal loop variant decrease of goal expressionemissionmixin___strip_outer_parens'vc.
Prover result is: Valid (0.01s, 47882 steps).

File "/tmp/.pycsl_zd4iwyrv.mlw", line 2259, characters 22-66:
Sub-goal loop invariant preservation of goal expressionemissionmixin___strip_outer_parens'vc.
Prover result is: Valid (0.02s, 84501 steps).

File "/tmp/.pycsl_zd4iwyrv.mlw", line 2260, characters 20-58:
Sub-goal loop variant decrease of goal expressionemissionmixin___strip_outer_parens'vc.
Prover result is: Valid (0.01s, 45104 steps).

File "/tmp/.pycsl_zd4iwyrv.mlw", line 2259, characters 22-66:
Sub-goal loop invariant preservation of goal expressionemissionmixin___strip_outer_parens'vc.
Prover result is: Valid (0.03s, 81807 steps).

File "/tmp/.pycsl_zd4iwyrv.mlw", line 2245, characters 15-19:
Sub-goal postcondition of goal expressionemissionmixin___strip_outer_parens'vc.
Prover result is: Valid (0.01s, 7505 steps).

File "/tmp/.pycsl_zd4iwyrv.mlw", line 2292, characters 18-68:
Sub-goal variant decrease of goal expressionemissionmixin___subst_params__get'vc.
Prover result is: Valid (0.01s, 19532 steps).

File "/tmp/.pycsl_zd4iwyrv.mlw", line 2292, characters 18-68:
Sub-goal variant decrease of goal expressionemissionmixin___subst_params__get'vc.
Prover result is: Valid (0.01s, 19532 steps).

File "/tmp/.pycsl_zd4iwyrv.mlw", line 2291, characters 63-113:
Sub-goal variant decrease of goal expressionemissionmixin___subst_params__get'vc.
Prover result is: Valid (0.01s, 19291 steps).

File "/tmp/.pycsl_zd4iwyrv.mlw", line 2292, characters 18-68:
Sub-goal variant decrease of goal expressionemissionmixin___subst_params__get'vc.
Prover result is: Valid (0.01s, 19540 steps).

File "/tmp/.pycsl_zd4iwyrv.mlw", line 2292, characters 18-68:
Sub-goal variant decrease of goal expressionemissionmixin___subst_params__get'vc.
Prover result is: Valid (0.01s, 19464 steps).

File "/tmp/.pycsl_zd4iwyrv.mlw", line 2306, characters 35-93:
Sub-goal variant decrease of goal expressionemissionmixin___subst_params'vc.
Prover result is: Valid (0.01s, 73520 steps).

File "/tmp/.pycsl_zd4iwyrv.mlw", line 2307, characters 27-85:
Sub-goal variant decrease of goal expressionemissionmixin___subst_params'vc.
Prover result is: Valid (0.02s, 77168 steps).

File "/tmp/.pycsl_zd4iwyrv.mlw", line 2307, characters 27-85:
Sub-goal variant decrease of goal expressionemissionmixin___subst_params'vc.
Prover result is: Valid (0.02s, 76593 steps).

File "/tmp/.pycsl_zd4iwyrv.mlw", line 2308, characters 24-82:
Sub-goal variant decrease of goal expressionemissionmixin___subst_params'vc.
Prover result is: Valid (0.02s, 76621 steps).

File "/tmp/.pycsl_zd4iwyrv.mlw", line 2309, characters 22-80:
Sub-goal variant decrease of goal expressionemissionmixin___subst_params'vc.
Prover result is: Valid (0.02s, 77168 steps).

File "/tmp/.pycsl_zd4iwyrv.mlw", line 2309, characters 22-80:
Sub-goal variant decrease of goal expressionemissionmixin___subst_params'vc.
Prover result is: Valid (0.02s, 76593 steps).

File "/tmp/.pycsl_zd4iwyrv.mlw", line 2311, characters 24-83:
Sub-goal variant decrease of goal expressionemissionmixin___subst_params'vc.
Prover result is: Valid (0.03s, 76593 steps).

File "/tmp/.pycsl_zd4iwyrv.mlw", line 2296, characters 32-36:
Sub-goal postcondition of goal expressionemissionmixin___subst_params'vc.
Prover result is: Valid (0.01s, 7316 steps).

File "/tmp/.pycsl_zd4iwyrv.mlw", line 2318, characters 85-146:
Sub-goal variant decrease of goal expressionemissionmixin___subst_params__dict'vc.
Prover result is: Valid (0.02s, 74946 steps).

File "/tmp/.pycsl_zd4iwyrv.mlw", line 2318, characters 32-84:
Sub-goal variant decrease of goal expressionemissionmixin___subst_params__dict'vc.
Prover result is: Valid (0.02s, 74905 steps).

File "/tmp/.pycsl_zd4iwyrv.mlw", line 2318, characters 32-84:
Sub-goal precondition of goal expressionemissionmixin___subst_params__dict'vc.
Prover result is: Valid (0.01s, 7312 steps).

File "/tmp/.pycsl_zd4iwyrv.mlw", line 2324, characters 76-134:
Sub-goal variant decrease of goal expressionemissionmixin___subst_params__list'vc.
Prover result is: Valid (0.01s, 73152 steps).

File "/tmp/.pycsl_zd4iwyrv.mlw", line 2324, characters 23-75:
Sub-goal variant decrease of goal expressionemissionmixin___subst_params__list'vc.
Prover result is: Valid (0.02s, 73111 steps).

File "/tmp/.pycsl_zd4iwyrv.mlw", line 2324, characters 23-75:
Sub-goal precondition of goal expressionemissionmixin___subst_params__list'vc.
Prover result is: Valid (0.01s, 7255 steps).

File "/tmp/.pycsl_zd4iwyrv.mlw", line 2328, characters 15-19:
Sub-goal postcondition of goal expressionemissionmixin___tag_of_type'vc.
Prover result is: Valid (0.01s, 7312 steps).

File "/tmp/.pycsl_zd4iwyrv.mlw", line 2328, characters 15-19:
Sub-goal postcondition of goal expressionemissionmixin___tag_of_type'vc.
Prover result is: Valid (0.01s, 7590 steps).

File "/tmp/.pycsl_zd4iwyrv.mlw", line 2328, characters 15-19:
Sub-goal postcondition of goal expressionemissionmixin___tag_of_type'vc.
Prover result is: Valid (0.00s, 7703 steps).

File "/tmp/.pycsl_zd4iwyrv.mlw", line 2328, characters 15-19:
Sub-goal postcondition of goal expressionemissionmixin___tag_of_type'vc.
Prover result is: Valid (0.01s, 7735 steps).

File "/tmp/.pycsl_zd4iwyrv.mlw", line 2328, characters 15-19:
Sub-goal postcondition of goal expressionemissionmixin___tag_of_type'vc.
Prover result is: Valid (0.01s, 7746 steps).

File "/tmp/.pycsl_zd4iwyrv.mlw", line 2371, characters 18-30:
Sub-goal loop invariant init of goal expressionemissionmixin___todict_recv_node_ir'vc.
Prover result is: Valid (0.01s, 7786 steps).

File "/tmp/.pycsl_zd4iwyrv.mlw", line 2372, characters 16-45:
Sub-goal loop variant decrease of goal expressionemissionmixin___todict_recv_node_ir'vc.
Prover result is: Valid (0.02s, 76308 steps).

File "/tmp/.pycsl_zd4iwyrv.mlw", line 2371, characters 18-30:
Sub-goal loop invariant preservation of goal expressionemissionmixin___todict_recv_node_ir'vc.
Prover result is: Valid (0.02s, 76158 steps).

File "/tmp/.pycsl_zd4iwyrv.mlw", line 2362, characters 15-19:
Sub-goal postcondition of goal expressionemissionmixin___todict_recv_node_ir'vc.
Prover result is: Valid (0.01s, 7806 steps).

File "/tmp/.pycsl_zd4iwyrv.mlw", line 2392, characters 18-30:
Sub-goal loop invariant init of goal expressionemissionmixin___todict_routed_ir'vc.
Prover result is: Valid (0.01s, 7803 steps).

File "/tmp/.pycsl_zd4iwyrv.mlw", line 2393, characters 16-45:
Sub-goal loop variant decrease of goal expressionemissionmixin___todict_routed_ir'vc.
Prover result is: Valid (0.03s, 77148 steps).

File "/tmp/.pycsl_zd4iwyrv.mlw", line 2392, characters 18-30:
Sub-goal loop invariant preservation of goal expressionemissionmixin___todict_routed_ir'vc.
Prover result is: Valid (0.03s, 76998 steps).

File "/tmp/.pycsl_zd4iwyrv.mlw", line 2381, characters 15-19:
Sub-goal postcondition of goal expressionemissionmixin___todict_routed_ir'vc.
Prover result is: Valid (0.01s, 7823 steps).

File "/tmp/.pycsl_zd4iwyrv.mlw", line 2402, characters 15-19:
Sub-goal postcondition of goal expressionemissionmixin___typeddict_field_access'vc.
Prover result is: Valid (0.01s, 10253 steps).

File "/tmp/.pycsl_zd4iwyrv.mlw", line 2402, characters 15-19:
Sub-goal postcondition of goal expressionemissionmixin___typeddict_field_access'vc.
Prover result is: Valid (0.01s, 10382 steps).

File "/tmp/.pycsl_zd4iwyrv.mlw", line 2402, characters 15-19:
Sub-goal postcondition of goal expressionemissionmixin___typeddict_field_access'vc.
Prover result is: Valid (0.01s, 6797 steps).

File "/tmp/.pycsl_zd4iwyrv.mlw", line 2402, characters 15-19:
Sub-goal postcondition of goal expressionemissionmixin___typeddict_field_access'vc.
Prover result is: Valid (0.01s, 11225 steps).

File "/tmp/.pycsl_zd4iwyrv.mlw", line 2444, characters 111-177:
Sub-goal precondition of goal expressionemissionmixin___typeddict_field_access'vc.
Prover result is: Valid (0.01s, 11272 steps).

File "/tmp/.pycsl_zd4iwyrv.mlw", line 2402, characters 15-19:
Sub-goal postcondition of goal expressionemissionmixin___typeddict_field_access'vc.
Prover result is: Valid (0.01s, 11338 steps).

File "/tmp/.pycsl_zd4iwyrv.mlw", line 2402, characters 15-19:
Sub-goal postcondition of goal expressionemissionmixin___typeddict_field_access'vc.
Prover result is: Valid (0.01s, 6796 steps).

File "/tmp/.pycsl_zd4iwyrv.mlw", line 2402, characters 15-19:
Sub-goal postcondition of goal expressionemissionmixin___typeddict_field_access'vc.
Prover result is: Valid (0.01s, 11224 steps).

File "/tmp/.pycsl_zd4iwyrv.mlw", line 2444, characters 111-177:
Sub-goal precondition of goal expressionemissionmixin___typeddict_field_access'vc.
Prover result is: Valid (0.01s, 11271 steps).

File "/tmp/.pycsl_zd4iwyrv.mlw", line 2402, characters 15-19:
Sub-goal postcondition of goal expressionemissionmixin___typeddict_field_access'vc.
Prover result is: Valid (0.01s, 11337 steps).

File "/tmp/.pycsl_zd4iwyrv.mlw", line 2402, characters 15-19:
Sub-goal postcondition of goal expressionemissionmixin___typeddict_field_access'vc.
Prover result is: Valid (0.01s, 6741 steps).

File "/tmp/.pycsl_zd4iwyrv.mlw", line 2402, characters 15-19:
Sub-goal postcondition of goal expressionemissionmixin___typeddict_field_access'vc.
Prover result is: Valid (0.01s, 11133 steps).

File "/tmp/.pycsl_zd4iwyrv.mlw", line 2444, characters 111-177:
Sub-goal precondition of goal expressionemissionmixin___typeddict_field_access'vc.
Prover result is: Valid (0.01s, 11180 steps).

File "/tmp/.pycsl_zd4iwyrv.mlw", line 2402, characters 15-19:
Sub-goal postcondition of goal expressionemissionmixin___typeddict_field_access'vc.
Prover result is: Valid (0.01s, 11246 steps).

File "/tmp/.pycsl_zd4iwyrv.mlw", line 2402, characters 15-19:
Sub-goal postcondition of goal expressionemissionmixin___typeddict_field_access'vc.
Prover result is: Valid (0.01s, 6700 steps).

File "/tmp/.pycsl_zd4iwyrv.mlw", line 2402, characters 15-19:
Sub-goal postcondition of goal expressionemissionmixin___typeddict_field_access'vc.
Prover result is: Valid (0.01s, 11058 steps).

File "/tmp/.pycsl_zd4iwyrv.mlw", line 2444, characters 111-177:
Sub-goal precondition of goal expressionemissionmixin___typeddict_field_access'vc.
Prover result is: Valid (0.01s, 11105 steps).

File "/tmp/.pycsl_zd4iwyrv.mlw", line 2402, characters 15-19:
Sub-goal postcondition of goal expressionemissionmixin___typeddict_field_access'vc.
Prover result is: Valid (0.01s, 11171 steps).

File "/tmp/.pycsl_zd4iwyrv.mlw", line 2402, characters 15-19:
Sub-goal postcondition of goal expressionemissionmixin___typeddict_field_access'vc.
Prover result is: Valid (0.01s, 6796 steps).

File "/tmp/.pycsl_zd4iwyrv.mlw", line 2402, characters 15-19:
Sub-goal postcondition of goal expressionemissionmixin___typeddict_field_access'vc.
Prover result is: Valid (0.01s, 11224 steps).

File "/tmp/.pycsl_zd4iwyrv.mlw", line 2444, characters 111-177:
Sub-goal precondition of goal expressionemissionmixin___typeddict_field_access'vc.
Prover result is: Valid (0.01s, 11271 steps).

File "/tmp/.pycsl_zd4iwyrv.mlw", line 2402, characters 15-19:
Sub-goal postcondition of goal expressionemissionmixin___typeddict_field_access'vc.
Prover result is: Valid (0.01s, 11337 steps).

File "/tmp/.pycsl_zd4iwyrv.mlw", line 2402, characters 15-19:
Sub-goal postcondition of goal expressionemissionmixin___typeddict_field_access'vc.
Prover result is: Valid (0.01s, 6795 steps).

File "/tmp/.pycsl_zd4iwyrv.mlw", line 2402, characters 15-19:
Sub-goal postcondition of goal expressionemissionmixin___typeddict_field_access'vc.
Prover result is: Valid (0.01s, 11223 steps).

File "/tmp/.pycsl_zd4iwyrv.mlw", line 2444, characters 111-177:
Sub-goal precondition of goal expressionemissionmixin___typeddict_field_access'vc.
Prover result is: Valid (0.01s, 11270 steps).

File "/tmp/.pycsl_zd4iwyrv.mlw", line 2402, characters 15-19:
Sub-goal postcondition of goal expressionemissionmixin___typeddict_field_access'vc.
Prover result is: Valid (0.01s, 11336 steps).

File "/tmp/.pycsl_zd4iwyrv.mlw", line 2402, characters 15-19:
Sub-goal postcondition of goal expressionemissionmixin___typeddict_field_access'vc.
Prover result is: Valid (0.01s, 6740 steps).

File "/tmp/.pycsl_zd4iwyrv.mlw", line 2402, characters 15-19:
Sub-goal postcondition of goal expressionemissionmixin___typeddict_field_access'vc.
Prover result is: Valid (0.01s, 11132 steps).

File "/tmp/.pycsl_zd4iwyrv.mlw", line 2444, characters 111-177:
Sub-goal precondition of goal expressionemissionmixin___typeddict_field_access'vc.
Prover result is: Valid (0.01s, 11179 steps).

File "/tmp/.pycsl_zd4iwyrv.mlw", line 2402, characters 15-19:
Sub-goal postcondition of goal expressionemissionmixin___typeddict_field_access'vc.
Prover result is: Valid (0.01s, 11245 steps).

File "/tmp/.pycsl_zd4iwyrv.mlw", line 2402, characters 15-19:
Sub-goal postcondition of goal expressionemissionmixin___typeddict_field_access'vc.
Prover result is: Valid (0.01s, 6699 steps).

File "/tmp/.pycsl_zd4iwyrv.mlw", line 2402, characters 15-19:
Sub-goal postcondition of goal expressionemissionmixin___typeddict_field_access'vc.
Prover result is: Valid (0.01s, 11057 steps).

File "/tmp/.pycsl_zd4iwyrv.mlw", line 2444, characters 111-177:
Sub-goal precondition of goal expressionemissionmixin___typeddict_field_access'vc.
Prover result is: Valid (0.01s, 11104 steps).

File "/tmp/.pycsl_zd4iwyrv.mlw", line 2402, characters 15-19:
Sub-goal postcondition of goal expressionemissionmixin___typeddict_field_access'vc.
Prover result is: Valid (0.01s, 11170 steps).

File "/tmp/.pycsl_zd4iwyrv.mlw", line 2402, characters 15-19:
Sub-goal postcondition of goal expressionemissionmixin___typeddict_field_access'vc.
Prover result is: Valid (0.01s, 6741 steps).

File "/tmp/.pycsl_zd4iwyrv.mlw", line 2402, characters 15-19:
Sub-goal postcondition of goal expressionemissionmixin___typeddict_field_access'vc.
Prover result is: Valid (0.01s, 11133 steps).

File "/tmp/.pycsl_zd4iwyrv.mlw", line 2444, characters 111-177:
Sub-goal precondition of goal expressionemissionmixin___typeddict_field_access'vc.
Prover result is: Valid (0.01s, 11180 steps).

File "/tmp/.pycsl_zd4iwyrv.mlw", line 2402, characters 15-19:
Sub-goal postcondition of goal expressionemissionmixin___typeddict_field_access'vc.
Prover result is: Valid (0.01s, 11246 steps).

File "/tmp/.pycsl_zd4iwyrv.mlw", line 2402, characters 15-19:
Sub-goal postcondition of goal expressionemissionmixin___typeddict_field_access'vc.
Prover result is: Valid (0.00s, 6740 steps).

File "/tmp/.pycsl_zd4iwyrv.mlw", line 2402, characters 15-19:
Sub-goal postcondition of goal expressionemissionmixin___typeddict_field_access'vc.
Prover result is: Valid (0.01s, 11132 steps).

File "/tmp/.pycsl_zd4iwyrv.mlw", line 2444, characters 111-177:
Sub-goal precondition of goal expressionemissionmixin___typeddict_field_access'vc.
Prover result is: Valid (0.01s, 11179 steps).

File "/tmp/.pycsl_zd4iwyrv.mlw", line 2402, characters 15-19:
Sub-goal postcondition of goal expressionemissionmixin___typeddict_field_access'vc.
Prover result is: Valid (0.01s, 11245 steps).

File "/tmp/.pycsl_zd4iwyrv.mlw", line 2402, characters 15-19:
Sub-goal postcondition of goal expressionemissionmixin___typeddict_field_access'vc.
Prover result is: Valid (0.01s, 6685 steps).

File "/tmp/.pycsl_zd4iwyrv.mlw", line 2402, characters 15-19:
Sub-goal postcondition of goal expressionemissionmixin___typeddict_field_access'vc.
Prover result is: Valid (0.01s, 11037 steps).

File "/tmp/.pycsl_zd4iwyrv.mlw", line 2444, characters 111-177:
Sub-goal precondition of goal expressionemissionmixin___typeddict_field_access'vc.
Prover result is: Valid (0.01s, 11084 steps).

File "/tmp/.pycsl_zd4iwyrv.mlw", line 2402, characters 15-19:
Sub-goal postcondition of goal expressionemissionmixin___typeddict_field_access'vc.
Prover result is: Valid (0.01s, 11150 steps).

File "/tmp/.pycsl_zd4iwyrv.mlw", line 2402, characters 15-19:
Sub-goal postcondition of goal expressionemissionmixin___typeddict_field_access'vc.
Prover result is: Valid (0.01s, 6642 steps).

File "/tmp/.pycsl_zd4iwyrv.mlw", line 2402, characters 15-19:
Sub-goal postcondition of goal expressionemissionmixin___typeddict_field_access'vc.
Prover result is: Valid (0.01s, 10962 steps).

File "/tmp/.pycsl_zd4iwyrv.mlw", line 2444, characters 111-177:
Sub-goal precondition of goal expressionemissionmixin___typeddict_field_access'vc.
Prover result is: Valid (0.01s, 11009 steps).

File "/tmp/.pycsl_zd4iwyrv.mlw", line 2402, characters 15-19:
Sub-goal postcondition of goal expressionemissionmixin___typeddict_field_access'vc.
Prover result is: Valid (0.01s, 11075 steps).

File "/tmp/.pycsl_zd4iwyrv.mlw", line 2402, characters 15-19:
Sub-goal postcondition of goal expressionemissionmixin___typeddict_field_access'vc.
Prover result is: Valid (0.01s, 6650 steps).

File "/tmp/.pycsl_zd4iwyrv.mlw", line 2402, characters 15-19:
Sub-goal postcondition of goal expressionemissionmixin___typeddict_field_access'vc.
Prover result is: Valid (0.01s, 10972 steps).

File "/tmp/.pycsl_zd4iwyrv.mlw", line 2444, characters 111-177:
Sub-goal precondition of goal expressionemissionmixin___typeddict_field_access'vc.
Prover result is: Valid (0.01s, 11019 steps).

File "/tmp/.pycsl_zd4iwyrv.mlw", line 2402, characters 15-19:
Sub-goal postcondition of goal expressionemissionmixin___typeddict_field_access'vc.
Prover result is: Valid (0.01s, 11085 steps).

File "/tmp/.pycsl_zd4iwyrv.mlw", line 2402, characters 15-19:
Sub-goal postcondition of goal expressionemissionmixin___typeddict_field_access'vc.
Prover result is: Valid (0.00s, 6649 steps).

File "/tmp/.pycsl_zd4iwyrv.mlw", line 2402, characters 15-19:
Sub-goal postcondition of goal expressionemissionmixin___typeddict_field_access'vc.
Prover result is: Valid (0.01s, 10971 steps).

File "/tmp/.pycsl_zd4iwyrv.mlw", line 2444, characters 111-177:
Sub-goal precondition of goal expressionemissionmixin___typeddict_field_access'vc.
Prover result is: Valid (0.01s, 11018 steps).

File "/tmp/.pycsl_zd4iwyrv.mlw", line 2402, characters 15-19:
Sub-goal postcondition of goal expressionemissionmixin___typeddict_field_access'vc.
Prover result is: Valid (0.01s, 11084 steps).

File "/tmp/.pycsl_zd4iwyrv.mlw", line 2402, characters 15-19:
Sub-goal postcondition of goal expressionemissionmixin___typeddict_field_access'vc.
Prover result is: Valid (0.01s, 6592 steps).

File "/tmp/.pycsl_zd4iwyrv.mlw", line 2402, characters 15-19:
Sub-goal postcondition of goal expressionemissionmixin___typeddict_field_access'vc.
Prover result is: Valid (0.01s, 10876 steps).

File "/tmp/.pycsl_zd4iwyrv.mlw", line 2444, characters 111-177:
Sub-goal precondition of goal expressionemissionmixin___typeddict_field_access'vc.
Prover result is: Valid (0.01s, 10923 steps).

File "/tmp/.pycsl_zd4iwyrv.mlw", line 2402, characters 15-19:
Sub-goal postcondition of goal expressionemissionmixin___typeddict_field_access'vc.
Prover result is: Valid (0.01s, 10989 steps).

File "/tmp/.pycsl_zd4iwyrv.mlw", line 2402, characters 15-19:
Sub-goal postcondition of goal expressionemissionmixin___typeddict_field_access'vc.
Prover result is: Valid (0.01s, 6425 steps).

File "/tmp/.pycsl_zd4iwyrv.mlw", line 2402, characters 15-19:
Sub-goal postcondition of goal expressionemissionmixin___typeddict_field_access'vc.
Prover result is: Valid (0.01s, 10799 steps).

File "/tmp/.pycsl_zd4iwyrv.mlw", line 2444, characters 111-177:
Sub-goal precondition of goal expressionemissionmixin___typeddict_field_access'vc.
Prover result is: Valid (0.01s, 10846 steps).

File "/tmp/.pycsl_zd4iwyrv.mlw", line 2402, characters 15-19:
Sub-goal postcondition of goal expressionemissionmixin___typeddict_field_access'vc.
Prover result is: Valid (0.01s, 10912 steps).

File "/tmp/.pycsl_zd4iwyrv.mlw", line 2453, characters 15-19:
Sub-goal postcondition of goal expressionemissionmixin___typeddict_record_literal'vc.
Prover result is: Valid (0.01s, 7547 steps).

File "/tmp/.pycsl_zd4iwyrv.mlw", line 2475, characters 20-42:
Sub-goal loop invariant init of goal expressionemissionmixin___typeddict_record_literal'vc.
Prover result is: Valid (0.00s, 7564 steps).

File "/tmp/.pycsl_zd4iwyrv.mlw", line 2453, characters 15-19:
Sub-goal postcondition of goal expressionemissionmixin___typeddict_record_literal'vc.
Prover result is: Valid (0.01s, 4448 steps).

File "/tmp/.pycsl_zd4iwyrv.mlw", line 2496, characters 22-44:
Sub-goal loop invariant init of goal expressionemissionmixin___typeddict_record_literal'vc.
Prover result is: Valid (0.00s, 7978 steps).

File "/tmp/.pycsl_zd4iwyrv.mlw", line 2497, characters 20-117:
Sub-goal loop variant decrease of goal expressionemissionmixin___typeddict_record_literal'vc.
Prover result is: Valid (0.03s, 190225 steps).

File "/tmp/.pycsl_zd4iwyrv.mlw", line 2496, characters 22-44:
Sub-goal loop invariant preservation of goal expressionemissionmixin___typeddict_record_literal'vc.
Prover result is: Valid (0.02s, 116014 steps).

File "/tmp/.pycsl_zd4iwyrv.mlw", line 2497, characters 20-117:
Sub-goal loop variant decrease of goal expressionemissionmixin___typeddict_record_literal'vc.
Prover result is: Valid (0.02s, 134466 steps).

File "/tmp/.pycsl_zd4iwyrv.mlw", line 2496, characters 22-44:
Sub-goal loop invariant preservation of goal expressionemissionmixin___typeddict_record_literal'vc.
Prover result is: Valid (0.02s, 122653 steps).

File "/tmp/.pycsl_zd4iwyrv.mlw", line 2518, characters 22-38:
Sub-goal loop invariant init of goal expressionemissionmixin___typeddict_record_literal'vc.
Prover result is: Valid (0.01s, 8489 steps).

File "/tmp/.pycsl_zd4iwyrv.mlw", line 2523, characters 65-126:
Sub-goal precondition of goal expressionemissionmixin___typeddict_record_literal'vc.
Prover result is: Valid (0.00s, 8832 steps).

File "/tmp/.pycsl_zd4iwyrv.mlw", line 2519, characters 20-175:
Sub-goal loop variant decrease of goal expressionemissionmixin___typeddict_record_literal'vc.
Prover result is: Valid (0.02s, 126818 steps).

File "/tmp/.pycsl_zd4iwyrv.mlw", line 2518, characters 22-38:
Sub-goal loop invariant preservation of goal expressionemissionmixin___typeddict_record_literal'vc.
Prover result is: Valid (0.02s, 118986 steps).

File "/tmp/.pycsl_zd4iwyrv.mlw", line 2453, characters 15-19:
Sub-goal postcondition of goal expressionemissionmixin___typeddict_record_literal'vc.
Prover result is: Valid (0.00s, 8734 steps).

File "/tmp/.pycsl_zd4iwyrv.mlw", line 2476, characters 18-74:
Sub-goal loop variant decrease of goal expressionemissionmixin___typeddict_record_literal'vc.
Prover result is: Valid (0.02s, 76636 steps).

File "/tmp/.pycsl_zd4iwyrv.mlw", line 2475, characters 20-42:
Sub-goal loop invariant preservation of goal expressionemissionmixin___typeddict_record_literal'vc.
Prover result is: Valid (0.02s, 76462 steps).

File "/tmp/.pycsl_zd4iwyrv.mlw", line 2453, characters 15-19:
Sub-goal postcondition of goal expressionemissionmixin___typeddict_record_literal'vc.
Prover result is: Valid (0.00s, 4326 steps).

File "/tmp/.pycsl_zd4iwyrv.mlw", line 2496, characters 22-44:
Sub-goal loop invariant init of goal expressionemissionmixin___typeddict_record_literal'vc.
Prover result is: Valid (0.01s, 7772 steps).

File "/tmp/.pycsl_zd4iwyrv.mlw", line 2497, characters 20-117:
Sub-goal loop variant decrease of goal expressionemissionmixin___typeddict_record_literal'vc.
Prover result is: Valid (0.03s, 184167 steps).

File "/tmp/.pycsl_zd4iwyrv.mlw", line 2496, characters 22-44:
Sub-goal loop invariant preservation of goal expressionemissionmixin___typeddict_record_literal'vc.
Prover result is: Valid (0.02s, 119970 steps).

File "/tmp/.pycsl_zd4iwyrv.mlw", line 2497, characters 20-117:
Sub-goal loop variant decrease of goal expressionemissionmixin___typeddict_record_literal'vc.
Prover result is: Valid (0.03s, 127677 steps).

File "/tmp/.pycsl_zd4iwyrv.mlw", line 2496, characters 22-44:
Sub-goal loop invariant preservation of goal expressionemissionmixin___typeddict_record_literal'vc.
Prover result is: Valid (0.02s, 115568 steps).

File "/tmp/.pycsl_zd4iwyrv.mlw", line 2518, characters 22-38:
Sub-goal loop invariant init of goal expressionemissionmixin___typeddict_record_literal'vc.
Prover result is: Valid (0.01s, 8287 steps).

File "/tmp/.pycsl_zd4iwyrv.mlw", line 2523, characters 65-126:
Sub-goal precondition of goal expressionemissionmixin___typeddict_record_literal'vc.
Prover result is: Valid (0.01s, 8673 steps).

File "/tmp/.pycsl_zd4iwyrv.mlw", line 2519, characters 20-175:
Sub-goal loop variant decrease of goal expressionemissionmixin___typeddict_record_literal'vc.
Prover result is: Valid (0.02s, 123721 steps).

File "/tmp/.pycsl_zd4iwyrv.mlw", line 2518, characters 22-38:
Sub-goal loop invariant preservation of goal expressionemissionmixin___typeddict_record_literal'vc.
Prover result is: Valid (0.02s, 115930 steps).

File "/tmp/.pycsl_zd4iwyrv.mlw", line 2453, characters 15-19:
Sub-goal postcondition of goal expressionemissionmixin___typeddict_record_literal'vc.
Prover result is: Valid (0.01s, 8534 steps).

File "/tmp/.pycsl_zd4iwyrv.mlw", line 2533, characters 15-19:
Sub-goal postcondition of goal expressionemissionmixin___union_none_ctor_for'vc.
Prover result is: Valid (0.01s, 4169 steps).

File "/tmp/.pycsl_zd4iwyrv.mlw", line 2533, characters 15-19:
Sub-goal postcondition of goal expressionemissionmixin___union_none_ctor_for'vc.
Prover result is: Valid (0.01s, 7698 steps).

File "/tmp/.pycsl_zd4iwyrv.mlw", line 2533, characters 15-19:
Sub-goal postcondition of goal expressionemissionmixin___union_none_ctor_for'vc.
Prover result is: Valid (0.00s, 8988 steps).

File "/tmp/.pycsl_zd4iwyrv.mlw", line 2556, characters 28-50:
Sub-goal loop invariant init of goal expressionemissionmixin___union_none_ctor_for'vc.
Prover result is: Valid (0.01s, 8990 steps).

File "/tmp/.pycsl_zd4iwyrv.mlw", line 2533, characters 15-19:
Sub-goal postcondition of goal expressionemissionmixin___union_none_ctor_for'vc.
Prover result is: Valid (0.00s, 9262 steps).

File "/tmp/.pycsl_zd4iwyrv.mlw", line 2557, characters 26-159:
Sub-goal loop variant decrease of goal expressionemissionmixin___union_none_ctor_for'vc.
Prover result is: Valid (0.02s, 98411 steps).

File "/tmp/.pycsl_zd4iwyrv.mlw", line 2556, characters 28-50:
Sub-goal loop invariant preservation of goal expressionemissionmixin___union_none_ctor_for'vc.
Prover result is: Valid (0.02s, 98159 steps).

File "/tmp/.pycsl_zd4iwyrv.mlw", line 2533, characters 15-19:
Sub-goal postcondition of goal expressionemissionmixin___union_none_ctor_for'vc.
Prover result is: Valid (0.01s, 9043 steps).

File "/tmp/.pycsl_zd4iwyrv.mlw", line 2533, characters 15-19:
Sub-goal postcondition of goal expressionemissionmixin___union_none_ctor_for'vc.
Prover result is: Valid (0.00s, 7418 steps).

File "/tmp/.pycsl_zd4iwyrv.mlw", line 2533, characters 15-19:
Sub-goal postcondition of goal expressionemissionmixin___union_none_ctor_for'vc.
Prover result is: Valid (0.01s, 7838 steps).

File "/tmp/.pycsl_zd4iwyrv.mlw", line 2533, characters 15-19:
Sub-goal postcondition of goal expressionemissionmixin___union_none_ctor_for'vc.
Prover result is: Valid (0.00s, 9205 steps).

File "/tmp/.pycsl_zd4iwyrv.mlw", line 2583, characters 30-52:
Sub-goal loop invariant init of goal expressionemissionmixin___union_none_ctor_for'vc.
Prover result is: Valid (0.01s, 9207 steps).

File "/tmp/.pycsl_zd4iwyrv.mlw", line 2533, characters 15-19:
Sub-goal postcondition of goal expressionemissionmixin___union_none_ctor_for'vc.
Prover result is: Valid (0.01s, 9477 steps).

File "/tmp/.pycsl_zd4iwyrv.mlw", line 2584, characters 28-161:
Sub-goal loop variant decrease of goal expressionemissionmixin___union_none_ctor_for'vc.
Prover result is: Valid (0.02s, 105325 steps).

File "/tmp/.pycsl_zd4iwyrv.mlw", line 2583, characters 30-52:
Sub-goal loop invariant preservation of goal expressionemissionmixin___union_none_ctor_for'vc.
Prover result is: Valid (0.02s, 105054 steps).

File "/tmp/.pycsl_zd4iwyrv.mlw", line 2533, characters 15-19:
Sub-goal postcondition of goal expressionemissionmixin___union_none_ctor_for'vc.
Prover result is: Valid (0.01s, 9258 steps).

Warnings/Errors from Why3:
Warning, file "/tmp/.pycsl_zd4iwyrv.mlw", line 669, characters 17-19: unused variable x0
Warning, file "/tmp/.pycsl_zd4iwyrv.mlw", line 670, characters 17-19: unused variable x0
Warning, file "/tmp/.pycsl_zd4iwyrv.mlw", line 718, characters 20-23: unused variable sep
Warning, file "/tmp/.pycsl_zd4iwyrv.mlw", line 718, characters 34-36: unused variable xs
Warning, file "/tmp/.pycsl_zd4iwyrv.mlw", line 728, characters 27-30: unused variable sep
Warning, file "/tmp/.pycsl_zd4iwyrv.mlw", line 728, characters 41-42: unused variable i
Warning, file "/tmp/.pycsl_zd4iwyrv.mlw", line 778, characters 49-53: unused variable self
Warning, file "/tmp/.pycsl_zd4iwyrv.mlw", line 778, characters 81-85: unused variable decl
Warning, file "/tmp/.pycsl_zd4iwyrv.mlw", line 783, characters 15-19: unused variable result
Warning, file "/tmp/.pycsl_zd4iwyrv.mlw", line 790, characters 50-54: unused variable self
Warning, file "/tmp/.pycsl_zd4iwyrv.mlw", line 792, characters 15-19: unused variable result
Warning, file "/tmp/.pycsl_zd4iwyrv.mlw", line 824, characters 52-56: unused variable self
Warning, file "/tmp/.pycsl_zd4iwyrv.mlw", line 824, characters 84-88: unused variable args
Warning, file "/tmp/.pycsl_zd4iwyrv.mlw", line 824, characters 105-114: unused variable func_name
Warning, file "/tmp/.pycsl_zd4iwyrv.mlw", line 826, characters 15-19: unused variable result
Warning, file "/tmp/.pycsl_zd4iwyrv.mlw", line 828, characters 85-89: unused variable expr
Warning, file "/tmp/.pycsl_zd4iwyrv.mlw", line 828, characters 97-101: unused variable args
Warning, file "/tmp/.pycsl_zd4iwyrv.mlw", line 828, characters 118-127: unused variable func_name
Warning, file "/tmp/.pycsl_zd4iwyrv.mlw", line 828, characters 138-148: unused variable local_refs
Warning, file "/tmp/.pycsl_zd4iwyrv.mlw", line 828, characters 156-169: unused variable invariant_ctx
Warning, file "/tmp/.pycsl_zd4iwyrv.mlw", line 828, characters 177-182: unused variable subst
Warning, file "/tmp/.pycsl_zd4iwyrv.mlw", line 830, characters 15-19: unused variable result
Warning, file "/tmp/.pycsl_zd4iwyrv.mlw", line 833, characters 89-93: unused variable args
Warning, file "/tmp/.pycsl_zd4iwyrv.mlw", line 833, characters 110-119: unused variable func_name
Warning, file "/tmp/.pycsl_zd4iwyrv.mlw", line 833, characters 130-140: unused variable kwargs_map
Warning, file "/tmp/.pycsl_zd4iwyrv.mlw", line 833, characters 148-157: unused variable kwargs_ir
Warning, file "/tmp/.pycsl_zd4iwyrv.mlw", line 835, characters 15-19: unused variable result
Warning, file "/tmp/.pycsl_zd4iwyrv.mlw", line 840, characters 15-19: unused variable result
Warning, file "/tmp/.pycsl_zd4iwyrv.mlw", line 865, characters 52-56: unused variable self
Warning, file "/tmp/.pycsl_zd4iwyrv.mlw", line 865, characters 84-88: unused variable args
Warning, file "/tmp/.pycsl_zd4iwyrv.mlw", line 865, characters 105-116: unused variable param_types
Warning, file "/tmp/.pycsl_zd4iwyrv.mlw", line 867, characters 15-19: unused variable result
Warning, file "/tmp/.pycsl_zd4iwyrv.mlw", line 871, characters 48-52: unused variable self
Warning, file "/tmp/.pycsl_zd4iwyrv.mlw", line 873, characters 15-19: unused variable result
Warning, file "/tmp/.pycsl_zd4iwyrv.mlw", line 891, characters 8-14: unused variable prefix
Warning, file "/tmp/.pycsl_zd4iwyrv.mlw", line 884, characters 47-51: unused variable self
Warning, file "/tmp/.pycsl_zd4iwyrv.mlw", line 886, characters 15-19: unused variable result
Warning, file "/tmp/.pycsl_zd4iwyrv.mlw", line 930, characters 87-91: unused variable expr
Warning, file "/tmp/.pycsl_zd4iwyrv.mlw", line 930, characters 99-103: unused variable args
Warning, file "/tmp/.pycsl_zd4iwyrv.mlw", line 930, characters 120-129: unused variable func_name
Warning, file "/tmp/.pycsl_zd4iwyrv.mlw", line 930, characters 140-150: unused variable local_refs
Warning, file "/tmp/.pycsl_zd4iwyrv.mlw", line 930, characters 158-171: unused variable invariant_ctx
Warning, file "/tmp/.pycsl_zd4iwyrv.mlw", line 930, characters 179-184: unused variable subst
Warning, file "/tmp/.pycsl_zd4iwyrv.mlw", line 932, characters 15-19: unused variable result
Warning, file "/tmp/.pycsl_zd4iwyrv.mlw", line 935, characters 39-43: unused variable self
Warning, file "/tmp/.pycsl_zd4iwyrv.mlw", line 937, characters 15-19: unused variable result
Warning, file "/tmp/.pycsl_zd4iwyrv.mlw", line 942, characters 87-101: unused variable result_ensures
Warning, file "/tmp/.pycsl_zd4iwyrv.mlw", line 942, characters 115-116: unused variable n
Warning, file "/tmp/.pycsl_zd4iwyrv.mlw", line 942, characters 124-135: unused variable param_types
Warning, file "/tmp/.pycsl_zd4iwyrv.mlw", line 942, characters 152-162: unused variable field_spec
Warning, file "/tmp/.pycsl_zd4iwyrv.mlw", line 944, characters 15-19: unused variable result
Warning, file "/tmp/.pycsl_zd4iwyrv.mlw", line 947, characters 50-54: unused variable self
Warning, file "/tmp/.pycsl_zd4iwyrv.mlw", line 949, characters 15-19: unused variable result
Warning, file "/tmp/.pycsl_zd4iwyrv.mlw", line 976, characters 52-56: unused variable self
Warning, file "/tmp/.pycsl_zd4iwyrv.mlw", line 978, characters 15-19: unused variable result
Warning, file "/tmp/.pycsl_zd4iwyrv.mlw", line 1009, characters 15-19: unused variable result
Warning, file "/tmp/.pycsl_zd4iwyrv.mlw", line 1029, characters 67-69: unused variable ir
Warning, file "/tmp/.pycsl_zd4iwyrv.mlw", line 1029, characters 77-79: unused variable lr
Warning, file "/tmp/.pycsl_zd4iwyrv.mlw", line 1031, characters 15-19: unused variable result
Warning, file "/tmp/.pycsl_zd4iwyrv.mlw", line 1034, characters 55-59: unused variable self
Warning, file "/tmp/.pycsl_zd4iwyrv.mlw", line 1034, characters 87-94: unused variable op_char
Warning, file "/tmp/.pycsl_zd4iwyrv.mlw", line 1034, characters 105-109: unused variable expr
Warning, file "/tmp/.pycsl_zd4iwyrv.mlw", line 1034, characters 117-121: unused variable left
Warning, file "/tmp/.pycsl_zd4iwyrv.mlw", line 1034, characters 132-137: unused variable right
Warning, file "/tmp/.pycsl_zd4iwyrv.mlw", line 1036, characters 15-19: unused variable result
Warning, file "/tmp/.pycsl_zd4iwyrv.mlw", line 1038, characters 60-64: unused variable self
Warning, file "/tmp/.pycsl_zd4iwyrv.mlw", line 1038, characters 92-101: unused variable func_name
Warning, file "/tmp/.pycsl_zd4iwyrv.mlw", line 1038, characters 112-116: unused variable expr
Warning, file "/tmp/.pycsl_zd4iwyrv.mlw", line 1038, characters 124-128: unused variable args
Warning, file "/tmp/.pycsl_zd4iwyrv.mlw", line 1040, characters 15-19: unused variable result
Warning, file "/tmp/.pycsl_zd4iwyrv.mlw", line 1042, characters 81-83: unused variable op
Warning, file "/tmp/.pycsl_zd4iwyrv.mlw", line 1042, characters 94-98: unused variable expr
Warning, file "/tmp/.pycsl_zd4iwyrv.mlw", line 1042, characters 106-110: unused variable left
Warning, file "/tmp/.pycsl_zd4iwyrv.mlw", line 1042, characters 121-126: unused variable right
Warning, file "/tmp/.pycsl_zd4iwyrv.mlw", line 1042, characters 137-147: unused variable local_refs
Warning, file "/tmp/.pycsl_zd4iwyrv.mlw", line 1042, characters 155-168: unused variable invariant_ctx
Warning, file "/tmp/.pycsl_zd4iwyrv.mlw", line 1042, characters 176-181: unused variable subst
Warning, file "/tmp/.pycsl_zd4iwyrv.mlw", line 1044, characters 15-19: unused variable result
Warning, file "/tmp/.pycsl_zd4iwyrv.mlw", line 1047, characters 52-56: unused variable self
Warning, file "/tmp/.pycsl_zd4iwyrv.mlw", line 1051, characters 79-83: unused variable expr
Warning, file "/tmp/.pycsl_zd4iwyrv.mlw", line 1051, characters 95-105: unused variable local_refs
Warning, file "/tmp/.pycsl_zd4iwyrv.mlw", line 1051, characters 130-143: unused variable invariant_ctx
Warning, file "/tmp/.pycsl_zd4iwyrv.mlw", line 1051, characters 151-156: unused variable subst
Warning, file "/tmp/.pycsl_zd4iwyrv.mlw", line 1053, characters 15-19: unused variable result
Warning, file "/tmp/.pycsl_zd4iwyrv.mlw", line 1056, characters 90-92: unused variable ir
Warning, file "/tmp/.pycsl_zd4iwyrv.mlw", line 1056, characters 104-114: unused variable local_refs
Warning, file "/tmp/.pycsl_zd4iwyrv.mlw", line 1058, characters 15-19: unused variable result
Warning, file "/tmp/.pycsl_zd4iwyrv.mlw", line 1065, characters 15-19: unused variable result
Warning, file "/tmp/.pycsl_zd4iwyrv.mlw", line 1138, characters 32-36: unused variable result
Warning, file "/tmp/.pycsl_zd4iwyrv.mlw", line 1129, characters 32-36: unused variable result
Warning, file "/tmp/.pycsl_zd4iwyrv.mlw", line 1113, characters 32-36: unused variable result
Warning, file "/tmp/.pycsl_zd4iwyrv.mlw", line 1147, characters 15-19: unused variable result
Warning, file "/tmp/.pycsl_zd4iwyrv.mlw", line 1164, characters 52-56: unused variable self
Warning, file "/tmp/.pycsl_zd4iwyrv.mlw", line 1166, characters 15-19: unused variable result
Warning, file "/tmp/.pycsl_zd4iwyrv.mlw", line 1184, characters 15-19: unused variable result
Warning, file "/tmp/.pycsl_zd4iwyrv.mlw", line 1206, characters 8-14: unused variable py_ref
Warning, file "/tmp/.pycsl_zd4iwyrv.mlw", line 1199, characters 158-163: unused variable subst
Warning, file "/tmp/.pycsl_zd4iwyrv.mlw", line 1201, characters 15-19: unused variable result
Warning, file "/tmp/.pycsl_zd4iwyrv.mlw", line 1244, characters 8-9: unused variable d
Warning, file "/tmp/.pycsl_zd4iwyrv.mlw", line 1240, characters 8-16: unused variable py_label
Warning, file "/tmp/.pycsl_zd4iwyrv.mlw", line 1235, characters 15-19: unused variable result
Warning, file "/tmp/.pycsl_zd4iwyrv.mlw", line 1262, characters 87-91: unused variable node
Warning, file "/tmp/.pycsl_zd4iwyrv.mlw", line 1262, characters 99-109: unused variable local_refs
Warning, file "/tmp/.pycsl_zd4iwyrv.mlw", line 1262, characters 117-130: unused variable invariant_ctx
Warning, file "/tmp/.pycsl_zd4iwyrv.mlw", line 1262, characters 138-143: unused variable subst
Warning, file "/tmp/.pycsl_zd4iwyrv.mlw", line 1264, characters 15-19: unused variable result
Warning, file "/tmp/.pycsl_zd4iwyrv.mlw", line 1267, characters 78-82: unused variable node
Warning, file "/tmp/.pycsl_zd4iwyrv.mlw", line 1267, characters 90-100: unused variable local_refs
Warning, file "/tmp/.pycsl_zd4iwyrv.mlw", line 1267, characters 108-121: unused variable invariant_ctx
Warning, file "/tmp/.pycsl_zd4iwyrv.mlw", line 1267, characters 129-134: unused variable subst
Warning, file "/tmp/.pycsl_zd4iwyrv.mlw", line 1269, characters 15-19: unused variable result
Warning, file "/tmp/.pycsl_zd4iwyrv.mlw", line 1272, characters 82-86: unused variable node
Warning, file "/tmp/.pycsl_zd4iwyrv.mlw", line 1272, characters 94-104: unused variable local_refs
Warning, file "/tmp/.pycsl_zd4iwyrv.mlw", line 1272, characters 112-125: unused variable invariant_ctx
Warning, file "/tmp/.pycsl_zd4iwyrv.mlw", line 1272, characters 133-138: unused variable subst
Warning, file "/tmp/.pycsl_zd4iwyrv.mlw", line 1274, characters 15-19: unused variable result
Warning, file "/tmp/.pycsl_zd4iwyrv.mlw", line 1277, characters 84-93: unused variable func_name
Warning, file "/tmp/.pycsl_zd4iwyrv.mlw", line 1277, characters 104-108: unused variable args
Warning, file "/tmp/.pycsl_zd4iwyrv.mlw", line 1277, characters 125-132: unused variable arg_irs
Warning, file "/tmp/.pycsl_zd4iwyrv.mlw", line 1279, characters 15-19: unused variable result
Warning, file "/tmp/.pycsl_zd4iwyrv.mlw", line 1293, characters 8-12: unused variable expr
Warning, file "/tmp/.pycsl_zd4iwyrv.mlw", line 1284, characters 15-19: unused variable result
Warning, file "/tmp/.pycsl_zd4iwyrv.mlw", line 1359, characters 85-89: unused variable node
Warning, file "/tmp/.pycsl_zd4iwyrv.mlw", line 1359, characters 101-111: unused variable local_refs
Warning, file "/tmp/.pycsl_zd4iwyrv.mlw", line 1359, characters 136-149: unused variable invariant_ctx
Warning, file "/tmp/.pycsl_zd4iwyrv.mlw", line 1359, characters 157-162: unused variable subst
Warning, file "/tmp/.pycsl_zd4iwyrv.mlw", line 1361, characters 15-19: unused variable result
Warning, file "/tmp/.pycsl_zd4iwyrv.mlw", line 1364, characters 84-88: unused variable node
Warning, file "/tmp/.pycsl_zd4iwyrv.mlw", line 1364, characters 103-113: unused variable local_refs
Warning, file "/tmp/.pycsl_zd4iwyrv.mlw", line 1364, characters 138-151: unused variable invariant_ctx
Warning, file "/tmp/.pycsl_zd4iwyrv.mlw", line 1364, characters 159-164: unused variable subst
Warning, file "/tmp/.pycsl_zd4iwyrv.mlw", line 1366, characters 15-19: unused variable result
Warning, file "/tmp/.pycsl_zd4iwyrv.mlw", line 1389, characters 32-36: unused variable result
Warning, file "/tmp/.pycsl_zd4iwyrv.mlw", line 1395, characters 104-114: unused variable local_refs
Warning, file "/tmp/.pycsl_zd4iwyrv.mlw", line 1395, characters 139-152: unused variable invariant_ctx
Warning, file "/tmp/.pycsl_zd4iwyrv.mlw", line 1395, characters 160-165: unused variable subst
Warning, file "/tmp/.pycsl_zd4iwyrv.mlw", line 1397, characters 15-19: unused variable result
Warning, file "/tmp/.pycsl_zd4iwyrv.mlw", line 1411, characters 102-112: unused variable local_refs
Warning, file "/tmp/.pycsl_zd4iwyrv.mlw", line 1411, characters 137-150: unused variable invariant_ctx
Warning, file "/tmp/.pycsl_zd4iwyrv.mlw", line 1411, characters 158-163: unused variable subst
Warning, file "/tmp/.pycsl_zd4iwyrv.mlw", line 1413, characters 15-19: unused variable result
Warning, file "/tmp/.pycsl_zd4iwyrv.mlw", line 1431, characters 83-87: unused variable expr
Warning, file "/tmp/.pycsl_zd4iwyrv.mlw", line 1431, characters 95-105: unused variable local_refs
Warning, file "/tmp/.pycsl_zd4iwyrv.mlw", line 1433, characters 15-19: unused variable result
Warning, file "/tmp/.pycsl_zd4iwyrv.mlw", line 1438, characters 15-19: unused variable result
Warning, file "/tmp/.pycsl_zd4iwyrv.mlw", line 1455, characters 82-86: unused variable expr
Warning, file "/tmp/.pycsl_zd4iwyrv.mlw", line 1455, characters 94-98: unused variable args
Warning, file "/tmp/.pycsl_zd4iwyrv.mlw", line 1455, characters 115-125: unused variable local_refs
Warning, file "/tmp/.pycsl_zd4iwyrv.mlw", line 1455, characters 133-146: unused variable invariant_ctx
Warning, file "/tmp/.pycsl_zd4iwyrv.mlw", line 1455, characters 154-159: unused variable subst
Warning, file "/tmp/.pycsl_zd4iwyrv.mlw", line 1457, characters 15-19: unused variable result
Warning, file "/tmp/.pycsl_zd4iwyrv.mlw", line 1462, characters 15-19: unused variable result
Warning, file "/tmp/.pycsl_zd4iwyrv.mlw", line 1473, characters 49-53: unused variable self
Warning, file "/tmp/.pycsl_zd4iwyrv.mlw", line 1473, characters 81-85: unused variable expr
Warning, file "/tmp/.pycsl_zd4iwyrv.mlw", line 1473, characters 93-97: unused variable args
Warning, file "/tmp/.pycsl_zd4iwyrv.mlw", line 1475, characters 15-19: unused variable result
Warning, file "/tmp/.pycsl_zd4iwyrv.mlw", line 1479, characters 15-19: unused variable result
Warning, file "/tmp/.pycsl_zd4iwyrv.mlw", line 1498, characters 15-19: unused variable result
Warning, file "/tmp/.pycsl_zd4iwyrv.mlw", line 1524, characters 8-9: unused variable d
Warning, file "/tmp/.pycsl_zd4iwyrv.mlw", line 1516, characters 15-19: unused variable result
Warning, file "/tmp/.pycsl_zd4iwyrv.mlw", line 1538, characters 15-19: unused variable result
Warning, file "/tmp/.pycsl_zd4iwyrv.mlw", line 1556, characters 15-19: unused variable result
Warning, file "/tmp/.pycsl_zd4iwyrv.mlw", line 1583, characters 8-11: unused variable elt
Warning, file "/tmp/.pycsl_zd4iwyrv.mlw", line 1581, characters 8-17: unused variable py_result
Warning, file "/tmp/.pycsl_zd4iwyrv.mlw", line 1577, characters 15-19: unused variable result
Warning, file "/tmp/.pycsl_zd4iwyrv.mlw", line 1611, characters 8-14: unused variable py_val
Warning, file "/tmp/.pycsl_zd4iwyrv.mlw", line 1606, characters 15-19: unused variable result
Warning, file "/tmp/.pycsl_zd4iwyrv.mlw", line 1648, characters 8-10: unused variable sl
Warning, file "/tmp/.pycsl_zd4iwyrv.mlw", line 1642, characters 15-19: unused variable result
Warning, file "/tmp/.pycsl_zd4iwyrv.mlw", line 1686, characters 52-56: unused variable self
Warning, file "/tmp/.pycsl_zd4iwyrv.mlw", line 1686, characters 84-88: unused variable expr
Warning, file "/tmp/.pycsl_zd4iwyrv.mlw", line 1686, characters 96-100: unused variable args
Warning, file "/tmp/.pycsl_zd4iwyrv.mlw", line 1686, characters 117-126: unused variable func_name
Warning, file "/tmp/.pycsl_zd4iwyrv.mlw", line 1688, characters 15-19: unused variable result
Warning, file "/tmp/.pycsl_zd4iwyrv.mlw", line 1690, characters 82-86: unused variable node
Warning, file "/tmp/.pycsl_zd4iwyrv.mlw", line 1690, characters 94-104: unused variable local_refs
Warning, file "/tmp/.pycsl_zd4iwyrv.mlw", line 1690, characters 112-125: unused variable invariant_ctx
Warning, file "/tmp/.pycsl_zd4iwyrv.mlw", line 1690, characters 133-138: unused variable subst
Warning, file "/tmp/.pycsl_zd4iwyrv.mlw", line 1692, characters 15-19: unused variable result
Warning, file "/tmp/.pycsl_zd4iwyrv.mlw", line 1695, characters 49-53: unused variable self
Warning, file "/tmp/.pycsl_zd4iwyrv.mlw", line 1695, characters 81-85: unused variable expr
Warning, file "/tmp/.pycsl_zd4iwyrv.mlw", line 1697, characters 15-19: unused variable result
Warning, file "/tmp/.pycsl_zd4iwyrv.mlw", line 1701, characters 15-19: unused variable result
Warning, file "/tmp/.pycsl_zd4iwyrv.mlw", line 1722, characters 15-19: unused variable result
Warning, file "/tmp/.pycsl_zd4iwyrv.mlw", line 1746, characters 15-19: unused variable result
Warning, file "/tmp/.pycsl_zd4iwyrv.mlw", line 1765, characters 15-19: unused variable result
Warning, file "/tmp/.pycsl_zd4iwyrv.mlw", line 1782, characters 15-19: unused variable result
Warning, file "/tmp/.pycsl_zd4iwyrv.mlw", line 1807, characters 54-58: unused variable self
Warning, file "/tmp/.pycsl_zd4iwyrv.mlw", line 1809, characters 15-19: unused variable result
Warning, file "/tmp/.pycsl_zd4iwyrv.mlw", line 1822, characters 8-12: unused variable expr
Warning, file "/tmp/.pycsl_zd4iwyrv.mlw", line 1816, characters 15-19: unused variable result
Warning, file "/tmp/.pycsl_zd4iwyrv.mlw", line 1899, characters 48-52: unused variable self
Warning, file "/tmp/.pycsl_zd4iwyrv.mlw", line 1901, characters 15-19: unused variable result
Warning, file "/tmp/.pycsl_zd4iwyrv.mlw", line 1906, characters 49-53: unused variable self
Warning, file "/tmp/.pycsl_zd4iwyrv.mlw", line 1906, characters 81-83: unused variable ir
Warning, file "/tmp/.pycsl_zd4iwyrv.mlw", line 1907, characters 15-19: unused variable result
Warning, file "/tmp/.pycsl_zd4iwyrv.mlw", line 1911, characters 15-19: unused variable result
Warning, file "/tmp/.pycsl_zd4iwyrv.mlw", line 1933, characters 50-54: unused variable self
Warning, file "/tmp/.pycsl_zd4iwyrv.mlw", line 1935, characters 15-19: unused variable result
Warning, file "/tmp/.pycsl_zd4iwyrv.mlw", line 1947, characters 48-52: unused variable self
Warning, file "/tmp/.pycsl_zd4iwyrv.mlw", line 1947, characters 80-82: unused variable ir
Warning, file "/tmp/.pycsl_zd4iwyrv.mlw", line 1949, characters 15-19: unused variable result
Warning, file "/tmp/.pycsl_zd4iwyrv.mlw", line 1953, characters 15-19: unused variable result
Warning, file "/tmp/.pycsl_zd4iwyrv.mlw", line 1970, characters 79-81: unused variable ir
Warning, file "/tmp/.pycsl_zd4iwyrv.mlw", line 1970, characters 89-99: unused variable local_refs
Warning, file "/tmp/.pycsl_zd4iwyrv.mlw", line 1972, characters 15-19: unused variable result
Warning, file "/tmp/.pycsl_zd4iwyrv.mlw", line 1975, characters 45-49: unused variable self
Warning, file "/tmp/.pycsl_zd4iwyrv.mlw", line 1975, characters 77-79: unused variable ir
Warning, file "/tmp/.pycsl_zd4iwyrv.mlw", line 1977, characters 15-19: unused variable result
Warning, file "/tmp/.pycsl_zd4iwyrv.mlw", line 1981, characters 15-19: unused variable result
Warning, file "/tmp/.pycsl_zd4iwyrv.mlw", line 2056, characters 84-87: unused variable pat
Warning, file "/tmp/.pycsl_zd4iwyrv.mlw", line 2056, characters 95-102: unused variable subject
Warning, file "/tmp/.pycsl_zd4iwyrv.mlw", line 2056, characters 113-123: unused variable local_refs
Warning, file "/tmp/.pycsl_zd4iwyrv.mlw", line 2058, characters 15-19: unused variable result
Warning, file "/tmp/.pycsl_zd4iwyrv.mlw", line 2063, characters 15-19: unused variable result
Warning, file "/tmp/.pycsl_zd4iwyrv.mlw", line 2077, characters 15-19: unused variable result
Warning, file "/tmp/.pycsl_zd4iwyrv.mlw", line 2158, characters 82-85: unused variable var
Warning, file "/tmp/.pycsl_zd4iwyrv.mlw", line 2158, characters 117-122: unused variable token
Warning, file "/tmp/.pycsl_zd4iwyrv.mlw", line 2163, characters 83-86: unused variable var
Warning, file "/tmp/.pycsl_zd4iwyrv.mlw", line 2163, characters 119-130: unused variable binder_type
Warning, file "/tmp/.pycsl_zd4iwyrv.mlw", line 2168, characters 52-56: unused variable self
Warning, file "/tmp/.pycsl_zd4iwyrv.mlw", line 2170, characters 15-19: unused variable result
Warning, file "/tmp/.pycsl_zd4iwyrv.mlw", line 2193, characters 15-19: unused variable result
Warning, file "/tmp/.pycsl_zd4iwyrv.mlw", line 2219, characters 58-62: unused variable self
Warning, file "/tmp/.pycsl_zd4iwyrv.mlw", line 2219, characters 90-99: unused variable func_name
Warning, file "/tmp/.pycsl_zd4iwyrv.mlw", line 2223, characters 46-50: unused variable self
Warning, file "/tmp/.pycsl_zd4iwyrv.mlw", line 2223, characters 78-86: unused variable lower_ir
Warning, file "/tmp/.pycsl_zd4iwyrv.mlw", line 2223, characters 98-106: unused variable upper_ir
Warning, file "/tmp/.pycsl_zd4iwyrv.mlw", line 2225, characters 15-19: unused variable result
Warning, file "/tmp/.pycsl_zd4iwyrv.mlw", line 2229, characters 15-19: unused variable result
Warning, file "/tmp/.pycsl_zd4iwyrv.mlw", line 2243, characters 52-56: unused variable self
Warning, file "/tmp/.pycsl_zd4iwyrv.mlw", line 2245, characters 15-19: unused variable result
Warning, file "/tmp/.pycsl_zd4iwyrv.mlw", line 2296, characters 32-36: unused variable result
Warning, file "/tmp/.pycsl_zd4iwyrv.mlw", line 2328, characters 15-19: unused variable result
Warning, file "/tmp/.pycsl_zd4iwyrv.mlw", line 2351, characters 46-50: unused variable self
Warning, file "/tmp/.pycsl_zd4iwyrv.mlw", line 2351, characters 78-82: unused variable x_ir
Warning, file "/tmp/.pycsl_zd4iwyrv.mlw", line 2353, characters 15-19: unused variable result
Warning, file "/tmp/.pycsl_zd4iwyrv.mlw", line 2355, characters 73-82: unused variable whyml_str
Warning, file "/tmp/.pycsl_zd4iwyrv.mlw", line 2355, characters 93-100: unused variable ir_expr
Warning, file "/tmp/.pycsl_zd4iwyrv.mlw", line 2357, characters 15-19: unused variable result
Warning, file "/tmp/.pycsl_zd4iwyrv.mlw", line 2365, characters 8-9: unused variable p
Warning, file "/tmp/.pycsl_zd4iwyrv.mlw", line 2360, characters 53-57: unused variable self
Warning, file "/tmp/.pycsl_zd4iwyrv.mlw", line 2362, characters 15-19: unused variable result
Warning, file "/tmp/.pycsl_zd4iwyrv.mlw", line 2384, characters 8-9: unused variable p
Warning, file "/tmp/.pycsl_zd4iwyrv.mlw", line 2379, characters 50-54: unused variable self
Warning, file "/tmp/.pycsl_zd4iwyrv.mlw", line 2381, characters 15-19: unused variable result
Warning, file "/tmp/.pycsl_zd4iwyrv.mlw", line 2402, characters 15-19: unused variable result
Warning, file "/tmp/.pycsl_zd4iwyrv.mlw", line 2465, characters 8-13: unused variable fname
Warning, file "/tmp/.pycsl_zd4iwyrv.mlw", line 2460, characters 8-14: unused variable py_val
Warning, file "/tmp/.pycsl_zd4iwyrv.mlw", line 2458, characters 8-17: unused variable parts_len
Warning, file "/tmp/.pycsl_zd4iwyrv.mlw", line 2453, characters 15-19: unused variable result
Warning, file "/tmp/.pycsl_zd4iwyrv.mlw", line 2533, characters 15-19: unused variable result
Warning, file "/tmp/.pycsl_zd4iwyrv.mlw", line 2604, characters 23-27: unused variable self
Warning, file "/tmp/.pycsl_zd4iwyrv.mlw", line 2619, characters 19-21: unused variable ir
Warning, file "/tmp/.pycsl_zd4iwyrv.mlw", line 669, characters 17-19: unused variable x0
Warning, file "/tmp/.pycsl_zd4iwyrv.mlw", line 670, characters 17-19: unused variable x0
Warning, file "/tmp/.pycsl_zd4iwyrv.mlw", line 718, characters 20-23: unused variable sep
Warning, file "/tmp/.pycsl_zd4iwyrv.mlw", line 718, characters 34-36: unused variable xs
Warning, file "/tmp/.pycsl_zd4iwyrv.mlw", line 728, characters 27-30: unused variable sep
Warning, file "/tmp/.pycsl_zd4iwyrv.mlw", line 728, characters 41-42: unused variable i
Warning, file "/tmp/.pycsl_zd4iwyrv.mlw", line 778, characters 49-53: unused variable self
Warning, file "/tmp/.pycsl_zd4iwyrv.mlw", line 778, characters 81-85: unused variable decl
Warning, file "/tmp/.pycsl_zd4iwyrv.mlw", line 783, characters 15-19: unused variable result
Warning, file "/tmp/.pycsl_zd4iwyrv.mlw", line 790, characters 50-54: unused variable self
Warning, file "/tmp/.pycsl_zd4iwyrv.mlw", line 792, characters 15-19: unused variable result
Warning, file "/tmp/.pycsl_zd4iwyrv.mlw", line 824, characters 52-56: unused variable self
Warning, file "/tmp/.pycsl_zd4iwyrv.mlw", line 824, characters 84-88: unused variable args
Warning, file "/tmp/.pycsl_zd4iwyrv.mlw", line 824, characters 105-114: unused variable func_name
Warning, file "/tmp/.pycsl_zd4iwyrv.mlw", line 826, characters 15-19: unused variable result
Warning, file "/tmp/.pycsl_zd4iwyrv.mlw", line 828, characters 85-89: unused variable expr
Warning, file "/tmp/.pycsl_zd4iwyrv.mlw", line 828, characters 97-101: unused variable args
Warning, file "/tmp/.pycsl_zd4iwyrv.mlw", line 828, characters 118-127: unused variable func_name
Warning, file "/tmp/.pycsl_zd4iwyrv.mlw", line 828, characters 138-148: unused variable local_refs
Warning, file "/tmp/.pycsl_zd4iwyrv.mlw", line 828, characters 156-169: unused variable invariant_ctx
Warning, file "/tmp/.pycsl_zd4iwyrv.mlw", line 828, characters 177-182: unused variable subst
Warning, file "/tmp/.pycsl_zd4iwyrv.mlw", line 830, characters 15-19: unused variable result
Warning, file "/tmp/.pycsl_zd4iwyrv.mlw", line 833, characters 89-93: unused variable args
Warning, file "/tmp/.pycsl_zd4iwyrv.mlw", line 833, characters 110-119: unused variable func_name
Warning, file "/tmp/.pycsl_zd4iwyrv.mlw", line 833, characters 130-140: unused variable kwargs_map
Warning, file "/tmp/.pycsl_zd4iwyrv.mlw", line 833, characters 148-157: unused variable kwargs_ir
Warning, file "/tmp/.pycsl_zd4iwyrv.mlw", line 835, characters 15-19: unused variable result
Warning, file "/tmp/.pycsl_zd4iwyrv.mlw", line 840, characters 15-19: unused variable result
Warning, file "/tmp/.pycsl_zd4iwyrv.mlw", line 865, characters 52-56: unused variable self
Warning, file "/tmp/.pycsl_zd4iwyrv.mlw", line 865, characters 84-88: unused variable args
Warning, file "/tmp/.pycsl_zd4iwyrv.mlw", line 865, characters 105-116: unused variable param_types
Warning, file "/tmp/.pycsl_zd4iwyrv.mlw", line 867, characters 15-19: unused variable result
Warning, file "/tmp/.pycsl_zd4iwyrv.mlw", line 871, characters 48-52: unused variable self
Warning, file "/tmp/.pycsl_zd4iwyrv.mlw", line 873, characters 15-19: unused variable result
Warning, file "/tmp/.pycsl_zd4iwyrv.mlw", line 891, characters 8-14: unused variable prefix
Warning, file "/tmp/.pycsl_zd4iwyrv.mlw", line 884, characters 47-51: unused variable self
Warning, file "/tmp/.pycsl_zd4iwyrv.mlw", line 886, characters 15-19: unused variable result
Warning, file "/tmp/.pycsl_zd4iwyrv.mlw", line 930, characters 87-91: unused variable expr
Warning, file "/tmp/.pycsl_zd4iwyrv.mlw", line 930, characters 99-103: unused variable args
Warning, file "/tmp/.pycsl_zd4iwyrv.mlw", line 930, characters 120-129: unused variable func_name
Warning, file "/tmp/.pycsl_zd4iwyrv.mlw", line 930, characters 140-150: unused variable local_refs
Warning, file "/tmp/.pycsl_zd4iwyrv.mlw", line 930, characters 158-171: unused variable invariant_ctx
Warning, file "/tmp/.pycsl_zd4iwyrv.mlw", line 930, characters 179-184: unused variable subst
Warning, file "/tmp/.pycsl_zd4iwyrv.mlw", line 932, characters 15-19: unused variable result
Warning, file "/tmp/.pycsl_zd4iwyrv.mlw", line 935, characters 39-43: unused variable self
Warning, file "/tmp/.pycsl_zd4iwyrv.mlw", line 937, characters 15-19: unused variable result
Warning, file "/tmp/.pycsl_zd4iwyrv.mlw", line 942, characters 87-101: unused variable result_ensures
Warning, file "/tmp/.pycsl_zd4iwyrv.mlw", line 942, characters 115-116: unused variable n
Warning, file "/tmp/.pycsl_zd4iwyrv.mlw", line 942, characters 124-135: unused variable param_types
Warning, file "/tmp/.pycsl_zd4iwyrv.mlw", line 942, characters 152-162: unused variable field_spec
Warning, file "/tmp/.pycsl_zd4iwyrv.mlw", line 944, characters 15-19: unused variable result
Warning, file "/tmp/.pycsl_zd4iwyrv.mlw", line 947, characters 50-54: unused variable self
Warning, file "/tmp/.pycsl_zd4iwyrv.mlw", line 949, characters 15-19: unused variable result
Warning, file "/tmp/.pycsl_zd4iwyrv.mlw", line 976, characters 52-56: unused variable self
Warning, file "/tmp/.pycsl_zd4iwyrv.mlw", line 978, characters 15-19: unused variable result
Warning, file "/tmp/.pycsl_zd4iwyrv.mlw", line 1009, characters 15-19: unused variable result
Warning, file "/tmp/.pycsl_zd4iwyrv.mlw", line 1029, characters 67-69: unused variable ir
Warning, file "/tmp/.pycsl_zd4iwyrv.mlw", line 1029, characters 77-79: unused variable lr
Warning, file "/tmp/.pycsl_zd4iwyrv.mlw", line 1031, characters 15-19: unused variable result
Warning, file "/tmp/.pycsl_zd4iwyrv.mlw", line 1034, characters 55-59: unused variable self
Warning, file "/tmp/.pycsl_zd4iwyrv.mlw", line 1034, characters 87-94: unused variable op_char
Warning, file "/tmp/.pycsl_zd4iwyrv.mlw", line 1034, characters 105-109: unused variable expr
Warning, file "/tmp/.pycsl_zd4iwyrv.mlw", line 1034, characters 117-121: unused variable left
Warning, file "/tmp/.pycsl_zd4iwyrv.mlw", line 1034, characters 132-137: unused variable right
Warning, file "/tmp/.pycsl_zd4iwyrv.mlw", line 1036, characters 15-19: unused variable result
Warning, file "/tmp/.pycsl_zd4iwyrv.mlw", line 1038, characters 60-64: unused variable self
Warning, file "/tmp/.pycsl_zd4iwyrv.mlw", line 1038, characters 92-101: unused variable func_name
Warning, file "/tmp/.pycsl_zd4iwyrv.mlw", line 1038, characters 112-116: unused variable expr
Warning, file "/tmp/.pycsl_zd4iwyrv.mlw", line 1038, characters 124-128: unused variable args
Warning, file "/tmp/.pycsl_zd4iwyrv.mlw", line 1040, characters 15-19: unused variable result
Warning, file "/tmp/.pycsl_zd4iwyrv.mlw", line 1042, characters 81-83: unused variable op
Warning, file "/tmp/.pycsl_zd4iwyrv.mlw", line 1042, characters 94-98: unused variable expr
Warning, file "/tmp/.pycsl_zd4iwyrv.mlw", line 1042, characters 106-110: unused variable left
Warning, file "/tmp/.pycsl_zd4iwyrv.mlw", line 1042, characters 121-126: unused variable right
Warning, file "/tmp/.pycsl_zd4iwyrv.mlw", line 1042, characters 137-147: unused variable local_refs
Warning, file "/tmp/.pycsl_zd4iwyrv.mlw", line 1042, characters 155-168: unused variable invariant_ctx
Warning, file "/tmp/.pycsl_zd4iwyrv.mlw", line 1042, characters 176-181: unused variable subst
Warning, file "/tmp/.pycsl_zd4iwyrv.mlw", line 1044, characters 15-19: unused variable result
Warning, file "/tmp/.pycsl_zd4iwyrv.mlw", line 1047, characters 52-56: unused variable self
Warning, file "/tmp/.pycsl_zd4iwyrv.mlw", line 1051, characters 79-83: unused variable expr
Warning, file "/tmp/.pycsl_zd4iwyrv.mlw", line 1051, characters 95-105: unused variable local_refs
Warning, file "/tmp/.pycsl_zd4iwyrv.mlw", line 1051, characters 130-143: unused variable invariant_ctx
Warning, file "/tmp/.pycsl_zd4iwyrv.mlw", line 1051, characters 151-156: unused variable subst
Warning, file "/tmp/.pycsl_zd4iwyrv.mlw", line 1053, characters 15-19: unused variable result
Warning, file "/tmp/.pycsl_zd4iwyrv.mlw", line 1056, characters 90-92: unused variable ir
Warning, file "/tmp/.pycsl_zd4iwyrv.mlw", line 1056, characters 104-114: unused variable local_refs
Warning, file "/tmp/.pycsl_zd4iwyrv.mlw", line 1058, characters 15-19: unused variable result
Warning, file "/tmp/.pycsl_zd4iwyrv.mlw", line 1065, characters 15-19: unused variable result
Warning, file "/tmp/.pycsl_zd4iwyrv.mlw", line 1138, characters 32-36: unused variable result
Warning, file "/tmp/.pycsl_zd4iwyrv.mlw", line 1129, characters 32-36: unused variable result
Warning, file "/tmp/.pycsl_zd4iwyrv.mlw", line 1113, characters 32-36: unused variable result
Warning, file "/tmp/.pycsl_zd4iwyrv.mlw", line 1147, characters 15-19: unused variable result
Warning, file "/tmp/.pycsl_zd4iwyrv.mlw", line 1164, characters 52-56: unused variable self
Warning, file "/tmp/.pycsl_zd4iwyrv.mlw", line 1166, characters 15-19: unused variable result
Warning, file "/tmp/.pycsl_zd4iwyrv.mlw", line 1184, characters 15-19: unused variable result
Warning, file "/tmp/.pycsl_zd4iwyrv.mlw", line 1206, characters 8-14: unused variable py_ref
Warning, file "/tmp/.pycsl_zd4iwyrv.mlw", line 1199, characters 158-163: unused variable subst
Warning, file "/tmp/.pycsl_zd4iwyrv.mlw", line 1201, characters 15-19: unused variable result
Warning, file "/tmp/.pycsl_zd4iwyrv.mlw", line 1244, characters 8-9: unused variable d
Warning, file "/tmp/.pycsl_zd4iwyrv.mlw", line 1240, characters 8-16: unused variable py_label
Warning, file "/tmp/.pycsl_zd4iwyrv.mlw", line 1235, characters 15-19: unused variable result
Warning, file "/tmp/.pycsl_zd4iwyrv.mlw", line 1262, characters 87-91: unused variable node
Warning, file "/tmp/.pycsl_zd4iwyrv.mlw", line 1262, characters 99-109: unused variable local_refs
Warning, file "/tmp/.pycsl_zd4iwyrv.mlw", line 1262, characters 117-130: unused variable invariant_ctx
Warning, file "/tmp/.pycsl_zd4iwyrv.mlw", line 1262, characters 138-143: unused variable subst
Warning, file "/tmp/.pycsl_zd4iwyrv.mlw", line 1264, characters 15-19: unused variable result
Warning, file "/tmp/.pycsl_zd4iwyrv.mlw", line 1267, characters 78-82: unused variable node
Warning, file "/tmp/.pycsl_zd4iwyrv.mlw", line 1267, characters 90-100: unused variable local_refs
Warning, file "/tmp/.pycsl_zd4iwyrv.mlw", line 1267, characters 108-121: unused variable invariant_ctx
Warning, file "/tmp/.pycsl_zd4iwyrv.mlw", line 1267, characters 129-134: unused variable subst
Warning, file "/tmp/.pycsl_zd4iwyrv.mlw", line 1269, characters 15-19: unused variable result
Warning, file "/tmp/.pycsl_zd4iwyrv.mlw", line 1272, characters 82-86: unused variable node
Warning, file "/tmp/.pycsl_zd4iwyrv.mlw", line 1272, characters 94-104: unused variable local_refs
Warning, file "/tmp/.pycsl_zd4iwyrv.mlw", line 1272, characters 112-125: unused variable invariant_ctx
Warning, file "/tmp/.pycsl_zd4iwyrv.mlw", line 1272, characters 133-138: unused variable subst
Warning, file "/tmp/.pycsl_zd4iwyrv.mlw", line 1274, characters 15-19: unused variable result
Warning, file "/tmp/.pycsl_zd4iwyrv.mlw", line 1277, characters 84-93: unused variable func_name
Warning, file "/tmp/.pycsl_zd4iwyrv.mlw", line 1277, characters 104-108: unused variable args
Warning, file "/tmp/.pycsl_zd4iwyrv.mlw", line 1277, characters 125-132: unused variable arg_irs
Warning, file "/tmp/.pycsl_zd4iwyrv.mlw", line 1279, characters 15-19: unused variable result
Warning, file "/tmp/.pycsl_zd4iwyrv.mlw", line 1293, characters 8-12: unused variable expr
Warning, file "/tmp/.pycsl_zd4iwyrv.mlw", line 1284, characters 15-19: unused variable result
Warning, file "/tmp/.pycsl_zd4iwyrv.mlw", line 1359, characters 85-89: unused variable node
Warning, file "/tmp/.pycsl_zd4iwyrv.mlw", line 1359, characters 101-111: unused variable local_refs
Warning, file "/tmp/.pycsl_zd4iwyrv.mlw", line 1359, characters 136-149: unused variable invariant_ctx
Warning, file "/tmp/.pycsl_zd4iwyrv.mlw", line 1359, characters 157-162: unused variable subst
Warning, file "/tmp/.pycsl_zd4iwyrv.mlw", line 1361, characters 15-19: unused variable result
Warning, file "/tmp/.pycsl_zd4iwyrv.mlw", line 1364, characters 84-88: unused variable node
Warning, file "/tmp/.pycsl_zd4iwyrv.mlw", line 1364, characters 103-113: unused variable local_refs
Warning, file "/tmp/.pycsl_zd4iwyrv.mlw", line 1364, characters 138-151: unused variable invariant_ctx
Warning, file "/tmp/.pycsl_zd4iwyrv.mlw", line 1364, characters 159-164: unused variable subst
Warning, file "/tmp/.pycsl_zd4iwyrv.mlw", line 1366, characters 15-19: unused variable result
Warning, file "/tmp/.pycsl_zd4iwyrv.mlw", line 1389, characters 32-36: unused variable result
Warning, file "/tmp/.pycsl_zd4iwyrv.mlw", line 1395, characters 104-114: unused variable local_refs
Warning, file "/tmp/.pycsl_zd4iwyrv.mlw", line 1395, characters 139-152: unused variable invariant_ctx
Warning, file "/tmp/.pycsl_zd4iwyrv.mlw", line 1395, characters 160-165: unused variable subst
Warning, file "/tmp/.pycsl_zd4iwyrv.mlw", line 1397, characters 15-19: unused variable result
Warning, file "/tmp/.pycsl_zd4iwyrv.mlw", line 1411, characters 102-112: unused variable local_refs
Warning, file "/tmp/.pycsl_zd4iwyrv.mlw", line 1411, characters 137-150: unused variable invariant_ctx
Warning, file "/tmp/.pycsl_zd4iwyrv.mlw", line 1411, characters 158-163: unused variable subst
Warning, file "/tmp/.pycsl_zd4iwyrv.mlw", line 1413, characters 15-19: unused variable result
Warning, file "/tmp/.pycsl_zd4iwyrv.mlw", line 1431, characters 83-87: unused variable expr
Warning, file "/tmp/.pycsl_zd4iwyrv.mlw", line 1431, characters 95-105: unused variable local_refs
Warning, file "/tmp/.pycsl_zd4iwyrv.mlw", line 1433, characters 15-19: unused variable result
Warning, file "/tmp/.pycsl_zd4iwyrv.mlw", line 1438, characters 15-19: unused variable result
Warning, file "/tmp/.pycsl_zd4iwyrv.mlw", line 1455, characters 82-86: unused variable expr
Warning, file "/tmp/.pycsl_zd4iwyrv.mlw", line 1455, characters 94-98: unused variable args
Warning, file "/tmp/.pycsl_zd4iwyrv.mlw", line 1455, characters 115-125: unused variable local_refs
Warning, file "/tmp/.pycsl_zd4iwyrv.mlw", line 1455, characters 133-146: unused variable invariant_ctx
Warning, file "/tmp/.pycsl_zd4iwyrv.mlw", line 1455, characters 154-159: unused variable subst
Warning, file "/tmp/.pycsl_zd4iwyrv.mlw", line 1457, characters 15-19: unused variable result
Warning, file "/tmp/.pycsl_zd4iwyrv.mlw", line 1462, characters 15-19: unused variable result
Warning, file "/tmp/.pycsl_zd4iwyrv.mlw", line 1473, characters 49-53: unused variable self
Warning, file "/tmp/.pycsl_zd4iwyrv.mlw", line 1473, characters 81-85: unused variable expr
Warning, file "/tmp/.pycsl_zd4iwyrv.mlw", line 1473, characters 93-97: unused variable args
Warning, file "/tmp/.pycsl_zd4iwyrv.mlw", line 1475, characters 15-19: unused variable result
Warning, file "/tmp/.pycsl_zd4iwyrv.mlw", line 1479, characters 15-19: unused variable result
Warning, file "/tmp/.pycsl_zd4iwyrv.mlw", line 1498, characters 15-19: unused variable result
Warning, file "/tmp/.pycsl_zd4iwyrv.mlw", line 1524, characters 8-9: unused variable d
Warning, file "/tmp/.pycsl_zd4iwyrv.mlw", line 1516, characters 15-19: unused variable result
Warning, file "/tmp/.pycsl_zd4iwyrv.mlw", line 1538, characters 15-19: unused variable result
Warning, file "/tmp/.pycsl_zd4iwyrv.mlw", line 1556, characters 15-19: unused variable result
Warning, file "/tmp/.pycsl_zd4iwyrv.mlw", line 1583, characters 8-11: unused variable elt
Warning, file "/tmp/.pycsl_zd4iwyrv.mlw", line 1581, characters 8-17: unused variable py_result
Warning, file "/tmp/.pycsl_zd4iwyrv.mlw", line 1577, characters 15-19: unused variable result
Warning, file "/tmp/.pycsl_zd4iwyrv.mlw", line 1611, characters 8-14: unused variable py_val
Warning, file "/tmp/.pycsl_zd4iwyrv.mlw", line 1606, characters 15-19: unused variable result
Warning, file "/tmp/.pycsl_zd4iwyrv.mlw", line 1648, characters 8-10: unused variable sl
Warning, file "/tmp/.pycsl_zd4iwyrv.mlw", line 1642, characters 15-19: unused variable result
Warning, file "/tmp/.pycsl_zd4iwyrv.mlw", line 1686, characters 52-56: unused variable self
Warning, file "/tmp/.pycsl_zd4iwyrv.mlw", line 1686, characters 84-88: unused variable expr
Warning, file "/tmp/.pycsl_zd4iwyrv.mlw", line 1686, characters 96-100: unused variable args
Warning, file "/tmp/.pycsl_zd4iwyrv.mlw", line 1686, characters 117-126: unused variable func_name
Warning, file "/tmp/.pycsl_zd4iwyrv.mlw", line 1688, characters 15-19: unused variable result
Warning, file "/tmp/.pycsl_zd4iwyrv.mlw", line 1690, characters 82-86: unused variable node
Warning, file "/tmp/.pycsl_zd4iwyrv.mlw", line 1690, characters 94-104: unused variable local_refs
Warning, file "/tmp/.pycsl_zd4iwyrv.mlw", line 1690, characters 112-125: unused variable invariant_ctx
Warning, file "/tmp/.pycsl_zd4iwyrv.mlw", line 1690, characters 133-138: unused variable subst
Warning, file "/tmp/.pycsl_zd4iwyrv.mlw", line 1692, characters 15-19: unused variable result
Warning, file "/tmp/.pycsl_zd4iwyrv.mlw", line 1695, characters 49-53: unused variable self
Warning, file "/tmp/.pycsl_zd4iwyrv.mlw", line 1695, characters 81-85: unused variable expr
Warning, file "/tmp/.pycsl_zd4iwyrv.mlw", line 1697, characters 15-19: unused variable result
Warning, file "/tmp/.pycsl_zd4iwyrv.mlw", line 1701, characters 15-19: unused variable result
Warning, file "/tmp/.pycsl_zd4iwyrv.mlw", line 1722, characters 15-19: unused variable result
Warning, file "/tmp/.pycsl_zd4iwyrv.mlw", line 1746, characters 15-19: unused variable result
Warning, file "/tmp/.pycsl_zd4iwyrv.mlw", line 1765, characters 15-19: unused variable result
Warning, file "/tmp/.pycsl_zd4iwyrv.mlw", line 1782, characters 15-19: unused variable result
Warning, file "/tmp/.pycsl_zd4iwyrv.mlw", line 1807, characters 54-58: unused variable self
Warning, file "/tmp/.pycsl_zd4iwyrv.mlw", line 1809, characters 15-19: unused variable result
Warning, file "/tmp/.pycsl_zd4iwyrv.mlw", line 1822, characters 8-12: unused variable expr
Warning, file "/tmp/.pycsl_zd4iwyrv.mlw", line 1816, characters 15-19: unused variable result
Warning, file "/tmp/.pycsl_zd4iwyrv.mlw", line 1899, characters 48-52: unused variable self
Warning, file "/tmp/.pycsl_zd4iwyrv.mlw", line 1901, characters 15-19: unused variable result
Warning, file "/tmp/.pycsl_zd4iwyrv.mlw", line 1906, characters 49-53: unused variable self
Warning, file "/tmp/.pycsl_zd4iwyrv.mlw", line 1906, characters 81-83: unused variable ir
Warning, file "/tmp/.pycsl_zd4iwyrv.mlw", line 1907, characters 15-19: unused variable result
Warning, file "/tmp/.pycsl_zd4iwyrv.mlw", line 1911, characters 15-19: unused variable result
Warning, file "/tmp/.pycsl_zd4iwyrv.mlw", line 1933, characters 50-54: unused variable self
Warning, file "/tmp/.pycsl_zd4iwyrv.mlw", line 1935, characters 15-19: unused variable result
Warning, file "/tmp/.pycsl_zd4iwyrv.mlw", line 1947, characters 48-52: unused variable self
Warning, file "/tmp/.pycsl_zd4iwyrv.mlw", line 1947, characters 80-82: unused variable ir
Warning, file "/tmp/.pycsl_zd4iwyrv.mlw", line 1949, characters 15-19: unused variable result
Warning, file "/tmp/.pycsl_zd4iwyrv.mlw", line 1953, characters 15-19: unused variable result
Warning, file "/tmp/.pycsl_zd4iwyrv.mlw", line 1970, characters 79-81: unused variable ir
Warning, file "/tmp/.pycsl_zd4iwyrv.mlw", line 1970, characters 89-99: unused variable local_refs
Warning, file "/tmp/.pycsl_zd4iwyrv.mlw", line 1972, characters 15-19: unused variable result
Warning, file "/tmp/.pycsl_zd4iwyrv.mlw", line 1975, characters 45-49: unused variable self
Warning, file "/tmp/.pycsl_zd4iwyrv.mlw", line 1975, characters 77-79: unused variable ir
Warning, file "/tmp/.pycsl_zd4iwyrv.mlw", line 1977, characters 15-19: unused variable result
Warning, file "/tmp/.pycsl_zd4iwyrv.mlw", line 1981, characters 15-19: unused variable result
Warning, file "/tmp/.pycsl_zd4iwyrv.mlw", line 2056, characters 84-87: unused variable pat
Warning, file "/tmp/.pycsl_zd4iwyrv.mlw", line 2056, characters 95-102: unused variable subject
Warning, file "/tmp/.pycsl_zd4iwyrv.mlw", line 2056, characters 113-123: unused variable local_refs
Warning, file "/tmp/.pycsl_zd4iwyrv.mlw", line 2058, characters 15-19: unused variable result
Warning, file "/tmp/.pycsl_zd4iwyrv.mlw", line 2063, characters 15-19: unused variable result
Warning, file "/tmp/.pycsl_zd4iwyrv.mlw", line 2077, characters 15-19: unused variable result
Warning, file "/tmp/.pycsl_zd4iwyrv.mlw", line 2158, characters 82-85: unused variable var
Warning, file "/tmp/.pycsl_zd4iwyrv.mlw", line 2158, characters 117-122: unused variable token
Warning, file "/tmp/.pycsl_zd4iwyrv.mlw", line 2163, characters 83-86: unused variable var
Warning, file "/tmp/.pycsl_zd4iwyrv.mlw", line 2163, characters 119-130: unused variable binder_type
Warning, file "/tmp/.pycsl_zd4iwyrv.mlw", line 2168, characters 52-56: unused variable self
Warning, file "/tmp/.pycsl_zd4iwyrv.mlw", line 2170, characters 15-19: unused variable result
Warning, file "/tmp/.pycsl_zd4iwyrv.mlw", line 2193, characters 15-19: unused variable result
Warning, file "/tmp/.pycsl_zd4iwyrv.mlw", line 2219, characters 58-62: unused variable self
Warning, file "/tmp/.pycsl_zd4iwyrv.mlw", line 2219, characters 90-99: unused variable func_name
Warning, file "/tmp/.pycsl_zd4iwyrv.mlw", line 2223, characters 46-50: unused variable self
Warning, file "/tmp/.pycsl_zd4iwyrv.mlw", line 2223, characters 78-86: unused variable lower_ir
Warning, file "/tmp/.pycsl_zd4iwyrv.mlw", line 2223, characters 98-106: unused variable upper_ir
Warning, file "/tmp/.pycsl_zd4iwyrv.mlw", line 2225, characters 15-19: unused variable result
Warning, file "/tmp/.pycsl_zd4iwyrv.mlw", line 2229, characters 15-19: unused variable result
Warning, file "/tmp/.pycsl_zd4iwyrv.mlw", line 2243, characters 52-56: unused variable self
Warning, file "/tmp/.pycsl_zd4iwyrv.mlw", line 2245, characters 15-19: unused variable result
Warning, file "/tmp/.pycsl_zd4iwyrv.mlw", line 2296, characters 32-36: unused variable result
Warning, file "/tmp/.pycsl_zd4iwyrv.mlw", line 2328, characters 15-19: unused variable result
Warning, file "/tmp/.pycsl_zd4iwyrv.mlw", line 2351, characters 46-50: unused variable self
Warning, file "/tmp/.pycsl_zd4iwyrv.mlw", line 2351, characters 78-82: unused variable x_ir
Warning, file "/tmp/.pycsl_zd4iwyrv.mlw", line 2353, characters 15-19: unused variable result
Warning, file "/tmp/.pycsl_zd4iwyrv.mlw", line 2355, characters 73-82: unused variable whyml_str
Warning, file "/tmp/.pycsl_zd4iwyrv.mlw", line 2355, characters 93-100: unused variable ir_expr
Warning, file "/tmp/.pycsl_zd4iwyrv.mlw", line 2357, characters 15-19: unused variable result
Warning, file "/tmp/.pycsl_zd4iwyrv.mlw", line 2365, characters 8-9: unused variable p
Warning, file "/tmp/.pycsl_zd4iwyrv.mlw", line 2360, characters 53-57: unused variable self
Warning, file "/tmp/.pycsl_zd4iwyrv.mlw", line 2362, characters 15-19: unused variable result
Warning, file "/tmp/.pycsl_zd4iwyrv.mlw", line 2384, characters 8-9: unused variable p
Warning, file "/tmp/.pycsl_zd4iwyrv.mlw", line 2379, characters 50-54: unused variable self
Warning, file "/tmp/.pycsl_zd4iwyrv.mlw", line 2381, characters 15-19: unused variable result
Warning, file "/tmp/.pycsl_zd4iwyrv.mlw", line 2402, characters 15-19: unused variable result
Warning, file "/tmp/.pycsl_zd4iwyrv.mlw", line 2465, characters 8-13: unused variable fname
Warning, file "/tmp/.pycsl_zd4iwyrv.mlw", line 2460, characters 8-14: unused variable py_val
Warning, file "/tmp/.pycsl_zd4iwyrv.mlw", line 2458, characters 8-17: unused variable parts_len
Warning, file "/tmp/.pycsl_zd4iwyrv.mlw", line 2453, characters 15-19: unused variable result
Warning, file "/tmp/.pycsl_zd4iwyrv.mlw", line 2533, characters 15-19: unused variable result
Warning, file "/tmp/.pycsl_zd4iwyrv.mlw", line 2604, characters 23-27: unused variable self
Warning, file "/tmp/.pycsl_zd4iwyrv.mlw", line 2619, characters 19-21: unused variable ir

[+] Verification SUCCESS! All contracts formally proven.
