/home/fabrice/git/pycsl/src/pycsl/core_ir_semantic.py:1632: UserWarning: Function 'module6_whymltranspiler___sig_val_from_let': path condition narrows a Union-typed variable without a recognized guard (is None / isinstance / TypeIs / TypeGuard). The variable retains its Union type on both branches (C8).
  _union_c8_walk(s.get("body", []) or [], union_vars, fname)
[*] Parsing and Semantic Analysis for 'src/self-annotate/src/Module6_WhyMLTranspiler.py'...
[*] Memory model: hoare
[*] Imported class from 'module6_whyml.types': TypeInferenceMixin (record + 19 method stub(s) + 1 helper(s))
[*] Imported class from 'module6_whyml.expressions': ExpressionEmissionMixin (record + 92 method stub(s) + 0 helper(s))
[*] Imported class from 'module6_whyml.statements': StatementEmissionMixin (record + 51 method stub(s) + 0 helper(s))
[*] Imported from 'module6_whyml.identifiers': ['whyml_ident'] (trusted stubs)
[*] Imported from 'module6_whyml.scc': ['sort_functions_by_scc', 'sort_functions_by_scc'] (trusted stubs)
[*] Imported from 'exception_model': ['all_phase1_exceptions', 'triggers_for', 'all_phase1_exceptions', 'all_phase1_exceptions'] (trusted stubs)
[*] Running Proof Engine (provers: Alt-Ergo,2.6.3 → Z3,4.13.3,)...

--- Verification Results ---
File "/home/fabrice/git/pycsl/scratchpad/w7/tmp/.pycsl_dt9cy9s4.mlw", line 94, characters 18-37:
Sub-goal variant decrease of goal size_pos'vc.
Prover result is: Valid (0.01s, 23676 steps).

File "/home/fabrice/git/pycsl/scratchpad/w7/tmp/.pycsl_dt9cy9s4.mlw", line 95, characters 18-36:
Sub-goal variant decrease of goal size_pos'vc.
Prover result is: Valid (0.01s, 23704 steps).

File "/home/fabrice/git/pycsl/scratchpad/w7/tmp/.pycsl_dt9cy9s4.mlw", line 92, characters 14-27:
Sub-goal postcondition of goal size_pos'vc.
Prover result is: Valid (0.11s, 336149 steps).

File "/home/fabrice/git/pycsl/scratchpad/w7/tmp/.pycsl_dt9cy9s4.mlw", line 99, characters 41-51:
Sub-goal variant decrease of goal size_list_nonneg'vc.
Prover result is: Valid (0.01s, 6210 steps).

File "/home/fabrice/git/pycsl/scratchpad/w7/tmp/.pycsl_dt9cy9s4.mlw", line 99, characters 53-71:
Sub-goal variant decrease of goal size_list_nonneg'vc.
Prover result is: Valid (0.00s, 6917 steps).

File "/home/fabrice/git/pycsl/scratchpad/w7/tmp/.pycsl_dt9cy9s4.mlw", line 98, characters 14-30:
Sub-goal postcondition of goal size_list_nonneg'vc.
Prover result is: Valid (0.01s, 22745 steps).

File "/home/fabrice/git/pycsl/scratchpad/w7/tmp/.pycsl_dt9cy9s4.mlw", line 102, characters 48-58:
Sub-goal variant decrease of goal size_dict_nonneg'vc.
Prover result is: Valid (0.00s, 6214 steps).

File "/home/fabrice/git/pycsl/scratchpad/w7/tmp/.pycsl_dt9cy9s4.mlw", line 102, characters 60-81:
Sub-goal variant decrease of goal size_dict_nonneg'vc.
Prover result is: Valid (0.01s, 7278 steps).

File "/home/fabrice/git/pycsl/scratchpad/w7/tmp/.pycsl_dt9cy9s4.mlw", line 101, characters 14-30:
Sub-goal postcondition of goal size_dict_nonneg'vc.
Prover result is: Valid (0.01s, 23980 steps).

File "/home/fabrice/git/pycsl/scratchpad/w7/tmp/.pycsl_dt9cy9s4.mlw", line 109, characters 48-68:
Sub-goal variant decrease of goal size_dict_mem'vc.
Prover result is: Valid (0.01s, 7360 steps).

File "/home/fabrice/git/pycsl/scratchpad/w7/tmp/.pycsl_dt9cy9s4.mlw", line 105, characters 29-49:
Sub-goal postcondition of goal size_dict_mem'vc.
Prover result is: Valid (0.01s, 30876 steps).

File "/home/fabrice/git/pycsl/scratchpad/w7/tmp/.pycsl_dt9cy9s4.mlw", line 136, characters 24-42:
Sub-goal variant decrease of goal wf_ir_binds'vc.
Prover result is: Valid (0.01s, 9774 steps).

File "/home/fabrice/git/pycsl/scratchpad/w7/tmp/.pycsl_dt9cy9s4.mlw", line 136, characters 24-42:
Sub-goal precondition of goal wf_ir_binds'vc.
Prover result is: Valid (0.01s, 37589 steps).

File "/home/fabrice/git/pycsl/scratchpad/w7/tmp/.pycsl_dt9cy9s4.mlw", line 132, characters 52-62:
Sub-goal postcondition of goal wf_ir_binds'vc.
Prover result is: Valid (0.52s, 693315 steps).

File "/home/fabrice/git/pycsl/scratchpad/w7/tmp/.pycsl_dt9cy9s4.mlw", line 177, characters 59-73:
Sub-goal variant decrease of goal slookup'vc.
Prover result is: Valid (0.01s, 9932 steps).

File "/home/fabrice/git/pycsl/scratchpad/w7/tmp/.pycsl_dt9cy9s4.mlw", line 188, characters 34-50:
Sub-goal variant decrease of goal sappend'vc.
Prover result is: Valid (0.01s, 9906 steps).

File "/home/fabrice/git/pycsl/scratchpad/w7/tmp/.pycsl_dt9cy9s4.mlw", line 198, characters 68-86:
Sub-goal variant decrease of goal pget_dyn'vc.
Prover result is: Valid (0.01s, 9952 steps).

File "/home/fabrice/git/pycsl/scratchpad/w7/tmp/.pycsl_dt9cy9s4.mlw", line 199, characters 24-42:
Sub-goal variant decrease of goal pget_dyn'vc.
Prover result is: Valid (0.01s, 10224 steps).

File "/home/fabrice/git/pycsl/scratchpad/w7/tmp/.pycsl_dt9cy9s4.mlw", line 195, characters 14-85:
Sub-goal postcondition of goal pget_dyn'vc.
Prover result is: Valid (0.02s, 37492 steps).

File "/home/fabrice/git/pycsl/scratchpad/w7/tmp/.pycsl_dt9cy9s4.mlw", line 203, characters 14-45:
Sub-goal postcondition of goal pget_list'vc.
Prover result is: Valid (0.01s, 35198 steps).

File "/home/fabrice/git/pycsl/scratchpad/w7/tmp/.pycsl_dt9cy9s4.mlw", line 203, characters 14-45:
Sub-goal postcondition of goal pget_list'vc.
Prover result is: Valid (0.04s, 64 steps).

File "/home/fabrice/git/pycsl/scratchpad/w7/tmp/.pycsl_dt9cy9s4.mlw", line 203, characters 14-45:
Sub-goal postcondition of goal pget_list'vc.
Prover result is: Valid (0.10s, 278853 steps).

File "/home/fabrice/git/pycsl/scratchpad/w7/tmp/.pycsl_dt9cy9s4.mlw", line 222, characters 52-73:
Sub-goal variant decrease of goal pdict_to_sdict'vc.
Prover result is: Valid (0.01s, 9906 steps).

File "/home/fabrice/git/pycsl/scratchpad/w7/tmp/.pycsl_dt9cy9s4.mlw", line 367, characters 36-42:
Sub-goal variant decrease of goal size'vc.
Prover result is: Valid (0.01s, 31028 steps).

File "/home/fabrice/git/pycsl/scratchpad/w7/tmp/.pycsl_dt9cy9s4.mlw", line 367, characters 27-33:
Sub-goal variant decrease of goal size'vc.
Prover result is: Valid (0.01s, 31050 steps).

File "/home/fabrice/git/pycsl/scratchpad/w7/tmp/.pycsl_dt9cy9s4.mlw", line 368, characters 35-41:
Sub-goal variant decrease of goal size'vc.
Prover result is: Valid (0.01s, 31044 steps).

File "/home/fabrice/git/pycsl/scratchpad/w7/tmp/.pycsl_dt9cy9s4.mlw", line 368, characters 26-32:
Sub-goal variant decrease of goal size'vc.
Prover result is: Valid (0.01s, 31066 steps).

File "/home/fabrice/git/pycsl/scratchpad/w7/tmp/.pycsl_dt9cy9s4.mlw", line 369, characters 32-38:
Sub-goal variant decrease of goal size'vc.
Prover result is: Valid (0.01s, 31016 steps).

File "/home/fabrice/git/pycsl/scratchpad/w7/tmp/.pycsl_dt9cy9s4.mlw", line 369, characters 23-29:
Sub-goal variant decrease of goal size'vc.
Prover result is: Valid (0.01s, 31038 steps).

File "/home/fabrice/git/pycsl/scratchpad/w7/tmp/.pycsl_dt9cy9s4.mlw", line 370, characters 34-40:
Sub-goal variant decrease of goal size'vc.
Prover result is: Valid (0.01s, 31020 steps).

File "/home/fabrice/git/pycsl/scratchpad/w7/tmp/.pycsl_dt9cy9s4.mlw", line 370, characters 25-31:
Sub-goal variant decrease of goal size'vc.
Prover result is: Valid (0.01s, 31042 steps).

File "/home/fabrice/git/pycsl/scratchpad/w7/tmp/.pycsl_dt9cy9s4.mlw", line 371, characters 24-30:
Sub-goal variant decrease of goal size'vc.
Prover result is: Valid (0.01s, 30976 steps).

File "/home/fabrice/git/pycsl/scratchpad/w7/tmp/.pycsl_dt9cy9s4.mlw", line 372, characters 26-32:
Sub-goal variant decrease of goal size'vc.
Prover result is: Valid (0.01s, 31010 steps).

File "/home/fabrice/git/pycsl/scratchpad/w7/tmp/.pycsl_dt9cy9s4.mlw", line 373, characters 44-50:
Sub-goal variant decrease of goal size'vc.
Prover result is: Valid (0.01s, 31056 steps).

File "/home/fabrice/git/pycsl/scratchpad/w7/tmp/.pycsl_dt9cy9s4.mlw", line 373, characters 35-41:
Sub-goal variant decrease of goal size'vc.
Prover result is: Valid (0.01s, 31078 steps).

File "/home/fabrice/git/pycsl/scratchpad/w7/tmp/.pycsl_dt9cy9s4.mlw", line 373, characters 26-32:
Sub-goal variant decrease of goal size'vc.
Prover result is: Valid (0.01s, 31100 steps).

File "/home/fabrice/git/pycsl/scratchpad/w7/tmp/.pycsl_dt9cy9s4.mlw", line 374, characters 27-33:
Sub-goal variant decrease of goal size'vc.
Prover result is: Valid (0.01s, 31046 steps).

File "/home/fabrice/git/pycsl/scratchpad/w7/tmp/.pycsl_dt9cy9s4.mlw", line 375, characters 22-28:
Sub-goal variant decrease of goal size'vc.
Prover result is: Valid (0.01s, 31050 steps).

File "/home/fabrice/git/pycsl/scratchpad/w7/tmp/.pycsl_dt9cy9s4.mlw", line 376, characters 25-31:
Sub-goal variant decrease of goal size'vc.
Prover result is: Valid (0.01s, 31068 steps).

File "/home/fabrice/git/pycsl/scratchpad/w7/tmp/.pycsl_dt9cy9s4.mlw", line 377, characters 45-52:
Sub-goal variant decrease of goal size'vc.
Prover result is: Valid (0.01s, 31086 steps).

File "/home/fabrice/git/pycsl/scratchpad/w7/tmp/.pycsl_dt9cy9s4.mlw", line 377, characters 35-42:
Sub-goal variant decrease of goal size'vc.
Prover result is: Valid (0.01s, 31108 steps).

File "/home/fabrice/git/pycsl/scratchpad/w7/tmp/.pycsl_dt9cy9s4.mlw", line 378, characters 39-45:
Sub-goal variant decrease of goal size'vc.
Prover result is: Valid (0.01s, 31086 steps).

File "/home/fabrice/git/pycsl/scratchpad/w7/tmp/.pycsl_dt9cy9s4.mlw", line 378, characters 30-36:
Sub-goal variant decrease of goal size'vc.
Prover result is: Valid (0.01s, 31108 steps).

File "/home/fabrice/git/pycsl/scratchpad/w7/tmp/.pycsl_dt9cy9s4.mlw", line 379, characters 38-44:
Sub-goal variant decrease of goal size'vc.
Prover result is: Valid (0.01s, 31090 steps).

File "/home/fabrice/git/pycsl/scratchpad/w7/tmp/.pycsl_dt9cy9s4.mlw", line 379, characters 29-35:
Sub-goal variant decrease of goal size'vc.
Prover result is: Valid (0.01s, 31112 steps).

File "/home/fabrice/git/pycsl/scratchpad/w7/tmp/.pycsl_dt9cy9s4.mlw", line 380, characters 39-45:
Sub-goal variant decrease of goal size'vc.
Prover result is: Valid (0.01s, 31094 steps).

File "/home/fabrice/git/pycsl/scratchpad/w7/tmp/.pycsl_dt9cy9s4.mlw", line 380, characters 30-36:
Sub-goal variant decrease of goal size'vc.
Prover result is: Valid (0.01s, 31116 steps).

File "/home/fabrice/git/pycsl/scratchpad/w7/tmp/.pycsl_dt9cy9s4.mlw", line 381, characters 36-42:
Sub-goal variant decrease of goal size'vc.
Prover result is: Valid (0.01s, 31094 steps).

File "/home/fabrice/git/pycsl/scratchpad/w7/tmp/.pycsl_dt9cy9s4.mlw", line 381, characters 27-33:
Sub-goal variant decrease of goal size'vc.
Prover result is: Valid (0.01s, 31116 steps).

File "/home/fabrice/git/pycsl/scratchpad/w7/tmp/.pycsl_dt9cy9s4.mlw", line 382, characters 40-46:
Sub-goal variant decrease of goal size'vc.
Prover result is: Valid (0.01s, 31098 steps).

File "/home/fabrice/git/pycsl/scratchpad/w7/tmp/.pycsl_dt9cy9s4.mlw", line 382, characters 31-37:
Sub-goal variant decrease of goal size'vc.
Prover result is: Valid (0.01s, 31120 steps).

File "/home/fabrice/git/pycsl/scratchpad/w7/tmp/.pycsl_dt9cy9s4.mlw", line 383, characters 34-40:
Sub-goal variant decrease of goal size'vc.
Prover result is: Valid (0.01s, 31106 steps).

File "/home/fabrice/git/pycsl/scratchpad/w7/tmp/.pycsl_dt9cy9s4.mlw", line 383, characters 25-31:
Sub-goal variant decrease of goal size'vc.
Prover result is: Valid (0.01s, 31128 steps).

File "/home/fabrice/git/pycsl/scratchpad/w7/tmp/.pycsl_dt9cy9s4.mlw", line 384, characters 44-50:
Sub-goal variant decrease of goal size'vc.
Prover result is: Valid (0.01s, 31110 steps).

File "/home/fabrice/git/pycsl/scratchpad/w7/tmp/.pycsl_dt9cy9s4.mlw", line 384, characters 35-41:
Sub-goal variant decrease of goal size'vc.
Prover result is: Valid (0.01s, 31132 steps).

File "/home/fabrice/git/pycsl/scratchpad/w7/tmp/.pycsl_dt9cy9s4.mlw", line 385, characters 35-41:
Sub-goal variant decrease of goal size'vc.
Prover result is: Valid (0.01s, 31112 steps).

File "/home/fabrice/git/pycsl/scratchpad/w7/tmp/.pycsl_dt9cy9s4.mlw", line 386, characters 35-41:
Sub-goal variant decrease of goal size'vc.
Prover result is: Valid (0.01s, 31120 steps).

File "/home/fabrice/git/pycsl/scratchpad/w7/tmp/.pycsl_dt9cy9s4.mlw", line 386, characters 26-32:
Sub-goal variant decrease of goal size'vc.
Prover result is: Valid (0.01s, 31142 steps).

File "/home/fabrice/git/pycsl/scratchpad/w7/tmp/.pycsl_dt9cy9s4.mlw", line 387, characters 46-52:
Sub-goal variant decrease of goal size'vc.
Prover result is: Valid (0.01s, 31132 steps).

File "/home/fabrice/git/pycsl/scratchpad/w7/tmp/.pycsl_dt9cy9s4.mlw", line 387, characters 37-43:
Sub-goal variant decrease of goal size'vc.
Prover result is: Valid (0.01s, 31154 steps).

File "/home/fabrice/git/pycsl/scratchpad/w7/tmp/.pycsl_dt9cy9s4.mlw", line 387, characters 28-34:
Sub-goal variant decrease of goal size'vc.
Prover result is: Valid (0.01s, 31176 steps).

File "/home/fabrice/git/pycsl/scratchpad/w7/tmp/.pycsl_dt9cy9s4.mlw", line 388, characters 34-40:
Sub-goal variant decrease of goal size'vc.
Prover result is: Valid (0.01s, 31128 steps).

File "/home/fabrice/git/pycsl/scratchpad/w7/tmp/.pycsl_dt9cy9s4.mlw", line 388, characters 25-31:
Sub-goal variant decrease of goal size'vc.
Prover result is: Valid (0.01s, 31150 steps).

File "/home/fabrice/git/pycsl/scratchpad/w7/tmp/.pycsl_dt9cy9s4.mlw", line 389, characters 35-41:
Sub-goal variant decrease of goal size'vc.
Prover result is: Valid (0.01s, 31132 steps).

File "/home/fabrice/git/pycsl/scratchpad/w7/tmp/.pycsl_dt9cy9s4.mlw", line 389, characters 26-32:
Sub-goal variant decrease of goal size'vc.
Prover result is: Valid (0.01s, 31154 steps).

File "/home/fabrice/git/pycsl/scratchpad/w7/tmp/.pycsl_dt9cy9s4.mlw", line 390, characters 38-44:
Sub-goal variant decrease of goal size'vc.
Prover result is: Valid (0.01s, 31136 steps).

File "/home/fabrice/git/pycsl/scratchpad/w7/tmp/.pycsl_dt9cy9s4.mlw", line 390, characters 29-35:
Sub-goal variant decrease of goal size'vc.
Prover result is: Valid (0.01s, 31158 steps).

File "/home/fabrice/git/pycsl/scratchpad/w7/tmp/.pycsl_dt9cy9s4.mlw", line 391, characters 35-41:
Sub-goal variant decrease of goal size'vc.
Prover result is: Valid (0.01s, 31146 steps).

File "/home/fabrice/git/pycsl/scratchpad/w7/tmp/.pycsl_dt9cy9s4.mlw", line 391, characters 26-32:
Sub-goal variant decrease of goal size'vc.
Prover result is: Valid (0.01s, 31168 steps).

File "/home/fabrice/git/pycsl/scratchpad/w7/tmp/.pycsl_dt9cy9s4.mlw", line 392, characters 38-44:
Sub-goal variant decrease of goal size'vc.
Prover result is: Valid (0.01s, 31150 steps).

File "/home/fabrice/git/pycsl/scratchpad/w7/tmp/.pycsl_dt9cy9s4.mlw", line 392, characters 29-35:
Sub-goal variant decrease of goal size'vc.
Prover result is: Valid (0.01s, 31172 steps).

File "/home/fabrice/git/pycsl/scratchpad/w7/tmp/.pycsl_dt9cy9s4.mlw", line 393, characters 35-41:
Sub-goal variant decrease of goal size'vc.
Prover result is: Valid (0.01s, 31154 steps).

File "/home/fabrice/git/pycsl/scratchpad/w7/tmp/.pycsl_dt9cy9s4.mlw", line 393, characters 26-32:
Sub-goal variant decrease of goal size'vc.
Prover result is: Valid (0.01s, 31176 steps).

File "/home/fabrice/git/pycsl/scratchpad/w7/tmp/.pycsl_dt9cy9s4.mlw", line 394, characters 37-43:
Sub-goal variant decrease of goal size'vc.
Prover result is: Valid (0.01s, 31158 steps).

File "/home/fabrice/git/pycsl/scratchpad/w7/tmp/.pycsl_dt9cy9s4.mlw", line 394, characters 28-34:
Sub-goal variant decrease of goal size'vc.
Prover result is: Valid (0.01s, 31180 steps).

File "/home/fabrice/git/pycsl/scratchpad/w7/tmp/.pycsl_dt9cy9s4.mlw", line 395, characters 37-43:
Sub-goal variant decrease of goal size'vc.
Prover result is: Valid (0.01s, 31162 steps).

File "/home/fabrice/git/pycsl/scratchpad/w7/tmp/.pycsl_dt9cy9s4.mlw", line 395, characters 28-34:
Sub-goal variant decrease of goal size'vc.
Prover result is: Valid (0.01s, 31184 steps).

File "/home/fabrice/git/pycsl/scratchpad/w7/tmp/.pycsl_dt9cy9s4.mlw", line 396, characters 36-42:
Sub-goal variant decrease of goal size'vc.
Prover result is: Valid (0.01s, 31166 steps).

File "/home/fabrice/git/pycsl/scratchpad/w7/tmp/.pycsl_dt9cy9s4.mlw", line 396, characters 27-33:
Sub-goal variant decrease of goal size'vc.
Prover result is: Valid (0.01s, 31188 steps).

File "/home/fabrice/git/pycsl/scratchpad/w7/tmp/.pycsl_dt9cy9s4.mlw", line 397, characters 50-57:
Sub-goal variant decrease of goal size'vc.
Prover result is: Valid (0.01s, 31178 steps).

File "/home/fabrice/git/pycsl/scratchpad/w7/tmp/.pycsl_dt9cy9s4.mlw", line 397, characters 40-47:
Sub-goal variant decrease of goal size'vc.
Prover result is: Valid (0.01s, 31200 steps).

File "/home/fabrice/git/pycsl/scratchpad/w7/tmp/.pycsl_dt9cy9s4.mlw", line 397, characters 31-37:
Sub-goal variant decrease of goal size'vc.
Prover result is: Valid (0.01s, 31222 steps).

File "/home/fabrice/git/pycsl/scratchpad/w7/tmp/.pycsl_dt9cy9s4.mlw", line 398, characters 38-44:
Sub-goal variant decrease of goal size'vc.
Prover result is: Valid (0.01s, 31174 steps).

File "/home/fabrice/git/pycsl/scratchpad/w7/tmp/.pycsl_dt9cy9s4.mlw", line 398, characters 29-35:
Sub-goal variant decrease of goal size'vc.
Prover result is: Valid (0.01s, 31196 steps).

File "/home/fabrice/git/pycsl/scratchpad/w7/tmp/.pycsl_dt9cy9s4.mlw", line 399, characters 34-40:
Sub-goal variant decrease of goal size'vc.
Prover result is: Valid (0.01s, 31178 steps).

File "/home/fabrice/git/pycsl/scratchpad/w7/tmp/.pycsl_dt9cy9s4.mlw", line 399, characters 25-31:
Sub-goal variant decrease of goal size'vc.
Prover result is: Valid (0.00s, 31200 steps).

File "/home/fabrice/git/pycsl/scratchpad/w7/tmp/.pycsl_dt9cy9s4.mlw", line 400, characters 33-39:
Sub-goal variant decrease of goal size'vc.
Prover result is: Valid (0.01s, 31188 steps).

File "/home/fabrice/git/pycsl/scratchpad/w7/tmp/.pycsl_dt9cy9s4.mlw", line 400, characters 24-30:
Sub-goal variant decrease of goal size'vc.
Prover result is: Valid (0.01s, 31210 steps).

File "/home/fabrice/git/pycsl/scratchpad/w7/tmp/.pycsl_dt9cy9s4.mlw", line 401, characters 20-26:
Sub-goal variant decrease of goal size'vc.
Prover result is: Valid (0.01s, 31182 steps).

File "/home/fabrice/git/pycsl/scratchpad/w7/tmp/.pycsl_dt9cy9s4.mlw", line 402, characters 20-26:
Sub-goal variant decrease of goal size'vc.
Prover result is: Valid (0.01s, 31186 steps).

File "/home/fabrice/git/pycsl/scratchpad/w7/tmp/.pycsl_dt9cy9s4.mlw", line 403, characters 28-34:
Sub-goal variant decrease of goal size'vc.
Prover result is: Valid (0.01s, 31190 steps).

File "/home/fabrice/git/pycsl/scratchpad/w7/tmp/.pycsl_dt9cy9s4.mlw", line 404, characters 32-38:
Sub-goal variant decrease of goal size'vc.
Prover result is: Valid (0.01s, 31204 steps).

File "/home/fabrice/git/pycsl/scratchpad/w7/tmp/.pycsl_dt9cy9s4.mlw", line 404, characters 23-29:
Sub-goal variant decrease of goal size'vc.
Prover result is: Valid (0.01s, 31226 steps).

File "/home/fabrice/git/pycsl/scratchpad/w7/tmp/.pycsl_dt9cy9s4.mlw", line 405, characters 32-38:
Sub-goal variant decrease of goal size'vc.
Prover result is: Valid (0.01s, 31208 steps).

File "/home/fabrice/git/pycsl/scratchpad/w7/tmp/.pycsl_dt9cy9s4.mlw", line 405, characters 23-29:
Sub-goal variant decrease of goal size'vc.
Prover result is: Valid (0.01s, 31230 steps).

File "/home/fabrice/git/pycsl/scratchpad/w7/tmp/.pycsl_dt9cy9s4.mlw", line 406, characters 35-41:
Sub-goal variant decrease of goal size'vc.
Prover result is: Valid (0.01s, 31212 steps).

File "/home/fabrice/git/pycsl/scratchpad/w7/tmp/.pycsl_dt9cy9s4.mlw", line 406, characters 26-32:
Sub-goal variant decrease of goal size'vc.
Prover result is: Valid (0.01s, 31234 steps).

File "/home/fabrice/git/pycsl/scratchpad/w7/tmp/.pycsl_dt9cy9s4.mlw", line 407, characters 21-27:
Sub-goal variant decrease of goal size'vc.
Prover result is: Valid (0.01s, 31206 steps).

File "/home/fabrice/git/pycsl/scratchpad/w7/tmp/.pycsl_dt9cy9s4.mlw", line 408, characters 21-27:
Sub-goal variant decrease of goal size'vc.
Prover result is: Valid (0.01s, 31210 steps).

File "/home/fabrice/git/pycsl/scratchpad/w7/tmp/.pycsl_dt9cy9s4.mlw", line 409, characters 38-44:
Sub-goal variant decrease of goal size'vc.
Prover result is: Valid (0.01s, 31234 steps).

File "/home/fabrice/git/pycsl/scratchpad/w7/tmp/.pycsl_dt9cy9s4.mlw", line 409, characters 29-35:
Sub-goal variant decrease of goal size'vc.
Prover result is: Valid (0.01s, 31256 steps).

File "/home/fabrice/git/pycsl/scratchpad/w7/tmp/.pycsl_dt9cy9s4.mlw", line 410, characters 27-33:
Sub-goal variant decrease of goal size'vc.
Prover result is: Valid (0.01s, 31228 steps).

File "/home/fabrice/git/pycsl/scratchpad/w7/tmp/.pycsl_dt9cy9s4.mlw", line 411, characters 46-52:
Sub-goal variant decrease of goal size'vc.
Prover result is: Valid (0.01s, 31250 steps).

File "/home/fabrice/git/pycsl/scratchpad/w7/tmp/.pycsl_dt9cy9s4.mlw", line 411, characters 37-43:
Sub-goal variant decrease of goal size'vc.
Prover result is: Valid (0.01s, 31272 steps).

File "/home/fabrice/git/pycsl/scratchpad/w7/tmp/.pycsl_dt9cy9s4.mlw", line 411, characters 28-34:
Sub-goal variant decrease of goal size'vc.
Prover result is: Valid (0.01s, 31294 steps).

File "/home/fabrice/git/pycsl/scratchpad/w7/tmp/.pycsl_dt9cy9s4.mlw", line 412, characters 45-51:
Sub-goal variant decrease of goal size'vc.
Prover result is: Valid (0.01s, 31256 steps).

File "/home/fabrice/git/pycsl/scratchpad/w7/tmp/.pycsl_dt9cy9s4.mlw", line 412, characters 36-42:
Sub-goal variant decrease of goal size'vc.
Prover result is: Valid (0.01s, 31278 steps).

File "/home/fabrice/git/pycsl/scratchpad/w7/tmp/.pycsl_dt9cy9s4.mlw", line 413, characters 40-46:
Sub-goal variant decrease of goal size'vc.
Prover result is: Valid (0.01s, 31256 steps).

File "/home/fabrice/git/pycsl/scratchpad/w7/tmp/.pycsl_dt9cy9s4.mlw", line 413, characters 30-37:
Sub-goal variant decrease of goal size'vc.
Prover result is: Valid (0.01s, 31278 steps).

File "/home/fabrice/git/pycsl/scratchpad/w7/tmp/.pycsl_dt9cy9s4.mlw", line 414, characters 40-46:
Sub-goal variant decrease of goal size'vc.
Prover result is: Valid (0.01s, 31260 steps).

File "/home/fabrice/git/pycsl/scratchpad/w7/tmp/.pycsl_dt9cy9s4.mlw", line 414, characters 31-37:
Sub-goal variant decrease of goal size'vc.
Prover result is: Valid (0.01s, 31282 steps).

File "/home/fabrice/git/pycsl/scratchpad/w7/tmp/.pycsl_dt9cy9s4.mlw", line 415, characters 34-40:
Sub-goal variant decrease of goal size'vc.
Prover result is: Valid (0.01s, 31264 steps).

File "/home/fabrice/git/pycsl/scratchpad/w7/tmp/.pycsl_dt9cy9s4.mlw", line 415, characters 25-31:
Sub-goal variant decrease of goal size'vc.
Prover result is: Valid (0.01s, 31286 steps).

File "/home/fabrice/git/pycsl/scratchpad/w7/tmp/.pycsl_dt9cy9s4.mlw", line 416, characters 25-31:
Sub-goal variant decrease of goal size'vc.
Prover result is: Valid (0.01s, 31272 steps).

File "/home/fabrice/git/pycsl/scratchpad/w7/tmp/.pycsl_dt9cy9s4.mlw", line 417, characters 29-35:
Sub-goal variant decrease of goal size'vc.
Prover result is: Valid (0.01s, 31280 steps).

File "/home/fabrice/git/pycsl/scratchpad/w7/tmp/.pycsl_dt9cy9s4.mlw", line 418, characters 30-36:
Sub-goal variant decrease of goal size'vc.
Prover result is: Valid (0.01s, 31310 steps).

File "/home/fabrice/git/pycsl/scratchpad/w7/tmp/.pycsl_dt9cy9s4.mlw", line 419, characters 30-36:
Sub-goal variant decrease of goal size'vc.
Prover result is: Valid (0.01s, 31314 steps).

File "/home/fabrice/git/pycsl/scratchpad/w7/tmp/.pycsl_dt9cy9s4.mlw", line 420, characters 35-41:
Sub-goal variant decrease of goal size'vc.
Prover result is: Valid (0.01s, 31316 steps).

File "/home/fabrice/git/pycsl/scratchpad/w7/tmp/.pycsl_dt9cy9s4.mlw", line 421, characters 43-49:
Sub-goal variant decrease of goal size'vc.
Prover result is: Valid (0.01s, 31336 steps).

File "/home/fabrice/git/pycsl/scratchpad/w7/tmp/.pycsl_dt9cy9s4.mlw", line 421, characters 34-40:
Sub-goal variant decrease of goal size'vc.
Prover result is: Valid (0.01s, 31358 steps).

File "/home/fabrice/git/pycsl/scratchpad/w7/tmp/.pycsl_dt9cy9s4.mlw", line 364, characters 14-25:
Sub-goal postcondition of goal size'vc.
Prover result is: Valid (0.04s, 151893 steps).

File "/home/fabrice/git/pycsl/scratchpad/w7/tmp/.pycsl_dt9cy9s4.mlw", line 426, characters 58-83:
Sub-goal goal of goal size_left_dec.
Prover result is: Valid (0.03s, 52607 steps).

File "/home/fabrice/git/pycsl/scratchpad/w7/tmp/.pycsl_dt9cy9s4.mlw", line 427, characters 58-84:
Sub-goal goal of goal size_right_dec.
Prover result is: Valid (0.03s, 53424 steps).

File "/home/fabrice/git/pycsl/scratchpad/w7/tmp/.pycsl_dt9cy9s4.mlw", line 430, characters 65-90:
Sub-goal goal of goal size_ifexpr_body_dec.
Prover result is: Valid (0.02s, 54247 steps).

File "/home/fabrice/git/pycsl/scratchpad/w7/tmp/.pycsl_dt9cy9s4.mlw", line 431, characters 67-94:
Sub-goal goal of goal size_ifexpr_orelse_dec.
Prover result is: Valid (0.02s, 55064 steps).

File "/home/fabrice/git/pycsl/scratchpad/w7/tmp/.pycsl_dt9cy9s4.mlw", line 434, characters 59-87:
Sub-goal goal of goal size_ter_fst_dec.
Prover result is: Valid (0.01s, 55960 steps).

File "/home/fabrice/git/pycsl/scratchpad/w7/tmp/.pycsl_dt9cy9s4.mlw", line 435, characters 59-87:
Sub-goal goal of goal size_ter_snd_dec.
Prover result is: Valid (0.02s, 56762 steps).

File "/home/fabrice/git/pycsl/scratchpad/w7/tmp/.pycsl_dt9cy9s4.mlw", line 436, characters 59-87:
Sub-goal goal of goal size_ter_thd_dec.
Prover result is: Valid (0.02s, 57590 steps).

File "/home/fabrice/git/pycsl/scratchpad/w7/tmp/.pycsl_dt9cy9s4.mlw", line 500, characters 57-84:
Sub-goal goal of goal size_svalue_dec.
Prover result is: Valid (0.01s, 58252 steps).

File "/home/fabrice/git/pycsl/scratchpad/w7/tmp/.pycsl_dt9cy9s4.mlw", line 501, characters 57-84:
Sub-goal goal of goal size_sindex_dec.
Prover result is: Valid (0.02s, 59069 steps).

File "/home/fabrice/git/pycsl/scratchpad/w7/tmp/.pycsl_dt9cy9s4.mlw", line 502, characters 63-90:
Sub-goal goal of goal size_object_dec.
Prover result is: Valid (0.02s, 59817 steps).

File "/home/fabrice/git/pycsl/scratchpad/w7/tmp/.pycsl_dt9cy9s4.mlw", line 503, characters 58-83:
Sub-goal goal of goal size_arg0_dec.
Prover result is: Valid (0.02s, 71187 steps).

File "/home/fabrice/git/pycsl/scratchpad/w7/tmp/.pycsl_dt9cy9s4.mlw", line 504, characters 59-84:
Sub-goal goal of goal size_elt0_dec.
Prover result is: Valid (0.02s, 61967 steps).

File "/home/fabrice/git/pycsl/scratchpad/w7/tmp/.pycsl_dt9cy9s4.mlw", line 505, characters 59-84:
Sub-goal goal of goal size_elt1_dec.
Prover result is: Valid (0.02s, 62784 steps).

File "/home/fabrice/git/pycsl/scratchpad/w7/tmp/.pycsl_dt9cy9s4.mlw", line 511, characters 48-55:
Sub-goal variant decrease of goal irlen'vc.
Prover result is: Valid (0.01s, 19198 steps).

File "/home/fabrice/git/pycsl/scratchpad/w7/tmp/.pycsl_dt9cy9s4.mlw", line 509, characters 14-25:
Sub-goal postcondition of goal irlen'vc.
Prover result is: Valid (0.01s, 68444 steps).

File "/home/fabrice/git/pycsl/scratchpad/w7/tmp/.pycsl_dt9cy9s4.mlw", line 515, characters 75-90:
Sub-goal variant decrease of goal irnth'vc.
Prover result is: Valid (0.01s, 19234 steps).

File "/home/fabrice/git/pycsl/scratchpad/w7/tmp/.pycsl_dt9cy9s4.mlw", line 572, characters 63-76:
Sub-goal variant decrease of goal pairs_get'vc.
Prover result is: Valid (0.01s, 19228 steps).

File "/home/fabrice/git/pycsl/scratchpad/w7/tmp/.pycsl_dt9cy9s4.mlw", line 592, characters 99-120:
Sub-goal variant decrease of goal hval_list_str_mem'vc.
Prover result is: Valid (0.01s, 22077 steps).

File "/home/fabrice/git/pycsl/scratchpad/w7/tmp/.pycsl_dt9cy9s4.mlw", line 599, characters 48-63:
Sub-goal variant decrease of goal hval_list_len'vc.
Prover result is: Valid (0.01s, 19198 steps).

File "/home/fabrice/git/pycsl/scratchpad/w7/tmp/.pycsl_dt9cy9s4.mlw", line 606, characters 43-66:
Sub-goal variant decrease of goal hval_list_nth'vc.
Prover result is: Valid (0.01s, 19234 steps).

File "/home/fabrice/.opam/framac-coq8/share/why3/stdlib/set.mlw", line 538, characters 14-30:
Sub-goal postcondition of goal eq'refn'vc.
Prover result is: Valid (0.01s, 9106 steps).

File "/home/fabrice/git/pycsl/scratchpad/w7/tmp/.pycsl_dt9cy9s4.mlw", line 783, characters 24-80:
Sub-goal variant decrease of goal expressionemissionmixin___frame_trigger_term__gtype'vc.
Prover result is: Valid (0.00s, 24728 steps).

File "/home/fabrice/git/pycsl/scratchpad/w7/tmp/.pycsl_dt9cy9s4.mlw", line 788, characters 24-78:
Sub-goal variant decrease of goal expressionemissionmixin___frame_trigger_term__gop'vc.
Prover result is: Valid (0.01s, 24728 steps).

File "/home/fabrice/git/pycsl/scratchpad/w7/tmp/.pycsl_dt9cy9s4.mlw", line 793, characters 24-80:
Sub-goal variant decrease of goal expressionemissionmixin___frame_trigger_term__gleft'vc.
Prover result is: Valid (0.01s, 24728 steps).

File "/home/fabrice/git/pycsl/scratchpad/w7/tmp/.pycsl_dt9cy9s4.mlw", line 798, characters 24-81:
Sub-goal variant decrease of goal expressionemissionmixin___frame_trigger_term__gright'vc.
Prover result is: Valid (0.01s, 24728 steps).

File "/home/fabrice/git/pycsl/scratchpad/w7/tmp/.pycsl_dt9cy9s4.mlw", line 803, characters 24-81:
Sub-goal variant decrease of goal expressionemissionmixin___frame_trigger_term__gotype'vc.
Prover result is: Valid (0.01s, 24728 steps).

File "/home/fabrice/git/pycsl/scratchpad/w7/tmp/.pycsl_dt9cy9s4.mlw", line 821, characters 15-67:
Sub-goal variant decrease of goal expressionemissionmixin___frame_trigger_term'vc.
Prover result is: Valid (0.02s, 94693 steps).

File "/home/fabrice/git/pycsl/scratchpad/w7/tmp/.pycsl_dt9cy9s4.mlw", line 821, characters 15-67:
Sub-goal precondition of goal expressionemissionmixin___frame_trigger_term'vc.
Prover result is: Valid (0.01s, 9399 steps).

File "/home/fabrice/git/pycsl/scratchpad/w7/tmp/.pycsl_dt9cy9s4.mlw", line 822, characters 13-65:
Sub-goal variant decrease of goal expressionemissionmixin___frame_trigger_term'vc.
Prover result is: Valid (0.02s, 97378 steps).

File "/home/fabrice/git/pycsl/scratchpad/w7/tmp/.pycsl_dt9cy9s4.mlw", line 822, characters 13-65:
Sub-goal precondition of goal expressionemissionmixin___frame_trigger_term'vc.
Prover result is: Valid (0.01s, 9336 steps).

File "/home/fabrice/git/pycsl/scratchpad/w7/tmp/.pycsl_dt9cy9s4.mlw", line 809, characters 32-36:
Sub-goal postcondition of goal expressionemissionmixin___frame_trigger_term'vc.
Prover result is: Valid (0.01s, 9106 steps).

File "/home/fabrice/git/pycsl/scratchpad/w7/tmp/.pycsl_dt9cy9s4.mlw", line 830, characters 44-96:
Sub-goal variant decrease of goal expressionemissionmixin___frame_trigger_term__vals'vc.
Prover result is: Valid (0.03s, 96435 steps).

File "/home/fabrice/git/pycsl/scratchpad/w7/tmp/.pycsl_dt9cy9s4.mlw", line 830, characters 44-96:
Sub-goal precondition of goal expressionemissionmixin___frame_trigger_term__vals'vc.
Prover result is: Valid (0.01s, 9147 steps).

File "/home/fabrice/git/pycsl/scratchpad/w7/tmp/.pycsl_dt9cy9s4.mlw", line 830, characters 104-150:
Sub-goal variant decrease of goal expressionemissionmixin___frame_trigger_term__vals'vc.
Prover result is: Valid (0.03s, 96797 steps).

File "/home/fabrice/git/pycsl/scratchpad/w7/tmp/.pycsl_dt9cy9s4.mlw", line 830, characters 104-150:
Sub-goal precondition of goal expressionemissionmixin___frame_trigger_term__vals'vc.
Prover result is: Valid (0.01s, 9210 steps).

File "/home/fabrice/git/pycsl/scratchpad/w7/tmp/.pycsl_dt9cy9s4.mlw", line 831, characters 51-106:
Sub-goal variant decrease of goal expressionemissionmixin___frame_trigger_term__vals'vc.
Prover result is: Valid (0.03s, 95089 steps).

File "/home/fabrice/git/pycsl/scratchpad/w7/tmp/.pycsl_dt9cy9s4.mlw", line 831, characters 51-106:
Sub-goal precondition of goal expressionemissionmixin___frame_trigger_term__vals'vc.
Prover result is: Valid (0.01s, 9060 steps).

File "/home/fabrice/git/pycsl/scratchpad/w7/tmp/.pycsl_dt9cy9s4.mlw", line 825, characters 32-36:
Sub-goal postcondition of goal expressionemissionmixin___frame_trigger_term__vals'vc.
Prover result is: Valid (0.01s, 9106 steps).

File "/home/fabrice/git/pycsl/scratchpad/w7/tmp/.pycsl_dt9cy9s4.mlw", line 839, characters 15-61:
Sub-goal variant decrease of goal expressionemissionmixin___frame_trigger_term__lst'vc.
Prover result is: Valid (0.03s, 87956 steps).

File "/home/fabrice/git/pycsl/scratchpad/w7/tmp/.pycsl_dt9cy9s4.mlw", line 839, characters 15-61:
Sub-goal precondition of goal expressionemissionmixin___frame_trigger_term__lst'vc.
Prover result is: Valid (0.01s, 9084 steps).

File "/home/fabrice/git/pycsl/scratchpad/w7/tmp/.pycsl_dt9cy9s4.mlw", line 839, characters 94-148:
Sub-goal variant decrease of goal expressionemissionmixin___frame_trigger_term__lst'vc.
Prover result is: Valid (0.03s, 87955 steps).

File "/home/fabrice/git/pycsl/scratchpad/w7/tmp/.pycsl_dt9cy9s4.mlw", line 839, characters 94-148:
Sub-goal precondition of goal expressionemissionmixin___frame_trigger_term__lst'vc.
Prover result is: Valid (0.01s, 9084 steps).

File "/home/fabrice/git/pycsl/scratchpad/w7/tmp/.pycsl_dt9cy9s4.mlw", line 834, characters 32-36:
Sub-goal postcondition of goal expressionemissionmixin___frame_trigger_term__lst'vc.
Prover result is: Valid (0.01s, 9106 steps).

File "/home/fabrice/git/pycsl/scratchpad/w7/tmp/.pycsl_dt9cy9s4.mlw", line 907, characters 8-71:
Sub-goal variant decrease of goal expressionemissionmixin___module_binding_names__ffold'vc.
Prover result is: Valid (0.01s, 23945 steps).

File "/home/fabrice/git/pycsl/scratchpad/w7/tmp/.pycsl_dt9cy9s4.mlw", line 915, characters 8-71:
Sub-goal variant decrease of goal expressionemissionmixin___module_binding_names__cfold'vc.
Prover result is: Valid (0.01s, 23945 steps).

File "/home/fabrice/git/pycsl/scratchpad/w7/tmp/.pycsl_dt9cy9s4.mlw", line 918, characters 32-36:
Sub-goal postcondition of goal expressionemissionmixin___module_binding_names'vc.
Prover result is: Valid (0.01s, 9719 steps).

File "/home/fabrice/git/pycsl/scratchpad/w7/tmp/.pycsl_dt9cy9s4.mlw", line 1142, characters 18-68:
Sub-goal variant decrease of goal expressionemissionmixin___subst_params__get'vc.
Prover result is: Valid (0.01s, 24728 steps).

File "/home/fabrice/git/pycsl/scratchpad/w7/tmp/.pycsl_dt9cy9s4.mlw", line 1142, characters 18-68:
Sub-goal variant decrease of goal expressionemissionmixin___subst_params__get'vc.
Prover result is: Valid (0.01s, 24728 steps).

File "/home/fabrice/git/pycsl/scratchpad/w7/tmp/.pycsl_dt9cy9s4.mlw", line 1141, characters 63-113:
Sub-goal variant decrease of goal expressionemissionmixin___subst_params__get'vc.
Prover result is: Valid (0.01s, 24487 steps).

File "/home/fabrice/git/pycsl/scratchpad/w7/tmp/.pycsl_dt9cy9s4.mlw", line 1142, characters 18-68:
Sub-goal variant decrease of goal expressionemissionmixin___subst_params__get'vc.
Prover result is: Valid (0.01s, 24736 steps).

File "/home/fabrice/git/pycsl/scratchpad/w7/tmp/.pycsl_dt9cy9s4.mlw", line 1142, characters 18-68:
Sub-goal variant decrease of goal expressionemissionmixin___subst_params__get'vc.
Prover result is: Valid (0.01s, 24660 steps).

File "/home/fabrice/git/pycsl/scratchpad/w7/tmp/.pycsl_dt9cy9s4.mlw", line 1156, characters 35-93:
Sub-goal variant decrease of goal expressionemissionmixin___subst_params'vc.
Prover result is: Valid (0.03s, 100529 steps).

File "/home/fabrice/git/pycsl/scratchpad/w7/tmp/.pycsl_dt9cy9s4.mlw", line 1157, characters 27-85:
Sub-goal variant decrease of goal expressionemissionmixin___subst_params'vc.
Prover result is: Valid (0.03s, 99238 steps).

File "/home/fabrice/git/pycsl/scratchpad/w7/tmp/.pycsl_dt9cy9s4.mlw", line 1157, characters 27-85:
Sub-goal variant decrease of goal expressionemissionmixin___subst_params'vc.
Prover result is: Valid (0.03s, 98663 steps).

File "/home/fabrice/git/pycsl/scratchpad/w7/tmp/.pycsl_dt9cy9s4.mlw", line 1158, characters 24-82:
Sub-goal variant decrease of goal expressionemissionmixin___subst_params'vc.
Prover result is: Valid (0.04s, 98691 steps).

File "/home/fabrice/git/pycsl/scratchpad/w7/tmp/.pycsl_dt9cy9s4.mlw", line 1159, characters 22-80:
Sub-goal variant decrease of goal expressionemissionmixin___subst_params'vc.
Prover result is: Valid (0.03s, 99238 steps).

File "/home/fabrice/git/pycsl/scratchpad/w7/tmp/.pycsl_dt9cy9s4.mlw", line 1159, characters 22-80:
Sub-goal variant decrease of goal expressionemissionmixin___subst_params'vc.
Prover result is: Valid (0.04s, 98663 steps).

File "/home/fabrice/git/pycsl/scratchpad/w7/tmp/.pycsl_dt9cy9s4.mlw", line 1161, characters 24-83:
Sub-goal variant decrease of goal expressionemissionmixin___subst_params'vc.
Prover result is: Valid (0.04s, 98663 steps).

File "/home/fabrice/git/pycsl/scratchpad/w7/tmp/.pycsl_dt9cy9s4.mlw", line 1146, characters 32-36:
Sub-goal postcondition of goal expressionemissionmixin___subst_params'vc.
Prover result is: Valid (0.01s, 9119 steps).

File "/home/fabrice/git/pycsl/scratchpad/w7/tmp/.pycsl_dt9cy9s4.mlw", line 1168, characters 85-146:
Sub-goal variant decrease of goal expressionemissionmixin___subst_params__dict'vc.
Prover result is: Valid (0.03s, 97016 steps).

File "/home/fabrice/git/pycsl/scratchpad/w7/tmp/.pycsl_dt9cy9s4.mlw", line 1168, characters 32-84:
Sub-goal variant decrease of goal expressionemissionmixin___subst_params__dict'vc.
Prover result is: Valid (0.03s, 96975 steps).

File "/home/fabrice/git/pycsl/scratchpad/w7/tmp/.pycsl_dt9cy9s4.mlw", line 1168, characters 32-84:
Sub-goal precondition of goal expressionemissionmixin___subst_params__dict'vc.
Prover result is: Valid (0.01s, 9115 steps).

File "/home/fabrice/git/pycsl/scratchpad/w7/tmp/.pycsl_dt9cy9s4.mlw", line 1174, characters 76-134:
Sub-goal variant decrease of goal expressionemissionmixin___subst_params__list'vc.
Prover result is: Valid (0.03s, 95222 steps).

File "/home/fabrice/git/pycsl/scratchpad/w7/tmp/.pycsl_dt9cy9s4.mlw", line 1174, characters 23-75:
Sub-goal variant decrease of goal expressionemissionmixin___subst_params__list'vc.
Prover result is: Valid (0.03s, 95181 steps).

File "/home/fabrice/git/pycsl/scratchpad/w7/tmp/.pycsl_dt9cy9s4.mlw", line 1174, characters 23-75:
Sub-goal precondition of goal expressionemissionmixin___subst_params__list'vc.
Prover result is: Valid (0.01s, 9058 steps).

File "/home/fabrice/git/pycsl/scratchpad/w7/tmp/.pycsl_dt9cy9s4.mlw", line 1255, characters 58-128:
Sub-goal variant decrease of goal module6_whymltranspiler___callee_implicit_exceptions__set_comp_str'vc.
Prover result is: Valid (0.02s, 24394 steps).

File "/home/fabrice/git/pycsl/scratchpad/w7/tmp/.pycsl_dt9cy9s4.mlw", line 1255, characters 58-128:
Sub-goal precondition of goal module6_whymltranspiler___callee_implicit_exceptions__set_comp_str'vc.
Prover result is: Valid (0.01s, 9115 steps).

File "/home/fabrice/git/pycsl/scratchpad/w7/tmp/.pycsl_dt9cy9s4.mlw", line 1254, characters 32-36:
Sub-goal postcondition of goal module6_whymltranspiler___callee_implicit_exceptions__set_comp_str'vc.
Prover result is: Valid (0.01s, 9115 steps).

File "/home/fabrice/git/pycsl/scratchpad/w7/tmp/.pycsl_dt9cy9s4.mlw", line 1264, characters 19-191:
Sub-goal precondition of goal module6_whymltranspiler___callee_implicit_exceptions'vc.
Prover result is: Valid (0.01s, 11990 steps).

File "/home/fabrice/git/pycsl/scratchpad/w7/tmp/.pycsl_dt9cy9s4.mlw", line 1261, characters 32-36:
Sub-goal postcondition of goal module6_whymltranspiler___callee_implicit_exceptions'vc.
Prover result is: Valid (0.01s, 11990 steps).

File "/home/fabrice/git/pycsl/scratchpad/w7/tmp/.pycsl_dt9cy9s4.mlw", line 1299, characters 70-139:
Sub-goal variant decrease of goal module6_whymltranspiler___collect_dict_var_assigns__get_dyn_stmt'vc.
Prover result is: Valid (0.01s, 24444 steps).

File "/home/fabrice/git/pycsl/scratchpad/w7/tmp/.pycsl_dt9cy9s4.mlw", line 1300, characters 24-93:
Sub-goal variant decrease of goal module6_whymltranspiler___collect_dict_var_assigns__get_dyn_stmt'vc.
Prover result is: Valid (0.02s, 24716 steps).

File "/home/fabrice/git/pycsl/scratchpad/w7/tmp/.pycsl_dt9cy9s4.mlw", line 1307, characters 24-92:
Sub-goal variant decrease of goal module6_whymltranspiler___collect_dict_var_assigns__get_K_value'vc.
Prover result is: Valid (0.01s, 24728 steps).

File "/home/fabrice/git/pycsl/scratchpad/w7/tmp/.pycsl_dt9cy9s4.mlw", line 1314, characters 24-93:
Sub-goal variant decrease of goal module6_whymltranspiler___collect_dict_var_assigns__get_K_target'vc.
Prover result is: Valid (0.01s, 24728 steps).

File "/home/fabrice/git/pycsl/scratchpad/w7/tmp/.pycsl_dt9cy9s4.mlw", line 1335, characters 86-140:
Sub-goal variant decrease of goal module6_whymltranspiler___collect_dict_var_assigns'vc.
Prover result is: Valid (0.03s, 95222 steps).

File "/home/fabrice/git/pycsl/scratchpad/w7/tmp/.pycsl_dt9cy9s4.mlw", line 1335, characters 86-140:
Sub-goal precondition of goal module6_whymltranspiler___collect_dict_var_assigns'vc.
Prover result is: Valid (0.01s, 9058 steps).

File "/home/fabrice/git/pycsl/scratchpad/w7/tmp/.pycsl_dt9cy9s4.mlw", line 1335, characters 28-85:
Sub-goal variant decrease of goal module6_whymltranspiler___collect_dict_var_assigns'vc.
Prover result is: Valid (0.04s, 96323 steps).

File "/home/fabrice/git/pycsl/scratchpad/w7/tmp/.pycsl_dt9cy9s4.mlw", line 1335, characters 28-85:
Sub-goal precondition of goal module6_whymltranspiler___collect_dict_var_assigns'vc.
Prover result is: Valid (0.01s, 9067 steps).

File "/home/fabrice/git/pycsl/scratchpad/w7/tmp/.pycsl_dt9cy9s4.mlw", line 1331, characters 32-36:
Sub-goal postcondition of goal module6_whymltranspiler___collect_dict_var_assigns'vc.
Prover result is: Valid (0.01s, 9106 steps).

File "/home/fabrice/git/pycsl/scratchpad/w7/tmp/.pycsl_dt9cy9s4.mlw", line 1339, characters 87-144:
Sub-goal variant decrease of goal module6_whymltranspiler___collect_dict_var_assigns__v'vc.
Prover result is: Valid (0.03s, 89313 steps).

File "/home/fabrice/git/pycsl/scratchpad/w7/tmp/.pycsl_dt9cy9s4.mlw", line 1339, characters 87-144:
Sub-goal precondition of goal module6_whymltranspiler___collect_dict_var_assigns__v'vc.
Prover result is: Valid (0.01s, 9115 steps).

File "/home/fabrice/git/pycsl/scratchpad/w7/tmp/.pycsl_dt9cy9s4.mlw", line 1340, characters 18-71:
Sub-goal variant decrease of goal module6_whymltranspiler___collect_dict_var_assigns__v'vc.
Prover result is: Valid (0.03s, 89313 steps).

File "/home/fabrice/git/pycsl/scratchpad/w7/tmp/.pycsl_dt9cy9s4.mlw", line 1340, characters 18-71:
Sub-goal precondition of goal module6_whymltranspiler___collect_dict_var_assigns__v'vc.
Prover result is: Valid (0.01s, 9115 steps).

File "/home/fabrice/git/pycsl/scratchpad/w7/tmp/.pycsl_dt9cy9s4.mlw", line 1337, characters 32-36:
Sub-goal postcondition of goal module6_whymltranspiler___collect_dict_var_assigns__v'vc.
Prover result is: Valid (0.01s, 9106 steps).

File "/home/fabrice/git/pycsl/scratchpad/w7/tmp/.pycsl_dt9cy9s4.mlw", line 1345, characters 92-152:
Sub-goal variant decrease of goal module6_whymltranspiler___collect_dict_var_assigns__d'vc.
Prover result is: Valid (0.03s, 97016 steps).

File "/home/fabrice/git/pycsl/scratchpad/w7/tmp/.pycsl_dt9cy9s4.mlw", line 1345, characters 92-152:
Sub-goal precondition of goal module6_whymltranspiler___collect_dict_var_assigns__d'vc.
Prover result is: Valid (0.01s, 9115 steps).

File "/home/fabrice/git/pycsl/scratchpad/w7/tmp/.pycsl_dt9cy9s4.mlw", line 1345, characters 34-91:
Sub-goal variant decrease of goal module6_whymltranspiler___collect_dict_var_assigns__d'vc.
Prover result is: Valid (0.03s, 98093 steps).

File "/home/fabrice/git/pycsl/scratchpad/w7/tmp/.pycsl_dt9cy9s4.mlw", line 1345, characters 34-91:
Sub-goal precondition of goal module6_whymltranspiler___collect_dict_var_assigns__d'vc.
Prover result is: Valid (0.01s, 9124 steps).

File "/home/fabrice/git/pycsl/scratchpad/w7/tmp/.pycsl_dt9cy9s4.mlw", line 1343, characters 32-36:
Sub-goal postcondition of goal module6_whymltranspiler___collect_dict_var_assigns__d'vc.
Prover result is: Valid (0.01s, 9106 steps).

File "/home/fabrice/git/pycsl/scratchpad/w7/tmp/.pycsl_dt9cy9s4.mlw", line 1350, characters 79-148:
Sub-goal variant decrease of goal module6_whymltranspiler___collect_field_decode_str_locals__gstmt'vc.
Prover result is: Valid (0.01s, 24460 steps).

File "/home/fabrice/git/pycsl/scratchpad/w7/tmp/.pycsl_dt9cy9s4.mlw", line 1351, characters 24-93:
Sub-goal variant decrease of goal module6_whymltranspiler___collect_field_decode_str_locals__gstmt'vc.
Prover result is: Valid (0.01s, 24732 steps).

File "/home/fabrice/git/pycsl/scratchpad/w7/tmp/.pycsl_dt9cy9s4.mlw", line 1351, characters 24-93:
Sub-goal variant decrease of goal module6_whymltranspiler___collect_field_decode_str_locals__gstmt'vc.
Prover result is: Valid (0.01s, 24596 steps).

File "/home/fabrice/git/pycsl/scratchpad/w7/tmp/.pycsl_dt9cy9s4.mlw", line 1358, characters 24-95:
Sub-goal variant decrease of goal module6_whymltranspiler___collect_field_decode_str_locals__gtarget'vc.
Prover result is: Valid (0.01s, 24728 steps).

File "/home/fabrice/git/pycsl/scratchpad/w7/tmp/.pycsl_dt9cy9s4.mlw", line 1365, characters 24-94:
Sub-goal variant decrease of goal module6_whymltranspiler___collect_field_decode_str_locals__gvalue'vc.
Prover result is: Valid (0.01s, 24728 steps).

File "/home/fabrice/git/pycsl/scratchpad/w7/tmp/.pycsl_dt9cy9s4.mlw", line 1372, characters 24-94:
Sub-goal variant decrease of goal module6_whymltranspiler___collect_field_decode_str_locals__gvtype'vc.
Prover result is: Valid (0.01s, 24744 steps).

File "/home/fabrice/git/pycsl/scratchpad/w7/tmp/.pycsl_dt9cy9s4.mlw", line 1372, characters 24-94:
Sub-goal variant decrease of goal module6_whymltranspiler___collect_field_decode_str_locals__gvtype'vc.
Prover result is: Valid (0.01s, 24596 steps).

File "/home/fabrice/git/pycsl/scratchpad/w7/tmp/.pycsl_dt9cy9s4.mlw", line 1379, characters 24-94:
Sub-goal variant decrease of goal module6_whymltranspiler___collect_field_decode_str_locals__gvfunc'vc.
Prover result is: Valid (0.02s, 24744 steps).

File "/home/fabrice/git/pycsl/scratchpad/w7/tmp/.pycsl_dt9cy9s4.mlw", line 1379, characters 24-94:
Sub-goal variant decrease of goal module6_whymltranspiler___collect_field_decode_str_locals__gvfunc'vc.
Prover result is: Valid (0.01s, 24596 steps).

File "/home/fabrice/git/pycsl/scratchpad/w7/tmp/.pycsl_dt9cy9s4.mlw", line 1383, characters 32-36:
Sub-goal postcondition of goal module6_whymltranspiler___collect_field_decode_str_locals__leaf'vc.
Prover result is: Valid (0.01s, 9115 steps).

File "/home/fabrice/git/pycsl/scratchpad/w7/tmp/.pycsl_dt9cy9s4.mlw", line 1407, characters 95-163:
Sub-goal variant decrease of goal module6_whymltranspiler___collect_field_decode_str_locals__v'vc.
Prover result is: Valid (0.03s, 89313 steps).

File "/home/fabrice/git/pycsl/scratchpad/w7/tmp/.pycsl_dt9cy9s4.mlw", line 1407, characters 95-163:
Sub-goal precondition of goal module6_whymltranspiler___collect_field_decode_str_locals__v'vc.
Prover result is: Valid (0.01s, 9115 steps).

File "/home/fabrice/git/pycsl/scratchpad/w7/tmp/.pycsl_dt9cy9s4.mlw", line 1407, characters 27-94:
Sub-goal precondition of goal module6_whymltranspiler___collect_field_decode_str_locals__v'vc.
Prover result is: Valid (0.01s, 9124 steps).

File "/home/fabrice/git/pycsl/scratchpad/w7/tmp/.pycsl_dt9cy9s4.mlw", line 1408, characters 18-85:
Sub-goal variant decrease of goal module6_whymltranspiler___collect_field_decode_str_locals__v'vc.
Prover result is: Valid (0.03s, 89313 steps).

File "/home/fabrice/git/pycsl/scratchpad/w7/tmp/.pycsl_dt9cy9s4.mlw", line 1408, characters 18-85:
Sub-goal precondition of goal module6_whymltranspiler___collect_field_decode_str_locals__v'vc.
Prover result is: Valid (0.01s, 9115 steps).

File "/home/fabrice/git/pycsl/scratchpad/w7/tmp/.pycsl_dt9cy9s4.mlw", line 1405, characters 32-36:
Sub-goal postcondition of goal module6_whymltranspiler___collect_field_decode_str_locals__v'vc.
Prover result is: Valid (0.01s, 9106 steps).

File "/home/fabrice/git/pycsl/scratchpad/w7/tmp/.pycsl_dt9cy9s4.mlw", line 1416, characters 83-154:
Sub-goal variant decrease of goal module6_whymltranspiler___collect_field_decode_str_locals__dfold'vc.
Prover result is: Valid (0.03s, 96093 steps).

File "/home/fabrice/git/pycsl/scratchpad/w7/tmp/.pycsl_dt9cy9s4.mlw", line 1416, characters 83-154:
Sub-goal precondition of goal module6_whymltranspiler___collect_field_decode_str_locals__dfold'vc.
Prover result is: Valid (0.01s, 9132 steps).

File "/home/fabrice/git/pycsl/scratchpad/w7/tmp/.pycsl_dt9cy9s4.mlw", line 1416, characters 18-82:
Sub-goal variant decrease of goal module6_whymltranspiler___collect_field_decode_str_locals__dfold'vc.
Prover result is: Valid (0.03s, 96308 steps).

File "/home/fabrice/git/pycsl/scratchpad/w7/tmp/.pycsl_dt9cy9s4.mlw", line 1416, characters 18-82:
Sub-goal precondition of goal module6_whymltranspiler___collect_field_decode_str_locals__dfold'vc.
Prover result is: Valid (0.01s, 9141 steps).

File "/home/fabrice/git/pycsl/scratchpad/w7/tmp/.pycsl_dt9cy9s4.mlw", line 1412, characters 32-36:
Sub-goal postcondition of goal module6_whymltranspiler___collect_field_decode_str_locals__dfold'vc.
Prover result is: Valid (0.01s, 9106 steps).

File "/home/fabrice/git/pycsl/scratchpad/w7/tmp/.pycsl_dt9cy9s4.mlw", line 1420, characters 93-161:
Sub-goal variant decrease of goal module6_whymltranspiler___collect_field_decode_str_locals__lfold'vc.
Prover result is: Valid (0.03s, 95222 steps).

File "/home/fabrice/git/pycsl/scratchpad/w7/tmp/.pycsl_dt9cy9s4.mlw", line 1420, characters 93-161:
Sub-goal precondition of goal module6_whymltranspiler___collect_field_decode_str_locals__lfold'vc.
Prover result is: Valid (0.01s, 9058 steps).

File "/home/fabrice/git/pycsl/scratchpad/w7/tmp/.pycsl_dt9cy9s4.mlw", line 1420, characters 28-92:
Sub-goal variant decrease of goal module6_whymltranspiler___collect_field_decode_str_locals__lfold'vc.
Prover result is: Valid (0.03s, 96323 steps).

File "/home/fabrice/git/pycsl/scratchpad/w7/tmp/.pycsl_dt9cy9s4.mlw", line 1420, characters 28-92:
Sub-goal precondition of goal module6_whymltranspiler___collect_field_decode_str_locals__lfold'vc.
Prover result is: Valid (0.01s, 9067 steps).

File "/home/fabrice/git/pycsl/scratchpad/w7/tmp/.pycsl_dt9cy9s4.mlw", line 1418, characters 32-36:
Sub-goal postcondition of goal module6_whymltranspiler___collect_field_decode_str_locals__lfold'vc.
Prover result is: Valid (0.01s, 9106 steps).

File "/home/fabrice/git/pycsl/scratchpad/w7/tmp/.pycsl_dt9cy9s4.mlw", line 1423, characters 4-77:
Sub-goal precondition of goal module6_whymltranspiler___collect_field_decode_str_locals'vc.
Prover result is: Valid (0.01s, 9106 steps).

File "/home/fabrice/git/pycsl/scratchpad/w7/tmp/.pycsl_dt9cy9s4.mlw", line 1422, characters 32-36:
Sub-goal postcondition of goal module6_whymltranspiler___collect_field_decode_str_locals'vc.
Prover result is: Valid (0.01s, 9115 steps).

File "/home/fabrice/git/pycsl/scratchpad/w7/tmp/.pycsl_dt9cy9s4.mlw", line 1429, characters 41-45:
Sub-goal index in array bounds of goal module6_whymltranspiler___collect_shared_symbol_decls__at'vc.
Prover result is: Valid (0.01s, 25510 steps).

File "/home/fabrice/git/pycsl/scratchpad/w7/tmp/.pycsl_dt9cy9s4.mlw", line 1428, characters 32-36:
Sub-goal postcondition of goal module6_whymltranspiler___collect_shared_symbol_decls__at'vc.
Prover result is: Valid (0.01s, 9377 steps).

File "/home/fabrice/git/pycsl/scratchpad/w7/tmp/.pycsl_dt9cy9s4.mlw", line 1433, characters 39-102:
Sub-goal precondition of goal module6_whymltranspiler___collect_shared_symbol_decls__symbol'vc.
Prover result is: Valid (0.01s, 9333 steps).

File "/home/fabrice/git/pycsl/scratchpad/w7/tmp/.pycsl_dt9cy9s4.mlw", line 1433, characters 121-184:
Sub-goal precondition of goal module6_whymltranspiler___collect_shared_symbol_decls__symbol'vc.
Prover result is: Valid (0.01s, 9333 steps).

File "/home/fabrice/git/pycsl/scratchpad/w7/tmp/.pycsl_dt9cy9s4.mlw", line 1434, characters 16-79:
Sub-goal precondition of goal module6_whymltranspiler___collect_shared_symbol_decls__symbol'vc.
Prover result is: Valid (0.01s, 9357 steps).

File "/home/fabrice/git/pycsl/scratchpad/w7/tmp/.pycsl_dt9cy9s4.mlw", line 1435, characters 45-108:
Sub-goal precondition of goal module6_whymltranspiler___collect_shared_symbol_decls__symbol'vc.
Prover result is: Valid (0.01s, 9369 steps).

File "/home/fabrice/git/pycsl/scratchpad/w7/tmp/.pycsl_dt9cy9s4.mlw", line 1435, characters 132-195:
Sub-goal precondition of goal module6_whymltranspiler___collect_shared_symbol_decls__symbol'vc.
Prover result is: Valid (0.01s, 9378 steps).

File "/home/fabrice/git/pycsl/scratchpad/w7/tmp/.pycsl_dt9cy9s4.mlw", line 1436, characters 16-79:
Sub-goal precondition of goal module6_whymltranspiler___collect_shared_symbol_decls__symbol'vc.
Prover result is: Valid (0.01s, 9383 steps).

File "/home/fabrice/git/pycsl/scratchpad/w7/tmp/.pycsl_dt9cy9s4.mlw", line 1431, characters 32-36:
Sub-goal postcondition of goal module6_whymltranspiler___collect_shared_symbol_decls__symbol'vc.
Prover result is: Valid (0.01s, 9353 steps).

File "/home/fabrice/git/pycsl/scratchpad/w7/tmp/.pycsl_dt9cy9s4.mlw", line 1442, characters 15-76:
Sub-goal precondition of goal module6_whymltranspiler___collect_shared_symbol_decls__scan'vc.
Prover result is: Valid (0.01s, 9351 steps).

File "/home/fabrice/git/pycsl/scratchpad/w7/tmp/.pycsl_dt9cy9s4.mlw", line 1443, characters 24-151:
Sub-goal precondition of goal module6_whymltranspiler___collect_shared_symbol_decls__scan'vc.
Prover result is: Valid (0.01s, 9351 steps).

File "/home/fabrice/git/pycsl/scratchpad/w7/tmp/.pycsl_dt9cy9s4.mlw", line 1445, characters 6-80:
Sub-goal variant decrease of goal module6_whymltranspiler___collect_shared_symbol_decls__scan'vc.
Prover result is: Valid (0.03s, 89786 steps).

File "/home/fabrice/git/pycsl/scratchpad/w7/tmp/.pycsl_dt9cy9s4.mlw", line 1445, characters 6-80:
Sub-goal precondition of goal module6_whymltranspiler___collect_shared_symbol_decls__scan'vc.
Prover result is: Valid (0.03s, 89712 steps).

File "/home/fabrice/git/pycsl/scratchpad/w7/tmp/.pycsl_dt9cy9s4.mlw", line 1439, characters 34-38:
Sub-goal postcondition of goal module6_whymltranspiler___collect_shared_symbol_decls__scan'vc.
Prover result is: Valid (0.01s, 9129 steps).

File "/home/fabrice/git/pycsl/scratchpad/w7/tmp/.pycsl_dt9cy9s4.mlw", line 1449, characters 23-149:
Sub-goal precondition of goal module6_whymltranspiler___collect_shared_symbol_decls__sleaf'vc.
Prover result is: Valid (0.01s, 9124 steps).

File "/home/fabrice/git/pycsl/scratchpad/w7/tmp/.pycsl_dt9cy9s4.mlw", line 1447, characters 32-36:
Sub-goal postcondition of goal module6_whymltranspiler___collect_shared_symbol_decls__sleaf'vc.
Prover result is: Valid (0.01s, 9115 steps).

File "/home/fabrice/git/pycsl/scratchpad/w7/tmp/.pycsl_dt9cy9s4.mlw", line 1457, characters 105-176:
Sub-goal variant decrease of goal module6_whymltranspiler___collect_shared_symbol_decls__lfold'vc.
Prover result is: Valid (0.03s, 95222 steps).

File "/home/fabrice/git/pycsl/scratchpad/w7/tmp/.pycsl_dt9cy9s4.mlw", line 1457, characters 105-176:
Sub-goal precondition of goal module6_whymltranspiler___collect_shared_symbol_decls__lfold'vc.
Prover result is: Valid (0.01s, 9058 steps).

File "/home/fabrice/git/pycsl/scratchpad/w7/tmp/.pycsl_dt9cy9s4.mlw", line 1457, characters 33-104:
Sub-goal precondition of goal module6_whymltranspiler___collect_shared_symbol_decls__lfold'vc.
Prover result is: Valid (0.01s, 9067 steps).

File "/home/fabrice/git/pycsl/scratchpad/w7/tmp/.pycsl_dt9cy9s4.mlw", line 1455, characters 32-36:
Sub-goal postcondition of goal module6_whymltranspiler___collect_shared_symbol_decls__lfold'vc.
Prover result is: Valid (0.01s, 9106 steps).

File "/home/fabrice/git/pycsl/scratchpad/w7/tmp/.pycsl_dt9cy9s4.mlw", line 1460, characters 29-99:
Sub-goal precondition of goal module6_whymltranspiler___collect_shared_symbol_decls__vlist'vc.
Prover result is: Valid (0.01s, 9115 steps).

File "/home/fabrice/git/pycsl/scratchpad/w7/tmp/.pycsl_dt9cy9s4.mlw", line 1459, characters 32-36:
Sub-goal postcondition of goal module6_whymltranspiler___collect_shared_symbol_decls__vlist'vc.
Prover result is: Valid (0.01s, 9106 steps).

File "/home/fabrice/git/pycsl/scratchpad/w7/tmp/.pycsl_dt9cy9s4.mlw", line 1464, characters 106-180:
Sub-goal variant decrease of goal module6_whymltranspiler___collect_shared_symbol_decls__dvals'vc.
Prover result is: Valid (0.03s, 97016 steps).

File "/home/fabrice/git/pycsl/scratchpad/w7/tmp/.pycsl_dt9cy9s4.mlw", line 1464, characters 106-180:
Sub-goal precondition of goal module6_whymltranspiler___collect_shared_symbol_decls__dvals'vc.
Prover result is: Valid (0.01s, 9115 steps).

File "/home/fabrice/git/pycsl/scratchpad/w7/tmp/.pycsl_dt9cy9s4.mlw", line 1464, characters 34-105:
Sub-goal precondition of goal module6_whymltranspiler___collect_shared_symbol_decls__dvals'vc.
Prover result is: Valid (0.01s, 9124 steps).

File "/home/fabrice/git/pycsl/scratchpad/w7/tmp/.pycsl_dt9cy9s4.mlw", line 1462, characters 32-36:
Sub-goal postcondition of goal module6_whymltranspiler___collect_shared_symbol_decls__dvals'vc.
Prover result is: Valid (0.01s, 9106 steps).

File "/home/fabrice/git/pycsl/scratchpad/w7/tmp/.pycsl_dt9cy9s4.mlw", line 1467, characters 17-105:
Sub-goal precondition of goal module6_whymltranspiler___collect_shared_symbol_decls'vc.
Prover result is: Valid (0.01s, 9110 steps).

File "/home/fabrice/git/pycsl/scratchpad/w7/tmp/.pycsl_dt9cy9s4.mlw", line 1469, characters 17-86:
Sub-goal precondition of goal module6_whymltranspiler___collect_shared_symbol_decls'vc.
Prover result is: Valid (0.01s, 9115 steps).

File "/home/fabrice/git/pycsl/scratchpad/w7/tmp/.pycsl_dt9cy9s4.mlw", line 1466, characters 32-36:
Sub-goal postcondition of goal module6_whymltranspiler___collect_shared_symbol_decls'vc.
Prover result is: Valid (0.01s, 9115 steps).

File "/home/fabrice/git/pycsl/scratchpad/w7/tmp/.pycsl_dt9cy9s4.mlw", line 1480, characters 79-151:
Sub-goal variant decrease of goal module6_whymltranspiler___collect_struct_pack_assign_targets__gstmt'vc.
Prover result is: Valid (0.01s, 24460 steps).

File "/home/fabrice/git/pycsl/scratchpad/w7/tmp/.pycsl_dt9cy9s4.mlw", line 1481, characters 24-96:
Sub-goal variant decrease of goal module6_whymltranspiler___collect_struct_pack_assign_targets__gstmt'vc.
Prover result is: Valid (0.02s, 24732 steps).

File "/home/fabrice/git/pycsl/scratchpad/w7/tmp/.pycsl_dt9cy9s4.mlw", line 1481, characters 24-96:
Sub-goal variant decrease of goal module6_whymltranspiler___collect_struct_pack_assign_targets__gstmt'vc.
Prover result is: Valid (0.01s, 24596 steps).

File "/home/fabrice/git/pycsl/scratchpad/w7/tmp/.pycsl_dt9cy9s4.mlw", line 1488, characters 24-95:
Sub-goal variant decrease of goal module6_whymltranspiler___collect_struct_pack_assign_targets__gtgt'vc.
Prover result is: Valid (0.01s, 24744 steps).

File "/home/fabrice/git/pycsl/scratchpad/w7/tmp/.pycsl_dt9cy9s4.mlw", line 1488, characters 24-95:
Sub-goal variant decrease of goal module6_whymltranspiler___collect_struct_pack_assign_targets__gtgt'vc.
Prover result is: Valid (0.02s, 24596 steps).

File "/home/fabrice/git/pycsl/scratchpad/w7/tmp/.pycsl_dt9cy9s4.mlw", line 1495, characters 24-95:
Sub-goal variant decrease of goal module6_whymltranspiler___collect_struct_pack_assign_targets__gval'vc.
Prover result is: Valid (0.01s, 24728 steps).

File "/home/fabrice/git/pycsl/scratchpad/w7/tmp/.pycsl_dt9cy9s4.mlw", line 1502, characters 24-96:
Sub-goal variant decrease of goal module6_whymltranspiler___collect_struct_pack_assign_targets__gtype'vc.
Prover result is: Valid (0.01s, 24744 steps).

File "/home/fabrice/git/pycsl/scratchpad/w7/tmp/.pycsl_dt9cy9s4.mlw", line 1502, characters 24-96:
Sub-goal variant decrease of goal module6_whymltranspiler___collect_struct_pack_assign_targets__gtype'vc.
Prover result is: Valid (0.01s, 24596 steps).

File "/home/fabrice/git/pycsl/scratchpad/w7/tmp/.pycsl_dt9cy9s4.mlw", line 1509, characters 24-96:
Sub-goal variant decrease of goal module6_whymltranspiler___collect_struct_pack_assign_targets__gfunc'vc.
Prover result is: Valid (0.01s, 24744 steps).

File "/home/fabrice/git/pycsl/scratchpad/w7/tmp/.pycsl_dt9cy9s4.mlw", line 1509, characters 24-96:
Sub-goal variant decrease of goal module6_whymltranspiler___collect_struct_pack_assign_targets__gfunc'vc.
Prover result is: Valid (0.02s, 24596 steps).

File "/home/fabrice/git/pycsl/scratchpad/w7/tmp/.pycsl_dt9cy9s4.mlw", line 1517, characters 24-98:
Sub-goal variant decrease of goal module6_whymltranspiler___collect_struct_pack_assign_targets__Lbody_g'vc.
Prover result is: Valid (0.01s, 24728 steps).

File "/home/fabrice/git/pycsl/scratchpad/w7/tmp/.pycsl_dt9cy9s4.mlw", line 1513, characters 14-85:
Sub-goal postcondition of goal module6_whymltranspiler___collect_struct_pack_assign_targets__Lbody_g'vc.
Prover result is: Valid (0.04s, 84942 steps).

File "/home/fabrice/git/pycsl/scratchpad/w7/tmp/.pycsl_dt9cy9s4.mlw", line 1520, characters 14-45:
Sub-goal postcondition of goal module6_whymltranspiler___collect_struct_pack_assign_targets__Lbody'vc.
Prover result is: Valid (0.03s, 87899 steps).

File "/home/fabrice/git/pycsl/scratchpad/w7/tmp/.pycsl_dt9cy9s4.mlw", line 1520, characters 14-45:
Sub-goal postcondition of goal module6_whymltranspiler___collect_struct_pack_assign_targets__Lbody'vc.
Prover result is: Valid (0.63s, 7932604 steps).

File "/home/fabrice/git/pycsl/scratchpad/w7/tmp/.pycsl_dt9cy9s4.mlw", line 1520, characters 14-45:
Sub-goal postcondition of goal module6_whymltranspiler___collect_struct_pack_assign_targets__Lbody'vc.
Prover result is: Valid (0.10s, 407739 steps).

File "/home/fabrice/git/pycsl/scratchpad/w7/tmp/.pycsl_dt9cy9s4.mlw", line 1528, characters 24-100:
Sub-goal variant decrease of goal module6_whymltranspiler___collect_struct_pack_assign_targets__Lorelse_g'vc.
Prover result is: Valid (0.01s, 24728 steps).

File "/home/fabrice/git/pycsl/scratchpad/w7/tmp/.pycsl_dt9cy9s4.mlw", line 1524, characters 14-85:
Sub-goal postcondition of goal module6_whymltranspiler___collect_struct_pack_assign_targets__Lorelse_g'vc.
Prover result is: Valid (0.02s, 84942 steps).

File "/home/fabrice/git/pycsl/scratchpad/w7/tmp/.pycsl_dt9cy9s4.mlw", line 1531, characters 14-45:
Sub-goal postcondition of goal module6_whymltranspiler___collect_struct_pack_assign_targets__Lorelse'vc.
Prover result is: Valid (0.02s, 87899 steps).

File "/home/fabrice/git/pycsl/scratchpad/w7/tmp/.pycsl_dt9cy9s4.mlw", line 1531, characters 14-45:
Sub-goal postcondition of goal module6_whymltranspiler___collect_struct_pack_assign_targets__Lorelse'vc.
Prover result is: Valid (0.58s, 7932604 steps).

File "/home/fabrice/git/pycsl/scratchpad/w7/tmp/.pycsl_dt9cy9s4.mlw", line 1531, characters 14-45:
Sub-goal postcondition of goal module6_whymltranspiler___collect_struct_pack_assign_targets__Lorelse'vc.
Prover result is: Valid (0.10s, 407739 steps).

File "/home/fabrice/git/pycsl/scratchpad/w7/tmp/.pycsl_dt9cy9s4.mlw", line 1538, characters 74-152:
Sub-goal variant decrease of goal module6_whymltranspiler___collect_struct_pack_assign_targets__Lhandlers_g'vc.
Prover result is: Valid (0.01s, 24444 steps).

File "/home/fabrice/git/pycsl/scratchpad/w7/tmp/.pycsl_dt9cy9s4.mlw", line 1539, characters 24-102:
Sub-goal variant decrease of goal module6_whymltranspiler___collect_struct_pack_assign_targets__Lhandlers_g'vc.
Prover result is: Valid (0.01s, 24716 steps).

File "/home/fabrice/git/pycsl/scratchpad/w7/tmp/.pycsl_dt9cy9s4.mlw", line 1535, characters 14-85:
Sub-goal postcondition of goal module6_whymltranspiler___collect_struct_pack_assign_targets__Lhandlers_g'vc.
Prover result is: Valid (0.02s, 92349 steps).

File "/home/fabrice/git/pycsl/scratchpad/w7/tmp/.pycsl_dt9cy9s4.mlw", line 1542, characters 14-45:
Sub-goal postcondition of goal module6_whymltranspiler___collect_struct_pack_assign_targets__Lhandlers'vc.
Prover result is: Valid (0.02s, 87899 steps).

File "/home/fabrice/git/pycsl/scratchpad/w7/tmp/.pycsl_dt9cy9s4.mlw", line 1542, characters 14-45:
Sub-goal postcondition of goal module6_whymltranspiler___collect_struct_pack_assign_targets__Lhandlers'vc.
Prover result is: Valid (0.54s, 7932604 steps).

File "/home/fabrice/git/pycsl/scratchpad/w7/tmp/.pycsl_dt9cy9s4.mlw", line 1542, characters 14-45:
Sub-goal postcondition of goal module6_whymltranspiler___collect_struct_pack_assign_targets__Lhandlers'vc.
Prover result is: Valid (0.10s, 407739 steps).

File "/home/fabrice/git/pycsl/scratchpad/w7/tmp/.pycsl_dt9cy9s4.mlw", line 1545, characters 32-36:
Sub-goal postcondition of goal module6_whymltranspiler___collect_struct_pack_assign_targets__f'vc.
Prover result is: Valid (0.01s, 9063 steps).

File "/home/fabrice/git/pycsl/scratchpad/w7/tmp/.pycsl_dt9cy9s4.mlw", line 1566, characters 13-152:
Sub-goal variant decrease of goal module6_whymltranspiler___collect_struct_pack_assign_targets__f'vc.
Prover result is: Valid (0.02s, 104811 steps).

File "/home/fabrice/git/pycsl/scratchpad/w7/tmp/.pycsl_dt9cy9s4.mlw", line 1566, characters 13-152:
Sub-goal precondition of goal module6_whymltranspiler___collect_struct_pack_assign_targets__f'vc.
Prover result is: Valid (0.01s, 9547 steps).

File "/home/fabrice/git/pycsl/scratchpad/w7/tmp/.pycsl_dt9cy9s4.mlw", line 1567, characters 13-154:
Sub-goal variant decrease of goal module6_whymltranspiler___collect_struct_pack_assign_targets__f'vc.
Prover result is: Valid (0.02s, 105077 steps).

File "/home/fabrice/git/pycsl/scratchpad/w7/tmp/.pycsl_dt9cy9s4.mlw", line 1567, characters 13-154:
Sub-goal precondition of goal module6_whymltranspiler___collect_struct_pack_assign_targets__f'vc.
Prover result is: Valid (0.01s, 9558 steps).

File "/home/fabrice/git/pycsl/scratchpad/w7/tmp/.pycsl_dt9cy9s4.mlw", line 1568, characters 13-157:
Sub-goal variant decrease of goal module6_whymltranspiler___collect_struct_pack_assign_targets__f'vc.
Prover result is: Valid (0.02s, 105341 steps).

File "/home/fabrice/git/pycsl/scratchpad/w7/tmp/.pycsl_dt9cy9s4.mlw", line 1568, characters 13-157:
Sub-goal precondition of goal module6_whymltranspiler___collect_struct_pack_assign_targets__f'vc.
Prover result is: Valid (0.01s, 9567 steps).

File "/home/fabrice/git/pycsl/scratchpad/w7/tmp/.pycsl_dt9cy9s4.mlw", line 1570, characters 8-80:
Sub-goal variant decrease of goal module6_whymltranspiler___collect_struct_pack_assign_targets__f'vc.
Prover result is: Valid (0.02s, 105253 steps).

File "/home/fabrice/git/pycsl/scratchpad/w7/tmp/.pycsl_dt9cy9s4.mlw", line 1570, characters 8-80:
Sub-goal precondition of goal module6_whymltranspiler___collect_struct_pack_assign_targets__f'vc.
Prover result is: Valid (0.01s, 9567 steps).

File "/home/fabrice/git/pycsl/scratchpad/w7/tmp/.pycsl_dt9cy9s4.mlw", line 1545, characters 32-36:
Sub-goal postcondition of goal module6_whymltranspiler___collect_struct_pack_assign_targets__f'vc.
Prover result is: Valid (0.01s, 9567 steps).

File "/home/fabrice/git/pycsl/scratchpad/w7/tmp/.pycsl_dt9cy9s4.mlw", line 1566, characters 13-152:
Sub-goal variant decrease of goal module6_whymltranspiler___collect_struct_pack_assign_targets__f'vc.
Prover result is: Valid (0.02s, 99580 steps).

File "/home/fabrice/git/pycsl/scratchpad/w7/tmp/.pycsl_dt9cy9s4.mlw", line 1566, characters 13-152:
Sub-goal precondition of goal module6_whymltranspiler___collect_struct_pack_assign_targets__f'vc.
Prover result is: Valid (0.00s, 9139 steps).

File "/home/fabrice/git/pycsl/scratchpad/w7/tmp/.pycsl_dt9cy9s4.mlw", line 1567, characters 13-154:
Sub-goal variant decrease of goal module6_whymltranspiler___collect_struct_pack_assign_targets__f'vc.
Prover result is: Valid (0.02s, 99846 steps).

File "/home/fabrice/git/pycsl/scratchpad/w7/tmp/.pycsl_dt9cy9s4.mlw", line 1567, characters 13-154:
Sub-goal precondition of goal module6_whymltranspiler___collect_struct_pack_assign_targets__f'vc.
Prover result is: Valid (0.01s, 9150 steps).

File "/home/fabrice/git/pycsl/scratchpad/w7/tmp/.pycsl_dt9cy9s4.mlw", line 1568, characters 13-157:
Sub-goal variant decrease of goal module6_whymltranspiler___collect_struct_pack_assign_targets__f'vc.
Prover result is: Valid (0.03s, 100110 steps).

File "/home/fabrice/git/pycsl/scratchpad/w7/tmp/.pycsl_dt9cy9s4.mlw", line 1568, characters 13-157:
Sub-goal precondition of goal module6_whymltranspiler___collect_struct_pack_assign_targets__f'vc.
Prover result is: Valid (0.01s, 9159 steps).

File "/home/fabrice/git/pycsl/scratchpad/w7/tmp/.pycsl_dt9cy9s4.mlw", line 1570, characters 8-80:
Sub-goal variant decrease of goal module6_whymltranspiler___collect_struct_pack_assign_targets__f'vc.
Prover result is: Valid (0.02s, 100018 steps).

File "/home/fabrice/git/pycsl/scratchpad/w7/tmp/.pycsl_dt9cy9s4.mlw", line 1570, characters 8-80:
Sub-goal precondition of goal module6_whymltranspiler___collect_struct_pack_assign_targets__f'vc.
Prover result is: Valid (0.01s, 9159 steps).

File "/home/fabrice/git/pycsl/scratchpad/w7/tmp/.pycsl_dt9cy9s4.mlw", line 1545, characters 32-36:
Sub-goal postcondition of goal module6_whymltranspiler___collect_struct_pack_assign_targets__f'vc.
Prover result is: Valid (0.01s, 9159 steps).

File "/home/fabrice/git/pycsl/scratchpad/w7/tmp/.pycsl_dt9cy9s4.mlw", line 1566, characters 13-152:
Sub-goal variant decrease of goal module6_whymltranspiler___collect_struct_pack_assign_targets__f'vc.
Prover result is: Valid (0.02s, 99668 steps).

File "/home/fabrice/git/pycsl/scratchpad/w7/tmp/.pycsl_dt9cy9s4.mlw", line 1566, characters 13-152:
Sub-goal precondition of goal module6_whymltranspiler___collect_struct_pack_assign_targets__f'vc.
Prover result is: Valid (0.01s, 9144 steps).

File "/home/fabrice/git/pycsl/scratchpad/w7/tmp/.pycsl_dt9cy9s4.mlw", line 1567, characters 13-154:
Sub-goal variant decrease of goal module6_whymltranspiler___collect_struct_pack_assign_targets__f'vc.
Prover result is: Valid (0.02s, 99930 steps).

File "/home/fabrice/git/pycsl/scratchpad/w7/tmp/.pycsl_dt9cy9s4.mlw", line 1567, characters 13-154:
Sub-goal precondition of goal module6_whymltranspiler___collect_struct_pack_assign_targets__f'vc.
Prover result is: Valid (0.01s, 9155 steps).

File "/home/fabrice/git/pycsl/scratchpad/w7/tmp/.pycsl_dt9cy9s4.mlw", line 1568, characters 13-157:
Sub-goal variant decrease of goal module6_whymltranspiler___collect_struct_pack_assign_targets__f'vc.
Prover result is: Valid (0.02s, 100190 steps).

File "/home/fabrice/git/pycsl/scratchpad/w7/tmp/.pycsl_dt9cy9s4.mlw", line 1568, characters 13-157:
Sub-goal precondition of goal module6_whymltranspiler___collect_struct_pack_assign_targets__f'vc.
Prover result is: Valid (0.01s, 9164 steps).

File "/home/fabrice/git/pycsl/scratchpad/w7/tmp/.pycsl_dt9cy9s4.mlw", line 1570, characters 8-80:
Sub-goal variant decrease of goal module6_whymltranspiler___collect_struct_pack_assign_targets__f'vc.
Prover result is: Valid (0.03s, 100096 steps).

File "/home/fabrice/git/pycsl/scratchpad/w7/tmp/.pycsl_dt9cy9s4.mlw", line 1570, characters 8-80:
Sub-goal precondition of goal module6_whymltranspiler___collect_struct_pack_assign_targets__f'vc.
Prover result is: Valid (0.01s, 9164 steps).

File "/home/fabrice/git/pycsl/scratchpad/w7/tmp/.pycsl_dt9cy9s4.mlw", line 1545, characters 32-36:
Sub-goal postcondition of goal module6_whymltranspiler___collect_struct_pack_assign_targets__f'vc.
Prover result is: Valid (0.01s, 9164 steps).

File "/home/fabrice/git/pycsl/scratchpad/w7/tmp/.pycsl_dt9cy9s4.mlw", line 1566, characters 13-152:
Sub-goal variant decrease of goal module6_whymltranspiler___collect_struct_pack_assign_targets__f'vc.
Prover result is: Valid (0.03s, 96286 steps).

File "/home/fabrice/git/pycsl/scratchpad/w7/tmp/.pycsl_dt9cy9s4.mlw", line 1566, characters 13-152:
Sub-goal precondition of goal module6_whymltranspiler___collect_struct_pack_assign_targets__f'vc.
Prover result is: Valid (0.01s, 9153 steps).

File "/home/fabrice/git/pycsl/scratchpad/w7/tmp/.pycsl_dt9cy9s4.mlw", line 1567, characters 13-154:
Sub-goal variant decrease of goal module6_whymltranspiler___collect_struct_pack_assign_targets__f'vc.
Prover result is: Valid (0.03s, 96544 steps).

File "/home/fabrice/git/pycsl/scratchpad/w7/tmp/.pycsl_dt9cy9s4.mlw", line 1567, characters 13-154:
Sub-goal precondition of goal module6_whymltranspiler___collect_struct_pack_assign_targets__f'vc.
Prover result is: Valid (0.01s, 9164 steps).

File "/home/fabrice/git/pycsl/scratchpad/w7/tmp/.pycsl_dt9cy9s4.mlw", line 1568, characters 13-157:
Sub-goal variant decrease of goal module6_whymltranspiler___collect_struct_pack_assign_targets__f'vc.
Prover result is: Valid (0.03s, 96800 steps).

File "/home/fabrice/git/pycsl/scratchpad/w7/tmp/.pycsl_dt9cy9s4.mlw", line 1568, characters 13-157:
Sub-goal precondition of goal module6_whymltranspiler___collect_struct_pack_assign_targets__f'vc.
Prover result is: Valid (0.01s, 9173 steps).

File "/home/fabrice/git/pycsl/scratchpad/w7/tmp/.pycsl_dt9cy9s4.mlw", line 1570, characters 8-80:
Sub-goal variant decrease of goal module6_whymltranspiler___collect_struct_pack_assign_targets__f'vc.
Prover result is: Valid (0.04s, 96704 steps).

File "/home/fabrice/git/pycsl/scratchpad/w7/tmp/.pycsl_dt9cy9s4.mlw", line 1570, characters 8-80:
Sub-goal precondition of goal module6_whymltranspiler___collect_struct_pack_assign_targets__f'vc.
Prover result is: Valid (0.01s, 9173 steps).

File "/home/fabrice/git/pycsl/scratchpad/w7/tmp/.pycsl_dt9cy9s4.mlw", line 1545, characters 32-36:
Sub-goal postcondition of goal module6_whymltranspiler___collect_struct_pack_assign_targets__f'vc.
Prover result is: Valid (0.01s, 9173 steps).

File "/home/fabrice/git/pycsl/scratchpad/w7/tmp/.pycsl_dt9cy9s4.mlw", line 1566, characters 13-152:
Sub-goal variant decrease of goal module6_whymltranspiler___collect_struct_pack_assign_targets__f'vc.
Prover result is: Valid (0.03s, 95711 steps).

File "/home/fabrice/git/pycsl/scratchpad/w7/tmp/.pycsl_dt9cy9s4.mlw", line 1566, characters 13-152:
Sub-goal precondition of goal module6_whymltranspiler___collect_struct_pack_assign_targets__f'vc.
Prover result is: Valid (0.01s, 9084 steps).

File "/home/fabrice/git/pycsl/scratchpad/w7/tmp/.pycsl_dt9cy9s4.mlw", line 1567, characters 13-154:
Sub-goal variant decrease of goal module6_whymltranspiler___collect_struct_pack_assign_targets__f'vc.
Prover result is: Valid (0.03s, 95969 steps).

File "/home/fabrice/git/pycsl/scratchpad/w7/tmp/.pycsl_dt9cy9s4.mlw", line 1567, characters 13-154:
Sub-goal precondition of goal module6_whymltranspiler___collect_struct_pack_assign_targets__f'vc.
Prover result is: Valid (0.01s, 9095 steps).

File "/home/fabrice/git/pycsl/scratchpad/w7/tmp/.pycsl_dt9cy9s4.mlw", line 1568, characters 13-157:
Sub-goal variant decrease of goal module6_whymltranspiler___collect_struct_pack_assign_targets__f'vc.
Prover result is: Valid (0.03s, 96225 steps).

File "/home/fabrice/git/pycsl/scratchpad/w7/tmp/.pycsl_dt9cy9s4.mlw", line 1568, characters 13-157:
Sub-goal precondition of goal module6_whymltranspiler___collect_struct_pack_assign_targets__f'vc.
Prover result is: Valid (0.01s, 9104 steps).

File "/home/fabrice/git/pycsl/scratchpad/w7/tmp/.pycsl_dt9cy9s4.mlw", line 1570, characters 8-80:
Sub-goal variant decrease of goal module6_whymltranspiler___collect_struct_pack_assign_targets__f'vc.
Prover result is: Valid (0.03s, 96129 steps).

File "/home/fabrice/git/pycsl/scratchpad/w7/tmp/.pycsl_dt9cy9s4.mlw", line 1570, characters 8-80:
Sub-goal precondition of goal module6_whymltranspiler___collect_struct_pack_assign_targets__f'vc.
Prover result is: Valid (0.01s, 9104 steps).

File "/home/fabrice/git/pycsl/scratchpad/w7/tmp/.pycsl_dt9cy9s4.mlw", line 1545, characters 32-36:
Sub-goal postcondition of goal module6_whymltranspiler___collect_struct_pack_assign_targets__f'vc.
Prover result is: Valid (0.01s, 9104 steps).

File "/home/fabrice/git/pycsl/scratchpad/w7/tmp/.pycsl_dt9cy9s4.mlw", line 1566, characters 13-152:
Sub-goal variant decrease of goal module6_whymltranspiler___collect_struct_pack_assign_targets__f'vc.
Prover result is: Valid (0.03s, 95739 steps).

File "/home/fabrice/git/pycsl/scratchpad/w7/tmp/.pycsl_dt9cy9s4.mlw", line 1566, characters 13-152:
Sub-goal precondition of goal module6_whymltranspiler___collect_struct_pack_assign_targets__f'vc.
Prover result is: Valid (0.01s, 9093 steps).

File "/home/fabrice/git/pycsl/scratchpad/w7/tmp/.pycsl_dt9cy9s4.mlw", line 1567, characters 13-154:
Sub-goal variant decrease of goal module6_whymltranspiler___collect_struct_pack_assign_targets__f'vc.
Prover result is: Valid (0.03s, 95997 steps).

File "/home/fabrice/git/pycsl/scratchpad/w7/tmp/.pycsl_dt9cy9s4.mlw", line 1567, characters 13-154:
Sub-goal precondition of goal module6_whymltranspiler___collect_struct_pack_assign_targets__f'vc.
Prover result is: Valid (0.01s, 9104 steps).

File "/home/fabrice/git/pycsl/scratchpad/w7/tmp/.pycsl_dt9cy9s4.mlw", line 1568, characters 13-157:
Sub-goal variant decrease of goal module6_whymltranspiler___collect_struct_pack_assign_targets__f'vc.
Prover result is: Valid (0.04s, 96253 steps).

File "/home/fabrice/git/pycsl/scratchpad/w7/tmp/.pycsl_dt9cy9s4.mlw", line 1568, characters 13-157:
Sub-goal precondition of goal module6_whymltranspiler___collect_struct_pack_assign_targets__f'vc.
Prover result is: Valid (0.01s, 9113 steps).

File "/home/fabrice/git/pycsl/scratchpad/w7/tmp/.pycsl_dt9cy9s4.mlw", line 1570, characters 8-80:
Sub-goal variant decrease of goal module6_whymltranspiler___collect_struct_pack_assign_targets__f'vc.
Prover result is: Valid (0.04s, 96157 steps).

File "/home/fabrice/git/pycsl/scratchpad/w7/tmp/.pycsl_dt9cy9s4.mlw", line 1570, characters 8-80:
Sub-goal precondition of goal module6_whymltranspiler___collect_struct_pack_assign_targets__f'vc.
Prover result is: Valid (0.01s, 9113 steps).

File "/home/fabrice/git/pycsl/scratchpad/w7/tmp/.pycsl_dt9cy9s4.mlw", line 1545, characters 32-36:
Sub-goal postcondition of goal module6_whymltranspiler___collect_struct_pack_assign_targets__f'vc.
Prover result is: Valid (0.01s, 9113 steps).

File "/home/fabrice/git/pycsl/scratchpad/w7/tmp/.pycsl_dt9cy9s4.mlw", line 1566, characters 13-152:
Sub-goal variant decrease of goal module6_whymltranspiler___collect_struct_pack_assign_targets__f'vc.
Prover result is: Valid (0.03s, 95711 steps).

File "/home/fabrice/git/pycsl/scratchpad/w7/tmp/.pycsl_dt9cy9s4.mlw", line 1566, characters 13-152:
Sub-goal precondition of goal module6_whymltranspiler___collect_struct_pack_assign_targets__f'vc.
Prover result is: Valid (0.01s, 9084 steps).

File "/home/fabrice/git/pycsl/scratchpad/w7/tmp/.pycsl_dt9cy9s4.mlw", line 1567, characters 13-154:
Sub-goal variant decrease of goal module6_whymltranspiler___collect_struct_pack_assign_targets__f'vc.
Prover result is: Valid (0.03s, 95969 steps).

File "/home/fabrice/git/pycsl/scratchpad/w7/tmp/.pycsl_dt9cy9s4.mlw", line 1567, characters 13-154:
Sub-goal precondition of goal module6_whymltranspiler___collect_struct_pack_assign_targets__f'vc.
Prover result is: Valid (0.01s, 9095 steps).

File "/home/fabrice/git/pycsl/scratchpad/w7/tmp/.pycsl_dt9cy9s4.mlw", line 1568, characters 13-157:
Sub-goal variant decrease of goal module6_whymltranspiler___collect_struct_pack_assign_targets__f'vc.
Prover result is: Valid (0.03s, 96225 steps).

File "/home/fabrice/git/pycsl/scratchpad/w7/tmp/.pycsl_dt9cy9s4.mlw", line 1568, characters 13-157:
Sub-goal precondition of goal module6_whymltranspiler___collect_struct_pack_assign_targets__f'vc.
Prover result is: Valid (0.01s, 9104 steps).

File "/home/fabrice/git/pycsl/scratchpad/w7/tmp/.pycsl_dt9cy9s4.mlw", line 1570, characters 8-80:
Sub-goal variant decrease of goal module6_whymltranspiler___collect_struct_pack_assign_targets__f'vc.
Prover result is: Valid (0.04s, 96129 steps).

File "/home/fabrice/git/pycsl/scratchpad/w7/tmp/.pycsl_dt9cy9s4.mlw", line 1570, characters 8-80:
Sub-goal precondition of goal module6_whymltranspiler___collect_struct_pack_assign_targets__f'vc.
Prover result is: Valid (0.01s, 9104 steps).

File "/home/fabrice/git/pycsl/scratchpad/w7/tmp/.pycsl_dt9cy9s4.mlw", line 1545, characters 32-36:
Sub-goal postcondition of goal module6_whymltranspiler___collect_struct_pack_assign_targets__f'vc.
Prover result is: Valid (0.01s, 9104 steps).

File "/home/fabrice/git/pycsl/scratchpad/w7/tmp/.pycsl_dt9cy9s4.mlw", line 1570, characters 8-80:
Sub-goal variant decrease of goal module6_whymltranspiler___collect_struct_pack_assign_targets__f'vc.
Prover result is: Valid (0.03s, 96939 steps).

File "/home/fabrice/git/pycsl/scratchpad/w7/tmp/.pycsl_dt9cy9s4.mlw", line 1570, characters 8-80:
Sub-goal precondition of goal module6_whymltranspiler___collect_struct_pack_assign_targets__f'vc.
Prover result is: Valid (0.01s, 9136 steps).

File "/home/fabrice/git/pycsl/scratchpad/w7/tmp/.pycsl_dt9cy9s4.mlw", line 1545, characters 32-36:
Sub-goal postcondition of goal module6_whymltranspiler___collect_struct_pack_assign_targets__f'vc.
Prover result is: Valid (0.01s, 9136 steps).

File "/home/fabrice/git/pycsl/scratchpad/w7/tmp/.pycsl_dt9cy9s4.mlw", line 1573, characters 32-36:
Sub-goal postcondition of goal module6_whymltranspiler___collect_struct_pack_assign_targets__hf'vc.
Prover result is: Valid (0.01s, 9054 steps).

File "/home/fabrice/git/pycsl/scratchpad/w7/tmp/.pycsl_dt9cy9s4.mlw", line 1575, characters 47-187:
Sub-goal variant decrease of goal module6_whymltranspiler___collect_struct_pack_assign_targets__hf'vc.
Prover result is: Valid (0.03s, 95485 steps).

File "/home/fabrice/git/pycsl/scratchpad/w7/tmp/.pycsl_dt9cy9s4.mlw", line 1575, characters 47-187:
Sub-goal precondition of goal module6_whymltranspiler___collect_struct_pack_assign_targets__hf'vc.
Prover result is: Valid (0.01s, 9075 steps).

File "/home/fabrice/git/pycsl/scratchpad/w7/tmp/.pycsl_dt9cy9s4.mlw", line 1575, characters 204-277:
Sub-goal variant decrease of goal module6_whymltranspiler___collect_struct_pack_assign_targets__hf'vc.
Prover result is: Valid (0.03s, 95393 steps).

File "/home/fabrice/git/pycsl/scratchpad/w7/tmp/.pycsl_dt9cy9s4.mlw", line 1575, characters 204-277:
Sub-goal precondition of goal module6_whymltranspiler___collect_struct_pack_assign_targets__hf'vc.
Prover result is: Valid (0.01s, 9075 steps).

File "/home/fabrice/git/pycsl/scratchpad/w7/tmp/.pycsl_dt9cy9s4.mlw", line 1573, characters 32-36:
Sub-goal postcondition of goal module6_whymltranspiler___collect_struct_pack_assign_targets__hf'vc.
Prover result is: Valid (0.01s, 9075 steps).

File "/home/fabrice/git/pycsl/scratchpad/w7/tmp/.pycsl_dt9cy9s4.mlw", line 1575, characters 204-277:
Sub-goal variant decrease of goal module6_whymltranspiler___collect_struct_pack_assign_targets__hf'vc.
Prover result is: Valid (0.02s, 88471 steps).

File "/home/fabrice/git/pycsl/scratchpad/w7/tmp/.pycsl_dt9cy9s4.mlw", line 1575, characters 204-277:
Sub-goal precondition of goal module6_whymltranspiler___collect_struct_pack_assign_targets__hf'vc.
Prover result is: Valid (0.01s, 9127 steps).

File "/home/fabrice/git/pycsl/scratchpad/w7/tmp/.pycsl_dt9cy9s4.mlw", line 1573, characters 32-36:
Sub-goal postcondition of goal module6_whymltranspiler___collect_struct_pack_assign_targets__hf'vc.
Prover result is: Valid (0.00s, 9127 steps).

File "/home/fabrice/git/pycsl/scratchpad/w7/tmp/.pycsl_dt9cy9s4.mlw", line 1579, characters 36-106:
Sub-goal precondition of goal module6_whymltranspiler___collect_struct_pack_assign_targets'vc.
Prover result is: Valid (0.01s, 9115 steps).

File "/home/fabrice/git/pycsl/scratchpad/w7/tmp/.pycsl_dt9cy9s4.mlw", line 1577, characters 32-36:
Sub-goal postcondition of goal module6_whymltranspiler___collect_struct_pack_assign_targets'vc.
Prover result is: Valid (0.01s, 9124 steps).

File "/home/fabrice/git/pycsl/scratchpad/w7/tmp/.pycsl_dt9cy9s4.mlw", line 1577, characters 32-36:
Sub-goal postcondition of goal module6_whymltranspiler___collect_struct_pack_assign_targets'vc.
Prover result is: Valid (0.01s, 9175 steps).

File "/home/fabrice/git/pycsl/scratchpad/w7/tmp/.pycsl_dt9cy9s4.mlw", line 1589, characters 70-141:
Sub-goal variant decrease of goal module6_whymltranspiler___collect_tuple_array_locals__get_dyn_stmt'vc.
Prover result is: Valid (0.01s, 24444 steps).

File "/home/fabrice/git/pycsl/scratchpad/w7/tmp/.pycsl_dt9cy9s4.mlw", line 1590, characters 24-95:
Sub-goal variant decrease of goal module6_whymltranspiler___collect_tuple_array_locals__get_dyn_stmt'vc.
Prover result is: Valid (0.01s, 24716 steps).

File "/home/fabrice/git/pycsl/scratchpad/w7/tmp/.pycsl_dt9cy9s4.mlw", line 1597, characters 24-95:
Sub-goal variant decrease of goal module6_whymltranspiler___collect_tuple_array_locals__get_K_target'vc.
Prover result is: Valid (0.01s, 24728 steps).

File "/home/fabrice/git/pycsl/scratchpad/w7/tmp/.pycsl_dt9cy9s4.mlw", line 1614, characters 88-144:
Sub-goal variant decrease of goal module6_whymltranspiler___collect_tuple_array_locals'vc.
Prover result is: Valid (0.02s, 95222 steps).

File "/home/fabrice/git/pycsl/scratchpad/w7/tmp/.pycsl_dt9cy9s4.mlw", line 1614, characters 88-144:
Sub-goal precondition of goal module6_whymltranspiler___collect_tuple_array_locals'vc.
Prover result is: Valid (0.01s, 9058 steps).

File "/home/fabrice/git/pycsl/scratchpad/w7/tmp/.pycsl_dt9cy9s4.mlw", line 1614, characters 26-87:
Sub-goal variant decrease of goal module6_whymltranspiler___collect_tuple_array_locals'vc.
Prover result is: Valid (0.02s, 95181 steps).

File "/home/fabrice/git/pycsl/scratchpad/w7/tmp/.pycsl_dt9cy9s4.mlw", line 1614, characters 26-87:
Sub-goal precondition of goal module6_whymltranspiler___collect_tuple_array_locals'vc.
Prover result is: Valid (0.01s, 9058 steps).

File "/home/fabrice/git/pycsl/scratchpad/w7/tmp/.pycsl_dt9cy9s4.mlw", line 1610, characters 32-36:
Sub-goal postcondition of goal module6_whymltranspiler___collect_tuple_array_locals'vc.
Prover result is: Valid (0.01s, 9106 steps).

File "/home/fabrice/git/pycsl/scratchpad/w7/tmp/.pycsl_dt9cy9s4.mlw", line 1620, characters 87-149:
Sub-goal variant decrease of goal module6_whymltranspiler___collect_tuple_array_locals__val'vc.
Prover result is: Valid (0.02s, 89313 steps).

File "/home/fabrice/git/pycsl/scratchpad/w7/tmp/.pycsl_dt9cy9s4.mlw", line 1620, characters 87-149:
Sub-goal precondition of goal module6_whymltranspiler___collect_tuple_array_locals__val'vc.
Prover result is: Valid (0.01s, 9115 steps).

File "/home/fabrice/git/pycsl/scratchpad/w7/tmp/.pycsl_dt9cy9s4.mlw", line 1621, characters 18-73:
Sub-goal variant decrease of goal module6_whymltranspiler___collect_tuple_array_locals__val'vc.
Prover result is: Valid (0.02s, 89313 steps).

File "/home/fabrice/git/pycsl/scratchpad/w7/tmp/.pycsl_dt9cy9s4.mlw", line 1621, characters 18-73:
Sub-goal precondition of goal module6_whymltranspiler___collect_tuple_array_locals__val'vc.
Prover result is: Valid (0.01s, 9115 steps).

File "/home/fabrice/git/pycsl/scratchpad/w7/tmp/.pycsl_dt9cy9s4.mlw", line 1617, characters 32-36:
Sub-goal postcondition of goal module6_whymltranspiler___collect_tuple_array_locals__val'vc.
Prover result is: Valid (0.01s, 9106 steps).

File "/home/fabrice/git/pycsl/scratchpad/w7/tmp/.pycsl_dt9cy9s4.mlw", line 1629, characters 94-159:
Sub-goal variant decrease of goal module6_whymltranspiler___collect_tuple_array_locals__dict'vc.
Prover result is: Valid (0.02s, 97016 steps).

File "/home/fabrice/git/pycsl/scratchpad/w7/tmp/.pycsl_dt9cy9s4.mlw", line 1629, characters 94-159:
Sub-goal precondition of goal module6_whymltranspiler___collect_tuple_array_locals__dict'vc.
Prover result is: Valid (0.01s, 9115 steps).

File "/home/fabrice/git/pycsl/scratchpad/w7/tmp/.pycsl_dt9cy9s4.mlw", line 1629, characters 32-93:
Sub-goal variant decrease of goal module6_whymltranspiler___collect_tuple_array_locals__dict'vc.
Prover result is: Valid (0.02s, 96975 steps).

File "/home/fabrice/git/pycsl/scratchpad/w7/tmp/.pycsl_dt9cy9s4.mlw", line 1629, characters 32-93:
Sub-goal precondition of goal module6_whymltranspiler___collect_tuple_array_locals__dict'vc.
Prover result is: Valid (0.01s, 9115 steps).

File "/home/fabrice/git/pycsl/scratchpad/w7/tmp/.pycsl_dt9cy9s4.mlw", line 1625, characters 32-36:
Sub-goal postcondition of goal module6_whymltranspiler___collect_tuple_array_locals__dict'vc.
Prover result is: Valid (0.01s, 9106 steps).

File "/home/fabrice/git/pycsl/scratchpad/w7/tmp/.pycsl_dt9cy9s4.mlw", line 1635, characters 70-140:
Sub-goal variant decrease of goal module6_whymltranspiler___collect_tuple_var_assigns__get_dyn_stmt'vc.
Prover result is: Valid (0.01s, 24444 steps).

File "/home/fabrice/git/pycsl/scratchpad/w7/tmp/.pycsl_dt9cy9s4.mlw", line 1636, characters 24-94:
Sub-goal variant decrease of goal module6_whymltranspiler___collect_tuple_var_assigns__get_dyn_stmt'vc.
Prover result is: Valid (0.01s, 24716 steps).

File "/home/fabrice/git/pycsl/scratchpad/w7/tmp/.pycsl_dt9cy9s4.mlw", line 1643, characters 24-94:
Sub-goal variant decrease of goal module6_whymltranspiler___collect_tuple_var_assigns__get_K_target'vc.
Prover result is: Valid (0.01s, 24728 steps).

File "/home/fabrice/git/pycsl/scratchpad/w7/tmp/.pycsl_dt9cy9s4.mlw", line 1660, characters 87-142:
Sub-goal variant decrease of goal module6_whymltranspiler___collect_tuple_var_assigns'vc.
Prover result is: Valid (0.02s, 95222 steps).

File "/home/fabrice/git/pycsl/scratchpad/w7/tmp/.pycsl_dt9cy9s4.mlw", line 1660, characters 87-142:
Sub-goal precondition of goal module6_whymltranspiler___collect_tuple_var_assigns'vc.
Prover result is: Valid (0.00s, 9058 steps).

File "/home/fabrice/git/pycsl/scratchpad/w7/tmp/.pycsl_dt9cy9s4.mlw", line 1660, characters 26-86:
Sub-goal variant decrease of goal module6_whymltranspiler___collect_tuple_var_assigns'vc.
Prover result is: Valid (0.02s, 95181 steps).

File "/home/fabrice/git/pycsl/scratchpad/w7/tmp/.pycsl_dt9cy9s4.mlw", line 1660, characters 26-86:
Sub-goal precondition of goal module6_whymltranspiler___collect_tuple_var_assigns'vc.
Prover result is: Valid (0.01s, 9058 steps).

File "/home/fabrice/git/pycsl/scratchpad/w7/tmp/.pycsl_dt9cy9s4.mlw", line 1656, characters 32-36:
Sub-goal postcondition of goal module6_whymltranspiler___collect_tuple_var_assigns'vc.
Prover result is: Valid (0.01s, 9106 steps).

File "/home/fabrice/git/pycsl/scratchpad/w7/tmp/.pycsl_dt9cy9s4.mlw", line 1666, characters 86-147:
Sub-goal variant decrease of goal module6_whymltranspiler___collect_tuple_var_assigns__val'vc.
Prover result is: Valid (0.02s, 89313 steps).

File "/home/fabrice/git/pycsl/scratchpad/w7/tmp/.pycsl_dt9cy9s4.mlw", line 1666, characters 86-147:
Sub-goal precondition of goal module6_whymltranspiler___collect_tuple_var_assigns__val'vc.
Prover result is: Valid (0.01s, 9115 steps).

File "/home/fabrice/git/pycsl/scratchpad/w7/tmp/.pycsl_dt9cy9s4.mlw", line 1667, characters 18-72:
Sub-goal variant decrease of goal module6_whymltranspiler___collect_tuple_var_assigns__val'vc.
Prover result is: Valid (0.02s, 89313 steps).

File "/home/fabrice/git/pycsl/scratchpad/w7/tmp/.pycsl_dt9cy9s4.mlw", line 1667, characters 18-72:
Sub-goal precondition of goal module6_whymltranspiler___collect_tuple_var_assigns__val'vc.
Prover result is: Valid (0.01s, 9115 steps).

File "/home/fabrice/git/pycsl/scratchpad/w7/tmp/.pycsl_dt9cy9s4.mlw", line 1663, characters 32-36:
Sub-goal postcondition of goal module6_whymltranspiler___collect_tuple_var_assigns__val'vc.
Prover result is: Valid (0.01s, 9106 steps).

File "/home/fabrice/git/pycsl/scratchpad/w7/tmp/.pycsl_dt9cy9s4.mlw", line 1675, characters 93-157:
Sub-goal variant decrease of goal module6_whymltranspiler___collect_tuple_var_assigns__dict'vc.
Prover result is: Valid (0.02s, 97016 steps).

File "/home/fabrice/git/pycsl/scratchpad/w7/tmp/.pycsl_dt9cy9s4.mlw", line 1675, characters 93-157:
Sub-goal precondition of goal module6_whymltranspiler___collect_tuple_var_assigns__dict'vc.
Prover result is: Valid (0.01s, 9115 steps).

File "/home/fabrice/git/pycsl/scratchpad/w7/tmp/.pycsl_dt9cy9s4.mlw", line 1675, characters 32-92:
Sub-goal variant decrease of goal module6_whymltranspiler___collect_tuple_var_assigns__dict'vc.
Prover result is: Valid (0.02s, 96975 steps).

File "/home/fabrice/git/pycsl/scratchpad/w7/tmp/.pycsl_dt9cy9s4.mlw", line 1675, characters 32-92:
Sub-goal precondition of goal module6_whymltranspiler___collect_tuple_var_assigns__dict'vc.
Prover result is: Valid (0.01s, 9115 steps).

File "/home/fabrice/git/pycsl/scratchpad/w7/tmp/.pycsl_dt9cy9s4.mlw", line 1671, characters 32-36:
Sub-goal postcondition of goal module6_whymltranspiler___collect_tuple_var_assigns__dict'vc.
Prover result is: Valid (0.00s, 9106 steps).

File "/home/fabrice/git/pycsl/scratchpad/w7/tmp/.pycsl_dt9cy9s4.mlw", line 1682, characters 70-142:
Sub-goal variant decrease of goal module6_whymltranspiler___collect_variant_var_assigns__get_dyn_stmt'vc.
Prover result is: Valid (0.01s, 24444 steps).

File "/home/fabrice/git/pycsl/scratchpad/w7/tmp/.pycsl_dt9cy9s4.mlw", line 1683, characters 24-96:
Sub-goal variant decrease of goal module6_whymltranspiler___collect_variant_var_assigns__get_dyn_stmt'vc.
Prover result is: Valid (0.01s, 24716 steps).

File "/home/fabrice/git/pycsl/scratchpad/w7/tmp/.pycsl_dt9cy9s4.mlw", line 1690, characters 24-95:
Sub-goal variant decrease of goal module6_whymltranspiler___collect_variant_var_assigns__get_K_value'vc.
Prover result is: Valid (0.01s, 24728 steps).

File "/home/fabrice/git/pycsl/scratchpad/w7/tmp/.pycsl_dt9cy9s4.mlw", line 1697, characters 24-94:
Sub-goal variant decrease of goal module6_whymltranspiler___collect_variant_var_assigns__get_K_type'vc.
Prover result is: Valid (0.01s, 24728 steps).

File "/home/fabrice/git/pycsl/scratchpad/w7/tmp/.pycsl_dt9cy9s4.mlw", line 1704, characters 24-94:
Sub-goal variant decrease of goal module6_whymltranspiler___collect_variant_var_assigns__get_K_func'vc.
Prover result is: Valid (0.01s, 24728 steps).

File "/home/fabrice/git/pycsl/scratchpad/w7/tmp/.pycsl_dt9cy9s4.mlw", line 1711, characters 24-94:
Sub-goal variant decrease of goal module6_whymltranspiler___collect_variant_var_assigns__get_K_name'vc.
Prover result is: Valid (0.01s, 24728 steps).

File "/home/fabrice/git/pycsl/scratchpad/w7/tmp/.pycsl_dt9cy9s4.mlw", line 1718, characters 24-96:
Sub-goal variant decrease of goal module6_whymltranspiler___collect_variant_var_assigns__get_K_target'vc.
Prover result is: Valid (0.01s, 24728 steps).

File "/home/fabrice/git/pycsl/scratchpad/w7/tmp/.pycsl_dt9cy9s4.mlw", line 1739, characters 89-146:
Sub-goal variant decrease of goal module6_whymltranspiler___collect_variant_var_assigns'vc.
Prover result is: Valid (0.02s, 95222 steps).

File "/home/fabrice/git/pycsl/scratchpad/w7/tmp/.pycsl_dt9cy9s4.mlw", line 1739, characters 89-146:
Sub-goal precondition of goal module6_whymltranspiler___collect_variant_var_assigns'vc.
Prover result is: Valid (0.01s, 9058 steps).

File "/home/fabrice/git/pycsl/scratchpad/w7/tmp/.pycsl_dt9cy9s4.mlw", line 1739, characters 28-88:
Sub-goal variant decrease of goal module6_whymltranspiler___collect_variant_var_assigns'vc.
Prover result is: Valid (0.02s, 96323 steps).

File "/home/fabrice/git/pycsl/scratchpad/w7/tmp/.pycsl_dt9cy9s4.mlw", line 1739, characters 28-88:
Sub-goal precondition of goal module6_whymltranspiler___collect_variant_var_assigns'vc.
Prover result is: Valid (0.01s, 9067 steps).

File "/home/fabrice/git/pycsl/scratchpad/w7/tmp/.pycsl_dt9cy9s4.mlw", line 1735, characters 32-36:
Sub-goal postcondition of goal module6_whymltranspiler___collect_variant_var_assigns'vc.
Prover result is: Valid (0.01s, 9106 steps).

File "/home/fabrice/git/pycsl/scratchpad/w7/tmp/.pycsl_dt9cy9s4.mlw", line 1743, characters 90-150:
Sub-goal variant decrease of goal module6_whymltranspiler___collect_variant_var_assigns__v'vc.
Prover result is: Valid (0.02s, 89313 steps).

File "/home/fabrice/git/pycsl/scratchpad/w7/tmp/.pycsl_dt9cy9s4.mlw", line 1743, characters 90-150:
Sub-goal precondition of goal module6_whymltranspiler___collect_variant_var_assigns__v'vc.
Prover result is: Valid (0.01s, 9115 steps).

File "/home/fabrice/git/pycsl/scratchpad/w7/tmp/.pycsl_dt9cy9s4.mlw", line 1744, characters 18-74:
Sub-goal variant decrease of goal module6_whymltranspiler___collect_variant_var_assigns__v'vc.
Prover result is: Valid (0.02s, 89313 steps).

File "/home/fabrice/git/pycsl/scratchpad/w7/tmp/.pycsl_dt9cy9s4.mlw", line 1744, characters 18-74:
Sub-goal precondition of goal module6_whymltranspiler___collect_variant_var_assigns__v'vc.
Prover result is: Valid (0.01s, 9115 steps).

File "/home/fabrice/git/pycsl/scratchpad/w7/tmp/.pycsl_dt9cy9s4.mlw", line 1741, characters 32-36:
Sub-goal postcondition of goal module6_whymltranspiler___collect_variant_var_assigns__v'vc.
Prover result is: Valid (0.01s, 9106 steps).

File "/home/fabrice/git/pycsl/scratchpad/w7/tmp/.pycsl_dt9cy9s4.mlw", line 1749, characters 95-158:
Sub-goal variant decrease of goal module6_whymltranspiler___collect_variant_var_assigns__d'vc.
Prover result is: Valid (0.03s, 97016 steps).

File "/home/fabrice/git/pycsl/scratchpad/w7/tmp/.pycsl_dt9cy9s4.mlw", line 1749, characters 95-158:
Sub-goal precondition of goal module6_whymltranspiler___collect_variant_var_assigns__d'vc.
Prover result is: Valid (0.01s, 9115 steps).

File "/home/fabrice/git/pycsl/scratchpad/w7/tmp/.pycsl_dt9cy9s4.mlw", line 1749, characters 34-94:
Sub-goal variant decrease of goal module6_whymltranspiler___collect_variant_var_assigns__d'vc.
Prover result is: Valid (0.02s, 98093 steps).

File "/home/fabrice/git/pycsl/scratchpad/w7/tmp/.pycsl_dt9cy9s4.mlw", line 1749, characters 34-94:
Sub-goal precondition of goal module6_whymltranspiler___collect_variant_var_assigns__d'vc.
Prover result is: Valid (0.01s, 9124 steps).

File "/home/fabrice/git/pycsl/scratchpad/w7/tmp/.pycsl_dt9cy9s4.mlw", line 1747, characters 32-36:
Sub-goal postcondition of goal module6_whymltranspiler___collect_variant_var_assigns__d'vc.
Prover result is: Valid (0.01s, 9106 steps).

File "/home/fabrice/git/pycsl/scratchpad/w7/tmp/.pycsl_dt9cy9s4.mlw", line 1859, characters 24-80:
Sub-goal variant decrease of goal module6_whymltranspiler___frame_trigger_term__gtype'vc.
Prover result is: Valid (0.01s, 24728 steps).

File "/home/fabrice/git/pycsl/scratchpad/w7/tmp/.pycsl_dt9cy9s4.mlw", line 1864, characters 24-78:
Sub-goal variant decrease of goal module6_whymltranspiler___frame_trigger_term__gop'vc.
Prover result is: Valid (0.01s, 24728 steps).

File "/home/fabrice/git/pycsl/scratchpad/w7/tmp/.pycsl_dt9cy9s4.mlw", line 1869, characters 24-80:
Sub-goal variant decrease of goal module6_whymltranspiler___frame_trigger_term__gleft'vc.
Prover result is: Valid (0.01s, 24728 steps).

File "/home/fabrice/git/pycsl/scratchpad/w7/tmp/.pycsl_dt9cy9s4.mlw", line 1874, characters 24-81:
Sub-goal variant decrease of goal module6_whymltranspiler___frame_trigger_term__gright'vc.
Prover result is: Valid (0.01s, 24728 steps).

File "/home/fabrice/git/pycsl/scratchpad/w7/tmp/.pycsl_dt9cy9s4.mlw", line 1879, characters 24-81:
Sub-goal variant decrease of goal module6_whymltranspiler___frame_trigger_term__gotype'vc.
Prover result is: Valid (0.01s, 24728 steps).

File "/home/fabrice/git/pycsl/scratchpad/w7/tmp/.pycsl_dt9cy9s4.mlw", line 1897, characters 15-67:
Sub-goal variant decrease of goal module6_whymltranspiler___frame_trigger_term'vc.
Prover result is: Valid (0.02s, 94693 steps).

File "/home/fabrice/git/pycsl/scratchpad/w7/tmp/.pycsl_dt9cy9s4.mlw", line 1897, characters 15-67:
Sub-goal precondition of goal module6_whymltranspiler___frame_trigger_term'vc.
Prover result is: Valid (0.01s, 9399 steps).

File "/home/fabrice/git/pycsl/scratchpad/w7/tmp/.pycsl_dt9cy9s4.mlw", line 1898, characters 13-65:
Sub-goal variant decrease of goal module6_whymltranspiler___frame_trigger_term'vc.
Prover result is: Valid (0.02s, 97378 steps).

File "/home/fabrice/git/pycsl/scratchpad/w7/tmp/.pycsl_dt9cy9s4.mlw", line 1898, characters 13-65:
Sub-goal precondition of goal module6_whymltranspiler___frame_trigger_term'vc.
Prover result is: Valid (0.01s, 9336 steps).

File "/home/fabrice/git/pycsl/scratchpad/w7/tmp/.pycsl_dt9cy9s4.mlw", line 1885, characters 32-36:
Sub-goal postcondition of goal module6_whymltranspiler___frame_trigger_term'vc.
Prover result is: Valid (0.00s, 9106 steps).

File "/home/fabrice/git/pycsl/scratchpad/w7/tmp/.pycsl_dt9cy9s4.mlw", line 1906, characters 44-96:
Sub-goal variant decrease of goal module6_whymltranspiler___frame_trigger_term__vals'vc.
Prover result is: Valid (0.02s, 96435 steps).

File "/home/fabrice/git/pycsl/scratchpad/w7/tmp/.pycsl_dt9cy9s4.mlw", line 1906, characters 44-96:
Sub-goal precondition of goal module6_whymltranspiler___frame_trigger_term__vals'vc.
Prover result is: Valid (0.01s, 9147 steps).

File "/home/fabrice/git/pycsl/scratchpad/w7/tmp/.pycsl_dt9cy9s4.mlw", line 1906, characters 104-150:
Sub-goal variant decrease of goal module6_whymltranspiler___frame_trigger_term__vals'vc.
Prover result is: Valid (0.02s, 96797 steps).

File "/home/fabrice/git/pycsl/scratchpad/w7/tmp/.pycsl_dt9cy9s4.mlw", line 1906, characters 104-150:
Sub-goal precondition of goal module6_whymltranspiler___frame_trigger_term__vals'vc.
Prover result is: Valid (0.01s, 9210 steps).

File "/home/fabrice/git/pycsl/scratchpad/w7/tmp/.pycsl_dt9cy9s4.mlw", line 1907, characters 51-106:
Sub-goal variant decrease of goal module6_whymltranspiler___frame_trigger_term__vals'vc.
Prover result is: Valid (0.02s, 95089 steps).

File "/home/fabrice/git/pycsl/scratchpad/w7/tmp/.pycsl_dt9cy9s4.mlw", line 1907, characters 51-106:
Sub-goal precondition of goal module6_whymltranspiler___frame_trigger_term__vals'vc.
Prover result is: Valid (0.01s, 9060 steps).

File "/home/fabrice/git/pycsl/scratchpad/w7/tmp/.pycsl_dt9cy9s4.mlw", line 1901, characters 32-36:
Sub-goal postcondition of goal module6_whymltranspiler___frame_trigger_term__vals'vc.
Prover result is: Valid (0.01s, 9106 steps).

File "/home/fabrice/git/pycsl/scratchpad/w7/tmp/.pycsl_dt9cy9s4.mlw", line 1915, characters 15-61:
Sub-goal variant decrease of goal module6_whymltranspiler___frame_trigger_term__lst'vc.
Prover result is: Valid (0.02s, 87956 steps).

File "/home/fabrice/git/pycsl/scratchpad/w7/tmp/.pycsl_dt9cy9s4.mlw", line 1915, characters 15-61:
Sub-goal precondition of goal module6_whymltranspiler___frame_trigger_term__lst'vc.
Prover result is: Valid (0.01s, 9084 steps).

File "/home/fabrice/git/pycsl/scratchpad/w7/tmp/.pycsl_dt9cy9s4.mlw", line 1915, characters 94-148:
Sub-goal variant decrease of goal module6_whymltranspiler___frame_trigger_term__lst'vc.
Prover result is: Valid (0.02s, 87955 steps).

File "/home/fabrice/git/pycsl/scratchpad/w7/tmp/.pycsl_dt9cy9s4.mlw", line 1915, characters 94-148:
Sub-goal precondition of goal module6_whymltranspiler___frame_trigger_term__lst'vc.
Prover result is: Valid (0.01s, 9084 steps).

File "/home/fabrice/git/pycsl/scratchpad/w7/tmp/.pycsl_dt9cy9s4.mlw", line 1910, characters 32-36:
Sub-goal postcondition of goal module6_whymltranspiler___frame_trigger_term__lst'vc.
Prover result is: Valid (0.01s, 9106 steps).

File "/home/fabrice/git/pycsl/scratchpad/w7/tmp/.pycsl_dt9cy9s4.mlw", line 2015, characters 8-71:
Sub-goal variant decrease of goal module6_whymltranspiler___module_binding_names__ffold'vc.
Prover result is: Valid (0.01s, 23945 steps).

File "/home/fabrice/git/pycsl/scratchpad/w7/tmp/.pycsl_dt9cy9s4.mlw", line 2023, characters 8-71:
Sub-goal variant decrease of goal module6_whymltranspiler___module_binding_names__cfold'vc.
Prover result is: Valid (0.01s, 23945 steps).

File "/home/fabrice/git/pycsl/scratchpad/w7/tmp/.pycsl_dt9cy9s4.mlw", line 2026, characters 32-36:
Sub-goal postcondition of goal module6_whymltranspiler___module_binding_names'vc.
Prover result is: Valid (0.01s, 9719 steps).

File "/home/fabrice/git/pycsl/scratchpad/w7/tmp/.pycsl_dt9cy9s4.mlw", line 2147, characters 15-19:
Sub-goal postcondition of goal module6_whymltranspiler___heap_var'vc.
Prover result is: Valid (0.01s, 11636 steps).

File "/home/fabrice/git/pycsl/scratchpad/w7/tmp/.pycsl_dt9cy9s4.mlw", line 2149, characters 15-86:
Sub-goal postcondition of goal module6_whymltranspiler___heap_var'vc.
Prover result is: Valid (0.01s, 11637 steps).

File "/home/fabrice/git/pycsl/scratchpad/w7/tmp/.pycsl_dt9cy9s4.mlw", line 2150, characters 15-82:
Sub-goal postcondition of goal module6_whymltranspiler___heap_var'vc.
Prover result is: Valid (0.01s, 11638 steps).

File "/home/fabrice/git/pycsl/scratchpad/w7/tmp/.pycsl_dt9cy9s4.mlw", line 2151, characters 15-72:
Sub-goal postcondition of goal module6_whymltranspiler___heap_var'vc.
Prover result is: Valid (0.01s, 11639 steps).

File "/home/fabrice/git/pycsl/scratchpad/w7/tmp/.pycsl_dt9cy9s4.mlw", line 2152, characters 15-86:
Sub-goal postcondition of goal module6_whymltranspiler___heap_var'vc.
Prover result is: Valid (0.01s, 11640 steps).

File "/home/fabrice/git/pycsl/scratchpad/w7/tmp/.pycsl_dt9cy9s4.mlw", line 2153, characters 15-72:
Sub-goal postcondition of goal module6_whymltranspiler___heap_var'vc.
Prover result is: Valid (0.01s, 11641 steps).

File "/home/fabrice/git/pycsl/scratchpad/w7/tmp/.pycsl_dt9cy9s4.mlw", line 2154, characters 15-76:
Sub-goal postcondition of goal module6_whymltranspiler___heap_var'vc.
Prover result is: Valid (0.01s, 11642 steps).

File "/home/fabrice/git/pycsl/scratchpad/w7/tmp/.pycsl_dt9cy9s4.mlw", line 2155, characters 15-58:
Sub-goal postcondition of goal module6_whymltranspiler___heap_var'vc.
Prover result is: Valid (0.01s, 11643 steps).

File "/home/fabrice/git/pycsl/scratchpad/w7/tmp/.pycsl_dt9cy9s4.mlw", line 2156, characters 15-74:
Sub-goal postcondition of goal module6_whymltranspiler___heap_var'vc.
Prover result is: Valid (0.01s, 11644 steps).

File "/home/fabrice/git/pycsl/scratchpad/w7/tmp/.pycsl_dt9cy9s4.mlw", line 2157, characters 15-80:
Sub-goal postcondition of goal module6_whymltranspiler___heap_var'vc.
Prover result is: Valid (0.01s, 11645 steps).

File "/home/fabrice/git/pycsl/scratchpad/w7/tmp/.pycsl_dt9cy9s4.mlw", line 2158, characters 15-68:
Sub-goal postcondition of goal module6_whymltranspiler___heap_var'vc.
Prover result is: Valid (0.01s, 11646 steps).

File "/home/fabrice/git/pycsl/scratchpad/w7/tmp/.pycsl_dt9cy9s4.mlw", line 2159, characters 15-82:
Sub-goal postcondition of goal module6_whymltranspiler___heap_var'vc.
Prover result is: Valid (0.01s, 11647 steps).

File "/home/fabrice/git/pycsl/scratchpad/w7/tmp/.pycsl_dt9cy9s4.mlw", line 2160, characters 15-90:
Sub-goal postcondition of goal module6_whymltranspiler___heap_var'vc.
Prover result is: Valid (0.01s, 11648 steps).

File "/home/fabrice/git/pycsl/scratchpad/w7/tmp/.pycsl_dt9cy9s4.mlw", line 2161, characters 15-80:
Sub-goal postcondition of goal module6_whymltranspiler___heap_var'vc.
Prover result is: Valid (0.01s, 11649 steps).

File "/home/fabrice/git/pycsl/scratchpad/w7/tmp/.pycsl_dt9cy9s4.mlw", line 2162, characters 15-70:
Sub-goal postcondition of goal module6_whymltranspiler___heap_var'vc.
Prover result is: Valid (0.01s, 11650 steps).

File "/home/fabrice/git/pycsl/scratchpad/w7/tmp/.pycsl_dt9cy9s4.mlw", line 2163, characters 15-96:
Sub-goal postcondition of goal module6_whymltranspiler___heap_var'vc.
Prover result is: Valid (0.01s, 11651 steps).

File "/home/fabrice/git/pycsl/scratchpad/w7/tmp/.pycsl_dt9cy9s4.mlw", line 2164, characters 15-112:
Sub-goal postcondition of goal module6_whymltranspiler___heap_var'vc.
Prover result is: Valid (0.01s, 11652 steps).

File "/home/fabrice/git/pycsl/scratchpad/w7/tmp/.pycsl_dt9cy9s4.mlw", line 2165, characters 15-110:
Sub-goal postcondition of goal module6_whymltranspiler___heap_var'vc.
Prover result is: Valid (0.01s, 11653 steps).

File "/home/fabrice/git/pycsl/scratchpad/w7/tmp/.pycsl_dt9cy9s4.mlw", line 2166, characters 15-114:
Sub-goal postcondition of goal module6_whymltranspiler___heap_var'vc.
Prover result is: Valid (0.01s, 11654 steps).

File "/home/fabrice/git/pycsl/scratchpad/w7/tmp/.pycsl_dt9cy9s4.mlw", line 2167, characters 15-102:
Sub-goal postcondition of goal module6_whymltranspiler___heap_var'vc.
Prover result is: Valid (0.01s, 11655 steps).

File "/home/fabrice/git/pycsl/scratchpad/w7/tmp/.pycsl_dt9cy9s4.mlw", line 2168, characters 15-88:
Sub-goal postcondition of goal module6_whymltranspiler___heap_var'vc.
Prover result is: Valid (0.01s, 11656 steps).

File "/home/fabrice/git/pycsl/scratchpad/w7/tmp/.pycsl_dt9cy9s4.mlw", line 2169, characters 15-90:
Sub-goal postcondition of goal module6_whymltranspiler___heap_var'vc.
Prover result is: Valid (0.01s, 11657 steps).

File "/home/fabrice/git/pycsl/scratchpad/w7/tmp/.pycsl_dt9cy9s4.mlw", line 2170, characters 15-102:
Sub-goal postcondition of goal module6_whymltranspiler___heap_var'vc.
Prover result is: Valid (0.00s, 11658 steps).

File "/home/fabrice/git/pycsl/scratchpad/w7/tmp/.pycsl_dt9cy9s4.mlw", line 2171, characters 15-84:
Sub-goal postcondition of goal module6_whymltranspiler___heap_var'vc.
Prover result is: Valid (0.01s, 11659 steps).

File "/home/fabrice/git/pycsl/scratchpad/w7/tmp/.pycsl_dt9cy9s4.mlw", line 2172, characters 15-96:
Sub-goal postcondition of goal module6_whymltranspiler___heap_var'vc.
Prover result is: Valid (0.01s, 11660 steps).

File "/home/fabrice/git/pycsl/scratchpad/w7/tmp/.pycsl_dt9cy9s4.mlw", line 2173, characters 15-90:
Sub-goal postcondition of goal module6_whymltranspiler___heap_var'vc.
Prover result is: Valid (0.01s, 11661 steps).

File "/home/fabrice/git/pycsl/scratchpad/w7/tmp/.pycsl_dt9cy9s4.mlw", line 2174, characters 15-98:
Sub-goal postcondition of goal module6_whymltranspiler___heap_var'vc.
Prover result is: Valid (0.01s, 11662 steps).

File "/home/fabrice/git/pycsl/scratchpad/w7/tmp/.pycsl_dt9cy9s4.mlw", line 2175, characters 15-74:
Sub-goal postcondition of goal module6_whymltranspiler___heap_var'vc.
Prover result is: Valid (0.01s, 11663 steps).

File "/home/fabrice/git/pycsl/scratchpad/w7/tmp/.pycsl_dt9cy9s4.mlw", line 2176, characters 15-84:
Sub-goal postcondition of goal module6_whymltranspiler___heap_var'vc.
Prover result is: Valid (0.01s, 11664 steps).

File "/home/fabrice/git/pycsl/scratchpad/w7/tmp/.pycsl_dt9cy9s4.mlw", line 2177, characters 15-56:
Sub-goal postcondition of goal module6_whymltranspiler___heap_var'vc.
Prover result is: Valid (0.01s, 11665 steps).

File "/home/fabrice/git/pycsl/scratchpad/w7/tmp/.pycsl_dt9cy9s4.mlw", line 2178, characters 15-108:
Sub-goal postcondition of goal module6_whymltranspiler___heap_var'vc.
Prover result is: Valid (0.01s, 11666 steps).

File "/home/fabrice/git/pycsl/scratchpad/w7/tmp/.pycsl_dt9cy9s4.mlw", line 2179, characters 15-106:
Sub-goal postcondition of goal module6_whymltranspiler___heap_var'vc.
Prover result is: Valid (0.01s, 11667 steps).

File "/home/fabrice/git/pycsl/scratchpad/w7/tmp/.pycsl_dt9cy9s4.mlw", line 2180, characters 15-116:
Sub-goal postcondition of goal module6_whymltranspiler___heap_var'vc.
Prover result is: Valid (0.02s, 11668 steps).

File "/home/fabrice/git/pycsl/scratchpad/w7/tmp/.pycsl_dt9cy9s4.mlw", line 2181, characters 15-114:
Sub-goal postcondition of goal module6_whymltranspiler___heap_var'vc.
Prover result is: Valid (0.01s, 11669 steps).

File "/home/fabrice/git/pycsl/scratchpad/w7/tmp/.pycsl_dt9cy9s4.mlw", line 2182, characters 15-110:
Sub-goal postcondition of goal module6_whymltranspiler___heap_var'vc.
Prover result is: Valid (0.01s, 11670 steps).

File "/home/fabrice/git/pycsl/scratchpad/w7/tmp/.pycsl_dt9cy9s4.mlw", line 2183, characters 15-114:
Sub-goal postcondition of goal module6_whymltranspiler___heap_var'vc.
Prover result is: Valid (0.01s, 11671 steps).

File "/home/fabrice/git/pycsl/scratchpad/w7/tmp/.pycsl_dt9cy9s4.mlw", line 2184, characters 15-106:
Sub-goal postcondition of goal module6_whymltranspiler___heap_var'vc.
Prover result is: Valid (0.01s, 11672 steps).

File "/home/fabrice/git/pycsl/scratchpad/w7/tmp/.pycsl_dt9cy9s4.mlw", line 2185, characters 15-104:
Sub-goal postcondition of goal module6_whymltranspiler___heap_var'vc.
Prover result is: Valid (0.01s, 11673 steps).

File "/home/fabrice/git/pycsl/scratchpad/w7/tmp/.pycsl_dt9cy9s4.mlw", line 2186, characters 15-112:
Sub-goal postcondition of goal module6_whymltranspiler___heap_var'vc.
Prover result is: Valid (0.01s, 11674 steps).

File "/home/fabrice/git/pycsl/scratchpad/w7/tmp/.pycsl_dt9cy9s4.mlw", line 2187, characters 15-106:
Sub-goal postcondition of goal module6_whymltranspiler___heap_var'vc.
Prover result is: Valid (0.01s, 11675 steps).

File "/home/fabrice/git/pycsl/scratchpad/w7/tmp/.pycsl_dt9cy9s4.mlw", line 2188, characters 15-126:
Sub-goal postcondition of goal module6_whymltranspiler___heap_var'vc.
Prover result is: Valid (0.01s, 11676 steps).

File "/home/fabrice/git/pycsl/scratchpad/w7/tmp/.pycsl_dt9cy9s4.mlw", line 2189, characters 15-126:
Sub-goal postcondition of goal module6_whymltranspiler___heap_var'vc.
Prover result is: Valid (0.01s, 11677 steps).

File "/home/fabrice/git/pycsl/scratchpad/w7/tmp/.pycsl_dt9cy9s4.mlw", line 2190, characters 15-110:
Sub-goal postcondition of goal module6_whymltranspiler___heap_var'vc.
Prover result is: Valid (0.01s, 11678 steps).

File "/home/fabrice/git/pycsl/scratchpad/w7/tmp/.pycsl_dt9cy9s4.mlw", line 2191, characters 15-134:
Sub-goal postcondition of goal module6_whymltranspiler___heap_var'vc.
Prover result is: Valid (0.01s, 11679 steps).

File "/home/fabrice/git/pycsl/scratchpad/w7/tmp/.pycsl_dt9cy9s4.mlw", line 2192, characters 15-116:
Sub-goal postcondition of goal module6_whymltranspiler___heap_var'vc.
Prover result is: Valid (0.01s, 11680 steps).

File "/home/fabrice/git/pycsl/scratchpad/w7/tmp/.pycsl_dt9cy9s4.mlw", line 2193, characters 15-122:
Sub-goal postcondition of goal module6_whymltranspiler___heap_var'vc.
Prover result is: Valid (0.01s, 11681 steps).

File "/home/fabrice/git/pycsl/scratchpad/w7/tmp/.pycsl_dt9cy9s4.mlw", line 2194, characters 15-114:
Sub-goal postcondition of goal module6_whymltranspiler___heap_var'vc.
Prover result is: Valid (0.01s, 11682 steps).

File "/home/fabrice/git/pycsl/scratchpad/w7/tmp/.pycsl_dt9cy9s4.mlw", line 2195, characters 15-110:
Sub-goal postcondition of goal module6_whymltranspiler___heap_var'vc.
Prover result is: Valid (0.01s, 11683 steps).

File "/home/fabrice/git/pycsl/scratchpad/w7/tmp/.pycsl_dt9cy9s4.mlw", line 2196, characters 15-104:
Sub-goal postcondition of goal module6_whymltranspiler___heap_var'vc.
Prover result is: Valid (0.01s, 11684 steps).

File "/home/fabrice/git/pycsl/scratchpad/w7/tmp/.pycsl_dt9cy9s4.mlw", line 2197, characters 15-114:
Sub-goal postcondition of goal module6_whymltranspiler___heap_var'vc.
Prover result is: Valid (0.01s, 11685 steps).

File "/home/fabrice/git/pycsl/scratchpad/w7/tmp/.pycsl_dt9cy9s4.mlw", line 2198, characters 15-118:
Sub-goal postcondition of goal module6_whymltranspiler___heap_var'vc.
Prover result is: Valid (0.01s, 11686 steps).

File "/home/fabrice/git/pycsl/scratchpad/w7/tmp/.pycsl_dt9cy9s4.mlw", line 2199, characters 15-112:
Sub-goal postcondition of goal module6_whymltranspiler___heap_var'vc.
Prover result is: Valid (0.01s, 11687 steps).

File "/home/fabrice/git/pycsl/scratchpad/w7/tmp/.pycsl_dt9cy9s4.mlw", line 2200, characters 15-114:
Sub-goal postcondition of goal module6_whymltranspiler___heap_var'vc.
Prover result is: Valid (0.01s, 11688 steps).

File "/home/fabrice/git/pycsl/scratchpad/w7/tmp/.pycsl_dt9cy9s4.mlw", line 2201, characters 15-132:
Sub-goal postcondition of goal module6_whymltranspiler___heap_var'vc.
Prover result is: Valid (0.01s, 11689 steps).

File "/home/fabrice/git/pycsl/scratchpad/w7/tmp/.pycsl_dt9cy9s4.mlw", line 2202, characters 15-114:
Sub-goal postcondition of goal module6_whymltranspiler___heap_var'vc.
Prover result is: Valid (0.01s, 11690 steps).

File "/home/fabrice/git/pycsl/scratchpad/w7/tmp/.pycsl_dt9cy9s4.mlw", line 2203, characters 15-112:
Sub-goal postcondition of goal module6_whymltranspiler___heap_var'vc.
Prover result is: Valid (0.01s, 11691 steps).

File "/home/fabrice/git/pycsl/scratchpad/w7/tmp/.pycsl_dt9cy9s4.mlw", line 2204, characters 15-112:
Sub-goal postcondition of goal module6_whymltranspiler___heap_var'vc.
Prover result is: Valid (0.01s, 11692 steps).

File "/home/fabrice/git/pycsl/scratchpad/w7/tmp/.pycsl_dt9cy9s4.mlw", line 2205, characters 15-110:
Sub-goal postcondition of goal module6_whymltranspiler___heap_var'vc.
Prover result is: Valid (0.01s, 11693 steps).

File "/home/fabrice/git/pycsl/scratchpad/w7/tmp/.pycsl_dt9cy9s4.mlw", line 2206, characters 15-116:
Sub-goal postcondition of goal module6_whymltranspiler___heap_var'vc.
Prover result is: Valid (0.01s, 11694 steps).

File "/home/fabrice/git/pycsl/scratchpad/w7/tmp/.pycsl_dt9cy9s4.mlw", line 2207, characters 15-114:
Sub-goal postcondition of goal module6_whymltranspiler___heap_var'vc.
Prover result is: Valid (0.01s, 11695 steps).

File "/home/fabrice/git/pycsl/scratchpad/w7/tmp/.pycsl_dt9cy9s4.mlw", line 2208, characters 15-108:
Sub-goal postcondition of goal module6_whymltranspiler___heap_var'vc.
Prover result is: Valid (0.01s, 11696 steps).

File "/home/fabrice/git/pycsl/scratchpad/w7/tmp/.pycsl_dt9cy9s4.mlw", line 2209, characters 15-108:
Sub-goal postcondition of goal module6_whymltranspiler___heap_var'vc.
Prover result is: Valid (0.01s, 11697 steps).

File "/home/fabrice/git/pycsl/scratchpad/w7/tmp/.pycsl_dt9cy9s4.mlw", line 2210, characters 15-98:
Sub-goal postcondition of goal module6_whymltranspiler___heap_var'vc.
Prover result is: Valid (0.02s, 11698 steps).

File "/home/fabrice/git/pycsl/scratchpad/w7/tmp/.pycsl_dt9cy9s4.mlw", line 2211, characters 15-96:
Sub-goal postcondition of goal module6_whymltranspiler___heap_var'vc.
Prover result is: Valid (0.01s, 11699 steps).

File "/home/fabrice/git/pycsl/scratchpad/w7/tmp/.pycsl_dt9cy9s4.mlw", line 2212, characters 15-118:
Sub-goal postcondition of goal module6_whymltranspiler___heap_var'vc.
Prover result is: Valid (0.02s, 11700 steps).

File "/home/fabrice/git/pycsl/scratchpad/w7/tmp/.pycsl_dt9cy9s4.mlw", line 2213, characters 15-126:
Sub-goal postcondition of goal module6_whymltranspiler___heap_var'vc.
Prover result is: Valid (0.01s, 11701 steps).

File "/home/fabrice/git/pycsl/scratchpad/w7/tmp/.pycsl_dt9cy9s4.mlw", line 2214, characters 15-108:
Sub-goal postcondition of goal module6_whymltranspiler___heap_var'vc.
Prover result is: Valid (0.01s, 11702 steps).

File "/home/fabrice/git/pycsl/scratchpad/w7/tmp/.pycsl_dt9cy9s4.mlw", line 2215, characters 15-132:
Sub-goal postcondition of goal module6_whymltranspiler___heap_var'vc.
Prover result is: Valid (0.01s, 11703 steps).

File "/home/fabrice/git/pycsl/scratchpad/w7/tmp/.pycsl_dt9cy9s4.mlw", line 2216, characters 15-114:
Sub-goal postcondition of goal module6_whymltranspiler___heap_var'vc.
Prover result is: Valid (0.01s, 11704 steps).

File "/home/fabrice/git/pycsl/scratchpad/w7/tmp/.pycsl_dt9cy9s4.mlw", line 2217, characters 15-124:
Sub-goal postcondition of goal module6_whymltranspiler___heap_var'vc.
Prover result is: Valid (0.01s, 11705 steps).

File "/home/fabrice/git/pycsl/scratchpad/w7/tmp/.pycsl_dt9cy9s4.mlw", line 2218, characters 15-134:
Sub-goal postcondition of goal module6_whymltranspiler___heap_var'vc.
Prover result is: Valid (0.01s, 11706 steps).

File "/home/fabrice/git/pycsl/scratchpad/w7/tmp/.pycsl_dt9cy9s4.mlw", line 2219, characters 15-124:
Sub-goal postcondition of goal module6_whymltranspiler___heap_var'vc.
Prover result is: Valid (0.01s, 11707 steps).

File "/home/fabrice/git/pycsl/scratchpad/w7/tmp/.pycsl_dt9cy9s4.mlw", line 2220, characters 15-132:
Sub-goal postcondition of goal module6_whymltranspiler___heap_var'vc.
Prover result is: Valid (0.02s, 11708 steps).

File "/home/fabrice/git/pycsl/scratchpad/w7/tmp/.pycsl_dt9cy9s4.mlw", line 2221, characters 15-122:
Sub-goal postcondition of goal module6_whymltranspiler___heap_var'vc.
Prover result is: Valid (0.01s, 11709 steps).

File "/home/fabrice/git/pycsl/scratchpad/w7/tmp/.pycsl_dt9cy9s4.mlw", line 2222, characters 15-122:
Sub-goal postcondition of goal module6_whymltranspiler___heap_var'vc.
Prover result is: Valid (0.01s, 11710 steps).

File "/home/fabrice/git/pycsl/scratchpad/w7/tmp/.pycsl_dt9cy9s4.mlw", line 2223, characters 15-120:
Sub-goal postcondition of goal module6_whymltranspiler___heap_var'vc.
Prover result is: Valid (0.01s, 11711 steps).

File "/home/fabrice/git/pycsl/scratchpad/w7/tmp/.pycsl_dt9cy9s4.mlw", line 2224, characters 15-120:
Sub-goal postcondition of goal module6_whymltranspiler___heap_var'vc.
Prover result is: Valid (0.01s, 11712 steps).

File "/home/fabrice/git/pycsl/scratchpad/w7/tmp/.pycsl_dt9cy9s4.mlw", line 2225, characters 15-130:
Sub-goal postcondition of goal module6_whymltranspiler___heap_var'vc.
Prover result is: Valid (0.02s, 11713 steps).

File "/home/fabrice/git/pycsl/scratchpad/w7/tmp/.pycsl_dt9cy9s4.mlw", line 2226, characters 15-108:
Sub-goal postcondition of goal module6_whymltranspiler___heap_var'vc.
Prover result is: Valid (0.01s, 11714 steps).

File "/home/fabrice/git/pycsl/scratchpad/w7/tmp/.pycsl_dt9cy9s4.mlw", line 2227, characters 15-122:
Sub-goal postcondition of goal module6_whymltranspiler___heap_var'vc.
Prover result is: Valid (0.01s, 11715 steps).

File "/home/fabrice/git/pycsl/scratchpad/w7/tmp/.pycsl_dt9cy9s4.mlw", line 2228, characters 15-106:
Sub-goal postcondition of goal module6_whymltranspiler___heap_var'vc.
Prover result is: Valid (0.01s, 11716 steps).

File "/home/fabrice/git/pycsl/scratchpad/w7/tmp/.pycsl_dt9cy9s4.mlw", line 2229, characters 15-106:
Sub-goal postcondition of goal module6_whymltranspiler___heap_var'vc.
Prover result is: Valid (0.01s, 11717 steps).

File "/home/fabrice/git/pycsl/scratchpad/w7/tmp/.pycsl_dt9cy9s4.mlw", line 2230, characters 15-100:
Sub-goal postcondition of goal module6_whymltranspiler___heap_var'vc.
Prover result is: Valid (0.01s, 11718 steps).

File "/home/fabrice/git/pycsl/scratchpad/w7/tmp/.pycsl_dt9cy9s4.mlw", line 2231, characters 15-110:
Sub-goal postcondition of goal module6_whymltranspiler___heap_var'vc.
Prover result is: Valid (0.01s, 11719 steps).

File "/home/fabrice/git/pycsl/scratchpad/w7/tmp/.pycsl_dt9cy9s4.mlw", line 2232, characters 15-102:
Sub-goal postcondition of goal module6_whymltranspiler___heap_var'vc.
Prover result is: Valid (0.01s, 11720 steps).

File "/home/fabrice/git/pycsl/scratchpad/w7/tmp/.pycsl_dt9cy9s4.mlw", line 2233, characters 15-106:
Sub-goal postcondition of goal module6_whymltranspiler___heap_var'vc.
Prover result is: Valid (0.01s, 11721 steps).

File "/home/fabrice/git/pycsl/scratchpad/w7/tmp/.pycsl_dt9cy9s4.mlw", line 2234, characters 15-102:
Sub-goal postcondition of goal module6_whymltranspiler___heap_var'vc.
Prover result is: Valid (0.01s, 11722 steps).

File "/home/fabrice/git/pycsl/scratchpad/w7/tmp/.pycsl_dt9cy9s4.mlw", line 2235, characters 15-112:
Sub-goal postcondition of goal module6_whymltranspiler___heap_var'vc.
Prover result is: Valid (0.01s, 11723 steps).

File "/home/fabrice/git/pycsl/scratchpad/w7/tmp/.pycsl_dt9cy9s4.mlw", line 2236, characters 15-114:
Sub-goal postcondition of goal module6_whymltranspiler___heap_var'vc.
Prover result is: Valid (0.01s, 11724 steps).

File "/home/fabrice/git/pycsl/scratchpad/w7/tmp/.pycsl_dt9cy9s4.mlw", line 2237, characters 15-124:
Sub-goal postcondition of goal module6_whymltranspiler___heap_var'vc.
Prover result is: Valid (0.01s, 11725 steps).

File "/home/fabrice/git/pycsl/scratchpad/w7/tmp/.pycsl_dt9cy9s4.mlw", line 2238, characters 15-116:
Sub-goal postcondition of goal module6_whymltranspiler___heap_var'vc.
Prover result is: Valid (0.01s, 11726 steps).

File "/home/fabrice/git/pycsl/scratchpad/w7/tmp/.pycsl_dt9cy9s4.mlw", line 2239, characters 15-110:
Sub-goal postcondition of goal module6_whymltranspiler___heap_var'vc.
Prover result is: Valid (0.01s, 11727 steps).

File "/home/fabrice/git/pycsl/scratchpad/w7/tmp/.pycsl_dt9cy9s4.mlw", line 2240, characters 15-118:
Sub-goal postcondition of goal module6_whymltranspiler___heap_var'vc.
Prover result is: Valid (0.01s, 11728 steps).

File "/home/fabrice/git/pycsl/scratchpad/w7/tmp/.pycsl_dt9cy9s4.mlw", line 2241, characters 15-110:
Sub-goal postcondition of goal module6_whymltranspiler___heap_var'vc.
Prover result is: Valid (0.01s, 11729 steps).

File "/home/fabrice/git/pycsl/scratchpad/w7/tmp/.pycsl_dt9cy9s4.mlw", line 2242, characters 15-108:
Sub-goal postcondition of goal module6_whymltranspiler___heap_var'vc.
Prover result is: Valid (0.01s, 11730 steps).

File "/home/fabrice/git/pycsl/scratchpad/w7/tmp/.pycsl_dt9cy9s4.mlw", line 2243, characters 15-84:
Sub-goal postcondition of goal module6_whymltranspiler___heap_var'vc.
Prover result is: Valid (0.01s, 11731 steps).

File "/home/fabrice/git/pycsl/scratchpad/w7/tmp/.pycsl_dt9cy9s4.mlw", line 2244, characters 15-84:
Sub-goal postcondition of goal module6_whymltranspiler___heap_var'vc.
Prover result is: Valid (0.01s, 11732 steps).

File "/home/fabrice/git/pycsl/scratchpad/w7/tmp/.pycsl_dt9cy9s4.mlw", line 2245, characters 15-94:
Sub-goal postcondition of goal module6_whymltranspiler___heap_var'vc.
Prover result is: Valid (0.01s, 11733 steps).

File "/home/fabrice/git/pycsl/scratchpad/w7/tmp/.pycsl_dt9cy9s4.mlw", line 2147, characters 15-19:
Sub-goal postcondition of goal module6_whymltranspiler___heap_var'vc.
Prover result is: Valid (0.01s, 11647 steps).

File "/home/fabrice/git/pycsl/scratchpad/w7/tmp/.pycsl_dt9cy9s4.mlw", line 2149, characters 15-86:
Sub-goal postcondition of goal module6_whymltranspiler___heap_var'vc.
Prover result is: Valid (0.01s, 11648 steps).

File "/home/fabrice/git/pycsl/scratchpad/w7/tmp/.pycsl_dt9cy9s4.mlw", line 2150, characters 15-82:
Sub-goal postcondition of goal module6_whymltranspiler___heap_var'vc.
Prover result is: Valid (0.01s, 11649 steps).

File "/home/fabrice/git/pycsl/scratchpad/w7/tmp/.pycsl_dt9cy9s4.mlw", line 2151, characters 15-72:
Sub-goal postcondition of goal module6_whymltranspiler___heap_var'vc.
Prover result is: Valid (0.01s, 11650 steps).

File "/home/fabrice/git/pycsl/scratchpad/w7/tmp/.pycsl_dt9cy9s4.mlw", line 2152, characters 15-86:
Sub-goal postcondition of goal module6_whymltranspiler___heap_var'vc.
Prover result is: Valid (0.01s, 11651 steps).

File "/home/fabrice/git/pycsl/scratchpad/w7/tmp/.pycsl_dt9cy9s4.mlw", line 2153, characters 15-72:
Sub-goal postcondition of goal module6_whymltranspiler___heap_var'vc.
Prover result is: Valid (0.01s, 11652 steps).

File "/home/fabrice/git/pycsl/scratchpad/w7/tmp/.pycsl_dt9cy9s4.mlw", line 2154, characters 15-76:
Sub-goal postcondition of goal module6_whymltranspiler___heap_var'vc.
Prover result is: Valid (0.01s, 11653 steps).

File "/home/fabrice/git/pycsl/scratchpad/w7/tmp/.pycsl_dt9cy9s4.mlw", line 2155, characters 15-58:
Sub-goal postcondition of goal module6_whymltranspiler___heap_var'vc.
Prover result is: Valid (0.01s, 11654 steps).

File "/home/fabrice/git/pycsl/scratchpad/w7/tmp/.pycsl_dt9cy9s4.mlw", line 2156, characters 15-74:
Sub-goal postcondition of goal module6_whymltranspiler___heap_var'vc.
Prover result is: Valid (0.01s, 11655 steps).

File "/home/fabrice/git/pycsl/scratchpad/w7/tmp/.pycsl_dt9cy9s4.mlw", line 2157, characters 15-80:
Sub-goal postcondition of goal module6_whymltranspiler___heap_var'vc.
Prover result is: Valid (0.01s, 11656 steps).

File "/home/fabrice/git/pycsl/scratchpad/w7/tmp/.pycsl_dt9cy9s4.mlw", line 2158, characters 15-68:
Sub-goal postcondition of goal module6_whymltranspiler___heap_var'vc.
Prover result is: Valid (0.01s, 11657 steps).

File "/home/fabrice/git/pycsl/scratchpad/w7/tmp/.pycsl_dt9cy9s4.mlw", line 2159, characters 15-82:
Sub-goal postcondition of goal module6_whymltranspiler___heap_var'vc.
Prover result is: Valid (0.01s, 11658 steps).

File "/home/fabrice/git/pycsl/scratchpad/w7/tmp/.pycsl_dt9cy9s4.mlw", line 2160, characters 15-90:
Sub-goal postcondition of goal module6_whymltranspiler___heap_var'vc.
Prover result is: Valid (0.01s, 11659 steps).

File "/home/fabrice/git/pycsl/scratchpad/w7/tmp/.pycsl_dt9cy9s4.mlw", line 2161, characters 15-80:
Sub-goal postcondition of goal module6_whymltranspiler___heap_var'vc.
Prover result is: Valid (0.01s, 11660 steps).

File "/home/fabrice/git/pycsl/scratchpad/w7/tmp/.pycsl_dt9cy9s4.mlw", line 2162, characters 15-70:
Sub-goal postcondition of goal module6_whymltranspiler___heap_var'vc.
Prover result is: Valid (0.01s, 11661 steps).

File "/home/fabrice/git/pycsl/scratchpad/w7/tmp/.pycsl_dt9cy9s4.mlw", line 2163, characters 15-96:
Sub-goal postcondition of goal module6_whymltranspiler___heap_var'vc.
Prover result is: Valid (0.01s, 11662 steps).

File "/home/fabrice/git/pycsl/scratchpad/w7/tmp/.pycsl_dt9cy9s4.mlw", line 2164, characters 15-112:
Sub-goal postcondition of goal module6_whymltranspiler___heap_var'vc.
Prover result is: Valid (0.01s, 11663 steps).

File "/home/fabrice/git/pycsl/scratchpad/w7/tmp/.pycsl_dt9cy9s4.mlw", line 2165, characters 15-110:
Sub-goal postcondition of goal module6_whymltranspiler___heap_var'vc.
Prover result is: Valid (0.01s, 11664 steps).

File "/home/fabrice/git/pycsl/scratchpad/w7/tmp/.pycsl_dt9cy9s4.mlw", line 2166, characters 15-114:
Sub-goal postcondition of goal module6_whymltranspiler___heap_var'vc.
Prover result is: Valid (0.01s, 11665 steps).

File "/home/fabrice/git/pycsl/scratchpad/w7/tmp/.pycsl_dt9cy9s4.mlw", line 2167, characters 15-102:
Sub-goal postcondition of goal module6_whymltranspiler___heap_var'vc.
Prover result is: Valid (0.01s, 11666 steps).

File "/home/fabrice/git/pycsl/scratchpad/w7/tmp/.pycsl_dt9cy9s4.mlw", line 2168, characters 15-88:
Sub-goal postcondition of goal module6_whymltranspiler___heap_var'vc.
Prover result is: Valid (0.01s, 11667 steps).

File "/home/fabrice/git/pycsl/scratchpad/w7/tmp/.pycsl_dt9cy9s4.mlw", line 2169, characters 15-90:
Sub-goal postcondition of goal module6_whymltranspiler___heap_var'vc.
Prover result is: Valid (0.01s, 11668 steps).

File "/home/fabrice/git/pycsl/scratchpad/w7/tmp/.pycsl_dt9cy9s4.mlw", line 2170, characters 15-102:
Sub-goal postcondition of goal module6_whymltranspiler___heap_var'vc.
Prover result is: Valid (0.01s, 11669 steps).

File "/home/fabrice/git/pycsl/scratchpad/w7/tmp/.pycsl_dt9cy9s4.mlw", line 2171, characters 15-84:
Sub-goal postcondition of goal module6_whymltranspiler___heap_var'vc.
Prover result is: Valid (0.02s, 11670 steps).

File "/home/fabrice/git/pycsl/scratchpad/w7/tmp/.pycsl_dt9cy9s4.mlw", line 2172, characters 15-96:
Sub-goal postcondition of goal module6_whymltranspiler___heap_var'vc.
Prover result is: Valid (0.01s, 11671 steps).

File "/home/fabrice/git/pycsl/scratchpad/w7/tmp/.pycsl_dt9cy9s4.mlw", line 2173, characters 15-90:
Sub-goal postcondition of goal module6_whymltranspiler___heap_var'vc.
Prover result is: Valid (0.01s, 11672 steps).

File "/home/fabrice/git/pycsl/scratchpad/w7/tmp/.pycsl_dt9cy9s4.mlw", line 2174, characters 15-98:
Sub-goal postcondition of goal module6_whymltranspiler___heap_var'vc.
Prover result is: Valid (0.01s, 11673 steps).

File "/home/fabrice/git/pycsl/scratchpad/w7/tmp/.pycsl_dt9cy9s4.mlw", line 2175, characters 15-74:
Sub-goal postcondition of goal module6_whymltranspiler___heap_var'vc.
Prover result is: Valid (0.01s, 11674 steps).

File "/home/fabrice/git/pycsl/scratchpad/w7/tmp/.pycsl_dt9cy9s4.mlw", line 2176, characters 15-84:
Sub-goal postcondition of goal module6_whymltranspiler___heap_var'vc.
Prover result is: Valid (0.01s, 11675 steps).

File "/home/fabrice/git/pycsl/scratchpad/w7/tmp/.pycsl_dt9cy9s4.mlw", line 2177, characters 15-56:
Sub-goal postcondition of goal module6_whymltranspiler___heap_var'vc.
Prover result is: Valid (0.01s, 11676 steps).

File "/home/fabrice/git/pycsl/scratchpad/w7/tmp/.pycsl_dt9cy9s4.mlw", line 2178, characters 15-108:
Sub-goal postcondition of goal module6_whymltranspiler___heap_var'vc.
Prover result is: Valid (0.01s, 11677 steps).

File "/home/fabrice/git/pycsl/scratchpad/w7/tmp/.pycsl_dt9cy9s4.mlw", line 2179, characters 15-106:
Sub-goal postcondition of goal module6_whymltranspiler___heap_var'vc.
Prover result is: Valid (0.01s, 11678 steps).

File "/home/fabrice/git/pycsl/scratchpad/w7/tmp/.pycsl_dt9cy9s4.mlw", line 2180, characters 15-116:
Sub-goal postcondition of goal module6_whymltranspiler___heap_var'vc.
Prover result is: Valid (0.02s, 11679 steps).

File "/home/fabrice/git/pycsl/scratchpad/w7/tmp/.pycsl_dt9cy9s4.mlw", line 2181, characters 15-114:
Sub-goal postcondition of goal module6_whymltranspiler___heap_var'vc.
Prover result is: Valid (0.01s, 11680 steps).

File "/home/fabrice/git/pycsl/scratchpad/w7/tmp/.pycsl_dt9cy9s4.mlw", line 2182, characters 15-110:
Sub-goal postcondition of goal module6_whymltranspiler___heap_var'vc.
Prover result is: Valid (0.01s, 11681 steps).

File "/home/fabrice/git/pycsl/scratchpad/w7/tmp/.pycsl_dt9cy9s4.mlw", line 2183, characters 15-114:
Sub-goal postcondition of goal module6_whymltranspiler___heap_var'vc.
Prover result is: Valid (0.01s, 11682 steps).

File "/home/fabrice/git/pycsl/scratchpad/w7/tmp/.pycsl_dt9cy9s4.mlw", line 2184, characters 15-106:
Sub-goal postcondition of goal module6_whymltranspiler___heap_var'vc.
Prover result is: Valid (0.01s, 11683 steps).

File "/home/fabrice/git/pycsl/scratchpad/w7/tmp/.pycsl_dt9cy9s4.mlw", line 2185, characters 15-104:
Sub-goal postcondition of goal module6_whymltranspiler___heap_var'vc.
Prover result is: Valid (0.01s, 11684 steps).

File "/home/fabrice/git/pycsl/scratchpad/w7/tmp/.pycsl_dt9cy9s4.mlw", line 2186, characters 15-112:
Sub-goal postcondition of goal module6_whymltranspiler___heap_var'vc.
Prover result is: Valid (0.01s, 11685 steps).

File "/home/fabrice/git/pycsl/scratchpad/w7/tmp/.pycsl_dt9cy9s4.mlw", line 2187, characters 15-106:
Sub-goal postcondition of goal module6_whymltranspiler___heap_var'vc.
Prover result is: Valid (0.01s, 11686 steps).

File "/home/fabrice/git/pycsl/scratchpad/w7/tmp/.pycsl_dt9cy9s4.mlw", line 2188, characters 15-126:
Sub-goal postcondition of goal module6_whymltranspiler___heap_var'vc.
Prover result is: Valid (0.01s, 11687 steps).

File "/home/fabrice/git/pycsl/scratchpad/w7/tmp/.pycsl_dt9cy9s4.mlw", line 2189, characters 15-126:
Sub-goal postcondition of goal module6_whymltranspiler___heap_var'vc.
Prover result is: Valid (0.02s, 11688 steps).

File "/home/fabrice/git/pycsl/scratchpad/w7/tmp/.pycsl_dt9cy9s4.mlw", line 2190, characters 15-110:
Sub-goal postcondition of goal module6_whymltranspiler___heap_var'vc.
Prover result is: Valid (0.01s, 11689 steps).

File "/home/fabrice/git/pycsl/scratchpad/w7/tmp/.pycsl_dt9cy9s4.mlw", line 2191, characters 15-134:
Sub-goal postcondition of goal module6_whymltranspiler___heap_var'vc.
Prover result is: Valid (0.01s, 11690 steps).

File "/home/fabrice/git/pycsl/scratchpad/w7/tmp/.pycsl_dt9cy9s4.mlw", line 2192, characters 15-116:
Sub-goal postcondition of goal module6_whymltranspiler___heap_var'vc.
Prover result is: Valid (0.01s, 11691 steps).

File "/home/fabrice/git/pycsl/scratchpad/w7/tmp/.pycsl_dt9cy9s4.mlw", line 2193, characters 15-122:
Sub-goal postcondition of goal module6_whymltranspiler___heap_var'vc.
Prover result is: Valid (0.01s, 11692 steps).

File "/home/fabrice/git/pycsl/scratchpad/w7/tmp/.pycsl_dt9cy9s4.mlw", line 2194, characters 15-114:
Sub-goal postcondition of goal module6_whymltranspiler___heap_var'vc.
Prover result is: Valid (0.01s, 11693 steps).

File "/home/fabrice/git/pycsl/scratchpad/w7/tmp/.pycsl_dt9cy9s4.mlw", line 2195, characters 15-110:
Sub-goal postcondition of goal module6_whymltranspiler___heap_var'vc.
Prover result is: Valid (0.01s, 11694 steps).

File "/home/fabrice/git/pycsl/scratchpad/w7/tmp/.pycsl_dt9cy9s4.mlw", line 2196, characters 15-104:
Sub-goal postcondition of goal module6_whymltranspiler___heap_var'vc.
Prover result is: Valid (0.01s, 11695 steps).

File "/home/fabrice/git/pycsl/scratchpad/w7/tmp/.pycsl_dt9cy9s4.mlw", line 2197, characters 15-114:
Sub-goal postcondition of goal module6_whymltranspiler___heap_var'vc.
Prover result is: Valid (0.01s, 11696 steps).

File "/home/fabrice/git/pycsl/scratchpad/w7/tmp/.pycsl_dt9cy9s4.mlw", line 2198, characters 15-118:
Sub-goal postcondition of goal module6_whymltranspiler___heap_var'vc.
Prover result is: Valid (0.01s, 11697 steps).

File "/home/fabrice/git/pycsl/scratchpad/w7/tmp/.pycsl_dt9cy9s4.mlw", line 2199, characters 15-112:
Sub-goal postcondition of goal module6_whymltranspiler___heap_var'vc.
Prover result is: Valid (0.01s, 11698 steps).

File "/home/fabrice/git/pycsl/scratchpad/w7/tmp/.pycsl_dt9cy9s4.mlw", line 2200, characters 15-114:
Sub-goal postcondition of goal module6_whymltranspiler___heap_var'vc.
Prover result is: Valid (0.01s, 11699 steps).

File "/home/fabrice/git/pycsl/scratchpad/w7/tmp/.pycsl_dt9cy9s4.mlw", line 2201, characters 15-132:
Sub-goal postcondition of goal module6_whymltranspiler___heap_var'vc.
Prover result is: Valid (0.01s, 11700 steps).

File "/home/fabrice/git/pycsl/scratchpad/w7/tmp/.pycsl_dt9cy9s4.mlw", line 2202, characters 15-114:
Sub-goal postcondition of goal module6_whymltranspiler___heap_var'vc.
Prover result is: Valid (0.01s, 11701 steps).

File "/home/fabrice/git/pycsl/scratchpad/w7/tmp/.pycsl_dt9cy9s4.mlw", line 2203, characters 15-112:
Sub-goal postcondition of goal module6_whymltranspiler___heap_var'vc.
Prover result is: Valid (0.01s, 11702 steps).

File "/home/fabrice/git/pycsl/scratchpad/w7/tmp/.pycsl_dt9cy9s4.mlw", line 2204, characters 15-112:
Sub-goal postcondition of goal module6_whymltranspiler___heap_var'vc.
Prover result is: Valid (0.01s, 11703 steps).

File "/home/fabrice/git/pycsl/scratchpad/w7/tmp/.pycsl_dt9cy9s4.mlw", line 2205, characters 15-110:
Sub-goal postcondition of goal module6_whymltranspiler___heap_var'vc.
Prover result is: Valid (0.01s, 11704 steps).

File "/home/fabrice/git/pycsl/scratchpad/w7/tmp/.pycsl_dt9cy9s4.mlw", line 2206, characters 15-116:
Sub-goal postcondition of goal module6_whymltranspiler___heap_var'vc.
Prover result is: Valid (0.01s, 11705 steps).

File "/home/fabrice/git/pycsl/scratchpad/w7/tmp/.pycsl_dt9cy9s4.mlw", line 2207, characters 15-114:
Sub-goal postcondition of goal module6_whymltranspiler___heap_var'vc.
Prover result is: Valid (0.01s, 11706 steps).

File "/home/fabrice/git/pycsl/scratchpad/w7/tmp/.pycsl_dt9cy9s4.mlw", line 2208, characters 15-108:
Sub-goal postcondition of goal module6_whymltranspiler___heap_var'vc.
Prover result is: Valid (0.01s, 11707 steps).

File "/home/fabrice/git/pycsl/scratchpad/w7/tmp/.pycsl_dt9cy9s4.mlw", line 2209, characters 15-108:
Sub-goal postcondition of goal module6_whymltranspiler___heap_var'vc.
Prover result is: Valid (0.01s, 11708 steps).

File "/home/fabrice/git/pycsl/scratchpad/w7/tmp/.pycsl_dt9cy9s4.mlw", line 2210, characters 15-98:
Sub-goal postcondition of goal module6_whymltranspiler___heap_var'vc.
Prover result is: Valid (0.01s, 11709 steps).

File "/home/fabrice/git/pycsl/scratchpad/w7/tmp/.pycsl_dt9cy9s4.mlw", line 2211, characters 15-96:
Sub-goal postcondition of goal module6_whymltranspiler___heap_var'vc.
Prover result is: Valid (0.01s, 11710 steps).

File "/home/fabrice/git/pycsl/scratchpad/w7/tmp/.pycsl_dt9cy9s4.mlw", line 2212, characters 15-118:
Sub-goal postcondition of goal module6_whymltranspiler___heap_var'vc.
Prover result is: Valid (0.01s, 11711 steps).

File "/home/fabrice/git/pycsl/scratchpad/w7/tmp/.pycsl_dt9cy9s4.mlw", line 2213, characters 15-126:
Sub-goal postcondition of goal module6_whymltranspiler___heap_var'vc.
Prover result is: Valid (0.01s, 11712 steps).

File "/home/fabrice/git/pycsl/scratchpad/w7/tmp/.pycsl_dt9cy9s4.mlw", line 2214, characters 15-108:
Sub-goal postcondition of goal module6_whymltranspiler___heap_var'vc.
Prover result is: Valid (0.01s, 11713 steps).

File "/home/fabrice/git/pycsl/scratchpad/w7/tmp/.pycsl_dt9cy9s4.mlw", line 2215, characters 15-132:
Sub-goal postcondition of goal module6_whymltranspiler___heap_var'vc.
Prover result is: Valid (0.01s, 11714 steps).

File "/home/fabrice/git/pycsl/scratchpad/w7/tmp/.pycsl_dt9cy9s4.mlw", line 2216, characters 15-114:
Sub-goal postcondition of goal module6_whymltranspiler___heap_var'vc.
Prover result is: Valid (0.01s, 11715 steps).

File "/home/fabrice/git/pycsl/scratchpad/w7/tmp/.pycsl_dt9cy9s4.mlw", line 2217, characters 15-124:
Sub-goal postcondition of goal module6_whymltranspiler___heap_var'vc.
Prover result is: Valid (0.01s, 11716 steps).

File "/home/fabrice/git/pycsl/scratchpad/w7/tmp/.pycsl_dt9cy9s4.mlw", line 2218, characters 15-134:
Sub-goal postcondition of goal module6_whymltranspiler___heap_var'vc.
Prover result is: Valid (0.01s, 11717 steps).

File "/home/fabrice/git/pycsl/scratchpad/w7/tmp/.pycsl_dt9cy9s4.mlw", line 2219, characters 15-124:
Sub-goal postcondition of goal module6_whymltranspiler___heap_var'vc.
Prover result is: Valid (0.01s, 11718 steps).

File "/home/fabrice/git/pycsl/scratchpad/w7/tmp/.pycsl_dt9cy9s4.mlw", line 2220, characters 15-132:
Sub-goal postcondition of goal module6_whymltranspiler___heap_var'vc.
Prover result is: Valid (0.01s, 11719 steps).

File "/home/fabrice/git/pycsl/scratchpad/w7/tmp/.pycsl_dt9cy9s4.mlw", line 2221, characters 15-122:
Sub-goal postcondition of goal module6_whymltranspiler___heap_var'vc.
Prover result is: Valid (0.01s, 11720 steps).

File "/home/fabrice/git/pycsl/scratchpad/w7/tmp/.pycsl_dt9cy9s4.mlw", line 2222, characters 15-122:
Sub-goal postcondition of goal module6_whymltranspiler___heap_var'vc.
Prover result is: Valid (0.01s, 11721 steps).

File "/home/fabrice/git/pycsl/scratchpad/w7/tmp/.pycsl_dt9cy9s4.mlw", line 2223, characters 15-120:
Sub-goal postcondition of goal module6_whymltranspiler___heap_var'vc.
Prover result is: Valid (0.02s, 11722 steps).

File "/home/fabrice/git/pycsl/scratchpad/w7/tmp/.pycsl_dt9cy9s4.mlw", line 2224, characters 15-120:
Sub-goal postcondition of goal module6_whymltranspiler___heap_var'vc.
Prover result is: Valid (0.01s, 11723 steps).

File "/home/fabrice/git/pycsl/scratchpad/w7/tmp/.pycsl_dt9cy9s4.mlw", line 2225, characters 15-130:
Sub-goal postcondition of goal module6_whymltranspiler___heap_var'vc.
Prover result is: Valid (0.02s, 11724 steps).

File "/home/fabrice/git/pycsl/scratchpad/w7/tmp/.pycsl_dt9cy9s4.mlw", line 2226, characters 15-108:
Sub-goal postcondition of goal module6_whymltranspiler___heap_var'vc.
Prover result is: Valid (0.01s, 11725 steps).

File "/home/fabrice/git/pycsl/scratchpad/w7/tmp/.pycsl_dt9cy9s4.mlw", line 2227, characters 15-122:
Sub-goal postcondition of goal module6_whymltranspiler___heap_var'vc.
Prover result is: Valid (0.01s, 11726 steps).

File "/home/fabrice/git/pycsl/scratchpad/w7/tmp/.pycsl_dt9cy9s4.mlw", line 2228, characters 15-106:
Sub-goal postcondition of goal module6_whymltranspiler___heap_var'vc.
Prover result is: Valid (0.01s, 11727 steps).

File "/home/fabrice/git/pycsl/scratchpad/w7/tmp/.pycsl_dt9cy9s4.mlw", line 2229, characters 15-106:
Sub-goal postcondition of goal module6_whymltranspiler___heap_var'vc.
Prover result is: Valid (0.01s, 11728 steps).

File "/home/fabrice/git/pycsl/scratchpad/w7/tmp/.pycsl_dt9cy9s4.mlw", line 2230, characters 15-100:
Sub-goal postcondition of goal module6_whymltranspiler___heap_var'vc.
Prover result is: Valid (0.01s, 11729 steps).

File "/home/fabrice/git/pycsl/scratchpad/w7/tmp/.pycsl_dt9cy9s4.mlw", line 2231, characters 15-110:
Sub-goal postcondition of goal module6_whymltranspiler___heap_var'vc.
Prover result is: Valid (0.01s, 11730 steps).

File "/home/fabrice/git/pycsl/scratchpad/w7/tmp/.pycsl_dt9cy9s4.mlw", line 2232, characters 15-102:
Sub-goal postcondition of goal module6_whymltranspiler___heap_var'vc.
Prover result is: Valid (0.01s, 11731 steps).

File "/home/fabrice/git/pycsl/scratchpad/w7/tmp/.pycsl_dt9cy9s4.mlw", line 2233, characters 15-106:
Sub-goal postcondition of goal module6_whymltranspiler___heap_var'vc.
Prover result is: Valid (0.01s, 11732 steps).

File "/home/fabrice/git/pycsl/scratchpad/w7/tmp/.pycsl_dt9cy9s4.mlw", line 2234, characters 15-102:
Sub-goal postcondition of goal module6_whymltranspiler___heap_var'vc.
Prover result is: Valid (0.01s, 11733 steps).

File "/home/fabrice/git/pycsl/scratchpad/w7/tmp/.pycsl_dt9cy9s4.mlw", line 2235, characters 15-112:
Sub-goal postcondition of goal module6_whymltranspiler___heap_var'vc.
Prover result is: Valid (0.01s, 11734 steps).

File "/home/fabrice/git/pycsl/scratchpad/w7/tmp/.pycsl_dt9cy9s4.mlw", line 2236, characters 15-114:
Sub-goal postcondition of goal module6_whymltranspiler___heap_var'vc.
Prover result is: Valid (0.01s, 11735 steps).

File "/home/fabrice/git/pycsl/scratchpad/w7/tmp/.pycsl_dt9cy9s4.mlw", line 2237, characters 15-124:
Sub-goal postcondition of goal module6_whymltranspiler___heap_var'vc.
Prover result is: Valid (0.01s, 11736 steps).

File "/home/fabrice/git/pycsl/scratchpad/w7/tmp/.pycsl_dt9cy9s4.mlw", line 2238, characters 15-116:
Sub-goal postcondition of goal module6_whymltranspiler___heap_var'vc.
Prover result is: Valid (0.01s, 11737 steps).

File "/home/fabrice/git/pycsl/scratchpad/w7/tmp/.pycsl_dt9cy9s4.mlw", line 2239, characters 15-110:
Sub-goal postcondition of goal module6_whymltranspiler___heap_var'vc.
Prover result is: Valid (0.01s, 11738 steps).

File "/home/fabrice/git/pycsl/scratchpad/w7/tmp/.pycsl_dt9cy9s4.mlw", line 2240, characters 15-118:
Sub-goal postcondition of goal module6_whymltranspiler___heap_var'vc.
Prover result is: Valid (0.01s, 11739 steps).

File "/home/fabrice/git/pycsl/scratchpad/w7/tmp/.pycsl_dt9cy9s4.mlw", line 2241, characters 15-110:
Sub-goal postcondition of goal module6_whymltranspiler___heap_var'vc.
Prover result is: Valid (0.02s, 11740 steps).

File "/home/fabrice/git/pycsl/scratchpad/w7/tmp/.pycsl_dt9cy9s4.mlw", line 2242, characters 15-108:
Sub-goal postcondition of goal module6_whymltranspiler___heap_var'vc.
Prover result is: Valid (0.01s, 11741 steps).

File "/home/fabrice/git/pycsl/scratchpad/w7/tmp/.pycsl_dt9cy9s4.mlw", line 2243, characters 15-84:
Sub-goal postcondition of goal module6_whymltranspiler___heap_var'vc.
Prover result is: Valid (0.01s, 11742 steps).

File "/home/fabrice/git/pycsl/scratchpad/w7/tmp/.pycsl_dt9cy9s4.mlw", line 2244, characters 15-84:
Sub-goal postcondition of goal module6_whymltranspiler___heap_var'vc.
Prover result is: Valid (0.01s, 11743 steps).

File "/home/fabrice/git/pycsl/scratchpad/w7/tmp/.pycsl_dt9cy9s4.mlw", line 2245, characters 15-94:
Sub-goal postcondition of goal module6_whymltranspiler___heap_var'vc.
Prover result is: Valid (0.01s, 11744 steps).

File "/home/fabrice/git/pycsl/scratchpad/w7/tmp/.pycsl_dt9cy9s4.mlw", line 2406, characters 18-68:
Sub-goal variant decrease of goal module6_whymltranspiler___subst_params__get'vc.
Prover result is: Valid (0.01s, 24728 steps).

File "/home/fabrice/git/pycsl/scratchpad/w7/tmp/.pycsl_dt9cy9s4.mlw", line 2406, characters 18-68:
Sub-goal variant decrease of goal module6_whymltranspiler___subst_params__get'vc.
Prover result is: Valid (0.02s, 24728 steps).

File "/home/fabrice/git/pycsl/scratchpad/w7/tmp/.pycsl_dt9cy9s4.mlw", line 2405, characters 63-113:
Sub-goal variant decrease of goal module6_whymltranspiler___subst_params__get'vc.
Prover result is: Valid (0.01s, 24487 steps).

File "/home/fabrice/git/pycsl/scratchpad/w7/tmp/.pycsl_dt9cy9s4.mlw", line 2406, characters 18-68:
Sub-goal variant decrease of goal module6_whymltranspiler___subst_params__get'vc.
Prover result is: Valid (0.01s, 24736 steps).

File "/home/fabrice/git/pycsl/scratchpad/w7/tmp/.pycsl_dt9cy9s4.mlw", line 2406, characters 18-68:
Sub-goal variant decrease of goal module6_whymltranspiler___subst_params__get'vc.
Prover result is: Valid (0.01s, 24660 steps).

File "/home/fabrice/git/pycsl/scratchpad/w7/tmp/.pycsl_dt9cy9s4.mlw", line 2420, characters 35-93:
Sub-goal variant decrease of goal module6_whymltranspiler___subst_params'vc.
Prover result is: Valid (0.03s, 100529 steps).

File "/home/fabrice/git/pycsl/scratchpad/w7/tmp/.pycsl_dt9cy9s4.mlw", line 2421, characters 27-85:
Sub-goal variant decrease of goal module6_whymltranspiler___subst_params'vc.
Prover result is: Valid (0.03s, 99238 steps).

File "/home/fabrice/git/pycsl/scratchpad/w7/tmp/.pycsl_dt9cy9s4.mlw", line 2421, characters 27-85:
Sub-goal variant decrease of goal module6_whymltranspiler___subst_params'vc.
Prover result is: Valid (0.03s, 98663 steps).

File "/home/fabrice/git/pycsl/scratchpad/w7/tmp/.pycsl_dt9cy9s4.mlw", line 2422, characters 24-82:
Sub-goal variant decrease of goal module6_whymltranspiler___subst_params'vc.
Prover result is: Valid (0.04s, 98691 steps).

File "/home/fabrice/git/pycsl/scratchpad/w7/tmp/.pycsl_dt9cy9s4.mlw", line 2423, characters 22-80:
Sub-goal variant decrease of goal module6_whymltranspiler___subst_params'vc.
Prover result is: Valid (0.04s, 99238 steps).

File "/home/fabrice/git/pycsl/scratchpad/w7/tmp/.pycsl_dt9cy9s4.mlw", line 2423, characters 22-80:
Sub-goal variant decrease of goal module6_whymltranspiler___subst_params'vc.
Prover result is: Valid (0.03s, 98663 steps).

File "/home/fabrice/git/pycsl/scratchpad/w7/tmp/.pycsl_dt9cy9s4.mlw", line 2425, characters 24-83:
Sub-goal variant decrease of goal module6_whymltranspiler___subst_params'vc.
Prover result is: Valid (0.03s, 98663 steps).

File "/home/fabrice/git/pycsl/scratchpad/w7/tmp/.pycsl_dt9cy9s4.mlw", line 2410, characters 32-36:
Sub-goal postcondition of goal module6_whymltranspiler___subst_params'vc.
Prover result is: Valid (0.01s, 9119 steps).

File "/home/fabrice/git/pycsl/scratchpad/w7/tmp/.pycsl_dt9cy9s4.mlw", line 2432, characters 85-146:
Sub-goal variant decrease of goal module6_whymltranspiler___subst_params__dict'vc.
Prover result is: Valid (0.03s, 97016 steps).

File "/home/fabrice/git/pycsl/scratchpad/w7/tmp/.pycsl_dt9cy9s4.mlw", line 2432, characters 32-84:
Sub-goal variant decrease of goal module6_whymltranspiler___subst_params__dict'vc.
Prover result is: Valid (0.03s, 96975 steps).

File "/home/fabrice/git/pycsl/scratchpad/w7/tmp/.pycsl_dt9cy9s4.mlw", line 2432, characters 32-84:
Sub-goal precondition of goal module6_whymltranspiler___subst_params__dict'vc.
Prover result is: Valid (0.01s, 9115 steps).

File "/home/fabrice/git/pycsl/scratchpad/w7/tmp/.pycsl_dt9cy9s4.mlw", line 2438, characters 76-134:
Sub-goal variant decrease of goal module6_whymltranspiler___subst_params__list'vc.
Prover result is: Valid (0.03s, 95222 steps).

File "/home/fabrice/git/pycsl/scratchpad/w7/tmp/.pycsl_dt9cy9s4.mlw", line 2438, characters 23-75:
Sub-goal variant decrease of goal module6_whymltranspiler___subst_params__list'vc.
Prover result is: Valid (0.03s, 95181 steps).

File "/home/fabrice/git/pycsl/scratchpad/w7/tmp/.pycsl_dt9cy9s4.mlw", line 2438, characters 23-75:
Sub-goal precondition of goal module6_whymltranspiler___subst_params__list'vc.
Prover result is: Valid (0.01s, 9058 steps).

File "/home/fabrice/git/pycsl/scratchpad/w7/tmp/.pycsl_dt9cy9s4.mlw", line 2496, characters 79-135:
Sub-goal variant decrease of goal module6_whymltranspiler___verify_module_groups__gvm'vc.
Prover result is: Valid (0.01s, 24444 steps).

File "/home/fabrice/git/pycsl/scratchpad/w7/tmp/.pycsl_dt9cy9s4.mlw", line 2497, characters 24-80:
Sub-goal variant decrease of goal module6_whymltranspiler___verify_module_groups__gvm'vc.
Prover result is: Valid (0.01s, 24716 steps).

File "/home/fabrice/git/pycsl/scratchpad/w7/tmp/.pycsl_dt9cy9s4.mlw", line 2502, characters 24-82:
Sub-goal variant decrease of goal module6_whymltranspiler___verify_module_groups__gname'vc.
Prover result is: Valid (0.01s, 24728 steps).

File "/home/fabrice/git/pycsl/scratchpad/w7/tmp/.pycsl_dt9cy9s4.mlw", line 2505, characters 56-114:
Sub-goal variant decrease of goal module6_whymltranspiler___verify_module_groups__snoc'vc.
Prover result is: Valid (0.01s, 24394 steps).

File "/home/fabrice/git/pycsl/scratchpad/w7/tmp/.pycsl_dt9cy9s4.mlw", line 2516, characters 32-36:
Sub-goal postcondition of goal module6_whymltranspiler___verify_module_groups__f'vc.
Prover result is: Valid (0.01s, 9067 steps).

File "/home/fabrice/git/pycsl/scratchpad/w7/tmp/.pycsl_dt9cy9s4.mlw", line 2529, characters 8-66:
Sub-goal variant decrease of goal module6_whymltranspiler___verify_module_groups__f'vc.
Prover result is: Valid (0.01s, 25943 steps).

File "/home/fabrice/git/pycsl/scratchpad/w7/tmp/.pycsl_dt9cy9s4.mlw", line 2529, characters 8-66:
Sub-goal precondition of goal module6_whymltranspiler___verify_module_groups__f'vc.
Prover result is: Valid (0.01s, 9626 steps).

File "/home/fabrice/git/pycsl/scratchpad/w7/tmp/.pycsl_dt9cy9s4.mlw", line 2516, characters 32-36:
Sub-goal postcondition of goal module6_whymltranspiler___verify_module_groups__f'vc.
Prover result is: Valid (0.01s, 9626 steps).

File "/home/fabrice/git/pycsl/scratchpad/w7/tmp/.pycsl_dt9cy9s4.mlw", line 2529, characters 8-66:
Sub-goal variant decrease of goal module6_whymltranspiler___verify_module_groups__f'vc.
Prover result is: Valid (0.01s, 24283 steps).

File "/home/fabrice/git/pycsl/scratchpad/w7/tmp/.pycsl_dt9cy9s4.mlw", line 2529, characters 8-66:
Sub-goal precondition of goal module6_whymltranspiler___verify_module_groups__f'vc.
Prover result is: Valid (0.01s, 9084 steps).

File "/home/fabrice/git/pycsl/scratchpad/w7/tmp/.pycsl_dt9cy9s4.mlw", line 2516, characters 32-36:
Sub-goal postcondition of goal module6_whymltranspiler___verify_module_groups__f'vc.
Prover result is: Valid (0.01s, 9084 steps).

File "/home/fabrice/git/pycsl/scratchpad/w7/tmp/.pycsl_dt9cy9s4.mlw", line 2529, characters 8-66:
Sub-goal variant decrease of goal module6_whymltranspiler___verify_module_groups__f'vc.
Prover result is: Valid (0.02s, 24439 steps).

File "/home/fabrice/git/pycsl/scratchpad/w7/tmp/.pycsl_dt9cy9s4.mlw", line 2529, characters 8-66:
Sub-goal precondition of goal module6_whymltranspiler___verify_module_groups__f'vc.
Prover result is: Valid (0.01s, 9140 steps).

File "/home/fabrice/git/pycsl/scratchpad/w7/tmp/.pycsl_dt9cy9s4.mlw", line 2516, characters 32-36:
Sub-goal postcondition of goal module6_whymltranspiler___verify_module_groups__f'vc.
Prover result is: Valid (0.01s, 9140 steps).

File "/home/fabrice/git/pycsl/scratchpad/w7/tmp/.pycsl_dt9cy9s4.mlw", line 2534, characters 40-96:
Sub-goal precondition of goal module6_whymltranspiler___verify_module_groups'vc.
Prover result is: Valid (0.01s, 9115 steps).

File "/home/fabrice/git/pycsl/scratchpad/w7/tmp/.pycsl_dt9cy9s4.mlw", line 2532, characters 32-36:
Sub-goal postcondition of goal module6_whymltranspiler___verify_module_groups'vc.
Prover result is: Valid (0.01s, 9128 steps).

File "/home/fabrice/git/pycsl/scratchpad/w7/tmp/.pycsl_dt9cy9s4.mlw", line 2532, characters 32-36:
Sub-goal postcondition of goal module6_whymltranspiler___verify_module_groups'vc.
Prover result is: Valid (0.01s, 9175 steps).

File "/home/fabrice/git/pycsl/scratchpad/w7/tmp/.pycsl_dt9cy9s4.mlw", line 2546, characters 15-19:
Sub-goal postcondition of goal module6_whymltranspiler___wrap_unannotated_call_with_strict_assert'vc.
Prover result is: Valid (0.01s, 11636 steps).

File "/home/fabrice/git/pycsl/scratchpad/w7/tmp/.pycsl_dt9cy9s4.mlw", line 2547, characters 15-86:
Sub-goal postcondition of goal module6_whymltranspiler___wrap_unannotated_call_with_strict_assert'vc.
Prover result is: Valid (0.01s, 11637 steps).

File "/home/fabrice/git/pycsl/scratchpad/w7/tmp/.pycsl_dt9cy9s4.mlw", line 2548, characters 15-82:
Sub-goal postcondition of goal module6_whymltranspiler___wrap_unannotated_call_with_strict_assert'vc.
Prover result is: Valid (0.01s, 11638 steps).

File "/home/fabrice/git/pycsl/scratchpad/w7/tmp/.pycsl_dt9cy9s4.mlw", line 2549, characters 15-72:
Sub-goal postcondition of goal module6_whymltranspiler___wrap_unannotated_call_with_strict_assert'vc.
Prover result is: Valid (0.01s, 11639 steps).

File "/home/fabrice/git/pycsl/scratchpad/w7/tmp/.pycsl_dt9cy9s4.mlw", line 2550, characters 15-86:
Sub-goal postcondition of goal module6_whymltranspiler___wrap_unannotated_call_with_strict_assert'vc.
Prover result is: Valid (0.01s, 11640 steps).

File "/home/fabrice/git/pycsl/scratchpad/w7/tmp/.pycsl_dt9cy9s4.mlw", line 2551, characters 15-72:
Sub-goal postcondition of goal module6_whymltranspiler___wrap_unannotated_call_with_strict_assert'vc.
Prover result is: Valid (0.01s, 11641 steps).

File "/home/fabrice/git/pycsl/scratchpad/w7/tmp/.pycsl_dt9cy9s4.mlw", line 2552, characters 15-76:
Sub-goal postcondition of goal module6_whymltranspiler___wrap_unannotated_call_with_strict_assert'vc.
Prover result is: Valid (0.01s, 11642 steps).

File "/home/fabrice/git/pycsl/scratchpad/w7/tmp/.pycsl_dt9cy9s4.mlw", line 2553, characters 15-58:
Sub-goal postcondition of goal module6_whymltranspiler___wrap_unannotated_call_with_strict_assert'vc.
Prover result is: Valid (0.02s, 11643 steps).

File "/home/fabrice/git/pycsl/scratchpad/w7/tmp/.pycsl_dt9cy9s4.mlw", line 2554, characters 15-74:
Sub-goal postcondition of goal module6_whymltranspiler___wrap_unannotated_call_with_strict_assert'vc.
Prover result is: Valid (0.01s, 11644 steps).

File "/home/fabrice/git/pycsl/scratchpad/w7/tmp/.pycsl_dt9cy9s4.mlw", line 2555, characters 15-80:
Sub-goal postcondition of goal module6_whymltranspiler___wrap_unannotated_call_with_strict_assert'vc.
Prover result is: Valid (0.01s, 11645 steps).

File "/home/fabrice/git/pycsl/scratchpad/w7/tmp/.pycsl_dt9cy9s4.mlw", line 2556, characters 15-68:
Sub-goal postcondition of goal module6_whymltranspiler___wrap_unannotated_call_with_strict_assert'vc.
Prover result is: Valid (0.01s, 11646 steps).

File "/home/fabrice/git/pycsl/scratchpad/w7/tmp/.pycsl_dt9cy9s4.mlw", line 2557, characters 15-82:
Sub-goal postcondition of goal module6_whymltranspiler___wrap_unannotated_call_with_strict_assert'vc.
Prover result is: Valid (0.01s, 11647 steps).

File "/home/fabrice/git/pycsl/scratchpad/w7/tmp/.pycsl_dt9cy9s4.mlw", line 2558, characters 15-90:
Sub-goal postcondition of goal module6_whymltranspiler___wrap_unannotated_call_with_strict_assert'vc.
Prover result is: Valid (0.01s, 11648 steps).

File "/home/fabrice/git/pycsl/scratchpad/w7/tmp/.pycsl_dt9cy9s4.mlw", line 2559, characters 15-80:
Sub-goal postcondition of goal module6_whymltranspiler___wrap_unannotated_call_with_strict_assert'vc.
Prover result is: Valid (0.01s, 11649 steps).

File "/home/fabrice/git/pycsl/scratchpad/w7/tmp/.pycsl_dt9cy9s4.mlw", line 2560, characters 15-70:
Sub-goal postcondition of goal module6_whymltranspiler___wrap_unannotated_call_with_strict_assert'vc.
Prover result is: Valid (0.01s, 11650 steps).

File "/home/fabrice/git/pycsl/scratchpad/w7/tmp/.pycsl_dt9cy9s4.mlw", line 2561, characters 15-96:
Sub-goal postcondition of goal module6_whymltranspiler___wrap_unannotated_call_with_strict_assert'vc.
Prover result is: Valid (0.01s, 11651 steps).

File "/home/fabrice/git/pycsl/scratchpad/w7/tmp/.pycsl_dt9cy9s4.mlw", line 2562, characters 15-112:
Sub-goal postcondition of goal module6_whymltranspiler___wrap_unannotated_call_with_strict_assert'vc.
Prover result is: Valid (0.01s, 11652 steps).

File "/home/fabrice/git/pycsl/scratchpad/w7/tmp/.pycsl_dt9cy9s4.mlw", line 2563, characters 15-110:
Sub-goal postcondition of goal module6_whymltranspiler___wrap_unannotated_call_with_strict_assert'vc.
Prover result is: Valid (0.01s, 11653 steps).

File "/home/fabrice/git/pycsl/scratchpad/w7/tmp/.pycsl_dt9cy9s4.mlw", line 2564, characters 15-114:
Sub-goal postcondition of goal module6_whymltranspiler___wrap_unannotated_call_with_strict_assert'vc.
Prover result is: Valid (0.01s, 11654 steps).

File "/home/fabrice/git/pycsl/scratchpad/w7/tmp/.pycsl_dt9cy9s4.mlw", line 2565, characters 15-102:
Sub-goal postcondition of goal module6_whymltranspiler___wrap_unannotated_call_with_strict_assert'vc.
Prover result is: Valid (0.01s, 11655 steps).

File "/home/fabrice/git/pycsl/scratchpad/w7/tmp/.pycsl_dt9cy9s4.mlw", line 2566, characters 15-88:
Sub-goal postcondition of goal module6_whymltranspiler___wrap_unannotated_call_with_strict_assert'vc.
Prover result is: Valid (0.01s, 11656 steps).

File "/home/fabrice/git/pycsl/scratchpad/w7/tmp/.pycsl_dt9cy9s4.mlw", line 2567, characters 15-90:
Sub-goal postcondition of goal module6_whymltranspiler___wrap_unannotated_call_with_strict_assert'vc.
Prover result is: Valid (0.01s, 11657 steps).

File "/home/fabrice/git/pycsl/scratchpad/w7/tmp/.pycsl_dt9cy9s4.mlw", line 2568, characters 15-102:
Sub-goal postcondition of goal module6_whymltranspiler___wrap_unannotated_call_with_strict_assert'vc.
Prover result is: Valid (0.01s, 11658 steps).

File "/home/fabrice/git/pycsl/scratchpad/w7/tmp/.pycsl_dt9cy9s4.mlw", line 2569, characters 15-84:
Sub-goal postcondition of goal module6_whymltranspiler___wrap_unannotated_call_with_strict_assert'vc.
Prover result is: Valid (0.01s, 11659 steps).

File "/home/fabrice/git/pycsl/scratchpad/w7/tmp/.pycsl_dt9cy9s4.mlw", line 2570, characters 15-96:
Sub-goal postcondition of goal module6_whymltranspiler___wrap_unannotated_call_with_strict_assert'vc.
Prover result is: Valid (0.01s, 11660 steps).

File "/home/fabrice/git/pycsl/scratchpad/w7/tmp/.pycsl_dt9cy9s4.mlw", line 2571, characters 15-90:
Sub-goal postcondition of goal module6_whymltranspiler___wrap_unannotated_call_with_strict_assert'vc.
Prover result is: Valid (0.01s, 11661 steps).

File "/home/fabrice/git/pycsl/scratchpad/w7/tmp/.pycsl_dt9cy9s4.mlw", line 2572, characters 15-98:
Sub-goal postcondition of goal module6_whymltranspiler___wrap_unannotated_call_with_strict_assert'vc.
Prover result is: Valid (0.01s, 11662 steps).

File "/home/fabrice/git/pycsl/scratchpad/w7/tmp/.pycsl_dt9cy9s4.mlw", line 2573, characters 15-74:
Sub-goal postcondition of goal module6_whymltranspiler___wrap_unannotated_call_with_strict_assert'vc.
Prover result is: Valid (0.01s, 11663 steps).

File "/home/fabrice/git/pycsl/scratchpad/w7/tmp/.pycsl_dt9cy9s4.mlw", line 2574, characters 15-84:
Sub-goal postcondition of goal module6_whymltranspiler___wrap_unannotated_call_with_strict_assert'vc.
Prover result is: Valid (0.01s, 11664 steps).

File "/home/fabrice/git/pycsl/scratchpad/w7/tmp/.pycsl_dt9cy9s4.mlw", line 2575, characters 15-56:
Sub-goal postcondition of goal module6_whymltranspiler___wrap_unannotated_call_with_strict_assert'vc.
Prover result is: Valid (0.01s, 11665 steps).

File "/home/fabrice/git/pycsl/scratchpad/w7/tmp/.pycsl_dt9cy9s4.mlw", line 2576, characters 15-108:
Sub-goal postcondition of goal module6_whymltranspiler___wrap_unannotated_call_with_strict_assert'vc.
Prover result is: Valid (0.01s, 11666 steps).

File "/home/fabrice/git/pycsl/scratchpad/w7/tmp/.pycsl_dt9cy9s4.mlw", line 2577, characters 15-106:
Sub-goal postcondition of goal module6_whymltranspiler___wrap_unannotated_call_with_strict_assert'vc.
Prover result is: Valid (0.01s, 11667 steps).

File "/home/fabrice/git/pycsl/scratchpad/w7/tmp/.pycsl_dt9cy9s4.mlw", line 2578, characters 15-116:
Sub-goal postcondition of goal module6_whymltranspiler___wrap_unannotated_call_with_strict_assert'vc.
Prover result is: Valid (0.01s, 11668 steps).

File "/home/fabrice/git/pycsl/scratchpad/w7/tmp/.pycsl_dt9cy9s4.mlw", line 2579, characters 15-114:
Sub-goal postcondition of goal module6_whymltranspiler___wrap_unannotated_call_with_strict_assert'vc.
Prover result is: Valid (0.01s, 11669 steps).

File "/home/fabrice/git/pycsl/scratchpad/w7/tmp/.pycsl_dt9cy9s4.mlw", line 2580, characters 15-110:
Sub-goal postcondition of goal module6_whymltranspiler___wrap_unannotated_call_with_strict_assert'vc.
Prover result is: Valid (0.01s, 11670 steps).

File "/home/fabrice/git/pycsl/scratchpad/w7/tmp/.pycsl_dt9cy9s4.mlw", line 2581, characters 15-114:
Sub-goal postcondition of goal module6_whymltranspiler___wrap_unannotated_call_with_strict_assert'vc.
Prover result is: Valid (0.01s, 11671 steps).

File "/home/fabrice/git/pycsl/scratchpad/w7/tmp/.pycsl_dt9cy9s4.mlw", line 2582, characters 15-106:
Sub-goal postcondition of goal module6_whymltranspiler___wrap_unannotated_call_with_strict_assert'vc.
Prover result is: Valid (0.01s, 11672 steps).

File "/home/fabrice/git/pycsl/scratchpad/w7/tmp/.pycsl_dt9cy9s4.mlw", line 2583, characters 15-104:
Sub-goal postcondition of goal module6_whymltranspiler___wrap_unannotated_call_with_strict_assert'vc.
Prover result is: Valid (0.01s, 11673 steps).

File "/home/fabrice/git/pycsl/scratchpad/w7/tmp/.pycsl_dt9cy9s4.mlw", line 2584, characters 15-112:
Sub-goal postcondition of goal module6_whymltranspiler___wrap_unannotated_call_with_strict_assert'vc.
Prover result is: Valid (0.01s, 11674 steps).

File "/home/fabrice/git/pycsl/scratchpad/w7/tmp/.pycsl_dt9cy9s4.mlw", line 2585, characters 15-106:
Sub-goal postcondition of goal module6_whymltranspiler___wrap_unannotated_call_with_strict_assert'vc.
Prover result is: Valid (0.01s, 11675 steps).

File "/home/fabrice/git/pycsl/scratchpad/w7/tmp/.pycsl_dt9cy9s4.mlw", line 2586, characters 15-126:
Sub-goal postcondition of goal module6_whymltranspiler___wrap_unannotated_call_with_strict_assert'vc.
Prover result is: Valid (0.01s, 11676 steps).

File "/home/fabrice/git/pycsl/scratchpad/w7/tmp/.pycsl_dt9cy9s4.mlw", line 2587, characters 15-126:
Sub-goal postcondition of goal module6_whymltranspiler___wrap_unannotated_call_with_strict_assert'vc.
Prover result is: Valid (0.01s, 11677 steps).

File "/home/fabrice/git/pycsl/scratchpad/w7/tmp/.pycsl_dt9cy9s4.mlw", line 2588, characters 15-110:
Sub-goal postcondition of goal module6_whymltranspiler___wrap_unannotated_call_with_strict_assert'vc.
Prover result is: Valid (0.01s, 11678 steps).

File "/home/fabrice/git/pycsl/scratchpad/w7/tmp/.pycsl_dt9cy9s4.mlw", line 2589, characters 15-134:
Sub-goal postcondition of goal module6_whymltranspiler___wrap_unannotated_call_with_strict_assert'vc.
Prover result is: Valid (0.01s, 11679 steps).

File "/home/fabrice/git/pycsl/scratchpad/w7/tmp/.pycsl_dt9cy9s4.mlw", line 2590, characters 15-116:
Sub-goal postcondition of goal module6_whymltranspiler___wrap_unannotated_call_with_strict_assert'vc.
Prover result is: Valid (0.01s, 11680 steps).

File "/home/fabrice/git/pycsl/scratchpad/w7/tmp/.pycsl_dt9cy9s4.mlw", line 2591, characters 15-122:
Sub-goal postcondition of goal module6_whymltranspiler___wrap_unannotated_call_with_strict_assert'vc.
Prover result is: Valid (0.01s, 11681 steps).

File "/home/fabrice/git/pycsl/scratchpad/w7/tmp/.pycsl_dt9cy9s4.mlw", line 2592, characters 15-114:
Sub-goal postcondition of goal module6_whymltranspiler___wrap_unannotated_call_with_strict_assert'vc.
Prover result is: Valid (0.01s, 11682 steps).

File "/home/fabrice/git/pycsl/scratchpad/w7/tmp/.pycsl_dt9cy9s4.mlw", line 2593, characters 15-110:
Sub-goal postcondition of goal module6_whymltranspiler___wrap_unannotated_call_with_strict_assert'vc.
Prover result is: Valid (0.01s, 11683 steps).

File "/home/fabrice/git/pycsl/scratchpad/w7/tmp/.pycsl_dt9cy9s4.mlw", line 2594, characters 15-104:
Sub-goal postcondition of goal module6_whymltranspiler___wrap_unannotated_call_with_strict_assert'vc.
Prover result is: Valid (0.01s, 11684 steps).

File "/home/fabrice/git/pycsl/scratchpad/w7/tmp/.pycsl_dt9cy9s4.mlw", line 2595, characters 15-114:
Sub-goal postcondition of goal module6_whymltranspiler___wrap_unannotated_call_with_strict_assert'vc.
Prover result is: Valid (0.01s, 11685 steps).

File "/home/fabrice/git/pycsl/scratchpad/w7/tmp/.pycsl_dt9cy9s4.mlw", line 2596, characters 15-118:
Sub-goal postcondition of goal module6_whymltranspiler___wrap_unannotated_call_with_strict_assert'vc.
Prover result is: Valid (0.01s, 11686 steps).

File "/home/fabrice/git/pycsl/scratchpad/w7/tmp/.pycsl_dt9cy9s4.mlw", line 2597, characters 15-112:
Sub-goal postcondition of goal module6_whymltranspiler___wrap_unannotated_call_with_strict_assert'vc.
Prover result is: Valid (0.01s, 11687 steps).

File "/home/fabrice/git/pycsl/scratchpad/w7/tmp/.pycsl_dt9cy9s4.mlw", line 2598, characters 15-114:
Sub-goal postcondition of goal module6_whymltranspiler___wrap_unannotated_call_with_strict_assert'vc.
Prover result is: Valid (0.01s, 11688 steps).

File "/home/fabrice/git/pycsl/scratchpad/w7/tmp/.pycsl_dt9cy9s4.mlw", line 2599, characters 15-132:
Sub-goal postcondition of goal module6_whymltranspiler___wrap_unannotated_call_with_strict_assert'vc.
Prover result is: Valid (0.01s, 11689 steps).

File "/home/fabrice/git/pycsl/scratchpad/w7/tmp/.pycsl_dt9cy9s4.mlw", line 2600, characters 15-114:
Sub-goal postcondition of goal module6_whymltranspiler___wrap_unannotated_call_with_strict_assert'vc.
Prover result is: Valid (0.01s, 11690 steps).

File "/home/fabrice/git/pycsl/scratchpad/w7/tmp/.pycsl_dt9cy9s4.mlw", line 2601, characters 15-112:
Sub-goal postcondition of goal module6_whymltranspiler___wrap_unannotated_call_with_strict_assert'vc.
Prover result is: Valid (0.01s, 11691 steps).

File "/home/fabrice/git/pycsl/scratchpad/w7/tmp/.pycsl_dt9cy9s4.mlw", line 2602, characters 15-112:
Sub-goal postcondition of goal module6_whymltranspiler___wrap_unannotated_call_with_strict_assert'vc.
Prover result is: Valid (0.01s, 11692 steps).

File "/home/fabrice/git/pycsl/scratchpad/w7/tmp/.pycsl_dt9cy9s4.mlw", line 2603, characters 15-110:
Sub-goal postcondition of goal module6_whymltranspiler___wrap_unannotated_call_with_strict_assert'vc.
Prover result is: Valid (0.01s, 11693 steps).

File "/home/fabrice/git/pycsl/scratchpad/w7/tmp/.pycsl_dt9cy9s4.mlw", line 2604, characters 15-116:
Sub-goal postcondition of goal module6_whymltranspiler___wrap_unannotated_call_with_strict_assert'vc.
Prover result is: Valid (0.01s, 11694 steps).

File "/home/fabrice/git/pycsl/scratchpad/w7/tmp/.pycsl_dt9cy9s4.mlw", line 2605, characters 15-114:
Sub-goal postcondition of goal module6_whymltranspiler___wrap_unannotated_call_with_strict_assert'vc.
Prover result is: Valid (0.01s, 11695 steps).

File "/home/fabrice/git/pycsl/scratchpad/w7/tmp/.pycsl_dt9cy9s4.mlw", line 2606, characters 15-108:
Sub-goal postcondition of goal module6_whymltranspiler___wrap_unannotated_call_with_strict_assert'vc.
Prover result is: Valid (0.01s, 11696 steps).

File "/home/fabrice/git/pycsl/scratchpad/w7/tmp/.pycsl_dt9cy9s4.mlw", line 2607, characters 15-108:
Sub-goal postcondition of goal module6_whymltranspiler___wrap_unannotated_call_with_strict_assert'vc.
Prover result is: Valid (0.01s, 11697 steps).

File "/home/fabrice/git/pycsl/scratchpad/w7/tmp/.pycsl_dt9cy9s4.mlw", line 2608, characters 15-98:
Sub-goal postcondition of goal module6_whymltranspiler___wrap_unannotated_call_with_strict_assert'vc.
Prover result is: Valid (0.01s, 11698 steps).

File "/home/fabrice/git/pycsl/scratchpad/w7/tmp/.pycsl_dt9cy9s4.mlw", line 2609, characters 15-96:
Sub-goal postcondition of goal module6_whymltranspiler___wrap_unannotated_call_with_strict_assert'vc.
Prover result is: Valid (0.01s, 11699 steps).

File "/home/fabrice/git/pycsl/scratchpad/w7/tmp/.pycsl_dt9cy9s4.mlw", line 2610, characters 15-118:
Sub-goal postcondition of goal module6_whymltranspiler___wrap_unannotated_call_with_strict_assert'vc.
Prover result is: Valid (0.01s, 11700 steps).

File "/home/fabrice/git/pycsl/scratchpad/w7/tmp/.pycsl_dt9cy9s4.mlw", line 2611, characters 15-126:
Sub-goal postcondition of goal module6_whymltranspiler___wrap_unannotated_call_with_strict_assert'vc.
Prover result is: Valid (0.01s, 11701 steps).

File "/home/fabrice/git/pycsl/scratchpad/w7/tmp/.pycsl_dt9cy9s4.mlw", line 2612, characters 15-108:
Sub-goal postcondition of goal module6_whymltranspiler___wrap_unannotated_call_with_strict_assert'vc.
Prover result is: Valid (0.01s, 11702 steps).

File "/home/fabrice/git/pycsl/scratchpad/w7/tmp/.pycsl_dt9cy9s4.mlw", line 2613, characters 15-132:
Sub-goal postcondition of goal module6_whymltranspiler___wrap_unannotated_call_with_strict_assert'vc.
Prover result is: Valid (0.01s, 11703 steps).

File "/home/fabrice/git/pycsl/scratchpad/w7/tmp/.pycsl_dt9cy9s4.mlw", line 2614, characters 15-114:
Sub-goal postcondition of goal module6_whymltranspiler___wrap_unannotated_call_with_strict_assert'vc.
Prover result is: Valid (0.01s, 11704 steps).

File "/home/fabrice/git/pycsl/scratchpad/w7/tmp/.pycsl_dt9cy9s4.mlw", line 2615, characters 15-124:
Sub-goal postcondition of goal module6_whymltranspiler___wrap_unannotated_call_with_strict_assert'vc.
Prover result is: Valid (0.01s, 11705 steps).

File "/home/fabrice/git/pycsl/scratchpad/w7/tmp/.pycsl_dt9cy9s4.mlw", line 2616, characters 15-134:
Sub-goal postcondition of goal module6_whymltranspiler___wrap_unannotated_call_with_strict_assert'vc.
Prover result is: Valid (0.01s, 11706 steps).

File "/home/fabrice/git/pycsl/scratchpad/w7/tmp/.pycsl_dt9cy9s4.mlw", line 2617, characters 15-124:
Sub-goal postcondition of goal module6_whymltranspiler___wrap_unannotated_call_with_strict_assert'vc.
Prover result is: Valid (0.01s, 11707 steps).

File "/home/fabrice/git/pycsl/scratchpad/w7/tmp/.pycsl_dt9cy9s4.mlw", line 2618, characters 15-132:
Sub-goal postcondition of goal module6_whymltranspiler___wrap_unannotated_call_with_strict_assert'vc.
Prover result is: Valid (0.01s, 11708 steps).

File "/home/fabrice/git/pycsl/scratchpad/w7/tmp/.pycsl_dt9cy9s4.mlw", line 2619, characters 15-122:
Sub-goal postcondition of goal module6_whymltranspiler___wrap_unannotated_call_with_strict_assert'vc.
Prover result is: Valid (0.01s, 11709 steps).

File "/home/fabrice/git/pycsl/scratchpad/w7/tmp/.pycsl_dt9cy9s4.mlw", line 2620, characters 15-122:
Sub-goal postcondition of goal module6_whymltranspiler___wrap_unannotated_call_with_strict_assert'vc.
Prover result is: Valid (0.01s, 11710 steps).

File "/home/fabrice/git/pycsl/scratchpad/w7/tmp/.pycsl_dt9cy9s4.mlw", line 2621, characters 15-120:
Sub-goal postcondition of goal module6_whymltranspiler___wrap_unannotated_call_with_strict_assert'vc.
Prover result is: Valid (0.01s, 11711 steps).

File "/home/fabrice/git/pycsl/scratchpad/w7/tmp/.pycsl_dt9cy9s4.mlw", line 2622, characters 15-120:
Sub-goal postcondition of goal module6_whymltranspiler___wrap_unannotated_call_with_strict_assert'vc.
Prover result is: Valid (0.01s, 11712 steps).

File "/home/fabrice/git/pycsl/scratchpad/w7/tmp/.pycsl_dt9cy9s4.mlw", line 2623, characters 15-130:
Sub-goal postcondition of goal module6_whymltranspiler___wrap_unannotated_call_with_strict_assert'vc.
Prover result is: Valid (0.01s, 11713 steps).

File "/home/fabrice/git/pycsl/scratchpad/w7/tmp/.pycsl_dt9cy9s4.mlw", line 2624, characters 15-108:
Sub-goal postcondition of goal module6_whymltranspiler___wrap_unannotated_call_with_strict_assert'vc.
Prover result is: Valid (0.01s, 11714 steps).

File "/home/fabrice/git/pycsl/scratchpad/w7/tmp/.pycsl_dt9cy9s4.mlw", line 2625, characters 15-122:
Sub-goal postcondition of goal module6_whymltranspiler___wrap_unannotated_call_with_strict_assert'vc.
Prover result is: Valid (0.01s, 11715 steps).

File "/home/fabrice/git/pycsl/scratchpad/w7/tmp/.pycsl_dt9cy9s4.mlw", line 2626, characters 15-106:
Sub-goal postcondition of goal module6_whymltranspiler___wrap_unannotated_call_with_strict_assert'vc.
Prover result is: Valid (0.01s, 11716 steps).

File "/home/fabrice/git/pycsl/scratchpad/w7/tmp/.pycsl_dt9cy9s4.mlw", line 2627, characters 15-106:
Sub-goal postcondition of goal module6_whymltranspiler___wrap_unannotated_call_with_strict_assert'vc.
Prover result is: Valid (0.01s, 11717 steps).

File "/home/fabrice/git/pycsl/scratchpad/w7/tmp/.pycsl_dt9cy9s4.mlw", line 2628, characters 15-100:
Sub-goal postcondition of goal module6_whymltranspiler___wrap_unannotated_call_with_strict_assert'vc.
Prover result is: Valid (0.01s, 11718 steps).

File "/home/fabrice/git/pycsl/scratchpad/w7/tmp/.pycsl_dt9cy9s4.mlw", line 2629, characters 15-110:
Sub-goal postcondition of goal module6_whymltranspiler___wrap_unannotated_call_with_strict_assert'vc.
Prover result is: Valid (0.01s, 11719 steps).

File "/home/fabrice/git/pycsl/scratchpad/w7/tmp/.pycsl_dt9cy9s4.mlw", line 2630, characters 15-102:
Sub-goal postcondition of goal module6_whymltranspiler___wrap_unannotated_call_with_strict_assert'vc.
Prover result is: Valid (0.01s, 11720 steps).

File "/home/fabrice/git/pycsl/scratchpad/w7/tmp/.pycsl_dt9cy9s4.mlw", line 2631, characters 15-106:
Sub-goal postcondition of goal module6_whymltranspiler___wrap_unannotated_call_with_strict_assert'vc.
Prover result is: Valid (0.01s, 11721 steps).

File "/home/fabrice/git/pycsl/scratchpad/w7/tmp/.pycsl_dt9cy9s4.mlw", line 2632, characters 15-102:
Sub-goal postcondition of goal module6_whymltranspiler___wrap_unannotated_call_with_strict_assert'vc.
Prover result is: Valid (0.01s, 11722 steps).

File "/home/fabrice/git/pycsl/scratchpad/w7/tmp/.pycsl_dt9cy9s4.mlw", line 2633, characters 15-112:
Sub-goal postcondition of goal module6_whymltranspiler___wrap_unannotated_call_with_strict_assert'vc.
Prover result is: Valid (0.01s, 11723 steps).

File "/home/fabrice/git/pycsl/scratchpad/w7/tmp/.pycsl_dt9cy9s4.mlw", line 2634, characters 15-114:
Sub-goal postcondition of goal module6_whymltranspiler___wrap_unannotated_call_with_strict_assert'vc.
Prover result is: Valid (0.01s, 11724 steps).

File "/home/fabrice/git/pycsl/scratchpad/w7/tmp/.pycsl_dt9cy9s4.mlw", line 2635, characters 15-124:
Sub-goal postcondition of goal module6_whymltranspiler___wrap_unannotated_call_with_strict_assert'vc.
Prover result is: Valid (0.01s, 11725 steps).

File "/home/fabrice/git/pycsl/scratchpad/w7/tmp/.pycsl_dt9cy9s4.mlw", line 2636, characters 15-116:
Sub-goal postcondition of goal module6_whymltranspiler___wrap_unannotated_call_with_strict_assert'vc.
Prover result is: Valid (0.01s, 11726 steps).

File "/home/fabrice/git/pycsl/scratchpad/w7/tmp/.pycsl_dt9cy9s4.mlw", line 2637, characters 15-110:
Sub-goal postcondition of goal module6_whymltranspiler___wrap_unannotated_call_with_strict_assert'vc.
Prover result is: Valid (0.01s, 11727 steps).

File "/home/fabrice/git/pycsl/scratchpad/w7/tmp/.pycsl_dt9cy9s4.mlw", line 2638, characters 15-118:
Sub-goal postcondition of goal module6_whymltranspiler___wrap_unannotated_call_with_strict_assert'vc.
Prover result is: Valid (0.01s, 11728 steps).

File "/home/fabrice/git/pycsl/scratchpad/w7/tmp/.pycsl_dt9cy9s4.mlw", line 2639, characters 15-110:
Sub-goal postcondition of goal module6_whymltranspiler___wrap_unannotated_call_with_strict_assert'vc.
Prover result is: Valid (0.01s, 11729 steps).

File "/home/fabrice/git/pycsl/scratchpad/w7/tmp/.pycsl_dt9cy9s4.mlw", line 2640, characters 15-108:
Sub-goal postcondition of goal module6_whymltranspiler___wrap_unannotated_call_with_strict_assert'vc.
Prover result is: Valid (0.01s, 11730 steps).

File "/home/fabrice/git/pycsl/scratchpad/w7/tmp/.pycsl_dt9cy9s4.mlw", line 2641, characters 15-84:
Sub-goal postcondition of goal module6_whymltranspiler___wrap_unannotated_call_with_strict_assert'vc.
Prover result is: Valid (0.01s, 11731 steps).

File "/home/fabrice/git/pycsl/scratchpad/w7/tmp/.pycsl_dt9cy9s4.mlw", line 2642, characters 15-84:
Sub-goal postcondition of goal module6_whymltranspiler___wrap_unannotated_call_with_strict_assert'vc.
Prover result is: Valid (0.01s, 11732 steps).

File "/home/fabrice/git/pycsl/scratchpad/w7/tmp/.pycsl_dt9cy9s4.mlw", line 2643, characters 15-94:
Sub-goal postcondition of goal module6_whymltranspiler___wrap_unannotated_call_with_strict_assert'vc.
Prover result is: Valid (0.01s, 11733 steps).

File "/home/fabrice/git/pycsl/scratchpad/w7/tmp/.pycsl_dt9cy9s4.mlw", line 2546, characters 15-19:
Sub-goal postcondition of goal module6_whymltranspiler___wrap_unannotated_call_with_strict_assert'vc.
Prover result is: Valid (0.01s, 11688 steps).

File "/home/fabrice/git/pycsl/scratchpad/w7/tmp/.pycsl_dt9cy9s4.mlw", line 2547, characters 15-86:
Sub-goal postcondition of goal module6_whymltranspiler___wrap_unannotated_call_with_strict_assert'vc.
Prover result is: Valid (0.01s, 11689 steps).

File "/home/fabrice/git/pycsl/scratchpad/w7/tmp/.pycsl_dt9cy9s4.mlw", line 2548, characters 15-82:
Sub-goal postcondition of goal module6_whymltranspiler___wrap_unannotated_call_with_strict_assert'vc.
Prover result is: Valid (0.01s, 11690 steps).

File "/home/fabrice/git/pycsl/scratchpad/w7/tmp/.pycsl_dt9cy9s4.mlw", line 2549, characters 15-72:
Sub-goal postcondition of goal module6_whymltranspiler___wrap_unannotated_call_with_strict_assert'vc.
Prover result is: Valid (0.01s, 11691 steps).

File "/home/fabrice/git/pycsl/scratchpad/w7/tmp/.pycsl_dt9cy9s4.mlw", line 2550, characters 15-86:
Sub-goal postcondition of goal module6_whymltranspiler___wrap_unannotated_call_with_strict_assert'vc.
Prover result is: Valid (0.01s, 11692 steps).

File "/home/fabrice/git/pycsl/scratchpad/w7/tmp/.pycsl_dt9cy9s4.mlw", line 2551, characters 15-72:
Sub-goal postcondition of goal module6_whymltranspiler___wrap_unannotated_call_with_strict_assert'vc.
Prover result is: Valid (0.01s, 11693 steps).

File "/home/fabrice/git/pycsl/scratchpad/w7/tmp/.pycsl_dt9cy9s4.mlw", line 2552, characters 15-76:
Sub-goal postcondition of goal module6_whymltranspiler___wrap_unannotated_call_with_strict_assert'vc.
Prover result is: Valid (0.01s, 11694 steps).

File "/home/fabrice/git/pycsl/scratchpad/w7/tmp/.pycsl_dt9cy9s4.mlw", line 2553, characters 15-58:
Sub-goal postcondition of goal module6_whymltranspiler___wrap_unannotated_call_with_strict_assert'vc.
Prover result is: Valid (0.01s, 11695 steps).

File "/home/fabrice/git/pycsl/scratchpad/w7/tmp/.pycsl_dt9cy9s4.mlw", line 2554, characters 15-74:
Sub-goal postcondition of goal module6_whymltranspiler___wrap_unannotated_call_with_strict_assert'vc.
Prover result is: Valid (0.01s, 11696 steps).

File "/home/fabrice/git/pycsl/scratchpad/w7/tmp/.pycsl_dt9cy9s4.mlw", line 2555, characters 15-80:
Sub-goal postcondition of goal module6_whymltranspiler___wrap_unannotated_call_with_strict_assert'vc.
Prover result is: Valid (0.01s, 11697 steps).

File "/home/fabrice/git/pycsl/scratchpad/w7/tmp/.pycsl_dt9cy9s4.mlw", line 2556, characters 15-68:
Sub-goal postcondition of goal module6_whymltranspiler___wrap_unannotated_call_with_strict_assert'vc.
Prover result is: Valid (0.01s, 11698 steps).

File "/home/fabrice/git/pycsl/scratchpad/w7/tmp/.pycsl_dt9cy9s4.mlw", line 2557, characters 15-82:
Sub-goal postcondition of goal module6_whymltranspiler___wrap_unannotated_call_with_strict_assert'vc.
Prover result is: Valid (0.01s, 11699 steps).

File "/home/fabrice/git/pycsl/scratchpad/w7/tmp/.pycsl_dt9cy9s4.mlw", line 2558, characters 15-90:
Sub-goal postcondition of goal module6_whymltranspiler___wrap_unannotated_call_with_strict_assert'vc.
Prover result is: Valid (0.01s, 11700 steps).

File "/home/fabrice/git/pycsl/scratchpad/w7/tmp/.pycsl_dt9cy9s4.mlw", line 2559, characters 15-80:
Sub-goal postcondition of goal module6_whymltranspiler___wrap_unannotated_call_with_strict_assert'vc.
Prover result is: Valid (0.01s, 11701 steps).

File "/home/fabrice/git/pycsl/scratchpad/w7/tmp/.pycsl_dt9cy9s4.mlw", line 2560, characters 15-70:
Sub-goal postcondition of goal module6_whymltranspiler___wrap_unannotated_call_with_strict_assert'vc.
Prover result is: Valid (0.01s, 11702 steps).

File "/home/fabrice/git/pycsl/scratchpad/w7/tmp/.pycsl_dt9cy9s4.mlw", line 2561, characters 15-96:
Sub-goal postcondition of goal module6_whymltranspiler___wrap_unannotated_call_with_strict_assert'vc.
Prover result is: Valid (0.01s, 11703 steps).

File "/home/fabrice/git/pycsl/scratchpad/w7/tmp/.pycsl_dt9cy9s4.mlw", line 2562, characters 15-112:
Sub-goal postcondition of goal module6_whymltranspiler___wrap_unannotated_call_with_strict_assert'vc.
Prover result is: Valid (0.01s, 11704 steps).

File "/home/fabrice/git/pycsl/scratchpad/w7/tmp/.pycsl_dt9cy9s4.mlw", line 2563, characters 15-110:
Sub-goal postcondition of goal module6_whymltranspiler___wrap_unannotated_call_with_strict_assert'vc.
Prover result is: Valid (0.01s, 11705 steps).

File "/home/fabrice/git/pycsl/scratchpad/w7/tmp/.pycsl_dt9cy9s4.mlw", line 2564, characters 15-114:
Sub-goal postcondition of goal module6_whymltranspiler___wrap_unannotated_call_with_strict_assert'vc.
Prover result is: Valid (0.01s, 11706 steps).

File "/home/fabrice/git/pycsl/scratchpad/w7/tmp/.pycsl_dt9cy9s4.mlw", line 2565, characters 15-102:
Sub-goal postcondition of goal module6_whymltranspiler___wrap_unannotated_call_with_strict_assert'vc.
Prover result is: Valid (0.01s, 11707 steps).

File "/home/fabrice/git/pycsl/scratchpad/w7/tmp/.pycsl_dt9cy9s4.mlw", line 2566, characters 15-88:
Sub-goal postcondition of goal module6_whymltranspiler___wrap_unannotated_call_with_strict_assert'vc.
Prover result is: Valid (0.01s, 11708 steps).

File "/home/fabrice/git/pycsl/scratchpad/w7/tmp/.pycsl_dt9cy9s4.mlw", line 2567, characters 15-90:
Sub-goal postcondition of goal module6_whymltranspiler___wrap_unannotated_call_with_strict_assert'vc.
Prover result is: Valid (0.01s, 11709 steps).

File "/home/fabrice/git/pycsl/scratchpad/w7/tmp/.pycsl_dt9cy9s4.mlw", line 2568, characters 15-102:
Sub-goal postcondition of goal module6_whymltranspiler___wrap_unannotated_call_with_strict_assert'vc.
Prover result is: Valid (0.01s, 11710 steps).

File "/home/fabrice/git/pycsl/scratchpad/w7/tmp/.pycsl_dt9cy9s4.mlw", line 2569, characters 15-84:
Sub-goal postcondition of goal module6_whymltranspiler___wrap_unannotated_call_with_strict_assert'vc.
Prover result is: Valid (0.01s, 11711 steps).

File "/home/fabrice/git/pycsl/scratchpad/w7/tmp/.pycsl_dt9cy9s4.mlw", line 2570, characters 15-96:
Sub-goal postcondition of goal module6_whymltranspiler___wrap_unannotated_call_with_strict_assert'vc.
Prover result is: Valid (0.01s, 11712 steps).

File "/home/fabrice/git/pycsl/scratchpad/w7/tmp/.pycsl_dt9cy9s4.mlw", line 2571, characters 15-90:
Sub-goal postcondition of goal module6_whymltranspiler___wrap_unannotated_call_with_strict_assert'vc.
Prover result is: Valid (0.01s, 11713 steps).

File "/home/fabrice/git/pycsl/scratchpad/w7/tmp/.pycsl_dt9cy9s4.mlw", line 2572, characters 15-98:
Sub-goal postcondition of goal module6_whymltranspiler___wrap_unannotated_call_with_strict_assert'vc.
Prover result is: Valid (0.01s, 11714 steps).

File "/home/fabrice/git/pycsl/scratchpad/w7/tmp/.pycsl_dt9cy9s4.mlw", line 2573, characters 15-74:
Sub-goal postcondition of goal module6_whymltranspiler___wrap_unannotated_call_with_strict_assert'vc.
Prover result is: Valid (0.01s, 11715 steps).

File "/home/fabrice/git/pycsl/scratchpad/w7/tmp/.pycsl_dt9cy9s4.mlw", line 2574, characters 15-84:
Sub-goal postcondition of goal module6_whymltranspiler___wrap_unannotated_call_with_strict_assert'vc.
Prover result is: Valid (0.01s, 11716 steps).

File "/home/fabrice/git/pycsl/scratchpad/w7/tmp/.pycsl_dt9cy9s4.mlw", line 2575, characters 15-56:
Sub-goal postcondition of goal module6_whymltranspiler___wrap_unannotated_call_with_strict_assert'vc.
Prover result is: Valid (0.01s, 11717 steps).

File "/home/fabrice/git/pycsl/scratchpad/w7/tmp/.pycsl_dt9cy9s4.mlw", line 2576, characters 15-108:
Sub-goal postcondition of goal module6_whymltranspiler___wrap_unannotated_call_with_strict_assert'vc.
Prover result is: Valid (0.01s, 11718 steps).

File "/home/fabrice/git/pycsl/scratchpad/w7/tmp/.pycsl_dt9cy9s4.mlw", line 2577, characters 15-106:
Sub-goal postcondition of goal module6_whymltranspiler___wrap_unannotated_call_with_strict_assert'vc.
Prover result is: Valid (0.01s, 11719 steps).

File "/home/fabrice/git/pycsl/scratchpad/w7/tmp/.pycsl_dt9cy9s4.mlw", line 2578, characters 15-116:
Sub-goal postcondition of goal module6_whymltranspiler___wrap_unannotated_call_with_strict_assert'vc.
Prover result is: Valid (0.01s, 11720 steps).

File "/home/fabrice/git/pycsl/scratchpad/w7/tmp/.pycsl_dt9cy9s4.mlw", line 2579, characters 15-114:
Sub-goal postcondition of goal module6_whymltranspiler___wrap_unannotated_call_with_strict_assert'vc.
Prover result is: Valid (0.01s, 11721 steps).

File "/home/fabrice/git/pycsl/scratchpad/w7/tmp/.pycsl_dt9cy9s4.mlw", line 2580, characters 15-110:
Sub-goal postcondition of goal module6_whymltranspiler___wrap_unannotated_call_with_strict_assert'vc.
Prover result is: Valid (0.01s, 11722 steps).

File "/home/fabrice/git/pycsl/scratchpad/w7/tmp/.pycsl_dt9cy9s4.mlw", line 2581, characters 15-114:
Sub-goal postcondition of goal module6_whymltranspiler___wrap_unannotated_call_with_strict_assert'vc.
Prover result is: Valid (0.00s, 11723 steps).

File "/home/fabrice/git/pycsl/scratchpad/w7/tmp/.pycsl_dt9cy9s4.mlw", line 2582, characters 15-106:
Sub-goal postcondition of goal module6_whymltranspiler___wrap_unannotated_call_with_strict_assert'vc.
Prover result is: Valid (0.01s, 11724 steps).

File "/home/fabrice/git/pycsl/scratchpad/w7/tmp/.pycsl_dt9cy9s4.mlw", line 2583, characters 15-104:
Sub-goal postcondition of goal module6_whymltranspiler___wrap_unannotated_call_with_strict_assert'vc.
Prover result is: Valid (0.01s, 11725 steps).

File "/home/fabrice/git/pycsl/scratchpad/w7/tmp/.pycsl_dt9cy9s4.mlw", line 2584, characters 15-112:
Sub-goal postcondition of goal module6_whymltranspiler___wrap_unannotated_call_with_strict_assert'vc.
Prover result is: Valid (0.01s, 11726 steps).

File "/home/fabrice/git/pycsl/scratchpad/w7/tmp/.pycsl_dt9cy9s4.mlw", line 2585, characters 15-106:
Sub-goal postcondition of goal module6_whymltranspiler___wrap_unannotated_call_with_strict_assert'vc.
Prover result is: Valid (0.01s, 11727 steps).

File "/home/fabrice/git/pycsl/scratchpad/w7/tmp/.pycsl_dt9cy9s4.mlw", line 2586, characters 15-126:
Sub-goal postcondition of goal module6_whymltranspiler___wrap_unannotated_call_with_strict_assert'vc.
Prover result is: Valid (0.01s, 11728 steps).

File "/home/fabrice/git/pycsl/scratchpad/w7/tmp/.pycsl_dt9cy9s4.mlw", line 2587, characters 15-126:
Sub-goal postcondition of goal module6_whymltranspiler___wrap_unannotated_call_with_strict_assert'vc.
Prover result is: Valid (0.01s, 11729 steps).

File "/home/fabrice/git/pycsl/scratchpad/w7/tmp/.pycsl_dt9cy9s4.mlw", line 2588, characters 15-110:
Sub-goal postcondition of goal module6_whymltranspiler___wrap_unannotated_call_with_strict_assert'vc.
Prover result is: Valid (0.01s, 11730 steps).

File "/home/fabrice/git/pycsl/scratchpad/w7/tmp/.pycsl_dt9cy9s4.mlw", line 2589, characters 15-134:
Sub-goal postcondition of goal module6_whymltranspiler___wrap_unannotated_call_with_strict_assert'vc.
Prover result is: Valid (0.01s, 11731 steps).

File "/home/fabrice/git/pycsl/scratchpad/w7/tmp/.pycsl_dt9cy9s4.mlw", line 2590, characters 15-116:
Sub-goal postcondition of goal module6_whymltranspiler___wrap_unannotated_call_with_strict_assert'vc.
Prover result is: Valid (0.01s, 11732 steps).

File "/home/fabrice/git/pycsl/scratchpad/w7/tmp/.pycsl_dt9cy9s4.mlw", line 2591, characters 15-122:
Sub-goal postcondition of goal module6_whymltranspiler___wrap_unannotated_call_with_strict_assert'vc.
Prover result is: Valid (0.01s, 11733 steps).

File "/home/fabrice/git/pycsl/scratchpad/w7/tmp/.pycsl_dt9cy9s4.mlw", line 2592, characters 15-114:
Sub-goal postcondition of goal module6_whymltranspiler___wrap_unannotated_call_with_strict_assert'vc.
Prover result is: Valid (0.02s, 11734 steps).

File "/home/fabrice/git/pycsl/scratchpad/w7/tmp/.pycsl_dt9cy9s4.mlw", line 2593, characters 15-110:
Sub-goal postcondition of goal module6_whymltranspiler___wrap_unannotated_call_with_strict_assert'vc.
Prover result is: Valid (0.02s, 11735 steps).

File "/home/fabrice/git/pycsl/scratchpad/w7/tmp/.pycsl_dt9cy9s4.mlw", line 2594, characters 15-104:
Sub-goal postcondition of goal module6_whymltranspiler___wrap_unannotated_call_with_strict_assert'vc.
Prover result is: Valid (0.02s, 11736 steps).

File "/home/fabrice/git/pycsl/scratchpad/w7/tmp/.pycsl_dt9cy9s4.mlw", line 2595, characters 15-114:
Sub-goal postcondition of goal module6_whymltranspiler___wrap_unannotated_call_with_strict_assert'vc.
Prover result is: Valid (0.01s, 11737 steps).

File "/home/fabrice/git/pycsl/scratchpad/w7/tmp/.pycsl_dt9cy9s4.mlw", line 2596, characters 15-118:
Sub-goal postcondition of goal module6_whymltranspiler___wrap_unannotated_call_with_strict_assert'vc.
Prover result is: Valid (0.01s, 11738 steps).

File "/home/fabrice/git/pycsl/scratchpad/w7/tmp/.pycsl_dt9cy9s4.mlw", line 2597, characters 15-112:
Sub-goal postcondition of goal module6_whymltranspiler___wrap_unannotated_call_with_strict_assert'vc.
Prover result is: Valid (0.01s, 11739 steps).

File "/home/fabrice/git/pycsl/scratchpad/w7/tmp/.pycsl_dt9cy9s4.mlw", line 2598, characters 15-114:
Sub-goal postcondition of goal module6_whymltranspiler___wrap_unannotated_call_with_strict_assert'vc.
Prover result is: Valid (0.01s, 11740 steps).

File "/home/fabrice/git/pycsl/scratchpad/w7/tmp/.pycsl_dt9cy9s4.mlw", line 2599, characters 15-132:
Sub-goal postcondition of goal module6_whymltranspiler___wrap_unannotated_call_with_strict_assert'vc.
Prover result is: Valid (0.01s, 11741 steps).

File "/home/fabrice/git/pycsl/scratchpad/w7/tmp/.pycsl_dt9cy9s4.mlw", line 2600, characters 15-114:
Sub-goal postcondition of goal module6_whymltranspiler___wrap_unannotated_call_with_strict_assert'vc.
Prover result is: Valid (0.01s, 11742 steps).

File "/home/fabrice/git/pycsl/scratchpad/w7/tmp/.pycsl_dt9cy9s4.mlw", line 2601, characters 15-112:
Sub-goal postcondition of goal module6_whymltranspiler___wrap_unannotated_call_with_strict_assert'vc.
Prover result is: Valid (0.01s, 11743 steps).

File "/home/fabrice/git/pycsl/scratchpad/w7/tmp/.pycsl_dt9cy9s4.mlw", line 2602, characters 15-112:
Sub-goal postcondition of goal module6_whymltranspiler___wrap_unannotated_call_with_strict_assert'vc.
Prover result is: Valid (0.01s, 11744 steps).

File "/home/fabrice/git/pycsl/scratchpad/w7/tmp/.pycsl_dt9cy9s4.mlw", line 2603, characters 15-110:
Sub-goal postcondition of goal module6_whymltranspiler___wrap_unannotated_call_with_strict_assert'vc.
Prover result is: Valid (0.01s, 11745 steps).

File "/home/fabrice/git/pycsl/scratchpad/w7/tmp/.pycsl_dt9cy9s4.mlw", line 2604, characters 15-116:
Sub-goal postcondition of goal module6_whymltranspiler___wrap_unannotated_call_with_strict_assert'vc.
Prover result is: Valid (0.01s, 11746 steps).

File "/home/fabrice/git/pycsl/scratchpad/w7/tmp/.pycsl_dt9cy9s4.mlw", line 2605, characters 15-114:
Sub-goal postcondition of goal module6_whymltranspiler___wrap_unannotated_call_with_strict_assert'vc.
Prover result is: Valid (0.01s, 11747 steps).

File "/home/fabrice/git/pycsl/scratchpad/w7/tmp/.pycsl_dt9cy9s4.mlw", line 2606, characters 15-108:
Sub-goal postcondition of goal module6_whymltranspiler___wrap_unannotated_call_with_strict_assert'vc.
Prover result is: Valid (0.01s, 11748 steps).

File "/home/fabrice/git/pycsl/scratchpad/w7/tmp/.pycsl_dt9cy9s4.mlw", line 2607, characters 15-108:
Sub-goal postcondition of goal module6_whymltranspiler___wrap_unannotated_call_with_strict_assert'vc.
Prover result is: Valid (0.02s, 11749 steps).

File "/home/fabrice/git/pycsl/scratchpad/w7/tmp/.pycsl_dt9cy9s4.mlw", line 2608, characters 15-98:
Sub-goal postcondition of goal module6_whymltranspiler___wrap_unannotated_call_with_strict_assert'vc.
Prover result is: Valid (0.01s, 11750 steps).

File "/home/fabrice/git/pycsl/scratchpad/w7/tmp/.pycsl_dt9cy9s4.mlw", line 2609, characters 15-96:
Sub-goal postcondition of goal module6_whymltranspiler___wrap_unannotated_call_with_strict_assert'vc.
Prover result is: Valid (0.01s, 11751 steps).

File "/home/fabrice/git/pycsl/scratchpad/w7/tmp/.pycsl_dt9cy9s4.mlw", line 2610, characters 15-118:
Sub-goal postcondition of goal module6_whymltranspiler___wrap_unannotated_call_with_strict_assert'vc.
Prover result is: Valid (0.01s, 11752 steps).

File "/home/fabrice/git/pycsl/scratchpad/w7/tmp/.pycsl_dt9cy9s4.mlw", line 2611, characters 15-126:
Sub-goal postcondition of goal module6_whymltranspiler___wrap_unannotated_call_with_strict_assert'vc.
Prover result is: Valid (0.01s, 11753 steps).

File "/home/fabrice/git/pycsl/scratchpad/w7/tmp/.pycsl_dt9cy9s4.mlw", line 2612, characters 15-108:
Sub-goal postcondition of goal module6_whymltranspiler___wrap_unannotated_call_with_strict_assert'vc.
Prover result is: Valid (0.01s, 11754 steps).

File "/home/fabrice/git/pycsl/scratchpad/w7/tmp/.pycsl_dt9cy9s4.mlw", line 2613, characters 15-132:
Sub-goal postcondition of goal module6_whymltranspiler___wrap_unannotated_call_with_strict_assert'vc.
Prover result is: Valid (0.01s, 11755 steps).

File "/home/fabrice/git/pycsl/scratchpad/w7/tmp/.pycsl_dt9cy9s4.mlw", line 2614, characters 15-114:
Sub-goal postcondition of goal module6_whymltranspiler___wrap_unannotated_call_with_strict_assert'vc.
Prover result is: Valid (0.01s, 11756 steps).

File "/home/fabrice/git/pycsl/scratchpad/w7/tmp/.pycsl_dt9cy9s4.mlw", line 2615, characters 15-124:
Sub-goal postcondition of goal module6_whymltranspiler___wrap_unannotated_call_with_strict_assert'vc.
Prover result is: Valid (0.01s, 11757 steps).

File "/home/fabrice/git/pycsl/scratchpad/w7/tmp/.pycsl_dt9cy9s4.mlw", line 2616, characters 15-134:
Sub-goal postcondition of goal module6_whymltranspiler___wrap_unannotated_call_with_strict_assert'vc.
Prover result is: Valid (0.01s, 11758 steps).

File "/home/fabrice/git/pycsl/scratchpad/w7/tmp/.pycsl_dt9cy9s4.mlw", line 2617, characters 15-124:
Sub-goal postcondition of goal module6_whymltranspiler___wrap_unannotated_call_with_strict_assert'vc.
Prover result is: Valid (0.01s, 11759 steps).

File "/home/fabrice/git/pycsl/scratchpad/w7/tmp/.pycsl_dt9cy9s4.mlw", line 2618, characters 15-132:
Sub-goal postcondition of goal module6_whymltranspiler___wrap_unannotated_call_with_strict_assert'vc.
Prover result is: Valid (0.01s, 11760 steps).

File "/home/fabrice/git/pycsl/scratchpad/w7/tmp/.pycsl_dt9cy9s4.mlw", line 2619, characters 15-122:
Sub-goal postcondition of goal module6_whymltranspiler___wrap_unannotated_call_with_strict_assert'vc.
Prover result is: Valid (0.01s, 11761 steps).

File "/home/fabrice/git/pycsl/scratchpad/w7/tmp/.pycsl_dt9cy9s4.mlw", line 2620, characters 15-122:
Sub-goal postcondition of goal module6_whymltranspiler___wrap_unannotated_call_with_strict_assert'vc.
Prover result is: Valid (0.01s, 11762 steps).

File "/home/fabrice/git/pycsl/scratchpad/w7/tmp/.pycsl_dt9cy9s4.mlw", line 2621, characters 15-120:
Sub-goal postcondition of goal module6_whymltranspiler___wrap_unannotated_call_with_strict_assert'vc.
Prover result is: Valid (0.01s, 11763 steps).

File "/home/fabrice/git/pycsl/scratchpad/w7/tmp/.pycsl_dt9cy9s4.mlw", line 2622, characters 15-120:
Sub-goal postcondition of goal module6_whymltranspiler___wrap_unannotated_call_with_strict_assert'vc.
Prover result is: Valid (0.01s, 11764 steps).

File "/home/fabrice/git/pycsl/scratchpad/w7/tmp/.pycsl_dt9cy9s4.mlw", line 2623, characters 15-130:
Sub-goal postcondition of goal module6_whymltranspiler___wrap_unannotated_call_with_strict_assert'vc.
Prover result is: Valid (0.01s, 11765 steps).

File "/home/fabrice/git/pycsl/scratchpad/w7/tmp/.pycsl_dt9cy9s4.mlw", line 2624, characters 15-108:
Sub-goal postcondition of goal module6_whymltranspiler___wrap_unannotated_call_with_strict_assert'vc.
Prover result is: Valid (0.01s, 11766 steps).

File "/home/fabrice/git/pycsl/scratchpad/w7/tmp/.pycsl_dt9cy9s4.mlw", line 2625, characters 15-122:
Sub-goal postcondition of goal module6_whymltranspiler___wrap_unannotated_call_with_strict_assert'vc.
Prover result is: Valid (0.01s, 11767 steps).

File "/home/fabrice/git/pycsl/scratchpad/w7/tmp/.pycsl_dt9cy9s4.mlw", line 2626, characters 15-106:
Sub-goal postcondition of goal module6_whymltranspiler___wrap_unannotated_call_with_strict_assert'vc.
Prover result is: Valid (0.01s, 11768 steps).

File "/home/fabrice/git/pycsl/scratchpad/w7/tmp/.pycsl_dt9cy9s4.mlw", line 2627, characters 15-106:
Sub-goal postcondition of goal module6_whymltranspiler___wrap_unannotated_call_with_strict_assert'vc.
Prover result is: Valid (0.01s, 11769 steps).

File "/home/fabrice/git/pycsl/scratchpad/w7/tmp/.pycsl_dt9cy9s4.mlw", line 2628, characters 15-100:
Sub-goal postcondition of goal module6_whymltranspiler___wrap_unannotated_call_with_strict_assert'vc.
Prover result is: Valid (0.01s, 11770 steps).

File "/home/fabrice/git/pycsl/scratchpad/w7/tmp/.pycsl_dt9cy9s4.mlw", line 2629, characters 15-110:
Sub-goal postcondition of goal module6_whymltranspiler___wrap_unannotated_call_with_strict_assert'vc.
Prover result is: Valid (0.01s, 11771 steps).

File "/home/fabrice/git/pycsl/scratchpad/w7/tmp/.pycsl_dt9cy9s4.mlw", line 2630, characters 15-102:
Sub-goal postcondition of goal module6_whymltranspiler___wrap_unannotated_call_with_strict_assert'vc.
Prover result is: Valid (0.01s, 11772 steps).

File "/home/fabrice/git/pycsl/scratchpad/w7/tmp/.pycsl_dt9cy9s4.mlw", line 2631, characters 15-106:
Sub-goal postcondition of goal module6_whymltranspiler___wrap_unannotated_call_with_strict_assert'vc.
Prover result is: Valid (0.01s, 11773 steps).

File "/home/fabrice/git/pycsl/scratchpad/w7/tmp/.pycsl_dt9cy9s4.mlw", line 2632, characters 15-102:
Sub-goal postcondition of goal module6_whymltranspiler___wrap_unannotated_call_with_strict_assert'vc.
Prover result is: Valid (0.01s, 11774 steps).

File "/home/fabrice/git/pycsl/scratchpad/w7/tmp/.pycsl_dt9cy9s4.mlw", line 2633, characters 15-112:
Sub-goal postcondition of goal module6_whymltranspiler___wrap_unannotated_call_with_strict_assert'vc.
Prover result is: Valid (0.01s, 11775 steps).

File "/home/fabrice/git/pycsl/scratchpad/w7/tmp/.pycsl_dt9cy9s4.mlw", line 2634, characters 15-114:
Sub-goal postcondition of goal module6_whymltranspiler___wrap_unannotated_call_with_strict_assert'vc.
Prover result is: Valid (0.01s, 11776 steps).

File "/home/fabrice/git/pycsl/scratchpad/w7/tmp/.pycsl_dt9cy9s4.mlw", line 2635, characters 15-124:
Sub-goal postcondition of goal module6_whymltranspiler___wrap_unannotated_call_with_strict_assert'vc.
Prover result is: Valid (0.01s, 11777 steps).

File "/home/fabrice/git/pycsl/scratchpad/w7/tmp/.pycsl_dt9cy9s4.mlw", line 2636, characters 15-116:
Sub-goal postcondition of goal module6_whymltranspiler___wrap_unannotated_call_with_strict_assert'vc.
Prover result is: Valid (0.01s, 11778 steps).

File "/home/fabrice/git/pycsl/scratchpad/w7/tmp/.pycsl_dt9cy9s4.mlw", line 2637, characters 15-110:
Sub-goal postcondition of goal module6_whymltranspiler___wrap_unannotated_call_with_strict_assert'vc.
Prover result is: Valid (0.01s, 11779 steps).

File "/home/fabrice/git/pycsl/scratchpad/w7/tmp/.pycsl_dt9cy9s4.mlw", line 2638, characters 15-118:
Sub-goal postcondition of goal module6_whymltranspiler___wrap_unannotated_call_with_strict_assert'vc.
Prover result is: Valid (0.01s, 11780 steps).

File "/home/fabrice/git/pycsl/scratchpad/w7/tmp/.pycsl_dt9cy9s4.mlw", line 2639, characters 15-110:
Sub-goal postcondition of goal module6_whymltranspiler___wrap_unannotated_call_with_strict_assert'vc.
Prover result is: Valid (0.01s, 11781 steps).

File "/home/fabrice/git/pycsl/scratchpad/w7/tmp/.pycsl_dt9cy9s4.mlw", line 2640, characters 15-108:
Sub-goal postcondition of goal module6_whymltranspiler___wrap_unannotated_call_with_strict_assert'vc.
Prover result is: Valid (0.01s, 11782 steps).

File "/home/fabrice/git/pycsl/scratchpad/w7/tmp/.pycsl_dt9cy9s4.mlw", line 2641, characters 15-84:
Sub-goal postcondition of goal module6_whymltranspiler___wrap_unannotated_call_with_strict_assert'vc.
Prover result is: Valid (0.01s, 11783 steps).

File "/home/fabrice/git/pycsl/scratchpad/w7/tmp/.pycsl_dt9cy9s4.mlw", line 2642, characters 15-84:
Sub-goal postcondition of goal module6_whymltranspiler___wrap_unannotated_call_with_strict_assert'vc.
Prover result is: Valid (0.01s, 11784 steps).

File "/home/fabrice/git/pycsl/scratchpad/w7/tmp/.pycsl_dt9cy9s4.mlw", line 2643, characters 15-94:
Sub-goal postcondition of goal module6_whymltranspiler___wrap_unannotated_call_with_strict_assert'vc.
Prover result is: Valid (0.01s, 11785 steps).

File "/home/fabrice/git/pycsl/scratchpad/w7/tmp/.pycsl_dt9cy9s4.mlw", line 2546, characters 15-19:
Sub-goal postcondition of goal module6_whymltranspiler___wrap_unannotated_call_with_strict_assert'vc.
Prover result is: Valid (0.01s, 11981 steps).

File "/home/fabrice/git/pycsl/scratchpad/w7/tmp/.pycsl_dt9cy9s4.mlw", line 2547, characters 15-86:
Sub-goal postcondition of goal module6_whymltranspiler___wrap_unannotated_call_with_strict_assert'vc.
Prover result is: Valid (0.01s, 11982 steps).

File "/home/fabrice/git/pycsl/scratchpad/w7/tmp/.pycsl_dt9cy9s4.mlw", line 2548, characters 15-82:
Sub-goal postcondition of goal module6_whymltranspiler___wrap_unannotated_call_with_strict_assert'vc.
Prover result is: Valid (0.01s, 11983 steps).

File "/home/fabrice/git/pycsl/scratchpad/w7/tmp/.pycsl_dt9cy9s4.mlw", line 2549, characters 15-72:
Sub-goal postcondition of goal module6_whymltranspiler___wrap_unannotated_call_with_strict_assert'vc.
Prover result is: Valid (0.01s, 11984 steps).

File "/home/fabrice/git/pycsl/scratchpad/w7/tmp/.pycsl_dt9cy9s4.mlw", line 2550, characters 15-86:
Sub-goal postcondition of goal module6_whymltranspiler___wrap_unannotated_call_with_strict_assert'vc.
Prover result is: Valid (0.01s, 11985 steps).

File "/home/fabrice/git/pycsl/scratchpad/w7/tmp/.pycsl_dt9cy9s4.mlw", line 2551, characters 15-72:
Sub-goal postcondition of goal module6_whymltranspiler___wrap_unannotated_call_with_strict_assert'vc.
Prover result is: Valid (0.01s, 11986 steps).

File "/home/fabrice/git/pycsl/scratchpad/w7/tmp/.pycsl_dt9cy9s4.mlw", line 2552, characters 15-76:
Sub-goal postcondition of goal module6_whymltranspiler___wrap_unannotated_call_with_strict_assert'vc.
Prover result is: Valid (0.01s, 11987 steps).

File "/home/fabrice/git/pycsl/scratchpad/w7/tmp/.pycsl_dt9cy9s4.mlw", line 2553, characters 15-58:
Sub-goal postcondition of goal module6_whymltranspiler___wrap_unannotated_call_with_strict_assert'vc.
Prover result is: Valid (0.01s, 11988 steps).

File "/home/fabrice/git/pycsl/scratchpad/w7/tmp/.pycsl_dt9cy9s4.mlw", line 2554, characters 15-74:
Sub-goal postcondition of goal module6_whymltranspiler___wrap_unannotated_call_with_strict_assert'vc.
Prover result is: Valid (0.01s, 11989 steps).

File "/home/fabrice/git/pycsl/scratchpad/w7/tmp/.pycsl_dt9cy9s4.mlw", line 2555, characters 15-80:
Sub-goal postcondition of goal module6_whymltranspiler___wrap_unannotated_call_with_strict_assert'vc.
Prover result is: Valid (0.01s, 11990 steps).

File "/home/fabrice/git/pycsl/scratchpad/w7/tmp/.pycsl_dt9cy9s4.mlw", line 2556, characters 15-68:
Sub-goal postcondition of goal module6_whymltranspiler___wrap_unannotated_call_with_strict_assert'vc.
Prover result is: Valid (0.01s, 11991 steps).

File "/home/fabrice/git/pycsl/scratchpad/w7/tmp/.pycsl_dt9cy9s4.mlw", line 2557, characters 15-82:
Sub-goal postcondition of goal module6_whymltranspiler___wrap_unannotated_call_with_strict_assert'vc.
Prover result is: Valid (0.01s, 11992 steps).

File "/home/fabrice/git/pycsl/scratchpad/w7/tmp/.pycsl_dt9cy9s4.mlw", line 2558, characters 15-90:
Sub-goal postcondition of goal module6_whymltranspiler___wrap_unannotated_call_with_strict_assert'vc.
Prover result is: Valid (0.01s, 11993 steps).

File "/home/fabrice/git/pycsl/scratchpad/w7/tmp/.pycsl_dt9cy9s4.mlw", line 2559, characters 15-80:
Sub-goal postcondition of goal module6_whymltranspiler___wrap_unannotated_call_with_strict_assert'vc.
Prover result is: Valid (0.01s, 11994 steps).

File "/home/fabrice/git/pycsl/scratchpad/w7/tmp/.pycsl_dt9cy9s4.mlw", line 2560, characters 15-70:
Sub-goal postcondition of goal module6_whymltranspiler___wrap_unannotated_call_with_strict_assert'vc.
Prover result is: Valid (0.01s, 11995 steps).

File "/home/fabrice/git/pycsl/scratchpad/w7/tmp/.pycsl_dt9cy9s4.mlw", line 2561, characters 15-96:
Sub-goal postcondition of goal module6_whymltranspiler___wrap_unannotated_call_with_strict_assert'vc.
Prover result is: Valid (0.01s, 11996 steps).

File "/home/fabrice/git/pycsl/scratchpad/w7/tmp/.pycsl_dt9cy9s4.mlw", line 2562, characters 15-112:
Sub-goal postcondition of goal module6_whymltranspiler___wrap_unannotated_call_with_strict_assert'vc.
Prover result is: Valid (0.01s, 11997 steps).

File "/home/fabrice/git/pycsl/scratchpad/w7/tmp/.pycsl_dt9cy9s4.mlw", line 2563, characters 15-110:
Sub-goal postcondition of goal module6_whymltranspiler___wrap_unannotated_call_with_strict_assert'vc.
Prover result is: Valid (0.01s, 11998 steps).

File "/home/fabrice/git/pycsl/scratchpad/w7/tmp/.pycsl_dt9cy9s4.mlw", line 2564, characters 15-114:
Sub-goal postcondition of goal module6_whymltranspiler___wrap_unannotated_call_with_strict_assert'vc.
Prover result is: Valid (0.01s, 11999 steps).

File "/home/fabrice/git/pycsl/scratchpad/w7/tmp/.pycsl_dt9cy9s4.mlw", line 2565, characters 15-102:
Sub-goal postcondition of goal module6_whymltranspiler___wrap_unannotated_call_with_strict_assert'vc.
Prover result is: Valid (0.01s, 12000 steps).

File "/home/fabrice/git/pycsl/scratchpad/w7/tmp/.pycsl_dt9cy9s4.mlw", line 2566, characters 15-88:
Sub-goal postcondition of goal module6_whymltranspiler___wrap_unannotated_call_with_strict_assert'vc.
Prover result is: Valid (0.01s, 12001 steps).

File "/home/fabrice/git/pycsl/scratchpad/w7/tmp/.pycsl_dt9cy9s4.mlw", line 2567, characters 15-90:
Sub-goal postcondition of goal module6_whymltranspiler___wrap_unannotated_call_with_strict_assert'vc.
Prover result is: Valid (0.01s, 12002 steps).

File "/home/fabrice/git/pycsl/scratchpad/w7/tmp/.pycsl_dt9cy9s4.mlw", line 2568, characters 15-102:
Sub-goal postcondition of goal module6_whymltranspiler___wrap_unannotated_call_with_strict_assert'vc.
Prover result is: Valid (0.01s, 12003 steps).

File "/home/fabrice/git/pycsl/scratchpad/w7/tmp/.pycsl_dt9cy9s4.mlw", line 2569, characters 15-84:
Sub-goal postcondition of goal module6_whymltranspiler___wrap_unannotated_call_with_strict_assert'vc.
Prover result is: Valid (0.01s, 12004 steps).

File "/home/fabrice/git/pycsl/scratchpad/w7/tmp/.pycsl_dt9cy9s4.mlw", line 2570, characters 15-96:
Sub-goal postcondition of goal module6_whymltranspiler___wrap_unannotated_call_with_strict_assert'vc.
Prover result is: Valid (0.01s, 12005 steps).

File "/home/fabrice/git/pycsl/scratchpad/w7/tmp/.pycsl_dt9cy9s4.mlw", line 2571, characters 15-90:
Sub-goal postcondition of goal module6_whymltranspiler___wrap_unannotated_call_with_strict_assert'vc.
Prover result is: Valid (0.01s, 12006 steps).

File "/home/fabrice/git/pycsl/scratchpad/w7/tmp/.pycsl_dt9cy9s4.mlw", line 2572, characters 15-98:
Sub-goal postcondition of goal module6_whymltranspiler___wrap_unannotated_call_with_strict_assert'vc.
Prover result is: Valid (0.01s, 12007 steps).

File "/home/fabrice/git/pycsl/scratchpad/w7/tmp/.pycsl_dt9cy9s4.mlw", line 2573, characters 15-74:
Sub-goal postcondition of goal module6_whymltranspiler___wrap_unannotated_call_with_strict_assert'vc.
Prover result is: Valid (0.01s, 12008 steps).

File "/home/fabrice/git/pycsl/scratchpad/w7/tmp/.pycsl_dt9cy9s4.mlw", line 2574, characters 15-84:
Sub-goal postcondition of goal module6_whymltranspiler___wrap_unannotated_call_with_strict_assert'vc.
Prover result is: Valid (0.01s, 12009 steps).

File "/home/fabrice/git/pycsl/scratchpad/w7/tmp/.pycsl_dt9cy9s4.mlw", line 2575, characters 15-56:
Sub-goal postcondition of goal module6_whymltranspiler___wrap_unannotated_call_with_strict_assert'vc.
Prover result is: Valid (0.01s, 12010 steps).

File "/home/fabrice/git/pycsl/scratchpad/w7/tmp/.pycsl_dt9cy9s4.mlw", line 2576, characters 15-108:
Sub-goal postcondition of goal module6_whymltranspiler___wrap_unannotated_call_with_strict_assert'vc.
Prover result is: Valid (0.01s, 12011 steps).

File "/home/fabrice/git/pycsl/scratchpad/w7/tmp/.pycsl_dt9cy9s4.mlw", line 2577, characters 15-106:
Sub-goal postcondition of goal module6_whymltranspiler___wrap_unannotated_call_with_strict_assert'vc.
Prover result is: Valid (0.01s, 12012 steps).

File "/home/fabrice/git/pycsl/scratchpad/w7/tmp/.pycsl_dt9cy9s4.mlw", line 2578, characters 15-116:
Sub-goal postcondition of goal module6_whymltranspiler___wrap_unannotated_call_with_strict_assert'vc.
Prover result is: Valid (0.01s, 12013 steps).

File "/home/fabrice/git/pycsl/scratchpad/w7/tmp/.pycsl_dt9cy9s4.mlw", line 2579, characters 15-114:
Sub-goal postcondition of goal module6_whymltranspiler___wrap_unannotated_call_with_strict_assert'vc.
Prover result is: Valid (0.01s, 12014 steps).

File "/home/fabrice/git/pycsl/scratchpad/w7/tmp/.pycsl_dt9cy9s4.mlw", line 2580, characters 15-110:
Sub-goal postcondition of goal module6_whymltranspiler___wrap_unannotated_call_with_strict_assert'vc.
Prover result is: Valid (0.01s, 12015 steps).

File "/home/fabrice/git/pycsl/scratchpad/w7/tmp/.pycsl_dt9cy9s4.mlw", line 2581, characters 15-114:
Sub-goal postcondition of goal module6_whymltranspiler___wrap_unannotated_call_with_strict_assert'vc.
Prover result is: Valid (0.01s, 12016 steps).

File "/home/fabrice/git/pycsl/scratchpad/w7/tmp/.pycsl_dt9cy9s4.mlw", line 2582, characters 15-106:
Sub-goal postcondition of goal module6_whymltranspiler___wrap_unannotated_call_with_strict_assert'vc.
Prover result is: Valid (0.01s, 12017 steps).

File "/home/fabrice/git/pycsl/scratchpad/w7/tmp/.pycsl_dt9cy9s4.mlw", line 2583, characters 15-104:
Sub-goal postcondition of goal module6_whymltranspiler___wrap_unannotated_call_with_strict_assert'vc.
Prover result is: Valid (0.01s, 12018 steps).

File "/home/fabrice/git/pycsl/scratchpad/w7/tmp/.pycsl_dt9cy9s4.mlw", line 2584, characters 15-112:
Sub-goal postcondition of goal module6_whymltranspiler___wrap_unannotated_call_with_strict_assert'vc.
Prover result is: Valid (0.01s, 12019 steps).

File "/home/fabrice/git/pycsl/scratchpad/w7/tmp/.pycsl_dt9cy9s4.mlw", line 2585, characters 15-106:
Sub-goal postcondition of goal module6_whymltranspiler___wrap_unannotated_call_with_strict_assert'vc.
Prover result is: Valid (0.01s, 12020 steps).

File "/home/fabrice/git/pycsl/scratchpad/w7/tmp/.pycsl_dt9cy9s4.mlw", line 2586, characters 15-126:
Sub-goal postcondition of goal module6_whymltranspiler___wrap_unannotated_call_with_strict_assert'vc.
Prover result is: Valid (0.01s, 12021 steps).

File "/home/fabrice/git/pycsl/scratchpad/w7/tmp/.pycsl_dt9cy9s4.mlw", line 2587, characters 15-126:
Sub-goal postcondition of goal module6_whymltranspiler___wrap_unannotated_call_with_strict_assert'vc.
Prover result is: Valid (0.01s, 12022 steps).

File "/home/fabrice/git/pycsl/scratchpad/w7/tmp/.pycsl_dt9cy9s4.mlw", line 2588, characters 15-110:
Sub-goal postcondition of goal module6_whymltranspiler___wrap_unannotated_call_with_strict_assert'vc.
Prover result is: Valid (0.01s, 12023 steps).

File "/home/fabrice/git/pycsl/scratchpad/w7/tmp/.pycsl_dt9cy9s4.mlw", line 2589, characters 15-134:
Sub-goal postcondition of goal module6_whymltranspiler___wrap_unannotated_call_with_strict_assert'vc.
Prover result is: Valid (0.01s, 12024 steps).

File "/home/fabrice/git/pycsl/scratchpad/w7/tmp/.pycsl_dt9cy9s4.mlw", line 2590, characters 15-116:
Sub-goal postcondition of goal module6_whymltranspiler___wrap_unannotated_call_with_strict_assert'vc.
Prover result is: Valid (0.01s, 12025 steps).

File "/home/fabrice/git/pycsl/scratchpad/w7/tmp/.pycsl_dt9cy9s4.mlw", line 2591, characters 15-122:
Sub-goal postcondition of goal module6_whymltranspiler___wrap_unannotated_call_with_strict_assert'vc.
Prover result is: Valid (0.01s, 12026 steps).

File "/home/fabrice/git/pycsl/scratchpad/w7/tmp/.pycsl_dt9cy9s4.mlw", line 2592, characters 15-114:
Sub-goal postcondition of goal module6_whymltranspiler___wrap_unannotated_call_with_strict_assert'vc.
Prover result is: Valid (0.01s, 12027 steps).

File "/home/fabrice/git/pycsl/scratchpad/w7/tmp/.pycsl_dt9cy9s4.mlw", line 2593, characters 15-110:
Sub-goal postcondition of goal module6_whymltranspiler___wrap_unannotated_call_with_strict_assert'vc.
Prover result is: Valid (0.01s, 12028 steps).

File "/home/fabrice/git/pycsl/scratchpad/w7/tmp/.pycsl_dt9cy9s4.mlw", line 2594, characters 15-104:
Sub-goal postcondition of goal module6_whymltranspiler___wrap_unannotated_call_with_strict_assert'vc.
Prover result is: Valid (0.01s, 12029 steps).

File "/home/fabrice/git/pycsl/scratchpad/w7/tmp/.pycsl_dt9cy9s4.mlw", line 2595, characters 15-114:
Sub-goal postcondition of goal module6_whymltranspiler___wrap_unannotated_call_with_strict_assert'vc.
Prover result is: Valid (0.01s, 12030 steps).

File "/home/fabrice/git/pycsl/scratchpad/w7/tmp/.pycsl_dt9cy9s4.mlw", line 2596, characters 15-118:
Sub-goal postcondition of goal module6_whymltranspiler___wrap_unannotated_call_with_strict_assert'vc.
Prover result is: Valid (0.01s, 12031 steps).

File "/home/fabrice/git/pycsl/scratchpad/w7/tmp/.pycsl_dt9cy9s4.mlw", line 2597, characters 15-112:
Sub-goal postcondition of goal module6_whymltranspiler___wrap_unannotated_call_with_strict_assert'vc.
Prover result is: Valid (0.01s, 12032 steps).

File "/home/fabrice/git/pycsl/scratchpad/w7/tmp/.pycsl_dt9cy9s4.mlw", line 2598, characters 15-114:
Sub-goal postcondition of goal module6_whymltranspiler___wrap_unannotated_call_with_strict_assert'vc.
Prover result is: Valid (0.01s, 12033 steps).

File "/home/fabrice/git/pycsl/scratchpad/w7/tmp/.pycsl_dt9cy9s4.mlw", line 2599, characters 15-132:
Sub-goal postcondition of goal module6_whymltranspiler___wrap_unannotated_call_with_strict_assert'vc.
Prover result is: Valid (0.01s, 12034 steps).

File "/home/fabrice/git/pycsl/scratchpad/w7/tmp/.pycsl_dt9cy9s4.mlw", line 2600, characters 15-114:
Sub-goal postcondition of goal module6_whymltranspiler___wrap_unannotated_call_with_strict_assert'vc.
Prover result is: Valid (0.01s, 12035 steps).

File "/home/fabrice/git/pycsl/scratchpad/w7/tmp/.pycsl_dt9cy9s4.mlw", line 2601, characters 15-112:
Sub-goal postcondition of goal module6_whymltranspiler___wrap_unannotated_call_with_strict_assert'vc.
Prover result is: Valid (0.01s, 12036 steps).

File "/home/fabrice/git/pycsl/scratchpad/w7/tmp/.pycsl_dt9cy9s4.mlw", line 2602, characters 15-112:
Sub-goal postcondition of goal module6_whymltranspiler___wrap_unannotated_call_with_strict_assert'vc.
Prover result is: Valid (0.01s, 12037 steps).

File "/home/fabrice/git/pycsl/scratchpad/w7/tmp/.pycsl_dt9cy9s4.mlw", line 2603, characters 15-110:
Sub-goal postcondition of goal module6_whymltranspiler___wrap_unannotated_call_with_strict_assert'vc.
Prover result is: Valid (0.01s, 12038 steps).

File "/home/fabrice/git/pycsl/scratchpad/w7/tmp/.pycsl_dt9cy9s4.mlw", line 2604, characters 15-116:
Sub-goal postcondition of goal module6_whymltranspiler___wrap_unannotated_call_with_strict_assert'vc.
Prover result is: Valid (0.02s, 12039 steps).

File "/home/fabrice/git/pycsl/scratchpad/w7/tmp/.pycsl_dt9cy9s4.mlw", line 2605, characters 15-114:
Sub-goal postcondition of goal module6_whymltranspiler___wrap_unannotated_call_with_strict_assert'vc.
Prover result is: Valid (0.01s, 12040 steps).

File "/home/fabrice/git/pycsl/scratchpad/w7/tmp/.pycsl_dt9cy9s4.mlw", line 2606, characters 15-108:
Sub-goal postcondition of goal module6_whymltranspiler___wrap_unannotated_call_with_strict_assert'vc.
Prover result is: Valid (0.01s, 12041 steps).

File "/home/fabrice/git/pycsl/scratchpad/w7/tmp/.pycsl_dt9cy9s4.mlw", line 2607, characters 15-108:
Sub-goal postcondition of goal module6_whymltranspiler___wrap_unannotated_call_with_strict_assert'vc.
Prover result is: Valid (0.01s, 12042 steps).

File "/home/fabrice/git/pycsl/scratchpad/w7/tmp/.pycsl_dt9cy9s4.mlw", line 2608, characters 15-98:
Sub-goal postcondition of goal module6_whymltranspiler___wrap_unannotated_call_with_strict_assert'vc.
Prover result is: Valid (0.02s, 12043 steps).

File "/home/fabrice/git/pycsl/scratchpad/w7/tmp/.pycsl_dt9cy9s4.mlw", line 2609, characters 15-96:
Sub-goal postcondition of goal module6_whymltranspiler___wrap_unannotated_call_with_strict_assert'vc.
Prover result is: Valid (0.01s, 12044 steps).

File "/home/fabrice/git/pycsl/scratchpad/w7/tmp/.pycsl_dt9cy9s4.mlw", line 2610, characters 15-118:
Sub-goal postcondition of goal module6_whymltranspiler___wrap_unannotated_call_with_strict_assert'vc.
Prover result is: Valid (0.01s, 12045 steps).

File "/home/fabrice/git/pycsl/scratchpad/w7/tmp/.pycsl_dt9cy9s4.mlw", line 2611, characters 15-126:
Sub-goal postcondition of goal module6_whymltranspiler___wrap_unannotated_call_with_strict_assert'vc.
Prover result is: Valid (0.01s, 12046 steps).

File "/home/fabrice/git/pycsl/scratchpad/w7/tmp/.pycsl_dt9cy9s4.mlw", line 2612, characters 15-108:
Sub-goal postcondition of goal module6_whymltranspiler___wrap_unannotated_call_with_strict_assert'vc.
Prover result is: Valid (0.01s, 12047 steps).

File "/home/fabrice/git/pycsl/scratchpad/w7/tmp/.pycsl_dt9cy9s4.mlw", line 2613, characters 15-132:
Sub-goal postcondition of goal module6_whymltranspiler___wrap_unannotated_call_with_strict_assert'vc.
Prover result is: Valid (0.01s, 12048 steps).

File "/home/fabrice/git/pycsl/scratchpad/w7/tmp/.pycsl_dt9cy9s4.mlw", line 2614, characters 15-114:
Sub-goal postcondition of goal module6_whymltranspiler___wrap_unannotated_call_with_strict_assert'vc.
Prover result is: Valid (0.01s, 12049 steps).

File "/home/fabrice/git/pycsl/scratchpad/w7/tmp/.pycsl_dt9cy9s4.mlw", line 2615, characters 15-124:
Sub-goal postcondition of goal module6_whymltranspiler___wrap_unannotated_call_with_strict_assert'vc.
Prover result is: Valid (0.02s, 12050 steps).

File "/home/fabrice/git/pycsl/scratchpad/w7/tmp/.pycsl_dt9cy9s4.mlw", line 2616, characters 15-134:
Sub-goal postcondition of goal module6_whymltranspiler___wrap_unannotated_call_with_strict_assert'vc.
Prover result is: Valid (0.01s, 12051 steps).

File "/home/fabrice/git/pycsl/scratchpad/w7/tmp/.pycsl_dt9cy9s4.mlw", line 2617, characters 15-124:
Sub-goal postcondition of goal module6_whymltranspiler___wrap_unannotated_call_with_strict_assert'vc.
Prover result is: Valid (0.01s, 12052 steps).

File "/home/fabrice/git/pycsl/scratchpad/w7/tmp/.pycsl_dt9cy9s4.mlw", line 2618, characters 15-132:
Sub-goal postcondition of goal module6_whymltranspiler___wrap_unannotated_call_with_strict_assert'vc.
Prover result is: Valid (0.01s, 12053 steps).

File "/home/fabrice/git/pycsl/scratchpad/w7/tmp/.pycsl_dt9cy9s4.mlw", line 2619, characters 15-122:
Sub-goal postcondition of goal module6_whymltranspiler___wrap_unannotated_call_with_strict_assert'vc.
Prover result is: Valid (0.01s, 12054 steps).

File "/home/fabrice/git/pycsl/scratchpad/w7/tmp/.pycsl_dt9cy9s4.mlw", line 2620, characters 15-122:
Sub-goal postcondition of goal module6_whymltranspiler___wrap_unannotated_call_with_strict_assert'vc.
Prover result is: Valid (0.01s, 12055 steps).

File "/home/fabrice/git/pycsl/scratchpad/w7/tmp/.pycsl_dt9cy9s4.mlw", line 2621, characters 15-120:
Sub-goal postcondition of goal module6_whymltranspiler___wrap_unannotated_call_with_strict_assert'vc.
Prover result is: Valid (0.01s, 12056 steps).

File "/home/fabrice/git/pycsl/scratchpad/w7/tmp/.pycsl_dt9cy9s4.mlw", line 2622, characters 15-120:
Sub-goal postcondition of goal module6_whymltranspiler___wrap_unannotated_call_with_strict_assert'vc.
Prover result is: Valid (0.02s, 12057 steps).

File "/home/fabrice/git/pycsl/scratchpad/w7/tmp/.pycsl_dt9cy9s4.mlw", line 2623, characters 15-130:
Sub-goal postcondition of goal module6_whymltranspiler___wrap_unannotated_call_with_strict_assert'vc.
Prover result is: Valid (0.01s, 12058 steps).

File "/home/fabrice/git/pycsl/scratchpad/w7/tmp/.pycsl_dt9cy9s4.mlw", line 2624, characters 15-108:
Sub-goal postcondition of goal module6_whymltranspiler___wrap_unannotated_call_with_strict_assert'vc.
Prover result is: Valid (0.02s, 12059 steps).

File "/home/fabrice/git/pycsl/scratchpad/w7/tmp/.pycsl_dt9cy9s4.mlw", line 2625, characters 15-122:
Sub-goal postcondition of goal module6_whymltranspiler___wrap_unannotated_call_with_strict_assert'vc.
Prover result is: Valid (0.01s, 12060 steps).

File "/home/fabrice/git/pycsl/scratchpad/w7/tmp/.pycsl_dt9cy9s4.mlw", line 2626, characters 15-106:
Sub-goal postcondition of goal module6_whymltranspiler___wrap_unannotated_call_with_strict_assert'vc.
Prover result is: Valid (0.01s, 12061 steps).

File "/home/fabrice/git/pycsl/scratchpad/w7/tmp/.pycsl_dt9cy9s4.mlw", line 2627, characters 15-106:
Sub-goal postcondition of goal module6_whymltranspiler___wrap_unannotated_call_with_strict_assert'vc.
Prover result is: Valid (0.01s, 12062 steps).

File "/home/fabrice/git/pycsl/scratchpad/w7/tmp/.pycsl_dt9cy9s4.mlw", line 2628, characters 15-100:
Sub-goal postcondition of goal module6_whymltranspiler___wrap_unannotated_call_with_strict_assert'vc.
Prover result is: Valid (0.01s, 12063 steps).

File "/home/fabrice/git/pycsl/scratchpad/w7/tmp/.pycsl_dt9cy9s4.mlw", line 2629, characters 15-110:
Sub-goal postcondition of goal module6_whymltranspiler___wrap_unannotated_call_with_strict_assert'vc.
Prover result is: Valid (0.01s, 12064 steps).

File "/home/fabrice/git/pycsl/scratchpad/w7/tmp/.pycsl_dt9cy9s4.mlw", line 2630, characters 15-102:
Sub-goal postcondition of goal module6_whymltranspiler___wrap_unannotated_call_with_strict_assert'vc.
Prover result is: Valid (0.01s, 12065 steps).

File "/home/fabrice/git/pycsl/scratchpad/w7/tmp/.pycsl_dt9cy9s4.mlw", line 2631, characters 15-106:
Sub-goal postcondition of goal module6_whymltranspiler___wrap_unannotated_call_with_strict_assert'vc.
Prover result is: Valid (0.01s, 12066 steps).

File "/home/fabrice/git/pycsl/scratchpad/w7/tmp/.pycsl_dt9cy9s4.mlw", line 2632, characters 15-102:
Sub-goal postcondition of goal module6_whymltranspiler___wrap_unannotated_call_with_strict_assert'vc.
Prover result is: Valid (0.01s, 12067 steps).

File "/home/fabrice/git/pycsl/scratchpad/w7/tmp/.pycsl_dt9cy9s4.mlw", line 2633, characters 15-112:
Sub-goal postcondition of goal module6_whymltranspiler___wrap_unannotated_call_with_strict_assert'vc.
Prover result is: Valid (0.01s, 12068 steps).

File "/home/fabrice/git/pycsl/scratchpad/w7/tmp/.pycsl_dt9cy9s4.mlw", line 2634, characters 15-114:
Sub-goal postcondition of goal module6_whymltranspiler___wrap_unannotated_call_with_strict_assert'vc.
Prover result is: Valid (0.01s, 12069 steps).

File "/home/fabrice/git/pycsl/scratchpad/w7/tmp/.pycsl_dt9cy9s4.mlw", line 2635, characters 15-124:
Sub-goal postcondition of goal module6_whymltranspiler___wrap_unannotated_call_with_strict_assert'vc.
Prover result is: Valid (0.01s, 12070 steps).

File "/home/fabrice/git/pycsl/scratchpad/w7/tmp/.pycsl_dt9cy9s4.mlw", line 2636, characters 15-116:
Sub-goal postcondition of goal module6_whymltranspiler___wrap_unannotated_call_with_strict_assert'vc.
Prover result is: Valid (0.01s, 12071 steps).

File "/home/fabrice/git/pycsl/scratchpad/w7/tmp/.pycsl_dt9cy9s4.mlw", line 2637, characters 15-110:
Sub-goal postcondition of goal module6_whymltranspiler___wrap_unannotated_call_with_strict_assert'vc.
Prover result is: Valid (0.01s, 12072 steps).

File "/home/fabrice/git/pycsl/scratchpad/w7/tmp/.pycsl_dt9cy9s4.mlw", line 2638, characters 15-118:
Sub-goal postcondition of goal module6_whymltranspiler___wrap_unannotated_call_with_strict_assert'vc.
Prover result is: Valid (0.01s, 12073 steps).

File "/home/fabrice/git/pycsl/scratchpad/w7/tmp/.pycsl_dt9cy9s4.mlw", line 2639, characters 15-110:
Sub-goal postcondition of goal module6_whymltranspiler___wrap_unannotated_call_with_strict_assert'vc.
Prover result is: Valid (0.01s, 12074 steps).

File "/home/fabrice/git/pycsl/scratchpad/w7/tmp/.pycsl_dt9cy9s4.mlw", line 2640, characters 15-108:
Sub-goal postcondition of goal module6_whymltranspiler___wrap_unannotated_call_with_strict_assert'vc.
Prover result is: Valid (0.01s, 12075 steps).

File "/home/fabrice/git/pycsl/scratchpad/w7/tmp/.pycsl_dt9cy9s4.mlw", line 2641, characters 15-84:
Sub-goal postcondition of goal module6_whymltranspiler___wrap_unannotated_call_with_strict_assert'vc.
Prover result is: Valid (0.01s, 12076 steps).

File "/home/fabrice/git/pycsl/scratchpad/w7/tmp/.pycsl_dt9cy9s4.mlw", line 2642, characters 15-84:
Sub-goal postcondition of goal module6_whymltranspiler___wrap_unannotated_call_with_strict_assert'vc.
Prover result is: Valid (0.01s, 12077 steps).

File "/home/fabrice/git/pycsl/scratchpad/w7/tmp/.pycsl_dt9cy9s4.mlw", line 2643, characters 15-94:
Sub-goal postcondition of goal module6_whymltranspiler___wrap_unannotated_call_with_strict_assert'vc.
Prover result is: Valid (0.01s, 12078 steps).

File "/home/fabrice/git/pycsl/scratchpad/w7/tmp/.pycsl_dt9cy9s4.mlw", line 2659, characters 15-19:
Sub-goal postcondition of goal module6_whymltranspiler___wrap_with_no_exception_assert'vc.
Prover result is: Valid (0.01s, 9115 steps).

File "/home/fabrice/git/pycsl/scratchpad/w7/tmp/.pycsl_dt9cy9s4.mlw", line 2660, characters 15-86:
Sub-goal postcondition of goal module6_whymltranspiler___wrap_with_no_exception_assert'vc.
Prover result is: Valid (0.01s, 9116 steps).

File "/home/fabrice/git/pycsl/scratchpad/w7/tmp/.pycsl_dt9cy9s4.mlw", line 2661, characters 15-82:
Sub-goal postcondition of goal module6_whymltranspiler___wrap_with_no_exception_assert'vc.
Prover result is: Valid (0.01s, 9117 steps).

File "/home/fabrice/git/pycsl/scratchpad/w7/tmp/.pycsl_dt9cy9s4.mlw", line 2662, characters 15-72:
Sub-goal postcondition of goal module6_whymltranspiler___wrap_with_no_exception_assert'vc.
Prover result is: Valid (0.01s, 9118 steps).

File "/home/fabrice/git/pycsl/scratchpad/w7/tmp/.pycsl_dt9cy9s4.mlw", line 2663, characters 15-86:
Sub-goal postcondition of goal module6_whymltranspiler___wrap_with_no_exception_assert'vc.
Prover result is: Valid (0.01s, 9119 steps).

File "/home/fabrice/git/pycsl/scratchpad/w7/tmp/.pycsl_dt9cy9s4.mlw", line 2664, characters 15-72:
Sub-goal postcondition of goal module6_whymltranspiler___wrap_with_no_exception_assert'vc.
Prover result is: Valid (0.01s, 9120 steps).

File "/home/fabrice/git/pycsl/scratchpad/w7/tmp/.pycsl_dt9cy9s4.mlw", line 2665, characters 15-76:
Sub-goal postcondition of goal module6_whymltranspiler___wrap_with_no_exception_assert'vc.
Prover result is: Valid (0.01s, 9121 steps).

File "/home/fabrice/git/pycsl/scratchpad/w7/tmp/.pycsl_dt9cy9s4.mlw", line 2666, characters 15-58:
Sub-goal postcondition of goal module6_whymltranspiler___wrap_with_no_exception_assert'vc.
Prover result is: Valid (0.01s, 9122 steps).

File "/home/fabrice/git/pycsl/scratchpad/w7/tmp/.pycsl_dt9cy9s4.mlw", line 2667, characters 15-74:
Sub-goal postcondition of goal module6_whymltranspiler___wrap_with_no_exception_assert'vc.
Prover result is: Valid (0.01s, 9123 steps).

File "/home/fabrice/git/pycsl/scratchpad/w7/tmp/.pycsl_dt9cy9s4.mlw", line 2668, characters 15-80:
Sub-goal postcondition of goal module6_whymltranspiler___wrap_with_no_exception_assert'vc.
Prover result is: Valid (0.01s, 9124 steps).

File "/home/fabrice/git/pycsl/scratchpad/w7/tmp/.pycsl_dt9cy9s4.mlw", line 2669, characters 15-68:
Sub-goal postcondition of goal module6_whymltranspiler___wrap_with_no_exception_assert'vc.
Prover result is: Valid (0.01s, 9125 steps).

File "/home/fabrice/git/pycsl/scratchpad/w7/tmp/.pycsl_dt9cy9s4.mlw", line 2670, characters 15-82:
Sub-goal postcondition of goal module6_whymltranspiler___wrap_with_no_exception_assert'vc.
Prover result is: Valid (0.01s, 9126 steps).

File "/home/fabrice/git/pycsl/scratchpad/w7/tmp/.pycsl_dt9cy9s4.mlw", line 2671, characters 15-90:
Sub-goal postcondition of goal module6_whymltranspiler___wrap_with_no_exception_assert'vc.
Prover result is: Valid (0.01s, 9127 steps).

File "/home/fabrice/git/pycsl/scratchpad/w7/tmp/.pycsl_dt9cy9s4.mlw", line 2672, characters 15-80:
Sub-goal postcondition of goal module6_whymltranspiler___wrap_with_no_exception_assert'vc.
Prover result is: Valid (0.01s, 9128 steps).

File "/home/fabrice/git/pycsl/scratchpad/w7/tmp/.pycsl_dt9cy9s4.mlw", line 2673, characters 15-70:
Sub-goal postcondition of goal module6_whymltranspiler___wrap_with_no_exception_assert'vc.
Prover result is: Valid (0.01s, 9129 steps).

File "/home/fabrice/git/pycsl/scratchpad/w7/tmp/.pycsl_dt9cy9s4.mlw", line 2674, characters 15-96:
Sub-goal postcondition of goal module6_whymltranspiler___wrap_with_no_exception_assert'vc.
Prover result is: Valid (0.01s, 9130 steps).

File "/home/fabrice/git/pycsl/scratchpad/w7/tmp/.pycsl_dt9cy9s4.mlw", line 2675, characters 15-112:
Sub-goal postcondition of goal module6_whymltranspiler___wrap_with_no_exception_assert'vc.
Prover result is: Valid (0.01s, 9131 steps).

File "/home/fabrice/git/pycsl/scratchpad/w7/tmp/.pycsl_dt9cy9s4.mlw", line 2676, characters 15-110:
Sub-goal postcondition of goal module6_whymltranspiler___wrap_with_no_exception_assert'vc.
Prover result is: Valid (0.00s, 9132 steps).

File "/home/fabrice/git/pycsl/scratchpad/w7/tmp/.pycsl_dt9cy9s4.mlw", line 2677, characters 15-114:
Sub-goal postcondition of goal module6_whymltranspiler___wrap_with_no_exception_assert'vc.
Prover result is: Valid (0.01s, 9133 steps).

File "/home/fabrice/git/pycsl/scratchpad/w7/tmp/.pycsl_dt9cy9s4.mlw", line 2678, characters 15-102:
Sub-goal postcondition of goal module6_whymltranspiler___wrap_with_no_exception_assert'vc.
Prover result is: Valid (0.01s, 9134 steps).

File "/home/fabrice/git/pycsl/scratchpad/w7/tmp/.pycsl_dt9cy9s4.mlw", line 2679, characters 15-88:
Sub-goal postcondition of goal module6_whymltranspiler___wrap_with_no_exception_assert'vc.
Prover result is: Valid (0.01s, 9135 steps).

File "/home/fabrice/git/pycsl/scratchpad/w7/tmp/.pycsl_dt9cy9s4.mlw", line 2680, characters 15-90:
Sub-goal postcondition of goal module6_whymltranspiler___wrap_with_no_exception_assert'vc.
Prover result is: Valid (0.01s, 9136 steps).

File "/home/fabrice/git/pycsl/scratchpad/w7/tmp/.pycsl_dt9cy9s4.mlw", line 2681, characters 15-102:
Sub-goal postcondition of goal module6_whymltranspiler___wrap_with_no_exception_assert'vc.
Prover result is: Valid (0.01s, 9137 steps).

File "/home/fabrice/git/pycsl/scratchpad/w7/tmp/.pycsl_dt9cy9s4.mlw", line 2682, characters 15-84:
Sub-goal postcondition of goal module6_whymltranspiler___wrap_with_no_exception_assert'vc.
Prover result is: Valid (0.01s, 9138 steps).

File "/home/fabrice/git/pycsl/scratchpad/w7/tmp/.pycsl_dt9cy9s4.mlw", line 2683, characters 15-96:
Sub-goal postcondition of goal module6_whymltranspiler___wrap_with_no_exception_assert'vc.
Prover result is: Valid (0.01s, 9139 steps).

File "/home/fabrice/git/pycsl/scratchpad/w7/tmp/.pycsl_dt9cy9s4.mlw", line 2684, characters 15-90:
Sub-goal postcondition of goal module6_whymltranspiler___wrap_with_no_exception_assert'vc.
Prover result is: Valid (0.01s, 9140 steps).

File "/home/fabrice/git/pycsl/scratchpad/w7/tmp/.pycsl_dt9cy9s4.mlw", line 2685, characters 15-98:
Sub-goal postcondition of goal module6_whymltranspiler___wrap_with_no_exception_assert'vc.
Prover result is: Valid (0.01s, 9141 steps).

File "/home/fabrice/git/pycsl/scratchpad/w7/tmp/.pycsl_dt9cy9s4.mlw", line 2686, characters 15-74:
Sub-goal postcondition of goal module6_whymltranspiler___wrap_with_no_exception_assert'vc.
Prover result is: Valid (0.01s, 9142 steps).

File "/home/fabrice/git/pycsl/scratchpad/w7/tmp/.pycsl_dt9cy9s4.mlw", line 2687, characters 15-84:
Sub-goal postcondition of goal module6_whymltranspiler___wrap_with_no_exception_assert'vc.
Prover result is: Valid (0.01s, 9143 steps).

File "/home/fabrice/git/pycsl/scratchpad/w7/tmp/.pycsl_dt9cy9s4.mlw", line 2688, characters 15-56:
Sub-goal postcondition of goal module6_whymltranspiler___wrap_with_no_exception_assert'vc.
Prover result is: Valid (0.01s, 9144 steps).

File "/home/fabrice/git/pycsl/scratchpad/w7/tmp/.pycsl_dt9cy9s4.mlw", line 2689, characters 15-108:
Sub-goal postcondition of goal module6_whymltranspiler___wrap_with_no_exception_assert'vc.
Prover result is: Valid (0.01s, 9145 steps).

File "/home/fabrice/git/pycsl/scratchpad/w7/tmp/.pycsl_dt9cy9s4.mlw", line 2690, characters 15-106:
Sub-goal postcondition of goal module6_whymltranspiler___wrap_with_no_exception_assert'vc.
Prover result is: Valid (0.01s, 9146 steps).

File "/home/fabrice/git/pycsl/scratchpad/w7/tmp/.pycsl_dt9cy9s4.mlw", line 2691, characters 15-116:
Sub-goal postcondition of goal module6_whymltranspiler___wrap_with_no_exception_assert'vc.
Prover result is: Valid (0.01s, 9147 steps).

File "/home/fabrice/git/pycsl/scratchpad/w7/tmp/.pycsl_dt9cy9s4.mlw", line 2692, characters 15-114:
Sub-goal postcondition of goal module6_whymltranspiler___wrap_with_no_exception_assert'vc.
Prover result is: Valid (0.01s, 9148 steps).

File "/home/fabrice/git/pycsl/scratchpad/w7/tmp/.pycsl_dt9cy9s4.mlw", line 2693, characters 15-110:
Sub-goal postcondition of goal module6_whymltranspiler___wrap_with_no_exception_assert'vc.
Prover result is: Valid (0.01s, 9149 steps).

File "/home/fabrice/git/pycsl/scratchpad/w7/tmp/.pycsl_dt9cy9s4.mlw", line 2694, characters 15-114:
Sub-goal postcondition of goal module6_whymltranspiler___wrap_with_no_exception_assert'vc.
Prover result is: Valid (0.01s, 9150 steps).

File "/home/fabrice/git/pycsl/scratchpad/w7/tmp/.pycsl_dt9cy9s4.mlw", line 2695, characters 15-106:
Sub-goal postcondition of goal module6_whymltranspiler___wrap_with_no_exception_assert'vc.
Prover result is: Valid (0.01s, 9151 steps).

File "/home/fabrice/git/pycsl/scratchpad/w7/tmp/.pycsl_dt9cy9s4.mlw", line 2696, characters 15-104:
Sub-goal postcondition of goal module6_whymltranspiler___wrap_with_no_exception_assert'vc.
Prover result is: Valid (0.01s, 9152 steps).

File "/home/fabrice/git/pycsl/scratchpad/w7/tmp/.pycsl_dt9cy9s4.mlw", line 2697, characters 15-112:
Sub-goal postcondition of goal module6_whymltranspiler___wrap_with_no_exception_assert'vc.
Prover result is: Valid (0.01s, 9153 steps).

File "/home/fabrice/git/pycsl/scratchpad/w7/tmp/.pycsl_dt9cy9s4.mlw", line 2698, characters 15-106:
Sub-goal postcondition of goal module6_whymltranspiler___wrap_with_no_exception_assert'vc.
Prover result is: Valid (0.01s, 9154 steps).

File "/home/fabrice/git/pycsl/scratchpad/w7/tmp/.pycsl_dt9cy9s4.mlw", line 2699, characters 15-126:
Sub-goal postcondition of goal module6_whymltranspiler___wrap_with_no_exception_assert'vc.
Prover result is: Valid (0.01s, 9155 steps).

File "/home/fabrice/git/pycsl/scratchpad/w7/tmp/.pycsl_dt9cy9s4.mlw", line 2700, characters 15-126:
Sub-goal postcondition of goal module6_whymltranspiler___wrap_with_no_exception_assert'vc.
Prover result is: Valid (0.01s, 9156 steps).

File "/home/fabrice/git/pycsl/scratchpad/w7/tmp/.pycsl_dt9cy9s4.mlw", line 2701, characters 15-110:
Sub-goal postcondition of goal module6_whymltranspiler___wrap_with_no_exception_assert'vc.
Prover result is: Valid (0.00s, 9157 steps).

File "/home/fabrice/git/pycsl/scratchpad/w7/tmp/.pycsl_dt9cy9s4.mlw", line 2702, characters 15-134:
Sub-goal postcondition of goal module6_whymltranspiler___wrap_with_no_exception_assert'vc.
Prover result is: Valid (0.01s, 9158 steps).

File "/home/fabrice/git/pycsl/scratchpad/w7/tmp/.pycsl_dt9cy9s4.mlw", line 2703, characters 15-116:
Sub-goal postcondition of goal module6_whymltranspiler___wrap_with_no_exception_assert'vc.
Prover result is: Valid (0.00s, 9159 steps).

File "/home/fabrice/git/pycsl/scratchpad/w7/tmp/.pycsl_dt9cy9s4.mlw", line 2704, characters 15-122:
Sub-goal postcondition of goal module6_whymltranspiler___wrap_with_no_exception_assert'vc.
Prover result is: Valid (0.01s, 9160 steps).

File "/home/fabrice/git/pycsl/scratchpad/w7/tmp/.pycsl_dt9cy9s4.mlw", line 2705, characters 15-114:
Sub-goal postcondition of goal module6_whymltranspiler___wrap_with_no_exception_assert'vc.
Prover result is: Valid (0.00s, 9161 steps).

File "/home/fabrice/git/pycsl/scratchpad/w7/tmp/.pycsl_dt9cy9s4.mlw", line 2706, characters 15-110:
Sub-goal postcondition of goal module6_whymltranspiler___wrap_with_no_exception_assert'vc.
Prover result is: Valid (0.01s, 9162 steps).

File "/home/fabrice/git/pycsl/scratchpad/w7/tmp/.pycsl_dt9cy9s4.mlw", line 2707, characters 15-104:
Sub-goal postcondition of goal module6_whymltranspiler___wrap_with_no_exception_assert'vc.
Prover result is: Valid (0.01s, 9163 steps).

File "/home/fabrice/git/pycsl/scratchpad/w7/tmp/.pycsl_dt9cy9s4.mlw", line 2708, characters 15-114:
Sub-goal postcondition of goal module6_whymltranspiler___wrap_with_no_exception_assert'vc.
Prover result is: Valid (0.01s, 9164 steps).

File "/home/fabrice/git/pycsl/scratchpad/w7/tmp/.pycsl_dt9cy9s4.mlw", line 2709, characters 15-118:
Sub-goal postcondition of goal module6_whymltranspiler___wrap_with_no_exception_assert'vc.
Prover result is: Valid (0.01s, 9165 steps).

File "/home/fabrice/git/pycsl/scratchpad/w7/tmp/.pycsl_dt9cy9s4.mlw", line 2710, characters 15-112:
Sub-goal postcondition of goal module6_whymltranspiler___wrap_with_no_exception_assert'vc.
Prover result is: Valid (0.01s, 9166 steps).

File "/home/fabrice/git/pycsl/scratchpad/w7/tmp/.pycsl_dt9cy9s4.mlw", line 2711, characters 15-114:
Sub-goal postcondition of goal module6_whymltranspiler___wrap_with_no_exception_assert'vc.
Prover result is: Valid (0.01s, 9167 steps).

File "/home/fabrice/git/pycsl/scratchpad/w7/tmp/.pycsl_dt9cy9s4.mlw", line 2712, characters 15-132:
Sub-goal postcondition of goal module6_whymltranspiler___wrap_with_no_exception_assert'vc.
Prover result is: Valid (0.01s, 9168 steps).

File "/home/fabrice/git/pycsl/scratchpad/w7/tmp/.pycsl_dt9cy9s4.mlw", line 2713, characters 15-114:
Sub-goal postcondition of goal module6_whymltranspiler___wrap_with_no_exception_assert'vc.
Prover result is: Valid (0.00s, 9169 steps).

File "/home/fabrice/git/pycsl/scratchpad/w7/tmp/.pycsl_dt9cy9s4.mlw", line 2714, characters 15-112:
Sub-goal postcondition of goal module6_whymltranspiler___wrap_with_no_exception_assert'vc.
Prover result is: Valid (0.01s, 9170 steps).

File "/home/fabrice/git/pycsl/scratchpad/w7/tmp/.pycsl_dt9cy9s4.mlw", line 2715, characters 15-112:
Sub-goal postcondition of goal module6_whymltranspiler___wrap_with_no_exception_assert'vc.
Prover result is: Valid (0.01s, 9171 steps).

File "/home/fabrice/git/pycsl/scratchpad/w7/tmp/.pycsl_dt9cy9s4.mlw", line 2716, characters 15-110:
Sub-goal postcondition of goal module6_whymltranspiler___wrap_with_no_exception_assert'vc.
Prover result is: Valid (0.01s, 9172 steps).

File "/home/fabrice/git/pycsl/scratchpad/w7/tmp/.pycsl_dt9cy9s4.mlw", line 2717, characters 15-116:
Sub-goal postcondition of goal module6_whymltranspiler___wrap_with_no_exception_assert'vc.
Prover result is: Valid (0.01s, 9173 steps).

File "/home/fabrice/git/pycsl/scratchpad/w7/tmp/.pycsl_dt9cy9s4.mlw", line 2718, characters 15-114:
Sub-goal postcondition of goal module6_whymltranspiler___wrap_with_no_exception_assert'vc.
Prover result is: Valid (0.01s, 9174 steps).

File "/home/fabrice/git/pycsl/scratchpad/w7/tmp/.pycsl_dt9cy9s4.mlw", line 2719, characters 15-108:
Sub-goal postcondition of goal module6_whymltranspiler___wrap_with_no_exception_assert'vc.
Prover result is: Valid (0.01s, 9175 steps).

File "/home/fabrice/git/pycsl/scratchpad/w7/tmp/.pycsl_dt9cy9s4.mlw", line 2720, characters 15-108:
Sub-goal postcondition of goal module6_whymltranspiler___wrap_with_no_exception_assert'vc.
Prover result is: Valid (0.01s, 9176 steps).

File "/home/fabrice/git/pycsl/scratchpad/w7/tmp/.pycsl_dt9cy9s4.mlw", line 2721, characters 15-98:
Sub-goal postcondition of goal module6_whymltranspiler___wrap_with_no_exception_assert'vc.
Prover result is: Valid (0.01s, 9177 steps).

File "/home/fabrice/git/pycsl/scratchpad/w7/tmp/.pycsl_dt9cy9s4.mlw", line 2722, characters 15-96:
Sub-goal postcondition of goal module6_whymltranspiler___wrap_with_no_exception_assert'vc.
Prover result is: Valid (0.01s, 9178 steps).

File "/home/fabrice/git/pycsl/scratchpad/w7/tmp/.pycsl_dt9cy9s4.mlw", line 2723, characters 15-118:
Sub-goal postcondition of goal module6_whymltranspiler___wrap_with_no_exception_assert'vc.
Prover result is: Valid (0.01s, 9179 steps).

File "/home/fabrice/git/pycsl/scratchpad/w7/tmp/.pycsl_dt9cy9s4.mlw", line 2724, characters 15-126:
Sub-goal postcondition of goal module6_whymltranspiler___wrap_with_no_exception_assert'vc.
Prover result is: Valid (0.00s, 9180 steps).

File "/home/fabrice/git/pycsl/scratchpad/w7/tmp/.pycsl_dt9cy9s4.mlw", line 2725, characters 15-108:
Sub-goal postcondition of goal module6_whymltranspiler___wrap_with_no_exception_assert'vc.
Prover result is: Valid (0.01s, 9181 steps).

File "/home/fabrice/git/pycsl/scratchpad/w7/tmp/.pycsl_dt9cy9s4.mlw", line 2726, characters 15-132:
Sub-goal postcondition of goal module6_whymltranspiler___wrap_with_no_exception_assert'vc.
Prover result is: Valid (0.01s, 9182 steps).

File "/home/fabrice/git/pycsl/scratchpad/w7/tmp/.pycsl_dt9cy9s4.mlw", line 2727, characters 15-114:
Sub-goal postcondition of goal module6_whymltranspiler___wrap_with_no_exception_assert'vc.
Prover result is: Valid (0.01s, 9183 steps).

File "/home/fabrice/git/pycsl/scratchpad/w7/tmp/.pycsl_dt9cy9s4.mlw", line 2728, characters 15-124:
Sub-goal postcondition of goal module6_whymltranspiler___wrap_with_no_exception_assert'vc.
Prover result is: Valid (0.01s, 9184 steps).

File "/home/fabrice/git/pycsl/scratchpad/w7/tmp/.pycsl_dt9cy9s4.mlw", line 2729, characters 15-134:
Sub-goal postcondition of goal module6_whymltranspiler___wrap_with_no_exception_assert'vc.
Prover result is: Valid (0.01s, 9185 steps).

File "/home/fabrice/git/pycsl/scratchpad/w7/tmp/.pycsl_dt9cy9s4.mlw", line 2730, characters 15-124:
Sub-goal postcondition of goal module6_whymltranspiler___wrap_with_no_exception_assert'vc.
Prover result is: Valid (0.01s, 9186 steps).

File "/home/fabrice/git/pycsl/scratchpad/w7/tmp/.pycsl_dt9cy9s4.mlw", line 2731, characters 15-132:
Sub-goal postcondition of goal module6_whymltranspiler___wrap_with_no_exception_assert'vc.
Prover result is: Valid (0.00s, 9187 steps).

File "/home/fabrice/git/pycsl/scratchpad/w7/tmp/.pycsl_dt9cy9s4.mlw", line 2732, characters 15-122:
Sub-goal postcondition of goal module6_whymltranspiler___wrap_with_no_exception_assert'vc.
Prover result is: Valid (0.01s, 9188 steps).

File "/home/fabrice/git/pycsl/scratchpad/w7/tmp/.pycsl_dt9cy9s4.mlw", line 2733, characters 15-122:
Sub-goal postcondition of goal module6_whymltranspiler___wrap_with_no_exception_assert'vc.
Prover result is: Valid (0.01s, 9189 steps).

File "/home/fabrice/git/pycsl/scratchpad/w7/tmp/.pycsl_dt9cy9s4.mlw", line 2734, characters 15-120:
Sub-goal postcondition of goal module6_whymltranspiler___wrap_with_no_exception_assert'vc.
Prover result is: Valid (0.01s, 9190 steps).

File "/home/fabrice/git/pycsl/scratchpad/w7/tmp/.pycsl_dt9cy9s4.mlw", line 2735, characters 15-120:
Sub-goal postcondition of goal module6_whymltranspiler___wrap_with_no_exception_assert'vc.
Prover result is: Valid (0.01s, 9191 steps).

File "/home/fabrice/git/pycsl/scratchpad/w7/tmp/.pycsl_dt9cy9s4.mlw", line 2736, characters 15-130:
Sub-goal postcondition of goal module6_whymltranspiler___wrap_with_no_exception_assert'vc.
Prover result is: Valid (0.01s, 9192 steps).

File "/home/fabrice/git/pycsl/scratchpad/w7/tmp/.pycsl_dt9cy9s4.mlw", line 2737, characters 15-108:
Sub-goal postcondition of goal module6_whymltranspiler___wrap_with_no_exception_assert'vc.
Prover result is: Valid (0.01s, 9193 steps).

File "/home/fabrice/git/pycsl/scratchpad/w7/tmp/.pycsl_dt9cy9s4.mlw", line 2738, characters 15-122:
Sub-goal postcondition of goal module6_whymltranspiler___wrap_with_no_exception_assert'vc.
Prover result is: Valid (0.01s, 9194 steps).

File "/home/fabrice/git/pycsl/scratchpad/w7/tmp/.pycsl_dt9cy9s4.mlw", line 2739, characters 15-106:
Sub-goal postcondition of goal module6_whymltranspiler___wrap_with_no_exception_assert'vc.
Prover result is: Valid (0.01s, 9195 steps).

File "/home/fabrice/git/pycsl/scratchpad/w7/tmp/.pycsl_dt9cy9s4.mlw", line 2740, characters 15-106:
Sub-goal postcondition of goal module6_whymltranspiler___wrap_with_no_exception_assert'vc.
Prover result is: Valid (0.01s, 9196 steps).

File "/home/fabrice/git/pycsl/scratchpad/w7/tmp/.pycsl_dt9cy9s4.mlw", line 2741, characters 15-100:
Sub-goal postcondition of goal module6_whymltranspiler___wrap_with_no_exception_assert'vc.
Prover result is: Valid (0.00s, 9197 steps).

File "/home/fabrice/git/pycsl/scratchpad/w7/tmp/.pycsl_dt9cy9s4.mlw", line 2742, characters 15-110:
Sub-goal postcondition of goal module6_whymltranspiler___wrap_with_no_exception_assert'vc.
Prover result is: Valid (0.01s, 9198 steps).

File "/home/fabrice/git/pycsl/scratchpad/w7/tmp/.pycsl_dt9cy9s4.mlw", line 2743, characters 15-102:
Sub-goal postcondition of goal module6_whymltranspiler___wrap_with_no_exception_assert'vc.
Prover result is: Valid (0.01s, 9199 steps).

File "/home/fabrice/git/pycsl/scratchpad/w7/tmp/.pycsl_dt9cy9s4.mlw", line 2744, characters 15-106:
Sub-goal postcondition of goal module6_whymltranspiler___wrap_with_no_exception_assert'vc.
Prover result is: Valid (0.01s, 9200 steps).

File "/home/fabrice/git/pycsl/scratchpad/w7/tmp/.pycsl_dt9cy9s4.mlw", line 2745, characters 15-102:
Sub-goal postcondition of goal module6_whymltranspiler___wrap_with_no_exception_assert'vc.
Prover result is: Valid (0.01s, 9201 steps).

File "/home/fabrice/git/pycsl/scratchpad/w7/tmp/.pycsl_dt9cy9s4.mlw", line 2746, characters 15-112:
Sub-goal postcondition of goal module6_whymltranspiler___wrap_with_no_exception_assert'vc.
Prover result is: Valid (0.01s, 9202 steps).

File "/home/fabrice/git/pycsl/scratchpad/w7/tmp/.pycsl_dt9cy9s4.mlw", line 2747, characters 15-114:
Sub-goal postcondition of goal module6_whymltranspiler___wrap_with_no_exception_assert'vc.
Prover result is: Valid (0.01s, 9203 steps).

File "/home/fabrice/git/pycsl/scratchpad/w7/tmp/.pycsl_dt9cy9s4.mlw", line 2748, characters 15-124:
Sub-goal postcondition of goal module6_whymltranspiler___wrap_with_no_exception_assert'vc.
Prover result is: Valid (0.01s, 9204 steps).

File "/home/fabrice/git/pycsl/scratchpad/w7/tmp/.pycsl_dt9cy9s4.mlw", line 2749, characters 15-116:
Sub-goal postcondition of goal module6_whymltranspiler___wrap_with_no_exception_assert'vc.
Prover result is: Valid (0.01s, 9205 steps).

File "/home/fabrice/git/pycsl/scratchpad/w7/tmp/.pycsl_dt9cy9s4.mlw", line 2750, characters 15-110:
Sub-goal postcondition of goal module6_whymltranspiler___wrap_with_no_exception_assert'vc.
Prover result is: Valid (0.01s, 9206 steps).

File "/home/fabrice/git/pycsl/scratchpad/w7/tmp/.pycsl_dt9cy9s4.mlw", line 2751, characters 15-118:
Sub-goal postcondition of goal module6_whymltranspiler___wrap_with_no_exception_assert'vc.
Prover result is: Valid (0.01s, 9207 steps).

File "/home/fabrice/git/pycsl/scratchpad/w7/tmp/.pycsl_dt9cy9s4.mlw", line 2752, characters 15-110:
Sub-goal postcondition of goal module6_whymltranspiler___wrap_with_no_exception_assert'vc.
Prover result is: Valid (0.01s, 9208 steps).

File "/home/fabrice/git/pycsl/scratchpad/w7/tmp/.pycsl_dt9cy9s4.mlw", line 2753, characters 15-108:
Sub-goal postcondition of goal module6_whymltranspiler___wrap_with_no_exception_assert'vc.
Prover result is: Valid (0.01s, 9209 steps).

File "/home/fabrice/git/pycsl/scratchpad/w7/tmp/.pycsl_dt9cy9s4.mlw", line 2754, characters 15-84:
Sub-goal postcondition of goal module6_whymltranspiler___wrap_with_no_exception_assert'vc.
Prover result is: Valid (0.01s, 9210 steps).

File "/home/fabrice/git/pycsl/scratchpad/w7/tmp/.pycsl_dt9cy9s4.mlw", line 2755, characters 15-84:
Sub-goal postcondition of goal module6_whymltranspiler___wrap_with_no_exception_assert'vc.
Prover result is: Valid (0.01s, 9211 steps).

File "/home/fabrice/git/pycsl/scratchpad/w7/tmp/.pycsl_dt9cy9s4.mlw", line 2756, characters 15-94:
Sub-goal postcondition of goal module6_whymltranspiler___wrap_with_no_exception_assert'vc.
Prover result is: Valid (0.01s, 9212 steps).

File "/home/fabrice/git/pycsl/scratchpad/w7/tmp/.pycsl_dt9cy9s4.mlw", line 2659, characters 15-19:
Sub-goal postcondition of goal module6_whymltranspiler___wrap_with_no_exception_assert'vc.
Prover result is: Valid (0.01s, 9375 steps).

File "/home/fabrice/git/pycsl/scratchpad/w7/tmp/.pycsl_dt9cy9s4.mlw", line 2660, characters 15-86:
Sub-goal postcondition of goal module6_whymltranspiler___wrap_with_no_exception_assert'vc.
Prover result is: Valid (0.00s, 9376 steps).

File "/home/fabrice/git/pycsl/scratchpad/w7/tmp/.pycsl_dt9cy9s4.mlw", line 2661, characters 15-82:
Sub-goal postcondition of goal module6_whymltranspiler___wrap_with_no_exception_assert'vc.
Prover result is: Valid (0.01s, 9377 steps).

File "/home/fabrice/git/pycsl/scratchpad/w7/tmp/.pycsl_dt9cy9s4.mlw", line 2662, characters 15-72:
Sub-goal postcondition of goal module6_whymltranspiler___wrap_with_no_exception_assert'vc.
Prover result is: Valid (0.01s, 9378 steps).

File "/home/fabrice/git/pycsl/scratchpad/w7/tmp/.pycsl_dt9cy9s4.mlw", line 2663, characters 15-86:
Sub-goal postcondition of goal module6_whymltranspiler___wrap_with_no_exception_assert'vc.
Prover result is: Valid (0.01s, 9379 steps).

File "/home/fabrice/git/pycsl/scratchpad/w7/tmp/.pycsl_dt9cy9s4.mlw", line 2664, characters 15-72:
Sub-goal postcondition of goal module6_whymltranspiler___wrap_with_no_exception_assert'vc.
Prover result is: Valid (0.01s, 9380 steps).

File "/home/fabrice/git/pycsl/scratchpad/w7/tmp/.pycsl_dt9cy9s4.mlw", line 2665, characters 15-76:
Sub-goal postcondition of goal module6_whymltranspiler___wrap_with_no_exception_assert'vc.
Prover result is: Valid (0.01s, 9381 steps).

File "/home/fabrice/git/pycsl/scratchpad/w7/tmp/.pycsl_dt9cy9s4.mlw", line 2666, characters 15-58:
Sub-goal postcondition of goal module6_whymltranspiler___wrap_with_no_exception_assert'vc.
Prover result is: Valid (0.01s, 9382 steps).

File "/home/fabrice/git/pycsl/scratchpad/w7/tmp/.pycsl_dt9cy9s4.mlw", line 2667, characters 15-74:
Sub-goal postcondition of goal module6_whymltranspiler___wrap_with_no_exception_assert'vc.
Prover result is: Valid (0.01s, 9383 steps).

File "/home/fabrice/git/pycsl/scratchpad/w7/tmp/.pycsl_dt9cy9s4.mlw", line 2668, characters 15-80:
Sub-goal postcondition of goal module6_whymltranspiler___wrap_with_no_exception_assert'vc.
Prover result is: Valid (0.01s, 9384 steps).

File "/home/fabrice/git/pycsl/scratchpad/w7/tmp/.pycsl_dt9cy9s4.mlw", line 2669, characters 15-68:
Sub-goal postcondition of goal module6_whymltranspiler___wrap_with_no_exception_assert'vc.
Prover result is: Valid (0.01s, 9385 steps).

File "/home/fabrice/git/pycsl/scratchpad/w7/tmp/.pycsl_dt9cy9s4.mlw", line 2670, characters 15-82:
Sub-goal postcondition of goal module6_whymltranspiler___wrap_with_no_exception_assert'vc.
Prover result is: Valid (0.01s, 9386 steps).

File "/home/fabrice/git/pycsl/scratchpad/w7/tmp/.pycsl_dt9cy9s4.mlw", line 2671, characters 15-90:
Sub-goal postcondition of goal module6_whymltranspiler___wrap_with_no_exception_assert'vc.
Prover result is: Valid (0.01s, 9387 steps).

File "/home/fabrice/git/pycsl/scratchpad/w7/tmp/.pycsl_dt9cy9s4.mlw", line 2672, characters 15-80:
Sub-goal postcondition of goal module6_whymltranspiler___wrap_with_no_exception_assert'vc.
Prover result is: Valid (0.01s, 9388 steps).

File "/home/fabrice/git/pycsl/scratchpad/w7/tmp/.pycsl_dt9cy9s4.mlw", line 2673, characters 15-70:
Sub-goal postcondition of goal module6_whymltranspiler___wrap_with_no_exception_assert'vc.
Prover result is: Valid (0.01s, 9389 steps).

File "/home/fabrice/git/pycsl/scratchpad/w7/tmp/.pycsl_dt9cy9s4.mlw", line 2674, characters 15-96:
Sub-goal postcondition of goal module6_whymltranspiler___wrap_with_no_exception_assert'vc.
Prover result is: Valid (0.01s, 9390 steps).

File "/home/fabrice/git/pycsl/scratchpad/w7/tmp/.pycsl_dt9cy9s4.mlw", line 2675, characters 15-112:
Sub-goal postcondition of goal module6_whymltranspiler___wrap_with_no_exception_assert'vc.
Prover result is: Valid (0.01s, 9391 steps).

File "/home/fabrice/git/pycsl/scratchpad/w7/tmp/.pycsl_dt9cy9s4.mlw", line 2676, characters 15-110:
Sub-goal postcondition of goal module6_whymltranspiler___wrap_with_no_exception_assert'vc.
Prover result is: Valid (0.01s, 9392 steps).

File "/home/fabrice/git/pycsl/scratchpad/w7/tmp/.pycsl_dt9cy9s4.mlw", line 2677, characters 15-114:
Sub-goal postcondition of goal module6_whymltranspiler___wrap_with_no_exception_assert'vc.
Prover result is: Valid (0.01s, 9393 steps).

File "/home/fabrice/git/pycsl/scratchpad/w7/tmp/.pycsl_dt9cy9s4.mlw", line 2678, characters 15-102:
Sub-goal postcondition of goal module6_whymltranspiler___wrap_with_no_exception_assert'vc.
Prover result is: Valid (0.01s, 9394 steps).

File "/home/fabrice/git/pycsl/scratchpad/w7/tmp/.pycsl_dt9cy9s4.mlw", line 2679, characters 15-88:
Sub-goal postcondition of goal module6_whymltranspiler___wrap_with_no_exception_assert'vc.
Prover result is: Valid (0.01s, 9395 steps).

File "/home/fabrice/git/pycsl/scratchpad/w7/tmp/.pycsl_dt9cy9s4.mlw", line 2680, characters 15-90:
Sub-goal postcondition of goal module6_whymltranspiler___wrap_with_no_exception_assert'vc.
Prover result is: Valid (0.01s, 9396 steps).

File "/home/fabrice/git/pycsl/scratchpad/w7/tmp/.pycsl_dt9cy9s4.mlw", line 2681, characters 15-102:
Sub-goal postcondition of goal module6_whymltranspiler___wrap_with_no_exception_assert'vc.
Prover result is: Valid (0.01s, 9397 steps).

File "/home/fabrice/git/pycsl/scratchpad/w7/tmp/.pycsl_dt9cy9s4.mlw", line 2682, characters 15-84:
Sub-goal postcondition of goal module6_whymltranspiler___wrap_with_no_exception_assert'vc.
Prover result is: Valid (0.01s, 9398 steps).

File "/home/fabrice/git/pycsl/scratchpad/w7/tmp/.pycsl_dt9cy9s4.mlw", line 2683, characters 15-96:
Sub-goal postcondition of goal module6_whymltranspiler___wrap_with_no_exception_assert'vc.
Prover result is: Valid (0.01s, 9399 steps).

File "/home/fabrice/git/pycsl/scratchpad/w7/tmp/.pycsl_dt9cy9s4.mlw", line 2684, characters 15-90:
Sub-goal postcondition of goal module6_whymltranspiler___wrap_with_no_exception_assert'vc.
Prover result is: Valid (0.00s, 9400 steps).

File "/home/fabrice/git/pycsl/scratchpad/w7/tmp/.pycsl_dt9cy9s4.mlw", line 2685, characters 15-98:
Sub-goal postcondition of goal module6_whymltranspiler___wrap_with_no_exception_assert'vc.
Prover result is: Valid (0.01s, 9401 steps).

File "/home/fabrice/git/pycsl/scratchpad/w7/tmp/.pycsl_dt9cy9s4.mlw", line 2686, characters 15-74:
Sub-goal postcondition of goal module6_whymltranspiler___wrap_with_no_exception_assert'vc.
Prover result is: Valid (0.01s, 9402 steps).

File "/home/fabrice/git/pycsl/scratchpad/w7/tmp/.pycsl_dt9cy9s4.mlw", line 2687, characters 15-84:
Sub-goal postcondition of goal module6_whymltranspiler___wrap_with_no_exception_assert'vc.
Prover result is: Valid (0.01s, 9403 steps).

File "/home/fabrice/git/pycsl/scratchpad/w7/tmp/.pycsl_dt9cy9s4.mlw", line 2688, characters 15-56:
Sub-goal postcondition of goal module6_whymltranspiler___wrap_with_no_exception_assert'vc.
Prover result is: Valid (0.01s, 9404 steps).

File "/home/fabrice/git/pycsl/scratchpad/w7/tmp/.pycsl_dt9cy9s4.mlw", line 2689, characters 15-108:
Sub-goal postcondition of goal module6_whymltranspiler___wrap_with_no_exception_assert'vc.
Prover result is: Valid (0.01s, 9405 steps).

File "/home/fabrice/git/pycsl/scratchpad/w7/tmp/.pycsl_dt9cy9s4.mlw", line 2690, characters 15-106:
Sub-goal postcondition of goal module6_whymltranspiler___wrap_with_no_exception_assert'vc.
Prover result is: Valid (0.01s, 9406 steps).

File "/home/fabrice/git/pycsl/scratchpad/w7/tmp/.pycsl_dt9cy9s4.mlw", line 2691, characters 15-116:
Sub-goal postcondition of goal module6_whymltranspiler___wrap_with_no_exception_assert'vc.
Prover result is: Valid (0.01s, 9407 steps).

File "/home/fabrice/git/pycsl/scratchpad/w7/tmp/.pycsl_dt9cy9s4.mlw", line 2692, characters 15-114:
Sub-goal postcondition of goal module6_whymltranspiler___wrap_with_no_exception_assert'vc.
Prover result is: Valid (0.01s, 9408 steps).

File "/home/fabrice/git/pycsl/scratchpad/w7/tmp/.pycsl_dt9cy9s4.mlw", line 2693, characters 15-110:
Sub-goal postcondition of goal module6_whymltranspiler___wrap_with_no_exception_assert'vc.
Prover result is: Valid (0.00s, 9409 steps).

File "/home/fabrice/git/pycsl/scratchpad/w7/tmp/.pycsl_dt9cy9s4.mlw", line 2694, characters 15-114:
Sub-goal postcondition of goal module6_whymltranspiler___wrap_with_no_exception_assert'vc.
Prover result is: Valid (0.01s, 9410 steps).

File "/home/fabrice/git/pycsl/scratchpad/w7/tmp/.pycsl_dt9cy9s4.mlw", line 2695, characters 15-106:
Sub-goal postcondition of goal module6_whymltranspiler___wrap_with_no_exception_assert'vc.
Prover result is: Valid (0.01s, 9411 steps).

File "/home/fabrice/git/pycsl/scratchpad/w7/tmp/.pycsl_dt9cy9s4.mlw", line 2696, characters 15-104:
Sub-goal postcondition of goal module6_whymltranspiler___wrap_with_no_exception_assert'vc.
Prover result is: Valid (0.01s, 9412 steps).

File "/home/fabrice/git/pycsl/scratchpad/w7/tmp/.pycsl_dt9cy9s4.mlw", line 2697, characters 15-112:
Sub-goal postcondition of goal module6_whymltranspiler___wrap_with_no_exception_assert'vc.
Prover result is: Valid (0.01s, 9413 steps).

File "/home/fabrice/git/pycsl/scratchpad/w7/tmp/.pycsl_dt9cy9s4.mlw", line 2698, characters 15-106:
Sub-goal postcondition of goal module6_whymltranspiler___wrap_with_no_exception_assert'vc.
Prover result is: Valid (0.01s, 9414 steps).

File "/home/fabrice/git/pycsl/scratchpad/w7/tmp/.pycsl_dt9cy9s4.mlw", line 2699, characters 15-126:
Sub-goal postcondition of goal module6_whymltranspiler___wrap_with_no_exception_assert'vc.
Prover result is: Valid (0.01s, 9415 steps).

File "/home/fabrice/git/pycsl/scratchpad/w7/tmp/.pycsl_dt9cy9s4.mlw", line 2700, characters 15-126:
Sub-goal postcondition of goal module6_whymltranspiler___wrap_with_no_exception_assert'vc.
Prover result is: Valid (0.01s, 9416 steps).

File "/home/fabrice/git/pycsl/scratchpad/w7/tmp/.pycsl_dt9cy9s4.mlw", line 2701, characters 15-110:
Sub-goal postcondition of goal module6_whymltranspiler___wrap_with_no_exception_assert'vc.
Prover result is: Valid (0.01s, 9417 steps).

File "/home/fabrice/git/pycsl/scratchpad/w7/tmp/.pycsl_dt9cy9s4.mlw", line 2702, characters 15-134:
Sub-goal postcondition of goal module6_whymltranspiler___wrap_with_no_exception_assert'vc.
Prover result is: Valid (0.01s, 9418 steps).

File "/home/fabrice/git/pycsl/scratchpad/w7/tmp/.pycsl_dt9cy9s4.mlw", line 2703, characters 15-116:
Sub-goal postcondition of goal module6_whymltranspiler___wrap_with_no_exception_assert'vc.
Prover result is: Valid (0.01s, 9419 steps).

File "/home/fabrice/git/pycsl/scratchpad/w7/tmp/.pycsl_dt9cy9s4.mlw", line 2704, characters 15-122:
Sub-goal postcondition of goal module6_whymltranspiler___wrap_with_no_exception_assert'vc.
Prover result is: Valid (0.01s, 9420 steps).

File "/home/fabrice/git/pycsl/scratchpad/w7/tmp/.pycsl_dt9cy9s4.mlw", line 2705, characters 15-114:
Sub-goal postcondition of goal module6_whymltranspiler___wrap_with_no_exception_assert'vc.
Prover result is: Valid (0.01s, 9421 steps).

File "/home/fabrice/git/pycsl/scratchpad/w7/tmp/.pycsl_dt9cy9s4.mlw", line 2706, characters 15-110:
Sub-goal postcondition of goal module6_whymltranspiler___wrap_with_no_exception_assert'vc.
Prover result is: Valid (0.01s, 9422 steps).

File "/home/fabrice/git/pycsl/scratchpad/w7/tmp/.pycsl_dt9cy9s4.mlw", line 2707, characters 15-104:
Sub-goal postcondition of goal module6_whymltranspiler___wrap_with_no_exception_assert'vc.
Prover result is: Valid (0.01s, 9423 steps).

File "/home/fabrice/git/pycsl/scratchpad/w7/tmp/.pycsl_dt9cy9s4.mlw", line 2708, characters 15-114:
Sub-goal postcondition of goal module6_whymltranspiler___wrap_with_no_exception_assert'vc.
Prover result is: Valid (0.01s, 9424 steps).

File "/home/fabrice/git/pycsl/scratchpad/w7/tmp/.pycsl_dt9cy9s4.mlw", line 2709, characters 15-118:
Sub-goal postcondition of goal module6_whymltranspiler___wrap_with_no_exception_assert'vc.
Prover result is: Valid (0.01s, 9425 steps).

File "/home/fabrice/git/pycsl/scratchpad/w7/tmp/.pycsl_dt9cy9s4.mlw", line 2710, characters 15-112:
Sub-goal postcondition of goal module6_whymltranspiler___wrap_with_no_exception_assert'vc.
Prover result is: Valid (0.01s, 9426 steps).

File "/home/fabrice/git/pycsl/scratchpad/w7/tmp/.pycsl_dt9cy9s4.mlw", line 2711, characters 15-114:
Sub-goal postcondition of goal module6_whymltranspiler___wrap_with_no_exception_assert'vc.
Prover result is: Valid (0.01s, 9427 steps).

File "/home/fabrice/git/pycsl/scratchpad/w7/tmp/.pycsl_dt9cy9s4.mlw", line 2712, characters 15-132:
Sub-goal postcondition of goal module6_whymltranspiler___wrap_with_no_exception_assert'vc.
Prover result is: Valid (0.01s, 9428 steps).

File "/home/fabrice/git/pycsl/scratchpad/w7/tmp/.pycsl_dt9cy9s4.mlw", line 2713, characters 15-114:
Sub-goal postcondition of goal module6_whymltranspiler___wrap_with_no_exception_assert'vc.
Prover result is: Valid (0.01s, 9429 steps).

File "/home/fabrice/git/pycsl/scratchpad/w7/tmp/.pycsl_dt9cy9s4.mlw", line 2714, characters 15-112:
Sub-goal postcondition of goal module6_whymltranspiler___wrap_with_no_exception_assert'vc.
Prover result is: Valid (0.01s, 9430 steps).

File "/home/fabrice/git/pycsl/scratchpad/w7/tmp/.pycsl_dt9cy9s4.mlw", line 2715, characters 15-112:
Sub-goal postcondition of goal module6_whymltranspiler___wrap_with_no_exception_assert'vc.
Prover result is: Valid (0.01s, 9431 steps).

File "/home/fabrice/git/pycsl/scratchpad/w7/tmp/.pycsl_dt9cy9s4.mlw", line 2716, characters 15-110:
Sub-goal postcondition of goal module6_whymltranspiler___wrap_with_no_exception_assert'vc.
Prover result is: Valid (0.01s, 9432 steps).

File "/home/fabrice/git/pycsl/scratchpad/w7/tmp/.pycsl_dt9cy9s4.mlw", line 2717, characters 15-116:
Sub-goal postcondition of goal module6_whymltranspiler___wrap_with_no_exception_assert'vc.
Prover result is: Valid (0.00s, 9433 steps).

File "/home/fabrice/git/pycsl/scratchpad/w7/tmp/.pycsl_dt9cy9s4.mlw", line 2718, characters 15-114:
Sub-goal postcondition of goal module6_whymltranspiler___wrap_with_no_exception_assert'vc.
Prover result is: Valid (0.01s, 9434 steps).

File "/home/fabrice/git/pycsl/scratchpad/w7/tmp/.pycsl_dt9cy9s4.mlw", line 2719, characters 15-108:
Sub-goal postcondition of goal module6_whymltranspiler___wrap_with_no_exception_assert'vc.
Prover result is: Valid (0.01s, 9435 steps).

File "/home/fabrice/git/pycsl/scratchpad/w7/tmp/.pycsl_dt9cy9s4.mlw", line 2720, characters 15-108:
Sub-goal postcondition of goal module6_whymltranspiler___wrap_with_no_exception_assert'vc.
Prover result is: Valid (0.01s, 9436 steps).

File "/home/fabrice/git/pycsl/scratchpad/w7/tmp/.pycsl_dt9cy9s4.mlw", line 2721, characters 15-98:
Sub-goal postcondition of goal module6_whymltranspiler___wrap_with_no_exception_assert'vc.
Prover result is: Valid (0.01s, 9437 steps).

File "/home/fabrice/git/pycsl/scratchpad/w7/tmp/.pycsl_dt9cy9s4.mlw", line 2722, characters 15-96:
Sub-goal postcondition of goal module6_whymltranspiler___wrap_with_no_exception_assert'vc.
Prover result is: Valid (0.01s, 9438 steps).

File "/home/fabrice/git/pycsl/scratchpad/w7/tmp/.pycsl_dt9cy9s4.mlw", line 2723, characters 15-118:
Sub-goal postcondition of goal module6_whymltranspiler___wrap_with_no_exception_assert'vc.
Prover result is: Valid (0.01s, 9439 steps).

File "/home/fabrice/git/pycsl/scratchpad/w7/tmp/.pycsl_dt9cy9s4.mlw", line 2724, characters 15-126:
Sub-goal postcondition of goal module6_whymltranspiler___wrap_with_no_exception_assert'vc.
Prover result is: Valid (0.01s, 9440 steps).

File "/home/fabrice/git/pycsl/scratchpad/w7/tmp/.pycsl_dt9cy9s4.mlw", line 2725, characters 15-108:
Sub-goal postcondition of goal module6_whymltranspiler___wrap_with_no_exception_assert'vc.
Prover result is: Valid (0.01s, 9441 steps).

File "/home/fabrice/git/pycsl/scratchpad/w7/tmp/.pycsl_dt9cy9s4.mlw", line 2726, characters 15-132:
Sub-goal postcondition of goal module6_whymltranspiler___wrap_with_no_exception_assert'vc.
Prover result is: Valid (0.01s, 9442 steps).

File "/home/fabrice/git/pycsl/scratchpad/w7/tmp/.pycsl_dt9cy9s4.mlw", line 2727, characters 15-114:
Sub-goal postcondition of goal module6_whymltranspiler___wrap_with_no_exception_assert'vc.
Prover result is: Valid (0.01s, 9443 steps).

File "/home/fabrice/git/pycsl/scratchpad/w7/tmp/.pycsl_dt9cy9s4.mlw", line 2728, characters 15-124:
Sub-goal postcondition of goal module6_whymltranspiler___wrap_with_no_exception_assert'vc.
Prover result is: Valid (0.01s, 9444 steps).

File "/home/fabrice/git/pycsl/scratchpad/w7/tmp/.pycsl_dt9cy9s4.mlw", line 2729, characters 15-134:
Sub-goal postcondition of goal module6_whymltranspiler___wrap_with_no_exception_assert'vc.
Prover result is: Valid (0.01s, 9445 steps).

File "/home/fabrice/git/pycsl/scratchpad/w7/tmp/.pycsl_dt9cy9s4.mlw", line 2730, characters 15-124:
Sub-goal postcondition of goal module6_whymltranspiler___wrap_with_no_exception_assert'vc.
Prover result is: Valid (0.01s, 9446 steps).

File "/home/fabrice/git/pycsl/scratchpad/w7/tmp/.pycsl_dt9cy9s4.mlw", line 2731, characters 15-132:
Sub-goal postcondition of goal module6_whymltranspiler___wrap_with_no_exception_assert'vc.
Prover result is: Valid (0.00s, 9447 steps).

File "/home/fabrice/git/pycsl/scratchpad/w7/tmp/.pycsl_dt9cy9s4.mlw", line 2732, characters 15-122:
Sub-goal postcondition of goal module6_whymltranspiler___wrap_with_no_exception_assert'vc.
Prover result is: Valid (0.01s, 9448 steps).

File "/home/fabrice/git/pycsl/scratchpad/w7/tmp/.pycsl_dt9cy9s4.mlw", line 2733, characters 15-122:
Sub-goal postcondition of goal module6_whymltranspiler___wrap_with_no_exception_assert'vc.
Prover result is: Valid (0.01s, 9449 steps).

File "/home/fabrice/git/pycsl/scratchpad/w7/tmp/.pycsl_dt9cy9s4.mlw", line 2734, characters 15-120:
Sub-goal postcondition of goal module6_whymltranspiler___wrap_with_no_exception_assert'vc.
Prover result is: Valid (0.01s, 9450 steps).

File "/home/fabrice/git/pycsl/scratchpad/w7/tmp/.pycsl_dt9cy9s4.mlw", line 2735, characters 15-120:
Sub-goal postcondition of goal module6_whymltranspiler___wrap_with_no_exception_assert'vc.
Prover result is: Valid (0.01s, 9451 steps).

File "/home/fabrice/git/pycsl/scratchpad/w7/tmp/.pycsl_dt9cy9s4.mlw", line 2736, characters 15-130:
Sub-goal postcondition of goal module6_whymltranspiler___wrap_with_no_exception_assert'vc.
Prover result is: Valid (0.01s, 9452 steps).

File "/home/fabrice/git/pycsl/scratchpad/w7/tmp/.pycsl_dt9cy9s4.mlw", line 2737, characters 15-108:
Sub-goal postcondition of goal module6_whymltranspiler___wrap_with_no_exception_assert'vc.
Prover result is: Valid (0.01s, 9453 steps).

File "/home/fabrice/git/pycsl/scratchpad/w7/tmp/.pycsl_dt9cy9s4.mlw", line 2738, characters 15-122:
Sub-goal postcondition of goal module6_whymltranspiler___wrap_with_no_exception_assert'vc.
Prover result is: Valid (0.01s, 9454 steps).

File "/home/fabrice/git/pycsl/scratchpad/w7/tmp/.pycsl_dt9cy9s4.mlw", line 2739, characters 15-106:
Sub-goal postcondition of goal module6_whymltranspiler___wrap_with_no_exception_assert'vc.
Prover result is: Valid (0.01s, 9455 steps).

File "/home/fabrice/git/pycsl/scratchpad/w7/tmp/.pycsl_dt9cy9s4.mlw", line 2740, characters 15-106:
Sub-goal postcondition of goal module6_whymltranspiler___wrap_with_no_exception_assert'vc.
Prover result is: Valid (0.01s, 9456 steps).

File "/home/fabrice/git/pycsl/scratchpad/w7/tmp/.pycsl_dt9cy9s4.mlw", line 2741, characters 15-100:
Sub-goal postcondition of goal module6_whymltranspiler___wrap_with_no_exception_assert'vc.
Prover result is: Valid (0.01s, 9457 steps).

File "/home/fabrice/git/pycsl/scratchpad/w7/tmp/.pycsl_dt9cy9s4.mlw", line 2742, characters 15-110:
Sub-goal postcondition of goal module6_whymltranspiler___wrap_with_no_exception_assert'vc.
Prover result is: Valid (0.01s, 9458 steps).

File "/home/fabrice/git/pycsl/scratchpad/w7/tmp/.pycsl_dt9cy9s4.mlw", line 2743, characters 15-102:
Sub-goal postcondition of goal module6_whymltranspiler___wrap_with_no_exception_assert'vc.
Prover result is: Valid (0.01s, 9459 steps).

File "/home/fabrice/git/pycsl/scratchpad/w7/tmp/.pycsl_dt9cy9s4.mlw", line 2744, characters 15-106:
Sub-goal postcondition of goal module6_whymltranspiler___wrap_with_no_exception_assert'vc.
Prover result is: Valid (0.01s, 9460 steps).

File "/home/fabrice/git/pycsl/scratchpad/w7/tmp/.pycsl_dt9cy9s4.mlw", line 2745, characters 15-102:
Sub-goal postcondition of goal module6_whymltranspiler___wrap_with_no_exception_assert'vc.
Prover result is: Valid (0.01s, 9461 steps).

File "/home/fabrice/git/pycsl/scratchpad/w7/tmp/.pycsl_dt9cy9s4.mlw", line 2746, characters 15-112:
Sub-goal postcondition of goal module6_whymltranspiler___wrap_with_no_exception_assert'vc.
Prover result is: Valid (0.01s, 9462 steps).

File "/home/fabrice/git/pycsl/scratchpad/w7/tmp/.pycsl_dt9cy9s4.mlw", line 2747, characters 15-114:
Sub-goal postcondition of goal module6_whymltranspiler___wrap_with_no_exception_assert'vc.
Prover result is: Valid (0.01s, 9463 steps).

File "/home/fabrice/git/pycsl/scratchpad/w7/tmp/.pycsl_dt9cy9s4.mlw", line 2748, characters 15-124:
Sub-goal postcondition of goal module6_whymltranspiler___wrap_with_no_exception_assert'vc.
Prover result is: Valid (0.01s, 9464 steps).

File "/home/fabrice/git/pycsl/scratchpad/w7/tmp/.pycsl_dt9cy9s4.mlw", line 2749, characters 15-116:
Sub-goal postcondition of goal module6_whymltranspiler___wrap_with_no_exception_assert'vc.
Prover result is: Valid (0.01s, 9465 steps).

File "/home/fabrice/git/pycsl/scratchpad/w7/tmp/.pycsl_dt9cy9s4.mlw", line 2750, characters 15-110:
Sub-goal postcondition of goal module6_whymltranspiler___wrap_with_no_exception_assert'vc.
Prover result is: Valid (0.01s, 9466 steps).

File "/home/fabrice/git/pycsl/scratchpad/w7/tmp/.pycsl_dt9cy9s4.mlw", line 2751, characters 15-118:
Sub-goal postcondition of goal module6_whymltranspiler___wrap_with_no_exception_assert'vc.
Prover result is: Valid (0.01s, 9467 steps).

File "/home/fabrice/git/pycsl/scratchpad/w7/tmp/.pycsl_dt9cy9s4.mlw", line 2752, characters 15-110:
Sub-goal postcondition of goal module6_whymltranspiler___wrap_with_no_exception_assert'vc.
Prover result is: Valid (0.01s, 9468 steps).

File "/home/fabrice/git/pycsl/scratchpad/w7/tmp/.pycsl_dt9cy9s4.mlw", line 2753, characters 15-108:
Sub-goal postcondition of goal module6_whymltranspiler___wrap_with_no_exception_assert'vc.
Prover result is: Valid (0.01s, 9469 steps).

File "/home/fabrice/git/pycsl/scratchpad/w7/tmp/.pycsl_dt9cy9s4.mlw", line 2754, characters 15-84:
Sub-goal postcondition of goal module6_whymltranspiler___wrap_with_no_exception_assert'vc.
Prover result is: Valid (0.01s, 9470 steps).

File "/home/fabrice/git/pycsl/scratchpad/w7/tmp/.pycsl_dt9cy9s4.mlw", line 2755, characters 15-84:
Sub-goal postcondition of goal module6_whymltranspiler___wrap_with_no_exception_assert'vc.
Prover result is: Valid (0.01s, 9471 steps).

File "/home/fabrice/git/pycsl/scratchpad/w7/tmp/.pycsl_dt9cy9s4.mlw", line 2756, characters 15-94:
Sub-goal postcondition of goal module6_whymltranspiler___wrap_with_no_exception_assert'vc.
Prover result is: Valid (0.01s, 9472 steps).

File "/home/fabrice/git/pycsl/scratchpad/w7/tmp/.pycsl_dt9cy9s4.mlw", line 2792, characters 79-147:
Sub-goal variant decrease of goal statementemissionmixin___collect_field_decode_str_locals__gstmt'vc.
Prover result is: Valid (0.02s, 24460 steps).

File "/home/fabrice/git/pycsl/scratchpad/w7/tmp/.pycsl_dt9cy9s4.mlw", line 2793, characters 24-92:
Sub-goal variant decrease of goal statementemissionmixin___collect_field_decode_str_locals__gstmt'vc.
Prover result is: Valid (0.01s, 24732 steps).

File "/home/fabrice/git/pycsl/scratchpad/w7/tmp/.pycsl_dt9cy9s4.mlw", line 2793, characters 24-92:
Sub-goal variant decrease of goal statementemissionmixin___collect_field_decode_str_locals__gstmt'vc.
Prover result is: Valid (0.01s, 24596 steps).

File "/home/fabrice/git/pycsl/scratchpad/w7/tmp/.pycsl_dt9cy9s4.mlw", line 2800, characters 24-94:
Sub-goal variant decrease of goal statementemissionmixin___collect_field_decode_str_locals__gtarget'vc.
Prover result is: Valid (0.01s, 24728 steps).

File "/home/fabrice/git/pycsl/scratchpad/w7/tmp/.pycsl_dt9cy9s4.mlw", line 2807, characters 24-93:
Sub-goal variant decrease of goal statementemissionmixin___collect_field_decode_str_locals__gvalue'vc.
Prover result is: Valid (0.01s, 24728 steps).

File "/home/fabrice/git/pycsl/scratchpad/w7/tmp/.pycsl_dt9cy9s4.mlw", line 2814, characters 24-93:
Sub-goal variant decrease of goal statementemissionmixin___collect_field_decode_str_locals__gvtype'vc.
Prover result is: Valid (0.01s, 24744 steps).

File "/home/fabrice/git/pycsl/scratchpad/w7/tmp/.pycsl_dt9cy9s4.mlw", line 2814, characters 24-93:
Sub-goal variant decrease of goal statementemissionmixin___collect_field_decode_str_locals__gvtype'vc.
Prover result is: Valid (0.01s, 24596 steps).

File "/home/fabrice/git/pycsl/scratchpad/w7/tmp/.pycsl_dt9cy9s4.mlw", line 2821, characters 24-93:
Sub-goal variant decrease of goal statementemissionmixin___collect_field_decode_str_locals__gvfunc'vc.
Prover result is: Valid (0.02s, 24744 steps).

File "/home/fabrice/git/pycsl/scratchpad/w7/tmp/.pycsl_dt9cy9s4.mlw", line 2821, characters 24-93:
Sub-goal variant decrease of goal statementemissionmixin___collect_field_decode_str_locals__gvfunc'vc.
Prover result is: Valid (0.01s, 24596 steps).

File "/home/fabrice/git/pycsl/scratchpad/w7/tmp/.pycsl_dt9cy9s4.mlw", line 2825, characters 32-36:
Sub-goal postcondition of goal statementemissionmixin___collect_field_decode_str_locals__leaf'vc.
Prover result is: Valid (0.01s, 9115 steps).

File "/home/fabrice/git/pycsl/scratchpad/w7/tmp/.pycsl_dt9cy9s4.mlw", line 2849, characters 94-161:
Sub-goal variant decrease of goal statementemissionmixin___collect_field_decode_str_locals__v'vc.
Prover result is: Valid (0.03s, 89313 steps).

File "/home/fabrice/git/pycsl/scratchpad/w7/tmp/.pycsl_dt9cy9s4.mlw", line 2849, characters 94-161:
Sub-goal precondition of goal statementemissionmixin___collect_field_decode_str_locals__v'vc.
Prover result is: Valid (0.01s, 9115 steps).

File "/home/fabrice/git/pycsl/scratchpad/w7/tmp/.pycsl_dt9cy9s4.mlw", line 2849, characters 27-93:
Sub-goal precondition of goal statementemissionmixin___collect_field_decode_str_locals__v'vc.
Prover result is: Valid (0.01s, 9124 steps).

File "/home/fabrice/git/pycsl/scratchpad/w7/tmp/.pycsl_dt9cy9s4.mlw", line 2850, characters 18-84:
Sub-goal variant decrease of goal statementemissionmixin___collect_field_decode_str_locals__v'vc.
Prover result is: Valid (0.03s, 89313 steps).

File "/home/fabrice/git/pycsl/scratchpad/w7/tmp/.pycsl_dt9cy9s4.mlw", line 2850, characters 18-84:
Sub-goal precondition of goal statementemissionmixin___collect_field_decode_str_locals__v'vc.
Prover result is: Valid (0.01s, 9115 steps).

File "/home/fabrice/git/pycsl/scratchpad/w7/tmp/.pycsl_dt9cy9s4.mlw", line 2847, characters 32-36:
Sub-goal postcondition of goal statementemissionmixin___collect_field_decode_str_locals__v'vc.
Prover result is: Valid (0.01s, 9106 steps).

File "/home/fabrice/git/pycsl/scratchpad/w7/tmp/.pycsl_dt9cy9s4.mlw", line 2858, characters 82-152:
Sub-goal variant decrease of goal statementemissionmixin___collect_field_decode_str_locals__dfold'vc.
Prover result is: Valid (0.03s, 96093 steps).

File "/home/fabrice/git/pycsl/scratchpad/w7/tmp/.pycsl_dt9cy9s4.mlw", line 2858, characters 82-152:
Sub-goal precondition of goal statementemissionmixin___collect_field_decode_str_locals__dfold'vc.
Prover result is: Valid (0.01s, 9132 steps).

File "/home/fabrice/git/pycsl/scratchpad/w7/tmp/.pycsl_dt9cy9s4.mlw", line 2858, characters 18-81:
Sub-goal variant decrease of goal statementemissionmixin___collect_field_decode_str_locals__dfold'vc.
Prover result is: Valid (0.03s, 96308 steps).

File "/home/fabrice/git/pycsl/scratchpad/w7/tmp/.pycsl_dt9cy9s4.mlw", line 2858, characters 18-81:
Sub-goal precondition of goal statementemissionmixin___collect_field_decode_str_locals__dfold'vc.
Prover result is: Valid (0.01s, 9141 steps).

File "/home/fabrice/git/pycsl/scratchpad/w7/tmp/.pycsl_dt9cy9s4.mlw", line 2854, characters 32-36:
Sub-goal postcondition of goal statementemissionmixin___collect_field_decode_str_locals__dfold'vc.
Prover result is: Valid (0.01s, 9106 steps).

File "/home/fabrice/git/pycsl/scratchpad/w7/tmp/.pycsl_dt9cy9s4.mlw", line 2862, characters 92-159:
Sub-goal variant decrease of goal statementemissionmixin___collect_field_decode_str_locals__lfold'vc.
Prover result is: Valid (0.03s, 95222 steps).

File "/home/fabrice/git/pycsl/scratchpad/w7/tmp/.pycsl_dt9cy9s4.mlw", line 2862, characters 92-159:
Sub-goal precondition of goal statementemissionmixin___collect_field_decode_str_locals__lfold'vc.
Prover result is: Valid (0.01s, 9058 steps).

File "/home/fabrice/git/pycsl/scratchpad/w7/tmp/.pycsl_dt9cy9s4.mlw", line 2862, characters 28-91:
Sub-goal variant decrease of goal statementemissionmixin___collect_field_decode_str_locals__lfold'vc.
Prover result is: Valid (0.03s, 96323 steps).

File "/home/fabrice/git/pycsl/scratchpad/w7/tmp/.pycsl_dt9cy9s4.mlw", line 2862, characters 28-91:
Sub-goal precondition of goal statementemissionmixin___collect_field_decode_str_locals__lfold'vc.
Prover result is: Valid (0.01s, 9067 steps).

File "/home/fabrice/git/pycsl/scratchpad/w7/tmp/.pycsl_dt9cy9s4.mlw", line 2860, characters 32-36:
Sub-goal postcondition of goal statementemissionmixin___collect_field_decode_str_locals__lfold'vc.
Prover result is: Valid (0.01s, 9106 steps).

File "/home/fabrice/git/pycsl/scratchpad/w7/tmp/.pycsl_dt9cy9s4.mlw", line 2865, characters 4-76:
Sub-goal precondition of goal statementemissionmixin___collect_field_decode_str_locals'vc.
Prover result is: Valid (0.01s, 9106 steps).

File "/home/fabrice/git/pycsl/scratchpad/w7/tmp/.pycsl_dt9cy9s4.mlw", line 2864, characters 32-36:
Sub-goal postcondition of goal statementemissionmixin___collect_field_decode_str_locals'vc.
Prover result is: Valid (0.01s, 9115 steps).

File "/home/fabrice/git/pycsl/scratchpad/w7/tmp/.pycsl_dt9cy9s4.mlw", line 3091, characters 70-134:
Sub-goal variant decrease of goal typeinferencemixin___collect_dict_var_assigns__get_dyn_stmt'vc.
Prover result is: Valid (0.01s, 24444 steps).

File "/home/fabrice/git/pycsl/scratchpad/w7/tmp/.pycsl_dt9cy9s4.mlw", line 3092, characters 24-88:
Sub-goal variant decrease of goal typeinferencemixin___collect_dict_var_assigns__get_dyn_stmt'vc.
Prover result is: Valid (0.01s, 24716 steps).

File "/home/fabrice/git/pycsl/scratchpad/w7/tmp/.pycsl_dt9cy9s4.mlw", line 3099, characters 24-87:
Sub-goal variant decrease of goal typeinferencemixin___collect_dict_var_assigns__get_K_value'vc.
Prover result is: Valid (0.01s, 24728 steps).

File "/home/fabrice/git/pycsl/scratchpad/w7/tmp/.pycsl_dt9cy9s4.mlw", line 3106, characters 24-88:
Sub-goal variant decrease of goal typeinferencemixin___collect_dict_var_assigns__get_K_target'vc.
Prover result is: Valid (0.01s, 24728 steps).

File "/home/fabrice/git/pycsl/scratchpad/w7/tmp/.pycsl_dt9cy9s4.mlw", line 3127, characters 81-130:
Sub-goal variant decrease of goal typeinferencemixin___collect_dict_var_assigns'vc.
Prover result is: Valid (0.03s, 95222 steps).

File "/home/fabrice/git/pycsl/scratchpad/w7/tmp/.pycsl_dt9cy9s4.mlw", line 3127, characters 81-130:
Sub-goal precondition of goal typeinferencemixin___collect_dict_var_assigns'vc.
Prover result is: Valid (0.01s, 9058 steps).

File "/home/fabrice/git/pycsl/scratchpad/w7/tmp/.pycsl_dt9cy9s4.mlw", line 3127, characters 28-80:
Sub-goal variant decrease of goal typeinferencemixin___collect_dict_var_assigns'vc.
Prover result is: Valid (0.04s, 96323 steps).

File "/home/fabrice/git/pycsl/scratchpad/w7/tmp/.pycsl_dt9cy9s4.mlw", line 3127, characters 28-80:
Sub-goal precondition of goal typeinferencemixin___collect_dict_var_assigns'vc.
Prover result is: Valid (0.01s, 9067 steps).

File "/home/fabrice/git/pycsl/scratchpad/w7/tmp/.pycsl_dt9cy9s4.mlw", line 3123, characters 32-36:
Sub-goal postcondition of goal typeinferencemixin___collect_dict_var_assigns'vc.
Prover result is: Valid (0.01s, 9106 steps).

File "/home/fabrice/git/pycsl/scratchpad/w7/tmp/.pycsl_dt9cy9s4.mlw", line 3131, characters 82-134:
Sub-goal variant decrease of goal typeinferencemixin___collect_dict_var_assigns__v'vc.
Prover result is: Valid (0.03s, 89313 steps).

File "/home/fabrice/git/pycsl/scratchpad/w7/tmp/.pycsl_dt9cy9s4.mlw", line 3131, characters 82-134:
Sub-goal precondition of goal typeinferencemixin___collect_dict_var_assigns__v'vc.
Prover result is: Valid (0.01s, 9115 steps).

File "/home/fabrice/git/pycsl/scratchpad/w7/tmp/.pycsl_dt9cy9s4.mlw", line 3132, characters 18-66:
Sub-goal variant decrease of goal typeinferencemixin___collect_dict_var_assigns__v'vc.
Prover result is: Valid (0.03s, 89313 steps).

File "/home/fabrice/git/pycsl/scratchpad/w7/tmp/.pycsl_dt9cy9s4.mlw", line 3132, characters 18-66:
Sub-goal precondition of goal typeinferencemixin___collect_dict_var_assigns__v'vc.
Prover result is: Valid (0.01s, 9115 steps).

File "/home/fabrice/git/pycsl/scratchpad/w7/tmp/.pycsl_dt9cy9s4.mlw", line 3129, characters 32-36:
Sub-goal postcondition of goal typeinferencemixin___collect_dict_var_assigns__v'vc.
Prover result is: Valid (0.01s, 9106 steps).

File "/home/fabrice/git/pycsl/scratchpad/w7/tmp/.pycsl_dt9cy9s4.mlw", line 3137, characters 87-142:
Sub-goal variant decrease of goal typeinferencemixin___collect_dict_var_assigns__d'vc.
Prover result is: Valid (0.03s, 97016 steps).

File "/home/fabrice/git/pycsl/scratchpad/w7/tmp/.pycsl_dt9cy9s4.mlw", line 3137, characters 87-142:
Sub-goal precondition of goal typeinferencemixin___collect_dict_var_assigns__d'vc.
Prover result is: Valid (0.01s, 9115 steps).

File "/home/fabrice/git/pycsl/scratchpad/w7/tmp/.pycsl_dt9cy9s4.mlw", line 3137, characters 34-86:
Sub-goal variant decrease of goal typeinferencemixin___collect_dict_var_assigns__d'vc.
Prover result is: Valid (0.03s, 98093 steps).

File "/home/fabrice/git/pycsl/scratchpad/w7/tmp/.pycsl_dt9cy9s4.mlw", line 3137, characters 34-86:
Sub-goal precondition of goal typeinferencemixin___collect_dict_var_assigns__d'vc.
Prover result is: Valid (0.01s, 9124 steps).

File "/home/fabrice/git/pycsl/scratchpad/w7/tmp/.pycsl_dt9cy9s4.mlw", line 3135, characters 32-36:
Sub-goal postcondition of goal typeinferencemixin___collect_dict_var_assigns__d'vc.
Prover result is: Valid (0.01s, 9106 steps).

File "/home/fabrice/git/pycsl/scratchpad/w7/tmp/.pycsl_dt9cy9s4.mlw", line 3143, characters 79-146:
Sub-goal variant decrease of goal typeinferencemixin___collect_struct_pack_assign_targets__gstmt'vc.
Prover result is: Valid (0.01s, 24460 steps).

File "/home/fabrice/git/pycsl/scratchpad/w7/tmp/.pycsl_dt9cy9s4.mlw", line 3144, characters 24-91:
Sub-goal variant decrease of goal typeinferencemixin___collect_struct_pack_assign_targets__gstmt'vc.
Prover result is: Valid (0.01s, 24732 steps).

File "/home/fabrice/git/pycsl/scratchpad/w7/tmp/.pycsl_dt9cy9s4.mlw", line 3144, characters 24-91:
Sub-goal variant decrease of goal typeinferencemixin___collect_struct_pack_assign_targets__gstmt'vc.
Prover result is: Valid (0.01s, 24596 steps).

File "/home/fabrice/git/pycsl/scratchpad/w7/tmp/.pycsl_dt9cy9s4.mlw", line 3151, characters 24-90:
Sub-goal variant decrease of goal typeinferencemixin___collect_struct_pack_assign_targets__gtgt'vc.
Prover result is: Valid (0.01s, 24744 steps).

File "/home/fabrice/git/pycsl/scratchpad/w7/tmp/.pycsl_dt9cy9s4.mlw", line 3151, characters 24-90:
Sub-goal variant decrease of goal typeinferencemixin___collect_struct_pack_assign_targets__gtgt'vc.
Prover result is: Valid (0.01s, 24596 steps).

File "/home/fabrice/git/pycsl/scratchpad/w7/tmp/.pycsl_dt9cy9s4.mlw", line 3158, characters 24-90:
Sub-goal variant decrease of goal typeinferencemixin___collect_struct_pack_assign_targets__gval'vc.
Prover result is: Valid (0.01s, 24728 steps).

File "/home/fabrice/git/pycsl/scratchpad/w7/tmp/.pycsl_dt9cy9s4.mlw", line 3165, characters 24-91:
Sub-goal variant decrease of goal typeinferencemixin___collect_struct_pack_assign_targets__gtype'vc.
Prover result is: Valid (0.01s, 24744 steps).

File "/home/fabrice/git/pycsl/scratchpad/w7/tmp/.pycsl_dt9cy9s4.mlw", line 3165, characters 24-91:
Sub-goal variant decrease of goal typeinferencemixin___collect_struct_pack_assign_targets__gtype'vc.
Prover result is: Valid (0.01s, 24596 steps).

File "/home/fabrice/git/pycsl/scratchpad/w7/tmp/.pycsl_dt9cy9s4.mlw", line 3172, characters 24-91:
Sub-goal variant decrease of goal typeinferencemixin___collect_struct_pack_assign_targets__gfunc'vc.
Prover result is: Valid (0.01s, 24744 steps).

File "/home/fabrice/git/pycsl/scratchpad/w7/tmp/.pycsl_dt9cy9s4.mlw", line 3172, characters 24-91:
Sub-goal variant decrease of goal typeinferencemixin___collect_struct_pack_assign_targets__gfunc'vc.
Prover result is: Valid (0.02s, 24596 steps).

File "/home/fabrice/git/pycsl/scratchpad/w7/tmp/.pycsl_dt9cy9s4.mlw", line 3180, characters 24-93:
Sub-goal variant decrease of goal typeinferencemixin___collect_struct_pack_assign_targets__Lbody_g'vc.
Prover result is: Valid (0.01s, 24728 steps).

File "/home/fabrice/git/pycsl/scratchpad/w7/tmp/.pycsl_dt9cy9s4.mlw", line 3176, characters 14-85:
Sub-goal postcondition of goal typeinferencemixin___collect_struct_pack_assign_targets__Lbody_g'vc.
Prover result is: Valid (0.03s, 84942 steps).

File "/home/fabrice/git/pycsl/scratchpad/w7/tmp/.pycsl_dt9cy9s4.mlw", line 3183, characters 14-45:
Sub-goal postcondition of goal typeinferencemixin___collect_struct_pack_assign_targets__Lbody'vc.
Prover result is: Valid (0.03s, 87899 steps).

File "/home/fabrice/git/pycsl/scratchpad/w7/tmp/.pycsl_dt9cy9s4.mlw", line 3183, characters 14-45:
Sub-goal postcondition of goal typeinferencemixin___collect_struct_pack_assign_targets__Lbody'vc.
Prover result is: Valid (0.85s, 7932604 steps).

File "/home/fabrice/git/pycsl/scratchpad/w7/tmp/.pycsl_dt9cy9s4.mlw", line 3183, characters 14-45:
Sub-goal postcondition of goal typeinferencemixin___collect_struct_pack_assign_targets__Lbody'vc.
Prover result is: Valid (0.15s, 407739 steps).

File "/home/fabrice/git/pycsl/scratchpad/w7/tmp/.pycsl_dt9cy9s4.mlw", line 3191, characters 24-95:
Sub-goal variant decrease of goal typeinferencemixin___collect_struct_pack_assign_targets__Lorelse_g'vc.
Prover result is: Valid (0.01s, 24728 steps).

File "/home/fabrice/git/pycsl/scratchpad/w7/tmp/.pycsl_dt9cy9s4.mlw", line 3187, characters 14-85:
Sub-goal postcondition of goal typeinferencemixin___collect_struct_pack_assign_targets__Lorelse_g'vc.
Prover result is: Valid (0.03s, 84942 steps).

File "/home/fabrice/git/pycsl/scratchpad/w7/tmp/.pycsl_dt9cy9s4.mlw", line 3194, characters 14-45:
Sub-goal postcondition of goal typeinferencemixin___collect_struct_pack_assign_targets__Lorelse'vc.
Prover result is: Valid (0.03s, 87899 steps).

File "/home/fabrice/git/pycsl/scratchpad/w7/tmp/.pycsl_dt9cy9s4.mlw", line 3194, characters 14-45:
Sub-goal postcondition of goal typeinferencemixin___collect_struct_pack_assign_targets__Lorelse'vc.
Prover result is: Valid (0.86s, 7932604 steps).

File "/home/fabrice/git/pycsl/scratchpad/w7/tmp/.pycsl_dt9cy9s4.mlw", line 3194, characters 14-45:
Sub-goal postcondition of goal typeinferencemixin___collect_struct_pack_assign_targets__Lorelse'vc.
Prover result is: Valid (0.09s, 407739 steps).

File "/home/fabrice/git/pycsl/scratchpad/w7/tmp/.pycsl_dt9cy9s4.mlw", line 3201, characters 74-147:
Sub-goal variant decrease of goal typeinferencemixin___collect_struct_pack_assign_targets__Lhandlers_g'vc.
Prover result is: Valid (0.01s, 24444 steps).

File "/home/fabrice/git/pycsl/scratchpad/w7/tmp/.pycsl_dt9cy9s4.mlw", line 3202, characters 24-97:
Sub-goal variant decrease of goal typeinferencemixin___collect_struct_pack_assign_targets__Lhandlers_g'vc.
Prover result is: Valid (0.01s, 24716 steps).

File "/home/fabrice/git/pycsl/scratchpad/w7/tmp/.pycsl_dt9cy9s4.mlw", line 3198, characters 14-85:
Sub-goal postcondition of goal typeinferencemixin___collect_struct_pack_assign_targets__Lhandlers_g'vc.
Prover result is: Valid (0.03s, 92349 steps).

File "/home/fabrice/git/pycsl/scratchpad/w7/tmp/.pycsl_dt9cy9s4.mlw", line 3205, characters 14-45:
Sub-goal postcondition of goal typeinferencemixin___collect_struct_pack_assign_targets__Lhandlers'vc.
Prover result is: Valid (0.03s, 87899 steps).

File "/home/fabrice/git/pycsl/scratchpad/w7/tmp/.pycsl_dt9cy9s4.mlw", line 3205, characters 14-45:
Sub-goal postcondition of goal typeinferencemixin___collect_struct_pack_assign_targets__Lhandlers'vc.
Prover result is: Valid (0.84s, 7932604 steps).

File "/home/fabrice/git/pycsl/scratchpad/w7/tmp/.pycsl_dt9cy9s4.mlw", line 3205, characters 14-45:
Sub-goal postcondition of goal typeinferencemixin___collect_struct_pack_assign_targets__Lhandlers'vc.
Prover result is: Valid (0.15s, 407739 steps).

File "/home/fabrice/git/pycsl/scratchpad/w7/tmp/.pycsl_dt9cy9s4.mlw", line 3208, characters 32-36:
Sub-goal postcondition of goal typeinferencemixin___collect_struct_pack_assign_targets__f'vc.
Prover result is: Valid (0.01s, 9063 steps).

File "/home/fabrice/git/pycsl/scratchpad/w7/tmp/.pycsl_dt9cy9s4.mlw", line 3229, characters 13-142:
Sub-goal variant decrease of goal typeinferencemixin___collect_struct_pack_assign_targets__f'vc.
Prover result is: Valid (0.04s, 104811 steps).

File "/home/fabrice/git/pycsl/scratchpad/w7/tmp/.pycsl_dt9cy9s4.mlw", line 3229, characters 13-142:
Sub-goal precondition of goal typeinferencemixin___collect_struct_pack_assign_targets__f'vc.
Prover result is: Valid (0.01s, 9547 steps).

File "/home/fabrice/git/pycsl/scratchpad/w7/tmp/.pycsl_dt9cy9s4.mlw", line 3230, characters 13-144:
Sub-goal variant decrease of goal typeinferencemixin___collect_struct_pack_assign_targets__f'vc.
Prover result is: Valid (0.04s, 105077 steps).

File "/home/fabrice/git/pycsl/scratchpad/w7/tmp/.pycsl_dt9cy9s4.mlw", line 3230, characters 13-144:
Sub-goal precondition of goal typeinferencemixin___collect_struct_pack_assign_targets__f'vc.
Prover result is: Valid (0.01s, 9558 steps).

File "/home/fabrice/git/pycsl/scratchpad/w7/tmp/.pycsl_dt9cy9s4.mlw", line 3231, characters 13-147:
Sub-goal variant decrease of goal typeinferencemixin___collect_struct_pack_assign_targets__f'vc.
Prover result is: Valid (0.03s, 105341 steps).

File "/home/fabrice/git/pycsl/scratchpad/w7/tmp/.pycsl_dt9cy9s4.mlw", line 3231, characters 13-147:
Sub-goal precondition of goal typeinferencemixin___collect_struct_pack_assign_targets__f'vc.
Prover result is: Valid (0.01s, 9567 steps).

File "/home/fabrice/git/pycsl/scratchpad/w7/tmp/.pycsl_dt9cy9s4.mlw", line 3233, characters 8-75:
Sub-goal variant decrease of goal typeinferencemixin___collect_struct_pack_assign_targets__f'vc.
Prover result is: Valid (0.03s, 105253 steps).

File "/home/fabrice/git/pycsl/scratchpad/w7/tmp/.pycsl_dt9cy9s4.mlw", line 3233, characters 8-75:
Sub-goal precondition of goal typeinferencemixin___collect_struct_pack_assign_targets__f'vc.
Prover result is: Valid (0.01s, 9567 steps).

File "/home/fabrice/git/pycsl/scratchpad/w7/tmp/.pycsl_dt9cy9s4.mlw", line 3208, characters 32-36:
Sub-goal postcondition of goal typeinferencemixin___collect_struct_pack_assign_targets__f'vc.
Prover result is: Valid (0.01s, 9567 steps).

File "/home/fabrice/git/pycsl/scratchpad/w7/tmp/.pycsl_dt9cy9s4.mlw", line 3229, characters 13-142:
Sub-goal variant decrease of goal typeinferencemixin___collect_struct_pack_assign_targets__f'vc.
Prover result is: Valid (0.03s, 99580 steps).

File "/home/fabrice/git/pycsl/scratchpad/w7/tmp/.pycsl_dt9cy9s4.mlw", line 3229, characters 13-142:
Sub-goal precondition of goal typeinferencemixin___collect_struct_pack_assign_targets__f'vc.
Prover result is: Valid (0.01s, 9139 steps).

File "/home/fabrice/git/pycsl/scratchpad/w7/tmp/.pycsl_dt9cy9s4.mlw", line 3230, characters 13-144:
Sub-goal variant decrease of goal typeinferencemixin___collect_struct_pack_assign_targets__f'vc.
Prover result is: Valid (0.03s, 99846 steps).

File "/home/fabrice/git/pycsl/scratchpad/w7/tmp/.pycsl_dt9cy9s4.mlw", line 3230, characters 13-144:
Sub-goal precondition of goal typeinferencemixin___collect_struct_pack_assign_targets__f'vc.
Prover result is: Valid (0.01s, 9150 steps).

File "/home/fabrice/git/pycsl/scratchpad/w7/tmp/.pycsl_dt9cy9s4.mlw", line 3231, characters 13-147:
Sub-goal variant decrease of goal typeinferencemixin___collect_struct_pack_assign_targets__f'vc.
Prover result is: Valid (0.03s, 100110 steps).

File "/home/fabrice/git/pycsl/scratchpad/w7/tmp/.pycsl_dt9cy9s4.mlw", line 3231, characters 13-147:
Sub-goal precondition of goal typeinferencemixin___collect_struct_pack_assign_targets__f'vc.
Prover result is: Valid (0.01s, 9159 steps).

File "/home/fabrice/git/pycsl/scratchpad/w7/tmp/.pycsl_dt9cy9s4.mlw", line 3233, characters 8-75:
Sub-goal variant decrease of goal typeinferencemixin___collect_struct_pack_assign_targets__f'vc.
Prover result is: Valid (0.03s, 100018 steps).

File "/home/fabrice/git/pycsl/scratchpad/w7/tmp/.pycsl_dt9cy9s4.mlw", line 3233, characters 8-75:
Sub-goal precondition of goal typeinferencemixin___collect_struct_pack_assign_targets__f'vc.
Prover result is: Valid (0.01s, 9159 steps).

File "/home/fabrice/git/pycsl/scratchpad/w7/tmp/.pycsl_dt9cy9s4.mlw", line 3208, characters 32-36:
Sub-goal postcondition of goal typeinferencemixin___collect_struct_pack_assign_targets__f'vc.
Prover result is: Valid (0.01s, 9159 steps).

File "/home/fabrice/git/pycsl/scratchpad/w7/tmp/.pycsl_dt9cy9s4.mlw", line 3229, characters 13-142:
Sub-goal variant decrease of goal typeinferencemixin___collect_struct_pack_assign_targets__f'vc.
Prover result is: Valid (0.03s, 99668 steps).

File "/home/fabrice/git/pycsl/scratchpad/w7/tmp/.pycsl_dt9cy9s4.mlw", line 3229, characters 13-142:
Sub-goal precondition of goal typeinferencemixin___collect_struct_pack_assign_targets__f'vc.
Prover result is: Valid (0.01s, 9144 steps).

File "/home/fabrice/git/pycsl/scratchpad/w7/tmp/.pycsl_dt9cy9s4.mlw", line 3230, characters 13-144:
Sub-goal variant decrease of goal typeinferencemixin___collect_struct_pack_assign_targets__f'vc.
Prover result is: Valid (0.03s, 99930 steps).

File "/home/fabrice/git/pycsl/scratchpad/w7/tmp/.pycsl_dt9cy9s4.mlw", line 3230, characters 13-144:
Sub-goal precondition of goal typeinferencemixin___collect_struct_pack_assign_targets__f'vc.
Prover result is: Valid (0.01s, 9155 steps).

File "/home/fabrice/git/pycsl/scratchpad/w7/tmp/.pycsl_dt9cy9s4.mlw", line 3231, characters 13-147:
Sub-goal variant decrease of goal typeinferencemixin___collect_struct_pack_assign_targets__f'vc.
Prover result is: Valid (0.02s, 100190 steps).

File "/home/fabrice/git/pycsl/scratchpad/w7/tmp/.pycsl_dt9cy9s4.mlw", line 3231, characters 13-147:
Sub-goal precondition of goal typeinferencemixin___collect_struct_pack_assign_targets__f'vc.
Prover result is: Valid (0.01s, 9164 steps).

File "/home/fabrice/git/pycsl/scratchpad/w7/tmp/.pycsl_dt9cy9s4.mlw", line 3233, characters 8-75:
Sub-goal variant decrease of goal typeinferencemixin___collect_struct_pack_assign_targets__f'vc.
Prover result is: Valid (0.03s, 100096 steps).

File "/home/fabrice/git/pycsl/scratchpad/w7/tmp/.pycsl_dt9cy9s4.mlw", line 3233, characters 8-75:
Sub-goal precondition of goal typeinferencemixin___collect_struct_pack_assign_targets__f'vc.
Prover result is: Valid (0.01s, 9164 steps).

File "/home/fabrice/git/pycsl/scratchpad/w7/tmp/.pycsl_dt9cy9s4.mlw", line 3208, characters 32-36:
Sub-goal postcondition of goal typeinferencemixin___collect_struct_pack_assign_targets__f'vc.
Prover result is: Valid (0.01s, 9164 steps).

File "/home/fabrice/git/pycsl/scratchpad/w7/tmp/.pycsl_dt9cy9s4.mlw", line 3229, characters 13-142:
Sub-goal variant decrease of goal typeinferencemixin___collect_struct_pack_assign_targets__f'vc.
Prover result is: Valid (0.03s, 96286 steps).

File "/home/fabrice/git/pycsl/scratchpad/w7/tmp/.pycsl_dt9cy9s4.mlw", line 3229, characters 13-142:
Sub-goal precondition of goal typeinferencemixin___collect_struct_pack_assign_targets__f'vc.
Prover result is: Valid (0.01s, 9153 steps).

File "/home/fabrice/git/pycsl/scratchpad/w7/tmp/.pycsl_dt9cy9s4.mlw", line 3230, characters 13-144:
Sub-goal variant decrease of goal typeinferencemixin___collect_struct_pack_assign_targets__f'vc.
Prover result is: Valid (0.03s, 96544 steps).

File "/home/fabrice/git/pycsl/scratchpad/w7/tmp/.pycsl_dt9cy9s4.mlw", line 3230, characters 13-144:
Sub-goal precondition of goal typeinferencemixin___collect_struct_pack_assign_targets__f'vc.
Prover result is: Valid (0.01s, 9164 steps).

File "/home/fabrice/git/pycsl/scratchpad/w7/tmp/.pycsl_dt9cy9s4.mlw", line 3231, characters 13-147:
Sub-goal variant decrease of goal typeinferencemixin___collect_struct_pack_assign_targets__f'vc.
Prover result is: Valid (0.03s, 96800 steps).

File "/home/fabrice/git/pycsl/scratchpad/w7/tmp/.pycsl_dt9cy9s4.mlw", line 3231, characters 13-147:
Sub-goal precondition of goal typeinferencemixin___collect_struct_pack_assign_targets__f'vc.
Prover result is: Valid (0.01s, 9173 steps).

File "/home/fabrice/git/pycsl/scratchpad/w7/tmp/.pycsl_dt9cy9s4.mlw", line 3233, characters 8-75:
Sub-goal variant decrease of goal typeinferencemixin___collect_struct_pack_assign_targets__f'vc.
Prover result is: Valid (0.03s, 96704 steps).

File "/home/fabrice/git/pycsl/scratchpad/w7/tmp/.pycsl_dt9cy9s4.mlw", line 3233, characters 8-75:
Sub-goal precondition of goal typeinferencemixin___collect_struct_pack_assign_targets__f'vc.
Prover result is: Valid (0.01s, 9173 steps).

File "/home/fabrice/git/pycsl/scratchpad/w7/tmp/.pycsl_dt9cy9s4.mlw", line 3208, characters 32-36:
Sub-goal postcondition of goal typeinferencemixin___collect_struct_pack_assign_targets__f'vc.
Prover result is: Valid (0.01s, 9173 steps).

File "/home/fabrice/git/pycsl/scratchpad/w7/tmp/.pycsl_dt9cy9s4.mlw", line 3229, characters 13-142:
Sub-goal variant decrease of goal typeinferencemixin___collect_struct_pack_assign_targets__f'vc.
Prover result is: Valid (0.03s, 95711 steps).

File "/home/fabrice/git/pycsl/scratchpad/w7/tmp/.pycsl_dt9cy9s4.mlw", line 3229, characters 13-142:
Sub-goal precondition of goal typeinferencemixin___collect_struct_pack_assign_targets__f'vc.
Prover result is: Valid (0.01s, 9084 steps).

File "/home/fabrice/git/pycsl/scratchpad/w7/tmp/.pycsl_dt9cy9s4.mlw", line 3230, characters 13-144:
Sub-goal variant decrease of goal typeinferencemixin___collect_struct_pack_assign_targets__f'vc.
Prover result is: Valid (0.03s, 95969 steps).

File "/home/fabrice/git/pycsl/scratchpad/w7/tmp/.pycsl_dt9cy9s4.mlw", line 3230, characters 13-144:
Sub-goal precondition of goal typeinferencemixin___collect_struct_pack_assign_targets__f'vc.
Prover result is: Valid (0.01s, 9095 steps).

File "/home/fabrice/git/pycsl/scratchpad/w7/tmp/.pycsl_dt9cy9s4.mlw", line 3231, characters 13-147:
Sub-goal variant decrease of goal typeinferencemixin___collect_struct_pack_assign_targets__f'vc.
Prover result is: Valid (0.03s, 96225 steps).

File "/home/fabrice/git/pycsl/scratchpad/w7/tmp/.pycsl_dt9cy9s4.mlw", line 3231, characters 13-147:
Sub-goal precondition of goal typeinferencemixin___collect_struct_pack_assign_targets__f'vc.
Prover result is: Valid (0.01s, 9104 steps).

File "/home/fabrice/git/pycsl/scratchpad/w7/tmp/.pycsl_dt9cy9s4.mlw", line 3233, characters 8-75:
Sub-goal variant decrease of goal typeinferencemixin___collect_struct_pack_assign_targets__f'vc.
Prover result is: Valid (0.03s, 96129 steps).

File "/home/fabrice/git/pycsl/scratchpad/w7/tmp/.pycsl_dt9cy9s4.mlw", line 3233, characters 8-75:
Sub-goal precondition of goal typeinferencemixin___collect_struct_pack_assign_targets__f'vc.
Prover result is: Valid (0.01s, 9104 steps).

File "/home/fabrice/git/pycsl/scratchpad/w7/tmp/.pycsl_dt9cy9s4.mlw", line 3208, characters 32-36:
Sub-goal postcondition of goal typeinferencemixin___collect_struct_pack_assign_targets__f'vc.
Prover result is: Valid (0.01s, 9104 steps).

File "/home/fabrice/git/pycsl/scratchpad/w7/tmp/.pycsl_dt9cy9s4.mlw", line 3229, characters 13-142:
Sub-goal variant decrease of goal typeinferencemixin___collect_struct_pack_assign_targets__f'vc.
Prover result is: Valid (0.04s, 95739 steps).

File "/home/fabrice/git/pycsl/scratchpad/w7/tmp/.pycsl_dt9cy9s4.mlw", line 3229, characters 13-142:
Sub-goal precondition of goal typeinferencemixin___collect_struct_pack_assign_targets__f'vc.
Prover result is: Valid (0.01s, 9093 steps).

File "/home/fabrice/git/pycsl/scratchpad/w7/tmp/.pycsl_dt9cy9s4.mlw", line 3230, characters 13-144:
Sub-goal variant decrease of goal typeinferencemixin___collect_struct_pack_assign_targets__f'vc.
Prover result is: Valid (0.03s, 95997 steps).

File "/home/fabrice/git/pycsl/scratchpad/w7/tmp/.pycsl_dt9cy9s4.mlw", line 3230, characters 13-144:
Sub-goal precondition of goal typeinferencemixin___collect_struct_pack_assign_targets__f'vc.
Prover result is: Valid (0.01s, 9104 steps).

File "/home/fabrice/git/pycsl/scratchpad/w7/tmp/.pycsl_dt9cy9s4.mlw", line 3231, characters 13-147:
Sub-goal variant decrease of goal typeinferencemixin___collect_struct_pack_assign_targets__f'vc.
Prover result is: Valid (0.03s, 96253 steps).

File "/home/fabrice/git/pycsl/scratchpad/w7/tmp/.pycsl_dt9cy9s4.mlw", line 3231, characters 13-147:
Sub-goal precondition of goal typeinferencemixin___collect_struct_pack_assign_targets__f'vc.
Prover result is: Valid (0.01s, 9113 steps).

File "/home/fabrice/git/pycsl/scratchpad/w7/tmp/.pycsl_dt9cy9s4.mlw", line 3233, characters 8-75:
Sub-goal variant decrease of goal typeinferencemixin___collect_struct_pack_assign_targets__f'vc.
Prover result is: Valid (0.03s, 96157 steps).

File "/home/fabrice/git/pycsl/scratchpad/w7/tmp/.pycsl_dt9cy9s4.mlw", line 3233, characters 8-75:
Sub-goal precondition of goal typeinferencemixin___collect_struct_pack_assign_targets__f'vc.
Prover result is: Valid (0.01s, 9113 steps).

File "/home/fabrice/git/pycsl/scratchpad/w7/tmp/.pycsl_dt9cy9s4.mlw", line 3208, characters 32-36:
Sub-goal postcondition of goal typeinferencemixin___collect_struct_pack_assign_targets__f'vc.
Prover result is: Valid (0.01s, 9113 steps).

File "/home/fabrice/git/pycsl/scratchpad/w7/tmp/.pycsl_dt9cy9s4.mlw", line 3229, characters 13-142:
Sub-goal variant decrease of goal typeinferencemixin___collect_struct_pack_assign_targets__f'vc.
Prover result is: Valid (0.03s, 95711 steps).

File "/home/fabrice/git/pycsl/scratchpad/w7/tmp/.pycsl_dt9cy9s4.mlw", line 3229, characters 13-142:
Sub-goal precondition of goal typeinferencemixin___collect_struct_pack_assign_targets__f'vc.
Prover result is: Valid (0.01s, 9084 steps).

File "/home/fabrice/git/pycsl/scratchpad/w7/tmp/.pycsl_dt9cy9s4.mlw", line 3230, characters 13-144:
Sub-goal variant decrease of goal typeinferencemixin___collect_struct_pack_assign_targets__f'vc.
Prover result is: Valid (0.03s, 95969 steps).

File "/home/fabrice/git/pycsl/scratchpad/w7/tmp/.pycsl_dt9cy9s4.mlw", line 3230, characters 13-144:
Sub-goal precondition of goal typeinferencemixin___collect_struct_pack_assign_targets__f'vc.
Prover result is: Valid (0.01s, 9095 steps).

File "/home/fabrice/git/pycsl/scratchpad/w7/tmp/.pycsl_dt9cy9s4.mlw", line 3231, characters 13-147:
Sub-goal variant decrease of goal typeinferencemixin___collect_struct_pack_assign_targets__f'vc.
Prover result is: Valid (0.04s, 96225 steps).

File "/home/fabrice/git/pycsl/scratchpad/w7/tmp/.pycsl_dt9cy9s4.mlw", line 3231, characters 13-147:
Sub-goal precondition of goal typeinferencemixin___collect_struct_pack_assign_targets__f'vc.
Prover result is: Valid (0.01s, 9104 steps).

File "/home/fabrice/git/pycsl/scratchpad/w7/tmp/.pycsl_dt9cy9s4.mlw", line 3233, characters 8-75:
Sub-goal variant decrease of goal typeinferencemixin___collect_struct_pack_assign_targets__f'vc.
Prover result is: Valid (0.03s, 96129 steps).

File "/home/fabrice/git/pycsl/scratchpad/w7/tmp/.pycsl_dt9cy9s4.mlw", line 3233, characters 8-75:
Sub-goal precondition of goal typeinferencemixin___collect_struct_pack_assign_targets__f'vc.
Prover result is: Valid (0.01s, 9104 steps).

File "/home/fabrice/git/pycsl/scratchpad/w7/tmp/.pycsl_dt9cy9s4.mlw", line 3208, characters 32-36:
Sub-goal postcondition of goal typeinferencemixin___collect_struct_pack_assign_targets__f'vc.
Prover result is: Valid (0.01s, 9104 steps).

File "/home/fabrice/git/pycsl/scratchpad/w7/tmp/.pycsl_dt9cy9s4.mlw", line 3233, characters 8-75:
Sub-goal variant decrease of goal typeinferencemixin___collect_struct_pack_assign_targets__f'vc.
Prover result is: Valid (0.02s, 96939 steps).

File "/home/fabrice/git/pycsl/scratchpad/w7/tmp/.pycsl_dt9cy9s4.mlw", line 3233, characters 8-75:
Sub-goal precondition of goal typeinferencemixin___collect_struct_pack_assign_targets__f'vc.
Prover result is: Valid (0.01s, 9136 steps).

File "/home/fabrice/git/pycsl/scratchpad/w7/tmp/.pycsl_dt9cy9s4.mlw", line 3208, characters 32-36:
Sub-goal postcondition of goal typeinferencemixin___collect_struct_pack_assign_targets__f'vc.
Prover result is: Valid (0.01s, 9136 steps).

File "/home/fabrice/git/pycsl/scratchpad/w7/tmp/.pycsl_dt9cy9s4.mlw", line 3236, characters 32-36:
Sub-goal postcondition of goal typeinferencemixin___collect_struct_pack_assign_targets__hf'vc.
Prover result is: Valid (0.01s, 9054 steps).

File "/home/fabrice/git/pycsl/scratchpad/w7/tmp/.pycsl_dt9cy9s4.mlw", line 3238, characters 47-177:
Sub-goal variant decrease of goal typeinferencemixin___collect_struct_pack_assign_targets__hf'vc.
Prover result is: Valid (0.02s, 95485 steps).

File "/home/fabrice/git/pycsl/scratchpad/w7/tmp/.pycsl_dt9cy9s4.mlw", line 3238, characters 47-177:
Sub-goal precondition of goal typeinferencemixin___collect_struct_pack_assign_targets__hf'vc.
Prover result is: Valid (0.01s, 9075 steps).

File "/home/fabrice/git/pycsl/scratchpad/w7/tmp/.pycsl_dt9cy9s4.mlw", line 3238, characters 194-262:
Sub-goal variant decrease of goal typeinferencemixin___collect_struct_pack_assign_targets__hf'vc.
Prover result is: Valid (0.02s, 95393 steps).

File "/home/fabrice/git/pycsl/scratchpad/w7/tmp/.pycsl_dt9cy9s4.mlw", line 3238, characters 194-262:
Sub-goal precondition of goal typeinferencemixin___collect_struct_pack_assign_targets__hf'vc.
Prover result is: Valid (0.01s, 9075 steps).

File "/home/fabrice/git/pycsl/scratchpad/w7/tmp/.pycsl_dt9cy9s4.mlw", line 3236, characters 32-36:
Sub-goal postcondition of goal typeinferencemixin___collect_struct_pack_assign_targets__hf'vc.
Prover result is: Valid (0.01s, 9075 steps).

File "/home/fabrice/git/pycsl/scratchpad/w7/tmp/.pycsl_dt9cy9s4.mlw", line 3238, characters 194-262:
Sub-goal variant decrease of goal typeinferencemixin___collect_struct_pack_assign_targets__hf'vc.
Prover result is: Valid (0.02s, 88471 steps).

File "/home/fabrice/git/pycsl/scratchpad/w7/tmp/.pycsl_dt9cy9s4.mlw", line 3238, characters 194-262:
Sub-goal precondition of goal typeinferencemixin___collect_struct_pack_assign_targets__hf'vc.
Prover result is: Valid (0.00s, 9127 steps).

File "/home/fabrice/git/pycsl/scratchpad/w7/tmp/.pycsl_dt9cy9s4.mlw", line 3236, characters 32-36:
Sub-goal postcondition of goal typeinferencemixin___collect_struct_pack_assign_targets__hf'vc.
Prover result is: Valid (0.01s, 9127 steps).

File "/home/fabrice/git/pycsl/scratchpad/w7/tmp/.pycsl_dt9cy9s4.mlw", line 3242, characters 36-101:
Sub-goal precondition of goal typeinferencemixin___collect_struct_pack_assign_targets'vc.
Prover result is: Valid (0.01s, 9115 steps).

File "/home/fabrice/git/pycsl/scratchpad/w7/tmp/.pycsl_dt9cy9s4.mlw", line 3240, characters 32-36:
Sub-goal postcondition of goal typeinferencemixin___collect_struct_pack_assign_targets'vc.
Prover result is: Valid (0.01s, 9124 steps).

File "/home/fabrice/git/pycsl/scratchpad/w7/tmp/.pycsl_dt9cy9s4.mlw", line 3240, characters 32-36:
Sub-goal postcondition of goal typeinferencemixin___collect_struct_pack_assign_targets'vc.
Prover result is: Valid (0.01s, 9175 steps).

File "/home/fabrice/git/pycsl/scratchpad/w7/tmp/.pycsl_dt9cy9s4.mlw", line 3252, characters 70-136:
Sub-goal variant decrease of goal typeinferencemixin___collect_tuple_array_locals__get_dyn_stmt'vc.
Prover result is: Valid (0.01s, 24444 steps).

File "/home/fabrice/git/pycsl/scratchpad/w7/tmp/.pycsl_dt9cy9s4.mlw", line 3253, characters 24-90:
Sub-goal variant decrease of goal typeinferencemixin___collect_tuple_array_locals__get_dyn_stmt'vc.
Prover result is: Valid (0.01s, 24716 steps).

File "/home/fabrice/git/pycsl/scratchpad/w7/tmp/.pycsl_dt9cy9s4.mlw", line 3260, characters 24-90:
Sub-goal variant decrease of goal typeinferencemixin___collect_tuple_array_locals__get_K_target'vc.
Prover result is: Valid (0.01s, 24728 steps).

File "/home/fabrice/git/pycsl/scratchpad/w7/tmp/.pycsl_dt9cy9s4.mlw", line 3277, characters 83-134:
Sub-goal variant decrease of goal typeinferencemixin___collect_tuple_array_locals'vc.
Prover result is: Valid (0.02s, 95222 steps).

File "/home/fabrice/git/pycsl/scratchpad/w7/tmp/.pycsl_dt9cy9s4.mlw", line 3277, characters 83-134:
Sub-goal precondition of goal typeinferencemixin___collect_tuple_array_locals'vc.
Prover result is: Valid (0.00s, 9058 steps).

File "/home/fabrice/git/pycsl/scratchpad/w7/tmp/.pycsl_dt9cy9s4.mlw", line 3277, characters 26-82:
Sub-goal variant decrease of goal typeinferencemixin___collect_tuple_array_locals'vc.
Prover result is: Valid (0.03s, 95181 steps).

File "/home/fabrice/git/pycsl/scratchpad/w7/tmp/.pycsl_dt9cy9s4.mlw", line 3277, characters 26-82:
Sub-goal precondition of goal typeinferencemixin___collect_tuple_array_locals'vc.
Prover result is: Valid (0.01s, 9058 steps).

File "/home/fabrice/git/pycsl/scratchpad/w7/tmp/.pycsl_dt9cy9s4.mlw", line 3273, characters 32-36:
Sub-goal postcondition of goal typeinferencemixin___collect_tuple_array_locals'vc.
Prover result is: Valid (0.01s, 9106 steps).

File "/home/fabrice/git/pycsl/scratchpad/w7/tmp/.pycsl_dt9cy9s4.mlw", line 3283, characters 82-139:
Sub-goal variant decrease of goal typeinferencemixin___collect_tuple_array_locals__val'vc.
Prover result is: Valid (0.03s, 89313 steps).

File "/home/fabrice/git/pycsl/scratchpad/w7/tmp/.pycsl_dt9cy9s4.mlw", line 3283, characters 82-139:
Sub-goal precondition of goal typeinferencemixin___collect_tuple_array_locals__val'vc.
Prover result is: Valid (0.01s, 9115 steps).

File "/home/fabrice/git/pycsl/scratchpad/w7/tmp/.pycsl_dt9cy9s4.mlw", line 3284, characters 18-68:
Sub-goal variant decrease of goal typeinferencemixin___collect_tuple_array_locals__val'vc.
Prover result is: Valid (0.03s, 89313 steps).

File "/home/fabrice/git/pycsl/scratchpad/w7/tmp/.pycsl_dt9cy9s4.mlw", line 3284, characters 18-68:
Sub-goal precondition of goal typeinferencemixin___collect_tuple_array_locals__val'vc.
Prover result is: Valid (0.01s, 9115 steps).

File "/home/fabrice/git/pycsl/scratchpad/w7/tmp/.pycsl_dt9cy9s4.mlw", line 3280, characters 32-36:
Sub-goal postcondition of goal typeinferencemixin___collect_tuple_array_locals__val'vc.
Prover result is: Valid (0.01s, 9106 steps).

File "/home/fabrice/git/pycsl/scratchpad/w7/tmp/.pycsl_dt9cy9s4.mlw", line 3292, characters 89-149:
Sub-goal variant decrease of goal typeinferencemixin___collect_tuple_array_locals__dict'vc.
Prover result is: Valid (0.03s, 97016 steps).

File "/home/fabrice/git/pycsl/scratchpad/w7/tmp/.pycsl_dt9cy9s4.mlw", line 3292, characters 89-149:
Sub-goal precondition of goal typeinferencemixin___collect_tuple_array_locals__dict'vc.
Prover result is: Valid (0.01s, 9115 steps).

File "/home/fabrice/git/pycsl/scratchpad/w7/tmp/.pycsl_dt9cy9s4.mlw", line 3292, characters 32-88:
Sub-goal variant decrease of goal typeinferencemixin___collect_tuple_array_locals__dict'vc.
Prover result is: Valid (0.03s, 96975 steps).

File "/home/fabrice/git/pycsl/scratchpad/w7/tmp/.pycsl_dt9cy9s4.mlw", line 3292, characters 32-88:
Sub-goal precondition of goal typeinferencemixin___collect_tuple_array_locals__dict'vc.
Prover result is: Valid (0.01s, 9115 steps).

File "/home/fabrice/git/pycsl/scratchpad/w7/tmp/.pycsl_dt9cy9s4.mlw", line 3288, characters 32-36:
Sub-goal postcondition of goal typeinferencemixin___collect_tuple_array_locals__dict'vc.
Prover result is: Valid (0.01s, 9106 steps).

File "/home/fabrice/git/pycsl/scratchpad/w7/tmp/.pycsl_dt9cy9s4.mlw", line 3298, characters 70-135:
Sub-goal variant decrease of goal typeinferencemixin___collect_tuple_var_assigns__get_dyn_stmt'vc.
Prover result is: Valid (0.01s, 24444 steps).

File "/home/fabrice/git/pycsl/scratchpad/w7/tmp/.pycsl_dt9cy9s4.mlw", line 3299, characters 24-89:
Sub-goal variant decrease of goal typeinferencemixin___collect_tuple_var_assigns__get_dyn_stmt'vc.
Prover result is: Valid (0.01s, 24716 steps).

File "/home/fabrice/git/pycsl/scratchpad/w7/tmp/.pycsl_dt9cy9s4.mlw", line 3306, characters 24-89:
Sub-goal variant decrease of goal typeinferencemixin___collect_tuple_var_assigns__get_K_target'vc.
Prover result is: Valid (0.01s, 24728 steps).

File "/home/fabrice/git/pycsl/scratchpad/w7/tmp/.pycsl_dt9cy9s4.mlw", line 3323, characters 82-132:
Sub-goal variant decrease of goal typeinferencemixin___collect_tuple_var_assigns'vc.
Prover result is: Valid (0.03s, 95222 steps).

File "/home/fabrice/git/pycsl/scratchpad/w7/tmp/.pycsl_dt9cy9s4.mlw", line 3323, characters 82-132:
Sub-goal precondition of goal typeinferencemixin___collect_tuple_var_assigns'vc.
Prover result is: Valid (0.01s, 9058 steps).

File "/home/fabrice/git/pycsl/scratchpad/w7/tmp/.pycsl_dt9cy9s4.mlw", line 3323, characters 26-81:
Sub-goal variant decrease of goal typeinferencemixin___collect_tuple_var_assigns'vc.
Prover result is: Valid (0.03s, 95181 steps).

File "/home/fabrice/git/pycsl/scratchpad/w7/tmp/.pycsl_dt9cy9s4.mlw", line 3323, characters 26-81:
Sub-goal precondition of goal typeinferencemixin___collect_tuple_var_assigns'vc.
Prover result is: Valid (0.01s, 9058 steps).

File "/home/fabrice/git/pycsl/scratchpad/w7/tmp/.pycsl_dt9cy9s4.mlw", line 3319, characters 32-36:
Sub-goal postcondition of goal typeinferencemixin___collect_tuple_var_assigns'vc.
Prover result is: Valid (0.01s, 9106 steps).

File "/home/fabrice/git/pycsl/scratchpad/w7/tmp/.pycsl_dt9cy9s4.mlw", line 3329, characters 81-137:
Sub-goal variant decrease of goal typeinferencemixin___collect_tuple_var_assigns__val'vc.
Prover result is: Valid (0.03s, 89313 steps).

File "/home/fabrice/git/pycsl/scratchpad/w7/tmp/.pycsl_dt9cy9s4.mlw", line 3329, characters 81-137:
Sub-goal precondition of goal typeinferencemixin___collect_tuple_var_assigns__val'vc.
Prover result is: Valid (0.01s, 9115 steps).

File "/home/fabrice/git/pycsl/scratchpad/w7/tmp/.pycsl_dt9cy9s4.mlw", line 3330, characters 18-67:
Sub-goal variant decrease of goal typeinferencemixin___collect_tuple_var_assigns__val'vc.
Prover result is: Valid (0.03s, 89313 steps).

File "/home/fabrice/git/pycsl/scratchpad/w7/tmp/.pycsl_dt9cy9s4.mlw", line 3330, characters 18-67:
Sub-goal precondition of goal typeinferencemixin___collect_tuple_var_assigns__val'vc.
Prover result is: Valid (0.01s, 9115 steps).

File "/home/fabrice/git/pycsl/scratchpad/w7/tmp/.pycsl_dt9cy9s4.mlw", line 3326, characters 32-36:
Sub-goal postcondition of goal typeinferencemixin___collect_tuple_var_assigns__val'vc.
Prover result is: Valid (0.01s, 9106 steps).

File "/home/fabrice/git/pycsl/scratchpad/w7/tmp/.pycsl_dt9cy9s4.mlw", line 3338, characters 88-147:
Sub-goal variant decrease of goal typeinferencemixin___collect_tuple_var_assigns__dict'vc.
Prover result is: Valid (0.02s, 97016 steps).

File "/home/fabrice/git/pycsl/scratchpad/w7/tmp/.pycsl_dt9cy9s4.mlw", line 3338, characters 88-147:
Sub-goal precondition of goal typeinferencemixin___collect_tuple_var_assigns__dict'vc.
Prover result is: Valid (0.01s, 9115 steps).

File "/home/fabrice/git/pycsl/scratchpad/w7/tmp/.pycsl_dt9cy9s4.mlw", line 3338, characters 32-87:
Sub-goal variant decrease of goal typeinferencemixin___collect_tuple_var_assigns__dict'vc.
Prover result is: Valid (0.03s, 96975 steps).

File "/home/fabrice/git/pycsl/scratchpad/w7/tmp/.pycsl_dt9cy9s4.mlw", line 3338, characters 32-87:
Sub-goal precondition of goal typeinferencemixin___collect_tuple_var_assigns__dict'vc.
Prover result is: Valid (0.01s, 9115 steps).

File "/home/fabrice/git/pycsl/scratchpad/w7/tmp/.pycsl_dt9cy9s4.mlw", line 3334, characters 32-36:
Sub-goal postcondition of goal typeinferencemixin___collect_tuple_var_assigns__dict'vc.
Prover result is: Valid (0.01s, 9106 steps).

File "/home/fabrice/git/pycsl/scratchpad/w7/tmp/.pycsl_dt9cy9s4.mlw", line 3345, characters 70-137:
Sub-goal variant decrease of goal typeinferencemixin___collect_variant_var_assigns__get_dyn_stmt'vc.
Prover result is: Valid (0.02s, 24444 steps).

File "/home/fabrice/git/pycsl/scratchpad/w7/tmp/.pycsl_dt9cy9s4.mlw", line 3346, characters 24-91:
Sub-goal variant decrease of goal typeinferencemixin___collect_variant_var_assigns__get_dyn_stmt'vc.
Prover result is: Valid (0.01s, 24716 steps).

File "/home/fabrice/git/pycsl/scratchpad/w7/tmp/.pycsl_dt9cy9s4.mlw", line 3353, characters 24-90:
Sub-goal variant decrease of goal typeinferencemixin___collect_variant_var_assigns__get_K_value'vc.
Prover result is: Valid (0.01s, 24728 steps).

File "/home/fabrice/git/pycsl/scratchpad/w7/tmp/.pycsl_dt9cy9s4.mlw", line 3360, characters 24-89:
Sub-goal variant decrease of goal typeinferencemixin___collect_variant_var_assigns__get_K_type'vc.
Prover result is: Valid (0.01s, 24728 steps).

File "/home/fabrice/git/pycsl/scratchpad/w7/tmp/.pycsl_dt9cy9s4.mlw", line 3367, characters 24-89:
Sub-goal variant decrease of goal typeinferencemixin___collect_variant_var_assigns__get_K_func'vc.
Prover result is: Valid (0.01s, 24728 steps).

File "/home/fabrice/git/pycsl/scratchpad/w7/tmp/.pycsl_dt9cy9s4.mlw", line 3374, characters 24-89:
Sub-goal variant decrease of goal typeinferencemixin___collect_variant_var_assigns__get_K_name'vc.
Prover result is: Valid (0.01s, 24728 steps).

File "/home/fabrice/git/pycsl/scratchpad/w7/tmp/.pycsl_dt9cy9s4.mlw", line 3381, characters 24-91:
Sub-goal variant decrease of goal typeinferencemixin___collect_variant_var_assigns__get_K_target'vc.
Prover result is: Valid (0.01s, 24728 steps).

File "/home/fabrice/git/pycsl/scratchpad/w7/tmp/.pycsl_dt9cy9s4.mlw", line 3402, characters 84-136:
Sub-goal variant decrease of goal typeinferencemixin___collect_variant_var_assigns'vc.
Prover result is: Valid (0.02s, 95222 steps).

File "/home/fabrice/git/pycsl/scratchpad/w7/tmp/.pycsl_dt9cy9s4.mlw", line 3402, characters 84-136:
Sub-goal precondition of goal typeinferencemixin___collect_variant_var_assigns'vc.
Prover result is: Valid (0.01s, 9058 steps).

File "/home/fabrice/git/pycsl/scratchpad/w7/tmp/.pycsl_dt9cy9s4.mlw", line 3402, characters 28-83:
Sub-goal variant decrease of goal typeinferencemixin___collect_variant_var_assigns'vc.
Prover result is: Valid (0.02s, 96323 steps).

File "/home/fabrice/git/pycsl/scratchpad/w7/tmp/.pycsl_dt9cy9s4.mlw", line 3402, characters 28-83:
Sub-goal precondition of goal typeinferencemixin___collect_variant_var_assigns'vc.
Prover result is: Valid (0.00s, 9067 steps).

File "/home/fabrice/git/pycsl/scratchpad/w7/tmp/.pycsl_dt9cy9s4.mlw", line 3398, characters 32-36:
Sub-goal postcondition of goal typeinferencemixin___collect_variant_var_assigns'vc.
Prover result is: Valid (0.01s, 9106 steps).

File "/home/fabrice/git/pycsl/scratchpad/w7/tmp/.pycsl_dt9cy9s4.mlw", line 3406, characters 85-140:
Sub-goal variant decrease of goal typeinferencemixin___collect_variant_var_assigns__v'vc.
Prover result is: Valid (0.02s, 89313 steps).

File "/home/fabrice/git/pycsl/scratchpad/w7/tmp/.pycsl_dt9cy9s4.mlw", line 3406, characters 85-140:
Sub-goal precondition of goal typeinferencemixin___collect_variant_var_assigns__v'vc.
Prover result is: Valid (0.01s, 9115 steps).

File "/home/fabrice/git/pycsl/scratchpad/w7/tmp/.pycsl_dt9cy9s4.mlw", line 3407, characters 18-69:
Sub-goal variant decrease of goal typeinferencemixin___collect_variant_var_assigns__v'vc.
Prover result is: Valid (0.02s, 89313 steps).

File "/home/fabrice/git/pycsl/scratchpad/w7/tmp/.pycsl_dt9cy9s4.mlw", line 3407, characters 18-69:
Sub-goal precondition of goal typeinferencemixin___collect_variant_var_assigns__v'vc.
Prover result is: Valid (0.01s, 9115 steps).

File "/home/fabrice/git/pycsl/scratchpad/w7/tmp/.pycsl_dt9cy9s4.mlw", line 3404, characters 32-36:
Sub-goal postcondition of goal typeinferencemixin___collect_variant_var_assigns__v'vc.
Prover result is: Valid (0.01s, 9106 steps).

File "/home/fabrice/git/pycsl/scratchpad/w7/tmp/.pycsl_dt9cy9s4.mlw", line 3412, characters 90-148:
Sub-goal variant decrease of goal typeinferencemixin___collect_variant_var_assigns__d'vc.
Prover result is: Valid (0.02s, 97016 steps).

File "/home/fabrice/git/pycsl/scratchpad/w7/tmp/.pycsl_dt9cy9s4.mlw", line 3412, characters 90-148:
Sub-goal precondition of goal typeinferencemixin___collect_variant_var_assigns__d'vc.
Prover result is: Valid (0.01s, 9115 steps).

File "/home/fabrice/git/pycsl/scratchpad/w7/tmp/.pycsl_dt9cy9s4.mlw", line 3412, characters 34-89:
Sub-goal variant decrease of goal typeinferencemixin___collect_variant_var_assigns__d'vc.
Prover result is: Valid (0.02s, 98093 steps).

File "/home/fabrice/git/pycsl/scratchpad/w7/tmp/.pycsl_dt9cy9s4.mlw", line 3412, characters 34-89:
Sub-goal precondition of goal typeinferencemixin___collect_variant_var_assigns__d'vc.
Prover result is: Valid (0.01s, 9124 steps).

File "/home/fabrice/git/pycsl/scratchpad/w7/tmp/.pycsl_dt9cy9s4.mlw", line 3410, characters 32-36:
Sub-goal postcondition of goal typeinferencemixin___collect_variant_var_assigns__d'vc.
Prover result is: Valid (0.01s, 9106 steps).

Warnings/Errors from Why3:
Warning, file "/home/fabrice/git/pycsl/scratchpad/w7/tmp/.pycsl_dt9cy9s4.mlw", line 665, characters 15-19: unused variable result
Warning, file "/home/fabrice/git/pycsl/scratchpad/w7/tmp/.pycsl_dt9cy9s4.mlw", line 667, characters 49-53: unused variable self
Warning, file "/home/fabrice/git/pycsl/scratchpad/w7/tmp/.pycsl_dt9cy9s4.mlw", line 667, characters 81-85: unused variable decl
Warning, file "/home/fabrice/git/pycsl/scratchpad/w7/tmp/.pycsl_dt9cy9s4.mlw", line 670, characters 50-54: unused variable self
Warning, file "/home/fabrice/git/pycsl/scratchpad/w7/tmp/.pycsl_dt9cy9s4.mlw", line 670, characters 82-86: unused variable name
Warning, file "/home/fabrice/git/pycsl/scratchpad/w7/tmp/.pycsl_dt9cy9s4.mlw", line 672, characters 15-19: unused variable result
Warning, file "/home/fabrice/git/pycsl/scratchpad/w7/tmp/.pycsl_dt9cy9s4.mlw", line 674, characters 50-54: unused variable self
Warning, file "/home/fabrice/git/pycsl/scratchpad/w7/tmp/.pycsl_dt9cy9s4.mlw", line 674, characters 82-91: unused variable whyml_str
Warning, file "/home/fabrice/git/pycsl/scratchpad/w7/tmp/.pycsl_dt9cy9s4.mlw", line 676, characters 15-19: unused variable result
Warning, file "/home/fabrice/git/pycsl/scratchpad/w7/tmp/.pycsl_dt9cy9s4.mlw", line 678, characters 52-56: unused variable self
Warning, file "/home/fabrice/git/pycsl/scratchpad/w7/tmp/.pycsl_dt9cy9s4.mlw", line 678, characters 84-88: unused variable args
Warning, file "/home/fabrice/git/pycsl/scratchpad/w7/tmp/.pycsl_dt9cy9s4.mlw", line 678, characters 105-114: unused variable func_name
Warning, file "/home/fabrice/git/pycsl/scratchpad/w7/tmp/.pycsl_dt9cy9s4.mlw", line 680, characters 15-19: unused variable result
Warning, file "/home/fabrice/git/pycsl/scratchpad/w7/tmp/.pycsl_dt9cy9s4.mlw", line 682, characters 85-89: unused variable expr
Warning, file "/home/fabrice/git/pycsl/scratchpad/w7/tmp/.pycsl_dt9cy9s4.mlw", line 682, characters 97-101: unused variable args
Warning, file "/home/fabrice/git/pycsl/scratchpad/w7/tmp/.pycsl_dt9cy9s4.mlw", line 682, characters 118-127: unused variable func_name
Warning, file "/home/fabrice/git/pycsl/scratchpad/w7/tmp/.pycsl_dt9cy9s4.mlw", line 682, characters 138-148: unused variable local_refs
Warning, file "/home/fabrice/git/pycsl/scratchpad/w7/tmp/.pycsl_dt9cy9s4.mlw", line 682, characters 156-169: unused variable invariant_ctx
Warning, file "/home/fabrice/git/pycsl/scratchpad/w7/tmp/.pycsl_dt9cy9s4.mlw", line 682, characters 177-182: unused variable subst
Warning, file "/home/fabrice/git/pycsl/scratchpad/w7/tmp/.pycsl_dt9cy9s4.mlw", line 684, characters 15-19: unused variable result
Warning, file "/home/fabrice/git/pycsl/scratchpad/w7/tmp/.pycsl_dt9cy9s4.mlw", line 687, characters 89-93: unused variable args
Warning, file "/home/fabrice/git/pycsl/scratchpad/w7/tmp/.pycsl_dt9cy9s4.mlw", line 687, characters 110-119: unused variable func_name
Warning, file "/home/fabrice/git/pycsl/scratchpad/w7/tmp/.pycsl_dt9cy9s4.mlw", line 687, characters 130-140: unused variable kwargs_map
Warning, file "/home/fabrice/git/pycsl/scratchpad/w7/tmp/.pycsl_dt9cy9s4.mlw", line 687, characters 148-157: unused variable kwargs_ir
Warning, file "/home/fabrice/git/pycsl/scratchpad/w7/tmp/.pycsl_dt9cy9s4.mlw", line 689, characters 15-19: unused variable result
Warning, file "/home/fabrice/git/pycsl/scratchpad/w7/tmp/.pycsl_dt9cy9s4.mlw", line 692, characters 41-45: unused variable self
Warning, file "/home/fabrice/git/pycsl/scratchpad/w7/tmp/.pycsl_dt9cy9s4.mlw", line 692, characters 73-74: unused variable d
Warning, file "/home/fabrice/git/pycsl/scratchpad/w7/tmp/.pycsl_dt9cy9s4.mlw", line 694, characters 15-19: unused variable result
Warning, file "/home/fabrice/git/pycsl/scratchpad/w7/tmp/.pycsl_dt9cy9s4.mlw", line 696, characters 52-56: unused variable self
Warning, file "/home/fabrice/git/pycsl/scratchpad/w7/tmp/.pycsl_dt9cy9s4.mlw", line 696, characters 84-88: unused variable args
Warning, file "/home/fabrice/git/pycsl/scratchpad/w7/tmp/.pycsl_dt9cy9s4.mlw", line 696, characters 105-116: unused variable param_types
Warning, file "/home/fabrice/git/pycsl/scratchpad/w7/tmp/.pycsl_dt9cy9s4.mlw", line 698, characters 15-19: unused variable result
Warning, file "/home/fabrice/git/pycsl/scratchpad/w7/tmp/.pycsl_dt9cy9s4.mlw", line 700, characters 48-52: unused variable self
Warning, file "/home/fabrice/git/pycsl/scratchpad/w7/tmp/.pycsl_dt9cy9s4.mlw", line 700, characters 80-89: unused variable whyml_str
Warning, file "/home/fabrice/git/pycsl/scratchpad/w7/tmp/.pycsl_dt9cy9s4.mlw", line 702, characters 15-19: unused variable result
Warning, file "/home/fabrice/git/pycsl/scratchpad/w7/tmp/.pycsl_dt9cy9s4.mlw", line 704, characters 47-51: unused variable self
Warning, file "/home/fabrice/git/pycsl/scratchpad/w7/tmp/.pycsl_dt9cy9s4.mlw", line 704, characters 79-88: unused variable whyml_str
Warning, file "/home/fabrice/git/pycsl/scratchpad/w7/tmp/.pycsl_dt9cy9s4.mlw", line 706, characters 15-19: unused variable result
Warning, file "/home/fabrice/git/pycsl/scratchpad/w7/tmp/.pycsl_dt9cy9s4.mlw", line 708, characters 87-91: unused variable expr
Warning, file "/home/fabrice/git/pycsl/scratchpad/w7/tmp/.pycsl_dt9cy9s4.mlw", line 708, characters 99-103: unused variable args
Warning, file "/home/fabrice/git/pycsl/scratchpad/w7/tmp/.pycsl_dt9cy9s4.mlw", line 708, characters 120-129: unused variable func_name
Warning, file "/home/fabrice/git/pycsl/scratchpad/w7/tmp/.pycsl_dt9cy9s4.mlw", line 708, characters 140-150: unused variable local_refs
Warning, file "/home/fabrice/git/pycsl/scratchpad/w7/tmp/.pycsl_dt9cy9s4.mlw", line 708, characters 158-171: unused variable invariant_ctx
Warning, file "/home/fabrice/git/pycsl/scratchpad/w7/tmp/.pycsl_dt9cy9s4.mlw", line 708, characters 179-184: unused variable subst
Warning, file "/home/fabrice/git/pycsl/scratchpad/w7/tmp/.pycsl_dt9cy9s4.mlw", line 710, characters 15-19: unused variable result
Warning, file "/home/fabrice/git/pycsl/scratchpad/w7/tmp/.pycsl_dt9cy9s4.mlw", line 713, characters 39-43: unused variable self
Warning, file "/home/fabrice/git/pycsl/scratchpad/w7/tmp/.pycsl_dt9cy9s4.mlw", line 713, characters 71-75: unused variable expr
Warning, file "/home/fabrice/git/pycsl/scratchpad/w7/tmp/.pycsl_dt9cy9s4.mlw", line 715, characters 15-19: unused variable result
Warning, file "/home/fabrice/git/pycsl/scratchpad/w7/tmp/.pycsl_dt9cy9s4.mlw", line 717, characters 87-101: unused variable result_ensures
Warning, file "/home/fabrice/git/pycsl/scratchpad/w7/tmp/.pycsl_dt9cy9s4.mlw", line 717, characters 115-116: unused variable n
Warning, file "/home/fabrice/git/pycsl/scratchpad/w7/tmp/.pycsl_dt9cy9s4.mlw", line 717, characters 124-135: unused variable param_types
Warning, file "/home/fabrice/git/pycsl/scratchpad/w7/tmp/.pycsl_dt9cy9s4.mlw", line 717, characters 152-162: unused variable field_spec
Warning, file "/home/fabrice/git/pycsl/scratchpad/w7/tmp/.pycsl_dt9cy9s4.mlw", line 719, characters 15-19: unused variable result
Warning, file "/home/fabrice/git/pycsl/scratchpad/w7/tmp/.pycsl_dt9cy9s4.mlw", line 722, characters 50-54: unused variable self
Warning, file "/home/fabrice/git/pycsl/scratchpad/w7/tmp/.pycsl_dt9cy9s4.mlw", line 722, characters 82-84: unused variable nu
Warning, file "/home/fabrice/git/pycsl/scratchpad/w7/tmp/.pycsl_dt9cy9s4.mlw", line 724, characters 15-19: unused variable result
Warning, file "/home/fabrice/git/pycsl/scratchpad/w7/tmp/.pycsl_dt9cy9s4.mlw", line 726, characters 52-56: unused variable self
Warning, file "/home/fabrice/git/pycsl/scratchpad/w7/tmp/.pycsl_dt9cy9s4.mlw", line 726, characters 84-86: unused variable nu
Warning, file "/home/fabrice/git/pycsl/scratchpad/w7/tmp/.pycsl_dt9cy9s4.mlw", line 728, characters 15-19: unused variable result
Warning, file "/home/fabrice/git/pycsl/scratchpad/w7/tmp/.pycsl_dt9cy9s4.mlw", line 730, characters 48-52: unused variable self
Warning, file "/home/fabrice/git/pycsl/scratchpad/w7/tmp/.pycsl_dt9cy9s4.mlw", line 730, characters 80-82: unused variable nu
Warning, file "/home/fabrice/git/pycsl/scratchpad/w7/tmp/.pycsl_dt9cy9s4.mlw", line 730, characters 90-98: unused variable val_expr
Warning, file "/home/fabrice/git/pycsl/scratchpad/w7/tmp/.pycsl_dt9cy9s4.mlw", line 732, characters 15-19: unused variable result
Warning, file "/home/fabrice/git/pycsl/scratchpad/w7/tmp/.pycsl_dt9cy9s4.mlw", line 734, characters 67-69: unused variable ir
Warning, file "/home/fabrice/git/pycsl/scratchpad/w7/tmp/.pycsl_dt9cy9s4.mlw", line 734, characters 77-79: unused variable lr
Warning, file "/home/fabrice/git/pycsl/scratchpad/w7/tmp/.pycsl_dt9cy9s4.mlw", line 736, characters 15-19: unused variable result
Warning, file "/home/fabrice/git/pycsl/scratchpad/w7/tmp/.pycsl_dt9cy9s4.mlw", line 739, characters 55-59: unused variable self
Warning, file "/home/fabrice/git/pycsl/scratchpad/w7/tmp/.pycsl_dt9cy9s4.mlw", line 739, characters 87-94: unused variable op_char
Warning, file "/home/fabrice/git/pycsl/scratchpad/w7/tmp/.pycsl_dt9cy9s4.mlw", line 739, characters 105-109: unused variable expr
Warning, file "/home/fabrice/git/pycsl/scratchpad/w7/tmp/.pycsl_dt9cy9s4.mlw", line 739, characters 117-121: unused variable left
Warning, file "/home/fabrice/git/pycsl/scratchpad/w7/tmp/.pycsl_dt9cy9s4.mlw", line 739, characters 132-137: unused variable right
Warning, file "/home/fabrice/git/pycsl/scratchpad/w7/tmp/.pycsl_dt9cy9s4.mlw", line 741, characters 15-19: unused variable result
Warning, file "/home/fabrice/git/pycsl/scratchpad/w7/tmp/.pycsl_dt9cy9s4.mlw", line 743, characters 60-64: unused variable self
Warning, file "/home/fabrice/git/pycsl/scratchpad/w7/tmp/.pycsl_dt9cy9s4.mlw", line 743, characters 92-101: unused variable func_name
Warning, file "/home/fabrice/git/pycsl/scratchpad/w7/tmp/.pycsl_dt9cy9s4.mlw", line 743, characters 112-116: unused variable expr
Warning, file "/home/fabrice/git/pycsl/scratchpad/w7/tmp/.pycsl_dt9cy9s4.mlw", line 743, characters 124-128: unused variable args
Warning, file "/home/fabrice/git/pycsl/scratchpad/w7/tmp/.pycsl_dt9cy9s4.mlw", line 745, characters 15-19: unused variable result
Warning, file "/home/fabrice/git/pycsl/scratchpad/w7/tmp/.pycsl_dt9cy9s4.mlw", line 747, characters 81-83: unused variable op
Warning, file "/home/fabrice/git/pycsl/scratchpad/w7/tmp/.pycsl_dt9cy9s4.mlw", line 747, characters 94-98: unused variable expr
Warning, file "/home/fabrice/git/pycsl/scratchpad/w7/tmp/.pycsl_dt9cy9s4.mlw", line 747, characters 106-110: unused variable left
Warning, file "/home/fabrice/git/pycsl/scratchpad/w7/tmp/.pycsl_dt9cy9s4.mlw", line 747, characters 121-126: unused variable right
Warning, file "/home/fabrice/git/pycsl/scratchpad/w7/tmp/.pycsl_dt9cy9s4.mlw", line 747, characters 137-147: unused variable local_refs
Warning, file "/home/fabrice/git/pycsl/scratchpad/w7/tmp/.pycsl_dt9cy9s4.mlw", line 747, characters 155-168: unused variable invariant_ctx
Warning, file "/home/fabrice/git/pycsl/scratchpad/w7/tmp/.pycsl_dt9cy9s4.mlw", line 747, characters 176-181: unused variable subst
Warning, file "/home/fabrice/git/pycsl/scratchpad/w7/tmp/.pycsl_dt9cy9s4.mlw", line 749, characters 15-19: unused variable result
Warning, file "/home/fabrice/git/pycsl/scratchpad/w7/tmp/.pycsl_dt9cy9s4.mlw", line 752, characters 52-56: unused variable self
Warning, file "/home/fabrice/git/pycsl/scratchpad/w7/tmp/.pycsl_dt9cy9s4.mlw", line 756, characters 79-83: unused variable expr
Warning, file "/home/fabrice/git/pycsl/scratchpad/w7/tmp/.pycsl_dt9cy9s4.mlw", line 756, characters 95-105: unused variable local_refs
Warning, file "/home/fabrice/git/pycsl/scratchpad/w7/tmp/.pycsl_dt9cy9s4.mlw", line 756, characters 130-143: unused variable invariant_ctx
Warning, file "/home/fabrice/git/pycsl/scratchpad/w7/tmp/.pycsl_dt9cy9s4.mlw", line 756, characters 151-156: unused variable subst
Warning, file "/home/fabrice/git/pycsl/scratchpad/w7/tmp/.pycsl_dt9cy9s4.mlw", line 758, characters 15-19: unused variable result
Warning, file "/home/fabrice/git/pycsl/scratchpad/w7/tmp/.pycsl_dt9cy9s4.mlw", line 761, characters 90-92: unused variable ir
Warning, file "/home/fabrice/git/pycsl/scratchpad/w7/tmp/.pycsl_dt9cy9s4.mlw", line 761, characters 104-114: unused variable local_refs
Warning, file "/home/fabrice/git/pycsl/scratchpad/w7/tmp/.pycsl_dt9cy9s4.mlw", line 763, characters 15-19: unused variable result
Warning, file "/home/fabrice/git/pycsl/scratchpad/w7/tmp/.pycsl_dt9cy9s4.mlw", line 766, characters 19-23: unused variable name
Warning, file "/home/fabrice/git/pycsl/scratchpad/w7/tmp/.pycsl_dt9cy9s4.mlw", line 768, characters 15-19: unused variable result
Warning, file "/home/fabrice/git/pycsl/scratchpad/w7/tmp/.pycsl_dt9cy9s4.mlw", line 770, characters 45-49: unused variable self
Warning, file "/home/fabrice/git/pycsl/scratchpad/w7/tmp/.pycsl_dt9cy9s4.mlw", line 770, characters 77-89: unused variable record_lower
Warning, file "/home/fabrice/git/pycsl/scratchpad/w7/tmp/.pycsl_dt9cy9s4.mlw", line 770, characters 100-105: unused variable field
Warning, file "/home/fabrice/git/pycsl/scratchpad/w7/tmp/.pycsl_dt9cy9s4.mlw", line 772, characters 15-19: unused variable result
Warning, file "/home/fabrice/git/pycsl/scratchpad/w7/tmp/.pycsl_dt9cy9s4.mlw", line 834, characters 32-36: unused variable result
Warning, file "/home/fabrice/git/pycsl/scratchpad/w7/tmp/.pycsl_dt9cy9s4.mlw", line 825, characters 32-36: unused variable result
Warning, file "/home/fabrice/git/pycsl/scratchpad/w7/tmp/.pycsl_dt9cy9s4.mlw", line 809, characters 32-36: unused variable result
Warning, file "/home/fabrice/git/pycsl/scratchpad/w7/tmp/.pycsl_dt9cy9s4.mlw", line 841, characters 82-84: unused variable pp
Warning, file "/home/fabrice/git/pycsl/scratchpad/w7/tmp/.pycsl_dt9cy9s4.mlw", line 841, characters 96-106: unused variable local_refs
Warning, file "/home/fabrice/git/pycsl/scratchpad/w7/tmp/.pycsl_dt9cy9s4.mlw", line 841, characters 131-144: unused variable invariant_ctx
Warning, file "/home/fabrice/git/pycsl/scratchpad/w7/tmp/.pycsl_dt9cy9s4.mlw", line 841, characters 152-157: unused variable subst
Warning, file "/home/fabrice/git/pycsl/scratchpad/w7/tmp/.pycsl_dt9cy9s4.mlw", line 843, characters 15-19: unused variable result
Warning, file "/home/fabrice/git/pycsl/scratchpad/w7/tmp/.pycsl_dt9cy9s4.mlw", line 846, characters 52-56: unused variable self
Warning, file "/home/fabrice/git/pycsl/scratchpad/w7/tmp/.pycsl_dt9cy9s4.mlw", line 846, characters 84-88: unused variable recv
Warning, file "/home/fabrice/git/pycsl/scratchpad/w7/tmp/.pycsl_dt9cy9s4.mlw", line 848, characters 15-19: unused variable result
Warning, file "/home/fabrice/git/pycsl/scratchpad/w7/tmp/.pycsl_dt9cy9s4.mlw", line 850, characters 85-89: unused variable node
Warning, file "/home/fabrice/git/pycsl/scratchpad/w7/tmp/.pycsl_dt9cy9s4.mlw", line 850, characters 101-111: unused variable local_refs
Warning, file "/home/fabrice/git/pycsl/scratchpad/w7/tmp/.pycsl_dt9cy9s4.mlw", line 850, characters 136-149: unused variable invariant_ctx
Warning, file "/home/fabrice/git/pycsl/scratchpad/w7/tmp/.pycsl_dt9cy9s4.mlw", line 850, characters 157-162: unused variable subst
Warning, file "/home/fabrice/git/pycsl/scratchpad/w7/tmp/.pycsl_dt9cy9s4.mlw", line 852, characters 15-19: unused variable result
Warning, file "/home/fabrice/git/pycsl/scratchpad/w7/tmp/.pycsl_dt9cy9s4.mlw", line 855, characters 54-58: unused variable self
Warning, file "/home/fabrice/git/pycsl/scratchpad/w7/tmp/.pycsl_dt9cy9s4.mlw", line 855, characters 86-90: unused variable node
Warning, file "/home/fabrice/git/pycsl/scratchpad/w7/tmp/.pycsl_dt9cy9s4.mlw", line 855, characters 102-112: unused variable local_refs
Warning, file "/home/fabrice/git/pycsl/scratchpad/w7/tmp/.pycsl_dt9cy9s4.mlw", line 855, characters 137-150: unused variable invariant_ctx
Warning, file "/home/fabrice/git/pycsl/scratchpad/w7/tmp/.pycsl_dt9cy9s4.mlw", line 855, characters 158-163: unused variable subst
Warning, file "/home/fabrice/git/pycsl/scratchpad/w7/tmp/.pycsl_dt9cy9s4.mlw", line 857, characters 15-19: unused variable result
Warning, file "/home/fabrice/git/pycsl/scratchpad/w7/tmp/.pycsl_dt9cy9s4.mlw", line 859, characters 80-84: unused variable node
Warning, file "/home/fabrice/git/pycsl/scratchpad/w7/tmp/.pycsl_dt9cy9s4.mlw", line 859, characters 92-102: unused variable local_refs
Warning, file "/home/fabrice/git/pycsl/scratchpad/w7/tmp/.pycsl_dt9cy9s4.mlw", line 859, characters 127-140: unused variable invariant_ctx
Warning, file "/home/fabrice/git/pycsl/scratchpad/w7/tmp/.pycsl_dt9cy9s4.mlw", line 859, characters 148-153: unused variable subst
Warning, file "/home/fabrice/git/pycsl/scratchpad/w7/tmp/.pycsl_dt9cy9s4.mlw", line 861, characters 15-19: unused variable result
Warning, file "/home/fabrice/git/pycsl/scratchpad/w7/tmp/.pycsl_dt9cy9s4.mlw", line 864, characters 87-91: unused variable node
Warning, file "/home/fabrice/git/pycsl/scratchpad/w7/tmp/.pycsl_dt9cy9s4.mlw", line 864, characters 99-109: unused variable local_refs
Warning, file "/home/fabrice/git/pycsl/scratchpad/w7/tmp/.pycsl_dt9cy9s4.mlw", line 864, characters 117-130: unused variable invariant_ctx
Warning, file "/home/fabrice/git/pycsl/scratchpad/w7/tmp/.pycsl_dt9cy9s4.mlw", line 864, characters 138-143: unused variable subst
Warning, file "/home/fabrice/git/pycsl/scratchpad/w7/tmp/.pycsl_dt9cy9s4.mlw", line 866, characters 15-19: unused variable result
Warning, file "/home/fabrice/git/pycsl/scratchpad/w7/tmp/.pycsl_dt9cy9s4.mlw", line 869, characters 78-82: unused variable node
Warning, file "/home/fabrice/git/pycsl/scratchpad/w7/tmp/.pycsl_dt9cy9s4.mlw", line 869, characters 90-100: unused variable local_refs
Warning, file "/home/fabrice/git/pycsl/scratchpad/w7/tmp/.pycsl_dt9cy9s4.mlw", line 869, characters 108-121: unused variable invariant_ctx
Warning, file "/home/fabrice/git/pycsl/scratchpad/w7/tmp/.pycsl_dt9cy9s4.mlw", line 869, characters 129-134: unused variable subst
Warning, file "/home/fabrice/git/pycsl/scratchpad/w7/tmp/.pycsl_dt9cy9s4.mlw", line 871, characters 15-19: unused variable result
Warning, file "/home/fabrice/git/pycsl/scratchpad/w7/tmp/.pycsl_dt9cy9s4.mlw", line 874, characters 82-86: unused variable node
Warning, file "/home/fabrice/git/pycsl/scratchpad/w7/tmp/.pycsl_dt9cy9s4.mlw", line 874, characters 94-104: unused variable local_refs
Warning, file "/home/fabrice/git/pycsl/scratchpad/w7/tmp/.pycsl_dt9cy9s4.mlw", line 874, characters 112-125: unused variable invariant_ctx
Warning, file "/home/fabrice/git/pycsl/scratchpad/w7/tmp/.pycsl_dt9cy9s4.mlw", line 874, characters 133-138: unused variable subst
Warning, file "/home/fabrice/git/pycsl/scratchpad/w7/tmp/.pycsl_dt9cy9s4.mlw", line 876, characters 15-19: unused variable result
Warning, file "/home/fabrice/git/pycsl/scratchpad/w7/tmp/.pycsl_dt9cy9s4.mlw", line 879, characters 84-93: unused variable func_name
Warning, file "/home/fabrice/git/pycsl/scratchpad/w7/tmp/.pycsl_dt9cy9s4.mlw", line 879, characters 104-108: unused variable args
Warning, file "/home/fabrice/git/pycsl/scratchpad/w7/tmp/.pycsl_dt9cy9s4.mlw", line 879, characters 125-132: unused variable arg_irs
Warning, file "/home/fabrice/git/pycsl/scratchpad/w7/tmp/.pycsl_dt9cy9s4.mlw", line 881, characters 15-19: unused variable result
Warning, file "/home/fabrice/git/pycsl/scratchpad/w7/tmp/.pycsl_dt9cy9s4.mlw", line 884, characters 55-59: unused variable self
Warning, file "/home/fabrice/git/pycsl/scratchpad/w7/tmp/.pycsl_dt9cy9s4.mlw", line 884, characters 87-91: unused variable node
Warning, file "/home/fabrice/git/pycsl/scratchpad/w7/tmp/.pycsl_dt9cy9s4.mlw", line 884, characters 103-116: unused variable invariant_ctx
Warning, file "/home/fabrice/git/pycsl/scratchpad/w7/tmp/.pycsl_dt9cy9s4.mlw", line 886, characters 15-19: unused variable result
Warning, file "/home/fabrice/git/pycsl/scratchpad/w7/tmp/.pycsl_dt9cy9s4.mlw", line 888, characters 85-89: unused variable node
Warning, file "/home/fabrice/git/pycsl/scratchpad/w7/tmp/.pycsl_dt9cy9s4.mlw", line 888, characters 101-111: unused variable local_refs
Warning, file "/home/fabrice/git/pycsl/scratchpad/w7/tmp/.pycsl_dt9cy9s4.mlw", line 888, characters 136-149: unused variable invariant_ctx
Warning, file "/home/fabrice/git/pycsl/scratchpad/w7/tmp/.pycsl_dt9cy9s4.mlw", line 888, characters 157-162: unused variable subst
Warning, file "/home/fabrice/git/pycsl/scratchpad/w7/tmp/.pycsl_dt9cy9s4.mlw", line 890, characters 15-19: unused variable result
Warning, file "/home/fabrice/git/pycsl/scratchpad/w7/tmp/.pycsl_dt9cy9s4.mlw", line 893, characters 84-88: unused variable node
Warning, file "/home/fabrice/git/pycsl/scratchpad/w7/tmp/.pycsl_dt9cy9s4.mlw", line 893, characters 96-106: unused variable local_refs
Warning, file "/home/fabrice/git/pycsl/scratchpad/w7/tmp/.pycsl_dt9cy9s4.mlw", line 893, characters 131-144: unused variable invariant_ctx
Warning, file "/home/fabrice/git/pycsl/scratchpad/w7/tmp/.pycsl_dt9cy9s4.mlw", line 893, characters 152-157: unused variable subst
Warning, file "/home/fabrice/git/pycsl/scratchpad/w7/tmp/.pycsl_dt9cy9s4.mlw", line 895, characters 15-19: unused variable result
Warning, file "/home/fabrice/git/pycsl/scratchpad/w7/tmp/.pycsl_dt9cy9s4.mlw", line 918, characters 32-36: unused variable result
Warning, file "/home/fabrice/git/pycsl/scratchpad/w7/tmp/.pycsl_dt9cy9s4.mlw", line 924, characters 56-60: unused variable self
Warning, file "/home/fabrice/git/pycsl/scratchpad/w7/tmp/.pycsl_dt9cy9s4.mlw", line 924, characters 88-92: unused variable node
Warning, file "/home/fabrice/git/pycsl/scratchpad/w7/tmp/.pycsl_dt9cy9s4.mlw", line 924, characters 104-114: unused variable local_refs
Warning, file "/home/fabrice/git/pycsl/scratchpad/w7/tmp/.pycsl_dt9cy9s4.mlw", line 924, characters 139-152: unused variable invariant_ctx
Warning, file "/home/fabrice/git/pycsl/scratchpad/w7/tmp/.pycsl_dt9cy9s4.mlw", line 924, characters 160-165: unused variable subst
Warning, file "/home/fabrice/git/pycsl/scratchpad/w7/tmp/.pycsl_dt9cy9s4.mlw", line 926, characters 15-19: unused variable result
Warning, file "/home/fabrice/git/pycsl/scratchpad/w7/tmp/.pycsl_dt9cy9s4.mlw", line 928, characters 54-58: unused variable self
Warning, file "/home/fabrice/git/pycsl/scratchpad/w7/tmp/.pycsl_dt9cy9s4.mlw", line 928, characters 86-90: unused variable node
Warning, file "/home/fabrice/git/pycsl/scratchpad/w7/tmp/.pycsl_dt9cy9s4.mlw", line 928, characters 102-112: unused variable local_refs
Warning, file "/home/fabrice/git/pycsl/scratchpad/w7/tmp/.pycsl_dt9cy9s4.mlw", line 928, characters 137-150: unused variable invariant_ctx
Warning, file "/home/fabrice/git/pycsl/scratchpad/w7/tmp/.pycsl_dt9cy9s4.mlw", line 928, characters 158-163: unused variable subst
Warning, file "/home/fabrice/git/pycsl/scratchpad/w7/tmp/.pycsl_dt9cy9s4.mlw", line 930, characters 15-19: unused variable result
Warning, file "/home/fabrice/git/pycsl/scratchpad/w7/tmp/.pycsl_dt9cy9s4.mlw", line 932, characters 83-87: unused variable expr
Warning, file "/home/fabrice/git/pycsl/scratchpad/w7/tmp/.pycsl_dt9cy9s4.mlw", line 932, characters 95-105: unused variable local_refs
Warning, file "/home/fabrice/git/pycsl/scratchpad/w7/tmp/.pycsl_dt9cy9s4.mlw", line 934, characters 15-19: unused variable result
Warning, file "/home/fabrice/git/pycsl/scratchpad/w7/tmp/.pycsl_dt9cy9s4.mlw", line 937, characters 86-90: unused variable node
Warning, file "/home/fabrice/git/pycsl/scratchpad/w7/tmp/.pycsl_dt9cy9s4.mlw", line 937, characters 102-112: unused variable local_refs
Warning, file "/home/fabrice/git/pycsl/scratchpad/w7/tmp/.pycsl_dt9cy9s4.mlw", line 937, characters 137-150: unused variable invariant_ctx
Warning, file "/home/fabrice/git/pycsl/scratchpad/w7/tmp/.pycsl_dt9cy9s4.mlw", line 937, characters 158-163: unused variable subst
Warning, file "/home/fabrice/git/pycsl/scratchpad/w7/tmp/.pycsl_dt9cy9s4.mlw", line 939, characters 15-19: unused variable result
Warning, file "/home/fabrice/git/pycsl/scratchpad/w7/tmp/.pycsl_dt9cy9s4.mlw", line 942, characters 82-86: unused variable expr
Warning, file "/home/fabrice/git/pycsl/scratchpad/w7/tmp/.pycsl_dt9cy9s4.mlw", line 942, characters 94-98: unused variable args
Warning, file "/home/fabrice/git/pycsl/scratchpad/w7/tmp/.pycsl_dt9cy9s4.mlw", line 942, characters 115-125: unused variable local_refs
Warning, file "/home/fabrice/git/pycsl/scratchpad/w7/tmp/.pycsl_dt9cy9s4.mlw", line 942, characters 133-146: unused variable invariant_ctx
Warning, file "/home/fabrice/git/pycsl/scratchpad/w7/tmp/.pycsl_dt9cy9s4.mlw", line 942, characters 154-159: unused variable subst
Warning, file "/home/fabrice/git/pycsl/scratchpad/w7/tmp/.pycsl_dt9cy9s4.mlw", line 944, characters 15-19: unused variable result
Warning, file "/home/fabrice/git/pycsl/scratchpad/w7/tmp/.pycsl_dt9cy9s4.mlw", line 947, characters 84-88: unused variable node
Warning, file "/home/fabrice/git/pycsl/scratchpad/w7/tmp/.pycsl_dt9cy9s4.mlw", line 947, characters 100-110: unused variable local_refs
Warning, file "/home/fabrice/git/pycsl/scratchpad/w7/tmp/.pycsl_dt9cy9s4.mlw", line 947, characters 135-148: unused variable invariant_ctx
Warning, file "/home/fabrice/git/pycsl/scratchpad/w7/tmp/.pycsl_dt9cy9s4.mlw", line 947, characters 156-161: unused variable subst
Warning, file "/home/fabrice/git/pycsl/scratchpad/w7/tmp/.pycsl_dt9cy9s4.mlw", line 949, characters 15-19: unused variable result
Warning, file "/home/fabrice/git/pycsl/scratchpad/w7/tmp/.pycsl_dt9cy9s4.mlw", line 952, characters 49-53: unused variable self
Warning, file "/home/fabrice/git/pycsl/scratchpad/w7/tmp/.pycsl_dt9cy9s4.mlw", line 952, characters 81-85: unused variable expr
Warning, file "/home/fabrice/git/pycsl/scratchpad/w7/tmp/.pycsl_dt9cy9s4.mlw", line 952, characters 93-97: unused variable args
Warning, file "/home/fabrice/git/pycsl/scratchpad/w7/tmp/.pycsl_dt9cy9s4.mlw", line 954, characters 15-19: unused variable result
Warning, file "/home/fabrice/git/pycsl/scratchpad/w7/tmp/.pycsl_dt9cy9s4.mlw", line 956, characters 86-90: unused variable node
Warning, file "/home/fabrice/git/pycsl/scratchpad/w7/tmp/.pycsl_dt9cy9s4.mlw", line 956, characters 102-112: unused variable local_refs
Warning, file "/home/fabrice/git/pycsl/scratchpad/w7/tmp/.pycsl_dt9cy9s4.mlw", line 956, characters 137-150: unused variable invariant_ctx
Warning, file "/home/fabrice/git/pycsl/scratchpad/w7/tmp/.pycsl_dt9cy9s4.mlw", line 956, characters 158-163: unused variable subst
Warning, file "/home/fabrice/git/pycsl/scratchpad/w7/tmp/.pycsl_dt9cy9s4.mlw", line 958, characters 15-19: unused variable result
Warning, file "/home/fabrice/git/pycsl/scratchpad/w7/tmp/.pycsl_dt9cy9s4.mlw", line 961, characters 88-92: unused variable node
Warning, file "/home/fabrice/git/pycsl/scratchpad/w7/tmp/.pycsl_dt9cy9s4.mlw", line 961, characters 100-110: unused variable local_refs
Warning, file "/home/fabrice/git/pycsl/scratchpad/w7/tmp/.pycsl_dt9cy9s4.mlw", line 961, characters 135-148: unused variable invariant_ctx
Warning, file "/home/fabrice/git/pycsl/scratchpad/w7/tmp/.pycsl_dt9cy9s4.mlw", line 961, characters 156-161: unused variable subst
Warning, file "/home/fabrice/git/pycsl/scratchpad/w7/tmp/.pycsl_dt9cy9s4.mlw", line 963, characters 15-19: unused variable result
Warning, file "/home/fabrice/git/pycsl/scratchpad/w7/tmp/.pycsl_dt9cy9s4.mlw", line 966, characters 81-85: unused variable node
Warning, file "/home/fabrice/git/pycsl/scratchpad/w7/tmp/.pycsl_dt9cy9s4.mlw", line 966, characters 93-103: unused variable local_refs
Warning, file "/home/fabrice/git/pycsl/scratchpad/w7/tmp/.pycsl_dt9cy9s4.mlw", line 966, characters 128-141: unused variable invariant_ctx
Warning, file "/home/fabrice/git/pycsl/scratchpad/w7/tmp/.pycsl_dt9cy9s4.mlw", line 966, characters 149-154: unused variable subst
Warning, file "/home/fabrice/git/pycsl/scratchpad/w7/tmp/.pycsl_dt9cy9s4.mlw", line 968, characters 15-19: unused variable result
Warning, file "/home/fabrice/git/pycsl/scratchpad/w7/tmp/.pycsl_dt9cy9s4.mlw", line 971, characters 89-93: unused variable node
Warning, file "/home/fabrice/git/pycsl/scratchpad/w7/tmp/.pycsl_dt9cy9s4.mlw", line 971, characters 105-115: unused variable local_refs
Warning, file "/home/fabrice/git/pycsl/scratchpad/w7/tmp/.pycsl_dt9cy9s4.mlw", line 971, characters 140-153: unused variable invariant_ctx
Warning, file "/home/fabrice/git/pycsl/scratchpad/w7/tmp/.pycsl_dt9cy9s4.mlw", line 971, characters 161-166: unused variable subst
Warning, file "/home/fabrice/git/pycsl/scratchpad/w7/tmp/.pycsl_dt9cy9s4.mlw", line 973, characters 15-19: unused variable result
Warning, file "/home/fabrice/git/pycsl/scratchpad/w7/tmp/.pycsl_dt9cy9s4.mlw", line 976, characters 87-91: unused variable node
Warning, file "/home/fabrice/git/pycsl/scratchpad/w7/tmp/.pycsl_dt9cy9s4.mlw", line 976, characters 103-113: unused variable local_refs
Warning, file "/home/fabrice/git/pycsl/scratchpad/w7/tmp/.pycsl_dt9cy9s4.mlw", line 976, characters 138-151: unused variable invariant_ctx
Warning, file "/home/fabrice/git/pycsl/scratchpad/w7/tmp/.pycsl_dt9cy9s4.mlw", line 976, characters 159-164: unused variable subst
Warning, file "/home/fabrice/git/pycsl/scratchpad/w7/tmp/.pycsl_dt9cy9s4.mlw", line 978, characters 15-19: unused variable result
Warning, file "/home/fabrice/git/pycsl/scratchpad/w7/tmp/.pycsl_dt9cy9s4.mlw", line 981, characters 84-88: unused variable node
Warning, file "/home/fabrice/git/pycsl/scratchpad/w7/tmp/.pycsl_dt9cy9s4.mlw", line 981, characters 100-110: unused variable local_refs
Warning, file "/home/fabrice/git/pycsl/scratchpad/w7/tmp/.pycsl_dt9cy9s4.mlw", line 981, characters 135-148: unused variable invariant_ctx
Warning, file "/home/fabrice/git/pycsl/scratchpad/w7/tmp/.pycsl_dt9cy9s4.mlw", line 981, characters 156-161: unused variable subst
Warning, file "/home/fabrice/git/pycsl/scratchpad/w7/tmp/.pycsl_dt9cy9s4.mlw", line 983, characters 15-19: unused variable result
Warning, file "/home/fabrice/git/pycsl/scratchpad/w7/tmp/.pycsl_dt9cy9s4.mlw", line 986, characters 87-91: unused variable node
Warning, file "/home/fabrice/git/pycsl/scratchpad/w7/tmp/.pycsl_dt9cy9s4.mlw", line 986, characters 103-106: unused variable arr
Warning, file "/home/fabrice/git/pycsl/scratchpad/w7/tmp/.pycsl_dt9cy9s4.mlw", line 986, characters 117-119: unused variable sl
Warning, file "/home/fabrice/git/pycsl/scratchpad/w7/tmp/.pycsl_dt9cy9s4.mlw", line 986, characters 131-141: unused variable local_refs
Warning, file "/home/fabrice/git/pycsl/scratchpad/w7/tmp/.pycsl_dt9cy9s4.mlw", line 986, characters 166-179: unused variable invariant_ctx
Warning, file "/home/fabrice/git/pycsl/scratchpad/w7/tmp/.pycsl_dt9cy9s4.mlw", line 986, characters 187-192: unused variable subst
Warning, file "/home/fabrice/git/pycsl/scratchpad/w7/tmp/.pycsl_dt9cy9s4.mlw", line 988, characters 15-19: unused variable result
Warning, file "/home/fabrice/git/pycsl/scratchpad/w7/tmp/.pycsl_dt9cy9s4.mlw", line 991, characters 90-94: unused variable node
Warning, file "/home/fabrice/git/pycsl/scratchpad/w7/tmp/.pycsl_dt9cy9s4.mlw", line 991, characters 106-116: unused variable local_refs
Warning, file "/home/fabrice/git/pycsl/scratchpad/w7/tmp/.pycsl_dt9cy9s4.mlw", line 991, characters 141-154: unused variable invariant_ctx
Warning, file "/home/fabrice/git/pycsl/scratchpad/w7/tmp/.pycsl_dt9cy9s4.mlw", line 991, characters 162-167: unused variable subst
Warning, file "/home/fabrice/git/pycsl/scratchpad/w7/tmp/.pycsl_dt9cy9s4.mlw", line 993, characters 15-19: unused variable result
Warning, file "/home/fabrice/git/pycsl/scratchpad/w7/tmp/.pycsl_dt9cy9s4.mlw", line 996, characters 52-56: unused variable self
Warning, file "/home/fabrice/git/pycsl/scratchpad/w7/tmp/.pycsl_dt9cy9s4.mlw", line 996, characters 84-88: unused variable expr
Warning, file "/home/fabrice/git/pycsl/scratchpad/w7/tmp/.pycsl_dt9cy9s4.mlw", line 996, characters 96-100: unused variable args
Warning, file "/home/fabrice/git/pycsl/scratchpad/w7/tmp/.pycsl_dt9cy9s4.mlw", line 996, characters 117-126: unused variable func_name
Warning, file "/home/fabrice/git/pycsl/scratchpad/w7/tmp/.pycsl_dt9cy9s4.mlw", line 998, characters 15-19: unused variable result
Warning, file "/home/fabrice/git/pycsl/scratchpad/w7/tmp/.pycsl_dt9cy9s4.mlw", line 1000, characters 82-86: unused variable node
Warning, file "/home/fabrice/git/pycsl/scratchpad/w7/tmp/.pycsl_dt9cy9s4.mlw", line 1000, characters 94-104: unused variable local_refs
Warning, file "/home/fabrice/git/pycsl/scratchpad/w7/tmp/.pycsl_dt9cy9s4.mlw", line 1000, characters 112-125: unused variable invariant_ctx
Warning, file "/home/fabrice/git/pycsl/scratchpad/w7/tmp/.pycsl_dt9cy9s4.mlw", line 1000, characters 133-138: unused variable subst
Warning, file "/home/fabrice/git/pycsl/scratchpad/w7/tmp/.pycsl_dt9cy9s4.mlw", line 1002, characters 15-19: unused variable result
Warning, file "/home/fabrice/git/pycsl/scratchpad/w7/tmp/.pycsl_dt9cy9s4.mlw", line 1005, characters 49-53: unused variable self
Warning, file "/home/fabrice/git/pycsl/scratchpad/w7/tmp/.pycsl_dt9cy9s4.mlw", line 1005, characters 81-85: unused variable expr
Warning, file "/home/fabrice/git/pycsl/scratchpad/w7/tmp/.pycsl_dt9cy9s4.mlw", line 1007, characters 15-19: unused variable result
Warning, file "/home/fabrice/git/pycsl/scratchpad/w7/tmp/.pycsl_dt9cy9s4.mlw", line 1009, characters 86-90: unused variable node
Warning, file "/home/fabrice/git/pycsl/scratchpad/w7/tmp/.pycsl_dt9cy9s4.mlw", line 1009, characters 102-112: unused variable local_refs
Warning, file "/home/fabrice/git/pycsl/scratchpad/w7/tmp/.pycsl_dt9cy9s4.mlw", line 1009, characters 137-150: unused variable invariant_ctx
Warning, file "/home/fabrice/git/pycsl/scratchpad/w7/tmp/.pycsl_dt9cy9s4.mlw", line 1009, characters 158-163: unused variable subst
Warning, file "/home/fabrice/git/pycsl/scratchpad/w7/tmp/.pycsl_dt9cy9s4.mlw", line 1011, characters 15-19: unused variable result
Warning, file "/home/fabrice/git/pycsl/scratchpad/w7/tmp/.pycsl_dt9cy9s4.mlw", line 1014, characters 85-89: unused variable node
Warning, file "/home/fabrice/git/pycsl/scratchpad/w7/tmp/.pycsl_dt9cy9s4.mlw", line 1014, characters 97-107: unused variable local_refs
Warning, file "/home/fabrice/git/pycsl/scratchpad/w7/tmp/.pycsl_dt9cy9s4.mlw", line 1014, characters 132-145: unused variable invariant_ctx
Warning, file "/home/fabrice/git/pycsl/scratchpad/w7/tmp/.pycsl_dt9cy9s4.mlw", line 1014, characters 153-158: unused variable subst
Warning, file "/home/fabrice/git/pycsl/scratchpad/w7/tmp/.pycsl_dt9cy9s4.mlw", line 1016, characters 15-19: unused variable result
Warning, file "/home/fabrice/git/pycsl/scratchpad/w7/tmp/.pycsl_dt9cy9s4.mlw", line 1019, characters 85-89: unused variable node
Warning, file "/home/fabrice/git/pycsl/scratchpad/w7/tmp/.pycsl_dt9cy9s4.mlw", line 1019, characters 101-111: unused variable local_refs
Warning, file "/home/fabrice/git/pycsl/scratchpad/w7/tmp/.pycsl_dt9cy9s4.mlw", line 1019, characters 136-149: unused variable invariant_ctx
Warning, file "/home/fabrice/git/pycsl/scratchpad/w7/tmp/.pycsl_dt9cy9s4.mlw", line 1019, characters 157-162: unused variable subst
Warning, file "/home/fabrice/git/pycsl/scratchpad/w7/tmp/.pycsl_dt9cy9s4.mlw", line 1021, characters 15-19: unused variable result
Warning, file "/home/fabrice/git/pycsl/scratchpad/w7/tmp/.pycsl_dt9cy9s4.mlw", line 1024, characters 83-87: unused variable node
Warning, file "/home/fabrice/git/pycsl/scratchpad/w7/tmp/.pycsl_dt9cy9s4.mlw", line 1024, characters 99-109: unused variable local_refs
Warning, file "/home/fabrice/git/pycsl/scratchpad/w7/tmp/.pycsl_dt9cy9s4.mlw", line 1024, characters 134-147: unused variable invariant_ctx
Warning, file "/home/fabrice/git/pycsl/scratchpad/w7/tmp/.pycsl_dt9cy9s4.mlw", line 1024, characters 155-160: unused variable subst
Warning, file "/home/fabrice/git/pycsl/scratchpad/w7/tmp/.pycsl_dt9cy9s4.mlw", line 1026, characters 15-19: unused variable result
Warning, file "/home/fabrice/git/pycsl/scratchpad/w7/tmp/.pycsl_dt9cy9s4.mlw", line 1029, characters 82-86: unused variable name
Warning, file "/home/fabrice/git/pycsl/scratchpad/w7/tmp/.pycsl_dt9cy9s4.mlw", line 1029, characters 97-107: unused variable local_refs
Warning, file "/home/fabrice/git/pycsl/scratchpad/w7/tmp/.pycsl_dt9cy9s4.mlw", line 1029, characters 132-137: unused variable subst
Warning, file "/home/fabrice/git/pycsl/scratchpad/w7/tmp/.pycsl_dt9cy9s4.mlw", line 1031, characters 15-19: unused variable result
Warning, file "/home/fabrice/git/pycsl/scratchpad/w7/tmp/.pycsl_dt9cy9s4.mlw", line 1034, characters 54-58: unused variable self
Warning, file "/home/fabrice/git/pycsl/scratchpad/w7/tmp/.pycsl_dt9cy9s4.mlw", line 1034, characters 86-87: unused variable s
Warning, file "/home/fabrice/git/pycsl/scratchpad/w7/tmp/.pycsl_dt9cy9s4.mlw", line 1036, characters 15-19: unused variable result
Warning, file "/home/fabrice/git/pycsl/scratchpad/w7/tmp/.pycsl_dt9cy9s4.mlw", line 1038, characters 81-85: unused variable node
Warning, file "/home/fabrice/git/pycsl/scratchpad/w7/tmp/.pycsl_dt9cy9s4.mlw", line 1038, characters 97-107: unused variable local_refs
Warning, file "/home/fabrice/git/pycsl/scratchpad/w7/tmp/.pycsl_dt9cy9s4.mlw", line 1038, characters 132-137: unused variable subst
Warning, file "/home/fabrice/git/pycsl/scratchpad/w7/tmp/.pycsl_dt9cy9s4.mlw", line 1040, characters 15-19: unused variable result
Warning, file "/home/fabrice/git/pycsl/scratchpad/w7/tmp/.pycsl_dt9cy9s4.mlw", line 1043, characters 80-84: unused variable test
Warning, file "/home/fabrice/git/pycsl/scratchpad/w7/tmp/.pycsl_dt9cy9s4.mlw", line 1043, characters 125-135: unused variable local_refs
Warning, file "/home/fabrice/git/pycsl/scratchpad/w7/tmp/.pycsl_dt9cy9s4.mlw", line 1045, characters 15-19: unused variable result
Warning, file "/home/fabrice/git/pycsl/scratchpad/w7/tmp/.pycsl_dt9cy9s4.mlw", line 1048, characters 49-53: unused variable self
Warning, file "/home/fabrice/git/pycsl/scratchpad/w7/tmp/.pycsl_dt9cy9s4.mlw", line 1048, characters 81-83: unused variable ir
Warning, file "/home/fabrice/git/pycsl/scratchpad/w7/tmp/.pycsl_dt9cy9s4.mlw", line 1049, characters 15-19: unused variable result
Warning, file "/home/fabrice/git/pycsl/scratchpad/w7/tmp/.pycsl_dt9cy9s4.mlw", line 1051, characters 47-51: unused variable self
Warning, file "/home/fabrice/git/pycsl/scratchpad/w7/tmp/.pycsl_dt9cy9s4.mlw", line 1051, characters 79-81: unused variable ir
Warning, file "/home/fabrice/git/pycsl/scratchpad/w7/tmp/.pycsl_dt9cy9s4.mlw", line 1053, characters 15-19: unused variable result
Warning, file "/home/fabrice/git/pycsl/scratchpad/w7/tmp/.pycsl_dt9cy9s4.mlw", line 1055, characters 50-54: unused variable self
Warning, file "/home/fabrice/git/pycsl/scratchpad/w7/tmp/.pycsl_dt9cy9s4.mlw", line 1055, characters 82-84: unused variable ir
Warning, file "/home/fabrice/git/pycsl/scratchpad/w7/tmp/.pycsl_dt9cy9s4.mlw", line 1057, characters 15-19: unused variable result
Warning, file "/home/fabrice/git/pycsl/scratchpad/w7/tmp/.pycsl_dt9cy9s4.mlw", line 1059, characters 48-52: unused variable self
Warning, file "/home/fabrice/git/pycsl/scratchpad/w7/tmp/.pycsl_dt9cy9s4.mlw", line 1059, characters 80-82: unused variable ir
Warning, file "/home/fabrice/git/pycsl/scratchpad/w7/tmp/.pycsl_dt9cy9s4.mlw", line 1061, characters 15-19: unused variable result
Warning, file "/home/fabrice/git/pycsl/scratchpad/w7/tmp/.pycsl_dt9cy9s4.mlw", line 1063, characters 49-53: unused variable self
Warning, file "/home/fabrice/git/pycsl/scratchpad/w7/tmp/.pycsl_dt9cy9s4.mlw", line 1063, characters 81-88: unused variable iter_ir
Warning, file "/home/fabrice/git/pycsl/scratchpad/w7/tmp/.pycsl_dt9cy9s4.mlw", line 1065, characters 15-19: unused variable result
Warning, file "/home/fabrice/git/pycsl/scratchpad/w7/tmp/.pycsl_dt9cy9s4.mlw", line 1067, characters 79-81: unused variable ir
Warning, file "/home/fabrice/git/pycsl/scratchpad/w7/tmp/.pycsl_dt9cy9s4.mlw", line 1067, characters 89-99: unused variable local_refs
Warning, file "/home/fabrice/git/pycsl/scratchpad/w7/tmp/.pycsl_dt9cy9s4.mlw", line 1069, characters 15-19: unused variable result
Warning, file "/home/fabrice/git/pycsl/scratchpad/w7/tmp/.pycsl_dt9cy9s4.mlw", line 1072, characters 45-49: unused variable self
Warning, file "/home/fabrice/git/pycsl/scratchpad/w7/tmp/.pycsl_dt9cy9s4.mlw", line 1072, characters 77-79: unused variable ir
Warning, file "/home/fabrice/git/pycsl/scratchpad/w7/tmp/.pycsl_dt9cy9s4.mlw", line 1074, characters 15-19: unused variable result
Warning, file "/home/fabrice/git/pycsl/scratchpad/w7/tmp/.pycsl_dt9cy9s4.mlw", line 1076, characters 58-62: unused variable self
Warning, file "/home/fabrice/git/pycsl/scratchpad/w7/tmp/.pycsl_dt9cy9s4.mlw", line 1076, characters 90-94: unused variable expr
Warning, file "/home/fabrice/git/pycsl/scratchpad/w7/tmp/.pycsl_dt9cy9s4.mlw", line 1078, characters 15-19: unused variable result
Warning, file "/home/fabrice/git/pycsl/scratchpad/w7/tmp/.pycsl_dt9cy9s4.mlw", line 1080, characters 84-87: unused variable pat
Warning, file "/home/fabrice/git/pycsl/scratchpad/w7/tmp/.pycsl_dt9cy9s4.mlw", line 1080, characters 95-102: unused variable subject
Warning, file "/home/fabrice/git/pycsl/scratchpad/w7/tmp/.pycsl_dt9cy9s4.mlw", line 1080, characters 113-123: unused variable local_refs
Warning, file "/home/fabrice/git/pycsl/scratchpad/w7/tmp/.pycsl_dt9cy9s4.mlw", line 1082, characters 15-19: unused variable result
Warning, file "/home/fabrice/git/pycsl/scratchpad/w7/tmp/.pycsl_dt9cy9s4.mlw", line 1085, characters 52-56: unused variable self
Warning, file "/home/fabrice/git/pycsl/scratchpad/w7/tmp/.pycsl_dt9cy9s4.mlw", line 1085, characters 84-93: unused variable whyml_str
Warning, file "/home/fabrice/git/pycsl/scratchpad/w7/tmp/.pycsl_dt9cy9s4.mlw", line 1085, characters 104-110: unused variable arg_ir
Warning, file "/home/fabrice/git/pycsl/scratchpad/w7/tmp/.pycsl_dt9cy9s4.mlw", line 1087, characters 15-19: unused variable result
Warning, file "/home/fabrice/git/pycsl/scratchpad/w7/tmp/.pycsl_dt9cy9s4.mlw", line 1089, characters 94-99: unused variable value
Warning, file "/home/fabrice/git/pycsl/scratchpad/w7/tmp/.pycsl_dt9cy9s4.mlw", line 1089, characters 111-119: unused variable index_ir
Warning, file "/home/fabrice/git/pycsl/scratchpad/w7/tmp/.pycsl_dt9cy9s4.mlw", line 1089, characters 131-141: unused variable local_refs
Warning, file "/home/fabrice/git/pycsl/scratchpad/w7/tmp/.pycsl_dt9cy9s4.mlw", line 1089, characters 166-179: unused variable invariant_ctx
Warning, file "/home/fabrice/git/pycsl/scratchpad/w7/tmp/.pycsl_dt9cy9s4.mlw", line 1089, characters 187-192: unused variable subst
Warning, file "/home/fabrice/git/pycsl/scratchpad/w7/tmp/.pycsl_dt9cy9s4.mlw", line 1091, characters 15-19: unused variable result
Warning, file "/home/fabrice/git/pycsl/scratchpad/w7/tmp/.pycsl_dt9cy9s4.mlw", line 1094, characters 82-85: unused variable var
Warning, file "/home/fabrice/git/pycsl/scratchpad/w7/tmp/.pycsl_dt9cy9s4.mlw", line 1094, characters 93-98: unused variable token
Warning, file "/home/fabrice/git/pycsl/scratchpad/w7/tmp/.pycsl_dt9cy9s4.mlw", line 1099, characters 83-86: unused variable var
Warning, file "/home/fabrice/git/pycsl/scratchpad/w7/tmp/.pycsl_dt9cy9s4.mlw", line 1099, characters 94-105: unused variable binder_type
Warning, file "/home/fabrice/git/pycsl/scratchpad/w7/tmp/.pycsl_dt9cy9s4.mlw", line 1104, characters 52-56: unused variable self
Warning, file "/home/fabrice/git/pycsl/scratchpad/w7/tmp/.pycsl_dt9cy9s4.mlw", line 1104, characters 84-95: unused variable binder_type
Warning, file "/home/fabrice/git/pycsl/scratchpad/w7/tmp/.pycsl_dt9cy9s4.mlw", line 1106, characters 15-19: unused variable result
Warning, file "/home/fabrice/git/pycsl/scratchpad/w7/tmp/.pycsl_dt9cy9s4.mlw", line 1108, characters 94-98: unused variable expr
Warning, file "/home/fabrice/git/pycsl/scratchpad/w7/tmp/.pycsl_dt9cy9s4.mlw", line 1108, characters 110-120: unused variable local_refs
Warning, file "/home/fabrice/git/pycsl/scratchpad/w7/tmp/.pycsl_dt9cy9s4.mlw", line 1108, characters 145-158: unused variable invariant_ctx
Warning, file "/home/fabrice/git/pycsl/scratchpad/w7/tmp/.pycsl_dt9cy9s4.mlw", line 1108, characters 166-171: unused variable subst
Warning, file "/home/fabrice/git/pycsl/scratchpad/w7/tmp/.pycsl_dt9cy9s4.mlw", line 1110, characters 15-19: unused variable result
Warning, file "/home/fabrice/git/pycsl/scratchpad/w7/tmp/.pycsl_dt9cy9s4.mlw", line 1113, characters 58-62: unused variable self
Warning, file "/home/fabrice/git/pycsl/scratchpad/w7/tmp/.pycsl_dt9cy9s4.mlw", line 1113, characters 90-99: unused variable func_name
Warning, file "/home/fabrice/git/pycsl/scratchpad/w7/tmp/.pycsl_dt9cy9s4.mlw", line 1117, characters 46-50: unused variable self
Warning, file "/home/fabrice/git/pycsl/scratchpad/w7/tmp/.pycsl_dt9cy9s4.mlw", line 1117, characters 78-86: unused variable lower_ir
Warning, file "/home/fabrice/git/pycsl/scratchpad/w7/tmp/.pycsl_dt9cy9s4.mlw", line 1117, characters 98-106: unused variable upper_ir
Warning, file "/home/fabrice/git/pycsl/scratchpad/w7/tmp/.pycsl_dt9cy9s4.mlw", line 1119, characters 15-19: unused variable result
Warning, file "/home/fabrice/git/pycsl/scratchpad/w7/tmp/.pycsl_dt9cy9s4.mlw", line 1121, characters 52-56: unused variable self
Warning, file "/home/fabrice/git/pycsl/scratchpad/w7/tmp/.pycsl_dt9cy9s4.mlw", line 1121, characters 84-93: unused variable whyml_str
Warning, file "/home/fabrice/git/pycsl/scratchpad/w7/tmp/.pycsl_dt9cy9s4.mlw", line 1123, characters 15-19: unused variable result
Warning, file "/home/fabrice/git/pycsl/scratchpad/w7/tmp/.pycsl_dt9cy9s4.mlw", line 1125, characters 52-56: unused variable self
Warning, file "/home/fabrice/git/pycsl/scratchpad/w7/tmp/.pycsl_dt9cy9s4.mlw", line 1125, characters 84-85: unused variable s
Warning, file "/home/fabrice/git/pycsl/scratchpad/w7/tmp/.pycsl_dt9cy9s4.mlw", line 1127, characters 15-19: unused variable result
Warning, file "/home/fabrice/git/pycsl/scratchpad/w7/tmp/.pycsl_dt9cy9s4.mlw", line 1146, characters 32-36: unused variable result
Warning, file "/home/fabrice/git/pycsl/scratchpad/w7/tmp/.pycsl_dt9cy9s4.mlw", line 1176, characters 45-49: unused variable self
Warning, file "/home/fabrice/git/pycsl/scratchpad/w7/tmp/.pycsl_dt9cy9s4.mlw", line 1176, characters 77-83: unused variable t_name
Warning, file "/home/fabrice/git/pycsl/scratchpad/w7/tmp/.pycsl_dt9cy9s4.mlw", line 1178, characters 15-19: unused variable result
Warning, file "/home/fabrice/git/pycsl/scratchpad/w7/tmp/.pycsl_dt9cy9s4.mlw", line 1180, characters 46-50: unused variable self
Warning, file "/home/fabrice/git/pycsl/scratchpad/w7/tmp/.pycsl_dt9cy9s4.mlw", line 1180, characters 78-82: unused variable x_ir
Warning, file "/home/fabrice/git/pycsl/scratchpad/w7/tmp/.pycsl_dt9cy9s4.mlw", line 1182, characters 15-19: unused variable result
Warning, file "/home/fabrice/git/pycsl/scratchpad/w7/tmp/.pycsl_dt9cy9s4.mlw", line 1184, characters 73-82: unused variable whyml_str
Warning, file "/home/fabrice/git/pycsl/scratchpad/w7/tmp/.pycsl_dt9cy9s4.mlw", line 1184, characters 93-100: unused variable ir_expr
Warning, file "/home/fabrice/git/pycsl/scratchpad/w7/tmp/.pycsl_dt9cy9s4.mlw", line 1186, characters 15-19: unused variable result
Warning, file "/home/fabrice/git/pycsl/scratchpad/w7/tmp/.pycsl_dt9cy9s4.mlw", line 1189, characters 53-57: unused variable self
Warning, file "/home/fabrice/git/pycsl/scratchpad/w7/tmp/.pycsl_dt9cy9s4.mlw", line 1189, characters 85-96: unused variable recv_dotted
Warning, file "/home/fabrice/git/pycsl/scratchpad/w7/tmp/.pycsl_dt9cy9s4.mlw", line 1191, characters 15-19: unused variable result
Warning, file "/home/fabrice/git/pycsl/scratchpad/w7/tmp/.pycsl_dt9cy9s4.mlw", line 1193, characters 50-54: unused variable self
Warning, file "/home/fabrice/git/pycsl/scratchpad/w7/tmp/.pycsl_dt9cy9s4.mlw", line 1193, characters 82-93: unused variable recv_dotted
Warning, file "/home/fabrice/git/pycsl/scratchpad/w7/tmp/.pycsl_dt9cy9s4.mlw", line 1193, characters 104-107: unused variable key
Warning, file "/home/fabrice/git/pycsl/scratchpad/w7/tmp/.pycsl_dt9cy9s4.mlw", line 1195, characters 15-19: unused variable result
Warning, file "/home/fabrice/git/pycsl/scratchpad/w7/tmp/.pycsl_dt9cy9s4.mlw", line 1197, characters 88-93: unused variable value
Warning, file "/home/fabrice/git/pycsl/scratchpad/w7/tmp/.pycsl_dt9cy9s4.mlw", line 1197, characters 105-113: unused variable index_ir
Warning, file "/home/fabrice/git/pycsl/scratchpad/w7/tmp/.pycsl_dt9cy9s4.mlw", line 1197, characters 125-135: unused variable local_refs
Warning, file "/home/fabrice/git/pycsl/scratchpad/w7/tmp/.pycsl_dt9cy9s4.mlw", line 1197, characters 160-173: unused variable invariant_ctx
Warning, file "/home/fabrice/git/pycsl/scratchpad/w7/tmp/.pycsl_dt9cy9s4.mlw", line 1197, characters 181-186: unused variable subst
Warning, file "/home/fabrice/git/pycsl/scratchpad/w7/tmp/.pycsl_dt9cy9s4.mlw", line 1199, characters 15-19: unused variable result
Warning, file "/home/fabrice/git/pycsl/scratchpad/w7/tmp/.pycsl_dt9cy9s4.mlw", line 1202, characters 90-94: unused variable expr
Warning, file "/home/fabrice/git/pycsl/scratchpad/w7/tmp/.pycsl_dt9cy9s4.mlw", line 1202, characters 106-116: unused variable local_refs
Warning, file "/home/fabrice/git/pycsl/scratchpad/w7/tmp/.pycsl_dt9cy9s4.mlw", line 1202, characters 141-154: unused variable invariant_ctx
Warning, file "/home/fabrice/git/pycsl/scratchpad/w7/tmp/.pycsl_dt9cy9s4.mlw", line 1202, characters 162-167: unused variable subst
Warning, file "/home/fabrice/git/pycsl/scratchpad/w7/tmp/.pycsl_dt9cy9s4.mlw", line 1204, characters 15-19: unused variable result
Warning, file "/home/fabrice/git/pycsl/scratchpad/w7/tmp/.pycsl_dt9cy9s4.mlw", line 1208, characters 53-57: unused variable self
Warning, file "/home/fabrice/git/pycsl/scratchpad/w7/tmp/.pycsl_dt9cy9s4.mlw", line 1208, characters 85-89: unused variable x_ir
Warning, file "/home/fabrice/git/pycsl/scratchpad/w7/tmp/.pycsl_dt9cy9s4.mlw", line 1210, characters 15-19: unused variable result
Warning, file "/home/fabrice/git/pycsl/scratchpad/w7/tmp/.pycsl_dt9cy9s4.mlw", line 1212, characters 49-53: unused variable self
Warning, file "/home/fabrice/git/pycsl/scratchpad/w7/tmp/.pycsl_dt9cy9s4.mlw", line 1212, characters 81-85: unused variable decl
Warning, file "/home/fabrice/git/pycsl/scratchpad/w7/tmp/.pycsl_dt9cy9s4.mlw", line 1215, characters 50-54: unused variable self
Warning, file "/home/fabrice/git/pycsl/scratchpad/w7/tmp/.pycsl_dt9cy9s4.mlw", line 1215, characters 82-86: unused variable name
Warning, file "/home/fabrice/git/pycsl/scratchpad/w7/tmp/.pycsl_dt9cy9s4.mlw", line 1217, characters 15-19: unused variable result
Warning, file "/home/fabrice/git/pycsl/scratchpad/w7/tmp/.pycsl_dt9cy9s4.mlw", line 1219, characters 50-54: unused variable self
Warning, file "/home/fabrice/git/pycsl/scratchpad/w7/tmp/.pycsl_dt9cy9s4.mlw", line 1219, characters 82-91: unused variable whyml_str
Warning, file "/home/fabrice/git/pycsl/scratchpad/w7/tmp/.pycsl_dt9cy9s4.mlw", line 1221, characters 15-19: unused variable result
Warning, file "/home/fabrice/git/pycsl/scratchpad/w7/tmp/.pycsl_dt9cy9s4.mlw", line 1223, characters 53-57: unused variable self
Warning, file "/home/fabrice/git/pycsl/scratchpad/w7/tmp/.pycsl_dt9cy9s4.mlw", line 1223, characters 85-91: unused variable py_val
Warning, file "/home/fabrice/git/pycsl/scratchpad/w7/tmp/.pycsl_dt9cy9s4.mlw", line 1223, characters 102-108: unused variable val_ir
Warning, file "/home/fabrice/git/pycsl/scratchpad/w7/tmp/.pycsl_dt9cy9s4.mlw", line 1225, characters 15-19: unused variable result
Warning, file "/home/fabrice/git/pycsl/scratchpad/w7/tmp/.pycsl_dt9cy9s4.mlw", line 1227, characters 67-71: unused variable self
Warning, file "/home/fabrice/git/pycsl/scratchpad/w7/tmp/.pycsl_dt9cy9s4.mlw", line 1227, characters 99-108: unused variable functions
Warning, file "/home/fabrice/git/pycsl/scratchpad/w7/tmp/.pycsl_dt9cy9s4.mlw", line 1231, characters 52-56: unused variable self
Warning, file "/home/fabrice/git/pycsl/scratchpad/w7/tmp/.pycsl_dt9cy9s4.mlw", line 1231, characters 84-88: unused variable args
Warning, file "/home/fabrice/git/pycsl/scratchpad/w7/tmp/.pycsl_dt9cy9s4.mlw", line 1231, characters 105-114: unused variable func_name
Warning, file "/home/fabrice/git/pycsl/scratchpad/w7/tmp/.pycsl_dt9cy9s4.mlw", line 1233, characters 15-19: unused variable result
Warning, file "/home/fabrice/git/pycsl/scratchpad/w7/tmp/.pycsl_dt9cy9s4.mlw", line 1235, characters 53-57: unused variable self
Warning, file "/home/fabrice/git/pycsl/scratchpad/w7/tmp/.pycsl_dt9cy9s4.mlw", line 1235, characters 85-89: unused variable expr
Warning, file "/home/fabrice/git/pycsl/scratchpad/w7/tmp/.pycsl_dt9cy9s4.mlw", line 1235, characters 97-101: unused variable args
Warning, file "/home/fabrice/git/pycsl/scratchpad/w7/tmp/.pycsl_dt9cy9s4.mlw", line 1235, characters 118-127: unused variable func_name
Warning, file "/home/fabrice/git/pycsl/scratchpad/w7/tmp/.pycsl_dt9cy9s4.mlw", line 1235, characters 138-148: unused variable local_refs
Warning, file "/home/fabrice/git/pycsl/scratchpad/w7/tmp/.pycsl_dt9cy9s4.mlw", line 1235, characters 156-169: unused variable invariant_ctx
Warning, file "/home/fabrice/git/pycsl/scratchpad/w7/tmp/.pycsl_dt9cy9s4.mlw", line 1235, characters 177-182: unused variable subst
Warning, file "/home/fabrice/git/pycsl/scratchpad/w7/tmp/.pycsl_dt9cy9s4.mlw", line 1237, characters 15-19: unused variable result
Warning, file "/home/fabrice/git/pycsl/scratchpad/w7/tmp/.pycsl_dt9cy9s4.mlw", line 1239, characters 57-61: unused variable self
Warning, file "/home/fabrice/git/pycsl/scratchpad/w7/tmp/.pycsl_dt9cy9s4.mlw", line 1239, characters 89-93: unused variable args
Warning, file "/home/fabrice/git/pycsl/scratchpad/w7/tmp/.pycsl_dt9cy9s4.mlw", line 1239, characters 110-119: unused variable func_name
Warning, file "/home/fabrice/git/pycsl/scratchpad/w7/tmp/.pycsl_dt9cy9s4.mlw", line 1239, characters 130-140: unused variable kwargs_map
Warning, file "/home/fabrice/git/pycsl/scratchpad/w7/tmp/.pycsl_dt9cy9s4.mlw", line 1239, characters 148-157: unused variable kwargs_ir
Warning, file "/home/fabrice/git/pycsl/scratchpad/w7/tmp/.pycsl_dt9cy9s4.mlw", line 1241, characters 15-19: unused variable result
Warning, file "/home/fabrice/git/pycsl/scratchpad/w7/tmp/.pycsl_dt9cy9s4.mlw", line 1243, characters 56-60: unused variable self
Warning, file "/home/fabrice/git/pycsl/scratchpad/w7/tmp/.pycsl_dt9cy9s4.mlw", line 1243, characters 88-90: unused variable fn
Warning, file "/home/fabrice/git/pycsl/scratchpad/w7/tmp/.pycsl_dt9cy9s4.mlw", line 1245, characters 15-19: unused variable result
Warning, file "/home/fabrice/git/pycsl/scratchpad/w7/tmp/.pycsl_dt9cy9s4.mlw", line 1247, characters 64-68: unused variable self
Warning, file "/home/fabrice/git/pycsl/scratchpad/w7/tmp/.pycsl_dt9cy9s4.mlw", line 1247, characters 96-105: unused variable func_name
Warning, file "/home/fabrice/git/pycsl/scratchpad/w7/tmp/.pycsl_dt9cy9s4.mlw", line 1249, characters 15-19: unused variable result
Warning, file "/home/fabrice/git/pycsl/scratchpad/w7/tmp/.pycsl_dt9cy9s4.mlw", line 1254, characters 32-36: unused variable result
Warning, file "/home/fabrice/git/pycsl/scratchpad/w7/tmp/.pycsl_dt9cy9s4.mlw", line 1261, characters 32-36: unused variable result
Warning, file "/home/fabrice/git/pycsl/scratchpad/w7/tmp/.pycsl_dt9cy9s4.mlw", line 1266, characters 41-45: unused variable self
Warning, file "/home/fabrice/git/pycsl/scratchpad/w7/tmp/.pycsl_dt9cy9s4.mlw", line 1266, characters 73-74: unused variable d
Warning, file "/home/fabrice/git/pycsl/scratchpad/w7/tmp/.pycsl_dt9cy9s4.mlw", line 1268, characters 15-19: unused variable result
Warning, file "/home/fabrice/git/pycsl/scratchpad/w7/tmp/.pycsl_dt9cy9s4.mlw", line 1270, characters 52-56: unused variable self
Warning, file "/home/fabrice/git/pycsl/scratchpad/w7/tmp/.pycsl_dt9cy9s4.mlw", line 1270, characters 84-88: unused variable args
Warning, file "/home/fabrice/git/pycsl/scratchpad/w7/tmp/.pycsl_dt9cy9s4.mlw", line 1270, characters 105-116: unused variable param_types
Warning, file "/home/fabrice/git/pycsl/scratchpad/w7/tmp/.pycsl_dt9cy9s4.mlw", line 1272, characters 15-19: unused variable result
Warning, file "/home/fabrice/git/pycsl/scratchpad/w7/tmp/.pycsl_dt9cy9s4.mlw", line 1274, characters 48-52: unused variable self
Warning, file "/home/fabrice/git/pycsl/scratchpad/w7/tmp/.pycsl_dt9cy9s4.mlw", line 1274, characters 80-89: unused variable whyml_str
Warning, file "/home/fabrice/git/pycsl/scratchpad/w7/tmp/.pycsl_dt9cy9s4.mlw", line 1276, characters 15-19: unused variable result
Warning, file "/home/fabrice/git/pycsl/scratchpad/w7/tmp/.pycsl_dt9cy9s4.mlw", line 1278, characters 47-51: unused variable self
Warning, file "/home/fabrice/git/pycsl/scratchpad/w7/tmp/.pycsl_dt9cy9s4.mlw", line 1278, characters 79-88: unused variable whyml_str
Warning, file "/home/fabrice/git/pycsl/scratchpad/w7/tmp/.pycsl_dt9cy9s4.mlw", line 1280, characters 15-19: unused variable result
Warning, file "/home/fabrice/git/pycsl/scratchpad/w7/tmp/.pycsl_dt9cy9s4.mlw", line 1282, characters 59-63: unused variable self
Warning, file "/home/fabrice/git/pycsl/scratchpad/w7/tmp/.pycsl_dt9cy9s4.mlw", line 1282, characters 91-96: unused variable stmts
Warning, file "/home/fabrice/git/pycsl/scratchpad/w7/tmp/.pycsl_dt9cy9s4.mlw", line 1282, characters 110-114: unused variable seed
Warning, file "/home/fabrice/git/pycsl/scratchpad/w7/tmp/.pycsl_dt9cy9s4.mlw", line 1284, characters 15-19: unused variable result
Warning, file "/home/fabrice/git/pycsl/scratchpad/w7/tmp/.pycsl_dt9cy9s4.mlw", line 1286, characters 47-51: unused variable self
Warning, file "/home/fabrice/git/pycsl/scratchpad/w7/tmp/.pycsl_dt9cy9s4.mlw", line 1286, characters 79-86: unused variable attr_ir
Warning, file "/home/fabrice/git/pycsl/scratchpad/w7/tmp/.pycsl_dt9cy9s4.mlw", line 1288, characters 15-19: unused variable result
Warning, file "/home/fabrice/git/pycsl/scratchpad/w7/tmp/.pycsl_dt9cy9s4.mlw", line 1290, characters 48-52: unused variable self
Warning, file "/home/fabrice/git/pycsl/scratchpad/w7/tmp/.pycsl_dt9cy9s4.mlw", line 1290, characters 80-86: unused variable val_ir
Warning, file "/home/fabrice/git/pycsl/scratchpad/w7/tmp/.pycsl_dt9cy9s4.mlw", line 1292, characters 15-19: unused variable result
Warning, file "/home/fabrice/git/pycsl/scratchpad/w7/tmp/.pycsl_dt9cy9s4.mlw", line 1343, characters 32-36: unused variable result
Warning, file "/home/fabrice/git/pycsl/scratchpad/w7/tmp/.pycsl_dt9cy9s4.mlw", line 1337, characters 32-36: unused variable result
Warning, file "/home/fabrice/git/pycsl/scratchpad/w7/tmp/.pycsl_dt9cy9s4.mlw", line 1331, characters 32-36: unused variable result
Warning, file "/home/fabrice/git/pycsl/scratchpad/w7/tmp/.pycsl_dt9cy9s4.mlw", line 1383, characters 32-36: unused variable result
Warning, file "/home/fabrice/git/pycsl/scratchpad/w7/tmp/.pycsl_dt9cy9s4.mlw", line 1418, characters 32-36: unused variable result
Warning, file "/home/fabrice/git/pycsl/scratchpad/w7/tmp/.pycsl_dt9cy9s4.mlw", line 1412, characters 32-36: unused variable result
Warning, file "/home/fabrice/git/pycsl/scratchpad/w7/tmp/.pycsl_dt9cy9s4.mlw", line 1405, characters 32-36: unused variable result
Warning, file "/home/fabrice/git/pycsl/scratchpad/w7/tmp/.pycsl_dt9cy9s4.mlw", line 1422, characters 32-36: unused variable result
Warning, file "/home/fabrice/git/pycsl/scratchpad/w7/tmp/.pycsl_dt9cy9s4.mlw", line 1428, characters 32-36: unused variable result
Warning, file "/home/fabrice/git/pycsl/scratchpad/w7/tmp/.pycsl_dt9cy9s4.mlw", line 1431, characters 32-36: unused variable result
Warning, file "/home/fabrice/git/pycsl/scratchpad/w7/tmp/.pycsl_dt9cy9s4.mlw", line 1439, characters 34-38: unused variable result
Warning, file "/home/fabrice/git/pycsl/scratchpad/w7/tmp/.pycsl_dt9cy9s4.mlw", line 1447, characters 32-36: unused variable result
Warning, file "/home/fabrice/git/pycsl/scratchpad/w7/tmp/.pycsl_dt9cy9s4.mlw", line 1455, characters 32-36: unused variable result
Warning, file "/home/fabrice/git/pycsl/scratchpad/w7/tmp/.pycsl_dt9cy9s4.mlw", line 1459, characters 32-36: unused variable result
Warning, file "/home/fabrice/git/pycsl/scratchpad/w7/tmp/.pycsl_dt9cy9s4.mlw", line 1462, characters 32-36: unused variable result
Warning, file "/home/fabrice/git/pycsl/scratchpad/w7/tmp/.pycsl_dt9cy9s4.mlw", line 1466, characters 32-36: unused variable result
Warning, file "/home/fabrice/git/pycsl/scratchpad/w7/tmp/.pycsl_dt9cy9s4.mlw", line 1471, characters 65-69: unused variable self
Warning, file "/home/fabrice/git/pycsl/scratchpad/w7/tmp/.pycsl_dt9cy9s4.mlw", line 1471, characters 97-107: unused variable body_stmts
Warning, file "/home/fabrice/git/pycsl/scratchpad/w7/tmp/.pycsl_dt9cy9s4.mlw", line 1473, characters 15-19: unused variable result
Warning, file "/home/fabrice/git/pycsl/scratchpad/w7/tmp/.pycsl_dt9cy9s4.mlw", line 1576, characters 68-72: unused variable self
Warning, file "/home/fabrice/git/pycsl/scratchpad/w7/tmp/.pycsl_dt9cy9s4.mlw", line 1577, characters 32-36: unused variable result
Warning, file "/home/fabrice/git/pycsl/scratchpad/w7/tmp/.pycsl_dt9cy9s4.mlw", line 1581, characters 69-73: unused variable self
Warning, file "/home/fabrice/git/pycsl/scratchpad/w7/tmp/.pycsl_dt9cy9s4.mlw", line 1581, characters 101-106: unused variable stmts
Warning, file "/home/fabrice/git/pycsl/scratchpad/w7/tmp/.pycsl_dt9cy9s4.mlw", line 1583, characters 15-19: unused variable result
Warning, file "/home/fabrice/git/pycsl/scratchpad/w7/tmp/.pycsl_dt9cy9s4.mlw", line 1625, characters 32-36: unused variable result
Warning, file "/home/fabrice/git/pycsl/scratchpad/w7/tmp/.pycsl_dt9cy9s4.mlw", line 1617, characters 32-36: unused variable result
Warning, file "/home/fabrice/git/pycsl/scratchpad/w7/tmp/.pycsl_dt9cy9s4.mlw", line 1610, characters 32-36: unused variable result
Warning, file "/home/fabrice/git/pycsl/scratchpad/w7/tmp/.pycsl_dt9cy9s4.mlw", line 1671, characters 32-36: unused variable result
Warning, file "/home/fabrice/git/pycsl/scratchpad/w7/tmp/.pycsl_dt9cy9s4.mlw", line 1663, characters 32-36: unused variable result
Warning, file "/home/fabrice/git/pycsl/scratchpad/w7/tmp/.pycsl_dt9cy9s4.mlw", line 1656, characters 32-36: unused variable result
Warning, file "/home/fabrice/git/pycsl/scratchpad/w7/tmp/.pycsl_dt9cy9s4.mlw", line 1747, characters 32-36: unused variable result
Warning, file "/home/fabrice/git/pycsl/scratchpad/w7/tmp/.pycsl_dt9cy9s4.mlw", line 1741, characters 32-36: unused variable result
Warning, file "/home/fabrice/git/pycsl/scratchpad/w7/tmp/.pycsl_dt9cy9s4.mlw", line 1735, characters 32-36: unused variable result
Warning, file "/home/fabrice/git/pycsl/scratchpad/w7/tmp/.pycsl_dt9cy9s4.mlw", line 1750, characters 60-64: unused variable self
Warning, file "/home/fabrice/git/pycsl/scratchpad/w7/tmp/.pycsl_dt9cy9s4.mlw", line 1750, characters 92-101: unused variable functions
Warning, file "/home/fabrice/git/pycsl/scratchpad/w7/tmp/.pycsl_dt9cy9s4.mlw", line 1754, characters 55-59: unused variable self
Warning, file "/home/fabrice/git/pycsl/scratchpad/w7/tmp/.pycsl_dt9cy9s4.mlw", line 1754, characters 87-91: unused variable expr
Warning, file "/home/fabrice/git/pycsl/scratchpad/w7/tmp/.pycsl_dt9cy9s4.mlw", line 1754, characters 99-103: unused variable args
Warning, file "/home/fabrice/git/pycsl/scratchpad/w7/tmp/.pycsl_dt9cy9s4.mlw", line 1754, characters 120-129: unused variable func_name
Warning, file "/home/fabrice/git/pycsl/scratchpad/w7/tmp/.pycsl_dt9cy9s4.mlw", line 1754, characters 140-150: unused variable local_refs
Warning, file "/home/fabrice/git/pycsl/scratchpad/w7/tmp/.pycsl_dt9cy9s4.mlw", line 1754, characters 158-171: unused variable invariant_ctx
Warning, file "/home/fabrice/git/pycsl/scratchpad/w7/tmp/.pycsl_dt9cy9s4.mlw", line 1754, characters 179-184: unused variable subst
Warning, file "/home/fabrice/git/pycsl/scratchpad/w7/tmp/.pycsl_dt9cy9s4.mlw", line 1756, characters 15-19: unused variable result
Warning, file "/home/fabrice/git/pycsl/scratchpad/w7/tmp/.pycsl_dt9cy9s4.mlw", line 1758, characters 39-43: unused variable self
Warning, file "/home/fabrice/git/pycsl/scratchpad/w7/tmp/.pycsl_dt9cy9s4.mlw", line 1758, characters 71-75: unused variable expr
Warning, file "/home/fabrice/git/pycsl/scratchpad/w7/tmp/.pycsl_dt9cy9s4.mlw", line 1760, characters 15-19: unused variable result
Warning, file "/home/fabrice/git/pycsl/scratchpad/w7/tmp/.pycsl_dt9cy9s4.mlw", line 1762, characters 55-59: unused variable self
Warning, file "/home/fabrice/git/pycsl/scratchpad/w7/tmp/.pycsl_dt9cy9s4.mlw", line 1762, characters 87-101: unused variable result_ensures
Warning, file "/home/fabrice/git/pycsl/scratchpad/w7/tmp/.pycsl_dt9cy9s4.mlw", line 1762, characters 115-116: unused variable n
Warning, file "/home/fabrice/git/pycsl/scratchpad/w7/tmp/.pycsl_dt9cy9s4.mlw", line 1762, characters 124-135: unused variable param_types
Warning, file "/home/fabrice/git/pycsl/scratchpad/w7/tmp/.pycsl_dt9cy9s4.mlw", line 1762, characters 152-162: unused variable field_spec
Warning, file "/home/fabrice/git/pycsl/scratchpad/w7/tmp/.pycsl_dt9cy9s4.mlw", line 1764, characters 15-19: unused variable result
Warning, file "/home/fabrice/git/pycsl/scratchpad/w7/tmp/.pycsl_dt9cy9s4.mlw", line 1766, characters 50-54: unused variable self
Warning, file "/home/fabrice/git/pycsl/scratchpad/w7/tmp/.pycsl_dt9cy9s4.mlw", line 1766, characters 82-84: unused variable nu
Warning, file "/home/fabrice/git/pycsl/scratchpad/w7/tmp/.pycsl_dt9cy9s4.mlw", line 1768, characters 15-19: unused variable result
Warning, file "/home/fabrice/git/pycsl/scratchpad/w7/tmp/.pycsl_dt9cy9s4.mlw", line 1770, characters 52-56: unused variable self
Warning, file "/home/fabrice/git/pycsl/scratchpad/w7/tmp/.pycsl_dt9cy9s4.mlw", line 1770, characters 84-86: unused variable nu
Warning, file "/home/fabrice/git/pycsl/scratchpad/w7/tmp/.pycsl_dt9cy9s4.mlw", line 1772, characters 15-19: unused variable result
Warning, file "/home/fabrice/git/pycsl/scratchpad/w7/tmp/.pycsl_dt9cy9s4.mlw", line 1774, characters 48-52: unused variable self
Warning, file "/home/fabrice/git/pycsl/scratchpad/w7/tmp/.pycsl_dt9cy9s4.mlw", line 1774, characters 80-82: unused variable nu
Warning, file "/home/fabrice/git/pycsl/scratchpad/w7/tmp/.pycsl_dt9cy9s4.mlw", line 1774, characters 90-98: unused variable val_expr
Warning, file "/home/fabrice/git/pycsl/scratchpad/w7/tmp/.pycsl_dt9cy9s4.mlw", line 1776, characters 15-19: unused variable result
Warning, file "/home/fabrice/git/pycsl/scratchpad/w7/tmp/.pycsl_dt9cy9s4.mlw", line 1778, characters 35-39: unused variable self
Warning, file "/home/fabrice/git/pycsl/scratchpad/w7/tmp/.pycsl_dt9cy9s4.mlw", line 1778, characters 67-69: unused variable ir
Warning, file "/home/fabrice/git/pycsl/scratchpad/w7/tmp/.pycsl_dt9cy9s4.mlw", line 1778, characters 77-79: unused variable lr
Warning, file "/home/fabrice/git/pycsl/scratchpad/w7/tmp/.pycsl_dt9cy9s4.mlw", line 1780, characters 15-19: unused variable result
Warning, file "/home/fabrice/git/pycsl/scratchpad/w7/tmp/.pycsl_dt9cy9s4.mlw", line 1782, characters 59-63: unused variable self
Warning, file "/home/fabrice/git/pycsl/scratchpad/w7/tmp/.pycsl_dt9cy9s4.mlw", line 1782, characters 91-97: unused variable target
Warning, file "/home/fabrice/git/pycsl/scratchpad/w7/tmp/.pycsl_dt9cy9s4.mlw", line 1782, characters 108-119: unused variable safe_target
Warning, file "/home/fabrice/git/pycsl/scratchpad/w7/tmp/.pycsl_dt9cy9s4.mlw", line 1782, characters 130-136: unused variable indent
Warning, file "/home/fabrice/git/pycsl/scratchpad/w7/tmp/.pycsl_dt9cy9s4.mlw", line 1782, characters 147-153: unused variable val_ir
Warning, file "/home/fabrice/git/pycsl/scratchpad/w7/tmp/.pycsl_dt9cy9s4.mlw", line 1782, characters 165-175: unused variable local_refs
Warning, file "/home/fabrice/git/pycsl/scratchpad/w7/tmp/.pycsl_dt9cy9s4.mlw", line 1784, characters 15-19: unused variable result
Warning, file "/home/fabrice/git/pycsl/scratchpad/w7/tmp/.pycsl_dt9cy9s4.mlw", line 1786, characters 55-59: unused variable self
Warning, file "/home/fabrice/git/pycsl/scratchpad/w7/tmp/.pycsl_dt9cy9s4.mlw", line 1786, characters 87-94: unused variable op_char
Warning, file "/home/fabrice/git/pycsl/scratchpad/w7/tmp/.pycsl_dt9cy9s4.mlw", line 1786, characters 105-109: unused variable expr
Warning, file "/home/fabrice/git/pycsl/scratchpad/w7/tmp/.pycsl_dt9cy9s4.mlw", line 1786, characters 117-121: unused variable left
Warning, file "/home/fabrice/git/pycsl/scratchpad/w7/tmp/.pycsl_dt9cy9s4.mlw", line 1786, characters 132-137: unused variable right
Warning, file "/home/fabrice/git/pycsl/scratchpad/w7/tmp/.pycsl_dt9cy9s4.mlw", line 1788, characters 15-19: unused variable result
Warning, file "/home/fabrice/git/pycsl/scratchpad/w7/tmp/.pycsl_dt9cy9s4.mlw", line 1790, characters 48-52: unused variable self
Warning, file "/home/fabrice/git/pycsl/scratchpad/w7/tmp/.pycsl_dt9cy9s4.mlw", line 1790, characters 80-84: unused variable func
Warning, file "/home/fabrice/git/pycsl/scratchpad/w7/tmp/.pycsl_dt9cy9s4.mlw", line 1790, characters 112-122: unused variable body_stmts
Warning, file "/home/fabrice/git/pycsl/scratchpad/w7/tmp/.pycsl_dt9cy9s4.mlw", line 1790, characters 136-146: unused variable local_refs
Warning, file "/home/fabrice/git/pycsl/scratchpad/w7/tmp/.pycsl_dt9cy9s4.mlw", line 1790, characters 171-181: unused variable ghost_vars
Warning, file "/home/fabrice/git/pycsl/scratchpad/w7/tmp/.pycsl_dt9cy9s4.mlw", line 1790, characters 206-216: unused variable ref_params
Warning, file "/home/fabrice/git/pycsl/scratchpad/w7/tmp/.pycsl_dt9cy9s4.mlw", line 1790, characters 241-250: unused variable is_method
Warning, file "/home/fabrice/git/pycsl/scratchpad/w7/tmp/.pycsl_dt9cy9s4.mlw", line 1790, characters 258-269: unused variable return_type
Warning, file "/home/fabrice/git/pycsl/scratchpad/w7/tmp/.pycsl_dt9cy9s4.mlw", line 1792, characters 15-19: unused variable result
Warning, file "/home/fabrice/git/pycsl/scratchpad/w7/tmp/.pycsl_dt9cy9s4.mlw", line 1794, characters 60-64: unused variable self
Warning, file "/home/fabrice/git/pycsl/scratchpad/w7/tmp/.pycsl_dt9cy9s4.mlw", line 1794, characters 92-101: unused variable func_name
Warning, file "/home/fabrice/git/pycsl/scratchpad/w7/tmp/.pycsl_dt9cy9s4.mlw", line 1794, characters 112-116: unused variable expr
Warning, file "/home/fabrice/git/pycsl/scratchpad/w7/tmp/.pycsl_dt9cy9s4.mlw", line 1794, characters 124-128: unused variable args
Warning, file "/home/fabrice/git/pycsl/scratchpad/w7/tmp/.pycsl_dt9cy9s4.mlw", line 1796, characters 15-19: unused variable result
Warning, file "/home/fabrice/git/pycsl/scratchpad/w7/tmp/.pycsl_dt9cy9s4.mlw", line 1798, characters 51-55: unused variable self
Warning, file "/home/fabrice/git/pycsl/scratchpad/w7/tmp/.pycsl_dt9cy9s4.mlw", line 1798, characters 83-87: unused variable kind
Warning, file "/home/fabrice/git/pycsl/scratchpad/w7/tmp/.pycsl_dt9cy9s4.mlw", line 1798, characters 98-104: unused variable indent
Warning, file "/home/fabrice/git/pycsl/scratchpad/w7/tmp/.pycsl_dt9cy9s4.mlw", line 1798, characters 115-126: unused variable safe_target
Warning, file "/home/fabrice/git/pycsl/scratchpad/w7/tmp/.pycsl_dt9cy9s4.mlw", line 1798, characters 137-143: unused variable target
Warning, file "/home/fabrice/git/pycsl/scratchpad/w7/tmp/.pycsl_dt9cy9s4.mlw", line 1798, characters 154-160: unused variable py_val
Warning, file "/home/fabrice/git/pycsl/scratchpad/w7/tmp/.pycsl_dt9cy9s4.mlw", line 1798, characters 171-177: unused variable val_ir
Warning, file "/home/fabrice/git/pycsl/scratchpad/w7/tmp/.pycsl_dt9cy9s4.mlw", line 1798, characters 189-199: unused variable local_refs
Warning, file "/home/fabrice/git/pycsl/scratchpad/w7/tmp/.pycsl_dt9cy9s4.mlw", line 1800, characters 15-19: unused variable result
Warning, file "/home/fabrice/git/pycsl/scratchpad/w7/tmp/.pycsl_dt9cy9s4.mlw", line 1802, characters 54-58: unused variable self
Warning, file "/home/fabrice/git/pycsl/scratchpad/w7/tmp/.pycsl_dt9cy9s4.mlw", line 1802, characters 86-98: unused variable assigns_list
Warning, file "/home/fabrice/git/pycsl/scratchpad/w7/tmp/.pycsl_dt9cy9s4.mlw", line 1802, characters 112-121: unused variable spec_refs
Warning, file "/home/fabrice/git/pycsl/scratchpad/w7/tmp/.pycsl_dt9cy9s4.mlw", line 1804, characters 15-19: unused variable result
Warning, file "/home/fabrice/git/pycsl/scratchpad/w7/tmp/.pycsl_dt9cy9s4.mlw", line 1806, characters 44-48: unused variable self
Warning, file "/home/fabrice/git/pycsl/scratchpad/w7/tmp/.pycsl_dt9cy9s4.mlw", line 1806, characters 76-81: unused variable funcs
Warning, file "/home/fabrice/git/pycsl/scratchpad/w7/tmp/.pycsl_dt9cy9s4.mlw", line 1806, characters 95-100: unused variable group
Warning, file "/home/fabrice/git/pycsl/scratchpad/w7/tmp/.pycsl_dt9cy9s4.mlw", line 1808, characters 15-19: unused variable result
Warning, file "/home/fabrice/git/pycsl/scratchpad/w7/tmp/.pycsl_dt9cy9s4.mlw", line 1810, characters 49-53: unused variable self
Warning, file "/home/fabrice/git/pycsl/scratchpad/w7/tmp/.pycsl_dt9cy9s4.mlw", line 1810, characters 81-83: unused variable op
Warning, file "/home/fabrice/git/pycsl/scratchpad/w7/tmp/.pycsl_dt9cy9s4.mlw", line 1810, characters 94-98: unused variable expr
Warning, file "/home/fabrice/git/pycsl/scratchpad/w7/tmp/.pycsl_dt9cy9s4.mlw", line 1810, characters 106-110: unused variable left
Warning, file "/home/fabrice/git/pycsl/scratchpad/w7/tmp/.pycsl_dt9cy9s4.mlw", line 1810, characters 121-126: unused variable right
Warning, file "/home/fabrice/git/pycsl/scratchpad/w7/tmp/.pycsl_dt9cy9s4.mlw", line 1810, characters 137-147: unused variable local_refs
Warning, file "/home/fabrice/git/pycsl/scratchpad/w7/tmp/.pycsl_dt9cy9s4.mlw", line 1810, characters 155-168: unused variable invariant_ctx
Warning, file "/home/fabrice/git/pycsl/scratchpad/w7/tmp/.pycsl_dt9cy9s4.mlw", line 1810, characters 176-181: unused variable subst
Warning, file "/home/fabrice/git/pycsl/scratchpad/w7/tmp/.pycsl_dt9cy9s4.mlw", line 1812, characters 15-19: unused variable result
Warning, file "/home/fabrice/git/pycsl/scratchpad/w7/tmp/.pycsl_dt9cy9s4.mlw", line 1814, characters 52-56: unused variable self
Warning, file "/home/fabrice/git/pycsl/scratchpad/w7/tmp/.pycsl_dt9cy9s4.mlw", line 1818, characters 52-56: unused variable self
Warning, file "/home/fabrice/git/pycsl/scratchpad/w7/tmp/.pycsl_dt9cy9s4.mlw", line 1818, characters 84-95: unused variable safe_target
Warning, file "/home/fabrice/git/pycsl/scratchpad/w7/tmp/.pycsl_dt9cy9s4.mlw", line 1818, characters 106-112: unused variable target
Warning, file "/home/fabrice/git/pycsl/scratchpad/w7/tmp/.pycsl_dt9cy9s4.mlw", line 1818, characters 123-130: unused variable binding
Warning, file "/home/fabrice/git/pycsl/scratchpad/w7/tmp/.pycsl_dt9cy9s4.mlw", line 1818, characters 141-145: unused variable rest
Warning, file "/home/fabrice/git/pycsl/scratchpad/w7/tmp/.pycsl_dt9cy9s4.mlw", line 1818, characters 159-169: unused variable local_refs
Warning, file "/home/fabrice/git/pycsl/scratchpad/w7/tmp/.pycsl_dt9cy9s4.mlw", line 1818, characters 194-207: unused variable declared_refs
Warning, file "/home/fabrice/git/pycsl/scratchpad/w7/tmp/.pycsl_dt9cy9s4.mlw", line 1818, characters 232-238: unused variable indent
Warning, file "/home/fabrice/git/pycsl/scratchpad/w7/tmp/.pycsl_dt9cy9s4.mlw", line 1818, characters 249-256: unused variable in_loop
Warning, file "/home/fabrice/git/pycsl/scratchpad/w7/tmp/.pycsl_dt9cy9s4.mlw", line 1820, characters 15-19: unused variable result
Warning, file "/home/fabrice/git/pycsl/scratchpad/w7/tmp/.pycsl_dt9cy9s4.mlw", line 1822, characters 57-61: unused variable self
Warning, file "/home/fabrice/git/pycsl/scratchpad/w7/tmp/.pycsl_dt9cy9s4.mlw", line 1822, characters 89-98: unused variable functions
Warning, file "/home/fabrice/git/pycsl/scratchpad/w7/tmp/.pycsl_dt9cy9s4.mlw", line 1822, characters 112-122: unused variable type_decls
Warning, file "/home/fabrice/git/pycsl/scratchpad/w7/tmp/.pycsl_dt9cy9s4.mlw", line 1822, characters 136-146: unused variable all_bodies
Warning, file "/home/fabrice/git/pycsl/scratchpad/w7/tmp/.pycsl_dt9cy9s4.mlw", line 1822, characters 160-171: unused variable module_name
Warning, file "/home/fabrice/git/pycsl/scratchpad/w7/tmp/.pycsl_dt9cy9s4.mlw", line 1822, characters 182-193: unused variable emit_axioms
Warning, file "/home/fabrice/git/pycsl/scratchpad/w7/tmp/.pycsl_dt9cy9s4.mlw", line 1822, characters 201-209: unused variable axiom_ir
Warning, file "/home/fabrice/git/pycsl/scratchpad/w7/tmp/.pycsl_dt9cy9s4.mlw", line 1824, characters 15-19: unused variable result
Warning, file "/home/fabrice/git/pycsl/scratchpad/w7/tmp/.pycsl_dt9cy9s4.mlw", line 1826, characters 47-51: unused variable self
Warning, file "/home/fabrice/git/pycsl/scratchpad/w7/tmp/.pycsl_dt9cy9s4.mlw", line 1826, characters 79-83: unused variable expr
Warning, file "/home/fabrice/git/pycsl/scratchpad/w7/tmp/.pycsl_dt9cy9s4.mlw", line 1826, characters 95-105: unused variable local_refs
Warning, file "/home/fabrice/git/pycsl/scratchpad/w7/tmp/.pycsl_dt9cy9s4.mlw", line 1826, characters 130-143: unused variable invariant_ctx
Warning, file "/home/fabrice/git/pycsl/scratchpad/w7/tmp/.pycsl_dt9cy9s4.mlw", line 1826, characters 151-156: unused variable subst
Warning, file "/home/fabrice/git/pycsl/scratchpad/w7/tmp/.pycsl_dt9cy9s4.mlw", line 1828, characters 15-19: unused variable result
Warning, file "/home/fabrice/git/pycsl/scratchpad/w7/tmp/.pycsl_dt9cy9s4.mlw", line 1830, characters 58-62: unused variable self
Warning, file "/home/fabrice/git/pycsl/scratchpad/w7/tmp/.pycsl_dt9cy9s4.mlw", line 1830, characters 90-92: unused variable ir
Warning, file "/home/fabrice/git/pycsl/scratchpad/w7/tmp/.pycsl_dt9cy9s4.mlw", line 1830, characters 104-114: unused variable local_refs
Warning, file "/home/fabrice/git/pycsl/scratchpad/w7/tmp/.pycsl_dt9cy9s4.mlw", line 1832, characters 15-19: unused variable result
Warning, file "/home/fabrice/git/pycsl/scratchpad/w7/tmp/.pycsl_dt9cy9s4.mlw", line 1834, characters 45-49: unused variable self
Warning, file "/home/fabrice/git/pycsl/scratchpad/w7/tmp/.pycsl_dt9cy9s4.mlw", line 1834, characters 77-89: unused variable record_lower
Warning, file "/home/fabrice/git/pycsl/scratchpad/w7/tmp/.pycsl_dt9cy9s4.mlw", line 1834, characters 100-105: unused variable field
Warning, file "/home/fabrice/git/pycsl/scratchpad/w7/tmp/.pycsl_dt9cy9s4.mlw", line 1836, characters 15-19: unused variable result
Warning, file "/home/fabrice/git/pycsl/scratchpad/w7/tmp/.pycsl_dt9cy9s4.mlw", line 1838, characters 48-52: unused variable self
Warning, file "/home/fabrice/git/pycsl/scratchpad/w7/tmp/.pycsl_dt9cy9s4.mlw", line 1838, characters 80-83: unused variable obj
Warning, file "/home/fabrice/git/pycsl/scratchpad/w7/tmp/.pycsl_dt9cy9s4.mlw", line 1838, characters 94-99: unused variable field
Warning, file "/home/fabrice/git/pycsl/scratchpad/w7/tmp/.pycsl_dt9cy9s4.mlw", line 1840, characters 15-19: unused variable result
Warning, file "/home/fabrice/git/pycsl/scratchpad/w7/tmp/.pycsl_dt9cy9s4.mlw", line 1842, characters 50-54: unused variable self
Warning, file "/home/fabrice/git/pycsl/scratchpad/w7/tmp/.pycsl_dt9cy9s4.mlw", line 1842, characters 82-88: unused variable val_ir
Warning, file "/home/fabrice/git/pycsl/scratchpad/w7/tmp/.pycsl_dt9cy9s4.mlw", line 1844, characters 15-19: unused variable result
Warning, file "/home/fabrice/git/pycsl/scratchpad/w7/tmp/.pycsl_dt9cy9s4.mlw", line 1846, characters 51-55: unused variable self
Warning, file "/home/fabrice/git/pycsl/scratchpad/w7/tmp/.pycsl_dt9cy9s4.mlw", line 1846, characters 83-89: unused variable py_val
Warning, file "/home/fabrice/git/pycsl/scratchpad/w7/tmp/.pycsl_dt9cy9s4.mlw", line 1846, characters 100-106: unused variable val_ir
Warning, file "/home/fabrice/git/pycsl/scratchpad/w7/tmp/.pycsl_dt9cy9s4.mlw", line 1848, characters 15-19: unused variable result
Warning, file "/home/fabrice/git/pycsl/scratchpad/w7/tmp/.pycsl_dt9cy9s4.mlw", line 1910, characters 32-36: unused variable result
Warning, file "/home/fabrice/git/pycsl/scratchpad/w7/tmp/.pycsl_dt9cy9s4.mlw", line 1901, characters 32-36: unused variable result
Warning, file "/home/fabrice/git/pycsl/scratchpad/w7/tmp/.pycsl_dt9cy9s4.mlw", line 1885, characters 32-36: unused variable result
Warning, file "/home/fabrice/git/pycsl/scratchpad/w7/tmp/.pycsl_dt9cy9s4.mlw", line 1917, characters 50-54: unused variable self
Warning, file "/home/fabrice/git/pycsl/scratchpad/w7/tmp/.pycsl_dt9cy9s4.mlw", line 1917, characters 82-84: unused variable pp
Warning, file "/home/fabrice/git/pycsl/scratchpad/w7/tmp/.pycsl_dt9cy9s4.mlw", line 1917, characters 96-106: unused variable local_refs
Warning, file "/home/fabrice/git/pycsl/scratchpad/w7/tmp/.pycsl_dt9cy9s4.mlw", line 1917, characters 131-144: unused variable invariant_ctx
Warning, file "/home/fabrice/git/pycsl/scratchpad/w7/tmp/.pycsl_dt9cy9s4.mlw", line 1917, characters 152-157: unused variable subst
Warning, file "/home/fabrice/git/pycsl/scratchpad/w7/tmp/.pycsl_dt9cy9s4.mlw", line 1919, characters 15-19: unused variable result
Warning, file "/home/fabrice/git/pycsl/scratchpad/w7/tmp/.pycsl_dt9cy9s4.mlw", line 1921, characters 52-56: unused variable self
Warning, file "/home/fabrice/git/pycsl/scratchpad/w7/tmp/.pycsl_dt9cy9s4.mlw", line 1921, characters 84-88: unused variable recv
Warning, file "/home/fabrice/git/pycsl/scratchpad/w7/tmp/.pycsl_dt9cy9s4.mlw", line 1923, characters 15-19: unused variable result
Warning, file "/home/fabrice/git/pycsl/scratchpad/w7/tmp/.pycsl_dt9cy9s4.mlw", line 1925, characters 55-59: unused variable self
Warning, file "/home/fabrice/git/pycsl/scratchpad/w7/tmp/.pycsl_dt9cy9s4.mlw", line 1925, characters 87-91: unused variable stmt
Warning, file "/home/fabrice/git/pycsl/scratchpad/w7/tmp/.pycsl_dt9cy9s4.mlw", line 1925, characters 99-103: unused variable rest
Warning, file "/home/fabrice/git/pycsl/scratchpad/w7/tmp/.pycsl_dt9cy9s4.mlw", line 1925, characters 117-127: unused variable local_refs
Warning, file "/home/fabrice/git/pycsl/scratchpad/w7/tmp/.pycsl_dt9cy9s4.mlw", line 1925, characters 152-165: unused variable declared_refs
Warning, file "/home/fabrice/git/pycsl/scratchpad/w7/tmp/.pycsl_dt9cy9s4.mlw", line 1925, characters 190-196: unused variable indent
Warning, file "/home/fabrice/git/pycsl/scratchpad/w7/tmp/.pycsl_dt9cy9s4.mlw", line 1925, characters 207-214: unused variable in_loop
Warning, file "/home/fabrice/git/pycsl/scratchpad/w7/tmp/.pycsl_dt9cy9s4.mlw", line 1927, characters 15-19: unused variable result
Warning, file "/home/fabrice/git/pycsl/scratchpad/w7/tmp/.pycsl_dt9cy9s4.mlw", line 1929, characters 61-65: unused variable self
Warning, file "/home/fabrice/git/pycsl/scratchpad/w7/tmp/.pycsl_dt9cy9s4.mlw", line 1929, characters 93-97: unused variable stmt
Warning, file "/home/fabrice/git/pycsl/scratchpad/w7/tmp/.pycsl_dt9cy9s4.mlw", line 1929, characters 105-109: unused variable rest
Warning, file "/home/fabrice/git/pycsl/scratchpad/w7/tmp/.pycsl_dt9cy9s4.mlw", line 1929, characters 123-133: unused variable local_refs
Warning, file "/home/fabrice/git/pycsl/scratchpad/w7/tmp/.pycsl_dt9cy9s4.mlw", line 1929, characters 158-171: unused variable declared_refs
Warning, file "/home/fabrice/git/pycsl/scratchpad/w7/tmp/.pycsl_dt9cy9s4.mlw", line 1929, characters 196-202: unused variable indent
Warning, file "/home/fabrice/git/pycsl/scratchpad/w7/tmp/.pycsl_dt9cy9s4.mlw", line 1929, characters 213-220: unused variable in_loop
Warning, file "/home/fabrice/git/pycsl/scratchpad/w7/tmp/.pycsl_dt9cy9s4.mlw", line 1931, characters 15-19: unused variable result
Warning, file "/home/fabrice/git/pycsl/scratchpad/w7/tmp/.pycsl_dt9cy9s4.mlw", line 1933, characters 53-57: unused variable self
Warning, file "/home/fabrice/git/pycsl/scratchpad/w7/tmp/.pycsl_dt9cy9s4.mlw", line 1933, characters 85-89: unused variable node
Warning, file "/home/fabrice/git/pycsl/scratchpad/w7/tmp/.pycsl_dt9cy9s4.mlw", line 1933, characters 101-111: unused variable local_refs
Warning, file "/home/fabrice/git/pycsl/scratchpad/w7/tmp/.pycsl_dt9cy9s4.mlw", line 1933, characters 136-149: unused variable invariant_ctx
Warning, file "/home/fabrice/git/pycsl/scratchpad/w7/tmp/.pycsl_dt9cy9s4.mlw", line 1933, characters 157-162: unused variable subst
Warning, file "/home/fabrice/git/pycsl/scratchpad/w7/tmp/.pycsl_dt9cy9s4.mlw", line 1935, characters 15-19: unused variable result
Warning, file "/home/fabrice/git/pycsl/scratchpad/w7/tmp/.pycsl_dt9cy9s4.mlw", line 1937, characters 54-58: unused variable self
Warning, file "/home/fabrice/git/pycsl/scratchpad/w7/tmp/.pycsl_dt9cy9s4.mlw", line 1937, characters 86-90: unused variable node
Warning, file "/home/fabrice/git/pycsl/scratchpad/w7/tmp/.pycsl_dt9cy9s4.mlw", line 1937, characters 102-112: unused variable local_refs
Warning, file "/home/fabrice/git/pycsl/scratchpad/w7/tmp/.pycsl_dt9cy9s4.mlw", line 1937, characters 137-150: unused variable invariant_ctx
Warning, file "/home/fabrice/git/pycsl/scratchpad/w7/tmp/.pycsl_dt9cy9s4.mlw", line 1937, characters 158-163: unused variable subst
Warning, file "/home/fabrice/git/pycsl/scratchpad/w7/tmp/.pycsl_dt9cy9s4.mlw", line 1939, characters 15-19: unused variable result
Warning, file "/home/fabrice/git/pycsl/scratchpad/w7/tmp/.pycsl_dt9cy9s4.mlw", line 1941, characters 52-56: unused variable self
Warning, file "/home/fabrice/git/pycsl/scratchpad/w7/tmp/.pycsl_dt9cy9s4.mlw", line 1941, characters 84-88: unused variable stmt
Warning, file "/home/fabrice/git/pycsl/scratchpad/w7/tmp/.pycsl_dt9cy9s4.mlw", line 1941, characters 96-100: unused variable rest
Warning, file "/home/fabrice/git/pycsl/scratchpad/w7/tmp/.pycsl_dt9cy9s4.mlw", line 1941, characters 114-124: unused variable local_refs
Warning, file "/home/fabrice/git/pycsl/scratchpad/w7/tmp/.pycsl_dt9cy9s4.mlw", line 1941, characters 149-162: unused variable declared_refs
Warning, file "/home/fabrice/git/pycsl/scratchpad/w7/tmp/.pycsl_dt9cy9s4.mlw", line 1941, characters 187-193: unused variable indent
Warning, file "/home/fabrice/git/pycsl/scratchpad/w7/tmp/.pycsl_dt9cy9s4.mlw", line 1941, characters 204-211: unused variable in_loop
Warning, file "/home/fabrice/git/pycsl/scratchpad/w7/tmp/.pycsl_dt9cy9s4.mlw", line 1943, characters 15-19: unused variable result
Warning, file "/home/fabrice/git/pycsl/scratchpad/w7/tmp/.pycsl_dt9cy9s4.mlw", line 1945, characters 48-52: unused variable self
Warning, file "/home/fabrice/git/pycsl/scratchpad/w7/tmp/.pycsl_dt9cy9s4.mlw", line 1945, characters 80-84: unused variable node
Warning, file "/home/fabrice/git/pycsl/scratchpad/w7/tmp/.pycsl_dt9cy9s4.mlw", line 1945, characters 92-102: unused variable local_refs
Warning, file "/home/fabrice/git/pycsl/scratchpad/w7/tmp/.pycsl_dt9cy9s4.mlw", line 1945, characters 127-140: unused variable invariant_ctx
Warning, file "/home/fabrice/git/pycsl/scratchpad/w7/tmp/.pycsl_dt9cy9s4.mlw", line 1945, characters 148-153: unused variable subst
Warning, file "/home/fabrice/git/pycsl/scratchpad/w7/tmp/.pycsl_dt9cy9s4.mlw", line 1947, characters 15-19: unused variable result
Warning, file "/home/fabrice/git/pycsl/scratchpad/w7/tmp/.pycsl_dt9cy9s4.mlw", line 1949, characters 55-59: unused variable self
Warning, file "/home/fabrice/git/pycsl/scratchpad/w7/tmp/.pycsl_dt9cy9s4.mlw", line 1949, characters 87-91: unused variable node
Warning, file "/home/fabrice/git/pycsl/scratchpad/w7/tmp/.pycsl_dt9cy9s4.mlw", line 1949, characters 99-109: unused variable local_refs
Warning, file "/home/fabrice/git/pycsl/scratchpad/w7/tmp/.pycsl_dt9cy9s4.mlw", line 1949, characters 117-130: unused variable invariant_ctx
Warning, file "/home/fabrice/git/pycsl/scratchpad/w7/tmp/.pycsl_dt9cy9s4.mlw", line 1949, characters 138-143: unused variable subst
Warning, file "/home/fabrice/git/pycsl/scratchpad/w7/tmp/.pycsl_dt9cy9s4.mlw", line 1951, characters 15-19: unused variable result
Warning, file "/home/fabrice/git/pycsl/scratchpad/w7/tmp/.pycsl_dt9cy9s4.mlw", line 1953, characters 55-59: unused variable self
Warning, file "/home/fabrice/git/pycsl/scratchpad/w7/tmp/.pycsl_dt9cy9s4.mlw", line 1953, characters 87-91: unused variable stmt
Warning, file "/home/fabrice/git/pycsl/scratchpad/w7/tmp/.pycsl_dt9cy9s4.mlw", line 1953, characters 99-103: unused variable rest
Warning, file "/home/fabrice/git/pycsl/scratchpad/w7/tmp/.pycsl_dt9cy9s4.mlw", line 1953, characters 117-127: unused variable local_refs
Warning, file "/home/fabrice/git/pycsl/scratchpad/w7/tmp/.pycsl_dt9cy9s4.mlw", line 1953, characters 152-165: unused variable declared_refs
Warning, file "/home/fabrice/git/pycsl/scratchpad/w7/tmp/.pycsl_dt9cy9s4.mlw", line 1953, characters 190-196: unused variable indent
Warning, file "/home/fabrice/git/pycsl/scratchpad/w7/tmp/.pycsl_dt9cy9s4.mlw", line 1953, characters 207-214: unused variable in_loop
Warning, file "/home/fabrice/git/pycsl/scratchpad/w7/tmp/.pycsl_dt9cy9s4.mlw", line 1955, characters 15-19: unused variable result
Warning, file "/home/fabrice/git/pycsl/scratchpad/w7/tmp/.pycsl_dt9cy9s4.mlw", line 1957, characters 46-50: unused variable self
Warning, file "/home/fabrice/git/pycsl/scratchpad/w7/tmp/.pycsl_dt9cy9s4.mlw", line 1957, characters 78-82: unused variable node
Warning, file "/home/fabrice/git/pycsl/scratchpad/w7/tmp/.pycsl_dt9cy9s4.mlw", line 1957, characters 90-100: unused variable local_refs
Warning, file "/home/fabrice/git/pycsl/scratchpad/w7/tmp/.pycsl_dt9cy9s4.mlw", line 1957, characters 108-121: unused variable invariant_ctx
Warning, file "/home/fabrice/git/pycsl/scratchpad/w7/tmp/.pycsl_dt9cy9s4.mlw", line 1957, characters 129-134: unused variable subst
Warning, file "/home/fabrice/git/pycsl/scratchpad/w7/tmp/.pycsl_dt9cy9s4.mlw", line 1959, characters 15-19: unused variable result
Warning, file "/home/fabrice/git/pycsl/scratchpad/w7/tmp/.pycsl_dt9cy9s4.mlw", line 1961, characters 50-54: unused variable self
Warning, file "/home/fabrice/git/pycsl/scratchpad/w7/tmp/.pycsl_dt9cy9s4.mlw", line 1961, characters 82-86: unused variable node
Warning, file "/home/fabrice/git/pycsl/scratchpad/w7/tmp/.pycsl_dt9cy9s4.mlw", line 1961, characters 94-104: unused variable local_refs
Warning, file "/home/fabrice/git/pycsl/scratchpad/w7/tmp/.pycsl_dt9cy9s4.mlw", line 1961, characters 112-125: unused variable invariant_ctx
Warning, file "/home/fabrice/git/pycsl/scratchpad/w7/tmp/.pycsl_dt9cy9s4.mlw", line 1961, characters 133-138: unused variable subst
Warning, file "/home/fabrice/git/pycsl/scratchpad/w7/tmp/.pycsl_dt9cy9s4.mlw", line 1963, characters 15-19: unused variable result
Warning, file "/home/fabrice/git/pycsl/scratchpad/w7/tmp/.pycsl_dt9cy9s4.mlw", line 1965, characters 62-66: unused variable self
Warning, file "/home/fabrice/git/pycsl/scratchpad/w7/tmp/.pycsl_dt9cy9s4.mlw", line 1965, characters 94-98: unused variable stmt
Warning, file "/home/fabrice/git/pycsl/scratchpad/w7/tmp/.pycsl_dt9cy9s4.mlw", line 1965, characters 106-110: unused variable rest
Warning, file "/home/fabrice/git/pycsl/scratchpad/w7/tmp/.pycsl_dt9cy9s4.mlw", line 1965, characters 124-134: unused variable local_refs
Warning, file "/home/fabrice/git/pycsl/scratchpad/w7/tmp/.pycsl_dt9cy9s4.mlw", line 1965, characters 159-172: unused variable declared_refs
Warning, file "/home/fabrice/git/pycsl/scratchpad/w7/tmp/.pycsl_dt9cy9s4.mlw", line 1965, characters 197-203: unused variable indent
Warning, file "/home/fabrice/git/pycsl/scratchpad/w7/tmp/.pycsl_dt9cy9s4.mlw", line 1965, characters 214-221: unused variable in_loop
Warning, file "/home/fabrice/git/pycsl/scratchpad/w7/tmp/.pycsl_dt9cy9s4.mlw", line 1967, characters 15-19: unused variable result
Warning, file "/home/fabrice/git/pycsl/scratchpad/w7/tmp/.pycsl_dt9cy9s4.mlw", line 1969, characters 52-56: unused variable self
Warning, file "/home/fabrice/git/pycsl/scratchpad/w7/tmp/.pycsl_dt9cy9s4.mlw", line 1969, characters 84-93: unused variable func_name
Warning, file "/home/fabrice/git/pycsl/scratchpad/w7/tmp/.pycsl_dt9cy9s4.mlw", line 1969, characters 104-108: unused variable args
Warning, file "/home/fabrice/git/pycsl/scratchpad/w7/tmp/.pycsl_dt9cy9s4.mlw", line 1969, characters 125-132: unused variable arg_irs
Warning, file "/home/fabrice/git/pycsl/scratchpad/w7/tmp/.pycsl_dt9cy9s4.mlw", line 1971, characters 15-19: unused variable result
Warning, file "/home/fabrice/git/pycsl/scratchpad/w7/tmp/.pycsl_dt9cy9s4.mlw", line 1973, characters 50-54: unused variable self
Warning, file "/home/fabrice/git/pycsl/scratchpad/w7/tmp/.pycsl_dt9cy9s4.mlw", line 1973, characters 82-86: unused variable stmt
Warning, file "/home/fabrice/git/pycsl/scratchpad/w7/tmp/.pycsl_dt9cy9s4.mlw", line 1973, characters 94-98: unused variable rest
Warning, file "/home/fabrice/git/pycsl/scratchpad/w7/tmp/.pycsl_dt9cy9s4.mlw", line 1973, characters 112-122: unused variable local_refs
Warning, file "/home/fabrice/git/pycsl/scratchpad/w7/tmp/.pycsl_dt9cy9s4.mlw", line 1973, characters 147-160: unused variable declared_refs
Warning, file "/home/fabrice/git/pycsl/scratchpad/w7/tmp/.pycsl_dt9cy9s4.mlw", line 1973, characters 185-191: unused variable indent
Warning, file "/home/fabrice/git/pycsl/scratchpad/w7/tmp/.pycsl_dt9cy9s4.mlw", line 1973, characters 202-209: unused variable in_loop
Warning, file "/home/fabrice/git/pycsl/scratchpad/w7/tmp/.pycsl_dt9cy9s4.mlw", line 1975, characters 15-19: unused variable result
Warning, file "/home/fabrice/git/pycsl/scratchpad/w7/tmp/.pycsl_dt9cy9s4.mlw", line 1977, characters 55-59: unused variable self
Warning, file "/home/fabrice/git/pycsl/scratchpad/w7/tmp/.pycsl_dt9cy9s4.mlw", line 1977, characters 87-91: unused variable node
Warning, file "/home/fabrice/git/pycsl/scratchpad/w7/tmp/.pycsl_dt9cy9s4.mlw", line 1977, characters 103-116: unused variable invariant_ctx
Warning, file "/home/fabrice/git/pycsl/scratchpad/w7/tmp/.pycsl_dt9cy9s4.mlw", line 1979, characters 15-19: unused variable result
Warning, file "/home/fabrice/git/pycsl/scratchpad/w7/tmp/.pycsl_dt9cy9s4.mlw", line 1981, characters 57-61: unused variable self
Warning, file "/home/fabrice/git/pycsl/scratchpad/w7/tmp/.pycsl_dt9cy9s4.mlw", line 1981, characters 89-93: unused variable stmt
Warning, file "/home/fabrice/git/pycsl/scratchpad/w7/tmp/.pycsl_dt9cy9s4.mlw", line 1981, characters 101-105: unused variable rest
Warning, file "/home/fabrice/git/pycsl/scratchpad/w7/tmp/.pycsl_dt9cy9s4.mlw", line 1981, characters 119-129: unused variable local_refs
Warning, file "/home/fabrice/git/pycsl/scratchpad/w7/tmp/.pycsl_dt9cy9s4.mlw", line 1981, characters 154-167: unused variable declared_refs
Warning, file "/home/fabrice/git/pycsl/scratchpad/w7/tmp/.pycsl_dt9cy9s4.mlw", line 1981, characters 192-198: unused variable indent
Warning, file "/home/fabrice/git/pycsl/scratchpad/w7/tmp/.pycsl_dt9cy9s4.mlw", line 1981, characters 209-216: unused variable in_loop
Warning, file "/home/fabrice/git/pycsl/scratchpad/w7/tmp/.pycsl_dt9cy9s4.mlw", line 1983, characters 15-19: unused variable result
Warning, file "/home/fabrice/git/pycsl/scratchpad/w7/tmp/.pycsl_dt9cy9s4.mlw", line 1986, characters 60-64: unused variable self
Warning, file "/home/fabrice/git/pycsl/scratchpad/w7/tmp/.pycsl_dt9cy9s4.mlw", line 1986, characters 92-96: unused variable stmt
Warning, file "/home/fabrice/git/pycsl/scratchpad/w7/tmp/.pycsl_dt9cy9s4.mlw", line 1986, characters 104-108: unused variable rest
Warning, file "/home/fabrice/git/pycsl/scratchpad/w7/tmp/.pycsl_dt9cy9s4.mlw", line 1986, characters 122-132: unused variable local_refs
Warning, file "/home/fabrice/git/pycsl/scratchpad/w7/tmp/.pycsl_dt9cy9s4.mlw", line 1986, characters 157-170: unused variable declared_refs
Warning, file "/home/fabrice/git/pycsl/scratchpad/w7/tmp/.pycsl_dt9cy9s4.mlw", line 1986, characters 195-201: unused variable indent
Warning, file "/home/fabrice/git/pycsl/scratchpad/w7/tmp/.pycsl_dt9cy9s4.mlw", line 1986, characters 212-219: unused variable in_loop
Warning, file "/home/fabrice/git/pycsl/scratchpad/w7/tmp/.pycsl_dt9cy9s4.mlw", line 1988, characters 15-19: unused variable result
Warning, file "/home/fabrice/git/pycsl/scratchpad/w7/tmp/.pycsl_dt9cy9s4.mlw", line 1990, characters 53-57: unused variable self
Warning, file "/home/fabrice/git/pycsl/scratchpad/w7/tmp/.pycsl_dt9cy9s4.mlw", line 1990, characters 85-89: unused variable node
Warning, file "/home/fabrice/git/pycsl/scratchpad/w7/tmp/.pycsl_dt9cy9s4.mlw", line 1990, characters 101-111: unused variable local_refs
Warning, file "/home/fabrice/git/pycsl/scratchpad/w7/tmp/.pycsl_dt9cy9s4.mlw", line 1990, characters 136-149: unused variable invariant_ctx
Warning, file "/home/fabrice/git/pycsl/scratchpad/w7/tmp/.pycsl_dt9cy9s4.mlw", line 1990, characters 157-162: unused variable subst
Warning, file "/home/fabrice/git/pycsl/scratchpad/w7/tmp/.pycsl_dt9cy9s4.mlw", line 1992, characters 15-19: unused variable result
Warning, file "/home/fabrice/git/pycsl/scratchpad/w7/tmp/.pycsl_dt9cy9s4.mlw", line 1994, characters 61-65: unused variable self
Warning, file "/home/fabrice/git/pycsl/scratchpad/w7/tmp/.pycsl_dt9cy9s4.mlw", line 1994, characters 93-97: unused variable stmt
Warning, file "/home/fabrice/git/pycsl/scratchpad/w7/tmp/.pycsl_dt9cy9s4.mlw", line 1994, characters 105-109: unused variable rest
Warning, file "/home/fabrice/git/pycsl/scratchpad/w7/tmp/.pycsl_dt9cy9s4.mlw", line 1994, characters 123-133: unused variable local_refs
Warning, file "/home/fabrice/git/pycsl/scratchpad/w7/tmp/.pycsl_dt9cy9s4.mlw", line 1994, characters 158-171: unused variable declared_refs
Warning, file "/home/fabrice/git/pycsl/scratchpad/w7/tmp/.pycsl_dt9cy9s4.mlw", line 1994, characters 196-202: unused variable indent
Warning, file "/home/fabrice/git/pycsl/scratchpad/w7/tmp/.pycsl_dt9cy9s4.mlw", line 1994, characters 213-220: unused variable in_loop
Warning, file "/home/fabrice/git/pycsl/scratchpad/w7/tmp/.pycsl_dt9cy9s4.mlw", line 1996, characters 15-19: unused variable result
Warning, file "/home/fabrice/git/pycsl/scratchpad/w7/tmp/.pycsl_dt9cy9s4.mlw", line 1998, characters 58-62: unused variable self
Warning, file "/home/fabrice/git/pycsl/scratchpad/w7/tmp/.pycsl_dt9cy9s4.mlw", line 1998, characters 90-94: unused variable stmt
Warning, file "/home/fabrice/git/pycsl/scratchpad/w7/tmp/.pycsl_dt9cy9s4.mlw", line 1998, characters 102-106: unused variable rest
Warning, file "/home/fabrice/git/pycsl/scratchpad/w7/tmp/.pycsl_dt9cy9s4.mlw", line 1998, characters 120-130: unused variable local_refs
Warning, file "/home/fabrice/git/pycsl/scratchpad/w7/tmp/.pycsl_dt9cy9s4.mlw", line 1998, characters 155-168: unused variable declared_refs
Warning, file "/home/fabrice/git/pycsl/scratchpad/w7/tmp/.pycsl_dt9cy9s4.mlw", line 1998, characters 193-199: unused variable indent
Warning, file "/home/fabrice/git/pycsl/scratchpad/w7/tmp/.pycsl_dt9cy9s4.mlw", line 1998, characters 210-217: unused variable in_loop
Warning, file "/home/fabrice/git/pycsl/scratchpad/w7/tmp/.pycsl_dt9cy9s4.mlw", line 2000, characters 15-19: unused variable result
Warning, file "/home/fabrice/git/pycsl/scratchpad/w7/tmp/.pycsl_dt9cy9s4.mlw", line 2002, characters 52-56: unused variable self
Warning, file "/home/fabrice/git/pycsl/scratchpad/w7/tmp/.pycsl_dt9cy9s4.mlw", line 2002, characters 84-88: unused variable node
Warning, file "/home/fabrice/git/pycsl/scratchpad/w7/tmp/.pycsl_dt9cy9s4.mlw", line 2002, characters 96-106: unused variable local_refs
Warning, file "/home/fabrice/git/pycsl/scratchpad/w7/tmp/.pycsl_dt9cy9s4.mlw", line 2002, characters 131-144: unused variable invariant_ctx
Warning, file "/home/fabrice/git/pycsl/scratchpad/w7/tmp/.pycsl_dt9cy9s4.mlw", line 2002, characters 152-157: unused variable subst
Warning, file "/home/fabrice/git/pycsl/scratchpad/w7/tmp/.pycsl_dt9cy9s4.mlw", line 2004, characters 15-19: unused variable result
Warning, file "/home/fabrice/git/pycsl/scratchpad/w7/tmp/.pycsl_dt9cy9s4.mlw", line 2026, characters 32-36: unused variable result
Warning, file "/home/fabrice/git/pycsl/scratchpad/w7/tmp/.pycsl_dt9cy9s4.mlw", line 2032, characters 56-60: unused variable self
Warning, file "/home/fabrice/git/pycsl/scratchpad/w7/tmp/.pycsl_dt9cy9s4.mlw", line 2032, characters 88-92: unused variable node
Warning, file "/home/fabrice/git/pycsl/scratchpad/w7/tmp/.pycsl_dt9cy9s4.mlw", line 2032, characters 104-114: unused variable local_refs
Warning, file "/home/fabrice/git/pycsl/scratchpad/w7/tmp/.pycsl_dt9cy9s4.mlw", line 2032, characters 139-152: unused variable invariant_ctx
Warning, file "/home/fabrice/git/pycsl/scratchpad/w7/tmp/.pycsl_dt9cy9s4.mlw", line 2032, characters 160-165: unused variable subst
Warning, file "/home/fabrice/git/pycsl/scratchpad/w7/tmp/.pycsl_dt9cy9s4.mlw", line 2034, characters 15-19: unused variable result
Warning, file "/home/fabrice/git/pycsl/scratchpad/w7/tmp/.pycsl_dt9cy9s4.mlw", line 2036, characters 54-58: unused variable self
Warning, file "/home/fabrice/git/pycsl/scratchpad/w7/tmp/.pycsl_dt9cy9s4.mlw", line 2036, characters 86-90: unused variable node
Warning, file "/home/fabrice/git/pycsl/scratchpad/w7/tmp/.pycsl_dt9cy9s4.mlw", line 2036, characters 102-112: unused variable local_refs
Warning, file "/home/fabrice/git/pycsl/scratchpad/w7/tmp/.pycsl_dt9cy9s4.mlw", line 2036, characters 137-150: unused variable invariant_ctx
Warning, file "/home/fabrice/git/pycsl/scratchpad/w7/tmp/.pycsl_dt9cy9s4.mlw", line 2036, characters 158-163: unused variable subst
Warning, file "/home/fabrice/git/pycsl/scratchpad/w7/tmp/.pycsl_dt9cy9s4.mlw", line 2038, characters 15-19: unused variable result
Warning, file "/home/fabrice/git/pycsl/scratchpad/w7/tmp/.pycsl_dt9cy9s4.mlw", line 2040, characters 51-55: unused variable self
Warning, file "/home/fabrice/git/pycsl/scratchpad/w7/tmp/.pycsl_dt9cy9s4.mlw", line 2040, characters 83-87: unused variable expr
Warning, file "/home/fabrice/git/pycsl/scratchpad/w7/tmp/.pycsl_dt9cy9s4.mlw", line 2040, characters 95-105: unused variable local_refs
Warning, file "/home/fabrice/git/pycsl/scratchpad/w7/tmp/.pycsl_dt9cy9s4.mlw", line 2042, characters 15-19: unused variable result
Warning, file "/home/fabrice/git/pycsl/scratchpad/w7/tmp/.pycsl_dt9cy9s4.mlw", line 2044, characters 54-58: unused variable self
Warning, file "/home/fabrice/git/pycsl/scratchpad/w7/tmp/.pycsl_dt9cy9s4.mlw", line 2044, characters 86-90: unused variable node
Warning, file "/home/fabrice/git/pycsl/scratchpad/w7/tmp/.pycsl_dt9cy9s4.mlw", line 2044, characters 102-112: unused variable local_refs
Warning, file "/home/fabrice/git/pycsl/scratchpad/w7/tmp/.pycsl_dt9cy9s4.mlw", line 2044, characters 137-150: unused variable invariant_ctx
Warning, file "/home/fabrice/git/pycsl/scratchpad/w7/tmp/.pycsl_dt9cy9s4.mlw", line 2044, characters 158-163: unused variable subst
Warning, file "/home/fabrice/git/pycsl/scratchpad/w7/tmp/.pycsl_dt9cy9s4.mlw", line 2046, characters 15-19: unused variable result
Warning, file "/home/fabrice/git/pycsl/scratchpad/w7/tmp/.pycsl_dt9cy9s4.mlw", line 2048, characters 50-54: unused variable self
Warning, file "/home/fabrice/git/pycsl/scratchpad/w7/tmp/.pycsl_dt9cy9s4.mlw", line 2048, characters 82-86: unused variable expr
Warning, file "/home/fabrice/git/pycsl/scratchpad/w7/tmp/.pycsl_dt9cy9s4.mlw", line 2048, characters 94-98: unused variable args
Warning, file "/home/fabrice/git/pycsl/scratchpad/w7/tmp/.pycsl_dt9cy9s4.mlw", line 2048, characters 115-125: unused variable local_refs
Warning, file "/home/fabrice/git/pycsl/scratchpad/w7/tmp/.pycsl_dt9cy9s4.mlw", line 2048, characters 133-146: unused variable invariant_ctx
Warning, file "/home/fabrice/git/pycsl/scratchpad/w7/tmp/.pycsl_dt9cy9s4.mlw", line 2048, characters 154-159: unused variable subst
Warning, file "/home/fabrice/git/pycsl/scratchpad/w7/tmp/.pycsl_dt9cy9s4.mlw", line 2050, characters 15-19: unused variable result
Warning, file "/home/fabrice/git/pycsl/scratchpad/w7/tmp/.pycsl_dt9cy9s4.mlw", line 2052, characters 52-56: unused variable self
Warning, file "/home/fabrice/git/pycsl/scratchpad/w7/tmp/.pycsl_dt9cy9s4.mlw", line 2052, characters 84-88: unused variable node
Warning, file "/home/fabrice/git/pycsl/scratchpad/w7/tmp/.pycsl_dt9cy9s4.mlw", line 2052, characters 100-110: unused variable local_refs
Warning, file "/home/fabrice/git/pycsl/scratchpad/w7/tmp/.pycsl_dt9cy9s4.mlw", line 2052, characters 135-148: unused variable invariant_ctx
Warning, file "/home/fabrice/git/pycsl/scratchpad/w7/tmp/.pycsl_dt9cy9s4.mlw", line 2052, characters 156-161: unused variable subst
Warning, file "/home/fabrice/git/pycsl/scratchpad/w7/tmp/.pycsl_dt9cy9s4.mlw", line 2054, characters 15-19: unused variable result
Warning, file "/home/fabrice/git/pycsl/scratchpad/w7/tmp/.pycsl_dt9cy9s4.mlw", line 2056, characters 49-53: unused variable self
Warning, file "/home/fabrice/git/pycsl/scratchpad/w7/tmp/.pycsl_dt9cy9s4.mlw", line 2056, characters 81-85: unused variable expr
Warning, file "/home/fabrice/git/pycsl/scratchpad/w7/tmp/.pycsl_dt9cy9s4.mlw", line 2056, characters 93-97: unused variable args
Warning, file "/home/fabrice/git/pycsl/scratchpad/w7/tmp/.pycsl_dt9cy9s4.mlw", line 2058, characters 15-19: unused variable result
Warning, file "/home/fabrice/git/pycsl/scratchpad/w7/tmp/.pycsl_dt9cy9s4.mlw", line 2060, characters 54-58: unused variable self
Warning, file "/home/fabrice/git/pycsl/scratchpad/w7/tmp/.pycsl_dt9cy9s4.mlw", line 2060, characters 86-90: unused variable node
Warning, file "/home/fabrice/git/pycsl/scratchpad/w7/tmp/.pycsl_dt9cy9s4.mlw", line 2060, characters 102-112: unused variable local_refs
Warning, file "/home/fabrice/git/pycsl/scratchpad/w7/tmp/.pycsl_dt9cy9s4.mlw", line 2060, characters 137-150: unused variable invariant_ctx
Warning, file "/home/fabrice/git/pycsl/scratchpad/w7/tmp/.pycsl_dt9cy9s4.mlw", line 2060, characters 158-163: unused variable subst
Warning, file "/home/fabrice/git/pycsl/scratchpad/w7/tmp/.pycsl_dt9cy9s4.mlw", line 2062, characters 15-19: unused variable result
Warning, file "/home/fabrice/git/pycsl/scratchpad/w7/tmp/.pycsl_dt9cy9s4.mlw", line 2064, characters 56-60: unused variable self
Warning, file "/home/fabrice/git/pycsl/scratchpad/w7/tmp/.pycsl_dt9cy9s4.mlw", line 2064, characters 88-92: unused variable node
Warning, file "/home/fabrice/git/pycsl/scratchpad/w7/tmp/.pycsl_dt9cy9s4.mlw", line 2064, characters 100-110: unused variable local_refs
Warning, file "/home/fabrice/git/pycsl/scratchpad/w7/tmp/.pycsl_dt9cy9s4.mlw", line 2064, characters 135-148: unused variable invariant_ctx
Warning, file "/home/fabrice/git/pycsl/scratchpad/w7/tmp/.pycsl_dt9cy9s4.mlw", line 2064, characters 156-161: unused variable subst
Warning, file "/home/fabrice/git/pycsl/scratchpad/w7/tmp/.pycsl_dt9cy9s4.mlw", line 2066, characters 15-19: unused variable result
Warning, file "/home/fabrice/git/pycsl/scratchpad/w7/tmp/.pycsl_dt9cy9s4.mlw", line 2068, characters 49-53: unused variable self
Warning, file "/home/fabrice/git/pycsl/scratchpad/w7/tmp/.pycsl_dt9cy9s4.mlw", line 2068, characters 81-85: unused variable node
Warning, file "/home/fabrice/git/pycsl/scratchpad/w7/tmp/.pycsl_dt9cy9s4.mlw", line 2068, characters 93-103: unused variable local_refs
Warning, file "/home/fabrice/git/pycsl/scratchpad/w7/tmp/.pycsl_dt9cy9s4.mlw", line 2068, characters 128-141: unused variable invariant_ctx
Warning, file "/home/fabrice/git/pycsl/scratchpad/w7/tmp/.pycsl_dt9cy9s4.mlw", line 2068, characters 149-154: unused variable subst
Warning, file "/home/fabrice/git/pycsl/scratchpad/w7/tmp/.pycsl_dt9cy9s4.mlw", line 2070, characters 15-19: unused variable result
Warning, file "/home/fabrice/git/pycsl/scratchpad/w7/tmp/.pycsl_dt9cy9s4.mlw", line 2072, characters 57-61: unused variable self
Warning, file "/home/fabrice/git/pycsl/scratchpad/w7/tmp/.pycsl_dt9cy9s4.mlw", line 2072, characters 89-93: unused variable node
Warning, file "/home/fabrice/git/pycsl/scratchpad/w7/tmp/.pycsl_dt9cy9s4.mlw", line 2072, characters 105-115: unused variable local_refs
Warning, file "/home/fabrice/git/pycsl/scratchpad/w7/tmp/.pycsl_dt9cy9s4.mlw", line 2072, characters 140-153: unused variable invariant_ctx
Warning, file "/home/fabrice/git/pycsl/scratchpad/w7/tmp/.pycsl_dt9cy9s4.mlw", line 2072, characters 161-166: unused variable subst
Warning, file "/home/fabrice/git/pycsl/scratchpad/w7/tmp/.pycsl_dt9cy9s4.mlw", line 2074, characters 15-19: unused variable result
Warning, file "/home/fabrice/git/pycsl/scratchpad/w7/tmp/.pycsl_dt9cy9s4.mlw", line 2076, characters 52-56: unused variable self
Warning, file "/home/fabrice/git/pycsl/scratchpad/w7/tmp/.pycsl_dt9cy9s4.mlw", line 2076, characters 84-88: unused variable stmt
Warning, file "/home/fabrice/git/pycsl/scratchpad/w7/tmp/.pycsl_dt9cy9s4.mlw", line 2076, characters 100-104: unused variable rest
Warning, file "/home/fabrice/git/pycsl/scratchpad/w7/tmp/.pycsl_dt9cy9s4.mlw", line 2076, characters 118-128: unused variable local_refs
Warning, file "/home/fabrice/git/pycsl/scratchpad/w7/tmp/.pycsl_dt9cy9s4.mlw", line 2076, characters 153-166: unused variable declared_refs
Warning, file "/home/fabrice/git/pycsl/scratchpad/w7/tmp/.pycsl_dt9cy9s4.mlw", line 2076, characters 191-197: unused variable indent
Warning, file "/home/fabrice/git/pycsl/scratchpad/w7/tmp/.pycsl_dt9cy9s4.mlw", line 2076, characters 208-215: unused variable in_loop
Warning, file "/home/fabrice/git/pycsl/scratchpad/w7/tmp/.pycsl_dt9cy9s4.mlw", line 2077, characters 15-19: unused variable result
Warning, file "/home/fabrice/git/pycsl/scratchpad/w7/tmp/.pycsl_dt9cy9s4.mlw", line 2079, characters 55-59: unused variable self
Warning, file "/home/fabrice/git/pycsl/scratchpad/w7/tmp/.pycsl_dt9cy9s4.mlw", line 2079, characters 87-91: unused variable node
Warning, file "/home/fabrice/git/pycsl/scratchpad/w7/tmp/.pycsl_dt9cy9s4.mlw", line 2079, characters 103-113: unused variable local_refs
Warning, file "/home/fabrice/git/pycsl/scratchpad/w7/tmp/.pycsl_dt9cy9s4.mlw", line 2079, characters 138-151: unused variable invariant_ctx
Warning, file "/home/fabrice/git/pycsl/scratchpad/w7/tmp/.pycsl_dt9cy9s4.mlw", line 2079, characters 159-164: unused variable subst
Warning, file "/home/fabrice/git/pycsl/scratchpad/w7/tmp/.pycsl_dt9cy9s4.mlw", line 2081, characters 15-19: unused variable result
Warning, file "/home/fabrice/git/pycsl/scratchpad/w7/tmp/.pycsl_dt9cy9s4.mlw", line 2083, characters 51-55: unused variable self
Warning, file "/home/fabrice/git/pycsl/scratchpad/w7/tmp/.pycsl_dt9cy9s4.mlw", line 2083, characters 83-87: unused variable stmt
Warning, file "/home/fabrice/git/pycsl/scratchpad/w7/tmp/.pycsl_dt9cy9s4.mlw", line 2083, characters 95-99: unused variable rest
Warning, file "/home/fabrice/git/pycsl/scratchpad/w7/tmp/.pycsl_dt9cy9s4.mlw", line 2083, characters 113-123: unused variable local_refs
Warning, file "/home/fabrice/git/pycsl/scratchpad/w7/tmp/.pycsl_dt9cy9s4.mlw", line 2083, characters 148-161: unused variable declared_refs
Warning, file "/home/fabrice/git/pycsl/scratchpad/w7/tmp/.pycsl_dt9cy9s4.mlw", line 2083, characters 186-192: unused variable indent
Warning, file "/home/fabrice/git/pycsl/scratchpad/w7/tmp/.pycsl_dt9cy9s4.mlw", line 2083, characters 203-210: unused variable in_loop
Warning, file "/home/fabrice/git/pycsl/scratchpad/w7/tmp/.pycsl_dt9cy9s4.mlw", line 2085, characters 15-19: unused variable result
Warning, file "/home/fabrice/git/pycsl/scratchpad/w7/tmp/.pycsl_dt9cy9s4.mlw", line 2087, characters 52-56: unused variable self
Warning, file "/home/fabrice/git/pycsl/scratchpad/w7/tmp/.pycsl_dt9cy9s4.mlw", line 2087, characters 84-88: unused variable node
Warning, file "/home/fabrice/git/pycsl/scratchpad/w7/tmp/.pycsl_dt9cy9s4.mlw", line 2087, characters 100-110: unused variable local_refs
Warning, file "/home/fabrice/git/pycsl/scratchpad/w7/tmp/.pycsl_dt9cy9s4.mlw", line 2087, characters 135-148: unused variable invariant_ctx
Warning, file "/home/fabrice/git/pycsl/scratchpad/w7/tmp/.pycsl_dt9cy9s4.mlw", line 2087, characters 156-161: unused variable subst
Warning, file "/home/fabrice/git/pycsl/scratchpad/w7/tmp/.pycsl_dt9cy9s4.mlw", line 2089, characters 15-19: unused variable result
Warning, file "/home/fabrice/git/pycsl/scratchpad/w7/tmp/.pycsl_dt9cy9s4.mlw", line 2091, characters 55-59: unused variable self
Warning, file "/home/fabrice/git/pycsl/scratchpad/w7/tmp/.pycsl_dt9cy9s4.mlw", line 2091, characters 87-91: unused variable node
Warning, file "/home/fabrice/git/pycsl/scratchpad/w7/tmp/.pycsl_dt9cy9s4.mlw", line 2091, characters 103-106: unused variable arr
Warning, file "/home/fabrice/git/pycsl/scratchpad/w7/tmp/.pycsl_dt9cy9s4.mlw", line 2091, characters 117-119: unused variable sl
Warning, file "/home/fabrice/git/pycsl/scratchpad/w7/tmp/.pycsl_dt9cy9s4.mlw", line 2091, characters 131-141: unused variable local_refs
Warning, file "/home/fabrice/git/pycsl/scratchpad/w7/tmp/.pycsl_dt9cy9s4.mlw", line 2091, characters 166-179: unused variable invariant_ctx
Warning, file "/home/fabrice/git/pycsl/scratchpad/w7/tmp/.pycsl_dt9cy9s4.mlw", line 2091, characters 187-192: unused variable subst
Warning, file "/home/fabrice/git/pycsl/scratchpad/w7/tmp/.pycsl_dt9cy9s4.mlw", line 2093, characters 15-19: unused variable result
Warning, file "/home/fabrice/git/pycsl/scratchpad/w7/tmp/.pycsl_dt9cy9s4.mlw", line 2095, characters 58-62: unused variable self
Warning, file "/home/fabrice/git/pycsl/scratchpad/w7/tmp/.pycsl_dt9cy9s4.mlw", line 2095, characters 90-94: unused variable node
Warning, file "/home/fabrice/git/pycsl/scratchpad/w7/tmp/.pycsl_dt9cy9s4.mlw", line 2095, characters 106-116: unused variable local_refs
Warning, file "/home/fabrice/git/pycsl/scratchpad/w7/tmp/.pycsl_dt9cy9s4.mlw", line 2095, characters 141-154: unused variable invariant_ctx
Warning, file "/home/fabrice/git/pycsl/scratchpad/w7/tmp/.pycsl_dt9cy9s4.mlw", line 2095, characters 162-167: unused variable subst
Warning, file "/home/fabrice/git/pycsl/scratchpad/w7/tmp/.pycsl_dt9cy9s4.mlw", line 2097, characters 15-19: unused variable result
Warning, file "/home/fabrice/git/pycsl/scratchpad/w7/tmp/.pycsl_dt9cy9s4.mlw", line 2099, characters 52-56: unused variable self
Warning, file "/home/fabrice/git/pycsl/scratchpad/w7/tmp/.pycsl_dt9cy9s4.mlw", line 2099, characters 84-88: unused variable expr
Warning, file "/home/fabrice/git/pycsl/scratchpad/w7/tmp/.pycsl_dt9cy9s4.mlw", line 2099, characters 96-100: unused variable args
Warning, file "/home/fabrice/git/pycsl/scratchpad/w7/tmp/.pycsl_dt9cy9s4.mlw", line 2099, characters 117-126: unused variable func_name
Warning, file "/home/fabrice/git/pycsl/scratchpad/w7/tmp/.pycsl_dt9cy9s4.mlw", line 2101, characters 15-19: unused variable result
Warning, file "/home/fabrice/git/pycsl/scratchpad/w7/tmp/.pycsl_dt9cy9s4.mlw", line 2103, characters 50-54: unused variable self
Warning, file "/home/fabrice/git/pycsl/scratchpad/w7/tmp/.pycsl_dt9cy9s4.mlw", line 2103, characters 82-86: unused variable node
Warning, file "/home/fabrice/git/pycsl/scratchpad/w7/tmp/.pycsl_dt9cy9s4.mlw", line 2103, characters 94-104: unused variable local_refs
Warning, file "/home/fabrice/git/pycsl/scratchpad/w7/tmp/.pycsl_dt9cy9s4.mlw", line 2103, characters 112-125: unused variable invariant_ctx
Warning, file "/home/fabrice/git/pycsl/scratchpad/w7/tmp/.pycsl_dt9cy9s4.mlw", line 2103, characters 133-138: unused variable subst
Warning, file "/home/fabrice/git/pycsl/scratchpad/w7/tmp/.pycsl_dt9cy9s4.mlw", line 2105, characters 15-19: unused variable result
Warning, file "/home/fabrice/git/pycsl/scratchpad/w7/tmp/.pycsl_dt9cy9s4.mlw", line 2107, characters 49-53: unused variable self
Warning, file "/home/fabrice/git/pycsl/scratchpad/w7/tmp/.pycsl_dt9cy9s4.mlw", line 2107, characters 81-85: unused variable expr
Warning, file "/home/fabrice/git/pycsl/scratchpad/w7/tmp/.pycsl_dt9cy9s4.mlw", line 2109, characters 15-19: unused variable result
Warning, file "/home/fabrice/git/pycsl/scratchpad/w7/tmp/.pycsl_dt9cy9s4.mlw", line 2111, characters 54-58: unused variable self
Warning, file "/home/fabrice/git/pycsl/scratchpad/w7/tmp/.pycsl_dt9cy9s4.mlw", line 2111, characters 86-90: unused variable node
Warning, file "/home/fabrice/git/pycsl/scratchpad/w7/tmp/.pycsl_dt9cy9s4.mlw", line 2111, characters 102-112: unused variable local_refs
Warning, file "/home/fabrice/git/pycsl/scratchpad/w7/tmp/.pycsl_dt9cy9s4.mlw", line 2111, characters 137-150: unused variable invariant_ctx
Warning, file "/home/fabrice/git/pycsl/scratchpad/w7/tmp/.pycsl_dt9cy9s4.mlw", line 2111, characters 158-163: unused variable subst
Warning, file "/home/fabrice/git/pycsl/scratchpad/w7/tmp/.pycsl_dt9cy9s4.mlw", line 2113, characters 15-19: unused variable result
Warning, file "/home/fabrice/git/pycsl/scratchpad/w7/tmp/.pycsl_dt9cy9s4.mlw", line 2115, characters 58-62: unused variable self
Warning, file "/home/fabrice/git/pycsl/scratchpad/w7/tmp/.pycsl_dt9cy9s4.mlw", line 2115, characters 90-94: unused variable stmt
Warning, file "/home/fabrice/git/pycsl/scratchpad/w7/tmp/.pycsl_dt9cy9s4.mlw", line 2115, characters 102-106: unused variable rest
Warning, file "/home/fabrice/git/pycsl/scratchpad/w7/tmp/.pycsl_dt9cy9s4.mlw", line 2115, characters 120-130: unused variable local_refs
Warning, file "/home/fabrice/git/pycsl/scratchpad/w7/tmp/.pycsl_dt9cy9s4.mlw", line 2115, characters 155-168: unused variable declared_refs
Warning, file "/home/fabrice/git/pycsl/scratchpad/w7/tmp/.pycsl_dt9cy9s4.mlw", line 2115, characters 193-199: unused variable indent
Warning, file "/home/fabrice/git/pycsl/scratchpad/w7/tmp/.pycsl_dt9cy9s4.mlw", line 2115, characters 210-217: unused variable in_loop
Warning, file "/home/fabrice/git/pycsl/scratchpad/w7/tmp/.pycsl_dt9cy9s4.mlw", line 2117, characters 15-19: unused variable result
Warning, file "/home/fabrice/git/pycsl/scratchpad/w7/tmp/.pycsl_dt9cy9s4.mlw", line 2119, characters 53-57: unused variable self
Warning, file "/home/fabrice/git/pycsl/scratchpad/w7/tmp/.pycsl_dt9cy9s4.mlw", line 2119, characters 85-89: unused variable node
Warning, file "/home/fabrice/git/pycsl/scratchpad/w7/tmp/.pycsl_dt9cy9s4.mlw", line 2119, characters 97-107: unused variable local_refs
Warning, file "/home/fabrice/git/pycsl/scratchpad/w7/tmp/.pycsl_dt9cy9s4.mlw", line 2119, characters 132-145: unused variable invariant_ctx
Warning, file "/home/fabrice/git/pycsl/scratchpad/w7/tmp/.pycsl_dt9cy9s4.mlw", line 2119, characters 153-158: unused variable subst
Warning, file "/home/fabrice/git/pycsl/scratchpad/w7/tmp/.pycsl_dt9cy9s4.mlw", line 2121, characters 15-19: unused variable result
Warning, file "/home/fabrice/git/pycsl/scratchpad/w7/tmp/.pycsl_dt9cy9s4.mlw", line 2123, characters 53-57: unused variable self
Warning, file "/home/fabrice/git/pycsl/scratchpad/w7/tmp/.pycsl_dt9cy9s4.mlw", line 2123, characters 85-89: unused variable node
Warning, file "/home/fabrice/git/pycsl/scratchpad/w7/tmp/.pycsl_dt9cy9s4.mlw", line 2123, characters 101-111: unused variable local_refs
Warning, file "/home/fabrice/git/pycsl/scratchpad/w7/tmp/.pycsl_dt9cy9s4.mlw", line 2123, characters 136-149: unused variable invariant_ctx
Warning, file "/home/fabrice/git/pycsl/scratchpad/w7/tmp/.pycsl_dt9cy9s4.mlw", line 2123, characters 157-162: unused variable subst
Warning, file "/home/fabrice/git/pycsl/scratchpad/w7/tmp/.pycsl_dt9cy9s4.mlw", line 2125, characters 15-19: unused variable result
Warning, file "/home/fabrice/git/pycsl/scratchpad/w7/tmp/.pycsl_dt9cy9s4.mlw", line 2127, characters 51-55: unused variable self
Warning, file "/home/fabrice/git/pycsl/scratchpad/w7/tmp/.pycsl_dt9cy9s4.mlw", line 2127, characters 83-87: unused variable node
Warning, file "/home/fabrice/git/pycsl/scratchpad/w7/tmp/.pycsl_dt9cy9s4.mlw", line 2127, characters 99-109: unused variable local_refs
Warning, file "/home/fabrice/git/pycsl/scratchpad/w7/tmp/.pycsl_dt9cy9s4.mlw", line 2127, characters 134-147: unused variable invariant_ctx
Warning, file "/home/fabrice/git/pycsl/scratchpad/w7/tmp/.pycsl_dt9cy9s4.mlw", line 2127, characters 155-160: unused variable subst
Warning, file "/home/fabrice/git/pycsl/scratchpad/w7/tmp/.pycsl_dt9cy9s4.mlw", line 2129, characters 15-19: unused variable result
Warning, file "/home/fabrice/git/pycsl/scratchpad/w7/tmp/.pycsl_dt9cy9s4.mlw", line 2131, characters 50-54: unused variable self
Warning, file "/home/fabrice/git/pycsl/scratchpad/w7/tmp/.pycsl_dt9cy9s4.mlw", line 2131, characters 82-86: unused variable name
Warning, file "/home/fabrice/git/pycsl/scratchpad/w7/tmp/.pycsl_dt9cy9s4.mlw", line 2131, characters 97-107: unused variable local_refs
Warning, file "/home/fabrice/git/pycsl/scratchpad/w7/tmp/.pycsl_dt9cy9s4.mlw", line 2131, characters 132-137: unused variable subst
Warning, file "/home/fabrice/git/pycsl/scratchpad/w7/tmp/.pycsl_dt9cy9s4.mlw", line 2133, characters 15-19: unused variable result
Warning, file "/home/fabrice/git/pycsl/scratchpad/w7/tmp/.pycsl_dt9cy9s4.mlw", line 2135, characters 54-58: unused variable self
Warning, file "/home/fabrice/git/pycsl/scratchpad/w7/tmp/.pycsl_dt9cy9s4.mlw", line 2135, characters 86-87: unused variable s
Warning, file "/home/fabrice/git/pycsl/scratchpad/w7/tmp/.pycsl_dt9cy9s4.mlw", line 2137, characters 15-19: unused variable result
Warning, file "/home/fabrice/git/pycsl/scratchpad/w7/tmp/.pycsl_dt9cy9s4.mlw", line 2139, characters 49-53: unused variable self
Warning, file "/home/fabrice/git/pycsl/scratchpad/w7/tmp/.pycsl_dt9cy9s4.mlw", line 2139, characters 81-85: unused variable node
Warning, file "/home/fabrice/git/pycsl/scratchpad/w7/tmp/.pycsl_dt9cy9s4.mlw", line 2139, characters 97-107: unused variable local_refs
Warning, file "/home/fabrice/git/pycsl/scratchpad/w7/tmp/.pycsl_dt9cy9s4.mlw", line 2139, characters 132-137: unused variable subst
Warning, file "/home/fabrice/git/pycsl/scratchpad/w7/tmp/.pycsl_dt9cy9s4.mlw", line 2141, characters 15-19: unused variable result
Warning, file "/home/fabrice/git/pycsl/scratchpad/w7/tmp/.pycsl_dt9cy9s4.mlw", line 2147, characters 15-19: unused variable result
Warning, file "/home/fabrice/git/pycsl/scratchpad/w7/tmp/.pycsl_dt9cy9s4.mlw", line 2258, characters 48-52: unused variable self
Warning, file "/home/fabrice/git/pycsl/scratchpad/w7/tmp/.pycsl_dt9cy9s4.mlw", line 2258, characters 80-84: unused variable test
Warning, file "/home/fabrice/git/pycsl/scratchpad/w7/tmp/.pycsl_dt9cy9s4.mlw", line 2258, characters 125-135: unused variable local_refs
Warning, file "/home/fabrice/git/pycsl/scratchpad/w7/tmp/.pycsl_dt9cy9s4.mlw", line 2260, characters 15-19: unused variable result
Warning, file "/home/fabrice/git/pycsl/scratchpad/w7/tmp/.pycsl_dt9cy9s4.mlw", line 2262, characters 49-53: unused variable self
Warning, file "/home/fabrice/git/pycsl/scratchpad/w7/tmp/.pycsl_dt9cy9s4.mlw", line 2262, characters 81-83: unused variable ir
Warning, file "/home/fabrice/git/pycsl/scratchpad/w7/tmp/.pycsl_dt9cy9s4.mlw", line 2263, characters 15-19: unused variable result
Warning, file "/home/fabrice/git/pycsl/scratchpad/w7/tmp/.pycsl_dt9cy9s4.mlw", line 2265, characters 47-51: unused variable self
Warning, file "/home/fabrice/git/pycsl/scratchpad/w7/tmp/.pycsl_dt9cy9s4.mlw", line 2265, characters 79-81: unused variable ir
Warning, file "/home/fabrice/git/pycsl/scratchpad/w7/tmp/.pycsl_dt9cy9s4.mlw", line 2267, characters 15-19: unused variable result
Warning, file "/home/fabrice/git/pycsl/scratchpad/w7/tmp/.pycsl_dt9cy9s4.mlw", line 2269, characters 50-54: unused variable self
Warning, file "/home/fabrice/git/pycsl/scratchpad/w7/tmp/.pycsl_dt9cy9s4.mlw", line 2269, characters 82-84: unused variable ir
Warning, file "/home/fabrice/git/pycsl/scratchpad/w7/tmp/.pycsl_dt9cy9s4.mlw", line 2271, characters 15-19: unused variable result
Warning, file "/home/fabrice/git/pycsl/scratchpad/w7/tmp/.pycsl_dt9cy9s4.mlw", line 2273, characters 48-52: unused variable self
Warning, file "/home/fabrice/git/pycsl/scratchpad/w7/tmp/.pycsl_dt9cy9s4.mlw", line 2273, characters 80-82: unused variable ir
Warning, file "/home/fabrice/git/pycsl/scratchpad/w7/tmp/.pycsl_dt9cy9s4.mlw", line 2275, characters 15-19: unused variable result
Warning, file "/home/fabrice/git/pycsl/scratchpad/w7/tmp/.pycsl_dt9cy9s4.mlw", line 2277, characters 49-53: unused variable self
Warning, file "/home/fabrice/git/pycsl/scratchpad/w7/tmp/.pycsl_dt9cy9s4.mlw", line 2277, characters 81-88: unused variable iter_ir
Warning, file "/home/fabrice/git/pycsl/scratchpad/w7/tmp/.pycsl_dt9cy9s4.mlw", line 2279, characters 15-19: unused variable result
Warning, file "/home/fabrice/git/pycsl/scratchpad/w7/tmp/.pycsl_dt9cy9s4.mlw", line 2281, characters 47-51: unused variable self
Warning, file "/home/fabrice/git/pycsl/scratchpad/w7/tmp/.pycsl_dt9cy9s4.mlw", line 2281, characters 79-81: unused variable ir
Warning, file "/home/fabrice/git/pycsl/scratchpad/w7/tmp/.pycsl_dt9cy9s4.mlw", line 2281, characters 89-99: unused variable local_refs
Warning, file "/home/fabrice/git/pycsl/scratchpad/w7/tmp/.pycsl_dt9cy9s4.mlw", line 2283, characters 15-19: unused variable result
Warning, file "/home/fabrice/git/pycsl/scratchpad/w7/tmp/.pycsl_dt9cy9s4.mlw", line 2285, characters 45-49: unused variable self
Warning, file "/home/fabrice/git/pycsl/scratchpad/w7/tmp/.pycsl_dt9cy9s4.mlw", line 2285, characters 77-79: unused variable ir
Warning, file "/home/fabrice/git/pycsl/scratchpad/w7/tmp/.pycsl_dt9cy9s4.mlw", line 2287, characters 15-19: unused variable result
Warning, file "/home/fabrice/git/pycsl/scratchpad/w7/tmp/.pycsl_dt9cy9s4.mlw", line 2289, characters 58-62: unused variable self
Warning, file "/home/fabrice/git/pycsl/scratchpad/w7/tmp/.pycsl_dt9cy9s4.mlw", line 2289, characters 90-94: unused variable expr
Warning, file "/home/fabrice/git/pycsl/scratchpad/w7/tmp/.pycsl_dt9cy9s4.mlw", line 2291, characters 15-19: unused variable result
Warning, file "/home/fabrice/git/pycsl/scratchpad/w7/tmp/.pycsl_dt9cy9s4.mlw", line 2293, characters 52-56: unused variable self
Warning, file "/home/fabrice/git/pycsl/scratchpad/w7/tmp/.pycsl_dt9cy9s4.mlw", line 2293, characters 84-87: unused variable pat
Warning, file "/home/fabrice/git/pycsl/scratchpad/w7/tmp/.pycsl_dt9cy9s4.mlw", line 2293, characters 95-102: unused variable subject
Warning, file "/home/fabrice/git/pycsl/scratchpad/w7/tmp/.pycsl_dt9cy9s4.mlw", line 2293, characters 113-123: unused variable local_refs
Warning, file "/home/fabrice/git/pycsl/scratchpad/w7/tmp/.pycsl_dt9cy9s4.mlw", line 2295, characters 15-19: unused variable result
Warning, file "/home/fabrice/git/pycsl/scratchpad/w7/tmp/.pycsl_dt9cy9s4.mlw", line 2297, characters 52-56: unused variable self
Warning, file "/home/fabrice/git/pycsl/scratchpad/w7/tmp/.pycsl_dt9cy9s4.mlw", line 2301, characters 52-56: unused variable self
Warning, file "/home/fabrice/git/pycsl/scratchpad/w7/tmp/.pycsl_dt9cy9s4.mlw", line 2301, characters 84-93: unused variable whyml_str
Warning, file "/home/fabrice/git/pycsl/scratchpad/w7/tmp/.pycsl_dt9cy9s4.mlw", line 2301, characters 104-110: unused variable arg_ir
Warning, file "/home/fabrice/git/pycsl/scratchpad/w7/tmp/.pycsl_dt9cy9s4.mlw", line 2303, characters 15-19: unused variable result
Warning, file "/home/fabrice/git/pycsl/scratchpad/w7/tmp/.pycsl_dt9cy9s4.mlw", line 2305, characters 56-60: unused variable self
Warning, file "/home/fabrice/git/pycsl/scratchpad/w7/tmp/.pycsl_dt9cy9s4.mlw", line 2309, characters 20-26: unused variable op_key
Warning, file "/home/fabrice/git/pycsl/scratchpad/w7/tmp/.pycsl_dt9cy9s4.mlw", line 2311, characters 15-19: unused variable result
Warning, file "/home/fabrice/git/pycsl/scratchpad/w7/tmp/.pycsl_dt9cy9s4.mlw", line 2313, characters 64-68: unused variable self
Warning, file "/home/fabrice/git/pycsl/scratchpad/w7/tmp/.pycsl_dt9cy9s4.mlw", line 2313, characters 96-102: unused variable op_key
Warning, file "/home/fabrice/git/pycsl/scratchpad/w7/tmp/.pycsl_dt9cy9s4.mlw", line 2313, characters 110-118: unused variable operands
Warning, file "/home/fabrice/git/pycsl/scratchpad/w7/tmp/.pycsl_dt9cy9s4.mlw", line 2315, characters 15-19: unused variable result
Warning, file "/home/fabrice/git/pycsl/scratchpad/w7/tmp/.pycsl_dt9cy9s4.mlw", line 2317, characters 55-59: unused variable self
Warning, file "/home/fabrice/git/pycsl/scratchpad/w7/tmp/.pycsl_dt9cy9s4.mlw", line 2317, characters 87-92: unused variable mutex
Warning, file "/home/fabrice/git/pycsl/scratchpad/w7/tmp/.pycsl_dt9cy9s4.mlw", line 2317, characters 103-110: unused variable inv_str
Warning, file "/home/fabrice/git/pycsl/scratchpad/w7/tmp/.pycsl_dt9cy9s4.mlw", line 2318, characters 15-19: unused variable result
Warning, file "/home/fabrice/git/pycsl/scratchpad/w7/tmp/.pycsl_dt9cy9s4.mlw", line 2320, characters 62-66: unused variable self
Warning, file "/home/fabrice/git/pycsl/scratchpad/w7/tmp/.pycsl_dt9cy9s4.mlw", line 2320, characters 94-99: unused variable value
Warning, file "/home/fabrice/git/pycsl/scratchpad/w7/tmp/.pycsl_dt9cy9s4.mlw", line 2320, characters 111-119: unused variable index_ir
Warning, file "/home/fabrice/git/pycsl/scratchpad/w7/tmp/.pycsl_dt9cy9s4.mlw", line 2320, characters 131-141: unused variable local_refs
Warning, file "/home/fabrice/git/pycsl/scratchpad/w7/tmp/.pycsl_dt9cy9s4.mlw", line 2320, characters 166-179: unused variable invariant_ctx
Warning, file "/home/fabrice/git/pycsl/scratchpad/w7/tmp/.pycsl_dt9cy9s4.mlw", line 2320, characters 187-192: unused variable subst
Warning, file "/home/fabrice/git/pycsl/scratchpad/w7/tmp/.pycsl_dt9cy9s4.mlw", line 2322, characters 15-19: unused variable result
Warning, file "/home/fabrice/git/pycsl/scratchpad/w7/tmp/.pycsl_dt9cy9s4.mlw", line 2324, characters 50-54: unused variable self
Warning, file "/home/fabrice/git/pycsl/scratchpad/w7/tmp/.pycsl_dt9cy9s4.mlw", line 2324, characters 82-85: unused variable var
Warning, file "/home/fabrice/git/pycsl/scratchpad/w7/tmp/.pycsl_dt9cy9s4.mlw", line 2324, characters 93-98: unused variable token
Warning, file "/home/fabrice/git/pycsl/scratchpad/w7/tmp/.pycsl_dt9cy9s4.mlw", line 2328, characters 51-55: unused variable self
Warning, file "/home/fabrice/git/pycsl/scratchpad/w7/tmp/.pycsl_dt9cy9s4.mlw", line 2328, characters 83-86: unused variable var
Warning, file "/home/fabrice/git/pycsl/scratchpad/w7/tmp/.pycsl_dt9cy9s4.mlw", line 2328, characters 94-105: unused variable binder_type
Warning, file "/home/fabrice/git/pycsl/scratchpad/w7/tmp/.pycsl_dt9cy9s4.mlw", line 2332, characters 52-56: unused variable self
Warning, file "/home/fabrice/git/pycsl/scratchpad/w7/tmp/.pycsl_dt9cy9s4.mlw", line 2332, characters 84-95: unused variable binder_type
Warning, file "/home/fabrice/git/pycsl/scratchpad/w7/tmp/.pycsl_dt9cy9s4.mlw", line 2334, characters 15-19: unused variable result
Warning, file "/home/fabrice/git/pycsl/scratchpad/w7/tmp/.pycsl_dt9cy9s4.mlw", line 2336, characters 62-66: unused variable self
Warning, file "/home/fabrice/git/pycsl/scratchpad/w7/tmp/.pycsl_dt9cy9s4.mlw", line 2336, characters 94-98: unused variable expr
Warning, file "/home/fabrice/git/pycsl/scratchpad/w7/tmp/.pycsl_dt9cy9s4.mlw", line 2336, characters 110-120: unused variable local_refs
Warning, file "/home/fabrice/git/pycsl/scratchpad/w7/tmp/.pycsl_dt9cy9s4.mlw", line 2336, characters 145-158: unused variable invariant_ctx
Warning, file "/home/fabrice/git/pycsl/scratchpad/w7/tmp/.pycsl_dt9cy9s4.mlw", line 2336, characters 166-171: unused variable subst
Warning, file "/home/fabrice/git/pycsl/scratchpad/w7/tmp/.pycsl_dt9cy9s4.mlw", line 2338, characters 15-19: unused variable result
Warning, file "/home/fabrice/git/pycsl/scratchpad/w7/tmp/.pycsl_dt9cy9s4.mlw", line 2340, characters 57-61: unused variable self
Warning, file "/home/fabrice/git/pycsl/scratchpad/w7/tmp/.pycsl_dt9cy9s4.mlw", line 2340, characters 89-96: unused variable cond_ir
Warning, file "/home/fabrice/git/pycsl/scratchpad/w7/tmp/.pycsl_dt9cy9s4.mlw", line 2340, characters 104-115: unused variable param_names
Warning, file "/home/fabrice/git/pycsl/scratchpad/w7/tmp/.pycsl_dt9cy9s4.mlw", line 2340, characters 132-136: unused variable args
Warning, file "/home/fabrice/git/pycsl/scratchpad/w7/tmp/.pycsl_dt9cy9s4.mlw", line 2342, characters 15-19: unused variable result
Warning, file "/home/fabrice/git/pycsl/scratchpad/w7/tmp/.pycsl_dt9cy9s4.mlw", line 2344, characters 59-63: unused variable self
Warning, file "/home/fabrice/git/pycsl/scratchpad/w7/tmp/.pycsl_dt9cy9s4.mlw", line 2348, characters 58-62: unused variable self
Warning, file "/home/fabrice/git/pycsl/scratchpad/w7/tmp/.pycsl_dt9cy9s4.mlw", line 2348, characters 90-99: unused variable func_name
Warning, file "/home/fabrice/git/pycsl/scratchpad/w7/tmp/.pycsl_dt9cy9s4.mlw", line 2352, characters 62-66: unused variable self
Warning, file "/home/fabrice/git/pycsl/scratchpad/w7/tmp/.pycsl_dt9cy9s4.mlw", line 2352, characters 94-100: unused variable target
Warning, file "/home/fabrice/git/pycsl/scratchpad/w7/tmp/.pycsl_dt9cy9s4.mlw", line 2352, characters 111-113: unused variable op
Warning, file "/home/fabrice/git/pycsl/scratchpad/w7/tmp/.pycsl_dt9cy9s4.mlw", line 2352, characters 124-134: unused variable ghost_type
Warning, file "/home/fabrice/git/pycsl/scratchpad/w7/tmp/.pycsl_dt9cy9s4.mlw", line 2354, characters 15-19: unused variable result
Warning, file "/home/fabrice/git/pycsl/scratchpad/w7/tmp/.pycsl_dt9cy9s4.mlw", line 2356, characters 47-51: unused variable self
Warning, file "/home/fabrice/git/pycsl/scratchpad/w7/tmp/.pycsl_dt9cy9s4.mlw", line 2356, characters 79-85: unused variable val_ir
Warning, file "/home/fabrice/git/pycsl/scratchpad/w7/tmp/.pycsl_dt9cy9s4.mlw", line 2356, characters 97-107: unused variable local_refs
Warning, file "/home/fabrice/git/pycsl/scratchpad/w7/tmp/.pycsl_dt9cy9s4.mlw", line 2356, characters 132-138: unused variable target
Warning, file "/home/fabrice/git/pycsl/scratchpad/w7/tmp/.pycsl_dt9cy9s4.mlw", line 2358, characters 15-19: unused variable result
Warning, file "/home/fabrice/git/pycsl/scratchpad/w7/tmp/.pycsl_dt9cy9s4.mlw", line 2360, characters 45-49: unused variable self
Warning, file "/home/fabrice/git/pycsl/scratchpad/w7/tmp/.pycsl_dt9cy9s4.mlw", line 2360, characters 77-83: unused variable val_ir
Warning, file "/home/fabrice/git/pycsl/scratchpad/w7/tmp/.pycsl_dt9cy9s4.mlw", line 2360, characters 95-105: unused variable local_refs
Warning, file "/home/fabrice/git/pycsl/scratchpad/w7/tmp/.pycsl_dt9cy9s4.mlw", line 2362, characters 15-19: unused variable result
Warning, file "/home/fabrice/git/pycsl/scratchpad/w7/tmp/.pycsl_dt9cy9s4.mlw", line 2364, characters 50-54: unused variable self
Warning, file "/home/fabrice/git/pycsl/scratchpad/w7/tmp/.pycsl_dt9cy9s4.mlw", line 2366, characters 15-19: unused variable result
Warning, file "/home/fabrice/git/pycsl/scratchpad/w7/tmp/.pycsl_dt9cy9s4.mlw", line 2368, characters 50-54: unused variable self
Warning, file "/home/fabrice/git/pycsl/scratchpad/w7/tmp/.pycsl_dt9cy9s4.mlw", line 2368, characters 82-91: unused variable let_lines
Warning, file "/home/fabrice/git/pycsl/scratchpad/w7/tmp/.pycsl_dt9cy9s4.mlw", line 2368, characters 108-119: unused variable public_name
Warning, file "/home/fabrice/git/pycsl/scratchpad/w7/tmp/.pycsl_dt9cy9s4.mlw", line 2370, characters 15-19: unused variable result
Warning, file "/home/fabrice/git/pycsl/scratchpad/w7/tmp/.pycsl_dt9cy9s4.mlw", line 2372, characters 50-54: unused variable self
Warning, file "/home/fabrice/git/pycsl/scratchpad/w7/tmp/.pycsl_dt9cy9s4.mlw", line 2372, characters 82-84: unused variable rt
Warning, file "/home/fabrice/git/pycsl/scratchpad/w7/tmp/.pycsl_dt9cy9s4.mlw", line 2374, characters 15-19: unused variable result
Warning, file "/home/fabrice/git/pycsl/scratchpad/w7/tmp/.pycsl_dt9cy9s4.mlw", line 2376, characters 46-50: unused variable self
Warning, file "/home/fabrice/git/pycsl/scratchpad/w7/tmp/.pycsl_dt9cy9s4.mlw", line 2376, characters 78-86: unused variable lower_ir
Warning, file "/home/fabrice/git/pycsl/scratchpad/w7/tmp/.pycsl_dt9cy9s4.mlw", line 2376, characters 98-106: unused variable upper_ir
Warning, file "/home/fabrice/git/pycsl/scratchpad/w7/tmp/.pycsl_dt9cy9s4.mlw", line 2378, characters 15-19: unused variable result
Warning, file "/home/fabrice/git/pycsl/scratchpad/w7/tmp/.pycsl_dt9cy9s4.mlw", line 2380, characters 48-52: unused variable self
Warning, file "/home/fabrice/git/pycsl/scratchpad/w7/tmp/.pycsl_dt9cy9s4.mlw", line 2380, characters 80-85: unused variable stmts
Warning, file "/home/fabrice/git/pycsl/scratchpad/w7/tmp/.pycsl_dt9cy9s4.mlw", line 2380, characters 99-109: unused variable local_refs
Warning, file "/home/fabrice/git/pycsl/scratchpad/w7/tmp/.pycsl_dt9cy9s4.mlw", line 2380, characters 134-147: unused variable declared_refs
Warning, file "/home/fabrice/git/pycsl/scratchpad/w7/tmp/.pycsl_dt9cy9s4.mlw", line 2380, characters 172-178: unused variable indent
Warning, file "/home/fabrice/git/pycsl/scratchpad/w7/tmp/.pycsl_dt9cy9s4.mlw", line 2380, characters 189-196: unused variable in_loop
Warning, file "/home/fabrice/git/pycsl/scratchpad/w7/tmp/.pycsl_dt9cy9s4.mlw", line 2382, characters 15-19: unused variable result
Warning, file "/home/fabrice/git/pycsl/scratchpad/w7/tmp/.pycsl_dt9cy9s4.mlw", line 2385, characters 52-56: unused variable self
Warning, file "/home/fabrice/git/pycsl/scratchpad/w7/tmp/.pycsl_dt9cy9s4.mlw", line 2385, characters 84-93: unused variable whyml_str
Warning, file "/home/fabrice/git/pycsl/scratchpad/w7/tmp/.pycsl_dt9cy9s4.mlw", line 2387, characters 15-19: unused variable result
Warning, file "/home/fabrice/git/pycsl/scratchpad/w7/tmp/.pycsl_dt9cy9s4.mlw", line 2389, characters 52-56: unused variable self
Warning, file "/home/fabrice/git/pycsl/scratchpad/w7/tmp/.pycsl_dt9cy9s4.mlw", line 2389, characters 84-85: unused variable s
Warning, file "/home/fabrice/git/pycsl/scratchpad/w7/tmp/.pycsl_dt9cy9s4.mlw", line 2391, characters 15-19: unused variable result
Warning, file "/home/fabrice/git/pycsl/scratchpad/w7/tmp/.pycsl_dt9cy9s4.mlw", line 2410, characters 32-36: unused variable result
Warning, file "/home/fabrice/git/pycsl/scratchpad/w7/tmp/.pycsl_dt9cy9s4.mlw", line 2440, characters 45-49: unused variable self
Warning, file "/home/fabrice/git/pycsl/scratchpad/w7/tmp/.pycsl_dt9cy9s4.mlw", line 2440, characters 77-83: unused variable t_name
Warning, file "/home/fabrice/git/pycsl/scratchpad/w7/tmp/.pycsl_dt9cy9s4.mlw", line 2442, characters 15-19: unused variable result
Warning, file "/home/fabrice/git/pycsl/scratchpad/w7/tmp/.pycsl_dt9cy9s4.mlw", line 2444, characters 46-50: unused variable self
Warning, file "/home/fabrice/git/pycsl/scratchpad/w7/tmp/.pycsl_dt9cy9s4.mlw", line 2444, characters 78-82: unused variable x_ir
Warning, file "/home/fabrice/git/pycsl/scratchpad/w7/tmp/.pycsl_dt9cy9s4.mlw", line 2446, characters 15-19: unused variable result
Warning, file "/home/fabrice/git/pycsl/scratchpad/w7/tmp/.pycsl_dt9cy9s4.mlw", line 2448, characters 41-45: unused variable self
Warning, file "/home/fabrice/git/pycsl/scratchpad/w7/tmp/.pycsl_dt9cy9s4.mlw", line 2448, characters 73-82: unused variable whyml_str
Warning, file "/home/fabrice/git/pycsl/scratchpad/w7/tmp/.pycsl_dt9cy9s4.mlw", line 2448, characters 93-100: unused variable ir_expr
Warning, file "/home/fabrice/git/pycsl/scratchpad/w7/tmp/.pycsl_dt9cy9s4.mlw", line 2450, characters 15-19: unused variable result
Warning, file "/home/fabrice/git/pycsl/scratchpad/w7/tmp/.pycsl_dt9cy9s4.mlw", line 2452, characters 53-57: unused variable self
Warning, file "/home/fabrice/git/pycsl/scratchpad/w7/tmp/.pycsl_dt9cy9s4.mlw", line 2452, characters 85-96: unused variable recv_dotted
Warning, file "/home/fabrice/git/pycsl/scratchpad/w7/tmp/.pycsl_dt9cy9s4.mlw", line 2454, characters 15-19: unused variable result
Warning, file "/home/fabrice/git/pycsl/scratchpad/w7/tmp/.pycsl_dt9cy9s4.mlw", line 2456, characters 50-54: unused variable self
Warning, file "/home/fabrice/git/pycsl/scratchpad/w7/tmp/.pycsl_dt9cy9s4.mlw", line 2456, characters 82-93: unused variable recv_dotted
Warning, file "/home/fabrice/git/pycsl/scratchpad/w7/tmp/.pycsl_dt9cy9s4.mlw", line 2456, characters 104-107: unused variable key
Warning, file "/home/fabrice/git/pycsl/scratchpad/w7/tmp/.pycsl_dt9cy9s4.mlw", line 2458, characters 15-19: unused variable result
Warning, file "/home/fabrice/git/pycsl/scratchpad/w7/tmp/.pycsl_dt9cy9s4.mlw", line 2460, characters 59-63: unused variable self
Warning, file "/home/fabrice/git/pycsl/scratchpad/w7/tmp/.pycsl_dt9cy9s4.mlw", line 2460, characters 91-97: unused variable target
Warning, file "/home/fabrice/git/pycsl/scratchpad/w7/tmp/.pycsl_dt9cy9s4.mlw", line 2460, characters 108-114: unused variable val_ir
Warning, file "/home/fabrice/git/pycsl/scratchpad/w7/tmp/.pycsl_dt9cy9s4.mlw", line 2463, characters 29-38: unused variable functions
Warning, file "/home/fabrice/git/pycsl/scratchpad/w7/tmp/.pycsl_dt9cy9s4.mlw", line 2463, characters 52-66: unused variable extra_concrete
Warning, file "/home/fabrice/git/pycsl/scratchpad/w7/tmp/.pycsl_dt9cy9s4.mlw", line 2465, characters 15-19: unused variable result
Warning, file "/home/fabrice/git/pycsl/scratchpad/w7/tmp/.pycsl_dt9cy9s4.mlw", line 2467, characters 51-55: unused variable self
Warning, file "/home/fabrice/git/pycsl/scratchpad/w7/tmp/.pycsl_dt9cy9s4.mlw", line 2467, characters 83-92: unused variable functions
Warning, file "/home/fabrice/git/pycsl/scratchpad/w7/tmp/.pycsl_dt9cy9s4.mlw", line 2467, characters 106-116: unused variable type_decls
Warning, file "/home/fabrice/git/pycsl/scratchpad/w7/tmp/.pycsl_dt9cy9s4.mlw", line 2469, characters 15-19: unused variable result
Warning, file "/home/fabrice/git/pycsl/scratchpad/w7/tmp/.pycsl_dt9cy9s4.mlw", line 2471, characters 50-54: unused variable self
Warning, file "/home/fabrice/git/pycsl/scratchpad/w7/tmp/.pycsl_dt9cy9s4.mlw", line 2471, characters 82-92: unused variable body_stmts
Warning, file "/home/fabrice/git/pycsl/scratchpad/w7/tmp/.pycsl_dt9cy9s4.mlw", line 2473, characters 15-19: unused variable result
Warning, file "/home/fabrice/git/pycsl/scratchpad/w7/tmp/.pycsl_dt9cy9s4.mlw", line 2475, characters 56-60: unused variable self
Warning, file "/home/fabrice/git/pycsl/scratchpad/w7/tmp/.pycsl_dt9cy9s4.mlw", line 2475, characters 88-93: unused variable value
Warning, file "/home/fabrice/git/pycsl/scratchpad/w7/tmp/.pycsl_dt9cy9s4.mlw", line 2475, characters 105-113: unused variable index_ir
Warning, file "/home/fabrice/git/pycsl/scratchpad/w7/tmp/.pycsl_dt9cy9s4.mlw", line 2475, characters 125-135: unused variable local_refs
Warning, file "/home/fabrice/git/pycsl/scratchpad/w7/tmp/.pycsl_dt9cy9s4.mlw", line 2475, characters 160-173: unused variable invariant_ctx
Warning, file "/home/fabrice/git/pycsl/scratchpad/w7/tmp/.pycsl_dt9cy9s4.mlw", line 2475, characters 181-186: unused variable subst
Warning, file "/home/fabrice/git/pycsl/scratchpad/w7/tmp/.pycsl_dt9cy9s4.mlw", line 2477, characters 15-19: unused variable result
Warning, file "/home/fabrice/git/pycsl/scratchpad/w7/tmp/.pycsl_dt9cy9s4.mlw", line 2479, characters 58-62: unused variable self
Warning, file "/home/fabrice/git/pycsl/scratchpad/w7/tmp/.pycsl_dt9cy9s4.mlw", line 2479, characters 90-94: unused variable expr
Warning, file "/home/fabrice/git/pycsl/scratchpad/w7/tmp/.pycsl_dt9cy9s4.mlw", line 2479, characters 106-116: unused variable local_refs
Warning, file "/home/fabrice/git/pycsl/scratchpad/w7/tmp/.pycsl_dt9cy9s4.mlw", line 2479, characters 141-154: unused variable invariant_ctx
Warning, file "/home/fabrice/git/pycsl/scratchpad/w7/tmp/.pycsl_dt9cy9s4.mlw", line 2479, characters 162-167: unused variable subst
Warning, file "/home/fabrice/git/pycsl/scratchpad/w7/tmp/.pycsl_dt9cy9s4.mlw", line 2481, characters 15-19: unused variable result
Warning, file "/home/fabrice/git/pycsl/scratchpad/w7/tmp/.pycsl_dt9cy9s4.mlw", line 2484, characters 53-57: unused variable self
Warning, file "/home/fabrice/git/pycsl/scratchpad/w7/tmp/.pycsl_dt9cy9s4.mlw", line 2484, characters 85-89: unused variable x_ir
Warning, file "/home/fabrice/git/pycsl/scratchpad/w7/tmp/.pycsl_dt9cy9s4.mlw", line 2486, characters 15-19: unused variable result
Warning, file "/home/fabrice/git/pycsl/scratchpad/w7/tmp/.pycsl_dt9cy9s4.mlw", line 2488, characters 45-49: unused variable self
Warning, file "/home/fabrice/git/pycsl/scratchpad/w7/tmp/.pycsl_dt9cy9s4.mlw", line 2488, characters 77-83: unused variable val_ir
Warning, file "/home/fabrice/git/pycsl/scratchpad/w7/tmp/.pycsl_dt9cy9s4.mlw", line 2490, characters 15-19: unused variable result
Warning, file "/home/fabrice/git/pycsl/scratchpad/w7/tmp/.pycsl_dt9cy9s4.mlw", line 2531, characters 54-58: unused variable self
Warning, file "/home/fabrice/git/pycsl/scratchpad/w7/tmp/.pycsl_dt9cy9s4.mlw", line 2532, characters 32-36: unused variable result
Warning, file "/home/fabrice/git/pycsl/scratchpad/w7/tmp/.pycsl_dt9cy9s4.mlw", line 2536, characters 61-65: unused variable self
Warning, file "/home/fabrice/git/pycsl/scratchpad/w7/tmp/.pycsl_dt9cy9s4.mlw", line 2536, characters 93-102: unused variable body_code
Warning, file "/home/fabrice/git/pycsl/scratchpad/w7/tmp/.pycsl_dt9cy9s4.mlw", line 2536, characters 113-124: unused variable return_type
Warning, file "/home/fabrice/git/pycsl/scratchpad/w7/tmp/.pycsl_dt9cy9s4.mlw", line 2538, characters 15-19: unused variable result
Warning, file "/home/fabrice/git/pycsl/scratchpad/w7/tmp/.pycsl_dt9cy9s4.mlw", line 2540, characters 69-73: unused variable self
Warning, file "/home/fabrice/git/pycsl/scratchpad/w7/tmp/.pycsl_dt9cy9s4.mlw", line 2540, characters 101-112: unused variable callee_name
Warning, file "/home/fabrice/git/pycsl/scratchpad/w7/tmp/.pycsl_dt9cy9s4.mlw", line 2540, characters 123-128: unused variable inner
Warning, file "/home/fabrice/git/pycsl/scratchpad/w7/tmp/.pycsl_dt9cy9s4.mlw", line 2540, characters 139-143: unused variable args
Warning, file "/home/fabrice/git/pycsl/scratchpad/w7/tmp/.pycsl_dt9cy9s4.mlw", line 2542, characters 15-19: unused variable result
Warning, file "/home/fabrice/git/pycsl/scratchpad/w7/tmp/.pycsl_dt9cy9s4.mlw", line 2546, characters 15-19: unused variable result
Warning, file "/home/fabrice/git/pycsl/scratchpad/w7/tmp/.pycsl_dt9cy9s4.mlw", line 2659, characters 15-19: unused variable result
Warning, file "/home/fabrice/git/pycsl/scratchpad/w7/tmp/.pycsl_dt9cy9s4.mlw", line 2767, characters 42-46: unused variable self
Warning, file "/home/fabrice/git/pycsl/scratchpad/w7/tmp/.pycsl_dt9cy9s4.mlw", line 2769, characters 15-19: unused variable result
Warning, file "/home/fabrice/git/pycsl/scratchpad/w7/tmp/.pycsl_dt9cy9s4.mlw", line 2773, characters 79-83: unused variable decl
Warning, file "/home/fabrice/git/pycsl/scratchpad/w7/tmp/.pycsl_dt9cy9s4.mlw", line 2777, characters 49-53: unused variable self
Warning, file "/home/fabrice/git/pycsl/scratchpad/w7/tmp/.pycsl_dt9cy9s4.mlw", line 2777, characters 80-89: unused variable whyml_str
Warning, file "/home/fabrice/git/pycsl/scratchpad/w7/tmp/.pycsl_dt9cy9s4.mlw", line 2779, characters 15-19: unused variable result
Warning, file "/home/fabrice/git/pycsl/scratchpad/w7/tmp/.pycsl_dt9cy9s4.mlw", line 2781, characters 63-67: unused variable self
Warning, file "/home/fabrice/git/pycsl/scratchpad/w7/tmp/.pycsl_dt9cy9s4.mlw", line 2781, characters 94-103: unused variable func_name
Warning, file "/home/fabrice/git/pycsl/scratchpad/w7/tmp/.pycsl_dt9cy9s4.mlw", line 2783, characters 15-19: unused variable result
Warning, file "/home/fabrice/git/pycsl/scratchpad/w7/tmp/.pycsl_dt9cy9s4.mlw", line 2785, characters 46-50: unused variable self
Warning, file "/home/fabrice/git/pycsl/scratchpad/w7/tmp/.pycsl_dt9cy9s4.mlw", line 2785, characters 77-83: unused variable py_val
Warning, file "/home/fabrice/git/pycsl/scratchpad/w7/tmp/.pycsl_dt9cy9s4.mlw", line 2786, characters 15-19: unused variable result
Warning, file "/home/fabrice/git/pycsl/scratchpad/w7/tmp/.pycsl_dt9cy9s4.mlw", line 2825, characters 32-36: unused variable result
Warning, file "/home/fabrice/git/pycsl/scratchpad/w7/tmp/.pycsl_dt9cy9s4.mlw", line 2860, characters 32-36: unused variable result
Warning, file "/home/fabrice/git/pycsl/scratchpad/w7/tmp/.pycsl_dt9cy9s4.mlw", line 2854, characters 32-36: unused variable result
Warning, file "/home/fabrice/git/pycsl/scratchpad/w7/tmp/.pycsl_dt9cy9s4.mlw", line 2847, characters 32-36: unused variable result
Warning, file "/home/fabrice/git/pycsl/scratchpad/w7/tmp/.pycsl_dt9cy9s4.mlw", line 2864, characters 32-36: unused variable result
Warning, file "/home/fabrice/git/pycsl/scratchpad/w7/tmp/.pycsl_dt9cy9s4.mlw", line 2866, characters 64-68: unused variable self
Warning, file "/home/fabrice/git/pycsl/scratchpad/w7/tmp/.pycsl_dt9cy9s4.mlw", line 2866, characters 95-105: unused variable body_stmts
Warning, file "/home/fabrice/git/pycsl/scratchpad/w7/tmp/.pycsl_dt9cy9s4.mlw", line 2868, characters 15-19: unused variable result
Warning, file "/home/fabrice/git/pycsl/scratchpad/w7/tmp/.pycsl_dt9cy9s4.mlw", line 2870, characters 78-80: unused variable nu
Warning, file "/home/fabrice/git/pycsl/scratchpad/w7/tmp/.pycsl_dt9cy9s4.mlw", line 2870, characters 88-96: unused variable val_expr
Warning, file "/home/fabrice/git/pycsl/scratchpad/w7/tmp/.pycsl_dt9cy9s4.mlw", line 2872, characters 15-19: unused variable result
Warning, file "/home/fabrice/git/pycsl/scratchpad/w7/tmp/.pycsl_dt9cy9s4.mlw", line 2875, characters 34-38: unused variable self
Warning, file "/home/fabrice/git/pycsl/scratchpad/w7/tmp/.pycsl_dt9cy9s4.mlw", line 2875, characters 65-67: unused variable ir
Warning, file "/home/fabrice/git/pycsl/scratchpad/w7/tmp/.pycsl_dt9cy9s4.mlw", line 2875, characters 79-89: unused variable local_refs
Warning, file "/home/fabrice/git/pycsl/scratchpad/w7/tmp/.pycsl_dt9cy9s4.mlw", line 2876, characters 15-19: unused variable result
Warning, file "/home/fabrice/git/pycsl/scratchpad/w7/tmp/.pycsl_dt9cy9s4.mlw", line 2878, characters 89-95: unused variable target
Warning, file "/home/fabrice/git/pycsl/scratchpad/w7/tmp/.pycsl_dt9cy9s4.mlw", line 2878, characters 106-117: unused variable safe_target
Warning, file "/home/fabrice/git/pycsl/scratchpad/w7/tmp/.pycsl_dt9cy9s4.mlw", line 2878, characters 128-134: unused variable indent
Warning, file "/home/fabrice/git/pycsl/scratchpad/w7/tmp/.pycsl_dt9cy9s4.mlw", line 2878, characters 145-151: unused variable val_ir
Warning, file "/home/fabrice/git/pycsl/scratchpad/w7/tmp/.pycsl_dt9cy9s4.mlw", line 2878, characters 163-173: unused variable local_refs
Warning, file "/home/fabrice/git/pycsl/scratchpad/w7/tmp/.pycsl_dt9cy9s4.mlw", line 2880, characters 15-19: unused variable result
Warning, file "/home/fabrice/git/pycsl/scratchpad/w7/tmp/.pycsl_dt9cy9s4.mlw", line 2883, characters 78-82: unused variable func
Warning, file "/home/fabrice/git/pycsl/scratchpad/w7/tmp/.pycsl_dt9cy9s4.mlw", line 2883, characters 110-120: unused variable body_stmts
Warning, file "/home/fabrice/git/pycsl/scratchpad/w7/tmp/.pycsl_dt9cy9s4.mlw", line 2883, characters 134-144: unused variable local_refs
Warning, file "/home/fabrice/git/pycsl/scratchpad/w7/tmp/.pycsl_dt9cy9s4.mlw", line 2883, characters 169-179: unused variable ghost_vars
Warning, file "/home/fabrice/git/pycsl/scratchpad/w7/tmp/.pycsl_dt9cy9s4.mlw", line 2883, characters 204-214: unused variable ref_params
Warning, file "/home/fabrice/git/pycsl/scratchpad/w7/tmp/.pycsl_dt9cy9s4.mlw", line 2883, characters 239-248: unused variable is_method
Warning, file "/home/fabrice/git/pycsl/scratchpad/w7/tmp/.pycsl_dt9cy9s4.mlw", line 2883, characters 256-267: unused variable return_type
Warning, file "/home/fabrice/git/pycsl/scratchpad/w7/tmp/.pycsl_dt9cy9s4.mlw", line 2885, characters 15-19: unused variable result
Warning, file "/home/fabrice/git/pycsl/scratchpad/w7/tmp/.pycsl_dt9cy9s4.mlw", line 2888, characters 81-85: unused variable kind
Warning, file "/home/fabrice/git/pycsl/scratchpad/w7/tmp/.pycsl_dt9cy9s4.mlw", line 2888, characters 96-102: unused variable indent
Warning, file "/home/fabrice/git/pycsl/scratchpad/w7/tmp/.pycsl_dt9cy9s4.mlw", line 2888, characters 113-124: unused variable safe_target
Warning, file "/home/fabrice/git/pycsl/scratchpad/w7/tmp/.pycsl_dt9cy9s4.mlw", line 2888, characters 135-141: unused variable target
Warning, file "/home/fabrice/git/pycsl/scratchpad/w7/tmp/.pycsl_dt9cy9s4.mlw", line 2888, characters 152-158: unused variable py_val
Warning, file "/home/fabrice/git/pycsl/scratchpad/w7/tmp/.pycsl_dt9cy9s4.mlw", line 2888, characters 169-175: unused variable val_ir
Warning, file "/home/fabrice/git/pycsl/scratchpad/w7/tmp/.pycsl_dt9cy9s4.mlw", line 2888, characters 187-197: unused variable local_refs
Warning, file "/home/fabrice/git/pycsl/scratchpad/w7/tmp/.pycsl_dt9cy9s4.mlw", line 2890, characters 15-19: unused variable result
Warning, file "/home/fabrice/git/pycsl/scratchpad/w7/tmp/.pycsl_dt9cy9s4.mlw", line 2893, characters 84-96: unused variable assigns_list
Warning, file "/home/fabrice/git/pycsl/scratchpad/w7/tmp/.pycsl_dt9cy9s4.mlw", line 2893, characters 110-119: unused variable spec_refs
Warning, file "/home/fabrice/git/pycsl/scratchpad/w7/tmp/.pycsl_dt9cy9s4.mlw", line 2895, characters 15-19: unused variable result
Warning, file "/home/fabrice/git/pycsl/scratchpad/w7/tmp/.pycsl_dt9cy9s4.mlw", line 2898, characters 82-93: unused variable safe_target
Warning, file "/home/fabrice/git/pycsl/scratchpad/w7/tmp/.pycsl_dt9cy9s4.mlw", line 2898, characters 104-110: unused variable target
Warning, file "/home/fabrice/git/pycsl/scratchpad/w7/tmp/.pycsl_dt9cy9s4.mlw", line 2898, characters 121-128: unused variable binding
Warning, file "/home/fabrice/git/pycsl/scratchpad/w7/tmp/.pycsl_dt9cy9s4.mlw", line 2898, characters 139-143: unused variable rest
Warning, file "/home/fabrice/git/pycsl/scratchpad/w7/tmp/.pycsl_dt9cy9s4.mlw", line 2898, characters 157-167: unused variable local_refs
Warning, file "/home/fabrice/git/pycsl/scratchpad/w7/tmp/.pycsl_dt9cy9s4.mlw", line 2898, characters 192-205: unused variable declared_refs
Warning, file "/home/fabrice/git/pycsl/scratchpad/w7/tmp/.pycsl_dt9cy9s4.mlw", line 2898, characters 230-236: unused variable indent
Warning, file "/home/fabrice/git/pycsl/scratchpad/w7/tmp/.pycsl_dt9cy9s4.mlw", line 2898, characters 247-254: unused variable in_loop
Warning, file "/home/fabrice/git/pycsl/scratchpad/w7/tmp/.pycsl_dt9cy9s4.mlw", line 2900, characters 15-19: unused variable result
Warning, file "/home/fabrice/git/pycsl/scratchpad/w7/tmp/.pycsl_dt9cy9s4.mlw", line 2903, characters 77-81: unused variable expr
Warning, file "/home/fabrice/git/pycsl/scratchpad/w7/tmp/.pycsl_dt9cy9s4.mlw", line 2903, characters 93-103: unused variable local_refs
Warning, file "/home/fabrice/git/pycsl/scratchpad/w7/tmp/.pycsl_dt9cy9s4.mlw", line 2903, characters 128-141: unused variable invariant_ctx
Warning, file "/home/fabrice/git/pycsl/scratchpad/w7/tmp/.pycsl_dt9cy9s4.mlw", line 2903, characters 149-154: unused variable subst
Warning, file "/home/fabrice/git/pycsl/scratchpad/w7/tmp/.pycsl_dt9cy9s4.mlw", line 2904, characters 15-19: unused variable result
Warning, file "/home/fabrice/git/pycsl/scratchpad/w7/tmp/.pycsl_dt9cy9s4.mlw", line 2907, characters 57-61: unused variable self
Warning, file "/home/fabrice/git/pycsl/scratchpad/w7/tmp/.pycsl_dt9cy9s4.mlw", line 2907, characters 88-90: unused variable ir
Warning, file "/home/fabrice/git/pycsl/scratchpad/w7/tmp/.pycsl_dt9cy9s4.mlw", line 2907, characters 102-112: unused variable local_refs
Warning, file "/home/fabrice/git/pycsl/scratchpad/w7/tmp/.pycsl_dt9cy9s4.mlw", line 2908, characters 15-19: unused variable result
Warning, file "/home/fabrice/git/pycsl/scratchpad/w7/tmp/.pycsl_dt9cy9s4.mlw", line 2910, characters 44-48: unused variable self
Warning, file "/home/fabrice/git/pycsl/scratchpad/w7/tmp/.pycsl_dt9cy9s4.mlw", line 2910, characters 75-87: unused variable record_lower
Warning, file "/home/fabrice/git/pycsl/scratchpad/w7/tmp/.pycsl_dt9cy9s4.mlw", line 2910, characters 98-103: unused variable field
Warning, file "/home/fabrice/git/pycsl/scratchpad/w7/tmp/.pycsl_dt9cy9s4.mlw", line 2912, characters 15-19: unused variable result
Warning, file "/home/fabrice/git/pycsl/scratchpad/w7/tmp/.pycsl_dt9cy9s4.mlw", line 2914, characters 47-51: unused variable self
Warning, file "/home/fabrice/git/pycsl/scratchpad/w7/tmp/.pycsl_dt9cy9s4.mlw", line 2914, characters 78-81: unused variable obj
Warning, file "/home/fabrice/git/pycsl/scratchpad/w7/tmp/.pycsl_dt9cy9s4.mlw", line 2914, characters 92-97: unused variable field
Warning, file "/home/fabrice/git/pycsl/scratchpad/w7/tmp/.pycsl_dt9cy9s4.mlw", line 2916, characters 15-19: unused variable result
Warning, file "/home/fabrice/git/pycsl/scratchpad/w7/tmp/.pycsl_dt9cy9s4.mlw", line 2918, characters 46-50: unused variable self
Warning, file "/home/fabrice/git/pycsl/scratchpad/w7/tmp/.pycsl_dt9cy9s4.mlw", line 2918, characters 77-84: unused variable attr_ir
Warning, file "/home/fabrice/git/pycsl/scratchpad/w7/tmp/.pycsl_dt9cy9s4.mlw", line 2920, characters 15-19: unused variable result
Warning, file "/home/fabrice/git/pycsl/scratchpad/w7/tmp/.pycsl_dt9cy9s4.mlw", line 2922, characters 49-53: unused variable self
Warning, file "/home/fabrice/git/pycsl/scratchpad/w7/tmp/.pycsl_dt9cy9s4.mlw", line 2922, characters 80-86: unused variable val_ir
Warning, file "/home/fabrice/git/pycsl/scratchpad/w7/tmp/.pycsl_dt9cy9s4.mlw", line 2924, characters 15-19: unused variable result
Warning, file "/home/fabrice/git/pycsl/scratchpad/w7/tmp/.pycsl_dt9cy9s4.mlw", line 2926, characters 47-51: unused variable self
Warning, file "/home/fabrice/git/pycsl/scratchpad/w7/tmp/.pycsl_dt9cy9s4.mlw", line 2926, characters 78-84: unused variable val_ir
Warning, file "/home/fabrice/git/pycsl/scratchpad/w7/tmp/.pycsl_dt9cy9s4.mlw", line 2928, characters 15-19: unused variable result
Warning, file "/home/fabrice/git/pycsl/scratchpad/w7/tmp/.pycsl_dt9cy9s4.mlw", line 2930, characters 50-54: unused variable self
Warning, file "/home/fabrice/git/pycsl/scratchpad/w7/tmp/.pycsl_dt9cy9s4.mlw", line 2930, characters 81-87: unused variable py_val
Warning, file "/home/fabrice/git/pycsl/scratchpad/w7/tmp/.pycsl_dt9cy9s4.mlw", line 2930, characters 98-104: unused variable val_ir
Warning, file "/home/fabrice/git/pycsl/scratchpad/w7/tmp/.pycsl_dt9cy9s4.mlw", line 2932, characters 15-19: unused variable result
Warning, file "/home/fabrice/git/pycsl/scratchpad/w7/tmp/.pycsl_dt9cy9s4.mlw", line 2934, characters 85-89: unused variable stmt
Warning, file "/home/fabrice/git/pycsl/scratchpad/w7/tmp/.pycsl_dt9cy9s4.mlw", line 2934, characters 97-101: unused variable rest
Warning, file "/home/fabrice/git/pycsl/scratchpad/w7/tmp/.pycsl_dt9cy9s4.mlw", line 2934, characters 115-125: unused variable local_refs
Warning, file "/home/fabrice/git/pycsl/scratchpad/w7/tmp/.pycsl_dt9cy9s4.mlw", line 2934, characters 150-163: unused variable declared_refs
Warning, file "/home/fabrice/git/pycsl/scratchpad/w7/tmp/.pycsl_dt9cy9s4.mlw", line 2934, characters 188-194: unused variable indent
Warning, file "/home/fabrice/git/pycsl/scratchpad/w7/tmp/.pycsl_dt9cy9s4.mlw", line 2934, characters 205-212: unused variable in_loop
Warning, file "/home/fabrice/git/pycsl/scratchpad/w7/tmp/.pycsl_dt9cy9s4.mlw", line 2936, characters 15-19: unused variable result
Warning, file "/home/fabrice/git/pycsl/scratchpad/w7/tmp/.pycsl_dt9cy9s4.mlw", line 2939, characters 91-95: unused variable stmt
Warning, file "/home/fabrice/git/pycsl/scratchpad/w7/tmp/.pycsl_dt9cy9s4.mlw", line 2939, characters 103-107: unused variable rest
Warning, file "/home/fabrice/git/pycsl/scratchpad/w7/tmp/.pycsl_dt9cy9s4.mlw", line 2939, characters 121-131: unused variable local_refs
Warning, file "/home/fabrice/git/pycsl/scratchpad/w7/tmp/.pycsl_dt9cy9s4.mlw", line 2939, characters 156-169: unused variable declared_refs
Warning, file "/home/fabrice/git/pycsl/scratchpad/w7/tmp/.pycsl_dt9cy9s4.mlw", line 2939, characters 194-200: unused variable indent
Warning, file "/home/fabrice/git/pycsl/scratchpad/w7/tmp/.pycsl_dt9cy9s4.mlw", line 2939, characters 211-218: unused variable in_loop
Warning, file "/home/fabrice/git/pycsl/scratchpad/w7/tmp/.pycsl_dt9cy9s4.mlw", line 2941, characters 15-19: unused variable result
Warning, file "/home/fabrice/git/pycsl/scratchpad/w7/tmp/.pycsl_dt9cy9s4.mlw", line 2944, characters 82-86: unused variable stmt
Warning, file "/home/fabrice/git/pycsl/scratchpad/w7/tmp/.pycsl_dt9cy9s4.mlw", line 2944, characters 94-98: unused variable rest
Warning, file "/home/fabrice/git/pycsl/scratchpad/w7/tmp/.pycsl_dt9cy9s4.mlw", line 2944, characters 112-122: unused variable local_refs
Warning, file "/home/fabrice/git/pycsl/scratchpad/w7/tmp/.pycsl_dt9cy9s4.mlw", line 2944, characters 147-160: unused variable declared_refs
Warning, file "/home/fabrice/git/pycsl/scratchpad/w7/tmp/.pycsl_dt9cy9s4.mlw", line 2944, characters 185-191: unused variable indent
Warning, file "/home/fabrice/git/pycsl/scratchpad/w7/tmp/.pycsl_dt9cy9s4.mlw", line 2944, characters 202-209: unused variable in_loop
Warning, file "/home/fabrice/git/pycsl/scratchpad/w7/tmp/.pycsl_dt9cy9s4.mlw", line 2946, characters 15-19: unused variable result
Warning, file "/home/fabrice/git/pycsl/scratchpad/w7/tmp/.pycsl_dt9cy9s4.mlw", line 2949, characters 85-89: unused variable stmt
Warning, file "/home/fabrice/git/pycsl/scratchpad/w7/tmp/.pycsl_dt9cy9s4.mlw", line 2949, characters 97-101: unused variable rest
Warning, file "/home/fabrice/git/pycsl/scratchpad/w7/tmp/.pycsl_dt9cy9s4.mlw", line 2949, characters 115-125: unused variable local_refs
Warning, file "/home/fabrice/git/pycsl/scratchpad/w7/tmp/.pycsl_dt9cy9s4.mlw", line 2949, characters 150-163: unused variable declared_refs
Warning, file "/home/fabrice/git/pycsl/scratchpad/w7/tmp/.pycsl_dt9cy9s4.mlw", line 2949, characters 188-194: unused variable indent
Warning, file "/home/fabrice/git/pycsl/scratchpad/w7/tmp/.pycsl_dt9cy9s4.mlw", line 2949, characters 205-212: unused variable in_loop
Warning, file "/home/fabrice/git/pycsl/scratchpad/w7/tmp/.pycsl_dt9cy9s4.mlw", line 2951, characters 15-19: unused variable result
Warning, file "/home/fabrice/git/pycsl/scratchpad/w7/tmp/.pycsl_dt9cy9s4.mlw", line 2954, characters 92-96: unused variable stmt
Warning, file "/home/fabrice/git/pycsl/scratchpad/w7/tmp/.pycsl_dt9cy9s4.mlw", line 2954, characters 104-108: unused variable rest
Warning, file "/home/fabrice/git/pycsl/scratchpad/w7/tmp/.pycsl_dt9cy9s4.mlw", line 2954, characters 122-132: unused variable local_refs
Warning, file "/home/fabrice/git/pycsl/scratchpad/w7/tmp/.pycsl_dt9cy9s4.mlw", line 2954, characters 157-170: unused variable declared_refs
Warning, file "/home/fabrice/git/pycsl/scratchpad/w7/tmp/.pycsl_dt9cy9s4.mlw", line 2954, characters 195-201: unused variable indent
Warning, file "/home/fabrice/git/pycsl/scratchpad/w7/tmp/.pycsl_dt9cy9s4.mlw", line 2954, characters 212-219: unused variable in_loop
Warning, file "/home/fabrice/git/pycsl/scratchpad/w7/tmp/.pycsl_dt9cy9s4.mlw", line 2956, characters 15-19: unused variable result
Warning, file "/home/fabrice/git/pycsl/scratchpad/w7/tmp/.pycsl_dt9cy9s4.mlw", line 2959, characters 80-84: unused variable stmt
Warning, file "/home/fabrice/git/pycsl/scratchpad/w7/tmp/.pycsl_dt9cy9s4.mlw", line 2959, characters 92-96: unused variable rest
Warning, file "/home/fabrice/git/pycsl/scratchpad/w7/tmp/.pycsl_dt9cy9s4.mlw", line 2959, characters 110-120: unused variable local_refs
Warning, file "/home/fabrice/git/pycsl/scratchpad/w7/tmp/.pycsl_dt9cy9s4.mlw", line 2959, characters 145-158: unused variable declared_refs
Warning, file "/home/fabrice/git/pycsl/scratchpad/w7/tmp/.pycsl_dt9cy9s4.mlw", line 2959, characters 183-189: unused variable indent
Warning, file "/home/fabrice/git/pycsl/scratchpad/w7/tmp/.pycsl_dt9cy9s4.mlw", line 2959, characters 200-207: unused variable in_loop
Warning, file "/home/fabrice/git/pycsl/scratchpad/w7/tmp/.pycsl_dt9cy9s4.mlw", line 2961, characters 15-19: unused variable result
Warning, file "/home/fabrice/git/pycsl/scratchpad/w7/tmp/.pycsl_dt9cy9s4.mlw", line 2964, characters 87-91: unused variable stmt
Warning, file "/home/fabrice/git/pycsl/scratchpad/w7/tmp/.pycsl_dt9cy9s4.mlw", line 2964, characters 99-103: unused variable rest
Warning, file "/home/fabrice/git/pycsl/scratchpad/w7/tmp/.pycsl_dt9cy9s4.mlw", line 2964, characters 117-127: unused variable local_refs
Warning, file "/home/fabrice/git/pycsl/scratchpad/w7/tmp/.pycsl_dt9cy9s4.mlw", line 2964, characters 152-165: unused variable declared_refs
Warning, file "/home/fabrice/git/pycsl/scratchpad/w7/tmp/.pycsl_dt9cy9s4.mlw", line 2964, characters 190-196: unused variable indent
Warning, file "/home/fabrice/git/pycsl/scratchpad/w7/tmp/.pycsl_dt9cy9s4.mlw", line 2964, characters 207-214: unused variable in_loop
Warning, file "/home/fabrice/git/pycsl/scratchpad/w7/tmp/.pycsl_dt9cy9s4.mlw", line 2966, characters 15-19: unused variable result
Warning, file "/home/fabrice/git/pycsl/scratchpad/w7/tmp/.pycsl_dt9cy9s4.mlw", line 2970, characters 90-94: unused variable stmt
Warning, file "/home/fabrice/git/pycsl/scratchpad/w7/tmp/.pycsl_dt9cy9s4.mlw", line 2970, characters 102-106: unused variable rest
Warning, file "/home/fabrice/git/pycsl/scratchpad/w7/tmp/.pycsl_dt9cy9s4.mlw", line 2970, characters 120-130: unused variable local_refs
Warning, file "/home/fabrice/git/pycsl/scratchpad/w7/tmp/.pycsl_dt9cy9s4.mlw", line 2970, characters 155-168: unused variable declared_refs
Warning, file "/home/fabrice/git/pycsl/scratchpad/w7/tmp/.pycsl_dt9cy9s4.mlw", line 2970, characters 193-199: unused variable indent
Warning, file "/home/fabrice/git/pycsl/scratchpad/w7/tmp/.pycsl_dt9cy9s4.mlw", line 2970, characters 210-217: unused variable in_loop
Warning, file "/home/fabrice/git/pycsl/scratchpad/w7/tmp/.pycsl_dt9cy9s4.mlw", line 2972, characters 15-19: unused variable result
Warning, file "/home/fabrice/git/pycsl/scratchpad/w7/tmp/.pycsl_dt9cy9s4.mlw", line 2975, characters 91-95: unused variable stmt
Warning, file "/home/fabrice/git/pycsl/scratchpad/w7/tmp/.pycsl_dt9cy9s4.mlw", line 2975, characters 103-107: unused variable rest
Warning, file "/home/fabrice/git/pycsl/scratchpad/w7/tmp/.pycsl_dt9cy9s4.mlw", line 2975, characters 121-131: unused variable local_refs
Warning, file "/home/fabrice/git/pycsl/scratchpad/w7/tmp/.pycsl_dt9cy9s4.mlw", line 2975, characters 156-169: unused variable declared_refs
Warning, file "/home/fabrice/git/pycsl/scratchpad/w7/tmp/.pycsl_dt9cy9s4.mlw", line 2975, characters 194-200: unused variable indent
Warning, file "/home/fabrice/git/pycsl/scratchpad/w7/tmp/.pycsl_dt9cy9s4.mlw", line 2975, characters 211-218: unused variable in_loop
Warning, file "/home/fabrice/git/pycsl/scratchpad/w7/tmp/.pycsl_dt9cy9s4.mlw", line 2977, characters 15-19: unused variable result
Warning, file "/home/fabrice/git/pycsl/scratchpad/w7/tmp/.pycsl_dt9cy9s4.mlw", line 2980, characters 88-92: unused variable stmt
Warning, file "/home/fabrice/git/pycsl/scratchpad/w7/tmp/.pycsl_dt9cy9s4.mlw", line 2980, characters 100-104: unused variable rest
Warning, file "/home/fabrice/git/pycsl/scratchpad/w7/tmp/.pycsl_dt9cy9s4.mlw", line 2980, characters 118-128: unused variable local_refs
Warning, file "/home/fabrice/git/pycsl/scratchpad/w7/tmp/.pycsl_dt9cy9s4.mlw", line 2980, characters 153-166: unused variable declared_refs
Warning, file "/home/fabrice/git/pycsl/scratchpad/w7/tmp/.pycsl_dt9cy9s4.mlw", line 2980, characters 191-197: unused variable indent
Warning, file "/home/fabrice/git/pycsl/scratchpad/w7/tmp/.pycsl_dt9cy9s4.mlw", line 2980, characters 208-215: unused variable in_loop
Warning, file "/home/fabrice/git/pycsl/scratchpad/w7/tmp/.pycsl_dt9cy9s4.mlw", line 2982, characters 15-19: unused variable result
Warning, file "/home/fabrice/git/pycsl/scratchpad/w7/tmp/.pycsl_dt9cy9s4.mlw", line 2985, characters 82-86: unused variable stmt
Warning, file "/home/fabrice/git/pycsl/scratchpad/w7/tmp/.pycsl_dt9cy9s4.mlw", line 2985, characters 98-102: unused variable rest
Warning, file "/home/fabrice/git/pycsl/scratchpad/w7/tmp/.pycsl_dt9cy9s4.mlw", line 2985, characters 116-126: unused variable local_refs
Warning, file "/home/fabrice/git/pycsl/scratchpad/w7/tmp/.pycsl_dt9cy9s4.mlw", line 2985, characters 151-164: unused variable declared_refs
Warning, file "/home/fabrice/git/pycsl/scratchpad/w7/tmp/.pycsl_dt9cy9s4.mlw", line 2985, characters 189-195: unused variable indent
Warning, file "/home/fabrice/git/pycsl/scratchpad/w7/tmp/.pycsl_dt9cy9s4.mlw", line 2985, characters 206-213: unused variable in_loop
Warning, file "/home/fabrice/git/pycsl/scratchpad/w7/tmp/.pycsl_dt9cy9s4.mlw", line 2986, characters 15-19: unused variable result
Warning, file "/home/fabrice/git/pycsl/scratchpad/w7/tmp/.pycsl_dt9cy9s4.mlw", line 2989, characters 81-85: unused variable stmt
Warning, file "/home/fabrice/git/pycsl/scratchpad/w7/tmp/.pycsl_dt9cy9s4.mlw", line 2989, characters 93-97: unused variable rest
Warning, file "/home/fabrice/git/pycsl/scratchpad/w7/tmp/.pycsl_dt9cy9s4.mlw", line 2989, characters 111-121: unused variable local_refs
Warning, file "/home/fabrice/git/pycsl/scratchpad/w7/tmp/.pycsl_dt9cy9s4.mlw", line 2989, characters 146-159: unused variable declared_refs
Warning, file "/home/fabrice/git/pycsl/scratchpad/w7/tmp/.pycsl_dt9cy9s4.mlw", line 2989, characters 184-190: unused variable indent
Warning, file "/home/fabrice/git/pycsl/scratchpad/w7/tmp/.pycsl_dt9cy9s4.mlw", line 2989, characters 201-208: unused variable in_loop
Warning, file "/home/fabrice/git/pycsl/scratchpad/w7/tmp/.pycsl_dt9cy9s4.mlw", line 2991, characters 15-19: unused variable result
Warning, file "/home/fabrice/git/pycsl/scratchpad/w7/tmp/.pycsl_dt9cy9s4.mlw", line 2994, characters 88-92: unused variable stmt
Warning, file "/home/fabrice/git/pycsl/scratchpad/w7/tmp/.pycsl_dt9cy9s4.mlw", line 2994, characters 100-104: unused variable rest
Warning, file "/home/fabrice/git/pycsl/scratchpad/w7/tmp/.pycsl_dt9cy9s4.mlw", line 2994, characters 118-128: unused variable local_refs
Warning, file "/home/fabrice/git/pycsl/scratchpad/w7/tmp/.pycsl_dt9cy9s4.mlw", line 2994, characters 153-166: unused variable declared_refs
Warning, file "/home/fabrice/git/pycsl/scratchpad/w7/tmp/.pycsl_dt9cy9s4.mlw", line 2994, characters 191-197: unused variable indent
Warning, file "/home/fabrice/git/pycsl/scratchpad/w7/tmp/.pycsl_dt9cy9s4.mlw", line 2994, characters 208-215: unused variable in_loop
Warning, file "/home/fabrice/git/pycsl/scratchpad/w7/tmp/.pycsl_dt9cy9s4.mlw", line 2996, characters 15-19: unused variable result
Warning, file "/home/fabrice/git/pycsl/scratchpad/w7/tmp/.pycsl_dt9cy9s4.mlw", line 2999, characters 48-52: unused variable self
Warning, file "/home/fabrice/git/pycsl/scratchpad/w7/tmp/.pycsl_dt9cy9s4.mlw", line 2999, characters 79-81: unused variable ir
Warning, file "/home/fabrice/git/pycsl/scratchpad/w7/tmp/.pycsl_dt9cy9s4.mlw", line 3000, characters 15-19: unused variable result
Warning, file "/home/fabrice/git/pycsl/scratchpad/w7/tmp/.pycsl_dt9cy9s4.mlw", line 3002, characters 47-51: unused variable self
Warning, file "/home/fabrice/git/pycsl/scratchpad/w7/tmp/.pycsl_dt9cy9s4.mlw", line 3002, characters 78-80: unused variable ir
Warning, file "/home/fabrice/git/pycsl/scratchpad/w7/tmp/.pycsl_dt9cy9s4.mlw", line 3003, characters 15-19: unused variable result
Warning, file "/home/fabrice/git/pycsl/scratchpad/w7/tmp/.pycsl_dt9cy9s4.mlw", line 3015, characters 63-67: unused variable self
Warning, file "/home/fabrice/git/pycsl/scratchpad/w7/tmp/.pycsl_dt9cy9s4.mlw", line 3015, characters 94-98: unused variable kind
Warning, file "/home/fabrice/git/pycsl/scratchpad/w7/tmp/.pycsl_dt9cy9s4.mlw", line 3015, characters 106-110: unused variable args
Warning, file "/home/fabrice/git/pycsl/scratchpad/w7/tmp/.pycsl_dt9cy9s4.mlw", line 3016, characters 15-19: unused variable result
Warning, file "/home/fabrice/git/pycsl/scratchpad/w7/tmp/.pycsl_dt9cy9s4.mlw", line 3018, characters 54-58: unused variable self
Warning, file "/home/fabrice/git/pycsl/scratchpad/w7/tmp/.pycsl_dt9cy9s4.mlw", line 3018, characters 85-90: unused variable mutex
Warning, file "/home/fabrice/git/pycsl/scratchpad/w7/tmp/.pycsl_dt9cy9s4.mlw", line 3018, characters 101-108: unused variable inv_str
Warning, file "/home/fabrice/git/pycsl/scratchpad/w7/tmp/.pycsl_dt9cy9s4.mlw", line 3019, characters 15-19: unused variable result
Warning, file "/home/fabrice/git/pycsl/scratchpad/w7/tmp/.pycsl_dt9cy9s4.mlw", line 3021, characters 57-61: unused variable self
Warning, file "/home/fabrice/git/pycsl/scratchpad/w7/tmp/.pycsl_dt9cy9s4.mlw", line 3021, characters 88-97: unused variable func_name
Warning, file "/home/fabrice/git/pycsl/scratchpad/w7/tmp/.pycsl_dt9cy9s4.mlw", line 3022, characters 15-19: unused variable result
Warning, file "/home/fabrice/git/pycsl/scratchpad/w7/tmp/.pycsl_dt9cy9s4.mlw", line 3024, characters 61-65: unused variable self
Warning, file "/home/fabrice/git/pycsl/scratchpad/w7/tmp/.pycsl_dt9cy9s4.mlw", line 3024, characters 92-98: unused variable target
Warning, file "/home/fabrice/git/pycsl/scratchpad/w7/tmp/.pycsl_dt9cy9s4.mlw", line 3024, characters 109-111: unused variable op
Warning, file "/home/fabrice/git/pycsl/scratchpad/w7/tmp/.pycsl_dt9cy9s4.mlw", line 3024, characters 122-132: unused variable ghost_type
Warning, file "/home/fabrice/git/pycsl/scratchpad/w7/tmp/.pycsl_dt9cy9s4.mlw", line 3026, characters 15-19: unused variable result
Warning, file "/home/fabrice/git/pycsl/scratchpad/w7/tmp/.pycsl_dt9cy9s4.mlw", line 3028, characters 77-83: unused variable val_ir
Warning, file "/home/fabrice/git/pycsl/scratchpad/w7/tmp/.pycsl_dt9cy9s4.mlw", line 3028, characters 95-105: unused variable local_refs
Warning, file "/home/fabrice/git/pycsl/scratchpad/w7/tmp/.pycsl_dt9cy9s4.mlw", line 3028, characters 130-136: unused variable target
Warning, file "/home/fabrice/git/pycsl/scratchpad/w7/tmp/.pycsl_dt9cy9s4.mlw", line 3030, characters 15-19: unused variable result
Warning, file "/home/fabrice/git/pycsl/scratchpad/w7/tmp/.pycsl_dt9cy9s4.mlw", line 3033, characters 75-81: unused variable val_ir
Warning, file "/home/fabrice/git/pycsl/scratchpad/w7/tmp/.pycsl_dt9cy9s4.mlw", line 3033, characters 93-103: unused variable local_refs
Warning, file "/home/fabrice/git/pycsl/scratchpad/w7/tmp/.pycsl_dt9cy9s4.mlw", line 3035, characters 15-19: unused variable result
Warning, file "/home/fabrice/git/pycsl/scratchpad/w7/tmp/.pycsl_dt9cy9s4.mlw", line 3038, characters 78-83: unused variable stmts
Warning, file "/home/fabrice/git/pycsl/scratchpad/w7/tmp/.pycsl_dt9cy9s4.mlw", line 3038, characters 97-107: unused variable local_refs
Warning, file "/home/fabrice/git/pycsl/scratchpad/w7/tmp/.pycsl_dt9cy9s4.mlw", line 3038, characters 132-145: unused variable declared_refs
Warning, file "/home/fabrice/git/pycsl/scratchpad/w7/tmp/.pycsl_dt9cy9s4.mlw", line 3038, characters 170-176: unused variable indent
Warning, file "/home/fabrice/git/pycsl/scratchpad/w7/tmp/.pycsl_dt9cy9s4.mlw", line 3038, characters 187-194: unused variable in_loop
Warning, file "/home/fabrice/git/pycsl/scratchpad/w7/tmp/.pycsl_dt9cy9s4.mlw", line 3040, characters 15-19: unused variable result
Warning, file "/home/fabrice/git/pycsl/scratchpad/w7/tmp/.pycsl_dt9cy9s4.mlw", line 3044, characters 82-91: unused variable whyml_str
Warning, file "/home/fabrice/git/pycsl/scratchpad/w7/tmp/.pycsl_dt9cy9s4.mlw", line 3046, characters 15-19: unused variable result
Warning, file "/home/fabrice/git/pycsl/scratchpad/w7/tmp/.pycsl_dt9cy9s4.mlw", line 3049, characters 58-62: unused variable self
Warning, file "/home/fabrice/git/pycsl/scratchpad/w7/tmp/.pycsl_dt9cy9s4.mlw", line 3049, characters 89-95: unused variable target
Warning, file "/home/fabrice/git/pycsl/scratchpad/w7/tmp/.pycsl_dt9cy9s4.mlw", line 3049, characters 106-112: unused variable val_ir
Warning, file "/home/fabrice/git/pycsl/scratchpad/w7/tmp/.pycsl_dt9cy9s4.mlw", line 3052, characters 80-90: unused variable body_stmts
Warning, file "/home/fabrice/git/pycsl/scratchpad/w7/tmp/.pycsl_dt9cy9s4.mlw", line 3054, characters 15-19: unused variable result
Warning, file "/home/fabrice/git/pycsl/scratchpad/w7/tmp/.pycsl_dt9cy9s4.mlw", line 3057, characters 44-48: unused variable self
Warning, file "/home/fabrice/git/pycsl/scratchpad/w7/tmp/.pycsl_dt9cy9s4.mlw", line 3057, characters 75-81: unused variable val_ir
Warning, file "/home/fabrice/git/pycsl/scratchpad/w7/tmp/.pycsl_dt9cy9s4.mlw", line 3059, characters 15-19: unused variable result
Warning, file "/home/fabrice/git/pycsl/scratchpad/w7/tmp/.pycsl_dt9cy9s4.mlw", line 3061, characters 91-100: unused variable body_code
Warning, file "/home/fabrice/git/pycsl/scratchpad/w7/tmp/.pycsl_dt9cy9s4.mlw", line 3061, characters 111-122: unused variable return_type
Warning, file "/home/fabrice/git/pycsl/scratchpad/w7/tmp/.pycsl_dt9cy9s4.mlw", line 3063, characters 15-19: unused variable result
Warning, file "/home/fabrice/git/pycsl/scratchpad/w7/tmp/.pycsl_dt9cy9s4.mlw", line 3066, characters 48-52: unused variable self
Warning, file "/home/fabrice/git/pycsl/scratchpad/w7/tmp/.pycsl_dt9cy9s4.mlw", line 3066, characters 75-81: unused variable py_val
Warning, file "/home/fabrice/git/pycsl/scratchpad/w7/tmp/.pycsl_dt9cy9s4.mlw", line 3066, characters 92-98: unused variable val_ir
Warning, file "/home/fabrice/git/pycsl/scratchpad/w7/tmp/.pycsl_dt9cy9s4.mlw", line 3068, characters 15-19: unused variable result
Warning, file "/home/fabrice/git/pycsl/scratchpad/w7/tmp/.pycsl_dt9cy9s4.mlw", line 3070, characters 51-55: unused variable self
Warning, file "/home/fabrice/git/pycsl/scratchpad/w7/tmp/.pycsl_dt9cy9s4.mlw", line 3070, characters 78-80: unused variable fn
Warning, file "/home/fabrice/git/pycsl/scratchpad/w7/tmp/.pycsl_dt9cy9s4.mlw", line 3072, characters 15-19: unused variable result
Warning, file "/home/fabrice/git/pycsl/scratchpad/w7/tmp/.pycsl_dt9cy9s4.mlw", line 3074, characters 54-58: unused variable self
Warning, file "/home/fabrice/git/pycsl/scratchpad/w7/tmp/.pycsl_dt9cy9s4.mlw", line 3074, characters 81-86: unused variable stmts
Warning, file "/home/fabrice/git/pycsl/scratchpad/w7/tmp/.pycsl_dt9cy9s4.mlw", line 3074, characters 100-104: unused variable seed
Warning, file "/home/fabrice/git/pycsl/scratchpad/w7/tmp/.pycsl_dt9cy9s4.mlw", line 3076, characters 15-19: unused variable result
Warning, file "/home/fabrice/git/pycsl/scratchpad/w7/tmp/.pycsl_dt9cy9s4.mlw", line 3078, characters 42-46: unused variable self
Warning, file "/home/fabrice/git/pycsl/scratchpad/w7/tmp/.pycsl_dt9cy9s4.mlw", line 3078, characters 69-76: unused variable attr_ir
Warning, file "/home/fabrice/git/pycsl/scratchpad/w7/tmp/.pycsl_dt9cy9s4.mlw", line 3080, characters 15-19: unused variable result
Warning, file "/home/fabrice/git/pycsl/scratchpad/w7/tmp/.pycsl_dt9cy9s4.mlw", line 3082, characters 43-47: unused variable self
Warning, file "/home/fabrice/git/pycsl/scratchpad/w7/tmp/.pycsl_dt9cy9s4.mlw", line 3082, characters 70-76: unused variable val_ir
Warning, file "/home/fabrice/git/pycsl/scratchpad/w7/tmp/.pycsl_dt9cy9s4.mlw", line 3084, characters 15-19: unused variable result
Warning, file "/home/fabrice/git/pycsl/scratchpad/w7/tmp/.pycsl_dt9cy9s4.mlw", line 3135, characters 32-36: unused variable result
Warning, file "/home/fabrice/git/pycsl/scratchpad/w7/tmp/.pycsl_dt9cy9s4.mlw", line 3129, characters 32-36: unused variable result
Warning, file "/home/fabrice/git/pycsl/scratchpad/w7/tmp/.pycsl_dt9cy9s4.mlw", line 3123, characters 32-36: unused variable result
Warning, file "/home/fabrice/git/pycsl/scratchpad/w7/tmp/.pycsl_dt9cy9s4.mlw", line 3239, characters 63-67: unused variable self
Warning, file "/home/fabrice/git/pycsl/scratchpad/w7/tmp/.pycsl_dt9cy9s4.mlw", line 3240, characters 32-36: unused variable result
Warning, file "/home/fabrice/git/pycsl/scratchpad/w7/tmp/.pycsl_dt9cy9s4.mlw", line 3244, characters 64-68: unused variable self
Warning, file "/home/fabrice/git/pycsl/scratchpad/w7/tmp/.pycsl_dt9cy9s4.mlw", line 3244, characters 91-96: unused variable stmts
Warning, file "/home/fabrice/git/pycsl/scratchpad/w7/tmp/.pycsl_dt9cy9s4.mlw", line 3246, characters 15-19: unused variable result
Warning, file "/home/fabrice/git/pycsl/scratchpad/w7/tmp/.pycsl_dt9cy9s4.mlw", line 3288, characters 32-36: unused variable result
Warning, file "/home/fabrice/git/pycsl/scratchpad/w7/tmp/.pycsl_dt9cy9s4.mlw", line 3280, characters 32-36: unused variable result
Warning, file "/home/fabrice/git/pycsl/scratchpad/w7/tmp/.pycsl_dt9cy9s4.mlw", line 3273, characters 32-36: unused variable result
Warning, file "/home/fabrice/git/pycsl/scratchpad/w7/tmp/.pycsl_dt9cy9s4.mlw", line 3334, characters 32-36: unused variable result
Warning, file "/home/fabrice/git/pycsl/scratchpad/w7/tmp/.pycsl_dt9cy9s4.mlw", line 3326, characters 32-36: unused variable result
Warning, file "/home/fabrice/git/pycsl/scratchpad/w7/tmp/.pycsl_dt9cy9s4.mlw", line 3319, characters 32-36: unused variable result
Warning, file "/home/fabrice/git/pycsl/scratchpad/w7/tmp/.pycsl_dt9cy9s4.mlw", line 3410, characters 32-36: unused variable result
Warning, file "/home/fabrice/git/pycsl/scratchpad/w7/tmp/.pycsl_dt9cy9s4.mlw", line 3404, characters 32-36: unused variable result
Warning, file "/home/fabrice/git/pycsl/scratchpad/w7/tmp/.pycsl_dt9cy9s4.mlw", line 3398, characters 32-36: unused variable result
Warning, file "/home/fabrice/git/pycsl/scratchpad/w7/tmp/.pycsl_dt9cy9s4.mlw", line 3413, characters 43-47: unused variable self
Warning, file "/home/fabrice/git/pycsl/scratchpad/w7/tmp/.pycsl_dt9cy9s4.mlw", line 3413, characters 70-73: unused variable obj
Warning, file "/home/fabrice/git/pycsl/scratchpad/w7/tmp/.pycsl_dt9cy9s4.mlw", line 3413, characters 84-89: unused variable field
Warning, file "/home/fabrice/git/pycsl/scratchpad/w7/tmp/.pycsl_dt9cy9s4.mlw", line 3415, characters 15-19: unused variable result
Warning, file "/home/fabrice/git/pycsl/scratchpad/w7/tmp/.pycsl_dt9cy9s4.mlw", line 3417, characters 45-49: unused variable self
Warning, file "/home/fabrice/git/pycsl/scratchpad/w7/tmp/.pycsl_dt9cy9s4.mlw", line 3417, characters 72-78: unused variable val_ir
Warning, file "/home/fabrice/git/pycsl/scratchpad/w7/tmp/.pycsl_dt9cy9s4.mlw", line 3419, characters 15-19: unused variable result
Warning, file "/home/fabrice/git/pycsl/scratchpad/w7/tmp/.pycsl_dt9cy9s4.mlw", line 3421, characters 46-50: unused variable self
Warning, file "/home/fabrice/git/pycsl/scratchpad/w7/tmp/.pycsl_dt9cy9s4.mlw", line 3421, characters 73-79: unused variable py_val
Warning, file "/home/fabrice/git/pycsl/scratchpad/w7/tmp/.pycsl_dt9cy9s4.mlw", line 3421, characters 90-96: unused variable val_ir
Warning, file "/home/fabrice/git/pycsl/scratchpad/w7/tmp/.pycsl_dt9cy9s4.mlw", line 3423, characters 15-19: unused variable result
Warning, file "/home/fabrice/git/pycsl/scratchpad/w7/tmp/.pycsl_dt9cy9s4.mlw", line 3425, characters 57-61: unused variable self
Warning, file "/home/fabrice/git/pycsl/scratchpad/w7/tmp/.pycsl_dt9cy9s4.mlw", line 3425, characters 84-90: unused variable target
Warning, file "/home/fabrice/git/pycsl/scratchpad/w7/tmp/.pycsl_dt9cy9s4.mlw", line 3425, characters 101-103: unused variable op
Warning, file "/home/fabrice/git/pycsl/scratchpad/w7/tmp/.pycsl_dt9cy9s4.mlw", line 3425, characters 114-124: unused variable ghost_type
Warning, file "/home/fabrice/git/pycsl/scratchpad/w7/tmp/.pycsl_dt9cy9s4.mlw", line 3427, characters 15-19: unused variable result
Warning, file "/home/fabrice/git/pycsl/scratchpad/w7/tmp/.pycsl_dt9cy9s4.mlw", line 3429, characters 45-49: unused variable self
Warning, file "/home/fabrice/git/pycsl/scratchpad/w7/tmp/.pycsl_dt9cy9s4.mlw", line 3429, characters 72-74: unused variable rt
Warning, file "/home/fabrice/git/pycsl/scratchpad/w7/tmp/.pycsl_dt9cy9s4.mlw", line 3431, characters 15-19: unused variable result
Warning, file "/home/fabrice/git/pycsl/scratchpad/w7/tmp/.pycsl_dt9cy9s4.mlw", line 3433, characters 54-58: unused variable self
Warning, file "/home/fabrice/git/pycsl/scratchpad/w7/tmp/.pycsl_dt9cy9s4.mlw", line 3433, characters 81-87: unused variable target
Warning, file "/home/fabrice/git/pycsl/scratchpad/w7/tmp/.pycsl_dt9cy9s4.mlw", line 3433, characters 98-104: unused variable val_ir
Warning, file "/home/fabrice/git/pycsl/scratchpad/w7/tmp/.pycsl_dt9cy9s4.mlw", line 3437, characters 40-44: unused variable self
Warning, file "/home/fabrice/git/pycsl/scratchpad/w7/tmp/.pycsl_dt9cy9s4.mlw", line 3437, characters 67-73: unused variable val_ir
Warning, file "/home/fabrice/git/pycsl/scratchpad/w7/tmp/.pycsl_dt9cy9s4.mlw", line 3439, characters 15-19: unused variable result
Warning, file "/home/fabrice/git/pycsl/scratchpad/w7/tmp/.pycsl_dt9cy9s4.mlw", line 665, characters 15-19: unused variable result
Warning, file "/home/fabrice/git/pycsl/scratchpad/w7/tmp/.pycsl_dt9cy9s4.mlw", line 667, characters 49-53: unused variable self
Warning, file "/home/fabrice/git/pycsl/scratchpad/w7/tmp/.pycsl_dt9cy9s4.mlw", line 667, characters 81-85: unused variable decl
Warning, file "/home/fabrice/git/pycsl/scratchpad/w7/tmp/.pycsl_dt9cy9s4.mlw", line 670, characters 50-54: unused variable self
Warning, file "/home/fabrice/git/pycsl/scratchpad/w7/tmp/.pycsl_dt9cy9s4.mlw", line 670, characters 82-86: unused variable name
Warning, file "/home/fabrice/git/pycsl/scratchpad/w7/tmp/.pycsl_dt9cy9s4.mlw", line 672, characters 15-19: unused variable result
Warning, file "/home/fabrice/git/pycsl/scratchpad/w7/tmp/.pycsl_dt9cy9s4.mlw", line 674, characters 50-54: unused variable self
Warning, file "/home/fabrice/git/pycsl/scratchpad/w7/tmp/.pycsl_dt9cy9s4.mlw", line 674, characters 82-91: unused variable whyml_str
Warning, file "/home/fabrice/git/pycsl/scratchpad/w7/tmp/.pycsl_dt9cy9s4.mlw", line 676, characters 15-19: unused variable result
Warning, file "/home/fabrice/git/pycsl/scratchpad/w7/tmp/.pycsl_dt9cy9s4.mlw", line 678, characters 52-56: unused variable self
Warning, file "/home/fabrice/git/pycsl/scratchpad/w7/tmp/.pycsl_dt9cy9s4.mlw", line 678, characters 84-88: unused variable args
Warning, file "/home/fabrice/git/pycsl/scratchpad/w7/tmp/.pycsl_dt9cy9s4.mlw", line 678, characters 105-114: unused variable func_name
Warning, file "/home/fabrice/git/pycsl/scratchpad/w7/tmp/.pycsl_dt9cy9s4.mlw", line 680, characters 15-19: unused variable result
Warning, file "/home/fabrice/git/pycsl/scratchpad/w7/tmp/.pycsl_dt9cy9s4.mlw", line 682, characters 85-89: unused variable expr
Warning, file "/home/fabrice/git/pycsl/scratchpad/w7/tmp/.pycsl_dt9cy9s4.mlw", line 682, characters 97-101: unused variable args
Warning, file "/home/fabrice/git/pycsl/scratchpad/w7/tmp/.pycsl_dt9cy9s4.mlw", line 682, characters 118-127: unused variable func_name
Warning, file "/home/fabrice/git/pycsl/scratchpad/w7/tmp/.pycsl_dt9cy9s4.mlw", line 682, characters 138-148: unused variable local_refs
Warning, file "/home/fabrice/git/pycsl/scratchpad/w7/tmp/.pycsl_dt9cy9s4.mlw", line 682, characters 156-169: unused variable invariant_ctx
Warning, file "/home/fabrice/git/pycsl/scratchpad/w7/tmp/.pycsl_dt9cy9s4.mlw", line 682, characters 177-182: unused variable subst
Warning, file "/home/fabrice/git/pycsl/scratchpad/w7/tmp/.pycsl_dt9cy9s4.mlw", line 684, characters 15-19: unused variable result
Warning, file "/home/fabrice/git/pycsl/scratchpad/w7/tmp/.pycsl_dt9cy9s4.mlw", line 687, characters 89-93: unused variable args
Warning, file "/home/fabrice/git/pycsl/scratchpad/w7/tmp/.pycsl_dt9cy9s4.mlw", line 687, characters 110-119: unused variable func_name
Warning, file "/home/fabrice/git/pycsl/scratchpad/w7/tmp/.pycsl_dt9cy9s4.mlw", line 687, characters 130-140: unused variable kwargs_map
Warning, file "/home/fabrice/git/pycsl/scratchpad/w7/tmp/.pycsl_dt9cy9s4.mlw", line 687, characters 148-157: unused variable kwargs_ir
Warning, file "/home/fabrice/git/pycsl/scratchpad/w7/tmp/.pycsl_dt9cy9s4.mlw", line 689, characters 15-19: unused variable result
Warning, file "/home/fabrice/git/pycsl/scratchpad/w7/tmp/.pycsl_dt9cy9s4.mlw", line 692, characters 41-45: unused variable self
Warning, file "/home/fabrice/git/pycsl/scratchpad/w7/tmp/.pycsl_dt9cy9s4.mlw", line 692, characters 73-74: unused variable d
Warning, file "/home/fabrice/git/pycsl/scratchpad/w7/tmp/.pycsl_dt9cy9s4.mlw", line 694, characters 15-19: unused variable result
Warning, file "/home/fabrice/git/pycsl/scratchpad/w7/tmp/.pycsl_dt9cy9s4.mlw", line 696, characters 52-56: unused variable self
Warning, file "/home/fabrice/git/pycsl/scratchpad/w7/tmp/.pycsl_dt9cy9s4.mlw", line 696, characters 84-88: unused variable args
Warning, file "/home/fabrice/git/pycsl/scratchpad/w7/tmp/.pycsl_dt9cy9s4.mlw", line 696, characters 105-116: unused variable param_types
Warning, file "/home/fabrice/git/pycsl/scratchpad/w7/tmp/.pycsl_dt9cy9s4.mlw", line 698, characters 15-19: unused variable result
Warning, file "/home/fabrice/git/pycsl/scratchpad/w7/tmp/.pycsl_dt9cy9s4.mlw", line 700, characters 48-52: unused variable self
Warning, file "/home/fabrice/git/pycsl/scratchpad/w7/tmp/.pycsl_dt9cy9s4.mlw", line 700, characters 80-89: unused variable whyml_str
Warning, file "/home/fabrice/git/pycsl/scratchpad/w7/tmp/.pycsl_dt9cy9s4.mlw", line 702, characters 15-19: unused variable result
Warning, file "/home/fabrice/git/pycsl/scratchpad/w7/tmp/.pycsl_dt9cy9s4.mlw", line 704, characters 47-51: unused variable self
Warning, file "/home/fabrice/git/pycsl/scratchpad/w7/tmp/.pycsl_dt9cy9s4.mlw", line 704, characters 79-88: unused variable whyml_str
Warning, file "/home/fabrice/git/pycsl/scratchpad/w7/tmp/.pycsl_dt9cy9s4.mlw", line 706, characters 15-19: unused variable result
Warning, file "/home/fabrice/git/pycsl/scratchpad/w7/tmp/.pycsl_dt9cy9s4.mlw", line 708, characters 87-91: unused variable expr
Warning, file "/home/fabrice/git/pycsl/scratchpad/w7/tmp/.pycsl_dt9cy9s4.mlw", line 708, characters 99-103: unused variable args
Warning, file "/home/fabrice/git/pycsl/scratchpad/w7/tmp/.pycsl_dt9cy9s4.mlw", line 708, characters 120-129: unused variable func_name
Warning, file "/home/fabrice/git/pycsl/scratchpad/w7/tmp/.pycsl_dt9cy9s4.mlw", line 708, characters 140-150: unused variable local_refs
Warning, file "/home/fabrice/git/pycsl/scratchpad/w7/tmp/.pycsl_dt9cy9s4.mlw", line 708, characters 158-171: unused variable invariant_ctx
Warning, file "/home/fabrice/git/pycsl/scratchpad/w7/tmp/.pycsl_dt9cy9s4.mlw", line 708, characters 179-184: unused variable subst
Warning, file "/home/fabrice/git/pycsl/scratchpad/w7/tmp/.pycsl_dt9cy9s4.mlw", line 710, characters 15-19: unused variable result
Warning, file "/home/fabrice/git/pycsl/scratchpad/w7/tmp/.pycsl_dt9cy9s4.mlw", line 713, characters 39-43: unused variable self
Warning, file "/home/fabrice/git/pycsl/scratchpad/w7/tmp/.pycsl_dt9cy9s4.mlw", line 713, characters 71-75: unused variable expr
Warning, file "/home/fabrice/git/pycsl/scratchpad/w7/tmp/.pycsl_dt9cy9s4.mlw", line 715, characters 15-19: unused variable result
Warning, file "/home/fabrice/git/pycsl/scratchpad/w7/tmp/.pycsl_dt9cy9s4.mlw", line 717, characters 87-101: unused variable result_ensures
Warning, file "/home/fabrice/git/pycsl/scratchpad/w7/tmp/.pycsl_dt9cy9s4.mlw", line 717, characters 115-116: unused variable n
Warning, file "/home/fabrice/git/pycsl/scratchpad/w7/tmp/.pycsl_dt9cy9s4.mlw", line 717, characters 124-135: unused variable param_types
Warning, file "/home/fabrice/git/pycsl/scratchpad/w7/tmp/.pycsl_dt9cy9s4.mlw", line 717, characters 152-162: unused variable field_spec
Warning, file "/home/fabrice/git/pycsl/scratchpad/w7/tmp/.pycsl_dt9cy9s4.mlw", line 719, characters 15-19: unused variable result
Warning, file "/home/fabrice/git/pycsl/scratchpad/w7/tmp/.pycsl_dt9cy9s4.mlw", line 722, characters 50-54: unused variable self
Warning, file "/home/fabrice/git/pycsl/scratchpad/w7/tmp/.pycsl_dt9cy9s4.mlw", line 722, characters 82-84: unused variable nu
Warning, file "/home/fabrice/git/pycsl/scratchpad/w7/tmp/.pycsl_dt9cy9s4.mlw", line 724, characters 15-19: unused variable result
Warning, file "/home/fabrice/git/pycsl/scratchpad/w7/tmp/.pycsl_dt9cy9s4.mlw", line 726, characters 52-56: unused variable self
Warning, file "/home/fabrice/git/pycsl/scratchpad/w7/tmp/.pycsl_dt9cy9s4.mlw", line 726, characters 84-86: unused variable nu
Warning, file "/home/fabrice/git/pycsl/scratchpad/w7/tmp/.pycsl_dt9cy9s4.mlw", line 728, characters 15-19: unused variable result
Warning, file "/home/fabrice/git/pycsl/scratchpad/w7/tmp/.pycsl_dt9cy9s4.mlw", line 730, characters 48-52: unused variable self
Warning, file "/home/fabrice/git/pycsl/scratchpad/w7/tmp/.pycsl_dt9cy9s4.mlw", line 730, characters 80-82: unused variable nu
Warning, file "/home/fabrice/git/pycsl/scratchpad/w7/tmp/.pycsl_dt9cy9s4.mlw", line 730, characters 90-98: unused variable val_expr
Warning, file "/home/fabrice/git/pycsl/scratchpad/w7/tmp/.pycsl_dt9cy9s4.mlw", line 732, characters 15-19: unused variable result
Warning, file "/home/fabrice/git/pycsl/scratchpad/w7/tmp/.pycsl_dt9cy9s4.mlw", line 734, characters 67-69: unused variable ir
Warning, file "/home/fabrice/git/pycsl/scratchpad/w7/tmp/.pycsl_dt9cy9s4.mlw", line 734, characters 77-79: unused variable lr
Warning, file "/home/fabrice/git/pycsl/scratchpad/w7/tmp/.pycsl_dt9cy9s4.mlw", line 736, characters 15-19: unused variable result
Warning, file "/home/fabrice/git/pycsl/scratchpad/w7/tmp/.pycsl_dt9cy9s4.mlw", line 739, characters 55-59: unused variable self
Warning, file "/home/fabrice/git/pycsl/scratchpad/w7/tmp/.pycsl_dt9cy9s4.mlw", line 739, characters 87-94: unused variable op_char
Warning, file "/home/fabrice/git/pycsl/scratchpad/w7/tmp/.pycsl_dt9cy9s4.mlw", line 739, characters 105-109: unused variable expr
Warning, file "/home/fabrice/git/pycsl/scratchpad/w7/tmp/.pycsl_dt9cy9s4.mlw", line 739, characters 117-121: unused variable left
Warning, file "/home/fabrice/git/pycsl/scratchpad/w7/tmp/.pycsl_dt9cy9s4.mlw", line 739, characters 132-137: unused variable right
Warning, file "/home/fabrice/git/pycsl/scratchpad/w7/tmp/.pycsl_dt9cy9s4.mlw", line 741, characters 15-19: unused variable result
Warning, file "/home/fabrice/git/pycsl/scratchpad/w7/tmp/.pycsl_dt9cy9s4.mlw", line 743, characters 60-64: unused variable self
Warning, file "/home/fabrice/git/pycsl/scratchpad/w7/tmp/.pycsl_dt9cy9s4.mlw", line 743, characters 92-101: unused variable func_name
Warning, file "/home/fabrice/git/pycsl/scratchpad/w7/tmp/.pycsl_dt9cy9s4.mlw", line 743, characters 112-116: unused variable expr
Warning, file "/home/fabrice/git/pycsl/scratchpad/w7/tmp/.pycsl_dt9cy9s4.mlw", line 743, characters 124-128: unused variable args
Warning, file "/home/fabrice/git/pycsl/scratchpad/w7/tmp/.pycsl_dt9cy9s4.mlw", line 745, characters 15-19: unused variable result
Warning, file "/home/fabrice/git/pycsl/scratchpad/w7/tmp/.pycsl_dt9cy9s4.mlw", line 747, characters 81-83: unused variable op
Warning, file "/home/fabrice/git/pycsl/scratchpad/w7/tmp/.pycsl_dt9cy9s4.mlw", line 747, characters 94-98: unused variable expr
Warning, file "/home/fabrice/git/pycsl/scratchpad/w7/tmp/.pycsl_dt9cy9s4.mlw", line 747, characters 106-110: unused variable left
Warning, file "/home/fabrice/git/pycsl/scratchpad/w7/tmp/.pycsl_dt9cy9s4.mlw", line 747, characters 121-126: unused variable right
Warning, file "/home/fabrice/git/pycsl/scratchpad/w7/tmp/.pycsl_dt9cy9s4.mlw", line 747, characters 137-147: unused variable local_refs
Warning, file "/home/fabrice/git/pycsl/scratchpad/w7/tmp/.pycsl_dt9cy9s4.mlw", line 747, characters 155-168: unused variable invariant_ctx
Warning, file "/home/fabrice/git/pycsl/scratchpad/w7/tmp/.pycsl_dt9cy9s4.mlw", line 747, characters 176-181: unused variable subst
Warning, file "/home/fabrice/git/pycsl/scratchpad/w7/tmp/.pycsl_dt9cy9s4.mlw", line 749, characters 15-19: unused variable result
Warning, file "/home/fabrice/git/pycsl/scratchpad/w7/tmp/.pycsl_dt9cy9s4.mlw", line 752, characters 52-56: unused variable self
Warning, file "/home/fabrice/git/pycsl/scratchpad/w7/tmp/.pycsl_dt9cy9s4.mlw", line 756, characters 79-83: unused variable expr
Warning, file "/home/fabrice/git/pycsl/scratchpad/w7/tmp/.pycsl_dt9cy9s4.mlw", line 756, characters 95-105: unused variable local_refs
Warning, file "/home/fabrice/git/pycsl/scratchpad/w7/tmp/.pycsl_dt9cy9s4.mlw", line 756, characters 130-143: unused variable invariant_ctx
Warning, file "/home/fabrice/git/pycsl/scratchpad/w7/tmp/.pycsl_dt9cy9s4.mlw", line 756, characters 151-156: unused variable subst
Warning, file "/home/fabrice/git/pycsl/scratchpad/w7/tmp/.pycsl_dt9cy9s4.mlw", line 758, characters 15-19: unused variable result
Warning, file "/home/fabrice/git/pycsl/scratchpad/w7/tmp/.pycsl_dt9cy9s4.mlw", line 761, characters 90-92: unused variable ir
Warning, file "/home/fabrice/git/pycsl/scratchpad/w7/tmp/.pycsl_dt9cy9s4.mlw", line 761, characters 104-114: unused variable local_refs
Warning, file "/home/fabrice/git/pycsl/scratchpad/w7/tmp/.pycsl_dt9cy9s4.mlw", line 763, characters 15-19: unused variable result
Warning, file "/home/fabrice/git/pycsl/scratchpad/w7/tmp/.pycsl_dt9cy9s4.mlw", line 766, characters 19-23: unused variable name
Warning, file "/home/fabrice/git/pycsl/scratchpad/w7/tmp/.pycsl_dt9cy9s4.mlw", line 768, characters 15-19: unused variable result
Warning, file "/home/fabrice/git/pycsl/scratchpad/w7/tmp/.pycsl_dt9cy9s4.mlw", line 770, characters 45-49: unused variable self
Warning, file "/home/fabrice/git/pycsl/scratchpad/w7/tmp/.pycsl_dt9cy9s4.mlw", line 770, characters 77-89: unused variable record_lower
Warning, file "/home/fabrice/git/pycsl/scratchpad/w7/tmp/.pycsl_dt9cy9s4.mlw", line 770, characters 100-105: unused variable field
Warning, file "/home/fabrice/git/pycsl/scratchpad/w7/tmp/.pycsl_dt9cy9s4.mlw", line 772, characters 15-19: unused variable result
Warning, file "/home/fabrice/git/pycsl/scratchpad/w7/tmp/.pycsl_dt9cy9s4.mlw", line 834, characters 32-36: unused variable result
Warning, file "/home/fabrice/git/pycsl/scratchpad/w7/tmp/.pycsl_dt9cy9s4.mlw", line 825, characters 32-36: unused variable result
Warning, file "/home/fabrice/git/pycsl/scratchpad/w7/tmp/.pycsl_dt9cy9s4.mlw", line 809, characters 32-36: unused variable result
Warning, file "/home/fabrice/git/pycsl/scratchpad/w7/tmp/.pycsl_dt9cy9s4.mlw", line 841, characters 82-84: unused variable pp
Warning, file "/home/fabrice/git/pycsl/scratchpad/w7/tmp/.pycsl_dt9cy9s4.mlw", line 841, characters 96-106: unused variable local_refs
Warning, file "/home/fabrice/git/pycsl/scratchpad/w7/tmp/.pycsl_dt9cy9s4.mlw", line 841, characters 131-144: unused variable invariant_ctx
Warning, file "/home/fabrice/git/pycsl/scratchpad/w7/tmp/.pycsl_dt9cy9s4.mlw", line 841, characters 152-157: unused variable subst
Warning, file "/home/fabrice/git/pycsl/scratchpad/w7/tmp/.pycsl_dt9cy9s4.mlw", line 843, characters 15-19: unused variable result
Warning, file "/home/fabrice/git/pycsl/scratchpad/w7/tmp/.pycsl_dt9cy9s4.mlw", line 846, characters 52-56: unused variable self
Warning, file "/home/fabrice/git/pycsl/scratchpad/w7/tmp/.pycsl_dt9cy9s4.mlw", line 846, characters 84-88: unused variable recv
Warning, file "/home/fabrice/git/pycsl/scratchpad/w7/tmp/.pycsl_dt9cy9s4.mlw", line 848, characters 15-19: unused variable result
Warning, file "/home/fabrice/git/pycsl/scratchpad/w7/tmp/.pycsl_dt9cy9s4.mlw", line 850, characters 85-89: unused variable node
Warning, file "/home/fabrice/git/pycsl/scratchpad/w7/tmp/.pycsl_dt9cy9s4.mlw", line 850, characters 101-111: unused variable local_refs
Warning, file "/home/fabrice/git/pycsl/scratchpad/w7/tmp/.pycsl_dt9cy9s4.mlw", line 850, characters 136-149: unused variable invariant_ctx
Warning, file "/home/fabrice/git/pycsl/scratchpad/w7/tmp/.pycsl_dt9cy9s4.mlw", line 850, characters 157-162: unused variable subst
Warning, file "/home/fabrice/git/pycsl/scratchpad/w7/tmp/.pycsl_dt9cy9s4.mlw", line 852, characters 15-19: unused variable result
Warning, file "/home/fabrice/git/pycsl/scratchpad/w7/tmp/.pycsl_dt9cy9s4.mlw", line 855, characters 54-58: unused variable self
Warning, file "/home/fabrice/git/pycsl/scratchpad/w7/tmp/.pycsl_dt9cy9s4.mlw", line 855, characters 86-90: unused variable node
Warning, file "/home/fabrice/git/pycsl/scratchpad/w7/tmp/.pycsl_dt9cy9s4.mlw", line 855, characters 102-112: unused variable local_refs
Warning, file "/home/fabrice/git/pycsl/scratchpad/w7/tmp/.pycsl_dt9cy9s4.mlw", line 855, characters 137-150: unused variable invariant_ctx
Warning, file "/home/fabrice/git/pycsl/scratchpad/w7/tmp/.pycsl_dt9cy9s4.mlw", line 855, characters 158-163: unused variable subst
Warning, file "/home/fabrice/git/pycsl/scratchpad/w7/tmp/.pycsl_dt9cy9s4.mlw", line 857, characters 15-19: unused variable result
Warning, file "/home/fabrice/git/pycsl/scratchpad/w7/tmp/.pycsl_dt9cy9s4.mlw", line 859, characters 80-84: unused variable node
Warning, file "/home/fabrice/git/pycsl/scratchpad/w7/tmp/.pycsl_dt9cy9s4.mlw", line 859, characters 92-102: unused variable local_refs
Warning, file "/home/fabrice/git/pycsl/scratchpad/w7/tmp/.pycsl_dt9cy9s4.mlw", line 859, characters 127-140: unused variable invariant_ctx
Warning, file "/home/fabrice/git/pycsl/scratchpad/w7/tmp/.pycsl_dt9cy9s4.mlw", line 859, characters 148-153: unused variable subst
Warning, file "/home/fabrice/git/pycsl/scratchpad/w7/tmp/.pycsl_dt9cy9s4.mlw", line 861, characters 15-19: unused variable result
Warning, file "/home/fabrice/git/pycsl/scratchpad/w7/tmp/.pycsl_dt9cy9s4.mlw", line 864, characters 87-91: unused variable node
Warning, file "/home/fabrice/git/pycsl/scratchpad/w7/tmp/.pycsl_dt9cy9s4.mlw", line 864, characters 99-109: unused variable local_refs
Warning, file "/home/fabrice/git/pycsl/scratchpad/w7/tmp/.pycsl_dt9cy9s4.mlw", line 864, characters 117-130: unused variable invariant_ctx
Warning, file "/home/fabrice/git/pycsl/scratchpad/w7/tmp/.pycsl_dt9cy9s4.mlw", line 864, characters 138-143: unused variable subst
Warning, file "/home/fabrice/git/pycsl/scratchpad/w7/tmp/.pycsl_dt9cy9s4.mlw", line 866, characters 15-19: unused variable result
Warning, file "/home/fabrice/git/pycsl/scratchpad/w7/tmp/.pycsl_dt9cy9s4.mlw", line 869, characters 78-82: unused variable node
Warning, file "/home/fabrice/git/pycsl/scratchpad/w7/tmp/.pycsl_dt9cy9s4.mlw", line 869, characters 90-100: unused variable local_refs
Warning, file "/home/fabrice/git/pycsl/scratchpad/w7/tmp/.pycsl_dt9cy9s4.mlw", line 869, characters 108-121: unused variable invariant_ctx
Warning, file "/home/fabrice/git/pycsl/scratchpad/w7/tmp/.pycsl_dt9cy9s4.mlw", line 869, characters 129-134: unused variable subst
Warning, file "/home/fabrice/git/pycsl/scratchpad/w7/tmp/.pycsl_dt9cy9s4.mlw", line 871, characters 15-19: unused variable result
Warning, file "/home/fabrice/git/pycsl/scratchpad/w7/tmp/.pycsl_dt9cy9s4.mlw", line 874, characters 82-86: unused variable node
Warning, file "/home/fabrice/git/pycsl/scratchpad/w7/tmp/.pycsl_dt9cy9s4.mlw", line 874, characters 94-104: unused variable local_refs
Warning, file "/home/fabrice/git/pycsl/scratchpad/w7/tmp/.pycsl_dt9cy9s4.mlw", line 874, characters 112-125: unused variable invariant_ctx
Warning, file "/home/fabrice/git/pycsl/scratchpad/w7/tmp/.pycsl_dt9cy9s4.mlw", line 874, characters 133-138: unused variable subst
Warning, file "/home/fabrice/git/pycsl/scratchpad/w7/tmp/.pycsl_dt9cy9s4.mlw", line 876, characters 15-19: unused variable result
Warning, file "/home/fabrice/git/pycsl/scratchpad/w7/tmp/.pycsl_dt9cy9s4.mlw", line 879, characters 84-93: unused variable func_name
Warning, file "/home/fabrice/git/pycsl/scratchpad/w7/tmp/.pycsl_dt9cy9s4.mlw", line 879, characters 104-108: unused variable args
Warning, file "/home/fabrice/git/pycsl/scratchpad/w7/tmp/.pycsl_dt9cy9s4.mlw", line 879, characters 125-132: unused variable arg_irs
Warning, file "/home/fabrice/git/pycsl/scratchpad/w7/tmp/.pycsl_dt9cy9s4.mlw", line 881, characters 15-19: unused variable result
Warning, file "/home/fabrice/git/pycsl/scratchpad/w7/tmp/.pycsl_dt9cy9s4.mlw", line 884, characters 55-59: unused variable self
Warning, file "/home/fabrice/git/pycsl/scratchpad/w7/tmp/.pycsl_dt9cy9s4.mlw", line 884, characters 87-91: unused variable node
Warning, file "/home/fabrice/git/pycsl/scratchpad/w7/tmp/.pycsl_dt9cy9s4.mlw", line 884, characters 103-116: unused variable invariant_ctx
Warning, file "/home/fabrice/git/pycsl/scratchpad/w7/tmp/.pycsl_dt9cy9s4.mlw", line 886, characters 15-19: unused variable result
Warning, file "/home/fabrice/git/pycsl/scratchpad/w7/tmp/.pycsl_dt9cy9s4.mlw", line 888, characters 85-89: unused variable node
Warning, file "/home/fabrice/git/pycsl/scratchpad/w7/tmp/.pycsl_dt9cy9s4.mlw", line 888, characters 101-111: unused variable local_refs
Warning, file "/home/fabrice/git/pycsl/scratchpad/w7/tmp/.pycsl_dt9cy9s4.mlw", line 888, characters 136-149: unused variable invariant_ctx
Warning, file "/home/fabrice/git/pycsl/scratchpad/w7/tmp/.pycsl_dt9cy9s4.mlw", line 888, characters 157-162: unused variable subst
Warning, file "/home/fabrice/git/pycsl/scratchpad/w7/tmp/.pycsl_dt9cy9s4.mlw", line 890, characters 15-19: unused variable result
Warning, file "/home/fabrice/git/pycsl/scratchpad/w7/tmp/.pycsl_dt9cy9s4.mlw", line 893, characters 84-88: unused variable node
Warning, file "/home/fabrice/git/pycsl/scratchpad/w7/tmp/.pycsl_dt9cy9s4.mlw", line 893, characters 96-106: unused variable local_refs
Warning, file "/home/fabrice/git/pycsl/scratchpad/w7/tmp/.pycsl_dt9cy9s4.mlw", line 893, characters 131-144: unused variable invariant_ctx
Warning, file "/home/fabrice/git/pycsl/scratchpad/w7/tmp/.pycsl_dt9cy9s4.mlw", line 893, characters 152-157: unused variable subst
Warning, file "/home/fabrice/git/pycsl/scratchpad/w7/tmp/.pycsl_dt9cy9s4.mlw", line 895, characters 15-19: unused variable result
Warning, file "/home/fabrice/git/pycsl/scratchpad/w7/tmp/.pycsl_dt9cy9s4.mlw", line 918, characters 32-36: unused variable result
Warning, file "/home/fabrice/git/pycsl/scratchpad/w7/tmp/.pycsl_dt9cy9s4.mlw", line 924, characters 56-60: unused variable self
Warning, file "/home/fabrice/git/pycsl/scratchpad/w7/tmp/.pycsl_dt9cy9s4.mlw", line 924, characters 88-92: unused variable node
Warning, file "/home/fabrice/git/pycsl/scratchpad/w7/tmp/.pycsl_dt9cy9s4.mlw", line 924, characters 104-114: unused variable local_refs
Warning, file "/home/fabrice/git/pycsl/scratchpad/w7/tmp/.pycsl_dt9cy9s4.mlw", line 924, characters 139-152: unused variable invariant_ctx
Warning, file "/home/fabrice/git/pycsl/scratchpad/w7/tmp/.pycsl_dt9cy9s4.mlw", line 924, characters 160-165: unused variable subst
Warning, file "/home/fabrice/git/pycsl/scratchpad/w7/tmp/.pycsl_dt9cy9s4.mlw", line 926, characters 15-19: unused variable result
Warning, file "/home/fabrice/git/pycsl/scratchpad/w7/tmp/.pycsl_dt9cy9s4.mlw", line 928, characters 54-58: unused variable self
Warning, file "/home/fabrice/git/pycsl/scratchpad/w7/tmp/.pycsl_dt9cy9s4.mlw", line 928, characters 86-90: unused variable node
Warning, file "/home/fabrice/git/pycsl/scratchpad/w7/tmp/.pycsl_dt9cy9s4.mlw", line 928, characters 102-112: unused variable local_refs
Warning, file "/home/fabrice/git/pycsl/scratchpad/w7/tmp/.pycsl_dt9cy9s4.mlw", line 928, characters 137-150: unused variable invariant_ctx
Warning, file "/home/fabrice/git/pycsl/scratchpad/w7/tmp/.pycsl_dt9cy9s4.mlw", line 928, characters 158-163: unused variable subst
Warning, file "/home/fabrice/git/pycsl/scratchpad/w7/tmp/.pycsl_dt9cy9s4.mlw", line 930, characters 15-19: unused variable result
Warning, file "/home/fabrice/git/pycsl/scratchpad/w7/tmp/.pycsl_dt9cy9s4.mlw", line 932, characters 83-87: unused variable expr
Warning, file "/home/fabrice/git/pycsl/scratchpad/w7/tmp/.pycsl_dt9cy9s4.mlw", line 932, characters 95-105: unused variable local_refs
Warning, file "/home/fabrice/git/pycsl/scratchpad/w7/tmp/.pycsl_dt9cy9s4.mlw", line 934, characters 15-19: unused variable result
Warning, file "/home/fabrice/git/pycsl/scratchpad/w7/tmp/.pycsl_dt9cy9s4.mlw", line 937, characters 86-90: unused variable node
Warning, file "/home/fabrice/git/pycsl/scratchpad/w7/tmp/.pycsl_dt9cy9s4.mlw", line 937, characters 102-112: unused variable local_refs
Warning, file "/home/fabrice/git/pycsl/scratchpad/w7/tmp/.pycsl_dt9cy9s4.mlw", line 937, characters 137-150: unused variable invariant_ctx
Warning, file "/home/fabrice/git/pycsl/scratchpad/w7/tmp/.pycsl_dt9cy9s4.mlw", line 937, characters 158-163: unused variable subst
Warning, file "/home/fabrice/git/pycsl/scratchpad/w7/tmp/.pycsl_dt9cy9s4.mlw", line 939, characters 15-19: unused variable result
Warning, file "/home/fabrice/git/pycsl/scratchpad/w7/tmp/.pycsl_dt9cy9s4.mlw", line 942, characters 82-86: unused variable expr
Warning, file "/home/fabrice/git/pycsl/scratchpad/w7/tmp/.pycsl_dt9cy9s4.mlw", line 942, characters 94-98: unused variable args
Warning, file "/home/fabrice/git/pycsl/scratchpad/w7/tmp/.pycsl_dt9cy9s4.mlw", line 942, characters 115-125: unused variable local_refs
Warning, file "/home/fabrice/git/pycsl/scratchpad/w7/tmp/.pycsl_dt9cy9s4.mlw", line 942, characters 133-146: unused variable invariant_ctx
Warning, file "/home/fabrice/git/pycsl/scratchpad/w7/tmp/.pycsl_dt9cy9s4.mlw", line 942, characters 154-159: unused variable subst
Warning, file "/home/fabrice/git/pycsl/scratchpad/w7/tmp/.pycsl_dt9cy9s4.mlw", line 944, characters 15-19: unused variable result
Warning, file "/home/fabrice/git/pycsl/scratchpad/w7/tmp/.pycsl_dt9cy9s4.mlw", line 947, characters 84-88: unused variable node
Warning, file "/home/fabrice/git/pycsl/scratchpad/w7/tmp/.pycsl_dt9cy9s4.mlw", line 947, characters 100-110: unused variable local_refs
Warning, file "/home/fabrice/git/pycsl/scratchpad/w7/tmp/.pycsl_dt9cy9s4.mlw", line 947, characters 135-148: unused variable invariant_ctx
Warning, file "/home/fabrice/git/pycsl/scratchpad/w7/tmp/.pycsl_dt9cy9s4.mlw", line 947, characters 156-161: unused variable subst
Warning, file "/home/fabrice/git/pycsl/scratchpad/w7/tmp/.pycsl_dt9cy9s4.mlw", line 949, characters 15-19: unused variable result
Warning, file "/home/fabrice/git/pycsl/scratchpad/w7/tmp/.pycsl_dt9cy9s4.mlw", line 952, characters 49-53: unused variable self
Warning, file "/home/fabrice/git/pycsl/scratchpad/w7/tmp/.pycsl_dt9cy9s4.mlw", line 952, characters 81-85: unused variable expr
Warning, file "/home/fabrice/git/pycsl/scratchpad/w7/tmp/.pycsl_dt9cy9s4.mlw", line 952, characters 93-97: unused variable args
Warning, file "/home/fabrice/git/pycsl/scratchpad/w7/tmp/.pycsl_dt9cy9s4.mlw", line 954, characters 15-19: unused variable result
Warning, file "/home/fabrice/git/pycsl/scratchpad/w7/tmp/.pycsl_dt9cy9s4.mlw", line 956, characters 86-90: unused variable node
Warning, file "/home/fabrice/git/pycsl/scratchpad/w7/tmp/.pycsl_dt9cy9s4.mlw", line 956, characters 102-112: unused variable local_refs
Warning, file "/home/fabrice/git/pycsl/scratchpad/w7/tmp/.pycsl_dt9cy9s4.mlw", line 956, characters 137-150: unused variable invariant_ctx
Warning, file "/home/fabrice/git/pycsl/scratchpad/w7/tmp/.pycsl_dt9cy9s4.mlw", line 956, characters 158-163: unused variable subst
Warning, file "/home/fabrice/git/pycsl/scratchpad/w7/tmp/.pycsl_dt9cy9s4.mlw", line 958, characters 15-19: unused variable result
Warning, file "/home/fabrice/git/pycsl/scratchpad/w7/tmp/.pycsl_dt9cy9s4.mlw", line 961, characters 88-92: unused variable node
Warning, file "/home/fabrice/git/pycsl/scratchpad/w7/tmp/.pycsl_dt9cy9s4.mlw", line 961, characters 100-110: unused variable local_refs
Warning, file "/home/fabrice/git/pycsl/scratchpad/w7/tmp/.pycsl_dt9cy9s4.mlw", line 961, characters 135-148: unused variable invariant_ctx
Warning, file "/home/fabrice/git/pycsl/scratchpad/w7/tmp/.pycsl_dt9cy9s4.mlw", line 961, characters 156-161: unused variable subst
Warning, file "/home/fabrice/git/pycsl/scratchpad/w7/tmp/.pycsl_dt9cy9s4.mlw", line 963, characters 15-19: unused variable result
Warning, file "/home/fabrice/git/pycsl/scratchpad/w7/tmp/.pycsl_dt9cy9s4.mlw", line 966, characters 81-85: unused variable node
Warning, file "/home/fabrice/git/pycsl/scratchpad/w7/tmp/.pycsl_dt9cy9s4.mlw", line 966, characters 93-103: unused variable local_refs
Warning, file "/home/fabrice/git/pycsl/scratchpad/w7/tmp/.pycsl_dt9cy9s4.mlw", line 966, characters 128-141: unused variable invariant_ctx
Warning, file "/home/fabrice/git/pycsl/scratchpad/w7/tmp/.pycsl_dt9cy9s4.mlw", line 966, characters 149-154: unused variable subst
Warning, file "/home/fabrice/git/pycsl/scratchpad/w7/tmp/.pycsl_dt9cy9s4.mlw", line 968, characters 15-19: unused variable result
Warning, file "/home/fabrice/git/pycsl/scratchpad/w7/tmp/.pycsl_dt9cy9s4.mlw", line 971, characters 89-93: unused variable node
Warning, file "/home/fabrice/git/pycsl/scratchpad/w7/tmp/.pycsl_dt9cy9s4.mlw", line 971, characters 105-115: unused variable local_refs
Warning, file "/home/fabrice/git/pycsl/scratchpad/w7/tmp/.pycsl_dt9cy9s4.mlw", line 971, characters 140-153: unused variable invariant_ctx
Warning, file "/home/fabrice/git/pycsl/scratchpad/w7/tmp/.pycsl_dt9cy9s4.mlw", line 971, characters 161-166: unused variable subst
Warning, file "/home/fabrice/git/pycsl/scratchpad/w7/tmp/.pycsl_dt9cy9s4.mlw", line 973, characters 15-19: unused variable result
Warning, file "/home/fabrice/git/pycsl/scratchpad/w7/tmp/.pycsl_dt9cy9s4.mlw", line 976, characters 87-91: unused variable node
Warning, file "/home/fabrice/git/pycsl/scratchpad/w7/tmp/.pycsl_dt9cy9s4.mlw", line 976, characters 103-113: unused variable local_refs
Warning, file "/home/fabrice/git/pycsl/scratchpad/w7/tmp/.pycsl_dt9cy9s4.mlw", line 976, characters 138-151: unused variable invariant_ctx
Warning, file "/home/fabrice/git/pycsl/scratchpad/w7/tmp/.pycsl_dt9cy9s4.mlw", line 976, characters 159-164: unused variable subst
Warning, file "/home/fabrice/git/pycsl/scratchpad/w7/tmp/.pycsl_dt9cy9s4.mlw", line 978, characters 15-19: unused variable result
Warning, file "/home/fabrice/git/pycsl/scratchpad/w7/tmp/.pycsl_dt9cy9s4.mlw", line 981, characters 84-88: unused variable node
Warning, file "/home/fabrice/git/pycsl/scratchpad/w7/tmp/.pycsl_dt9cy9s4.mlw", line 981, characters 100-110: unused variable local_refs
Warning, file "/home/fabrice/git/pycsl/scratchpad/w7/tmp/.pycsl_dt9cy9s4.mlw", line 981, characters 135-148: unused variable invariant_ctx
Warning, file "/home/fabrice/git/pycsl/scratchpad/w7/tmp/.pycsl_dt9cy9s4.mlw", line 981, characters 156-161: unused variable subst
Warning, file "/home/fabrice/git/pycsl/scratchpad/w7/tmp/.pycsl_dt9cy9s4.mlw", line 983, characters 15-19: unused variable result
Warning, file "/home/fabrice/git/pycsl/scratchpad/w7/tmp/.pycsl_dt9cy9s4.mlw", line 986, characters 87-91: unused variable node
Warning, file "/home/fabrice/git/pycsl/scratchpad/w7/tmp/.pycsl_dt9cy9s4.mlw", line 986, characters 103-106: unused variable arr
Warning, file "/home/fabrice/git/pycsl/scratchpad/w7/tmp/.pycsl_dt9cy9s4.mlw", line 986, characters 117-119: unused variable sl
Warning, file "/home/fabrice/git/pycsl/scratchpad/w7/tmp/.pycsl_dt9cy9s4.mlw", line 986, characters 131-141: unused variable local_refs
Warning, file "/home/fabrice/git/pycsl/scratchpad/w7/tmp/.pycsl_dt9cy9s4.mlw", line 986, characters 166-179: unused variable invariant_ctx
Warning, file "/home/fabrice/git/pycsl/scratchpad/w7/tmp/.pycsl_dt9cy9s4.mlw", line 986, characters 187-192: unused variable subst
Warning, file "/home/fabrice/git/pycsl/scratchpad/w7/tmp/.pycsl_dt9cy9s4.mlw", line 988, characters 15-19: unused variable result
Warning, file "/home/fabrice/git/pycsl/scratchpad/w7/tmp/.pycsl_dt9cy9s4.mlw", line 991, characters 90-94: unused variable node
Warning, file "/home/fabrice/git/pycsl/scratchpad/w7/tmp/.pycsl_dt9cy9s4.mlw", line 991, characters 106-116: unused variable local_refs
Warning, file "/home/fabrice/git/pycsl/scratchpad/w7/tmp/.pycsl_dt9cy9s4.mlw", line 991, characters 141-154: unused variable invariant_ctx
Warning, file "/home/fabrice/git/pycsl/scratchpad/w7/tmp/.pycsl_dt9cy9s4.mlw", line 991, characters 162-167: unused variable subst
Warning, file "/home/fabrice/git/pycsl/scratchpad/w7/tmp/.pycsl_dt9cy9s4.mlw", line 993, characters 15-19: unused variable result
Warning, file "/home/fabrice/git/pycsl/scratchpad/w7/tmp/.pycsl_dt9cy9s4.mlw", line 996, characters 52-56: unused variable self
Warning, file "/home/fabrice/git/pycsl/scratchpad/w7/tmp/.pycsl_dt9cy9s4.mlw", line 996, characters 84-88: unused variable expr
Warning, file "/home/fabrice/git/pycsl/scratchpad/w7/tmp/.pycsl_dt9cy9s4.mlw", line 996, characters 96-100: unused variable args
Warning, file "/home/fabrice/git/pycsl/scratchpad/w7/tmp/.pycsl_dt9cy9s4.mlw", line 996, characters 117-126: unused variable func_name
Warning, file "/home/fabrice/git/pycsl/scratchpad/w7/tmp/.pycsl_dt9cy9s4.mlw", line 998, characters 15-19: unused variable result
Warning, file "/home/fabrice/git/pycsl/scratchpad/w7/tmp/.pycsl_dt9cy9s4.mlw", line 1000, characters 82-86: unused variable node
Warning, file "/home/fabrice/git/pycsl/scratchpad/w7/tmp/.pycsl_dt9cy9s4.mlw", line 1000, characters 94-104: unused variable local_refs
Warning, file "/home/fabrice/git/pycsl/scratchpad/w7/tmp/.pycsl_dt9cy9s4.mlw", line 1000, characters 112-125: unused variable invariant_ctx
Warning, file "/home/fabrice/git/pycsl/scratchpad/w7/tmp/.pycsl_dt9cy9s4.mlw", line 1000, characters 133-138: unused variable subst
Warning, file "/home/fabrice/git/pycsl/scratchpad/w7/tmp/.pycsl_dt9cy9s4.mlw", line 1002, characters 15-19: unused variable result
Warning, file "/home/fabrice/git/pycsl/scratchpad/w7/tmp/.pycsl_dt9cy9s4.mlw", line 1005, characters 49-53: unused variable self
Warning, file "/home/fabrice/git/pycsl/scratchpad/w7/tmp/.pycsl_dt9cy9s4.mlw", line 1005, characters 81-85: unused variable expr
Warning, file "/home/fabrice/git/pycsl/scratchpad/w7/tmp/.pycsl_dt9cy9s4.mlw", line 1007, characters 15-19: unused variable result
Warning, file "/home/fabrice/git/pycsl/scratchpad/w7/tmp/.pycsl_dt9cy9s4.mlw", line 1009, characters 86-90: unused variable node
Warning, file "/home/fabrice/git/pycsl/scratchpad/w7/tmp/.pycsl_dt9cy9s4.mlw", line 1009, characters 102-112: unused variable local_refs
Warning, file "/home/fabrice/git/pycsl/scratchpad/w7/tmp/.pycsl_dt9cy9s4.mlw", line 1009, characters 137-150: unused variable invariant_ctx
Warning, file "/home/fabrice/git/pycsl/scratchpad/w7/tmp/.pycsl_dt9cy9s4.mlw", line 1009, characters 158-163: unused variable subst
Warning, file "/home/fabrice/git/pycsl/scratchpad/w7/tmp/.pycsl_dt9cy9s4.mlw", line 1011, characters 15-19: unused variable result
Warning, file "/home/fabrice/git/pycsl/scratchpad/w7/tmp/.pycsl_dt9cy9s4.mlw", line 1014, characters 85-89: unused variable node
Warning, file "/home/fabrice/git/pycsl/scratchpad/w7/tmp/.pycsl_dt9cy9s4.mlw", line 1014, characters 97-107: unused variable local_refs
Warning, file "/home/fabrice/git/pycsl/scratchpad/w7/tmp/.pycsl_dt9cy9s4.mlw", line 1014, characters 132-145: unused variable invariant_ctx
Warning, file "/home/fabrice/git/pycsl/scratchpad/w7/tmp/.pycsl_dt9cy9s4.mlw", line 1014, characters 153-158: unused variable subst
Warning, file "/home/fabrice/git/pycsl/scratchpad/w7/tmp/.pycsl_dt9cy9s4.mlw", line 1016, characters 15-19: unused variable result
Warning, file "/home/fabrice/git/pycsl/scratchpad/w7/tmp/.pycsl_dt9cy9s4.mlw", line 1019, characters 85-89: unused variable node
Warning, file "/home/fabrice/git/pycsl/scratchpad/w7/tmp/.pycsl_dt9cy9s4.mlw", line 1019, characters 101-111: unused variable local_refs
Warning, file "/home/fabrice/git/pycsl/scratchpad/w7/tmp/.pycsl_dt9cy9s4.mlw", line 1019, characters 136-149: unused variable invariant_ctx
Warning, file "/home/fabrice/git/pycsl/scratchpad/w7/tmp/.pycsl_dt9cy9s4.mlw", line 1019, characters 157-162: unused variable subst
Warning, file "/home/fabrice/git/pycsl/scratchpad/w7/tmp/.pycsl_dt9cy9s4.mlw", line 1021, characters 15-19: unused variable result
Warning, file "/home/fabrice/git/pycsl/scratchpad/w7/tmp/.pycsl_dt9cy9s4.mlw", line 1024, characters 83-87: unused variable node
Warning, file "/home/fabrice/git/pycsl/scratchpad/w7/tmp/.pycsl_dt9cy9s4.mlw", line 1024, characters 99-109: unused variable local_refs
Warning, file "/home/fabrice/git/pycsl/scratchpad/w7/tmp/.pycsl_dt9cy9s4.mlw", line 1024, characters 134-147: unused variable invariant_ctx
Warning, file "/home/fabrice/git/pycsl/scratchpad/w7/tmp/.pycsl_dt9cy9s4.mlw", line 1024, characters 155-160: unused variable subst
Warning, file "/home/fabrice/git/pycsl/scratchpad/w7/tmp/.pycsl_dt9cy9s4.mlw", line 1026, characters 15-19: unused variable result
Warning, file "/home/fabrice/git/pycsl/scratchpad/w7/tmp/.pycsl_dt9cy9s4.mlw", line 1029, characters 82-86: unused variable name
Warning, file "/home/fabrice/git/pycsl/scratchpad/w7/tmp/.pycsl_dt9cy9s4.mlw", line 1029, characters 97-107: unused variable local_refs
Warning, file "/home/fabrice/git/pycsl/scratchpad/w7/tmp/.pycsl_dt9cy9s4.mlw", line 1029, characters 132-137: unused variable subst
Warning, file "/home/fabrice/git/pycsl/scratchpad/w7/tmp/.pycsl_dt9cy9s4.mlw", line 1031, characters 15-19: unused variable result
Warning, file "/home/fabrice/git/pycsl/scratchpad/w7/tmp/.pycsl_dt9cy9s4.mlw", line 1034, characters 54-58: unused variable self
Warning, file "/home/fabrice/git/pycsl/scratchpad/w7/tmp/.pycsl_dt9cy9s4.mlw", line 1034, characters 86-87: unused variable s
Warning, file "/home/fabrice/git/pycsl/scratchpad/w7/tmp/.pycsl_dt9cy9s4.mlw", line 1036, characters 15-19: unused variable result
Warning, file "/home/fabrice/git/pycsl/scratchpad/w7/tmp/.pycsl_dt9cy9s4.mlw", line 1038, characters 81-85: unused variable node
Warning, file "/home/fabrice/git/pycsl/scratchpad/w7/tmp/.pycsl_dt9cy9s4.mlw", line 1038, characters 97-107: unused variable local_refs
Warning, file "/home/fabrice/git/pycsl/scratchpad/w7/tmp/.pycsl_dt9cy9s4.mlw", line 1038, characters 132-137: unused variable subst
Warning, file "/home/fabrice/git/pycsl/scratchpad/w7/tmp/.pycsl_dt9cy9s4.mlw", line 1040, characters 15-19: unused variable result
Warning, file "/home/fabrice/git/pycsl/scratchpad/w7/tmp/.pycsl_dt9cy9s4.mlw", line 1043, characters 80-84: unused variable test
Warning, file "/home/fabrice/git/pycsl/scratchpad/w7/tmp/.pycsl_dt9cy9s4.mlw", line 1043, characters 125-135: unused variable local_refs
Warning, file "/home/fabrice/git/pycsl/scratchpad/w7/tmp/.pycsl_dt9cy9s4.mlw", line 1045, characters 15-19: unused variable result
Warning, file "/home/fabrice/git/pycsl/scratchpad/w7/tmp/.pycsl_dt9cy9s4.mlw", line 1048, characters 49-53: unused variable self
Warning, file "/home/fabrice/git/pycsl/scratchpad/w7/tmp/.pycsl_dt9cy9s4.mlw", line 1048, characters 81-83: unused variable ir
Warning, file "/home/fabrice/git/pycsl/scratchpad/w7/tmp/.pycsl_dt9cy9s4.mlw", line 1049, characters 15-19: unused variable result
Warning, file "/home/fabrice/git/pycsl/scratchpad/w7/tmp/.pycsl_dt9cy9s4.mlw", line 1051, characters 47-51: unused variable self
Warning, file "/home/fabrice/git/pycsl/scratchpad/w7/tmp/.pycsl_dt9cy9s4.mlw", line 1051, characters 79-81: unused variable ir
Warning, file "/home/fabrice/git/pycsl/scratchpad/w7/tmp/.pycsl_dt9cy9s4.mlw", line 1053, characters 15-19: unused variable result
Warning, file "/home/fabrice/git/pycsl/scratchpad/w7/tmp/.pycsl_dt9cy9s4.mlw", line 1055, characters 50-54: unused variable self
Warning, file "/home/fabrice/git/pycsl/scratchpad/w7/tmp/.pycsl_dt9cy9s4.mlw", line 1055, characters 82-84: unused variable ir
Warning, file "/home/fabrice/git/pycsl/scratchpad/w7/tmp/.pycsl_dt9cy9s4.mlw", line 1057, characters 15-19: unused variable result
Warning, file "/home/fabrice/git/pycsl/scratchpad/w7/tmp/.pycsl_dt9cy9s4.mlw", line 1059, characters 48-52: unused variable self
Warning, file "/home/fabrice/git/pycsl/scratchpad/w7/tmp/.pycsl_dt9cy9s4.mlw", line 1059, characters 80-82: unused variable ir
Warning, file "/home/fabrice/git/pycsl/scratchpad/w7/tmp/.pycsl_dt9cy9s4.mlw", line 1061, characters 15-19: unused variable result
Warning, file "/home/fabrice/git/pycsl/scratchpad/w7/tmp/.pycsl_dt9cy9s4.mlw", line 1063, characters 49-53: unused variable self
Warning, file "/home/fabrice/git/pycsl/scratchpad/w7/tmp/.pycsl_dt9cy9s4.mlw", line 1063, characters 81-88: unused variable iter_ir
Warning, file "/home/fabrice/git/pycsl/scratchpad/w7/tmp/.pycsl_dt9cy9s4.mlw", line 1065, characters 15-19: unused variable result
Warning, file "/home/fabrice/git/pycsl/scratchpad/w7/tmp/.pycsl_dt9cy9s4.mlw", line 1067, characters 79-81: unused variable ir
Warning, file "/home/fabrice/git/pycsl/scratchpad/w7/tmp/.pycsl_dt9cy9s4.mlw", line 1067, characters 89-99: unused variable local_refs
Warning, file "/home/fabrice/git/pycsl/scratchpad/w7/tmp/.pycsl_dt9cy9s4.mlw", line 1069, characters 15-19: unused variable result
Warning, file "/home/fabrice/git/pycsl/scratchpad/w7/tmp/.pycsl_dt9cy9s4.mlw", line 1072, characters 45-49: unused variable self
Warning, file "/home/fabrice/git/pycsl/scratchpad/w7/tmp/.pycsl_dt9cy9s4.mlw", line 1072, characters 77-79: unused variable ir
Warning, file "/home/fabrice/git/pycsl/scratchpad/w7/tmp/.pycsl_dt9cy9s4.mlw", line 1074, characters 15-19: unused variable result
Warning, file "/home/fabrice/git/pycsl/scratchpad/w7/tmp/.pycsl_dt9cy9s4.mlw", line 1076, characters 58-62: unused variable self
Warning, file "/home/fabrice/git/pycsl/scratchpad/w7/tmp/.pycsl_dt9cy9s4.mlw", line 1076, characters 90-94: unused variable expr
Warning, file "/home/fabrice/git/pycsl/scratchpad/w7/tmp/.pycsl_dt9cy9s4.mlw", line 1078, characters 15-19: unused variable result
Warning, file "/home/fabrice/git/pycsl/scratchpad/w7/tmp/.pycsl_dt9cy9s4.mlw", line 1080, characters 84-87: unused variable pat
Warning, file "/home/fabrice/git/pycsl/scratchpad/w7/tmp/.pycsl_dt9cy9s4.mlw", line 1080, characters 95-102: unused variable subject
Warning, file "/home/fabrice/git/pycsl/scratchpad/w7/tmp/.pycsl_dt9cy9s4.mlw", line 1080, characters 113-123: unused variable local_refs
Warning, file "/home/fabrice/git/pycsl/scratchpad/w7/tmp/.pycsl_dt9cy9s4.mlw", line 1082, characters 15-19: unused variable result
Warning, file "/home/fabrice/git/pycsl/scratchpad/w7/tmp/.pycsl_dt9cy9s4.mlw", line 1085, characters 52-56: unused variable self
Warning, file "/home/fabrice/git/pycsl/scratchpad/w7/tmp/.pycsl_dt9cy9s4.mlw", line 1085, characters 84-93: unused variable whyml_str
Warning, file "/home/fabrice/git/pycsl/scratchpad/w7/tmp/.pycsl_dt9cy9s4.mlw", line 1085, characters 104-110: unused variable arg_ir
Warning, file "/home/fabrice/git/pycsl/scratchpad/w7/tmp/.pycsl_dt9cy9s4.mlw", line 1087, characters 15-19: unused variable result
Warning, file "/home/fabrice/git/pycsl/scratchpad/w7/tmp/.pycsl_dt9cy9s4.mlw", line 1089, characters 94-99: unused variable value
Warning, file "/home/fabrice/git/pycsl/scratchpad/w7/tmp/.pycsl_dt9cy9s4.mlw", line 1089, characters 111-119: unused variable index_ir
Warning, file "/home/fabrice/git/pycsl/scratchpad/w7/tmp/.pycsl_dt9cy9s4.mlw", line 1089, characters 131-141: unused variable local_refs
Warning, file "/home/fabrice/git/pycsl/scratchpad/w7/tmp/.pycsl_dt9cy9s4.mlw", line 1089, characters 166-179: unused variable invariant_ctx
Warning, file "/home/fabrice/git/pycsl/scratchpad/w7/tmp/.pycsl_dt9cy9s4.mlw", line 1089, characters 187-192: unused variable subst
Warning, file "/home/fabrice/git/pycsl/scratchpad/w7/tmp/.pycsl_dt9cy9s4.mlw", line 1091, characters 15-19: unused variable result
Warning, file "/home/fabrice/git/pycsl/scratchpad/w7/tmp/.pycsl_dt9cy9s4.mlw", line 1094, characters 82-85: unused variable var
Warning, file "/home/fabrice/git/pycsl/scratchpad/w7/tmp/.pycsl_dt9cy9s4.mlw", line 1094, characters 93-98: unused variable token
Warning, file "/home/fabrice/git/pycsl/scratchpad/w7/tmp/.pycsl_dt9cy9s4.mlw", line 1099, characters 83-86: unused variable var
Warning, file "/home/fabrice/git/pycsl/scratchpad/w7/tmp/.pycsl_dt9cy9s4.mlw", line 1099, characters 94-105: unused variable binder_type
Warning, file "/home/fabrice/git/pycsl/scratchpad/w7/tmp/.pycsl_dt9cy9s4.mlw", line 1104, characters 52-56: unused variable self
Warning, file "/home/fabrice/git/pycsl/scratchpad/w7/tmp/.pycsl_dt9cy9s4.mlw", line 1104, characters 84-95: unused variable binder_type
Warning, file "/home/fabrice/git/pycsl/scratchpad/w7/tmp/.pycsl_dt9cy9s4.mlw", line 1106, characters 15-19: unused variable result
Warning, file "/home/fabrice/git/pycsl/scratchpad/w7/tmp/.pycsl_dt9cy9s4.mlw", line 1108, characters 94-98: unused variable expr
Warning, file "/home/fabrice/git/pycsl/scratchpad/w7/tmp/.pycsl_dt9cy9s4.mlw", line 1108, characters 110-120: unused variable local_refs
Warning, file "/home/fabrice/git/pycsl/scratchpad/w7/tmp/.pycsl_dt9cy9s4.mlw", line 1108, characters 145-158: unused variable invariant_ctx
Warning, file "/home/fabrice/git/pycsl/scratchpad/w7/tmp/.pycsl_dt9cy9s4.mlw", line 1108, characters 166-171: unused variable subst
Warning, file "/home/fabrice/git/pycsl/scratchpad/w7/tmp/.pycsl_dt9cy9s4.mlw", line 1110, characters 15-19: unused variable result
Warning, file "/home/fabrice/git/pycsl/scratchpad/w7/tmp/.pycsl_dt9cy9s4.mlw", line 1113, characters 58-62: unused variable self
Warning, file "/home/fabrice/git/pycsl/scratchpad/w7/tmp/.pycsl_dt9cy9s4.mlw", line 1113, characters 90-99: unused variable func_name
Warning, file "/home/fabrice/git/pycsl/scratchpad/w7/tmp/.pycsl_dt9cy9s4.mlw", line 1117, characters 46-50: unused variable self
Warning, file "/home/fabrice/git/pycsl/scratchpad/w7/tmp/.pycsl_dt9cy9s4.mlw", line 1117, characters 78-86: unused variable lower_ir
Warning, file "/home/fabrice/git/pycsl/scratchpad/w7/tmp/.pycsl_dt9cy9s4.mlw", line 1117, characters 98-106: unused variable upper_ir
Warning, file "/home/fabrice/git/pycsl/scratchpad/w7/tmp/.pycsl_dt9cy9s4.mlw", line 1119, characters 15-19: unused variable result
Warning, file "/home/fabrice/git/pycsl/scratchpad/w7/tmp/.pycsl_dt9cy9s4.mlw", line 1121, characters 52-56: unused variable self
Warning, file "/home/fabrice/git/pycsl/scratchpad/w7/tmp/.pycsl_dt9cy9s4.mlw", line 1121, characters 84-93: unused variable whyml_str
Warning, file "/home/fabrice/git/pycsl/scratchpad/w7/tmp/.pycsl_dt9cy9s4.mlw", line 1123, characters 15-19: unused variable result
Warning, file "/home/fabrice/git/pycsl/scratchpad/w7/tmp/.pycsl_dt9cy9s4.mlw", line 1125, characters 52-56: unused variable self
Warning, file "/home/fabrice/git/pycsl/scratchpad/w7/tmp/.pycsl_dt9cy9s4.mlw", line 1125, characters 84-85: unused variable s
Warning, file "/home/fabrice/git/pycsl/scratchpad/w7/tmp/.pycsl_dt9cy9s4.mlw", line 1127, characters 15-19: unused variable result
Warning, file "/home/fabrice/git/pycsl/scratchpad/w7/tmp/.pycsl_dt9cy9s4.mlw", line 1146, characters 32-36: unused variable result
Warning, file "/home/fabrice/git/pycsl/scratchpad/w7/tmp/.pycsl_dt9cy9s4.mlw", line 1176, characters 45-49: unused variable self
Warning, file "/home/fabrice/git/pycsl/scratchpad/w7/tmp/.pycsl_dt9cy9s4.mlw", line 1176, characters 77-83: unused variable t_name
Warning, file "/home/fabrice/git/pycsl/scratchpad/w7/tmp/.pycsl_dt9cy9s4.mlw", line 1178, characters 15-19: unused variable result
Warning, file "/home/fabrice/git/pycsl/scratchpad/w7/tmp/.pycsl_dt9cy9s4.mlw", line 1180, characters 46-50: unused variable self
Warning, file "/home/fabrice/git/pycsl/scratchpad/w7/tmp/.pycsl_dt9cy9s4.mlw", line 1180, characters 78-82: unused variable x_ir
Warning, file "/home/fabrice/git/pycsl/scratchpad/w7/tmp/.pycsl_dt9cy9s4.mlw", line 1182, characters 15-19: unused variable result
Warning, file "/home/fabrice/git/pycsl/scratchpad/w7/tmp/.pycsl_dt9cy9s4.mlw", line 1184, characters 73-82: unused variable whyml_str
Warning, file "/home/fabrice/git/pycsl/scratchpad/w7/tmp/.pycsl_dt9cy9s4.mlw", line 1184, characters 93-100: unused variable ir_expr
Warning, file "/home/fabrice/git/pycsl/scratchpad/w7/tmp/.pycsl_dt9cy9s4.mlw", line 1186, characters 15-19: unused variable result
Warning, file "/home/fabrice/git/pycsl/scratchpad/w7/tmp/.pycsl_dt9cy9s4.mlw", line 1189, characters 53-57: unused variable self
Warning, file "/home/fabrice/git/pycsl/scratchpad/w7/tmp/.pycsl_dt9cy9s4.mlw", line 1189, characters 85-96: unused variable recv_dotted
Warning, file "/home/fabrice/git/pycsl/scratchpad/w7/tmp/.pycsl_dt9cy9s4.mlw", line 1191, characters 15-19: unused variable result
Warning, file "/home/fabrice/git/pycsl/scratchpad/w7/tmp/.pycsl_dt9cy9s4.mlw", line 1193, characters 50-54: unused variable self
Warning, file "/home/fabrice/git/pycsl/scratchpad/w7/tmp/.pycsl_dt9cy9s4.mlw", line 1193, characters 82-93: unused variable recv_dotted
Warning, file "/home/fabrice/git/pycsl/scratchpad/w7/tmp/.pycsl_dt9cy9s4.mlw", line 1193, characters 104-107: unused variable key
Warning, file "/home/fabrice/git/pycsl/scratchpad/w7/tmp/.pycsl_dt9cy9s4.mlw", line 1195, characters 15-19: unused variable result
Warning, file "/home/fabrice/git/pycsl/scratchpad/w7/tmp/.pycsl_dt9cy9s4.mlw", line 1197, characters 88-93: unused variable value
Warning, file "/home/fabrice/git/pycsl/scratchpad/w7/tmp/.pycsl_dt9cy9s4.mlw", line 1197, characters 105-113: unused variable index_ir
Warning, file "/home/fabrice/git/pycsl/scratchpad/w7/tmp/.pycsl_dt9cy9s4.mlw", line 1197, characters 125-135: unused variable local_refs
Warning, file "/home/fabrice/git/pycsl/scratchpad/w7/tmp/.pycsl_dt9cy9s4.mlw", line 1197, characters 160-173: unused variable invariant_ctx
Warning, file "/home/fabrice/git/pycsl/scratchpad/w7/tmp/.pycsl_dt9cy9s4.mlw", line 1197, characters 181-186: unused variable subst
Warning, file "/home/fabrice/git/pycsl/scratchpad/w7/tmp/.pycsl_dt9cy9s4.mlw", line 1199, characters 15-19: unused variable result
Warning, file "/home/fabrice/git/pycsl/scratchpad/w7/tmp/.pycsl_dt9cy9s4.mlw", line 1202, characters 90-94: unused variable expr
Warning, file "/home/fabrice/git/pycsl/scratchpad/w7/tmp/.pycsl_dt9cy9s4.mlw", line 1202, characters 106-116: unused variable local_refs
Warning, file "/home/fabrice/git/pycsl/scratchpad/w7/tmp/.pycsl_dt9cy9s4.mlw", line 1202, characters 141-154: unused variable invariant_ctx
Warning, file "/home/fabrice/git/pycsl/scratchpad/w7/tmp/.pycsl_dt9cy9s4.mlw", line 1202, characters 162-167: unused variable subst
Warning, file "/home/fabrice/git/pycsl/scratchpad/w7/tmp/.pycsl_dt9cy9s4.mlw", line 1204, characters 15-19: unused variable result
Warning, file "/home/fabrice/git/pycsl/scratchpad/w7/tmp/.pycsl_dt9cy9s4.mlw", line 1208, characters 53-57: unused variable self
Warning, file "/home/fabrice/git/pycsl/scratchpad/w7/tmp/.pycsl_dt9cy9s4.mlw", line 1208, characters 85-89: unused variable x_ir
Warning, file "/home/fabrice/git/pycsl/scratchpad/w7/tmp/.pycsl_dt9cy9s4.mlw", line 1210, characters 15-19: unused variable result
Warning, file "/home/fabrice/git/pycsl/scratchpad/w7/tmp/.pycsl_dt9cy9s4.mlw", line 1212, characters 49-53: unused variable self
Warning, file "/home/fabrice/git/pycsl/scratchpad/w7/tmp/.pycsl_dt9cy9s4.mlw", line 1212, characters 81-85: unused variable decl
Warning, file "/home/fabrice/git/pycsl/scratchpad/w7/tmp/.pycsl_dt9cy9s4.mlw", line 1215, characters 50-54: unused variable self
Warning, file "/home/fabrice/git/pycsl/scratchpad/w7/tmp/.pycsl_dt9cy9s4.mlw", line 1215, characters 82-86: unused variable name
Warning, file "/home/fabrice/git/pycsl/scratchpad/w7/tmp/.pycsl_dt9cy9s4.mlw", line 1217, characters 15-19: unused variable result
Warning, file "/home/fabrice/git/pycsl/scratchpad/w7/tmp/.pycsl_dt9cy9s4.mlw", line 1219, characters 50-54: unused variable self
Warning, file "/home/fabrice/git/pycsl/scratchpad/w7/tmp/.pycsl_dt9cy9s4.mlw", line 1219, characters 82-91: unused variable whyml_str
Warning, file "/home/fabrice/git/pycsl/scratchpad/w7/tmp/.pycsl_dt9cy9s4.mlw", line 1221, characters 15-19: unused variable result
Warning, file "/home/fabrice/git/pycsl/scratchpad/w7/tmp/.pycsl_dt9cy9s4.mlw", line 1223, characters 53-57: unused variable self
Warning, file "/home/fabrice/git/pycsl/scratchpad/w7/tmp/.pycsl_dt9cy9s4.mlw", line 1223, characters 85-91: unused variable py_val
Warning, file "/home/fabrice/git/pycsl/scratchpad/w7/tmp/.pycsl_dt9cy9s4.mlw", line 1223, characters 102-108: unused variable val_ir
Warning, file "/home/fabrice/git/pycsl/scratchpad/w7/tmp/.pycsl_dt9cy9s4.mlw", line 1225, characters 15-19: unused variable result
Warning, file "/home/fabrice/git/pycsl/scratchpad/w7/tmp/.pycsl_dt9cy9s4.mlw", line 1227, characters 67-71: unused variable self
Warning, file "/home/fabrice/git/pycsl/scratchpad/w7/tmp/.pycsl_dt9cy9s4.mlw", line 1227, characters 99-108: unused variable functions
Warning, file "/home/fabrice/git/pycsl/scratchpad/w7/tmp/.pycsl_dt9cy9s4.mlw", line 1231, characters 52-56: unused variable self
Warning, file "/home/fabrice/git/pycsl/scratchpad/w7/tmp/.pycsl_dt9cy9s4.mlw", line 1231, characters 84-88: unused variable args
Warning, file "/home/fabrice/git/pycsl/scratchpad/w7/tmp/.pycsl_dt9cy9s4.mlw", line 1231, characters 105-114: unused variable func_name
Warning, file "/home/fabrice/git/pycsl/scratchpad/w7/tmp/.pycsl_dt9cy9s4.mlw", line 1233, characters 15-19: unused variable result
Warning, file "/home/fabrice/git/pycsl/scratchpad/w7/tmp/.pycsl_dt9cy9s4.mlw", line 1235, characters 53-57: unused variable self
Warning, file "/home/fabrice/git/pycsl/scratchpad/w7/tmp/.pycsl_dt9cy9s4.mlw", line 1235, characters 85-89: unused variable expr
Warning, file "/home/fabrice/git/pycsl/scratchpad/w7/tmp/.pycsl_dt9cy9s4.mlw", line 1235, characters 97-101: unused variable args
Warning, file "/home/fabrice/git/pycsl/scratchpad/w7/tmp/.pycsl_dt9cy9s4.mlw", line 1235, characters 118-127: unused variable func_name
Warning, file "/home/fabrice/git/pycsl/scratchpad/w7/tmp/.pycsl_dt9cy9s4.mlw", line 1235, characters 138-148: unused variable local_refs
Warning, file "/home/fabrice/git/pycsl/scratchpad/w7/tmp/.pycsl_dt9cy9s4.mlw", line 1235, characters 156-169: unused variable invariant_ctx
Warning, file "/home/fabrice/git/pycsl/scratchpad/w7/tmp/.pycsl_dt9cy9s4.mlw", line 1235, characters 177-182: unused variable subst
Warning, file "/home/fabrice/git/pycsl/scratchpad/w7/tmp/.pycsl_dt9cy9s4.mlw", line 1237, characters 15-19: unused variable result
Warning, file "/home/fabrice/git/pycsl/scratchpad/w7/tmp/.pycsl_dt9cy9s4.mlw", line 1239, characters 57-61: unused variable self
Warning, file "/home/fabrice/git/pycsl/scratchpad/w7/tmp/.pycsl_dt9cy9s4.mlw", line 1239, characters 89-93: unused variable args
Warning, file "/home/fabrice/git/pycsl/scratchpad/w7/tmp/.pycsl_dt9cy9s4.mlw", line 1239, characters 110-119: unused variable func_name
Warning, file "/home/fabrice/git/pycsl/scratchpad/w7/tmp/.pycsl_dt9cy9s4.mlw", line 1239, characters 130-140: unused variable kwargs_map
Warning, file "/home/fabrice/git/pycsl/scratchpad/w7/tmp/.pycsl_dt9cy9s4.mlw", line 1239, characters 148-157: unused variable kwargs_ir
Warning, file "/home/fabrice/git/pycsl/scratchpad/w7/tmp/.pycsl_dt9cy9s4.mlw", line 1241, characters 15-19: unused variable result
Warning, file "/home/fabrice/git/pycsl/scratchpad/w7/tmp/.pycsl_dt9cy9s4.mlw", line 1243, characters 56-60: unused variable self
Warning, file "/home/fabrice/git/pycsl/scratchpad/w7/tmp/.pycsl_dt9cy9s4.mlw", line 1243, characters 88-90: unused variable fn
Warning, file "/home/fabrice/git/pycsl/scratchpad/w7/tmp/.pycsl_dt9cy9s4.mlw", line 1245, characters 15-19: unused variable result
Warning, file "/home/fabrice/git/pycsl/scratchpad/w7/tmp/.pycsl_dt9cy9s4.mlw", line 1247, characters 64-68: unused variable self
Warning, file "/home/fabrice/git/pycsl/scratchpad/w7/tmp/.pycsl_dt9cy9s4.mlw", line 1247, characters 96-105: unused variable func_name
Warning, file "/home/fabrice/git/pycsl/scratchpad/w7/tmp/.pycsl_dt9cy9s4.mlw", line 1249, characters 15-19: unused variable result
Warning, file "/home/fabrice/git/pycsl/scratchpad/w7/tmp/.pycsl_dt9cy9s4.mlw", line 1254, characters 32-36: unused variable result
Warning, file "/home/fabrice/git/pycsl/scratchpad/w7/tmp/.pycsl_dt9cy9s4.mlw", line 1261, characters 32-36: unused variable result
Warning, file "/home/fabrice/git/pycsl/scratchpad/w7/tmp/.pycsl_dt9cy9s4.mlw", line 1266, characters 41-45: unused variable self
Warning, file "/home/fabrice/git/pycsl/scratchpad/w7/tmp/.pycsl_dt9cy9s4.mlw", line 1266, characters 73-74: unused variable d
Warning, file "/home/fabrice/git/pycsl/scratchpad/w7/tmp/.pycsl_dt9cy9s4.mlw", line 1268, characters 15-19: unused variable result
Warning, file "/home/fabrice/git/pycsl/scratchpad/w7/tmp/.pycsl_dt9cy9s4.mlw", line 1270, characters 52-56: unused variable self
Warning, file "/home/fabrice/git/pycsl/scratchpad/w7/tmp/.pycsl_dt9cy9s4.mlw", line 1270, characters 84-88: unused variable args
Warning, file "/home/fabrice/git/pycsl/scratchpad/w7/tmp/.pycsl_dt9cy9s4.mlw", line 1270, characters 105-116: unused variable param_types
Warning, file "/home/fabrice/git/pycsl/scratchpad/w7/tmp/.pycsl_dt9cy9s4.mlw", line 1272, characters 15-19: unused variable result
Warning, file "/home/fabrice/git/pycsl/scratchpad/w7/tmp/.pycsl_dt9cy9s4.mlw", line 1274, characters 48-52: unused variable self
Warning, file "/home/fabrice/git/pycsl/scratchpad/w7/tmp/.pycsl_dt9cy9s4.mlw", line 1274, characters 80-89: unused variable whyml_str
Warning, file "/home/fabrice/git/pycsl/scratchpad/w7/tmp/.pycsl_dt9cy9s4.mlw", line 1276, characters 15-19: unused variable result
Warning, file "/home/fabrice/git/pycsl/scratchpad/w7/tmp/.pycsl_dt9cy9s4.mlw", line 1278, characters 47-51: unused variable self
Warning, file "/home/fabrice/git/pycsl/scratchpad/w7/tmp/.pycsl_dt9cy9s4.mlw", line 1278, characters 79-88: unused variable whyml_str
Warning, file "/home/fabrice/git/pycsl/scratchpad/w7/tmp/.pycsl_dt9cy9s4.mlw", line 1280, characters 15-19: unused variable result
Warning, file "/home/fabrice/git/pycsl/scratchpad/w7/tmp/.pycsl_dt9cy9s4.mlw", line 1282, characters 59-63: unused variable self
Warning, file "/home/fabrice/git/pycsl/scratchpad/w7/tmp/.pycsl_dt9cy9s4.mlw", line 1282, characters 91-96: unused variable stmts
Warning, file "/home/fabrice/git/pycsl/scratchpad/w7/tmp/.pycsl_dt9cy9s4.mlw", line 1282, characters 110-114: unused variable seed
Warning, file "/home/fabrice/git/pycsl/scratchpad/w7/tmp/.pycsl_dt9cy9s4.mlw", line 1284, characters 15-19: unused variable result
Warning, file "/home/fabrice/git/pycsl/scratchpad/w7/tmp/.pycsl_dt9cy9s4.mlw", line 1286, characters 47-51: unused variable self
Warning, file "/home/fabrice/git/pycsl/scratchpad/w7/tmp/.pycsl_dt9cy9s4.mlw", line 1286, characters 79-86: unused variable attr_ir
Warning, file "/home/fabrice/git/pycsl/scratchpad/w7/tmp/.pycsl_dt9cy9s4.mlw", line 1288, characters 15-19: unused variable result
Warning, file "/home/fabrice/git/pycsl/scratchpad/w7/tmp/.pycsl_dt9cy9s4.mlw", line 1290, characters 48-52: unused variable self
Warning, file "/home/fabrice/git/pycsl/scratchpad/w7/tmp/.pycsl_dt9cy9s4.mlw", line 1290, characters 80-86: unused variable val_ir
Warning, file "/home/fabrice/git/pycsl/scratchpad/w7/tmp/.pycsl_dt9cy9s4.mlw", line 1292, characters 15-19: unused variable result
Warning, file "/home/fabrice/git/pycsl/scratchpad/w7/tmp/.pycsl_dt9cy9s4.mlw", line 1343, characters 32-36: unused variable result
Warning, file "/home/fabrice/git/pycsl/scratchpad/w7/tmp/.pycsl_dt9cy9s4.mlw", line 1337, characters 32-36: unused variable result
Warning, file "/home/fabrice/git/pycsl/scratchpad/w7/tmp/.pycsl_dt9cy9s4.mlw", line 1331, characters 32-36: unused variable result
Warning, file "/home/fabrice/git/pycsl/scratchpad/w7/tmp/.pycsl_dt9cy9s4.mlw", line 1383, characters 32-36: unused variable result
Warning, file "/home/fabrice/git/pycsl/scratchpad/w7/tmp/.pycsl_dt9cy9s4.mlw", line 1418, characters 32-36: unused variable result
Warning, file "/home/fabrice/git/pycsl/scratchpad/w7/tmp/.pycsl_dt9cy9s4.mlw", line 1412, characters 32-36: unused variable result
Warning, file "/home/fabrice/git/pycsl/scratchpad/w7/tmp/.pycsl_dt9cy9s4.mlw", line 1405, characters 32-36: unused variable result
Warning, file "/home/fabrice/git/pycsl/scratchpad/w7/tmp/.pycsl_dt9cy9s4.mlw", line 1422, characters 32-36: unused variable result
Warning, file "/home/fabrice/git/pycsl/scratchpad/w7/tmp/.pycsl_dt9cy9s4.mlw", line 1428, characters 32-36: unused variable result
Warning, file "/home/fabrice/git/pycsl/scratchpad/w7/tmp/.pycsl_dt9cy9s4.mlw", line 1431, characters 32-36: unused variable result
Warning, file "/home/fabrice/git/pycsl/scratchpad/w7/tmp/.pycsl_dt9cy9s4.mlw", line 1439, characters 34-38: unused variable result
Warning, file "/home/fabrice/git/pycsl/scratchpad/w7/tmp/.pycsl_dt9cy9s4.mlw", line 1447, characters 32-36: unused variable result
Warning, file "/home/fabrice/git/pycsl/scratchpad/w7/tmp/.pycsl_dt9cy9s4.mlw", line 1455, characters 32-36: unused variable result
Warning, file "/home/fabrice/git/pycsl/scratchpad/w7/tmp/.pycsl_dt9cy9s4.mlw", line 1459, characters 32-36: unused variable result
Warning, file "/home/fabrice/git/pycsl/scratchpad/w7/tmp/.pycsl_dt9cy9s4.mlw", line 1462, characters 32-36: unused variable result
Warning, file "/home/fabrice/git/pycsl/scratchpad/w7/tmp/.pycsl_dt9cy9s4.mlw", line 1466, characters 32-36: unused variable result
Warning, file "/home/fabrice/git/pycsl/scratchpad/w7/tmp/.pycsl_dt9cy9s4.mlw", line 1471, characters 65-69: unused variable self
Warning, file "/home/fabrice/git/pycsl/scratchpad/w7/tmp/.pycsl_dt9cy9s4.mlw", line 1471, characters 97-107: unused variable body_stmts
Warning, file "/home/fabrice/git/pycsl/scratchpad/w7/tmp/.pycsl_dt9cy9s4.mlw", line 1473, characters 15-19: unused variable result
Warning, file "/home/fabrice/git/pycsl/scratchpad/w7/tmp/.pycsl_dt9cy9s4.mlw", line 1576, characters 68-72: unused variable self
Warning, file "/home/fabrice/git/pycsl/scratchpad/w7/tmp/.pycsl_dt9cy9s4.mlw", line 1577, characters 32-36: unused variable result
Warning, file "/home/fabrice/git/pycsl/scratchpad/w7/tmp/.pycsl_dt9cy9s4.mlw", line 1581, characters 69-73: unused variable self
Warning, file "/home/fabrice/git/pycsl/scratchpad/w7/tmp/.pycsl_dt9cy9s4.mlw", line 1581, characters 101-106: unused variable stmts
Warning, file "/home/fabrice/git/pycsl/scratchpad/w7/tmp/.pycsl_dt9cy9s4.mlw", line 1583, characters 15-19: unused variable result
Warning, file "/home/fabrice/git/pycsl/scratchpad/w7/tmp/.pycsl_dt9cy9s4.mlw", line 1625, characters 32-36: unused variable result
Warning, file "/home/fabrice/git/pycsl/scratchpad/w7/tmp/.pycsl_dt9cy9s4.mlw", line 1617, characters 32-36: unused variable result
Warning, file "/home/fabrice/git/pycsl/scratchpad/w7/tmp/.pycsl_dt9cy9s4.mlw", line 1610, characters 32-36: unused variable result
Warning, file "/home/fabrice/git/pycsl/scratchpad/w7/tmp/.pycsl_dt9cy9s4.mlw", line 1671, characters 32-36: unused variable result
Warning, file "/home/fabrice/git/pycsl/scratchpad/w7/tmp/.pycsl_dt9cy9s4.mlw", line 1663, characters 32-36: unused variable result
Warning, file "/home/fabrice/git/pycsl/scratchpad/w7/tmp/.pycsl_dt9cy9s4.mlw", line 1656, characters 32-36: unused variable result
Warning, file "/home/fabrice/git/pycsl/scratchpad/w7/tmp/.pycsl_dt9cy9s4.mlw", line 1747, characters 32-36: unused variable result
Warning, file "/home/fabrice/git/pycsl/scratchpad/w7/tmp/.pycsl_dt9cy9s4.mlw", line 1741, characters 32-36: unused variable result
Warning, file "/home/fabrice/git/pycsl/scratchpad/w7/tmp/.pycsl_dt9cy9s4.mlw", line 1735, characters 32-36: unused variable result
Warning, file "/home/fabrice/git/pycsl/scratchpad/w7/tmp/.pycsl_dt9cy9s4.mlw", line 1750, characters 60-64: unused variable self
Warning, file "/home/fabrice/git/pycsl/scratchpad/w7/tmp/.pycsl_dt9cy9s4.mlw", line 1750, characters 92-101: unused variable functions
Warning, file "/home/fabrice/git/pycsl/scratchpad/w7/tmp/.pycsl_dt9cy9s4.mlw", line 1754, characters 55-59: unused variable self
Warning, file "/home/fabrice/git/pycsl/scratchpad/w7/tmp/.pycsl_dt9cy9s4.mlw", line 1754, characters 87-91: unused variable expr
Warning, file "/home/fabrice/git/pycsl/scratchpad/w7/tmp/.pycsl_dt9cy9s4.mlw", line 1754, characters 99-103: unused variable args
Warning, file "/home/fabrice/git/pycsl/scratchpad/w7/tmp/.pycsl_dt9cy9s4.mlw", line 1754, characters 120-129: unused variable func_name
Warning, file "/home/fabrice/git/pycsl/scratchpad/w7/tmp/.pycsl_dt9cy9s4.mlw", line 1754, characters 140-150: unused variable local_refs
Warning, file "/home/fabrice/git/pycsl/scratchpad/w7/tmp/.pycsl_dt9cy9s4.mlw", line 1754, characters 158-171: unused variable invariant_ctx
Warning, file "/home/fabrice/git/pycsl/scratchpad/w7/tmp/.pycsl_dt9cy9s4.mlw", line 1754, characters 179-184: unused variable subst
Warning, file "/home/fabrice/git/pycsl/scratchpad/w7/tmp/.pycsl_dt9cy9s4.mlw", line 1756, characters 15-19: unused variable result
Warning, file "/home/fabrice/git/pycsl/scratchpad/w7/tmp/.pycsl_dt9cy9s4.mlw", line 1758, characters 39-43: unused variable self
Warning, file "/home/fabrice/git/pycsl/scratchpad/w7/tmp/.pycsl_dt9cy9s4.mlw", line 1758, characters 71-75: unused variable expr
Warning, file "/home/fabrice/git/pycsl/scratchpad/w7/tmp/.pycsl_dt9cy9s4.mlw", line 1760, characters 15-19: unused variable result
Warning, file "/home/fabrice/git/pycsl/scratchpad/w7/tmp/.pycsl_dt9cy9s4.mlw", line 1762, characters 55-59: unused variable self
Warning, file "/home/fabrice/git/pycsl/scratchpad/w7/tmp/.pycsl_dt9cy9s4.mlw", line 1762, characters 87-101: unused variable result_ensures
Warning, file "/home/fabrice/git/pycsl/scratchpad/w7/tmp/.pycsl_dt9cy9s4.mlw", line 1762, characters 115-116: unused variable n
Warning, file "/home/fabrice/git/pycsl/scratchpad/w7/tmp/.pycsl_dt9cy9s4.mlw", line 1762, characters 124-135: unused variable param_types
Warning, file "/home/fabrice/git/pycsl/scratchpad/w7/tmp/.pycsl_dt9cy9s4.mlw", line 1762, characters 152-162: unused variable field_spec
Warning, file "/home/fabrice/git/pycsl/scratchpad/w7/tmp/.pycsl_dt9cy9s4.mlw", line 1764, characters 15-19: unused variable result
Warning, file "/home/fabrice/git/pycsl/scratchpad/w7/tmp/.pycsl_dt9cy9s4.mlw", line 1766, characters 50-54: unused variable self
Warning, file "/home/fabrice/git/pycsl/scratchpad/w7/tmp/.pycsl_dt9cy9s4.mlw", line 1766, characters 82-84: unused variable nu
Warning, file "/home/fabrice/git/pycsl/scratchpad/w7/tmp/.pycsl_dt9cy9s4.mlw", line 1768, characters 15-19: unused variable result
Warning, file "/home/fabrice/git/pycsl/scratchpad/w7/tmp/.pycsl_dt9cy9s4.mlw", line 1770, characters 52-56: unused variable self
Warning, file "/home/fabrice/git/pycsl/scratchpad/w7/tmp/.pycsl_dt9cy9s4.mlw", line 1770, characters 84-86: unused variable nu
Warning, file "/home/fabrice/git/pycsl/scratchpad/w7/tmp/.pycsl_dt9cy9s4.mlw", line 1772, characters 15-19: unused variable result
Warning, file "/home/fabrice/git/pycsl/scratchpad/w7/tmp/.pycsl_dt9cy9s4.mlw", line 1774, characters 48-52: unused variable self
Warning, file "/home/fabrice/git/pycsl/scratchpad/w7/tmp/.pycsl_dt9cy9s4.mlw", line 1774, characters 80-82: unused variable nu
Warning, file "/home/fabrice/git/pycsl/scratchpad/w7/tmp/.pycsl_dt9cy9s4.mlw", line 1774, characters 90-98: unused variable val_expr
Warning, file "/home/fabrice/git/pycsl/scratchpad/w7/tmp/.pycsl_dt9cy9s4.mlw", line 1776, characters 15-19: unused variable result
Warning, file "/home/fabrice/git/pycsl/scratchpad/w7/tmp/.pycsl_dt9cy9s4.mlw", line 1778, characters 35-39: unused variable self
Warning, file "/home/fabrice/git/pycsl/scratchpad/w7/tmp/.pycsl_dt9cy9s4.mlw", line 1778, characters 67-69: unused variable ir
Warning, file "/home/fabrice/git/pycsl/scratchpad/w7/tmp/.pycsl_dt9cy9s4.mlw", line 1778, characters 77-79: unused variable lr
Warning, file "/home/fabrice/git/pycsl/scratchpad/w7/tmp/.pycsl_dt9cy9s4.mlw", line 1780, characters 15-19: unused variable result
Warning, file "/home/fabrice/git/pycsl/scratchpad/w7/tmp/.pycsl_dt9cy9s4.mlw", line 1782, characters 59-63: unused variable self
Warning, file "/home/fabrice/git/pycsl/scratchpad/w7/tmp/.pycsl_dt9cy9s4.mlw", line 1782, characters 91-97: unused variable target
Warning, file "/home/fabrice/git/pycsl/scratchpad/w7/tmp/.pycsl_dt9cy9s4.mlw", line 1782, characters 108-119: unused variable safe_target
Warning, file "/home/fabrice/git/pycsl/scratchpad/w7/tmp/.pycsl_dt9cy9s4.mlw", line 1782, characters 130-136: unused variable indent
Warning, file "/home/fabrice/git/pycsl/scratchpad/w7/tmp/.pycsl_dt9cy9s4.mlw", line 1782, characters 147-153: unused variable val_ir
Warning, file "/home/fabrice/git/pycsl/scratchpad/w7/tmp/.pycsl_dt9cy9s4.mlw", line 1782, characters 165-175: unused variable local_refs
Warning, file "/home/fabrice/git/pycsl/scratchpad/w7/tmp/.pycsl_dt9cy9s4.mlw", line 1784, characters 15-19: unused variable result
Warning, file "/home/fabrice/git/pycsl/scratchpad/w7/tmp/.pycsl_dt9cy9s4.mlw", line 1786, characters 55-59: unused variable self
Warning, file "/home/fabrice/git/pycsl/scratchpad/w7/tmp/.pycsl_dt9cy9s4.mlw", line 1786, characters 87-94: unused variable op_char
Warning, file "/home/fabrice/git/pycsl/scratchpad/w7/tmp/.pycsl_dt9cy9s4.mlw", line 1786, characters 105-109: unused variable expr
Warning, file "/home/fabrice/git/pycsl/scratchpad/w7/tmp/.pycsl_dt9cy9s4.mlw", line 1786, characters 117-121: unused variable left
Warning, file "/home/fabrice/git/pycsl/scratchpad/w7/tmp/.pycsl_dt9cy9s4.mlw", line 1786, characters 132-137: unused variable right
Warning, file "/home/fabrice/git/pycsl/scratchpad/w7/tmp/.pycsl_dt9cy9s4.mlw", line 1788, characters 15-19: unused variable result
Warning, file "/home/fabrice/git/pycsl/scratchpad/w7/tmp/.pycsl_dt9cy9s4.mlw", line 1790, characters 48-52: unused variable self
Warning, file "/home/fabrice/git/pycsl/scratchpad/w7/tmp/.pycsl_dt9cy9s4.mlw", line 1790, characters 80-84: unused variable func
Warning, file "/home/fabrice/git/pycsl/scratchpad/w7/tmp/.pycsl_dt9cy9s4.mlw", line 1790, characters 112-122: unused variable body_stmts
Warning, file "/home/fabrice/git/pycsl/scratchpad/w7/tmp/.pycsl_dt9cy9s4.mlw", line 1790, characters 136-146: unused variable local_refs
Warning, file "/home/fabrice/git/pycsl/scratchpad/w7/tmp/.pycsl_dt9cy9s4.mlw", line 1790, characters 171-181: unused variable ghost_vars
Warning, file "/home/fabrice/git/pycsl/scratchpad/w7/tmp/.pycsl_dt9cy9s4.mlw", line 1790, characters 206-216: unused variable ref_params
Warning, file "/home/fabrice/git/pycsl/scratchpad/w7/tmp/.pycsl_dt9cy9s4.mlw", line 1790, characters 241-250: unused variable is_method
Warning, file "/home/fabrice/git/pycsl/scratchpad/w7/tmp/.pycsl_dt9cy9s4.mlw", line 1790, characters 258-269: unused variable return_type
Warning, file "/home/fabrice/git/pycsl/scratchpad/w7/tmp/.pycsl_dt9cy9s4.mlw", line 1792, characters 15-19: unused variable result
Warning, file "/home/fabrice/git/pycsl/scratchpad/w7/tmp/.pycsl_dt9cy9s4.mlw", line 1794, characters 60-64: unused variable self
Warning, file "/home/fabrice/git/pycsl/scratchpad/w7/tmp/.pycsl_dt9cy9s4.mlw", line 1794, characters 92-101: unused variable func_name
Warning, file "/home/fabrice/git/pycsl/scratchpad/w7/tmp/.pycsl_dt9cy9s4.mlw", line 1794, characters 112-116: unused variable expr
Warning, file "/home/fabrice/git/pycsl/scratchpad/w7/tmp/.pycsl_dt9cy9s4.mlw", line 1794, characters 124-128: unused variable args
Warning, file "/home/fabrice/git/pycsl/scratchpad/w7/tmp/.pycsl_dt9cy9s4.mlw", line 1796, characters 15-19: unused variable result
Warning, file "/home/fabrice/git/pycsl/scratchpad/w7/tmp/.pycsl_dt9cy9s4.mlw", line 1798, characters 51-55: unused variable self
Warning, file "/home/fabrice/git/pycsl/scratchpad/w7/tmp/.pycsl_dt9cy9s4.mlw", line 1798, characters 83-87: unused variable kind
Warning, file "/home/fabrice/git/pycsl/scratchpad/w7/tmp/.pycsl_dt9cy9s4.mlw", line 1798, characters 98-104: unused variable indent
Warning, file "/home/fabrice/git/pycsl/scratchpad/w7/tmp/.pycsl_dt9cy9s4.mlw", line 1798, characters 115-126: unused variable safe_target
Warning, file "/home/fabrice/git/pycsl/scratchpad/w7/tmp/.pycsl_dt9cy9s4.mlw", line 1798, characters 137-143: unused variable target
Warning, file "/home/fabrice/git/pycsl/scratchpad/w7/tmp/.pycsl_dt9cy9s4.mlw", line 1798, characters 154-160: unused variable py_val
Warning, file "/home/fabrice/git/pycsl/scratchpad/w7/tmp/.pycsl_dt9cy9s4.mlw", line 1798, characters 171-177: unused variable val_ir
Warning, file "/home/fabrice/git/pycsl/scratchpad/w7/tmp/.pycsl_dt9cy9s4.mlw", line 1798, characters 189-199: unused variable local_refs
Warning, file "/home/fabrice/git/pycsl/scratchpad/w7/tmp/.pycsl_dt9cy9s4.mlw", line 1800, characters 15-19: unused variable result
Warning, file "/home/fabrice/git/pycsl/scratchpad/w7/tmp/.pycsl_dt9cy9s4.mlw", line 1802, characters 54-58: unused variable self
Warning, file "/home/fabrice/git/pycsl/scratchpad/w7/tmp/.pycsl_dt9cy9s4.mlw", line 1802, characters 86-98: unused variable assigns_list
Warning, file "/home/fabrice/git/pycsl/scratchpad/w7/tmp/.pycsl_dt9cy9s4.mlw", line 1802, characters 112-121: unused variable spec_refs
Warning, file "/home/fabrice/git/pycsl/scratchpad/w7/tmp/.pycsl_dt9cy9s4.mlw", line 1804, characters 15-19: unused variable result
Warning, file "/home/fabrice/git/pycsl/scratchpad/w7/tmp/.pycsl_dt9cy9s4.mlw", line 1806, characters 44-48: unused variable self
Warning, file "/home/fabrice/git/pycsl/scratchpad/w7/tmp/.pycsl_dt9cy9s4.mlw", line 1806, characters 76-81: unused variable funcs
Warning, file "/home/fabrice/git/pycsl/scratchpad/w7/tmp/.pycsl_dt9cy9s4.mlw", line 1806, characters 95-100: unused variable group
Warning, file "/home/fabrice/git/pycsl/scratchpad/w7/tmp/.pycsl_dt9cy9s4.mlw", line 1808, characters 15-19: unused variable result
Warning, file "/home/fabrice/git/pycsl/scratchpad/w7/tmp/.pycsl_dt9cy9s4.mlw", line 1810, characters 49-53: unused variable self
Warning, file "/home/fabrice/git/pycsl/scratchpad/w7/tmp/.pycsl_dt9cy9s4.mlw", line 1810, characters 81-83: unused variable op
Warning, file "/home/fabrice/git/pycsl/scratchpad/w7/tmp/.pycsl_dt9cy9s4.mlw", line 1810, characters 94-98: unused variable expr
Warning, file "/home/fabrice/git/pycsl/scratchpad/w7/tmp/.pycsl_dt9cy9s4.mlw", line 1810, characters 106-110: unused variable left
Warning, file "/home/fabrice/git/pycsl/scratchpad/w7/tmp/.pycsl_dt9cy9s4.mlw", line 1810, characters 121-126: unused variable right
Warning, file "/home/fabrice/git/pycsl/scratchpad/w7/tmp/.pycsl_dt9cy9s4.mlw", line 1810, characters 137-147: unused variable local_refs
Warning, file "/home/fabrice/git/pycsl/scratchpad/w7/tmp/.pycsl_dt9cy9s4.mlw", line 1810, characters 155-168: unused variable invariant_ctx
Warning, file "/home/fabrice/git/pycsl/scratchpad/w7/tmp/.pycsl_dt9cy9s4.mlw", line 1810, characters 176-181: unused variable subst
Warning, file "/home/fabrice/git/pycsl/scratchpad/w7/tmp/.pycsl_dt9cy9s4.mlw", line 1812, characters 15-19: unused variable result
Warning, file "/home/fabrice/git/pycsl/scratchpad/w7/tmp/.pycsl_dt9cy9s4.mlw", line 1814, characters 52-56: unused variable self
Warning, file "/home/fabrice/git/pycsl/scratchpad/w7/tmp/.pycsl_dt9cy9s4.mlw", line 1818, characters 52-56: unused variable self
Warning, file "/home/fabrice/git/pycsl/scratchpad/w7/tmp/.pycsl_dt9cy9s4.mlw", line 1818, characters 84-95: unused variable safe_target
Warning, file "/home/fabrice/git/pycsl/scratchpad/w7/tmp/.pycsl_dt9cy9s4.mlw", line 1818, characters 106-112: unused variable target
Warning, file "/home/fabrice/git/pycsl/scratchpad/w7/tmp/.pycsl_dt9cy9s4.mlw", line 1818, characters 123-130: unused variable binding
Warning, file "/home/fabrice/git/pycsl/scratchpad/w7/tmp/.pycsl_dt9cy9s4.mlw", line 1818, characters 141-145: unused variable rest
Warning, file "/home/fabrice/git/pycsl/scratchpad/w7/tmp/.pycsl_dt9cy9s4.mlw", line 1818, characters 159-169: unused variable local_refs
Warning, file "/home/fabrice/git/pycsl/scratchpad/w7/tmp/.pycsl_dt9cy9s4.mlw", line 1818, characters 194-207: unused variable declared_refs
Warning, file "/home/fabrice/git/pycsl/scratchpad/w7/tmp/.pycsl_dt9cy9s4.mlw", line 1818, characters 232-238: unused variable indent
Warning, file "/home/fabrice/git/pycsl/scratchpad/w7/tmp/.pycsl_dt9cy9s4.mlw", line 1818, characters 249-256: unused variable in_loop
Warning, file "/home/fabrice/git/pycsl/scratchpad/w7/tmp/.pycsl_dt9cy9s4.mlw", line 1820, characters 15-19: unused variable result
Warning, file "/home/fabrice/git/pycsl/scratchpad/w7/tmp/.pycsl_dt9cy9s4.mlw", line 1822, characters 57-61: unused variable self
Warning, file "/home/fabrice/git/pycsl/scratchpad/w7/tmp/.pycsl_dt9cy9s4.mlw", line 1822, characters 89-98: unused variable functions
Warning, file "/home/fabrice/git/pycsl/scratchpad/w7/tmp/.pycsl_dt9cy9s4.mlw", line 1822, characters 112-122: unused variable type_decls
Warning, file "/home/fabrice/git/pycsl/scratchpad/w7/tmp/.pycsl_dt9cy9s4.mlw", line 1822, characters 136-146: unused variable all_bodies
Warning, file "/home/fabrice/git/pycsl/scratchpad/w7/tmp/.pycsl_dt9cy9s4.mlw", line 1822, characters 160-171: unused variable module_name
Warning, file "/home/fabrice/git/pycsl/scratchpad/w7/tmp/.pycsl_dt9cy9s4.mlw", line 1822, characters 182-193: unused variable emit_axioms
Warning, file "/home/fabrice/git/pycsl/scratchpad/w7/tmp/.pycsl_dt9cy9s4.mlw", line 1822, characters 201-209: unused variable axiom_ir
Warning, file "/home/fabrice/git/pycsl/scratchpad/w7/tmp/.pycsl_dt9cy9s4.mlw", line 1824, characters 15-19: unused variable result
Warning, file "/home/fabrice/git/pycsl/scratchpad/w7/tmp/.pycsl_dt9cy9s4.mlw", line 1826, characters 47-51: unused variable self
Warning, file "/home/fabrice/git/pycsl/scratchpad/w7/tmp/.pycsl_dt9cy9s4.mlw", line 1826, characters 79-83: unused variable expr
Warning, file "/home/fabrice/git/pycsl/scratchpad/w7/tmp/.pycsl_dt9cy9s4.mlw", line 1826, characters 95-105: unused variable local_refs
Warning, file "/home/fabrice/git/pycsl/scratchpad/w7/tmp/.pycsl_dt9cy9s4.mlw", line 1826, characters 130-143: unused variable invariant_ctx
Warning, file "/home/fabrice/git/pycsl/scratchpad/w7/tmp/.pycsl_dt9cy9s4.mlw", line 1826, characters 151-156: unused variable subst
Warning, file "/home/fabrice/git/pycsl/scratchpad/w7/tmp/.pycsl_dt9cy9s4.mlw", line 1828, characters 15-19: unused variable result
Warning, file "/home/fabrice/git/pycsl/scratchpad/w7/tmp/.pycsl_dt9cy9s4.mlw", line 1830, characters 58-62: unused variable self
Warning, file "/home/fabrice/git/pycsl/scratchpad/w7/tmp/.pycsl_dt9cy9s4.mlw", line 1830, characters 90-92: unused variable ir
Warning, file "/home/fabrice/git/pycsl/scratchpad/w7/tmp/.pycsl_dt9cy9s4.mlw", line 1830, characters 104-114: unused variable local_refs
Warning, file "/home/fabrice/git/pycsl/scratchpad/w7/tmp/.pycsl_dt9cy9s4.mlw", line 1832, characters 15-19: unused variable result
Warning, file "/home/fabrice/git/pycsl/scratchpad/w7/tmp/.pycsl_dt9cy9s4.mlw", line 1834, characters 45-49: unused variable self
Warning, file "/home/fabrice/git/pycsl/scratchpad/w7/tmp/.pycsl_dt9cy9s4.mlw", line 1834, characters 77-89: unused variable record_lower
Warning, file "/home/fabrice/git/pycsl/scratchpad/w7/tmp/.pycsl_dt9cy9s4.mlw", line 1834, characters 100-105: unused variable field
Warning, file "/home/fabrice/git/pycsl/scratchpad/w7/tmp/.pycsl_dt9cy9s4.mlw", line 1836, characters 15-19: unused variable result
Warning, file "/home/fabrice/git/pycsl/scratchpad/w7/tmp/.pycsl_dt9cy9s4.mlw", line 1838, characters 48-52: unused variable self
Warning, file "/home/fabrice/git/pycsl/scratchpad/w7/tmp/.pycsl_dt9cy9s4.mlw", line 1838, characters 80-83: unused variable obj
Warning, file "/home/fabrice/git/pycsl/scratchpad/w7/tmp/.pycsl_dt9cy9s4.mlw", line 1838, characters 94-99: unused variable field
Warning, file "/home/fabrice/git/pycsl/scratchpad/w7/tmp/.pycsl_dt9cy9s4.mlw", line 1840, characters 15-19: unused variable result
Warning, file "/home/fabrice/git/pycsl/scratchpad/w7/tmp/.pycsl_dt9cy9s4.mlw", line 1842, characters 50-54: unused variable self
Warning, file "/home/fabrice/git/pycsl/scratchpad/w7/tmp/.pycsl_dt9cy9s4.mlw", line 1842, characters 82-88: unused variable val_ir
Warning, file "/home/fabrice/git/pycsl/scratchpad/w7/tmp/.pycsl_dt9cy9s4.mlw", line 1844, characters 15-19: unused variable result
Warning, file "/home/fabrice/git/pycsl/scratchpad/w7/tmp/.pycsl_dt9cy9s4.mlw", line 1846, characters 51-55: unused variable self
Warning, file "/home/fabrice/git/pycsl/scratchpad/w7/tmp/.pycsl_dt9cy9s4.mlw", line 1846, characters 83-89: unused variable py_val
Warning, file "/home/fabrice/git/pycsl/scratchpad/w7/tmp/.pycsl_dt9cy9s4.mlw", line 1846, characters 100-106: unused variable val_ir
Warning, file "/home/fabrice/git/pycsl/scratchpad/w7/tmp/.pycsl_dt9cy9s4.mlw", line 1848, characters 15-19: unused variable result
Warning, file "/home/fabrice/git/pycsl/scratchpad/w7/tmp/.pycsl_dt9cy9s4.mlw", line 1910, characters 32-36: unused variable result
Warning, file "/home/fabrice/git/pycsl/scratchpad/w7/tmp/.pycsl_dt9cy9s4.mlw", line 1901, characters 32-36: unused variable result
Warning, file "/home/fabrice/git/pycsl/scratchpad/w7/tmp/.pycsl_dt9cy9s4.mlw", line 1885, characters 32-36: unused variable result
Warning, file "/home/fabrice/git/pycsl/scratchpad/w7/tmp/.pycsl_dt9cy9s4.mlw", line 1917, characters 50-54: unused variable self
Warning, file "/home/fabrice/git/pycsl/scratchpad/w7/tmp/.pycsl_dt9cy9s4.mlw", line 1917, characters 82-84: unused variable pp
Warning, file "/home/fabrice/git/pycsl/scratchpad/w7/tmp/.pycsl_dt9cy9s4.mlw", line 1917, characters 96-106: unused variable local_refs
Warning, file "/home/fabrice/git/pycsl/scratchpad/w7/tmp/.pycsl_dt9cy9s4.mlw", line 1917, characters 131-144: unused variable invariant_ctx
Warning, file "/home/fabrice/git/pycsl/scratchpad/w7/tmp/.pycsl_dt9cy9s4.mlw", line 1917, characters 152-157: unused variable subst
Warning, file "/home/fabrice/git/pycsl/scratchpad/w7/tmp/.pycsl_dt9cy9s4.mlw", line 1919, characters 15-19: unused variable result
Warning, file "/home/fabrice/git/pycsl/scratchpad/w7/tmp/.pycsl_dt9cy9s4.mlw", line 1921, characters 52-56: unused variable self
Warning, file "/home/fabrice/git/pycsl/scratchpad/w7/tmp/.pycsl_dt9cy9s4.mlw", line 1921, characters 84-88: unused variable recv
Warning, file "/home/fabrice/git/pycsl/scratchpad/w7/tmp/.pycsl_dt9cy9s4.mlw", line 1923, characters 15-19: unused variable result
Warning, file "/home/fabrice/git/pycsl/scratchpad/w7/tmp/.pycsl_dt9cy9s4.mlw", line 1925, characters 55-59: unused variable self
Warning, file "/home/fabrice/git/pycsl/scratchpad/w7/tmp/.pycsl_dt9cy9s4.mlw", line 1925, characters 87-91: unused variable stmt
Warning, file "/home/fabrice/git/pycsl/scratchpad/w7/tmp/.pycsl_dt9cy9s4.mlw", line 1925, characters 99-103: unused variable rest
Warning, file "/home/fabrice/git/pycsl/scratchpad/w7/tmp/.pycsl_dt9cy9s4.mlw", line 1925, characters 117-127: unused variable local_refs
Warning, file "/home/fabrice/git/pycsl/scratchpad/w7/tmp/.pycsl_dt9cy9s4.mlw", line 1925, characters 152-165: unused variable declared_refs
Warning, file "/home/fabrice/git/pycsl/scratchpad/w7/tmp/.pycsl_dt9cy9s4.mlw", line 1925, characters 190-196: unused variable indent
Warning, file "/home/fabrice/git/pycsl/scratchpad/w7/tmp/.pycsl_dt9cy9s4.mlw", line 1925, characters 207-214: unused variable in_loop
Warning, file "/home/fabrice/git/pycsl/scratchpad/w7/tmp/.pycsl_dt9cy9s4.mlw", line 1927, characters 15-19: unused variable result
Warning, file "/home/fabrice/git/pycsl/scratchpad/w7/tmp/.pycsl_dt9cy9s4.mlw", line 1929, characters 61-65: unused variable self
Warning, file "/home/fabrice/git/pycsl/scratchpad/w7/tmp/.pycsl_dt9cy9s4.mlw", line 1929, characters 93-97: unused variable stmt
Warning, file "/home/fabrice/git/pycsl/scratchpad/w7/tmp/.pycsl_dt9cy9s4.mlw", line 1929, characters 105-109: unused variable rest
Warning, file "/home/fabrice/git/pycsl/scratchpad/w7/tmp/.pycsl_dt9cy9s4.mlw", line 1929, characters 123-133: unused variable local_refs
Warning, file "/home/fabrice/git/pycsl/scratchpad/w7/tmp/.pycsl_dt9cy9s4.mlw", line 1929, characters 158-171: unused variable declared_refs
Warning, file "/home/fabrice/git/pycsl/scratchpad/w7/tmp/.pycsl_dt9cy9s4.mlw", line 1929, characters 196-202: unused variable indent
Warning, file "/home/fabrice/git/pycsl/scratchpad/w7/tmp/.pycsl_dt9cy9s4.mlw", line 1929, characters 213-220: unused variable in_loop
Warning, file "/home/fabrice/git/pycsl/scratchpad/w7/tmp/.pycsl_dt9cy9s4.mlw", line 1931, characters 15-19: unused variable result
Warning, file "/home/fabrice/git/pycsl/scratchpad/w7/tmp/.pycsl_dt9cy9s4.mlw", line 1933, characters 53-57: unused variable self
Warning, file "/home/fabrice/git/pycsl/scratchpad/w7/tmp/.pycsl_dt9cy9s4.mlw", line 1933, characters 85-89: unused variable node
Warning, file "/home/fabrice/git/pycsl/scratchpad/w7/tmp/.pycsl_dt9cy9s4.mlw", line 1933, characters 101-111: unused variable local_refs
Warning, file "/home/fabrice/git/pycsl/scratchpad/w7/tmp/.pycsl_dt9cy9s4.mlw", line 1933, characters 136-149: unused variable invariant_ctx
Warning, file "/home/fabrice/git/pycsl/scratchpad/w7/tmp/.pycsl_dt9cy9s4.mlw", line 1933, characters 157-162: unused variable subst
Warning, file "/home/fabrice/git/pycsl/scratchpad/w7/tmp/.pycsl_dt9cy9s4.mlw", line 1935, characters 15-19: unused variable result
Warning, file "/home/fabrice/git/pycsl/scratchpad/w7/tmp/.pycsl_dt9cy9s4.mlw", line 1937, characters 54-58: unused variable self
Warning, file "/home/fabrice/git/pycsl/scratchpad/w7/tmp/.pycsl_dt9cy9s4.mlw", line 1937, characters 86-90: unused variable node
Warning, file "/home/fabrice/git/pycsl/scratchpad/w7/tmp/.pycsl_dt9cy9s4.mlw", line 1937, characters 102-112: unused variable local_refs
Warning, file "/home/fabrice/git/pycsl/scratchpad/w7/tmp/.pycsl_dt9cy9s4.mlw", line 1937, characters 137-150: unused variable invariant_ctx
Warning, file "/home/fabrice/git/pycsl/scratchpad/w7/tmp/.pycsl_dt9cy9s4.mlw", line 1937, characters 158-163: unused variable subst
Warning, file "/home/fabrice/git/pycsl/scratchpad/w7/tmp/.pycsl_dt9cy9s4.mlw", line 1939, characters 15-19: unused variable result
Warning, file "/home/fabrice/git/pycsl/scratchpad/w7/tmp/.pycsl_dt9cy9s4.mlw", line 1941, characters 52-56: unused variable self
Warning, file "/home/fabrice/git/pycsl/scratchpad/w7/tmp/.pycsl_dt9cy9s4.mlw", line 1941, characters 84-88: unused variable stmt
Warning, file "/home/fabrice/git/pycsl/scratchpad/w7/tmp/.pycsl_dt9cy9s4.mlw", line 1941, characters 96-100: unused variable rest
Warning, file "/home/fabrice/git/pycsl/scratchpad/w7/tmp/.pycsl_dt9cy9s4.mlw", line 1941, characters 114-124: unused variable local_refs
Warning, file "/home/fabrice/git/pycsl/scratchpad/w7/tmp/.pycsl_dt9cy9s4.mlw", line 1941, characters 149-162: unused variable declared_refs
Warning, file "/home/fabrice/git/pycsl/scratchpad/w7/tmp/.pycsl_dt9cy9s4.mlw", line 1941, characters 187-193: unused variable indent
Warning, file "/home/fabrice/git/pycsl/scratchpad/w7/tmp/.pycsl_dt9cy9s4.mlw", line 1941, characters 204-211: unused variable in_loop
Warning, file "/home/fabrice/git/pycsl/scratchpad/w7/tmp/.pycsl_dt9cy9s4.mlw", line 1943, characters 15-19: unused variable result
Warning, file "/home/fabrice/git/pycsl/scratchpad/w7/tmp/.pycsl_dt9cy9s4.mlw", line 1945, characters 48-52: unused variable self
Warning, file "/home/fabrice/git/pycsl/scratchpad/w7/tmp/.pycsl_dt9cy9s4.mlw", line 1945, characters 80-84: unused variable node
Warning, file "/home/fabrice/git/pycsl/scratchpad/w7/tmp/.pycsl_dt9cy9s4.mlw", line 1945, characters 92-102: unused variable local_refs
Warning, file "/home/fabrice/git/pycsl/scratchpad/w7/tmp/.pycsl_dt9cy9s4.mlw", line 1945, characters 127-140: unused variable invariant_ctx
Warning, file "/home/fabrice/git/pycsl/scratchpad/w7/tmp/.pycsl_dt9cy9s4.mlw", line 1945, characters 148-153: unused variable subst
Warning, file "/home/fabrice/git/pycsl/scratchpad/w7/tmp/.pycsl_dt9cy9s4.mlw", line 1947, characters 15-19: unused variable result
Warning, file "/home/fabrice/git/pycsl/scratchpad/w7/tmp/.pycsl_dt9cy9s4.mlw", line 1949, characters 55-59: unused variable self
Warning, file "/home/fabrice/git/pycsl/scratchpad/w7/tmp/.pycsl_dt9cy9s4.mlw", line 1949, characters 87-91: unused variable node
Warning, file "/home/fabrice/git/pycsl/scratchpad/w7/tmp/.pycsl_dt9cy9s4.mlw", line 1949, characters 99-109: unused variable local_refs
Warning, file "/home/fabrice/git/pycsl/scratchpad/w7/tmp/.pycsl_dt9cy9s4.mlw", line 1949, characters 117-130: unused variable invariant_ctx
Warning, file "/home/fabrice/git/pycsl/scratchpad/w7/tmp/.pycsl_dt9cy9s4.mlw", line 1949, characters 138-143: unused variable subst
Warning, file "/home/fabrice/git/pycsl/scratchpad/w7/tmp/.pycsl_dt9cy9s4.mlw", line 1951, characters 15-19: unused variable result
Warning, file "/home/fabrice/git/pycsl/scratchpad/w7/tmp/.pycsl_dt9cy9s4.mlw", line 1953, characters 55-59: unused variable self
Warning, file "/home/fabrice/git/pycsl/scratchpad/w7/tmp/.pycsl_dt9cy9s4.mlw", line 1953, characters 87-91: unused variable stmt
Warning, file "/home/fabrice/git/pycsl/scratchpad/w7/tmp/.pycsl_dt9cy9s4.mlw", line 1953, characters 99-103: unused variable rest
Warning, file "/home/fabrice/git/pycsl/scratchpad/w7/tmp/.pycsl_dt9cy9s4.mlw", line 1953, characters 117-127: unused variable local_refs
Warning, file "/home/fabrice/git/pycsl/scratchpad/w7/tmp/.pycsl_dt9cy9s4.mlw", line 1953, characters 152-165: unused variable declared_refs
Warning, file "/home/fabrice/git/pycsl/scratchpad/w7/tmp/.pycsl_dt9cy9s4.mlw", line 1953, characters 190-196: unused variable indent
Warning, file "/home/fabrice/git/pycsl/scratchpad/w7/tmp/.pycsl_dt9cy9s4.mlw", line 1953, characters 207-214: unused variable in_loop
Warning, file "/home/fabrice/git/pycsl/scratchpad/w7/tmp/.pycsl_dt9cy9s4.mlw", line 1955, characters 15-19: unused variable result
Warning, file "/home/fabrice/git/pycsl/scratchpad/w7/tmp/.pycsl_dt9cy9s4.mlw", line 1957, characters 46-50: unused variable self
Warning, file "/home/fabrice/git/pycsl/scratchpad/w7/tmp/.pycsl_dt9cy9s4.mlw", line 1957, characters 78-82: unused variable node
Warning, file "/home/fabrice/git/pycsl/scratchpad/w7/tmp/.pycsl_dt9cy9s4.mlw", line 1957, characters 90-100: unused variable local_refs
Warning, file "/home/fabrice/git/pycsl/scratchpad/w7/tmp/.pycsl_dt9cy9s4.mlw", line 1957, characters 108-121: unused variable invariant_ctx
Warning, file "/home/fabrice/git/pycsl/scratchpad/w7/tmp/.pycsl_dt9cy9s4.mlw", line 1957, characters 129-134: unused variable subst
Warning, file "/home/fabrice/git/pycsl/scratchpad/w7/tmp/.pycsl_dt9cy9s4.mlw", line 1959, characters 15-19: unused variable result
Warning, file "/home/fabrice/git/pycsl/scratchpad/w7/tmp/.pycsl_dt9cy9s4.mlw", line 1961, characters 50-54: unused variable self
Warning, file "/home/fabrice/git/pycsl/scratchpad/w7/tmp/.pycsl_dt9cy9s4.mlw", line 1961, characters 82-86: unused variable node
Warning, file "/home/fabrice/git/pycsl/scratchpad/w7/tmp/.pycsl_dt9cy9s4.mlw", line 1961, characters 94-104: unused variable local_refs
Warning, file "/home/fabrice/git/pycsl/scratchpad/w7/tmp/.pycsl_dt9cy9s4.mlw", line 1961, characters 112-125: unused variable invariant_ctx
Warning, file "/home/fabrice/git/pycsl/scratchpad/w7/tmp/.pycsl_dt9cy9s4.mlw", line 1961, characters 133-138: unused variable subst
Warning, file "/home/fabrice/git/pycsl/scratchpad/w7/tmp/.pycsl_dt9cy9s4.mlw", line 1963, characters 15-19: unused variable result
Warning, file "/home/fabrice/git/pycsl/scratchpad/w7/tmp/.pycsl_dt9cy9s4.mlw", line 1965, characters 62-66: unused variable self
Warning, file "/home/fabrice/git/pycsl/scratchpad/w7/tmp/.pycsl_dt9cy9s4.mlw", line 1965, characters 94-98: unused variable stmt
Warning, file "/home/fabrice/git/pycsl/scratchpad/w7/tmp/.pycsl_dt9cy9s4.mlw", line 1965, characters 106-110: unused variable rest
Warning, file "/home/fabrice/git/pycsl/scratchpad/w7/tmp/.pycsl_dt9cy9s4.mlw", line 1965, characters 124-134: unused variable local_refs
Warning, file "/home/fabrice/git/pycsl/scratchpad/w7/tmp/.pycsl_dt9cy9s4.mlw", line 1965, characters 159-172: unused variable declared_refs
Warning, file "/home/fabrice/git/pycsl/scratchpad/w7/tmp/.pycsl_dt9cy9s4.mlw", line 1965, characters 197-203: unused variable indent
Warning, file "/home/fabrice/git/pycsl/scratchpad/w7/tmp/.pycsl_dt9cy9s4.mlw", line 1965, characters 214-221: unused variable in_loop
Warning, file "/home/fabrice/git/pycsl/scratchpad/w7/tmp/.pycsl_dt9cy9s4.mlw", line 1967, characters 15-19: unused variable result
Warning, file "/home/fabrice/git/pycsl/scratchpad/w7/tmp/.pycsl_dt9cy9s4.mlw", line 1969, characters 52-56: unused variable self
Warning, file "/home/fabrice/git/pycsl/scratchpad/w7/tmp/.pycsl_dt9cy9s4.mlw", line 1969, characters 84-93: unused variable func_name
Warning, file "/home/fabrice/git/pycsl/scratchpad/w7/tmp/.pycsl_dt9cy9s4.mlw", line 1969, characters 104-108: unused variable args
Warning, file "/home/fabrice/git/pycsl/scratchpad/w7/tmp/.pycsl_dt9cy9s4.mlw", line 1969, characters 125-132: unused variable arg_irs
Warning, file "/home/fabrice/git/pycsl/scratchpad/w7/tmp/.pycsl_dt9cy9s4.mlw", line 1971, characters 15-19: unused variable result
Warning, file "/home/fabrice/git/pycsl/scratchpad/w7/tmp/.pycsl_dt9cy9s4.mlw", line 1973, characters 50-54: unused variable self
Warning, file "/home/fabrice/git/pycsl/scratchpad/w7/tmp/.pycsl_dt9cy9s4.mlw", line 1973, characters 82-86: unused variable stmt
Warning, file "/home/fabrice/git/pycsl/scratchpad/w7/tmp/.pycsl_dt9cy9s4.mlw", line 1973, characters 94-98: unused variable rest
Warning, file "/home/fabrice/git/pycsl/scratchpad/w7/tmp/.pycsl_dt9cy9s4.mlw", line 1973, characters 112-122: unused variable local_refs
Warning, file "/home/fabrice/git/pycsl/scratchpad/w7/tmp/.pycsl_dt9cy9s4.mlw", line 1973, characters 147-160: unused variable declared_refs
Warning, file "/home/fabrice/git/pycsl/scratchpad/w7/tmp/.pycsl_dt9cy9s4.mlw", line 1973, characters 185-191: unused variable indent
Warning, file "/home/fabrice/git/pycsl/scratchpad/w7/tmp/.pycsl_dt9cy9s4.mlw", line 1973, characters 202-209: unused variable in_loop
Warning, file "/home/fabrice/git/pycsl/scratchpad/w7/tmp/.pycsl_dt9cy9s4.mlw", line 1975, characters 15-19: unused variable result
Warning, file "/home/fabrice/git/pycsl/scratchpad/w7/tmp/.pycsl_dt9cy9s4.mlw", line 1977, characters 55-59: unused variable self
Warning, file "/home/fabrice/git/pycsl/scratchpad/w7/tmp/.pycsl_dt9cy9s4.mlw", line 1977, characters 87-91: unused variable node
Warning, file "/home/fabrice/git/pycsl/scratchpad/w7/tmp/.pycsl_dt9cy9s4.mlw", line 1977, characters 103-116: unused variable invariant_ctx
Warning, file "/home/fabrice/git/pycsl/scratchpad/w7/tmp/.pycsl_dt9cy9s4.mlw", line 1979, characters 15-19: unused variable result
Warning, file "/home/fabrice/git/pycsl/scratchpad/w7/tmp/.pycsl_dt9cy9s4.mlw", line 1981, characters 57-61: unused variable self
Warning, file "/home/fabrice/git/pycsl/scratchpad/w7/tmp/.pycsl_dt9cy9s4.mlw", line 1981, characters 89-93: unused variable stmt
Warning, file "/home/fabrice/git/pycsl/scratchpad/w7/tmp/.pycsl_dt9cy9s4.mlw", line 1981, characters 101-105: unused variable rest
Warning, file "/home/fabrice/git/pycsl/scratchpad/w7/tmp/.pycsl_dt9cy9s4.mlw", line 1981, characters 119-129: unused variable local_refs
Warning, file "/home/fabrice/git/pycsl/scratchpad/w7/tmp/.pycsl_dt9cy9s4.mlw", line 1981, characters 154-167: unused variable declared_refs
Warning, file "/home/fabrice/git/pycsl/scratchpad/w7/tmp/.pycsl_dt9cy9s4.mlw", line 1981, characters 192-198: unused variable indent
Warning, file "/home/fabrice/git/pycsl/scratchpad/w7/tmp/.pycsl_dt9cy9s4.mlw", line 1981, characters 209-216: unused variable in_loop
Warning, file "/home/fabrice/git/pycsl/scratchpad/w7/tmp/.pycsl_dt9cy9s4.mlw", line 1983, characters 15-19: unused variable result
Warning, file "/home/fabrice/git/pycsl/scratchpad/w7/tmp/.pycsl_dt9cy9s4.mlw", line 1986, characters 60-64: unused variable self
Warning, file "/home/fabrice/git/pycsl/scratchpad/w7/tmp/.pycsl_dt9cy9s4.mlw", line 1986, characters 92-96: unused variable stmt
Warning, file "/home/fabrice/git/pycsl/scratchpad/w7/tmp/.pycsl_dt9cy9s4.mlw", line 1986, characters 104-108: unused variable rest
Warning, file "/home/fabrice/git/pycsl/scratchpad/w7/tmp/.pycsl_dt9cy9s4.mlw", line 1986, characters 122-132: unused variable local_refs
Warning, file "/home/fabrice/git/pycsl/scratchpad/w7/tmp/.pycsl_dt9cy9s4.mlw", line 1986, characters 157-170: unused variable declared_refs
Warning, file "/home/fabrice/git/pycsl/scratchpad/w7/tmp/.pycsl_dt9cy9s4.mlw", line 1986, characters 195-201: unused variable indent
Warning, file "/home/fabrice/git/pycsl/scratchpad/w7/tmp/.pycsl_dt9cy9s4.mlw", line 1986, characters 212-219: unused variable in_loop
Warning, file "/home/fabrice/git/pycsl/scratchpad/w7/tmp/.pycsl_dt9cy9s4.mlw", line 1988, characters 15-19: unused variable result
Warning, file "/home/fabrice/git/pycsl/scratchpad/w7/tmp/.pycsl_dt9cy9s4.mlw", line 1990, characters 53-57: unused variable self
Warning, file "/home/fabrice/git/pycsl/scratchpad/w7/tmp/.pycsl_dt9cy9s4.mlw", line 1990, characters 85-89: unused variable node
Warning, file "/home/fabrice/git/pycsl/scratchpad/w7/tmp/.pycsl_dt9cy9s4.mlw", line 1990, characters 101-111: unused variable local_refs
Warning, file "/home/fabrice/git/pycsl/scratchpad/w7/tmp/.pycsl_dt9cy9s4.mlw", line 1990, characters 136-149: unused variable invariant_ctx
Warning, file "/home/fabrice/git/pycsl/scratchpad/w7/tmp/.pycsl_dt9cy9s4.mlw", line 1990, characters 157-162: unused variable subst
Warning, file "/home/fabrice/git/pycsl/scratchpad/w7/tmp/.pycsl_dt9cy9s4.mlw", line 1992, characters 15-19: unused variable result
Warning, file "/home/fabrice/git/pycsl/scratchpad/w7/tmp/.pycsl_dt9cy9s4.mlw", line 1994, characters 61-65: unused variable self
Warning, file "/home/fabrice/git/pycsl/scratchpad/w7/tmp/.pycsl_dt9cy9s4.mlw", line 1994, characters 93-97: unused variable stmt
Warning, file "/home/fabrice/git/pycsl/scratchpad/w7/tmp/.pycsl_dt9cy9s4.mlw", line 1994, characters 105-109: unused variable rest
Warning, file "/home/fabrice/git/pycsl/scratchpad/w7/tmp/.pycsl_dt9cy9s4.mlw", line 1994, characters 123-133: unused variable local_refs
Warning, file "/home/fabrice/git/pycsl/scratchpad/w7/tmp/.pycsl_dt9cy9s4.mlw", line 1994, characters 158-171: unused variable declared_refs
Warning, file "/home/fabrice/git/pycsl/scratchpad/w7/tmp/.pycsl_dt9cy9s4.mlw", line 1994, characters 196-202: unused variable indent
Warning, file "/home/fabrice/git/pycsl/scratchpad/w7/tmp/.pycsl_dt9cy9s4.mlw", line 1994, characters 213-220: unused variable in_loop
Warning, file "/home/fabrice/git/pycsl/scratchpad/w7/tmp/.pycsl_dt9cy9s4.mlw", line 1996, characters 15-19: unused variable result
Warning, file "/home/fabrice/git/pycsl/scratchpad/w7/tmp/.pycsl_dt9cy9s4.mlw", line 1998, characters 58-62: unused variable self
Warning, file "/home/fabrice/git/pycsl/scratchpad/w7/tmp/.pycsl_dt9cy9s4.mlw", line 1998, characters 90-94: unused variable stmt
Warning, file "/home/fabrice/git/pycsl/scratchpad/w7/tmp/.pycsl_dt9cy9s4.mlw", line 1998, characters 102-106: unused variable rest
Warning, file "/home/fabrice/git/pycsl/scratchpad/w7/tmp/.pycsl_dt9cy9s4.mlw", line 1998, characters 120-130: unused variable local_refs
Warning, file "/home/fabrice/git/pycsl/scratchpad/w7/tmp/.pycsl_dt9cy9s4.mlw", line 1998, characters 155-168: unused variable declared_refs
Warning, file "/home/fabrice/git/pycsl/scratchpad/w7/tmp/.pycsl_dt9cy9s4.mlw", line 1998, characters 193-199: unused variable indent
Warning, file "/home/fabrice/git/pycsl/scratchpad/w7/tmp/.pycsl_dt9cy9s4.mlw", line 1998, characters 210-217: unused variable in_loop
Warning, file "/home/fabrice/git/pycsl/scratchpad/w7/tmp/.pycsl_dt9cy9s4.mlw", line 2000, characters 15-19: unused variable result
Warning, file "/home/fabrice/git/pycsl/scratchpad/w7/tmp/.pycsl_dt9cy9s4.mlw", line 2002, characters 52-56: unused variable self
Warning, file "/home/fabrice/git/pycsl/scratchpad/w7/tmp/.pycsl_dt9cy9s4.mlw", line 2002, characters 84-88: unused variable node
Warning, file "/home/fabrice/git/pycsl/scratchpad/w7/tmp/.pycsl_dt9cy9s4.mlw", line 2002, characters 96-106: unused variable local_refs
Warning, file "/home/fabrice/git/pycsl/scratchpad/w7/tmp/.pycsl_dt9cy9s4.mlw", line 2002, characters 131-144: unused variable invariant_ctx
Warning, file "/home/fabrice/git/pycsl/scratchpad/w7/tmp/.pycsl_dt9cy9s4.mlw", line 2002, characters 152-157: unused variable subst
Warning, file "/home/fabrice/git/pycsl/scratchpad/w7/tmp/.pycsl_dt9cy9s4.mlw", line 2004, characters 15-19: unused variable result
Warning, file "/home/fabrice/git/pycsl/scratchpad/w7/tmp/.pycsl_dt9cy9s4.mlw", line 2026, characters 32-36: unused variable result
Warning, file "/home/fabrice/git/pycsl/scratchpad/w7/tmp/.pycsl_dt9cy9s4.mlw", line 2032, characters 56-60: unused variable self
Warning, file "/home/fabrice/git/pycsl/scratchpad/w7/tmp/.pycsl_dt9cy9s4.mlw", line 2032, characters 88-92: unused variable node
Warning, file "/home/fabrice/git/pycsl/scratchpad/w7/tmp/.pycsl_dt9cy9s4.mlw", line 2032, characters 104-114: unused variable local_refs
Warning, file "/home/fabrice/git/pycsl/scratchpad/w7/tmp/.pycsl_dt9cy9s4.mlw", line 2032, characters 139-152: unused variable invariant_ctx
Warning, file "/home/fabrice/git/pycsl/scratchpad/w7/tmp/.pycsl_dt9cy9s4.mlw", line 2032, characters 160-165: unused variable subst
Warning, file "/home/fabrice/git/pycsl/scratchpad/w7/tmp/.pycsl_dt9cy9s4.mlw", line 2034, characters 15-19: unused variable result
Warning, file "/home/fabrice/git/pycsl/scratchpad/w7/tmp/.pycsl_dt9cy9s4.mlw", line 2036, characters 54-58: unused variable self
Warning, file "/home/fabrice/git/pycsl/scratchpad/w7/tmp/.pycsl_dt9cy9s4.mlw", line 2036, characters 86-90: unused variable node
Warning, file "/home/fabrice/git/pycsl/scratchpad/w7/tmp/.pycsl_dt9cy9s4.mlw", line 2036, characters 102-112: unused variable local_refs
Warning, file "/home/fabrice/git/pycsl/scratchpad/w7/tmp/.pycsl_dt9cy9s4.mlw", line 2036, characters 137-150: unused variable invariant_ctx
Warning, file "/home/fabrice/git/pycsl/scratchpad/w7/tmp/.pycsl_dt9cy9s4.mlw", line 2036, characters 158-163: unused variable subst
Warning, file "/home/fabrice/git/pycsl/scratchpad/w7/tmp/.pycsl_dt9cy9s4.mlw", line 2038, characters 15-19: unused variable result
Warning, file "/home/fabrice/git/pycsl/scratchpad/w7/tmp/.pycsl_dt9cy9s4.mlw", line 2040, characters 51-55: unused variable self
Warning, file "/home/fabrice/git/pycsl/scratchpad/w7/tmp/.pycsl_dt9cy9s4.mlw", line 2040, characters 83-87: unused variable expr
Warning, file "/home/fabrice/git/pycsl/scratchpad/w7/tmp/.pycsl_dt9cy9s4.mlw", line 2040, characters 95-105: unused variable local_refs
Warning, file "/home/fabrice/git/pycsl/scratchpad/w7/tmp/.pycsl_dt9cy9s4.mlw", line 2042, characters 15-19: unused variable result
Warning, file "/home/fabrice/git/pycsl/scratchpad/w7/tmp/.pycsl_dt9cy9s4.mlw", line 2044, characters 54-58: unused variable self
Warning, file "/home/fabrice/git/pycsl/scratchpad/w7/tmp/.pycsl_dt9cy9s4.mlw", line 2044, characters 86-90: unused variable node
Warning, file "/home/fabrice/git/pycsl/scratchpad/w7/tmp/.pycsl_dt9cy9s4.mlw", line 2044, characters 102-112: unused variable local_refs
Warning, file "/home/fabrice/git/pycsl/scratchpad/w7/tmp/.pycsl_dt9cy9s4.mlw", line 2044, characters 137-150: unused variable invariant_ctx
Warning, file "/home/fabrice/git/pycsl/scratchpad/w7/tmp/.pycsl_dt9cy9s4.mlw", line 2044, characters 158-163: unused variable subst
Warning, file "/home/fabrice/git/pycsl/scratchpad/w7/tmp/.pycsl_dt9cy9s4.mlw", line 2046, characters 15-19: unused variable result
Warning, file "/home/fabrice/git/pycsl/scratchpad/w7/tmp/.pycsl_dt9cy9s4.mlw", line 2048, characters 50-54: unused variable self
Warning, file "/home/fabrice/git/pycsl/scratchpad/w7/tmp/.pycsl_dt9cy9s4.mlw", line 2048, characters 82-86: unused variable expr
Warning, file "/home/fabrice/git/pycsl/scratchpad/w7/tmp/.pycsl_dt9cy9s4.mlw", line 2048, characters 94-98: unused variable args
Warning, file "/home/fabrice/git/pycsl/scratchpad/w7/tmp/.pycsl_dt9cy9s4.mlw", line 2048, characters 115-125: unused variable local_refs
Warning, file "/home/fabrice/git/pycsl/scratchpad/w7/tmp/.pycsl_dt9cy9s4.mlw", line 2048, characters 133-146: unused variable invariant_ctx
Warning, file "/home/fabrice/git/pycsl/scratchpad/w7/tmp/.pycsl_dt9cy9s4.mlw", line 2048, characters 154-159: unused variable subst
Warning, file "/home/fabrice/git/pycsl/scratchpad/w7/tmp/.pycsl_dt9cy9s4.mlw", line 2050, characters 15-19: unused variable result
Warning, file "/home/fabrice/git/pycsl/scratchpad/w7/tmp/.pycsl_dt9cy9s4.mlw", line 2052, characters 52-56: unused variable self
Warning, file "/home/fabrice/git/pycsl/scratchpad/w7/tmp/.pycsl_dt9cy9s4.mlw", line 2052, characters 84-88: unused variable node
Warning, file "/home/fabrice/git/pycsl/scratchpad/w7/tmp/.pycsl_dt9cy9s4.mlw", line 2052, characters 100-110: unused variable local_refs
Warning, file "/home/fabrice/git/pycsl/scratchpad/w7/tmp/.pycsl_dt9cy9s4.mlw", line 2052, characters 135-148: unused variable invariant_ctx
Warning, file "/home/fabrice/git/pycsl/scratchpad/w7/tmp/.pycsl_dt9cy9s4.mlw", line 2052, characters 156-161: unused variable subst
Warning, file "/home/fabrice/git/pycsl/scratchpad/w7/tmp/.pycsl_dt9cy9s4.mlw", line 2054, characters 15-19: unused variable result
Warning, file "/home/fabrice/git/pycsl/scratchpad/w7/tmp/.pycsl_dt9cy9s4.mlw", line 2056, characters 49-53: unused variable self
Warning, file "/home/fabrice/git/pycsl/scratchpad/w7/tmp/.pycsl_dt9cy9s4.mlw", line 2056, characters 81-85: unused variable expr
Warning, file "/home/fabrice/git/pycsl/scratchpad/w7/tmp/.pycsl_dt9cy9s4.mlw", line 2056, characters 93-97: unused variable args
Warning, file "/home/fabrice/git/pycsl/scratchpad/w7/tmp/.pycsl_dt9cy9s4.mlw", line 2058, characters 15-19: unused variable result
Warning, file "/home/fabrice/git/pycsl/scratchpad/w7/tmp/.pycsl_dt9cy9s4.mlw", line 2060, characters 54-58: unused variable self
Warning, file "/home/fabrice/git/pycsl/scratchpad/w7/tmp/.pycsl_dt9cy9s4.mlw", line 2060, characters 86-90: unused variable node
Warning, file "/home/fabrice/git/pycsl/scratchpad/w7/tmp/.pycsl_dt9cy9s4.mlw", line 2060, characters 102-112: unused variable local_refs
Warning, file "/home/fabrice/git/pycsl/scratchpad/w7/tmp/.pycsl_dt9cy9s4.mlw", line 2060, characters 137-150: unused variable invariant_ctx
Warning, file "/home/fabrice/git/pycsl/scratchpad/w7/tmp/.pycsl_dt9cy9s4.mlw", line 2060, characters 158-163: unused variable subst
Warning, file "/home/fabrice/git/pycsl/scratchpad/w7/tmp/.pycsl_dt9cy9s4.mlw", line 2062, characters 15-19: unused variable result
Warning, file "/home/fabrice/git/pycsl/scratchpad/w7/tmp/.pycsl_dt9cy9s4.mlw", line 2064, characters 56-60: unused variable self
Warning, file "/home/fabrice/git/pycsl/scratchpad/w7/tmp/.pycsl_dt9cy9s4.mlw", line 2064, characters 88-92: unused variable node
Warning, file "/home/fabrice/git/pycsl/scratchpad/w7/tmp/.pycsl_dt9cy9s4.mlw", line 2064, characters 100-110: unused variable local_refs
Warning, file "/home/fabrice/git/pycsl/scratchpad/w7/tmp/.pycsl_dt9cy9s4.mlw", line 2064, characters 135-148: unused variable invariant_ctx
Warning, file "/home/fabrice/git/pycsl/scratchpad/w7/tmp/.pycsl_dt9cy9s4.mlw", line 2064, characters 156-161: unused variable subst
Warning, file "/home/fabrice/git/pycsl/scratchpad/w7/tmp/.pycsl_dt9cy9s4.mlw", line 2066, characters 15-19: unused variable result
Warning, file "/home/fabrice/git/pycsl/scratchpad/w7/tmp/.pycsl_dt9cy9s4.mlw", line 2068, characters 49-53: unused variable self
Warning, file "/home/fabrice/git/pycsl/scratchpad/w7/tmp/.pycsl_dt9cy9s4.mlw", line 2068, characters 81-85: unused variable node
Warning, file "/home/fabrice/git/pycsl/scratchpad/w7/tmp/.pycsl_dt9cy9s4.mlw", line 2068, characters 93-103: unused variable local_refs
Warning, file "/home/fabrice/git/pycsl/scratchpad/w7/tmp/.pycsl_dt9cy9s4.mlw", line 2068, characters 128-141: unused variable invariant_ctx
Warning, file "/home/fabrice/git/pycsl/scratchpad/w7/tmp/.pycsl_dt9cy9s4.mlw", line 2068, characters 149-154: unused variable subst
Warning, file "/home/fabrice/git/pycsl/scratchpad/w7/tmp/.pycsl_dt9cy9s4.mlw", line 2070, characters 15-19: unused variable result
Warning, file "/home/fabrice/git/pycsl/scratchpad/w7/tmp/.pycsl_dt9cy9s4.mlw", line 2072, characters 57-61: unused variable self
Warning, file "/home/fabrice/git/pycsl/scratchpad/w7/tmp/.pycsl_dt9cy9s4.mlw", line 2072, characters 89-93: unused variable node
Warning, file "/home/fabrice/git/pycsl/scratchpad/w7/tmp/.pycsl_dt9cy9s4.mlw", line 2072, characters 105-115: unused variable local_refs
Warning, file "/home/fabrice/git/pycsl/scratchpad/w7/tmp/.pycsl_dt9cy9s4.mlw", line 2072, characters 140-153: unused variable invariant_ctx
Warning, file "/home/fabrice/git/pycsl/scratchpad/w7/tmp/.pycsl_dt9cy9s4.mlw", line 2072, characters 161-166: unused variable subst
Warning, file "/home/fabrice/git/pycsl/scratchpad/w7/tmp/.pycsl_dt9cy9s4.mlw", line 2074, characters 15-19: unused variable result
Warning, file "/home/fabrice/git/pycsl/scratchpad/w7/tmp/.pycsl_dt9cy9s4.mlw", line 2076, characters 52-56: unused variable self
Warning, file "/home/fabrice/git/pycsl/scratchpad/w7/tmp/.pycsl_dt9cy9s4.mlw", line 2076, characters 84-88: unused variable stmt
Warning, file "/home/fabrice/git/pycsl/scratchpad/w7/tmp/.pycsl_dt9cy9s4.mlw", line 2076, characters 100-104: unused variable rest
Warning, file "/home/fabrice/git/pycsl/scratchpad/w7/tmp/.pycsl_dt9cy9s4.mlw", line 2076, characters 118-128: unused variable local_refs
Warning, file "/home/fabrice/git/pycsl/scratchpad/w7/tmp/.pycsl_dt9cy9s4.mlw", line 2076, characters 153-166: unused variable declared_refs
Warning, file "/home/fabrice/git/pycsl/scratchpad/w7/tmp/.pycsl_dt9cy9s4.mlw", line 2076, characters 191-197: unused variable indent
Warning, file "/home/fabrice/git/pycsl/scratchpad/w7/tmp/.pycsl_dt9cy9s4.mlw", line 2076, characters 208-215: unused variable in_loop
Warning, file "/home/fabrice/git/pycsl/scratchpad/w7/tmp/.pycsl_dt9cy9s4.mlw", line 2077, characters 15-19: unused variable result
Warning, file "/home/fabrice/git/pycsl/scratchpad/w7/tmp/.pycsl_dt9cy9s4.mlw", line 2079, characters 55-59: unused variable self
Warning, file "/home/fabrice/git/pycsl/scratchpad/w7/tmp/.pycsl_dt9cy9s4.mlw", line 2079, characters 87-91: unused variable node
Warning, file "/home/fabrice/git/pycsl/scratchpad/w7/tmp/.pycsl_dt9cy9s4.mlw", line 2079, characters 103-113: unused variable local_refs
Warning, file "/home/fabrice/git/pycsl/scratchpad/w7/tmp/.pycsl_dt9cy9s4.mlw", line 2079, characters 138-151: unused variable invariant_ctx
Warning, file "/home/fabrice/git/pycsl/scratchpad/w7/tmp/.pycsl_dt9cy9s4.mlw", line 2079, characters 159-164: unused variable subst
Warning, file "/home/fabrice/git/pycsl/scratchpad/w7/tmp/.pycsl_dt9cy9s4.mlw", line 2081, characters 15-19: unused variable result
Warning, file "/home/fabrice/git/pycsl/scratchpad/w7/tmp/.pycsl_dt9cy9s4.mlw", line 2083, characters 51-55: unused variable self
Warning, file "/home/fabrice/git/pycsl/scratchpad/w7/tmp/.pycsl_dt9cy9s4.mlw", line 2083, characters 83-87: unused variable stmt
Warning, file "/home/fabrice/git/pycsl/scratchpad/w7/tmp/.pycsl_dt9cy9s4.mlw", line 2083, characters 95-99: unused variable rest
Warning, file "/home/fabrice/git/pycsl/scratchpad/w7/tmp/.pycsl_dt9cy9s4.mlw", line 2083, characters 113-123: unused variable local_refs
Warning, file "/home/fabrice/git/pycsl/scratchpad/w7/tmp/.pycsl_dt9cy9s4.mlw", line 2083, characters 148-161: unused variable declared_refs
Warning, file "/home/fabrice/git/pycsl/scratchpad/w7/tmp/.pycsl_dt9cy9s4.mlw", line 2083, characters 186-192: unused variable indent
Warning, file "/home/fabrice/git/pycsl/scratchpad/w7/tmp/.pycsl_dt9cy9s4.mlw", line 2083, characters 203-210: unused variable in_loop
Warning, file "/home/fabrice/git/pycsl/scratchpad/w7/tmp/.pycsl_dt9cy9s4.mlw", line 2085, characters 15-19: unused variable result
Warning, file "/home/fabrice/git/pycsl/scratchpad/w7/tmp/.pycsl_dt9cy9s4.mlw", line 2087, characters 52-56: unused variable self
Warning, file "/home/fabrice/git/pycsl/scratchpad/w7/tmp/.pycsl_dt9cy9s4.mlw", line 2087, characters 84-88: unused variable node
Warning, file "/home/fabrice/git/pycsl/scratchpad/w7/tmp/.pycsl_dt9cy9s4.mlw", line 2087, characters 100-110: unused variable local_refs
Warning, file "/home/fabrice/git/pycsl/scratchpad/w7/tmp/.pycsl_dt9cy9s4.mlw", line 2087, characters 135-148: unused variable invariant_ctx
Warning, file "/home/fabrice/git/pycsl/scratchpad/w7/tmp/.pycsl_dt9cy9s4.mlw", line 2087, characters 156-161: unused variable subst
Warning, file "/home/fabrice/git/pycsl/scratchpad/w7/tmp/.pycsl_dt9cy9s4.mlw", line 2089, characters 15-19: unused variable result
Warning, file "/home/fabrice/git/pycsl/scratchpad/w7/tmp/.pycsl_dt9cy9s4.mlw", line 2091, characters 55-59: unused variable self
Warning, file "/home/fabrice/git/pycsl/scratchpad/w7/tmp/.pycsl_dt9cy9s4.mlw", line 2091, characters 87-91: unused variable node
Warning, file "/home/fabrice/git/pycsl/scratchpad/w7/tmp/.pycsl_dt9cy9s4.mlw", line 2091, characters 103-106: unused variable arr
Warning, file "/home/fabrice/git/pycsl/scratchpad/w7/tmp/.pycsl_dt9cy9s4.mlw", line 2091, characters 117-119: unused variable sl
Warning, file "/home/fabrice/git/pycsl/scratchpad/w7/tmp/.pycsl_dt9cy9s4.mlw", line 2091, characters 131-141: unused variable local_refs
Warning, file "/home/fabrice/git/pycsl/scratchpad/w7/tmp/.pycsl_dt9cy9s4.mlw", line 2091, characters 166-179: unused variable invariant_ctx
Warning, file "/home/fabrice/git/pycsl/scratchpad/w7/tmp/.pycsl_dt9cy9s4.mlw", line 2091, characters 187-192: unused variable subst
Warning, file "/home/fabrice/git/pycsl/scratchpad/w7/tmp/.pycsl_dt9cy9s4.mlw", line 2093, characters 15-19: unused variable result
Warning, file "/home/fabrice/git/pycsl/scratchpad/w7/tmp/.pycsl_dt9cy9s4.mlw", line 2095, characters 58-62: unused variable self
Warning, file "/home/fabrice/git/pycsl/scratchpad/w7/tmp/.pycsl_dt9cy9s4.mlw", line 2095, characters 90-94: unused variable node
Warning, file "/home/fabrice/git/pycsl/scratchpad/w7/tmp/.pycsl_dt9cy9s4.mlw", line 2095, characters 106-116: unused variable local_refs
Warning, file "/home/fabrice/git/pycsl/scratchpad/w7/tmp/.pycsl_dt9cy9s4.mlw", line 2095, characters 141-154: unused variable invariant_ctx
Warning, file "/home/fabrice/git/pycsl/scratchpad/w7/tmp/.pycsl_dt9cy9s4.mlw", line 2095, characters 162-167: unused variable subst
Warning, file "/home/fabrice/git/pycsl/scratchpad/w7/tmp/.pycsl_dt9cy9s4.mlw", line 2097, characters 15-19: unused variable result
Warning, file "/home/fabrice/git/pycsl/scratchpad/w7/tmp/.pycsl_dt9cy9s4.mlw", line 2099, characters 52-56: unused variable self
Warning, file "/home/fabrice/git/pycsl/scratchpad/w7/tmp/.pycsl_dt9cy9s4.mlw", line 2099, characters 84-88: unused variable expr
Warning, file "/home/fabrice/git/pycsl/scratchpad/w7/tmp/.pycsl_dt9cy9s4.mlw", line 2099, characters 96-100: unused variable args
Warning, file "/home/fabrice/git/pycsl/scratchpad/w7/tmp/.pycsl_dt9cy9s4.mlw", line 2099, characters 117-126: unused variable func_name
Warning, file "/home/fabrice/git/pycsl/scratchpad/w7/tmp/.pycsl_dt9cy9s4.mlw", line 2101, characters 15-19: unused variable result
Warning, file "/home/fabrice/git/pycsl/scratchpad/w7/tmp/.pycsl_dt9cy9s4.mlw", line 2103, characters 50-54: unused variable self
Warning, file "/home/fabrice/git/pycsl/scratchpad/w7/tmp/.pycsl_dt9cy9s4.mlw", line 2103, characters 82-86: unused variable node
Warning, file "/home/fabrice/git/pycsl/scratchpad/w7/tmp/.pycsl_dt9cy9s4.mlw", line 2103, characters 94-104: unused variable local_refs
Warning, file "/home/fabrice/git/pycsl/scratchpad/w7/tmp/.pycsl_dt9cy9s4.mlw", line 2103, characters 112-125: unused variable invariant_ctx
Warning, file "/home/fabrice/git/pycsl/scratchpad/w7/tmp/.pycsl_dt9cy9s4.mlw", line 2103, characters 133-138: unused variable subst
Warning, file "/home/fabrice/git/pycsl/scratchpad/w7/tmp/.pycsl_dt9cy9s4.mlw", line 2105, characters 15-19: unused variable result
Warning, file "/home/fabrice/git/pycsl/scratchpad/w7/tmp/.pycsl_dt9cy9s4.mlw", line 2107, characters 49-53: unused variable self
Warning, file "/home/fabrice/git/pycsl/scratchpad/w7/tmp/.pycsl_dt9cy9s4.mlw", line 2107, characters 81-85: unused variable expr
Warning, file "/home/fabrice/git/pycsl/scratchpad/w7/tmp/.pycsl_dt9cy9s4.mlw", line 2109, characters 15-19: unused variable result
Warning, file "/home/fabrice/git/pycsl/scratchpad/w7/tmp/.pycsl_dt9cy9s4.mlw", line 2111, characters 54-58: unused variable self
Warning, file "/home/fabrice/git/pycsl/scratchpad/w7/tmp/.pycsl_dt9cy9s4.mlw", line 2111, characters 86-90: unused variable node
Warning, file "/home/fabrice/git/pycsl/scratchpad/w7/tmp/.pycsl_dt9cy9s4.mlw", line 2111, characters 102-112: unused variable local_refs
Warning, file "/home/fabrice/git/pycsl/scratchpad/w7/tmp/.pycsl_dt9cy9s4.mlw", line 2111, characters 137-150: unused variable invariant_ctx
Warning, file "/home/fabrice/git/pycsl/scratchpad/w7/tmp/.pycsl_dt9cy9s4.mlw", line 2111, characters 158-163: unused variable subst
Warning, file "/home/fabrice/git/pycsl/scratchpad/w7/tmp/.pycsl_dt9cy9s4.mlw", line 2113, characters 15-19: unused variable result
Warning, file "/home/fabrice/git/pycsl/scratchpad/w7/tmp/.pycsl_dt9cy9s4.mlw", line 2115, characters 58-62: unused variable self
Warning, file "/home/fabrice/git/pycsl/scratchpad/w7/tmp/.pycsl_dt9cy9s4.mlw", line 2115, characters 90-94: unused variable stmt
Warning, file "/home/fabrice/git/pycsl/scratchpad/w7/tmp/.pycsl_dt9cy9s4.mlw", line 2115, characters 102-106: unused variable rest
Warning, file "/home/fabrice/git/pycsl/scratchpad/w7/tmp/.pycsl_dt9cy9s4.mlw", line 2115, characters 120-130: unused variable local_refs
Warning, file "/home/fabrice/git/pycsl/scratchpad/w7/tmp/.pycsl_dt9cy9s4.mlw", line 2115, characters 155-168: unused variable declared_refs
Warning, file "/home/fabrice/git/pycsl/scratchpad/w7/tmp/.pycsl_dt9cy9s4.mlw", line 2115, characters 193-199: unused variable indent
Warning, file "/home/fabrice/git/pycsl/scratchpad/w7/tmp/.pycsl_dt9cy9s4.mlw", line 2115, characters 210-217: unused variable in_loop
Warning, file "/home/fabrice/git/pycsl/scratchpad/w7/tmp/.pycsl_dt9cy9s4.mlw", line 2117, characters 15-19: unused variable result
Warning, file "/home/fabrice/git/pycsl/scratchpad/w7/tmp/.pycsl_dt9cy9s4.mlw", line 2119, characters 53-57: unused variable self
Warning, file "/home/fabrice/git/pycsl/scratchpad/w7/tmp/.pycsl_dt9cy9s4.mlw", line 2119, characters 85-89: unused variable node
Warning, file "/home/fabrice/git/pycsl/scratchpad/w7/tmp/.pycsl_dt9cy9s4.mlw", line 2119, characters 97-107: unused variable local_refs
Warning, file "/home/fabrice/git/pycsl/scratchpad/w7/tmp/.pycsl_dt9cy9s4.mlw", line 2119, characters 132-145: unused variable invariant_ctx
Warning, file "/home/fabrice/git/pycsl/scratchpad/w7/tmp/.pycsl_dt9cy9s4.mlw", line 2119, characters 153-158: unused variable subst
Warning, file "/home/fabrice/git/pycsl/scratchpad/w7/tmp/.pycsl_dt9cy9s4.mlw", line 2121, characters 15-19: unused variable result
Warning, file "/home/fabrice/git/pycsl/scratchpad/w7/tmp/.pycsl_dt9cy9s4.mlw", line 2123, characters 53-57: unused variable self
Warning, file "/home/fabrice/git/pycsl/scratchpad/w7/tmp/.pycsl_dt9cy9s4.mlw", line 2123, characters 85-89: unused variable node
Warning, file "/home/fabrice/git/pycsl/scratchpad/w7/tmp/.pycsl_dt9cy9s4.mlw", line 2123, characters 101-111: unused variable local_refs
Warning, file "/home/fabrice/git/pycsl/scratchpad/w7/tmp/.pycsl_dt9cy9s4.mlw", line 2123, characters 136-149: unused variable invariant_ctx
Warning, file "/home/fabrice/git/pycsl/scratchpad/w7/tmp/.pycsl_dt9cy9s4.mlw", line 2123, characters 157-162: unused variable subst
Warning, file "/home/fabrice/git/pycsl/scratchpad/w7/tmp/.pycsl_dt9cy9s4.mlw", line 2125, characters 15-19: unused variable result
Warning, file "/home/fabrice/git/pycsl/scratchpad/w7/tmp/.pycsl_dt9cy9s4.mlw", line 2127, characters 51-55: unused variable self
Warning, file "/home/fabrice/git/pycsl/scratchpad/w7/tmp/.pycsl_dt9cy9s4.mlw", line 2127, characters 83-87: unused variable node
Warning, file "/home/fabrice/git/pycsl/scratchpad/w7/tmp/.pycsl_dt9cy9s4.mlw", line 2127, characters 99-109: unused variable local_refs
Warning, file "/home/fabrice/git/pycsl/scratchpad/w7/tmp/.pycsl_dt9cy9s4.mlw", line 2127, characters 134-147: unused variable invariant_ctx
Warning, file "/home/fabrice/git/pycsl/scratchpad/w7/tmp/.pycsl_dt9cy9s4.mlw", line 2127, characters 155-160: unused variable subst
Warning, file "/home/fabrice/git/pycsl/scratchpad/w7/tmp/.pycsl_dt9cy9s4.mlw", line 2129, characters 15-19: unused variable result
Warning, file "/home/fabrice/git/pycsl/scratchpad/w7/tmp/.pycsl_dt9cy9s4.mlw", line 2131, characters 50-54: unused variable self
Warning, file "/home/fabrice/git/pycsl/scratchpad/w7/tmp/.pycsl_dt9cy9s4.mlw", line 2131, characters 82-86: unused variable name
Warning, file "/home/fabrice/git/pycsl/scratchpad/w7/tmp/.pycsl_dt9cy9s4.mlw", line 2131, characters 97-107: unused variable local_refs
Warning, file "/home/fabrice/git/pycsl/scratchpad/w7/tmp/.pycsl_dt9cy9s4.mlw", line 2131, characters 132-137: unused variable subst
Warning, file "/home/fabrice/git/pycsl/scratchpad/w7/tmp/.pycsl_dt9cy9s4.mlw", line 2133, characters 15-19: unused variable result
Warning, file "/home/fabrice/git/pycsl/scratchpad/w7/tmp/.pycsl_dt9cy9s4.mlw", line 2135, characters 54-58: unused variable self
Warning, file "/home/fabrice/git/pycsl/scratchpad/w7/tmp/.pycsl_dt9cy9s4.mlw", line 2135, characters 86-87: unused variable s
Warning, file "/home/fabrice/git/pycsl/scratchpad/w7/tmp/.pycsl_dt9cy9s4.mlw", line 2137, characters 15-19: unused variable result
Warning, file "/home/fabrice/git/pycsl/scratchpad/w7/tmp/.pycsl_dt9cy9s4.mlw", line 2139, characters 49-53: unused variable self
Warning, file "/home/fabrice/git/pycsl/scratchpad/w7/tmp/.pycsl_dt9cy9s4.mlw", line 2139, characters 81-85: unused variable node
Warning, file "/home/fabrice/git/pycsl/scratchpad/w7/tmp/.pycsl_dt9cy9s4.mlw", line 2139, characters 97-107: unused variable local_refs
Warning, file "/home/fabrice/git/pycsl/scratchpad/w7/tmp/.pycsl_dt9cy9s4.mlw", line 2139, characters 132-137: unused variable subst
Warning, file "/home/fabrice/git/pycsl/scratchpad/w7/tmp/.pycsl_dt9cy9s4.mlw", line 2141, characters 15-19: unused variable result
Warning, file "/home/fabrice/git/pycsl/scratchpad/w7/tmp/.pycsl_dt9cy9s4.mlw", line 2147, characters 15-19: unused variable result
Warning, file "/home/fabrice/git/pycsl/scratchpad/w7/tmp/.pycsl_dt9cy9s4.mlw", line 2258, characters 48-52: unused variable self
Warning, file "/home/fabrice/git/pycsl/scratchpad/w7/tmp/.pycsl_dt9cy9s4.mlw", line 2258, characters 80-84: unused variable test
Warning, file "/home/fabrice/git/pycsl/scratchpad/w7/tmp/.pycsl_dt9cy9s4.mlw", line 2258, characters 125-135: unused variable local_refs
Warning, file "/home/fabrice/git/pycsl/scratchpad/w7/tmp/.pycsl_dt9cy9s4.mlw", line 2260, characters 15-19: unused variable result
Warning, file "/home/fabrice/git/pycsl/scratchpad/w7/tmp/.pycsl_dt9cy9s4.mlw", line 2262, characters 49-53: unused variable self
Warning, file "/home/fabrice/git/pycsl/scratchpad/w7/tmp/.pycsl_dt9cy9s4.mlw", line 2262, characters 81-83: unused variable ir
Warning, file "/home/fabrice/git/pycsl/scratchpad/w7/tmp/.pycsl_dt9cy9s4.mlw", line 2263, characters 15-19: unused variable result
Warning, file "/home/fabrice/git/pycsl/scratchpad/w7/tmp/.pycsl_dt9cy9s4.mlw", line 2265, characters 47-51: unused variable self
Warning, file "/home/fabrice/git/pycsl/scratchpad/w7/tmp/.pycsl_dt9cy9s4.mlw", line 2265, characters 79-81: unused variable ir
Warning, file "/home/fabrice/git/pycsl/scratchpad/w7/tmp/.pycsl_dt9cy9s4.mlw", line 2267, characters 15-19: unused variable result
Warning, file "/home/fabrice/git/pycsl/scratchpad/w7/tmp/.pycsl_dt9cy9s4.mlw", line 2269, characters 50-54: unused variable self
Warning, file "/home/fabrice/git/pycsl/scratchpad/w7/tmp/.pycsl_dt9cy9s4.mlw", line 2269, characters 82-84: unused variable ir
Warning, file "/home/fabrice/git/pycsl/scratchpad/w7/tmp/.pycsl_dt9cy9s4.mlw", line 2271, characters 15-19: unused variable result
Warning, file "/home/fabrice/git/pycsl/scratchpad/w7/tmp/.pycsl_dt9cy9s4.mlw", line 2273, characters 48-52: unused variable self
Warning, file "/home/fabrice/git/pycsl/scratchpad/w7/tmp/.pycsl_dt9cy9s4.mlw", line 2273, characters 80-82: unused variable ir
Warning, file "/home/fabrice/git/pycsl/scratchpad/w7/tmp/.pycsl_dt9cy9s4.mlw", line 2275, characters 15-19: unused variable result
Warning, file "/home/fabrice/git/pycsl/scratchpad/w7/tmp/.pycsl_dt9cy9s4.mlw", line 2277, characters 49-53: unused variable self
Warning, file "/home/fabrice/git/pycsl/scratchpad/w7/tmp/.pycsl_dt9cy9s4.mlw", line 2277, characters 81-88: unused variable iter_ir
Warning, file "/home/fabrice/git/pycsl/scratchpad/w7/tmp/.pycsl_dt9cy9s4.mlw", line 2279, characters 15-19: unused variable result
Warning, file "/home/fabrice/git/pycsl/scratchpad/w7/tmp/.pycsl_dt9cy9s4.mlw", line 2281, characters 47-51: unused variable self
Warning, file "/home/fabrice/git/pycsl/scratchpad/w7/tmp/.pycsl_dt9cy9s4.mlw", line 2281, characters 79-81: unused variable ir
Warning, file "/home/fabrice/git/pycsl/scratchpad/w7/tmp/.pycsl_dt9cy9s4.mlw", line 2281, characters 89-99: unused variable local_refs
Warning, file "/home/fabrice/git/pycsl/scratchpad/w7/tmp/.pycsl_dt9cy9s4.mlw", line 2283, characters 15-19: unused variable result
Warning, file "/home/fabrice/git/pycsl/scratchpad/w7/tmp/.pycsl_dt9cy9s4.mlw", line 2285, characters 45-49: unused variable self
Warning, file "/home/fabrice/git/pycsl/scratchpad/w7/tmp/.pycsl_dt9cy9s4.mlw", line 2285, characters 77-79: unused variable ir
Warning, file "/home/fabrice/git/pycsl/scratchpad/w7/tmp/.pycsl_dt9cy9s4.mlw", line 2287, characters 15-19: unused variable result
Warning, file "/home/fabrice/git/pycsl/scratchpad/w7/tmp/.pycsl_dt9cy9s4.mlw", line 2289, characters 58-62: unused variable self
Warning, file "/home/fabrice/git/pycsl/scratchpad/w7/tmp/.pycsl_dt9cy9s4.mlw", line 2289, characters 90-94: unused variable expr
Warning, file "/home/fabrice/git/pycsl/scratchpad/w7/tmp/.pycsl_dt9cy9s4.mlw", line 2291, characters 15-19: unused variable result
Warning, file "/home/fabrice/git/pycsl/scratchpad/w7/tmp/.pycsl_dt9cy9s4.mlw", line 2293, characters 52-56: unused variable self
Warning, file "/home/fabrice/git/pycsl/scratchpad/w7/tmp/.pycsl_dt9cy9s4.mlw", line 2293, characters 84-87: unused variable pat
Warning, file "/home/fabrice/git/pycsl/scratchpad/w7/tmp/.pycsl_dt9cy9s4.mlw", line 2293, characters 95-102: unused variable subject
Warning, file "/home/fabrice/git/pycsl/scratchpad/w7/tmp/.pycsl_dt9cy9s4.mlw", line 2293, characters 113-123: unused variable local_refs
Warning, file "/home/fabrice/git/pycsl/scratchpad/w7/tmp/.pycsl_dt9cy9s4.mlw", line 2295, characters 15-19: unused variable result
Warning, file "/home/fabrice/git/pycsl/scratchpad/w7/tmp/.pycsl_dt9cy9s4.mlw", line 2297, characters 52-56: unused variable self
Warning, file "/home/fabrice/git/pycsl/scratchpad/w7/tmp/.pycsl_dt9cy9s4.mlw", line 2301, characters 52-56: unused variable self
Warning, file "/home/fabrice/git/pycsl/scratchpad/w7/tmp/.pycsl_dt9cy9s4.mlw", line 2301, characters 84-93: unused variable whyml_str
Warning, file "/home/fabrice/git/pycsl/scratchpad/w7/tmp/.pycsl_dt9cy9s4.mlw", line 2301, characters 104-110: unused variable arg_ir
Warning, file "/home/fabrice/git/pycsl/scratchpad/w7/tmp/.pycsl_dt9cy9s4.mlw", line 2303, characters 15-19: unused variable result
Warning, file "/home/fabrice/git/pycsl/scratchpad/w7/tmp/.pycsl_dt9cy9s4.mlw", line 2305, characters 56-60: unused variable self
Warning, file "/home/fabrice/git/pycsl/scratchpad/w7/tmp/.pycsl_dt9cy9s4.mlw", line 2309, characters 20-26: unused variable op_key
Warning, file "/home/fabrice/git/pycsl/scratchpad/w7/tmp/.pycsl_dt9cy9s4.mlw", line 2311, characters 15-19: unused variable result
Warning, file "/home/fabrice/git/pycsl/scratchpad/w7/tmp/.pycsl_dt9cy9s4.mlw", line 2313, characters 64-68: unused variable self
Warning, file "/home/fabrice/git/pycsl/scratchpad/w7/tmp/.pycsl_dt9cy9s4.mlw", line 2313, characters 96-102: unused variable op_key
Warning, file "/home/fabrice/git/pycsl/scratchpad/w7/tmp/.pycsl_dt9cy9s4.mlw", line 2313, characters 110-118: unused variable operands
Warning, file "/home/fabrice/git/pycsl/scratchpad/w7/tmp/.pycsl_dt9cy9s4.mlw", line 2315, characters 15-19: unused variable result
Warning, file "/home/fabrice/git/pycsl/scratchpad/w7/tmp/.pycsl_dt9cy9s4.mlw", line 2317, characters 55-59: unused variable self
Warning, file "/home/fabrice/git/pycsl/scratchpad/w7/tmp/.pycsl_dt9cy9s4.mlw", line 2317, characters 87-92: unused variable mutex
Warning, file "/home/fabrice/git/pycsl/scratchpad/w7/tmp/.pycsl_dt9cy9s4.mlw", line 2317, characters 103-110: unused variable inv_str
Warning, file "/home/fabrice/git/pycsl/scratchpad/w7/tmp/.pycsl_dt9cy9s4.mlw", line 2318, characters 15-19: unused variable result
Warning, file "/home/fabrice/git/pycsl/scratchpad/w7/tmp/.pycsl_dt9cy9s4.mlw", line 2320, characters 62-66: unused variable self
Warning, file "/home/fabrice/git/pycsl/scratchpad/w7/tmp/.pycsl_dt9cy9s4.mlw", line 2320, characters 94-99: unused variable value
Warning, file "/home/fabrice/git/pycsl/scratchpad/w7/tmp/.pycsl_dt9cy9s4.mlw", line 2320, characters 111-119: unused variable index_ir
Warning, file "/home/fabrice/git/pycsl/scratchpad/w7/tmp/.pycsl_dt9cy9s4.mlw", line 2320, characters 131-141: unused variable local_refs
Warning, file "/home/fabrice/git/pycsl/scratchpad/w7/tmp/.pycsl_dt9cy9s4.mlw", line 2320, characters 166-179: unused variable invariant_ctx
Warning, file "/home/fabrice/git/pycsl/scratchpad/w7/tmp/.pycsl_dt9cy9s4.mlw", line 2320, characters 187-192: unused variable subst
Warning, file "/home/fabrice/git/pycsl/scratchpad/w7/tmp/.pycsl_dt9cy9s4.mlw", line 2322, characters 15-19: unused variable result
Warning, file "/home/fabrice/git/pycsl/scratchpad/w7/tmp/.pycsl_dt9cy9s4.mlw", line 2324, characters 50-54: unused variable self
Warning, file "/home/fabrice/git/pycsl/scratchpad/w7/tmp/.pycsl_dt9cy9s4.mlw", line 2324, characters 82-85: unused variable var
Warning, file "/home/fabrice/git/pycsl/scratchpad/w7/tmp/.pycsl_dt9cy9s4.mlw", line 2324, characters 93-98: unused variable token
Warning, file "/home/fabrice/git/pycsl/scratchpad/w7/tmp/.pycsl_dt9cy9s4.mlw", line 2328, characters 51-55: unused variable self
Warning, file "/home/fabrice/git/pycsl/scratchpad/w7/tmp/.pycsl_dt9cy9s4.mlw", line 2328, characters 83-86: unused variable var
Warning, file "/home/fabrice/git/pycsl/scratchpad/w7/tmp/.pycsl_dt9cy9s4.mlw", line 2328, characters 94-105: unused variable binder_type
Warning, file "/home/fabrice/git/pycsl/scratchpad/w7/tmp/.pycsl_dt9cy9s4.mlw", line 2332, characters 52-56: unused variable self
Warning, file "/home/fabrice/git/pycsl/scratchpad/w7/tmp/.pycsl_dt9cy9s4.mlw", line 2332, characters 84-95: unused variable binder_type
Warning, file "/home/fabrice/git/pycsl/scratchpad/w7/tmp/.pycsl_dt9cy9s4.mlw", line 2334, characters 15-19: unused variable result
Warning, file "/home/fabrice/git/pycsl/scratchpad/w7/tmp/.pycsl_dt9cy9s4.mlw", line 2336, characters 62-66: unused variable self
Warning, file "/home/fabrice/git/pycsl/scratchpad/w7/tmp/.pycsl_dt9cy9s4.mlw", line 2336, characters 94-98: unused variable expr
Warning, file "/home/fabrice/git/pycsl/scratchpad/w7/tmp/.pycsl_dt9cy9s4.mlw", line 2336, characters 110-120: unused variable local_refs
Warning, file "/home/fabrice/git/pycsl/scratchpad/w7/tmp/.pycsl_dt9cy9s4.mlw", line 2336, characters 145-158: unused variable invariant_ctx
Warning, file "/home/fabrice/git/pycsl/scratchpad/w7/tmp/.pycsl_dt9cy9s4.mlw", line 2336, characters 166-171: unused variable subst
Warning, file "/home/fabrice/git/pycsl/scratchpad/w7/tmp/.pycsl_dt9cy9s4.mlw", line 2338, characters 15-19: unused variable result
Warning, file "/home/fabrice/git/pycsl/scratchpad/w7/tmp/.pycsl_dt9cy9s4.mlw", line 2340, characters 57-61: unused variable self
Warning, file "/home/fabrice/git/pycsl/scratchpad/w7/tmp/.pycsl_dt9cy9s4.mlw", line 2340, characters 89-96: unused variable cond_ir
Warning, file "/home/fabrice/git/pycsl/scratchpad/w7/tmp/.pycsl_dt9cy9s4.mlw", line 2340, characters 104-115: unused variable param_names
Warning, file "/home/fabrice/git/pycsl/scratchpad/w7/tmp/.pycsl_dt9cy9s4.mlw", line 2340, characters 132-136: unused variable args
Warning, file "/home/fabrice/git/pycsl/scratchpad/w7/tmp/.pycsl_dt9cy9s4.mlw", line 2342, characters 15-19: unused variable result
Warning, file "/home/fabrice/git/pycsl/scratchpad/w7/tmp/.pycsl_dt9cy9s4.mlw", line 2344, characters 59-63: unused variable self
Warning, file "/home/fabrice/git/pycsl/scratchpad/w7/tmp/.pycsl_dt9cy9s4.mlw", line 2348, characters 58-62: unused variable self
Warning, file "/home/fabrice/git/pycsl/scratchpad/w7/tmp/.pycsl_dt9cy9s4.mlw", line 2348, characters 90-99: unused variable func_name
Warning, file "/home/fabrice/git/pycsl/scratchpad/w7/tmp/.pycsl_dt9cy9s4.mlw", line 2352, characters 62-66: unused variable self
Warning, file "/home/fabrice/git/pycsl/scratchpad/w7/tmp/.pycsl_dt9cy9s4.mlw", line 2352, characters 94-100: unused variable target
Warning, file "/home/fabrice/git/pycsl/scratchpad/w7/tmp/.pycsl_dt9cy9s4.mlw", line 2352, characters 111-113: unused variable op
Warning, file "/home/fabrice/git/pycsl/scratchpad/w7/tmp/.pycsl_dt9cy9s4.mlw", line 2352, characters 124-134: unused variable ghost_type
Warning, file "/home/fabrice/git/pycsl/scratchpad/w7/tmp/.pycsl_dt9cy9s4.mlw", line 2354, characters 15-19: unused variable result
Warning, file "/home/fabrice/git/pycsl/scratchpad/w7/tmp/.pycsl_dt9cy9s4.mlw", line 2356, characters 47-51: unused variable self
Warning, file "/home/fabrice/git/pycsl/scratchpad/w7/tmp/.pycsl_dt9cy9s4.mlw", line 2356, characters 79-85: unused variable val_ir
Warning, file "/home/fabrice/git/pycsl/scratchpad/w7/tmp/.pycsl_dt9cy9s4.mlw", line 2356, characters 97-107: unused variable local_refs
Warning, file "/home/fabrice/git/pycsl/scratchpad/w7/tmp/.pycsl_dt9cy9s4.mlw", line 2356, characters 132-138: unused variable target
Warning, file "/home/fabrice/git/pycsl/scratchpad/w7/tmp/.pycsl_dt9cy9s4.mlw", line 2358, characters 15-19: unused variable result
Warning, file "/home/fabrice/git/pycsl/scratchpad/w7/tmp/.pycsl_dt9cy9s4.mlw", line 2360, characters 45-49: unused variable self
Warning, file "/home/fabrice/git/pycsl/scratchpad/w7/tmp/.pycsl_dt9cy9s4.mlw", line 2360, characters 77-83: unused variable val_ir
Warning, file "/home/fabrice/git/pycsl/scratchpad/w7/tmp/.pycsl_dt9cy9s4.mlw", line 2360, characters 95-105: unused variable local_refs
Warning, file "/home/fabrice/git/pycsl/scratchpad/w7/tmp/.pycsl_dt9cy9s4.mlw", line 2362, characters 15-19: unused variable result
Warning, file "/home/fabrice/git/pycsl/scratchpad/w7/tmp/.pycsl_dt9cy9s4.mlw", line 2364, characters 50-54: unused variable self
Warning, file "/home/fabrice/git/pycsl/scratchpad/w7/tmp/.pycsl_dt9cy9s4.mlw", line 2366, characters 15-19: unused variable result
Warning, file "/home/fabrice/git/pycsl/scratchpad/w7/tmp/.pycsl_dt9cy9s4.mlw", line 2368, characters 50-54: unused variable self
Warning, file "/home/fabrice/git/pycsl/scratchpad/w7/tmp/.pycsl_dt9cy9s4.mlw", line 2368, characters 82-91: unused variable let_lines
Warning, file "/home/fabrice/git/pycsl/scratchpad/w7/tmp/.pycsl_dt9cy9s4.mlw", line 2368, characters 108-119: unused variable public_name
Warning, file "/home/fabrice/git/pycsl/scratchpad/w7/tmp/.pycsl_dt9cy9s4.mlw", line 2370, characters 15-19: unused variable result
Warning, file "/home/fabrice/git/pycsl/scratchpad/w7/tmp/.pycsl_dt9cy9s4.mlw", line 2372, characters 50-54: unused variable self
Warning, file "/home/fabrice/git/pycsl/scratchpad/w7/tmp/.pycsl_dt9cy9s4.mlw", line 2372, characters 82-84: unused variable rt
Warning, file "/home/fabrice/git/pycsl/scratchpad/w7/tmp/.pycsl_dt9cy9s4.mlw", line 2374, characters 15-19: unused variable result
Warning, file "/home/fabrice/git/pycsl/scratchpad/w7/tmp/.pycsl_dt9cy9s4.mlw", line 2376, characters 46-50: unused variable self
Warning, file "/home/fabrice/git/pycsl/scratchpad/w7/tmp/.pycsl_dt9cy9s4.mlw", line 2376, characters 78-86: unused variable lower_ir
Warning, file "/home/fabrice/git/pycsl/scratchpad/w7/tmp/.pycsl_dt9cy9s4.mlw", line 2376, characters 98-106: unused variable upper_ir
Warning, file "/home/fabrice/git/pycsl/scratchpad/w7/tmp/.pycsl_dt9cy9s4.mlw", line 2378, characters 15-19: unused variable result
Warning, file "/home/fabrice/git/pycsl/scratchpad/w7/tmp/.pycsl_dt9cy9s4.mlw", line 2380, characters 48-52: unused variable self
Warning, file "/home/fabrice/git/pycsl/scratchpad/w7/tmp/.pycsl_dt9cy9s4.mlw", line 2380, characters 80-85: unused variable stmts
Warning, file "/home/fabrice/git/pycsl/scratchpad/w7/tmp/.pycsl_dt9cy9s4.mlw", line 2380, characters 99-109: unused variable local_refs
Warning, file "/home/fabrice/git/pycsl/scratchpad/w7/tmp/.pycsl_dt9cy9s4.mlw", line 2380, characters 134-147: unused variable declared_refs
Warning, file "/home/fabrice/git/pycsl/scratchpad/w7/tmp/.pycsl_dt9cy9s4.mlw", line 2380, characters 172-178: unused variable indent
Warning, file "/home/fabrice/git/pycsl/scratchpad/w7/tmp/.pycsl_dt9cy9s4.mlw", line 2380, characters 189-196: unused variable in_loop
Warning, file "/home/fabrice/git/pycsl/scratchpad/w7/tmp/.pycsl_dt9cy9s4.mlw", line 2382, characters 15-19: unused variable result
Warning, file "/home/fabrice/git/pycsl/scratchpad/w7/tmp/.pycsl_dt9cy9s4.mlw", line 2385, characters 52-56: unused variable self
Warning, file "/home/fabrice/git/pycsl/scratchpad/w7/tmp/.pycsl_dt9cy9s4.mlw", line 2385, characters 84-93: unused variable whyml_str
Warning, file "/home/fabrice/git/pycsl/scratchpad/w7/tmp/.pycsl_dt9cy9s4.mlw", line 2387, characters 15-19: unused variable result
Warning, file "/home/fabrice/git/pycsl/scratchpad/w7/tmp/.pycsl_dt9cy9s4.mlw", line 2389, characters 52-56: unused variable self
Warning, file "/home/fabrice/git/pycsl/scratchpad/w7/tmp/.pycsl_dt9cy9s4.mlw", line 2389, characters 84-85: unused variable s
Warning, file "/home/fabrice/git/pycsl/scratchpad/w7/tmp/.pycsl_dt9cy9s4.mlw", line 2391, characters 15-19: unused variable result
Warning, file "/home/fabrice/git/pycsl/scratchpad/w7/tmp/.pycsl_dt9cy9s4.mlw", line 2410, characters 32-36: unused variable result
Warning, file "/home/fabrice/git/pycsl/scratchpad/w7/tmp/.pycsl_dt9cy9s4.mlw", line 2440, characters 45-49: unused variable self
Warning, file "/home/fabrice/git/pycsl/scratchpad/w7/tmp/.pycsl_dt9cy9s4.mlw", line 2440, characters 77-83: unused variable t_name
Warning, file "/home/fabrice/git/pycsl/scratchpad/w7/tmp/.pycsl_dt9cy9s4.mlw", line 2442, characters 15-19: unused variable result
Warning, file "/home/fabrice/git/pycsl/scratchpad/w7/tmp/.pycsl_dt9cy9s4.mlw", line 2444, characters 46-50: unused variable self
Warning, file "/home/fabrice/git/pycsl/scratchpad/w7/tmp/.pycsl_dt9cy9s4.mlw", line 2444, characters 78-82: unused variable x_ir
Warning, file "/home/fabrice/git/pycsl/scratchpad/w7/tmp/.pycsl_dt9cy9s4.mlw", line 2446, characters 15-19: unused variable result
Warning, file "/home/fabrice/git/pycsl/scratchpad/w7/tmp/.pycsl_dt9cy9s4.mlw", line 2448, characters 41-45: unused variable self
Warning, file "/home/fabrice/git/pycsl/scratchpad/w7/tmp/.pycsl_dt9cy9s4.mlw", line 2448, characters 73-82: unused variable whyml_str
Warning, file "/home/fabrice/git/pycsl/scratchpad/w7/tmp/.pycsl_dt9cy9s4.mlw", line 2448, characters 93-100: unused variable ir_expr
Warning, file "/home/fabrice/git/pycsl/scratchpad/w7/tmp/.pycsl_dt9cy9s4.mlw", line 2450, characters 15-19: unused variable result
Warning, file "/home/fabrice/git/pycsl/scratchpad/w7/tmp/.pycsl_dt9cy9s4.mlw", line 2452, characters 53-57: unused variable self
Warning, file "/home/fabrice/git/pycsl/scratchpad/w7/tmp/.pycsl_dt9cy9s4.mlw", line 2452, characters 85-96: unused variable recv_dotted
Warning, file "/home/fabrice/git/pycsl/scratchpad/w7/tmp/.pycsl_dt9cy9s4.mlw", line 2454, characters 15-19: unused variable result
Warning, file "/home/fabrice/git/pycsl/scratchpad/w7/tmp/.pycsl_dt9cy9s4.mlw", line 2456, characters 50-54: unused variable self
Warning, file "/home/fabrice/git/pycsl/scratchpad/w7/tmp/.pycsl_dt9cy9s4.mlw", line 2456, characters 82-93: unused variable recv_dotted
Warning, file "/home/fabrice/git/pycsl/scratchpad/w7/tmp/.pycsl_dt9cy9s4.mlw", line 2456, characters 104-107: unused variable key
Warning, file "/home/fabrice/git/pycsl/scratchpad/w7/tmp/.pycsl_dt9cy9s4.mlw", line 2458, characters 15-19: unused variable result
Warning, file "/home/fabrice/git/pycsl/scratchpad/w7/tmp/.pycsl_dt9cy9s4.mlw", line 2460, characters 59-63: unused variable self
Warning, file "/home/fabrice/git/pycsl/scratchpad/w7/tmp/.pycsl_dt9cy9s4.mlw", line 2460, characters 91-97: unused variable target
Warning, file "/home/fabrice/git/pycsl/scratchpad/w7/tmp/.pycsl_dt9cy9s4.mlw", line 2460, characters 108-114: unused variable val_ir
Warning, file "/home/fabrice/git/pycsl/scratchpad/w7/tmp/.pycsl_dt9cy9s4.mlw", line 2463, characters 29-38: unused variable functions
Warning, file "/home/fabrice/git/pycsl/scratchpad/w7/tmp/.pycsl_dt9cy9s4.mlw", line 2463, characters 52-66: unused variable extra_concrete
Warning, file "/home/fabrice/git/pycsl/scratchpad/w7/tmp/.pycsl_dt9cy9s4.mlw", line 2465, characters 15-19: unused variable result
Warning, file "/home/fabrice/git/pycsl/scratchpad/w7/tmp/.pycsl_dt9cy9s4.mlw", line 2467, characters 51-55: unused variable self
Warning, file "/home/fabrice/git/pycsl/scratchpad/w7/tmp/.pycsl_dt9cy9s4.mlw", line 2467, characters 83-92: unused variable functions
Warning, file "/home/fabrice/git/pycsl/scratchpad/w7/tmp/.pycsl_dt9cy9s4.mlw", line 2467, characters 106-116: unused variable type_decls
Warning, file "/home/fabrice/git/pycsl/scratchpad/w7/tmp/.pycsl_dt9cy9s4.mlw", line 2469, characters 15-19: unused variable result
Warning, file "/home/fabrice/git/pycsl/scratchpad/w7/tmp/.pycsl_dt9cy9s4.mlw", line 2471, characters 50-54: unused variable self
Warning, file "/home/fabrice/git/pycsl/scratchpad/w7/tmp/.pycsl_dt9cy9s4.mlw", line 2471, characters 82-92: unused variable body_stmts
Warning, file "/home/fabrice/git/pycsl/scratchpad/w7/tmp/.pycsl_dt9cy9s4.mlw", line 2473, characters 15-19: unused variable result
Warning, file "/home/fabrice/git/pycsl/scratchpad/w7/tmp/.pycsl_dt9cy9s4.mlw", line 2475, characters 56-60: unused variable self
Warning, file "/home/fabrice/git/pycsl/scratchpad/w7/tmp/.pycsl_dt9cy9s4.mlw", line 2475, characters 88-93: unused variable value
Warning, file "/home/fabrice/git/pycsl/scratchpad/w7/tmp/.pycsl_dt9cy9s4.mlw", line 2475, characters 105-113: unused variable index_ir
Warning, file "/home/fabrice/git/pycsl/scratchpad/w7/tmp/.pycsl_dt9cy9s4.mlw", line 2475, characters 125-135: unused variable local_refs
Warning, file "/home/fabrice/git/pycsl/scratchpad/w7/tmp/.pycsl_dt9cy9s4.mlw", line 2475, characters 160-173: unused variable invariant_ctx
Warning, file "/home/fabrice/git/pycsl/scratchpad/w7/tmp/.pycsl_dt9cy9s4.mlw", line 2475, characters 181-186: unused variable subst
Warning, file "/home/fabrice/git/pycsl/scratchpad/w7/tmp/.pycsl_dt9cy9s4.mlw", line 2477, characters 15-19: unused variable result
Warning, file "/home/fabrice/git/pycsl/scratchpad/w7/tmp/.pycsl_dt9cy9s4.mlw", line 2479, characters 58-62: unused variable self
Warning, file "/home/fabrice/git/pycsl/scratchpad/w7/tmp/.pycsl_dt9cy9s4.mlw", line 2479, characters 90-94: unused variable expr
Warning, file "/home/fabrice/git/pycsl/scratchpad/w7/tmp/.pycsl_dt9cy9s4.mlw", line 2479, characters 106-116: unused variable local_refs
Warning, file "/home/fabrice/git/pycsl/scratchpad/w7/tmp/.pycsl_dt9cy9s4.mlw", line 2479, characters 141-154: unused variable invariant_ctx
Warning, file "/home/fabrice/git/pycsl/scratchpad/w7/tmp/.pycsl_dt9cy9s4.mlw", line 2479, characters 162-167: unused variable subst
Warning, file "/home/fabrice/git/pycsl/scratchpad/w7/tmp/.pycsl_dt9cy9s4.mlw", line 2481, characters 15-19: unused variable result
Warning, file "/home/fabrice/git/pycsl/scratchpad/w7/tmp/.pycsl_dt9cy9s4.mlw", line 2484, characters 53-57: unused variable self
Warning, file "/home/fabrice/git/pycsl/scratchpad/w7/tmp/.pycsl_dt9cy9s4.mlw", line 2484, characters 85-89: unused variable x_ir
Warning, file "/home/fabrice/git/pycsl/scratchpad/w7/tmp/.pycsl_dt9cy9s4.mlw", line 2486, characters 15-19: unused variable result
Warning, file "/home/fabrice/git/pycsl/scratchpad/w7/tmp/.pycsl_dt9cy9s4.mlw", line 2488, characters 45-49: unused variable self
Warning, file "/home/fabrice/git/pycsl/scratchpad/w7/tmp/.pycsl_dt9cy9s4.mlw", line 2488, characters 77-83: unused variable val_ir
Warning, file "/home/fabrice/git/pycsl/scratchpad/w7/tmp/.pycsl_dt9cy9s4.mlw", line 2490, characters 15-19: unused variable result
Warning, file "/home/fabrice/git/pycsl/scratchpad/w7/tmp/.pycsl_dt9cy9s4.mlw", line 2531, characters 54-58: unused variable self
Warning, file "/home/fabrice/git/pycsl/scratchpad/w7/tmp/.pycsl_dt9cy9s4.mlw", line 2532, characters 32-36: unused variable result
Warning, file "/home/fabrice/git/pycsl/scratchpad/w7/tmp/.pycsl_dt9cy9s4.mlw", line 2536, characters 61-65: unused variable self
Warning, file "/home/fabrice/git/pycsl/scratchpad/w7/tmp/.pycsl_dt9cy9s4.mlw", line 2536, characters 93-102: unused variable body_code
Warning, file "/home/fabrice/git/pycsl/scratchpad/w7/tmp/.pycsl_dt9cy9s4.mlw", line 2536, characters 113-124: unused variable return_type
Warning, file "/home/fabrice/git/pycsl/scratchpad/w7/tmp/.pycsl_dt9cy9s4.mlw", line 2538, characters 15-19: unused variable result
Warning, file "/home/fabrice/git/pycsl/scratchpad/w7/tmp/.pycsl_dt9cy9s4.mlw", line 2540, characters 69-73: unused variable self
Warning, file "/home/fabrice/git/pycsl/scratchpad/w7/tmp/.pycsl_dt9cy9s4.mlw", line 2540, characters 101-112: unused variable callee_name
Warning, file "/home/fabrice/git/pycsl/scratchpad/w7/tmp/.pycsl_dt9cy9s4.mlw", line 2540, characters 123-128: unused variable inner
Warning, file "/home/fabrice/git/pycsl/scratchpad/w7/tmp/.pycsl_dt9cy9s4.mlw", line 2540, characters 139-143: unused variable args
Warning, file "/home/fabrice/git/pycsl/scratchpad/w7/tmp/.pycsl_dt9cy9s4.mlw", line 2542, characters 15-19: unused variable result
Warning, file "/home/fabrice/git/pycsl/scratchpad/w7/tmp/.pycsl_dt9cy9s4.mlw", line 2546, characters 15-19: unused variable result
Warning, file "/home/fabrice/git/pycsl/scratchpad/w7/tmp/.pycsl_dt9cy9s4.mlw", line 2659, characters 15-19: unused variable result
Warning, file "/home/fabrice/git/pycsl/scratchpad/w7/tmp/.pycsl_dt9cy9s4.mlw", line 2767, characters 42-46: unused variable self
Warning, file "/home/fabrice/git/pycsl/scratchpad/w7/tmp/.pycsl_dt9cy9s4.mlw", line 2769, characters 15-19: unused variable result
Warning, file "/home/fabrice/git/pycsl/scratchpad/w7/tmp/.pycsl_dt9cy9s4.mlw", line 2773, characters 79-83: unused variable decl
Warning, file "/home/fabrice/git/pycsl/scratchpad/w7/tmp/.pycsl_dt9cy9s4.mlw", line 2777, characters 49-53: unused variable self
Warning, file "/home/fabrice/git/pycsl/scratchpad/w7/tmp/.pycsl_dt9cy9s4.mlw", line 2777, characters 80-89: unused variable whyml_str
Warning, file "/home/fabrice/git/pycsl/scratchpad/w7/tmp/.pycsl_dt9cy9s4.mlw", line 2779, characters 15-19: unused variable result
Warning, file "/home/fabrice/git/pycsl/scratchpad/w7/tmp/.pycsl_dt9cy9s4.mlw", line 2781, characters 63-67: unused variable self
Warning, file "/home/fabrice/git/pycsl/scratchpad/w7/tmp/.pycsl_dt9cy9s4.mlw", line 2781, characters 94-103: unused variable func_name
Warning, file "/home/fabrice/git/pycsl/scratchpad/w7/tmp/.pycsl_dt9cy9s4.mlw", line 2783, characters 15-19: unused variable result
Warning, file "/home/fabrice/git/pycsl/scratchpad/w7/tmp/.pycsl_dt9cy9s4.mlw", line 2785, characters 46-50: unused variable self
Warning, file "/home/fabrice/git/pycsl/scratchpad/w7/tmp/.pycsl_dt9cy9s4.mlw", line 2785, characters 77-83: unused variable py_val
Warning, file "/home/fabrice/git/pycsl/scratchpad/w7/tmp/.pycsl_dt9cy9s4.mlw", line 2786, characters 15-19: unused variable result
Warning, file "/home/fabrice/git/pycsl/scratchpad/w7/tmp/.pycsl_dt9cy9s4.mlw", line 2825, characters 32-36: unused variable result
Warning, file "/home/fabrice/git/pycsl/scratchpad/w7/tmp/.pycsl_dt9cy9s4.mlw", line 2860, characters 32-36: unused variable result
Warning, file "/home/fabrice/git/pycsl/scratchpad/w7/tmp/.pycsl_dt9cy9s4.mlw", line 2854, characters 32-36: unused variable result
Warning, file "/home/fabrice/git/pycsl/scratchpad/w7/tmp/.pycsl_dt9cy9s4.mlw", line 2847, characters 32-36: unused variable result
Warning, file "/home/fabrice/git/pycsl/scratchpad/w7/tmp/.pycsl_dt9cy9s4.mlw", line 2864, characters 32-36: unused variable result
Warning, file "/home/fabrice/git/pycsl/scratchpad/w7/tmp/.pycsl_dt9cy9s4.mlw", line 2866, characters 64-68: unused variable self
Warning, file "/home/fabrice/git/pycsl/scratchpad/w7/tmp/.pycsl_dt9cy9s4.mlw", line 2866, characters 95-105: unused variable body_stmts
Warning, file "/home/fabrice/git/pycsl/scratchpad/w7/tmp/.pycsl_dt9cy9s4.mlw", line 2868, characters 15-19: unused variable result
Warning, file "/home/fabrice/git/pycsl/scratchpad/w7/tmp/.pycsl_dt9cy9s4.mlw", line 2870, characters 78-80: unused variable nu
Warning, file "/home/fabrice/git/pycsl/scratchpad/w7/tmp/.pycsl_dt9cy9s4.mlw", line 2870, characters 88-96: unused variable val_expr
Warning, file "/home/fabrice/git/pycsl/scratchpad/w7/tmp/.pycsl_dt9cy9s4.mlw", line 2872, characters 15-19: unused variable result
Warning, file "/home/fabrice/git/pycsl/scratchpad/w7/tmp/.pycsl_dt9cy9s4.mlw", line 2875, characters 34-38: unused variable self
Warning, file "/home/fabrice/git/pycsl/scratchpad/w7/tmp/.pycsl_dt9cy9s4.mlw", line 2875, characters 65-67: unused variable ir
Warning, file "/home/fabrice/git/pycsl/scratchpad/w7/tmp/.pycsl_dt9cy9s4.mlw", line 2875, characters 79-89: unused variable local_refs
Warning, file "/home/fabrice/git/pycsl/scratchpad/w7/tmp/.pycsl_dt9cy9s4.mlw", line 2876, characters 15-19: unused variable result
Warning, file "/home/fabrice/git/pycsl/scratchpad/w7/tmp/.pycsl_dt9cy9s4.mlw", line 2878, characters 89-95: unused variable target
Warning, file "/home/fabrice/git/pycsl/scratchpad/w7/tmp/.pycsl_dt9cy9s4.mlw", line 2878, characters 106-117: unused variable safe_target
Warning, file "/home/fabrice/git/pycsl/scratchpad/w7/tmp/.pycsl_dt9cy9s4.mlw", line 2878, characters 128-134: unused variable indent
Warning, file "/home/fabrice/git/pycsl/scratchpad/w7/tmp/.pycsl_dt9cy9s4.mlw", line 2878, characters 145-151: unused variable val_ir
Warning, file "/home/fabrice/git/pycsl/scratchpad/w7/tmp/.pycsl_dt9cy9s4.mlw", line 2878, characters 163-173: unused variable local_refs
Warning, file "/home/fabrice/git/pycsl/scratchpad/w7/tmp/.pycsl_dt9cy9s4.mlw", line 2880, characters 15-19: unused variable result
Warning, file "/home/fabrice/git/pycsl/scratchpad/w7/tmp/.pycsl_dt9cy9s4.mlw", line 2883, characters 78-82: unused variable func
Warning, file "/home/fabrice/git/pycsl/scratchpad/w7/tmp/.pycsl_dt9cy9s4.mlw", line 2883, characters 110-120: unused variable body_stmts
Warning, file "/home/fabrice/git/pycsl/scratchpad/w7/tmp/.pycsl_dt9cy9s4.mlw", line 2883, characters 134-144: unused variable local_refs
Warning, file "/home/fabrice/git/pycsl/scratchpad/w7/tmp/.pycsl_dt9cy9s4.mlw", line 2883, characters 169-179: unused variable ghost_vars
Warning, file "/home/fabrice/git/pycsl/scratchpad/w7/tmp/.pycsl_dt9cy9s4.mlw", line 2883, characters 204-214: unused variable ref_params
Warning, file "/home/fabrice/git/pycsl/scratchpad/w7/tmp/.pycsl_dt9cy9s4.mlw", line 2883, characters 239-248: unused variable is_method
Warning, file "/home/fabrice/git/pycsl/scratchpad/w7/tmp/.pycsl_dt9cy9s4.mlw", line 2883, characters 256-267: unused variable return_type
Warning, file "/home/fabrice/git/pycsl/scratchpad/w7/tmp/.pycsl_dt9cy9s4.mlw", line 2885, characters 15-19: unused variable result
Warning, file "/home/fabrice/git/pycsl/scratchpad/w7/tmp/.pycsl_dt9cy9s4.mlw", line 2888, characters 81-85: unused variable kind
Warning, file "/home/fabrice/git/pycsl/scratchpad/w7/tmp/.pycsl_dt9cy9s4.mlw", line 2888, characters 96-102: unused variable indent
Warning, file "/home/fabrice/git/pycsl/scratchpad/w7/tmp/.pycsl_dt9cy9s4.mlw", line 2888, characters 113-124: unused variable safe_target
Warning, file "/home/fabrice/git/pycsl/scratchpad/w7/tmp/.pycsl_dt9cy9s4.mlw", line 2888, characters 135-141: unused variable target
Warning, file "/home/fabrice/git/pycsl/scratchpad/w7/tmp/.pycsl_dt9cy9s4.mlw", line 2888, characters 152-158: unused variable py_val
Warning, file "/home/fabrice/git/pycsl/scratchpad/w7/tmp/.pycsl_dt9cy9s4.mlw", line 2888, characters 169-175: unused variable val_ir
Warning, file "/home/fabrice/git/pycsl/scratchpad/w7/tmp/.pycsl_dt9cy9s4.mlw", line 2888, characters 187-197: unused variable local_refs
Warning, file "/home/fabrice/git/pycsl/scratchpad/w7/tmp/.pycsl_dt9cy9s4.mlw", line 2890, characters 15-19: unused variable result
Warning, file "/home/fabrice/git/pycsl/scratchpad/w7/tmp/.pycsl_dt9cy9s4.mlw", line 2893, characters 84-96: unused variable assigns_list
Warning, file "/home/fabrice/git/pycsl/scratchpad/w7/tmp/.pycsl_dt9cy9s4.mlw", line 2893, characters 110-119: unused variable spec_refs
Warning, file "/home/fabrice/git/pycsl/scratchpad/w7/tmp/.pycsl_dt9cy9s4.mlw", line 2895, characters 15-19: unused variable result
Warning, file "/home/fabrice/git/pycsl/scratchpad/w7/tmp/.pycsl_dt9cy9s4.mlw", line 2898, characters 82-93: unused variable safe_target
Warning, file "/home/fabrice/git/pycsl/scratchpad/w7/tmp/.pycsl_dt9cy9s4.mlw", line 2898, characters 104-110: unused variable target
Warning, file "/home/fabrice/git/pycsl/scratchpad/w7/tmp/.pycsl_dt9cy9s4.mlw", line 2898, characters 121-128: unused variable binding
Warning, file "/home/fabrice/git/pycsl/scratchpad/w7/tmp/.pycsl_dt9cy9s4.mlw", line 2898, characters 139-143: unused variable rest
Warning, file "/home/fabrice/git/pycsl/scratchpad/w7/tmp/.pycsl_dt9cy9s4.mlw", line 2898, characters 157-167: unused variable local_refs
Warning, file "/home/fabrice/git/pycsl/scratchpad/w7/tmp/.pycsl_dt9cy9s4.mlw", line 2898, characters 192-205: unused variable declared_refs
Warning, file "/home/fabrice/git/pycsl/scratchpad/w7/tmp/.pycsl_dt9cy9s4.mlw", line 2898, characters 230-236: unused variable indent
Warning, file "/home/fabrice/git/pycsl/scratchpad/w7/tmp/.pycsl_dt9cy9s4.mlw", line 2898, characters 247-254: unused variable in_loop
Warning, file "/home/fabrice/git/pycsl/scratchpad/w7/tmp/.pycsl_dt9cy9s4.mlw", line 2900, characters 15-19: unused variable result
Warning, file "/home/fabrice/git/pycsl/scratchpad/w7/tmp/.pycsl_dt9cy9s4.mlw", line 2903, characters 77-81: unused variable expr
Warning, file "/home/fabrice/git/pycsl/scratchpad/w7/tmp/.pycsl_dt9cy9s4.mlw", line 2903, characters 93-103: unused variable local_refs
Warning, file "/home/fabrice/git/pycsl/scratchpad/w7/tmp/.pycsl_dt9cy9s4.mlw", line 2903, characters 128-141: unused variable invariant_ctx
Warning, file "/home/fabrice/git/pycsl/scratchpad/w7/tmp/.pycsl_dt9cy9s4.mlw", line 2903, characters 149-154: unused variable subst
Warning, file "/home/fabrice/git/pycsl/scratchpad/w7/tmp/.pycsl_dt9cy9s4.mlw", line 2904, characters 15-19: unused variable result
Warning, file "/home/fabrice/git/pycsl/scratchpad/w7/tmp/.pycsl_dt9cy9s4.mlw", line 2907, characters 57-61: unused variable self
Warning, file "/home/fabrice/git/pycsl/scratchpad/w7/tmp/.pycsl_dt9cy9s4.mlw", line 2907, characters 88-90: unused variable ir
Warning, file "/home/fabrice/git/pycsl/scratchpad/w7/tmp/.pycsl_dt9cy9s4.mlw", line 2907, characters 102-112: unused variable local_refs
Warning, file "/home/fabrice/git/pycsl/scratchpad/w7/tmp/.pycsl_dt9cy9s4.mlw", line 2908, characters 15-19: unused variable result
Warning, file "/home/fabrice/git/pycsl/scratchpad/w7/tmp/.pycsl_dt9cy9s4.mlw", line 2910, characters 44-48: unused variable self
Warning, file "/home/fabrice/git/pycsl/scratchpad/w7/tmp/.pycsl_dt9cy9s4.mlw", line 2910, characters 75-87: unused variable record_lower
Warning, file "/home/fabrice/git/pycsl/scratchpad/w7/tmp/.pycsl_dt9cy9s4.mlw", line 2910, characters 98-103: unused variable field
Warning, file "/home/fabrice/git/pycsl/scratchpad/w7/tmp/.pycsl_dt9cy9s4.mlw", line 2912, characters 15-19: unused variable result
Warning, file "/home/fabrice/git/pycsl/scratchpad/w7/tmp/.pycsl_dt9cy9s4.mlw", line 2914, characters 47-51: unused variable self
Warning, file "/home/fabrice/git/pycsl/scratchpad/w7/tmp/.pycsl_dt9cy9s4.mlw", line 2914, characters 78-81: unused variable obj
Warning, file "/home/fabrice/git/pycsl/scratchpad/w7/tmp/.pycsl_dt9cy9s4.mlw", line 2914, characters 92-97: unused variable field
Warning, file "/home/fabrice/git/pycsl/scratchpad/w7/tmp/.pycsl_dt9cy9s4.mlw", line 2916, characters 15-19: unused variable result
Warning, file "/home/fabrice/git/pycsl/scratchpad/w7/tmp/.pycsl_dt9cy9s4.mlw", line 2918, characters 46-50: unused variable self
Warning, file "/home/fabrice/git/pycsl/scratchpad/w7/tmp/.pycsl_dt9cy9s4.mlw", line 2918, characters 77-84: unused variable attr_ir
Warning, file "/home/fabrice/git/pycsl/scratchpad/w7/tmp/.pycsl_dt9cy9s4.mlw", line 2920, characters 15-19: unused variable result
Warning, file "/home/fabrice/git/pycsl/scratchpad/w7/tmp/.pycsl_dt9cy9s4.mlw", line 2922, characters 49-53: unused variable self
Warning, file "/home/fabrice/git/pycsl/scratchpad/w7/tmp/.pycsl_dt9cy9s4.mlw", line 2922, characters 80-86: unused variable val_ir
Warning, file "/home/fabrice/git/pycsl/scratchpad/w7/tmp/.pycsl_dt9cy9s4.mlw", line 2924, characters 15-19: unused variable result
Warning, file "/home/fabrice/git/pycsl/scratchpad/w7/tmp/.pycsl_dt9cy9s4.mlw", line 2926, characters 47-51: unused variable self
Warning, file "/home/fabrice/git/pycsl/scratchpad/w7/tmp/.pycsl_dt9cy9s4.mlw", line 2926, characters 78-84: unused variable val_ir
Warning, file "/home/fabrice/git/pycsl/scratchpad/w7/tmp/.pycsl_dt9cy9s4.mlw", line 2928, characters 15-19: unused variable result
Warning, file "/home/fabrice/git/pycsl/scratchpad/w7/tmp/.pycsl_dt9cy9s4.mlw", line 2930, characters 50-54: unused variable self
Warning, file "/home/fabrice/git/pycsl/scratchpad/w7/tmp/.pycsl_dt9cy9s4.mlw", line 2930, characters 81-87: unused variable py_val
Warning, file "/home/fabrice/git/pycsl/scratchpad/w7/tmp/.pycsl_dt9cy9s4.mlw", line 2930, characters 98-104: unused variable val_ir
Warning, file "/home/fabrice/git/pycsl/scratchpad/w7/tmp/.pycsl_dt9cy9s4.mlw", line 2932, characters 15-19: unused variable result
Warning, file "/home/fabrice/git/pycsl/scratchpad/w7/tmp/.pycsl_dt9cy9s4.mlw", line 2934, characters 85-89: unused variable stmt
Warning, file "/home/fabrice/git/pycsl/scratchpad/w7/tmp/.pycsl_dt9cy9s4.mlw", line 2934, characters 97-101: unused variable rest
Warning, file "/home/fabrice/git/pycsl/scratchpad/w7/tmp/.pycsl_dt9cy9s4.mlw", line 2934, characters 115-125: unused variable local_refs
Warning, file "/home/fabrice/git/pycsl/scratchpad/w7/tmp/.pycsl_dt9cy9s4.mlw", line 2934, characters 150-163: unused variable declared_refs
Warning, file "/home/fabrice/git/pycsl/scratchpad/w7/tmp/.pycsl_dt9cy9s4.mlw", line 2934, characters 188-194: unused variable indent
Warning, file "/home/fabrice/git/pycsl/scratchpad/w7/tmp/.pycsl_dt9cy9s4.mlw", line 2934, characters 205-212: unused variable in_loop
Warning, file "/home/fabrice/git/pycsl/scratchpad/w7/tmp/.pycsl_dt9cy9s4.mlw", line 2936, characters 15-19: unused variable result
Warning, file "/home/fabrice/git/pycsl/scratchpad/w7/tmp/.pycsl_dt9cy9s4.mlw", line 2939, characters 91-95: unused variable stmt
Warning, file "/home/fabrice/git/pycsl/scratchpad/w7/tmp/.pycsl_dt9cy9s4.mlw", line 2939, characters 103-107: unused variable rest
Warning, file "/home/fabrice/git/pycsl/scratchpad/w7/tmp/.pycsl_dt9cy9s4.mlw", line 2939, characters 121-131: unused variable local_refs
Warning, file "/home/fabrice/git/pycsl/scratchpad/w7/tmp/.pycsl_dt9cy9s4.mlw", line 2939, characters 156-169: unused variable declared_refs
Warning, file "/home/fabrice/git/pycsl/scratchpad/w7/tmp/.pycsl_dt9cy9s4.mlw", line 2939, characters 194-200: unused variable indent
Warning, file "/home/fabrice/git/pycsl/scratchpad/w7/tmp/.pycsl_dt9cy9s4.mlw", line 2939, characters 211-218: unused variable in_loop
Warning, file "/home/fabrice/git/pycsl/scratchpad/w7/tmp/.pycsl_dt9cy9s4.mlw", line 2941, characters 15-19: unused variable result
Warning, file "/home/fabrice/git/pycsl/scratchpad/w7/tmp/.pycsl_dt9cy9s4.mlw", line 2944, characters 82-86: unused variable stmt
Warning, file "/home/fabrice/git/pycsl/scratchpad/w7/tmp/.pycsl_dt9cy9s4.mlw", line 2944, characters 94-98: unused variable rest
Warning, file "/home/fabrice/git/pycsl/scratchpad/w7/tmp/.pycsl_dt9cy9s4.mlw", line 2944, characters 112-122: unused variable local_refs
Warning, file "/home/fabrice/git/pycsl/scratchpad/w7/tmp/.pycsl_dt9cy9s4.mlw", line 2944, characters 147-160: unused variable declared_refs
Warning, file "/home/fabrice/git/pycsl/scratchpad/w7/tmp/.pycsl_dt9cy9s4.mlw", line 2944, characters 185-191: unused variable indent
Warning, file "/home/fabrice/git/pycsl/scratchpad/w7/tmp/.pycsl_dt9cy9s4.mlw", line 2944, characters 202-209: unused variable in_loop
Warning, file "/home/fabrice/git/pycsl/scratchpad/w7/tmp/.pycsl_dt9cy9s4.mlw", line 2946, characters 15-19: unused variable result
Warning, file "/home/fabrice/git/pycsl/scratchpad/w7/tmp/.pycsl_dt9cy9s4.mlw", line 2949, characters 85-89: unused variable stmt
Warning, file "/home/fabrice/git/pycsl/scratchpad/w7/tmp/.pycsl_dt9cy9s4.mlw", line 2949, characters 97-101: unused variable rest
Warning, file "/home/fabrice/git/pycsl/scratchpad/w7/tmp/.pycsl_dt9cy9s4.mlw", line 2949, characters 115-125: unused variable local_refs
Warning, file "/home/fabrice/git/pycsl/scratchpad/w7/tmp/.pycsl_dt9cy9s4.mlw", line 2949, characters 150-163: unused variable declared_refs
Warning, file "/home/fabrice/git/pycsl/scratchpad/w7/tmp/.pycsl_dt9cy9s4.mlw", line 2949, characters 188-194: unused variable indent
Warning, file "/home/fabrice/git/pycsl/scratchpad/w7/tmp/.pycsl_dt9cy9s4.mlw", line 2949, characters 205-212: unused variable in_loop
Warning, file "/home/fabrice/git/pycsl/scratchpad/w7/tmp/.pycsl_dt9cy9s4.mlw", line 2951, characters 15-19: unused variable result
Warning, file "/home/fabrice/git/pycsl/scratchpad/w7/tmp/.pycsl_dt9cy9s4.mlw", line 2954, characters 92-96: unused variable stmt
Warning, file "/home/fabrice/git/pycsl/scratchpad/w7/tmp/.pycsl_dt9cy9s4.mlw", line 2954, characters 104-108: unused variable rest
Warning, file "/home/fabrice/git/pycsl/scratchpad/w7/tmp/.pycsl_dt9cy9s4.mlw", line 2954, characters 122-132: unused variable local_refs
Warning, file "/home/fabrice/git/pycsl/scratchpad/w7/tmp/.pycsl_dt9cy9s4.mlw", line 2954, characters 157-170: unused variable declared_refs
Warning, file "/home/fabrice/git/pycsl/scratchpad/w7/tmp/.pycsl_dt9cy9s4.mlw", line 2954, characters 195-201: unused variable indent
Warning, file "/home/fabrice/git/pycsl/scratchpad/w7/tmp/.pycsl_dt9cy9s4.mlw", line 2954, characters 212-219: unused variable in_loop
Warning, file "/home/fabrice/git/pycsl/scratchpad/w7/tmp/.pycsl_dt9cy9s4.mlw", line 2956, characters 15-19: unused variable result
Warning, file "/home/fabrice/git/pycsl/scratchpad/w7/tmp/.pycsl_dt9cy9s4.mlw", line 2959, characters 80-84: unused variable stmt
Warning, file "/home/fabrice/git/pycsl/scratchpad/w7/tmp/.pycsl_dt9cy9s4.mlw", line 2959, characters 92-96: unused variable rest
Warning, file "/home/fabrice/git/pycsl/scratchpad/w7/tmp/.pycsl_dt9cy9s4.mlw", line 2959, characters 110-120: unused variable local_refs
Warning, file "/home/fabrice/git/pycsl/scratchpad/w7/tmp/.pycsl_dt9cy9s4.mlw", line 2959, characters 145-158: unused variable declared_refs
Warning, file "/home/fabrice/git/pycsl/scratchpad/w7/tmp/.pycsl_dt9cy9s4.mlw", line 2959, characters 183-189: unused variable indent
Warning, file "/home/fabrice/git/pycsl/scratchpad/w7/tmp/.pycsl_dt9cy9s4.mlw", line 2959, characters 200-207: unused variable in_loop
Warning, file "/home/fabrice/git/pycsl/scratchpad/w7/tmp/.pycsl_dt9cy9s4.mlw", line 2961, characters 15-19: unused variable result
Warning, file "/home/fabrice/git/pycsl/scratchpad/w7/tmp/.pycsl_dt9cy9s4.mlw", line 2964, characters 87-91: unused variable stmt
Warning, file "/home/fabrice/git/pycsl/scratchpad/w7/tmp/.pycsl_dt9cy9s4.mlw", line 2964, characters 99-103: unused variable rest
Warning, file "/home/fabrice/git/pycsl/scratchpad/w7/tmp/.pycsl_dt9cy9s4.mlw", line 2964, characters 117-127: unused variable local_refs
Warning, file "/home/fabrice/git/pycsl/scratchpad/w7/tmp/.pycsl_dt9cy9s4.mlw", line 2964, characters 152-165: unused variable declared_refs
Warning, file "/home/fabrice/git/pycsl/scratchpad/w7/tmp/.pycsl_dt9cy9s4.mlw", line 2964, characters 190-196: unused variable indent
Warning, file "/home/fabrice/git/pycsl/scratchpad/w7/tmp/.pycsl_dt9cy9s4.mlw", line 2964, characters 207-214: unused variable in_loop
Warning, file "/home/fabrice/git/pycsl/scratchpad/w7/tmp/.pycsl_dt9cy9s4.mlw", line 2966, characters 15-19: unused variable result
Warning, file "/home/fabrice/git/pycsl/scratchpad/w7/tmp/.pycsl_dt9cy9s4.mlw", line 2970, characters 90-94: unused variable stmt
Warning, file "/home/fabrice/git/pycsl/scratchpad/w7/tmp/.pycsl_dt9cy9s4.mlw", line 2970, characters 102-106: unused variable rest
Warning, file "/home/fabrice/git/pycsl/scratchpad/w7/tmp/.pycsl_dt9cy9s4.mlw", line 2970, characters 120-130: unused variable local_refs
Warning, file "/home/fabrice/git/pycsl/scratchpad/w7/tmp/.pycsl_dt9cy9s4.mlw", line 2970, characters 155-168: unused variable declared_refs
Warning, file "/home/fabrice/git/pycsl/scratchpad/w7/tmp/.pycsl_dt9cy9s4.mlw", line 2970, characters 193-199: unused variable indent
Warning, file "/home/fabrice/git/pycsl/scratchpad/w7/tmp/.pycsl_dt9cy9s4.mlw", line 2970, characters 210-217: unused variable in_loop
Warning, file "/home/fabrice/git/pycsl/scratchpad/w7/tmp/.pycsl_dt9cy9s4.mlw", line 2972, characters 15-19: unused variable result
Warning, file "/home/fabrice/git/pycsl/scratchpad/w7/tmp/.pycsl_dt9cy9s4.mlw", line 2975, characters 91-95: unused variable stmt
Warning, file "/home/fabrice/git/pycsl/scratchpad/w7/tmp/.pycsl_dt9cy9s4.mlw", line 2975, characters 103-107: unused variable rest
Warning, file "/home/fabrice/git/pycsl/scratchpad/w7/tmp/.pycsl_dt9cy9s4.mlw", line 2975, characters 121-131: unused variable local_refs
Warning, file "/home/fabrice/git/pycsl/scratchpad/w7/tmp/.pycsl_dt9cy9s4.mlw", line 2975, characters 156-169: unused variable declared_refs
Warning, file "/home/fabrice/git/pycsl/scratchpad/w7/tmp/.pycsl_dt9cy9s4.mlw", line 2975, characters 194-200: unused variable indent
Warning, file "/home/fabrice/git/pycsl/scratchpad/w7/tmp/.pycsl_dt9cy9s4.mlw", line 2975, characters 211-218: unused variable in_loop
Warning, file "/home/fabrice/git/pycsl/scratchpad/w7/tmp/.pycsl_dt9cy9s4.mlw", line 2977, characters 15-19: unused variable result
Warning, file "/home/fabrice/git/pycsl/scratchpad/w7/tmp/.pycsl_dt9cy9s4.mlw", line 2980, characters 88-92: unused variable stmt
Warning, file "/home/fabrice/git/pycsl/scratchpad/w7/tmp/.pycsl_dt9cy9s4.mlw", line 2980, characters 100-104: unused variable rest
Warning, file "/home/fabrice/git/pycsl/scratchpad/w7/tmp/.pycsl_dt9cy9s4.mlw", line 2980, characters 118-128: unused variable local_refs
Warning, file "/home/fabrice/git/pycsl/scratchpad/w7/tmp/.pycsl_dt9cy9s4.mlw", line 2980, characters 153-166: unused variable declared_refs
Warning, file "/home/fabrice/git/pycsl/scratchpad/w7/tmp/.pycsl_dt9cy9s4.mlw", line 2980, characters 191-197: unused variable indent
Warning, file "/home/fabrice/git/pycsl/scratchpad/w7/tmp/.pycsl_dt9cy9s4.mlw", line 2980, characters 208-215: unused variable in_loop
Warning, file "/home/fabrice/git/pycsl/scratchpad/w7/tmp/.pycsl_dt9cy9s4.mlw", line 2982, characters 15-19: unused variable result
Warning, file "/home/fabrice/git/pycsl/scratchpad/w7/tmp/.pycsl_dt9cy9s4.mlw", line 2985, characters 82-86: unused variable stmt
Warning, file "/home/fabrice/git/pycsl/scratchpad/w7/tmp/.pycsl_dt9cy9s4.mlw", line 2985, characters 98-102: unused variable rest
Warning, file "/home/fabrice/git/pycsl/scratchpad/w7/tmp/.pycsl_dt9cy9s4.mlw", line 2985, characters 116-126: unused variable local_refs
Warning, file "/home/fabrice/git/pycsl/scratchpad/w7/tmp/.pycsl_dt9cy9s4.mlw", line 2985, characters 151-164: unused variable declared_refs
Warning, file "/home/fabrice/git/pycsl/scratchpad/w7/tmp/.pycsl_dt9cy9s4.mlw", line 2985, characters 189-195: unused variable indent
Warning, file "/home/fabrice/git/pycsl/scratchpad/w7/tmp/.pycsl_dt9cy9s4.mlw", line 2985, characters 206-213: unused variable in_loop
Warning, file "/home/fabrice/git/pycsl/scratchpad/w7/tmp/.pycsl_dt9cy9s4.mlw", line 2986, characters 15-19: unused variable result
Warning, file "/home/fabrice/git/pycsl/scratchpad/w7/tmp/.pycsl_dt9cy9s4.mlw", line 2989, characters 81-85: unused variable stmt
Warning, file "/home/fabrice/git/pycsl/scratchpad/w7/tmp/.pycsl_dt9cy9s4.mlw", line 2989, characters 93-97: unused variable rest
Warning, file "/home/fabrice/git/pycsl/scratchpad/w7/tmp/.pycsl_dt9cy9s4.mlw", line 2989, characters 111-121: unused variable local_refs
Warning, file "/home/fabrice/git/pycsl/scratchpad/w7/tmp/.pycsl_dt9cy9s4.mlw", line 2989, characters 146-159: unused variable declared_refs
Warning, file "/home/fabrice/git/pycsl/scratchpad/w7/tmp/.pycsl_dt9cy9s4.mlw", line 2989, characters 184-190: unused variable indent
Warning, file "/home/fabrice/git/pycsl/scratchpad/w7/tmp/.pycsl_dt9cy9s4.mlw", line 2989, characters 201-208: unused variable in_loop
Warning, file "/home/fabrice/git/pycsl/scratchpad/w7/tmp/.pycsl_dt9cy9s4.mlw", line 2991, characters 15-19: unused variable result
Warning, file "/home/fabrice/git/pycsl/scratchpad/w7/tmp/.pycsl_dt9cy9s4.mlw", line 2994, characters 88-92: unused variable stmt
Warning, file "/home/fabrice/git/pycsl/scratchpad/w7/tmp/.pycsl_dt9cy9s4.mlw", line 2994, characters 100-104: unused variable rest
Warning, file "/home/fabrice/git/pycsl/scratchpad/w7/tmp/.pycsl_dt9cy9s4.mlw", line 2994, characters 118-128: unused variable local_refs
Warning, file "/home/fabrice/git/pycsl/scratchpad/w7/tmp/.pycsl_dt9cy9s4.mlw", line 2994, characters 153-166: unused variable declared_refs
Warning, file "/home/fabrice/git/pycsl/scratchpad/w7/tmp/.pycsl_dt9cy9s4.mlw", line 2994, characters 191-197: unused variable indent
Warning, file "/home/fabrice/git/pycsl/scratchpad/w7/tmp/.pycsl_dt9cy9s4.mlw", line 2994, characters 208-215: unused variable in_loop
Warning, file "/home/fabrice/git/pycsl/scratchpad/w7/tmp/.pycsl_dt9cy9s4.mlw", line 2996, characters 15-19: unused variable result
Warning, file "/home/fabrice/git/pycsl/scratchpad/w7/tmp/.pycsl_dt9cy9s4.mlw", line 2999, characters 48-52: unused variable self
Warning, file "/home/fabrice/git/pycsl/scratchpad/w7/tmp/.pycsl_dt9cy9s4.mlw", line 2999, characters 79-81: unused variable ir
Warning, file "/home/fabrice/git/pycsl/scratchpad/w7/tmp/.pycsl_dt9cy9s4.mlw", line 3000, characters 15-19: unused variable result
Warning, file "/home/fabrice/git/pycsl/scratchpad/w7/tmp/.pycsl_dt9cy9s4.mlw", line 3002, characters 47-51: unused variable self
Warning, file "/home/fabrice/git/pycsl/scratchpad/w7/tmp/.pycsl_dt9cy9s4.mlw", line 3002, characters 78-80: unused variable ir
Warning, file "/home/fabrice/git/pycsl/scratchpad/w7/tmp/.pycsl_dt9cy9s4.mlw", line 3003, characters 15-19: unused variable result
Warning, file "/home/fabrice/git/pycsl/scratchpad/w7/tmp/.pycsl_dt9cy9s4.mlw", line 3015, characters 63-67: unused variable self
Warning, file "/home/fabrice/git/pycsl/scratchpad/w7/tmp/.pycsl_dt9cy9s4.mlw", line 3015, characters 94-98: unused variable kind
Warning, file "/home/fabrice/git/pycsl/scratchpad/w7/tmp/.pycsl_dt9cy9s4.mlw", line 3015, characters 106-110: unused variable args
Warning, file "/home/fabrice/git/pycsl/scratchpad/w7/tmp/.pycsl_dt9cy9s4.mlw", line 3016, characters 15-19: unused variable result
Warning, file "/home/fabrice/git/pycsl/scratchpad/w7/tmp/.pycsl_dt9cy9s4.mlw", line 3018, characters 54-58: unused variable self
Warning, file "/home/fabrice/git/pycsl/scratchpad/w7/tmp/.pycsl_dt9cy9s4.mlw", line 3018, characters 85-90: unused variable mutex
Warning, file "/home/fabrice/git/pycsl/scratchpad/w7/tmp/.pycsl_dt9cy9s4.mlw", line 3018, characters 101-108: unused variable inv_str
Warning, file "/home/fabrice/git/pycsl/scratchpad/w7/tmp/.pycsl_dt9cy9s4.mlw", line 3019, characters 15-19: unused variable result
Warning, file "/home/fabrice/git/pycsl/scratchpad/w7/tmp/.pycsl_dt9cy9s4.mlw", line 3021, characters 57-61: unused variable self
Warning, file "/home/fabrice/git/pycsl/scratchpad/w7/tmp/.pycsl_dt9cy9s4.mlw", line 3021, characters 88-97: unused variable func_name
Warning, file "/home/fabrice/git/pycsl/scratchpad/w7/tmp/.pycsl_dt9cy9s4.mlw", line 3022, characters 15-19: unused variable result
Warning, file "/home/fabrice/git/pycsl/scratchpad/w7/tmp/.pycsl_dt9cy9s4.mlw", line 3024, characters 61-65: unused variable self
Warning, file "/home/fabrice/git/pycsl/scratchpad/w7/tmp/.pycsl_dt9cy9s4.mlw", line 3024, characters 92-98: unused variable target
Warning, file "/home/fabrice/git/pycsl/scratchpad/w7/tmp/.pycsl_dt9cy9s4.mlw", line 3024, characters 109-111: unused variable op
Warning, file "/home/fabrice/git/pycsl/scratchpad/w7/tmp/.pycsl_dt9cy9s4.mlw", line 3024, characters 122-132: unused variable ghost_type
Warning, file "/home/fabrice/git/pycsl/scratchpad/w7/tmp/.pycsl_dt9cy9s4.mlw", line 3026, characters 15-19: unused variable result
Warning, file "/home/fabrice/git/pycsl/scratchpad/w7/tmp/.pycsl_dt9cy9s4.mlw", line 3028, characters 77-83: unused variable val_ir
Warning, file "/home/fabrice/git/pycsl/scratchpad/w7/tmp/.pycsl_dt9cy9s4.mlw", line 3028, characters 95-105: unused variable local_refs
Warning, file "/home/fabrice/git/pycsl/scratchpad/w7/tmp/.pycsl_dt9cy9s4.mlw", line 3028, characters 130-136: unused variable target
Warning, file "/home/fabrice/git/pycsl/scratchpad/w7/tmp/.pycsl_dt9cy9s4.mlw", line 3030, characters 15-19: unused variable result
Warning, file "/home/fabrice/git/pycsl/scratchpad/w7/tmp/.pycsl_dt9cy9s4.mlw", line 3033, characters 75-81: unused variable val_ir
Warning, file "/home/fabrice/git/pycsl/scratchpad/w7/tmp/.pycsl_dt9cy9s4.mlw", line 3033, characters 93-103: unused variable local_refs
Warning, file "/home/fabrice/git/pycsl/scratchpad/w7/tmp/.pycsl_dt9cy9s4.mlw", line 3035, characters 15-19: unused variable result
Warning, file "/home/fabrice/git/pycsl/scratchpad/w7/tmp/.pycsl_dt9cy9s4.mlw", line 3038, characters 78-83: unused variable stmts
Warning, file "/home/fabrice/git/pycsl/scratchpad/w7/tmp/.pycsl_dt9cy9s4.mlw", line 3038, characters 97-107: unused variable local_refs
Warning, file "/home/fabrice/git/pycsl/scratchpad/w7/tmp/.pycsl_dt9cy9s4.mlw", line 3038, characters 132-145: unused variable declared_refs
Warning, file "/home/fabrice/git/pycsl/scratchpad/w7/tmp/.pycsl_dt9cy9s4.mlw", line 3038, characters 170-176: unused variable indent
Warning, file "/home/fabrice/git/pycsl/scratchpad/w7/tmp/.pycsl_dt9cy9s4.mlw", line 3038, characters 187-194: unused variable in_loop
Warning, file "/home/fabrice/git/pycsl/scratchpad/w7/tmp/.pycsl_dt9cy9s4.mlw", line 3040, characters 15-19: unused variable result
Warning, file "/home/fabrice/git/pycsl/scratchpad/w7/tmp/.pycsl_dt9cy9s4.mlw", line 3044, characters 82-91: unused variable whyml_str
Warning, file "/home/fabrice/git/pycsl/scratchpad/w7/tmp/.pycsl_dt9cy9s4.mlw", line 3046, characters 15-19: unused variable result
Warning, file "/home/fabrice/git/pycsl/scratchpad/w7/tmp/.pycsl_dt9cy9s4.mlw", line 3049, characters 58-62: unused variable self
Warning, file "/home/fabrice/git/pycsl/scratchpad/w7/tmp/.pycsl_dt9cy9s4.mlw", line 3049, characters 89-95: unused variable target
Warning, file "/home/fabrice/git/pycsl/scratchpad/w7/tmp/.pycsl_dt9cy9s4.mlw", line 3049, characters 106-112: unused variable val_ir
Warning, file "/home/fabrice/git/pycsl/scratchpad/w7/tmp/.pycsl_dt9cy9s4.mlw", line 3052, characters 80-90: unused variable body_stmts
Warning, file "/home/fabrice/git/pycsl/scratchpad/w7/tmp/.pycsl_dt9cy9s4.mlw", line 3054, characters 15-19: unused variable result
Warning, file "/home/fabrice/git/pycsl/scratchpad/w7/tmp/.pycsl_dt9cy9s4.mlw", line 3057, characters 44-48: unused variable self
Warning, file "/home/fabrice/git/pycsl/scratchpad/w7/tmp/.pycsl_dt9cy9s4.mlw", line 3057, characters 75-81: unused variable val_ir
Warning, file "/home/fabrice/git/pycsl/scratchpad/w7/tmp/.pycsl_dt9cy9s4.mlw", line 3059, characters 15-19: unused variable result
Warning, file "/home/fabrice/git/pycsl/scratchpad/w7/tmp/.pycsl_dt9cy9s4.mlw", line 3061, characters 91-100: unused variable body_code
Warning, file "/home/fabrice/git/pycsl/scratchpad/w7/tmp/.pycsl_dt9cy9s4.mlw", line 3061, characters 111-122: unused variable return_type
Warning, file "/home/fabrice/git/pycsl/scratchpad/w7/tmp/.pycsl_dt9cy9s4.mlw", line 3063, characters 15-19: unused variable result
Warning, file "/home/fabrice/git/pycsl/scratchpad/w7/tmp/.pycsl_dt9cy9s4.mlw", line 3066, characters 48-52: unused variable self
Warning, file "/home/fabrice/git/pycsl/scratchpad/w7/tmp/.pycsl_dt9cy9s4.mlw", line 3066, characters 75-81: unused variable py_val
Warning, file "/home/fabrice/git/pycsl/scratchpad/w7/tmp/.pycsl_dt9cy9s4.mlw", line 3066, characters 92-98: unused variable val_ir
Warning, file "/home/fabrice/git/pycsl/scratchpad/w7/tmp/.pycsl_dt9cy9s4.mlw", line 3068, characters 15-19: unused variable result
Warning, file "/home/fabrice/git/pycsl/scratchpad/w7/tmp/.pycsl_dt9cy9s4.mlw", line 3070, characters 51-55: unused variable self
Warning, file "/home/fabrice/git/pycsl/scratchpad/w7/tmp/.pycsl_dt9cy9s4.mlw", line 3070, characters 78-80: unused variable fn
Warning, file "/home/fabrice/git/pycsl/scratchpad/w7/tmp/.pycsl_dt9cy9s4.mlw", line 3072, characters 15-19: unused variable result
Warning, file "/home/fabrice/git/pycsl/scratchpad/w7/tmp/.pycsl_dt9cy9s4.mlw", line 3074, characters 54-58: unused variable self
Warning, file "/home/fabrice/git/pycsl/scratchpad/w7/tmp/.pycsl_dt9cy9s4.mlw", line 3074, characters 81-86: unused variable stmts
Warning, file "/home/fabrice/git/pycsl/scratchpad/w7/tmp/.pycsl_dt9cy9s4.mlw", line 3074, characters 100-104: unused variable seed
Warning, file "/home/fabrice/git/pycsl/scratchpad/w7/tmp/.pycsl_dt9cy9s4.mlw", line 3076, characters 15-19: unused variable result
Warning, file "/home/fabrice/git/pycsl/scratchpad/w7/tmp/.pycsl_dt9cy9s4.mlw", line 3078, characters 42-46: unused variable self
Warning, file "/home/fabrice/git/pycsl/scratchpad/w7/tmp/.pycsl_dt9cy9s4.mlw", line 3078, characters 69-76: unused variable attr_ir
Warning, file "/home/fabrice/git/pycsl/scratchpad/w7/tmp/.pycsl_dt9cy9s4.mlw", line 3080, characters 15-19: unused variable result
Warning, file "/home/fabrice/git/pycsl/scratchpad/w7/tmp/.pycsl_dt9cy9s4.mlw", line 3082, characters 43-47: unused variable self
Warning, file "/home/fabrice/git/pycsl/scratchpad/w7/tmp/.pycsl_dt9cy9s4.mlw", line 3082, characters 70-76: unused variable val_ir
Warning, file "/home/fabrice/git/pycsl/scratchpad/w7/tmp/.pycsl_dt9cy9s4.mlw", line 3084, characters 15-19: unused variable result
Warning, file "/home/fabrice/git/pycsl/scratchpad/w7/tmp/.pycsl_dt9cy9s4.mlw", line 3135, characters 32-36: unused variable result
Warning, file "/home/fabrice/git/pycsl/scratchpad/w7/tmp/.pycsl_dt9cy9s4.mlw", line 3129, characters 32-36: unused variable result
Warning, file "/home/fabrice/git/pycsl/scratchpad/w7/tmp/.pycsl_dt9cy9s4.mlw", line 3123, characters 32-36: unused variable result
Warning, file "/home/fabrice/git/pycsl/scratchpad/w7/tmp/.pycsl_dt9cy9s4.mlw", line 3239, characters 63-67: unused variable self
Warning, file "/home/fabrice/git/pycsl/scratchpad/w7/tmp/.pycsl_dt9cy9s4.mlw", line 3240, characters 32-36: unused variable result
Warning, file "/home/fabrice/git/pycsl/scratchpad/w7/tmp/.pycsl_dt9cy9s4.mlw", line 3244, characters 64-68: unused variable self
Warning, file "/home/fabrice/git/pycsl/scratchpad/w7/tmp/.pycsl_dt9cy9s4.mlw", line 3244, characters 91-96: unused variable stmts
Warning, file "/home/fabrice/git/pycsl/scratchpad/w7/tmp/.pycsl_dt9cy9s4.mlw", line 3246, characters 15-19: unused variable result
Warning, file "/home/fabrice/git/pycsl/scratchpad/w7/tmp/.pycsl_dt9cy9s4.mlw", line 3288, characters 32-36: unused variable result
Warning, file "/home/fabrice/git/pycsl/scratchpad/w7/tmp/.pycsl_dt9cy9s4.mlw", line 3280, characters 32-36: unused variable result
Warning, file "/home/fabrice/git/pycsl/scratchpad/w7/tmp/.pycsl_dt9cy9s4.mlw", line 3273, characters 32-36: unused variable result
Warning, file "/home/fabrice/git/pycsl/scratchpad/w7/tmp/.pycsl_dt9cy9s4.mlw", line 3334, characters 32-36: unused variable result
Warning, file "/home/fabrice/git/pycsl/scratchpad/w7/tmp/.pycsl_dt9cy9s4.mlw", line 3326, characters 32-36: unused variable result
Warning, file "/home/fabrice/git/pycsl/scratchpad/w7/tmp/.pycsl_dt9cy9s4.mlw", line 3319, characters 32-36: unused variable result
Warning, file "/home/fabrice/git/pycsl/scratchpad/w7/tmp/.pycsl_dt9cy9s4.mlw", line 3410, characters 32-36: unused variable result
Warning, file "/home/fabrice/git/pycsl/scratchpad/w7/tmp/.pycsl_dt9cy9s4.mlw", line 3404, characters 32-36: unused variable result
Warning, file "/home/fabrice/git/pycsl/scratchpad/w7/tmp/.pycsl_dt9cy9s4.mlw", line 3398, characters 32-36: unused variable result
Warning, file "/home/fabrice/git/pycsl/scratchpad/w7/tmp/.pycsl_dt9cy9s4.mlw", line 3413, characters 43-47: unused variable self
Warning, file "/home/fabrice/git/pycsl/scratchpad/w7/tmp/.pycsl_dt9cy9s4.mlw", line 3413, characters 70-73: unused variable obj
Warning, file "/home/fabrice/git/pycsl/scratchpad/w7/tmp/.pycsl_dt9cy9s4.mlw", line 3413, characters 84-89: unused variable field
Warning, file "/home/fabrice/git/pycsl/scratchpad/w7/tmp/.pycsl_dt9cy9s4.mlw", line 3415, characters 15-19: unused variable result
Warning, file "/home/fabrice/git/pycsl/scratchpad/w7/tmp/.pycsl_dt9cy9s4.mlw", line 3417, characters 45-49: unused variable self
Warning, file "/home/fabrice/git/pycsl/scratchpad/w7/tmp/.pycsl_dt9cy9s4.mlw", line 3417, characters 72-78: unused variable val_ir
Warning, file "/home/fabrice/git/pycsl/scratchpad/w7/tmp/.pycsl_dt9cy9s4.mlw", line 3419, characters 15-19: unused variable result
Warning, file "/home/fabrice/git/pycsl/scratchpad/w7/tmp/.pycsl_dt9cy9s4.mlw", line 3421, characters 46-50: unused variable self
Warning, file "/home/fabrice/git/pycsl/scratchpad/w7/tmp/.pycsl_dt9cy9s4.mlw", line 3421, characters 73-79: unused variable py_val
Warning, file "/home/fabrice/git/pycsl/scratchpad/w7/tmp/.pycsl_dt9cy9s4.mlw", line 3421, characters 90-96: unused variable val_ir
Warning, file "/home/fabrice/git/pycsl/scratchpad/w7/tmp/.pycsl_dt9cy9s4.mlw", line 3423, characters 15-19: unused variable result
Warning, file "/home/fabrice/git/pycsl/scratchpad/w7/tmp/.pycsl_dt9cy9s4.mlw", line 3425, characters 57-61: unused variable self
Warning, file "/home/fabrice/git/pycsl/scratchpad/w7/tmp/.pycsl_dt9cy9s4.mlw", line 3425, characters 84-90: unused variable target
Warning, file "/home/fabrice/git/pycsl/scratchpad/w7/tmp/.pycsl_dt9cy9s4.mlw", line 3425, characters 101-103: unused variable op
Warning, file "/home/fabrice/git/pycsl/scratchpad/w7/tmp/.pycsl_dt9cy9s4.mlw", line 3425, characters 114-124: unused variable ghost_type
Warning, file "/home/fabrice/git/pycsl/scratchpad/w7/tmp/.pycsl_dt9cy9s4.mlw", line 3427, characters 15-19: unused variable result
Warning, file "/home/fabrice/git/pycsl/scratchpad/w7/tmp/.pycsl_dt9cy9s4.mlw", line 3429, characters 45-49: unused variable self
Warning, file "/home/fabrice/git/pycsl/scratchpad/w7/tmp/.pycsl_dt9cy9s4.mlw", line 3429, characters 72-74: unused variable rt
Warning, file "/home/fabrice/git/pycsl/scratchpad/w7/tmp/.pycsl_dt9cy9s4.mlw", line 3431, characters 15-19: unused variable result
Warning, file "/home/fabrice/git/pycsl/scratchpad/w7/tmp/.pycsl_dt9cy9s4.mlw", line 3433, characters 54-58: unused variable self
Warning, file "/home/fabrice/git/pycsl/scratchpad/w7/tmp/.pycsl_dt9cy9s4.mlw", line 3433, characters 81-87: unused variable target
Warning, file "/home/fabrice/git/pycsl/scratchpad/w7/tmp/.pycsl_dt9cy9s4.mlw", line 3433, characters 98-104: unused variable val_ir
Warning, file "/home/fabrice/git/pycsl/scratchpad/w7/tmp/.pycsl_dt9cy9s4.mlw", line 3437, characters 40-44: unused variable self
Warning, file "/home/fabrice/git/pycsl/scratchpad/w7/tmp/.pycsl_dt9cy9s4.mlw", line 3437, characters 67-73: unused variable val_ir
Warning, file "/home/fabrice/git/pycsl/scratchpad/w7/tmp/.pycsl_dt9cy9s4.mlw", line 3439, characters 15-19: unused variable result

[+] Verification SUCCESS! All contracts formally proven.
