/home/fabrice/git/pycsl/src/pycsl/core_ir_semantic.py:1604: UserWarning: Function 'statementemissionmixin___dv_store_value': path condition narrows a Union-typed variable without a recognized guard (is None / isinstance / TypeIs / TypeGuard). The variable retains its Union type on both branches (C8).
  _union_c8_walk(func.get("body", []) or [], union_vars, func.get("name", "?"))
[*] Parsing and Semantic Analysis for 'src/self-annotate/src/module6_whyml/statements.py'...
[*] Memory model: hoare
[*] Imported class from 'ir_schema': AssignStmt (record + 0 method stub(s) + 18 helper(s))
[*] Imported class from 'ir_schema': AugAssignStmt (record + 0 method stub(s) + 0 helper(s))
[*] Imported class from 'ir_schema': ArraySetStmt (record + 0 method stub(s) + 0 helper(s))
[*] Imported class from 'ir_schema': ArraySliceSetStmt (record + 0 method stub(s) + 0 helper(s))
[*] Imported class from 'ir_schema': GhostAssignStmt (record + 0 method stub(s) + 0 helper(s))
[*] Imported class from 'ir_schema': GhostArraySetStmt (record + 0 method stub(s) + 0 helper(s))
[*] Imported class from 'ir_schema': TupleUnpackStmt (record + 0 method stub(s) + 0 helper(s))
[*] Imported class from 'ir_schema': FieldAssignStmt (record + 0 method stub(s) + 0 helper(s))
[*] Imported class from 'ir_schema': FieldAugAssignStmt (record + 0 method stub(s) + 0 helper(s))
[*] Imported class from 'ir_schema': ExprStmt (record + 0 method stub(s) + 0 helper(s))
[*] Imported class from 'ir_schema': CriticalSectionStmt (record + 0 method stub(s) + 0 helper(s))
[*] Imported class from 'ir_schema': ReturnStmt (record + 0 method stub(s) + 0 helper(s))
[*] Imported class from 'ir_schema': IfStmt (record + 0 method stub(s) + 0 helper(s))
[*] Imported class from 'ir_schema': WhileStmt (record + 0 method stub(s) + 0 helper(s))
[*] Imported class from 'ir_schema': ForStmt (record + 0 method stub(s) + 0 helper(s))
[*] Imported class from 'ir_schema': TryStmt (record + 0 method stub(s) + 0 helper(s))
[*] Imported class from 'ir_schema': MatchStmt (record + 0 method stub(s) + 0 helper(s))
[*] Imported class from 'ir_schema': LabelStmt (record + 0 method stub(s) + 0 helper(s))
[*] Imported class from 'ir_schema': RaiseStmt (record + 0 method stub(s) + 0 helper(s))
[*] Imported class from 'ir_schema': ProofAssertStmt (record + 0 method stub(s) + 0 helper(s))
[*] Imported class from 'ir_schema': AssertStmt (record + 0 method stub(s) + 0 helper(s))
[*] Imported class from 'ir_schema': PassStmt (record + 0 method stub(s) + 0 helper(s))
[*] Imported class from 'ir_schema': BreakStmt (record + 0 method stub(s) + 0 helper(s))
[*] Imported class from 'ir_schema': ContinueStmt (record + 0 method stub(s) + 0 helper(s))
[*] Imported class from 'ir_schema': OpaqueStmt (record + 0 method stub(s) + 0 helper(s))
[*] Imported class from 'errors': PyCSLSemanticError (record + 0 method stub(s) + 2 helper(s))
[*] Imported from 'module6_whyml.identifiers': ['op_translate', 'whyml_ident', 'safe_mutex_name', 'safe_exc_name', 'stable_hash'] (trusted stubs)
[*] Imported from 'ir_schema': ['stmt_from_dict'] (trusted stubs)
[*] Running Proof Engine (provers: Alt-Ergo,2.6.3 → Z3,4.13.3,)...

--- Verification Results ---
File "/home/fabrice/git/pycsl/scratchpad/w7/tmp/.pycsl_gwql3f_j.mlw", line 33, characters 7-14:
Sub-goal precondition of goal pycsl_div'vc.
Prover result is: Valid (0.00s, 1377 steps).

File "/home/fabrice/git/pycsl/scratchpad/w7/tmp/.pycsl_gwql3f_j.mlw", line 33, characters 34-41:
Sub-goal precondition of goal pycsl_div'vc.
Prover result is: Valid (0.00s, 1568 steps).

File "/home/fabrice/git/pycsl/scratchpad/w7/tmp/.pycsl_gwql3f_j.mlw", line 33, characters 51-58:
Sub-goal precondition of goal pycsl_div'vc.
Prover result is: Valid (0.00s, 1581 steps).

File "/home/fabrice/git/pycsl/scratchpad/w7/tmp/.pycsl_gwql3f_j.mlw", line 32, characters 14-79:
Sub-goal postcondition of goal pycsl_div'vc.
Prover result is: Valid (0.04s, 19 steps).

File "/home/fabrice/git/pycsl/scratchpad/w7/tmp/.pycsl_gwql3f_j.mlw", line 38, characters 7-14:
Sub-goal precondition of goal pycsl_mod'vc.
Prover result is: Valid (0.00s, 1377 steps).

File "/home/fabrice/git/pycsl/scratchpad/w7/tmp/.pycsl_gwql3f_j.mlw", line 38, characters 34-41:
Sub-goal precondition of goal pycsl_mod'vc.
Prover result is: Valid (0.01s, 1568 steps).

File "/home/fabrice/git/pycsl/scratchpad/w7/tmp/.pycsl_gwql3f_j.mlw", line 38, characters 51-58:
Sub-goal precondition of goal pycsl_mod'vc.
Prover result is: Valid (0.01s, 1581 steps).

File "/home/fabrice/git/pycsl/scratchpad/w7/tmp/.pycsl_gwql3f_j.mlw", line 37, characters 14-79:
Sub-goal postcondition of goal pycsl_mod'vc.
Prover result is: Valid (0.01s, 17220 steps).

File "/home/fabrice/git/pycsl/scratchpad/w7/tmp/.pycsl_gwql3f_j.mlw", line 101, characters 18-37:
Sub-goal variant decrease of goal size_pos'vc.
Prover result is: Valid (0.01s, 23676 steps).

File "/home/fabrice/git/pycsl/scratchpad/w7/tmp/.pycsl_gwql3f_j.mlw", line 102, characters 18-36:
Sub-goal variant decrease of goal size_pos'vc.
Prover result is: Valid (0.01s, 23704 steps).

File "/home/fabrice/git/pycsl/scratchpad/w7/tmp/.pycsl_gwql3f_j.mlw", line 99, characters 14-27:
Sub-goal postcondition of goal size_pos'vc.
Prover result is: Valid (0.19s, 336149 steps).

File "/home/fabrice/git/pycsl/scratchpad/w7/tmp/.pycsl_gwql3f_j.mlw", line 106, characters 41-51:
Sub-goal variant decrease of goal size_list_nonneg'vc.
Prover result is: Valid (0.01s, 6210 steps).

File "/home/fabrice/git/pycsl/scratchpad/w7/tmp/.pycsl_gwql3f_j.mlw", line 106, characters 53-71:
Sub-goal variant decrease of goal size_list_nonneg'vc.
Prover result is: Valid (0.01s, 6917 steps).

File "/home/fabrice/git/pycsl/scratchpad/w7/tmp/.pycsl_gwql3f_j.mlw", line 105, characters 14-30:
Sub-goal postcondition of goal size_list_nonneg'vc.
Prover result is: Valid (0.02s, 22745 steps).

File "/home/fabrice/git/pycsl/scratchpad/w7/tmp/.pycsl_gwql3f_j.mlw", line 109, characters 48-58:
Sub-goal variant decrease of goal size_dict_nonneg'vc.
Prover result is: Valid (0.01s, 6214 steps).

File "/home/fabrice/git/pycsl/scratchpad/w7/tmp/.pycsl_gwql3f_j.mlw", line 109, characters 60-81:
Sub-goal variant decrease of goal size_dict_nonneg'vc.
Prover result is: Valid (0.01s, 7278 steps).

File "/home/fabrice/git/pycsl/scratchpad/w7/tmp/.pycsl_gwql3f_j.mlw", line 108, characters 14-30:
Sub-goal postcondition of goal size_dict_nonneg'vc.
Prover result is: Valid (0.02s, 23980 steps).

File "/home/fabrice/git/pycsl/scratchpad/w7/tmp/.pycsl_gwql3f_j.mlw", line 116, characters 48-68:
Sub-goal variant decrease of goal size_dict_mem'vc.
Prover result is: Valid (0.01s, 7360 steps).

File "/home/fabrice/git/pycsl/scratchpad/w7/tmp/.pycsl_gwql3f_j.mlw", line 112, characters 29-49:
Sub-goal postcondition of goal size_dict_mem'vc.
Prover result is: Valid (0.02s, 30876 steps).

File "/home/fabrice/git/pycsl/scratchpad/w7/tmp/.pycsl_gwql3f_j.mlw", line 143, characters 24-42:
Sub-goal variant decrease of goal wf_ir_binds'vc.
Prover result is: Valid (0.01s, 9774 steps).

File "/home/fabrice/git/pycsl/scratchpad/w7/tmp/.pycsl_gwql3f_j.mlw", line 143, characters 24-42:
Sub-goal precondition of goal wf_ir_binds'vc.
Prover result is: Valid (0.02s, 37589 steps).

File "/home/fabrice/git/pycsl/scratchpad/w7/tmp/.pycsl_gwql3f_j.mlw", line 139, characters 52-62:
Sub-goal postcondition of goal wf_ir_binds'vc.
Prover result is: Valid (0.52s, 693315 steps).

File "/home/fabrice/git/pycsl/scratchpad/w7/tmp/.pycsl_gwql3f_j.mlw", line 315, characters 36-42:
Sub-goal variant decrease of goal size'vc.
Prover result is: Valid (0.01s, 30922 steps).

File "/home/fabrice/git/pycsl/scratchpad/w7/tmp/.pycsl_gwql3f_j.mlw", line 315, characters 27-33:
Sub-goal variant decrease of goal size'vc.
Prover result is: Valid (0.01s, 30944 steps).

File "/home/fabrice/git/pycsl/scratchpad/w7/tmp/.pycsl_gwql3f_j.mlw", line 316, characters 35-41:
Sub-goal variant decrease of goal size'vc.
Prover result is: Valid (0.01s, 30938 steps).

File "/home/fabrice/git/pycsl/scratchpad/w7/tmp/.pycsl_gwql3f_j.mlw", line 316, characters 26-32:
Sub-goal variant decrease of goal size'vc.
Prover result is: Valid (0.01s, 30960 steps).

File "/home/fabrice/git/pycsl/scratchpad/w7/tmp/.pycsl_gwql3f_j.mlw", line 317, characters 32-38:
Sub-goal variant decrease of goal size'vc.
Prover result is: Valid (0.01s, 30910 steps).

File "/home/fabrice/git/pycsl/scratchpad/w7/tmp/.pycsl_gwql3f_j.mlw", line 317, characters 23-29:
Sub-goal variant decrease of goal size'vc.
Prover result is: Valid (0.01s, 30932 steps).

File "/home/fabrice/git/pycsl/scratchpad/w7/tmp/.pycsl_gwql3f_j.mlw", line 318, characters 34-40:
Sub-goal variant decrease of goal size'vc.
Prover result is: Valid (0.02s, 30914 steps).

File "/home/fabrice/git/pycsl/scratchpad/w7/tmp/.pycsl_gwql3f_j.mlw", line 318, characters 25-31:
Sub-goal variant decrease of goal size'vc.
Prover result is: Valid (0.01s, 30936 steps).

File "/home/fabrice/git/pycsl/scratchpad/w7/tmp/.pycsl_gwql3f_j.mlw", line 319, characters 24-30:
Sub-goal variant decrease of goal size'vc.
Prover result is: Valid (0.01s, 30870 steps).

File "/home/fabrice/git/pycsl/scratchpad/w7/tmp/.pycsl_gwql3f_j.mlw", line 320, characters 26-32:
Sub-goal variant decrease of goal size'vc.
Prover result is: Valid (0.01s, 30904 steps).

File "/home/fabrice/git/pycsl/scratchpad/w7/tmp/.pycsl_gwql3f_j.mlw", line 321, characters 44-50:
Sub-goal variant decrease of goal size'vc.
Prover result is: Valid (0.01s, 30950 steps).

File "/home/fabrice/git/pycsl/scratchpad/w7/tmp/.pycsl_gwql3f_j.mlw", line 321, characters 35-41:
Sub-goal variant decrease of goal size'vc.
Prover result is: Valid (0.01s, 30972 steps).

File "/home/fabrice/git/pycsl/scratchpad/w7/tmp/.pycsl_gwql3f_j.mlw", line 321, characters 26-32:
Sub-goal variant decrease of goal size'vc.
Prover result is: Valid (0.01s, 30994 steps).

File "/home/fabrice/git/pycsl/scratchpad/w7/tmp/.pycsl_gwql3f_j.mlw", line 322, characters 27-33:
Sub-goal variant decrease of goal size'vc.
Prover result is: Valid (0.01s, 30940 steps).

File "/home/fabrice/git/pycsl/scratchpad/w7/tmp/.pycsl_gwql3f_j.mlw", line 323, characters 22-28:
Sub-goal variant decrease of goal size'vc.
Prover result is: Valid (0.01s, 30944 steps).

File "/home/fabrice/git/pycsl/scratchpad/w7/tmp/.pycsl_gwql3f_j.mlw", line 324, characters 25-31:
Sub-goal variant decrease of goal size'vc.
Prover result is: Valid (0.01s, 30962 steps).

File "/home/fabrice/git/pycsl/scratchpad/w7/tmp/.pycsl_gwql3f_j.mlw", line 325, characters 45-52:
Sub-goal variant decrease of goal size'vc.
Prover result is: Valid (0.01s, 30980 steps).

File "/home/fabrice/git/pycsl/scratchpad/w7/tmp/.pycsl_gwql3f_j.mlw", line 325, characters 35-42:
Sub-goal variant decrease of goal size'vc.
Prover result is: Valid (0.01s, 31002 steps).

File "/home/fabrice/git/pycsl/scratchpad/w7/tmp/.pycsl_gwql3f_j.mlw", line 326, characters 39-45:
Sub-goal variant decrease of goal size'vc.
Prover result is: Valid (0.01s, 30980 steps).

File "/home/fabrice/git/pycsl/scratchpad/w7/tmp/.pycsl_gwql3f_j.mlw", line 326, characters 30-36:
Sub-goal variant decrease of goal size'vc.
Prover result is: Valid (0.01s, 31002 steps).

File "/home/fabrice/git/pycsl/scratchpad/w7/tmp/.pycsl_gwql3f_j.mlw", line 327, characters 38-44:
Sub-goal variant decrease of goal size'vc.
Prover result is: Valid (0.01s, 30984 steps).

File "/home/fabrice/git/pycsl/scratchpad/w7/tmp/.pycsl_gwql3f_j.mlw", line 327, characters 29-35:
Sub-goal variant decrease of goal size'vc.
Prover result is: Valid (0.01s, 31006 steps).

File "/home/fabrice/git/pycsl/scratchpad/w7/tmp/.pycsl_gwql3f_j.mlw", line 328, characters 39-45:
Sub-goal variant decrease of goal size'vc.
Prover result is: Valid (0.01s, 30988 steps).

File "/home/fabrice/git/pycsl/scratchpad/w7/tmp/.pycsl_gwql3f_j.mlw", line 328, characters 30-36:
Sub-goal variant decrease of goal size'vc.
Prover result is: Valid (0.01s, 31010 steps).

File "/home/fabrice/git/pycsl/scratchpad/w7/tmp/.pycsl_gwql3f_j.mlw", line 329, characters 36-42:
Sub-goal variant decrease of goal size'vc.
Prover result is: Valid (0.01s, 30988 steps).

File "/home/fabrice/git/pycsl/scratchpad/w7/tmp/.pycsl_gwql3f_j.mlw", line 329, characters 27-33:
Sub-goal variant decrease of goal size'vc.
Prover result is: Valid (0.01s, 31010 steps).

File "/home/fabrice/git/pycsl/scratchpad/w7/tmp/.pycsl_gwql3f_j.mlw", line 330, characters 40-46:
Sub-goal variant decrease of goal size'vc.
Prover result is: Valid (0.01s, 30992 steps).

File "/home/fabrice/git/pycsl/scratchpad/w7/tmp/.pycsl_gwql3f_j.mlw", line 330, characters 31-37:
Sub-goal variant decrease of goal size'vc.
Prover result is: Valid (0.01s, 31014 steps).

File "/home/fabrice/git/pycsl/scratchpad/w7/tmp/.pycsl_gwql3f_j.mlw", line 331, characters 34-40:
Sub-goal variant decrease of goal size'vc.
Prover result is: Valid (0.01s, 31000 steps).

File "/home/fabrice/git/pycsl/scratchpad/w7/tmp/.pycsl_gwql3f_j.mlw", line 331, characters 25-31:
Sub-goal variant decrease of goal size'vc.
Prover result is: Valid (0.01s, 31022 steps).

File "/home/fabrice/git/pycsl/scratchpad/w7/tmp/.pycsl_gwql3f_j.mlw", line 332, characters 44-50:
Sub-goal variant decrease of goal size'vc.
Prover result is: Valid (0.01s, 31004 steps).

File "/home/fabrice/git/pycsl/scratchpad/w7/tmp/.pycsl_gwql3f_j.mlw", line 332, characters 35-41:
Sub-goal variant decrease of goal size'vc.
Prover result is: Valid (0.01s, 31026 steps).

File "/home/fabrice/git/pycsl/scratchpad/w7/tmp/.pycsl_gwql3f_j.mlw", line 333, characters 35-41:
Sub-goal variant decrease of goal size'vc.
Prover result is: Valid (0.01s, 31006 steps).

File "/home/fabrice/git/pycsl/scratchpad/w7/tmp/.pycsl_gwql3f_j.mlw", line 334, characters 35-41:
Sub-goal variant decrease of goal size'vc.
Prover result is: Valid (0.01s, 31014 steps).

File "/home/fabrice/git/pycsl/scratchpad/w7/tmp/.pycsl_gwql3f_j.mlw", line 334, characters 26-32:
Sub-goal variant decrease of goal size'vc.
Prover result is: Valid (0.01s, 31036 steps).

File "/home/fabrice/git/pycsl/scratchpad/w7/tmp/.pycsl_gwql3f_j.mlw", line 335, characters 46-52:
Sub-goal variant decrease of goal size'vc.
Prover result is: Valid (0.01s, 31026 steps).

File "/home/fabrice/git/pycsl/scratchpad/w7/tmp/.pycsl_gwql3f_j.mlw", line 335, characters 37-43:
Sub-goal variant decrease of goal size'vc.
Prover result is: Valid (0.01s, 31048 steps).

File "/home/fabrice/git/pycsl/scratchpad/w7/tmp/.pycsl_gwql3f_j.mlw", line 335, characters 28-34:
Sub-goal variant decrease of goal size'vc.
Prover result is: Valid (0.01s, 31070 steps).

File "/home/fabrice/git/pycsl/scratchpad/w7/tmp/.pycsl_gwql3f_j.mlw", line 336, characters 34-40:
Sub-goal variant decrease of goal size'vc.
Prover result is: Valid (0.01s, 31022 steps).

File "/home/fabrice/git/pycsl/scratchpad/w7/tmp/.pycsl_gwql3f_j.mlw", line 336, characters 25-31:
Sub-goal variant decrease of goal size'vc.
Prover result is: Valid (0.01s, 31044 steps).

File "/home/fabrice/git/pycsl/scratchpad/w7/tmp/.pycsl_gwql3f_j.mlw", line 337, characters 35-41:
Sub-goal variant decrease of goal size'vc.
Prover result is: Valid (0.01s, 31026 steps).

File "/home/fabrice/git/pycsl/scratchpad/w7/tmp/.pycsl_gwql3f_j.mlw", line 337, characters 26-32:
Sub-goal variant decrease of goal size'vc.
Prover result is: Valid (0.01s, 31048 steps).

File "/home/fabrice/git/pycsl/scratchpad/w7/tmp/.pycsl_gwql3f_j.mlw", line 338, characters 38-44:
Sub-goal variant decrease of goal size'vc.
Prover result is: Valid (0.01s, 31030 steps).

File "/home/fabrice/git/pycsl/scratchpad/w7/tmp/.pycsl_gwql3f_j.mlw", line 338, characters 29-35:
Sub-goal variant decrease of goal size'vc.
Prover result is: Valid (0.01s, 31052 steps).

File "/home/fabrice/git/pycsl/scratchpad/w7/tmp/.pycsl_gwql3f_j.mlw", line 339, characters 35-41:
Sub-goal variant decrease of goal size'vc.
Prover result is: Valid (0.01s, 31040 steps).

File "/home/fabrice/git/pycsl/scratchpad/w7/tmp/.pycsl_gwql3f_j.mlw", line 339, characters 26-32:
Sub-goal variant decrease of goal size'vc.
Prover result is: Valid (0.01s, 31062 steps).

File "/home/fabrice/git/pycsl/scratchpad/w7/tmp/.pycsl_gwql3f_j.mlw", line 340, characters 38-44:
Sub-goal variant decrease of goal size'vc.
Prover result is: Valid (0.01s, 31044 steps).

File "/home/fabrice/git/pycsl/scratchpad/w7/tmp/.pycsl_gwql3f_j.mlw", line 340, characters 29-35:
Sub-goal variant decrease of goal size'vc.
Prover result is: Valid (0.01s, 31066 steps).

File "/home/fabrice/git/pycsl/scratchpad/w7/tmp/.pycsl_gwql3f_j.mlw", line 341, characters 35-41:
Sub-goal variant decrease of goal size'vc.
Prover result is: Valid (0.01s, 31048 steps).

File "/home/fabrice/git/pycsl/scratchpad/w7/tmp/.pycsl_gwql3f_j.mlw", line 341, characters 26-32:
Sub-goal variant decrease of goal size'vc.
Prover result is: Valid (0.01s, 31070 steps).

File "/home/fabrice/git/pycsl/scratchpad/w7/tmp/.pycsl_gwql3f_j.mlw", line 342, characters 37-43:
Sub-goal variant decrease of goal size'vc.
Prover result is: Valid (0.01s, 31052 steps).

File "/home/fabrice/git/pycsl/scratchpad/w7/tmp/.pycsl_gwql3f_j.mlw", line 342, characters 28-34:
Sub-goal variant decrease of goal size'vc.
Prover result is: Valid (0.01s, 31074 steps).

File "/home/fabrice/git/pycsl/scratchpad/w7/tmp/.pycsl_gwql3f_j.mlw", line 343, characters 37-43:
Sub-goal variant decrease of goal size'vc.
Prover result is: Valid (0.01s, 31056 steps).

File "/home/fabrice/git/pycsl/scratchpad/w7/tmp/.pycsl_gwql3f_j.mlw", line 343, characters 28-34:
Sub-goal variant decrease of goal size'vc.
Prover result is: Valid (0.01s, 31078 steps).

File "/home/fabrice/git/pycsl/scratchpad/w7/tmp/.pycsl_gwql3f_j.mlw", line 344, characters 36-42:
Sub-goal variant decrease of goal size'vc.
Prover result is: Valid (0.02s, 31060 steps).

File "/home/fabrice/git/pycsl/scratchpad/w7/tmp/.pycsl_gwql3f_j.mlw", line 344, characters 27-33:
Sub-goal variant decrease of goal size'vc.
Prover result is: Valid (0.01s, 31082 steps).

File "/home/fabrice/git/pycsl/scratchpad/w7/tmp/.pycsl_gwql3f_j.mlw", line 345, characters 50-57:
Sub-goal variant decrease of goal size'vc.
Prover result is: Valid (0.01s, 31072 steps).

File "/home/fabrice/git/pycsl/scratchpad/w7/tmp/.pycsl_gwql3f_j.mlw", line 345, characters 40-47:
Sub-goal variant decrease of goal size'vc.
Prover result is: Valid (0.01s, 31094 steps).

File "/home/fabrice/git/pycsl/scratchpad/w7/tmp/.pycsl_gwql3f_j.mlw", line 345, characters 31-37:
Sub-goal variant decrease of goal size'vc.
Prover result is: Valid (0.01s, 31116 steps).

File "/home/fabrice/git/pycsl/scratchpad/w7/tmp/.pycsl_gwql3f_j.mlw", line 346, characters 38-44:
Sub-goal variant decrease of goal size'vc.
Prover result is: Valid (0.01s, 31068 steps).

File "/home/fabrice/git/pycsl/scratchpad/w7/tmp/.pycsl_gwql3f_j.mlw", line 346, characters 29-35:
Sub-goal variant decrease of goal size'vc.
Prover result is: Valid (0.01s, 31090 steps).

File "/home/fabrice/git/pycsl/scratchpad/w7/tmp/.pycsl_gwql3f_j.mlw", line 347, characters 34-40:
Sub-goal variant decrease of goal size'vc.
Prover result is: Valid (0.01s, 31072 steps).

File "/home/fabrice/git/pycsl/scratchpad/w7/tmp/.pycsl_gwql3f_j.mlw", line 347, characters 25-31:
Sub-goal variant decrease of goal size'vc.
Prover result is: Valid (0.01s, 31094 steps).

File "/home/fabrice/git/pycsl/scratchpad/w7/tmp/.pycsl_gwql3f_j.mlw", line 348, characters 33-39:
Sub-goal variant decrease of goal size'vc.
Prover result is: Valid (0.01s, 31082 steps).

File "/home/fabrice/git/pycsl/scratchpad/w7/tmp/.pycsl_gwql3f_j.mlw", line 348, characters 24-30:
Sub-goal variant decrease of goal size'vc.
Prover result is: Valid (0.01s, 31104 steps).

File "/home/fabrice/git/pycsl/scratchpad/w7/tmp/.pycsl_gwql3f_j.mlw", line 349, characters 20-26:
Sub-goal variant decrease of goal size'vc.
Prover result is: Valid (0.01s, 31076 steps).

File "/home/fabrice/git/pycsl/scratchpad/w7/tmp/.pycsl_gwql3f_j.mlw", line 350, characters 20-26:
Sub-goal variant decrease of goal size'vc.
Prover result is: Valid (0.01s, 31080 steps).

File "/home/fabrice/git/pycsl/scratchpad/w7/tmp/.pycsl_gwql3f_j.mlw", line 351, characters 28-34:
Sub-goal variant decrease of goal size'vc.
Prover result is: Valid (0.01s, 31084 steps).

File "/home/fabrice/git/pycsl/scratchpad/w7/tmp/.pycsl_gwql3f_j.mlw", line 352, characters 32-38:
Sub-goal variant decrease of goal size'vc.
Prover result is: Valid (0.01s, 31098 steps).

File "/home/fabrice/git/pycsl/scratchpad/w7/tmp/.pycsl_gwql3f_j.mlw", line 352, characters 23-29:
Sub-goal variant decrease of goal size'vc.
Prover result is: Valid (0.01s, 31120 steps).

File "/home/fabrice/git/pycsl/scratchpad/w7/tmp/.pycsl_gwql3f_j.mlw", line 353, characters 32-38:
Sub-goal variant decrease of goal size'vc.
Prover result is: Valid (0.01s, 31102 steps).

File "/home/fabrice/git/pycsl/scratchpad/w7/tmp/.pycsl_gwql3f_j.mlw", line 353, characters 23-29:
Sub-goal variant decrease of goal size'vc.
Prover result is: Valid (0.01s, 31124 steps).

File "/home/fabrice/git/pycsl/scratchpad/w7/tmp/.pycsl_gwql3f_j.mlw", line 354, characters 35-41:
Sub-goal variant decrease of goal size'vc.
Prover result is: Valid (0.01s, 31106 steps).

File "/home/fabrice/git/pycsl/scratchpad/w7/tmp/.pycsl_gwql3f_j.mlw", line 354, characters 26-32:
Sub-goal variant decrease of goal size'vc.
Prover result is: Valid (0.01s, 31128 steps).

File "/home/fabrice/git/pycsl/scratchpad/w7/tmp/.pycsl_gwql3f_j.mlw", line 355, characters 21-27:
Sub-goal variant decrease of goal size'vc.
Prover result is: Valid (0.01s, 31100 steps).

File "/home/fabrice/git/pycsl/scratchpad/w7/tmp/.pycsl_gwql3f_j.mlw", line 356, characters 21-27:
Sub-goal variant decrease of goal size'vc.
Prover result is: Valid (0.01s, 31104 steps).

File "/home/fabrice/git/pycsl/scratchpad/w7/tmp/.pycsl_gwql3f_j.mlw", line 357, characters 38-44:
Sub-goal variant decrease of goal size'vc.
Prover result is: Valid (0.01s, 31128 steps).

File "/home/fabrice/git/pycsl/scratchpad/w7/tmp/.pycsl_gwql3f_j.mlw", line 357, characters 29-35:
Sub-goal variant decrease of goal size'vc.
Prover result is: Valid (0.01s, 31150 steps).

File "/home/fabrice/git/pycsl/scratchpad/w7/tmp/.pycsl_gwql3f_j.mlw", line 358, characters 27-33:
Sub-goal variant decrease of goal size'vc.
Prover result is: Valid (0.01s, 31122 steps).

File "/home/fabrice/git/pycsl/scratchpad/w7/tmp/.pycsl_gwql3f_j.mlw", line 359, characters 46-52:
Sub-goal variant decrease of goal size'vc.
Prover result is: Valid (0.01s, 31144 steps).

File "/home/fabrice/git/pycsl/scratchpad/w7/tmp/.pycsl_gwql3f_j.mlw", line 359, characters 37-43:
Sub-goal variant decrease of goal size'vc.
Prover result is: Valid (0.01s, 31166 steps).

File "/home/fabrice/git/pycsl/scratchpad/w7/tmp/.pycsl_gwql3f_j.mlw", line 359, characters 28-34:
Sub-goal variant decrease of goal size'vc.
Prover result is: Valid (0.01s, 31188 steps).

File "/home/fabrice/git/pycsl/scratchpad/w7/tmp/.pycsl_gwql3f_j.mlw", line 360, characters 45-51:
Sub-goal variant decrease of goal size'vc.
Prover result is: Valid (0.01s, 31150 steps).

File "/home/fabrice/git/pycsl/scratchpad/w7/tmp/.pycsl_gwql3f_j.mlw", line 360, characters 36-42:
Sub-goal variant decrease of goal size'vc.
Prover result is: Valid (0.01s, 31172 steps).

File "/home/fabrice/git/pycsl/scratchpad/w7/tmp/.pycsl_gwql3f_j.mlw", line 361, characters 40-46:
Sub-goal variant decrease of goal size'vc.
Prover result is: Valid (0.01s, 31150 steps).

File "/home/fabrice/git/pycsl/scratchpad/w7/tmp/.pycsl_gwql3f_j.mlw", line 361, characters 30-37:
Sub-goal variant decrease of goal size'vc.
Prover result is: Valid (0.01s, 31172 steps).

File "/home/fabrice/git/pycsl/scratchpad/w7/tmp/.pycsl_gwql3f_j.mlw", line 362, characters 40-46:
Sub-goal variant decrease of goal size'vc.
Prover result is: Valid (0.01s, 31154 steps).

File "/home/fabrice/git/pycsl/scratchpad/w7/tmp/.pycsl_gwql3f_j.mlw", line 362, characters 31-37:
Sub-goal variant decrease of goal size'vc.
Prover result is: Valid (0.01s, 31176 steps).

File "/home/fabrice/git/pycsl/scratchpad/w7/tmp/.pycsl_gwql3f_j.mlw", line 363, characters 34-40:
Sub-goal variant decrease of goal size'vc.
Prover result is: Valid (0.01s, 31158 steps).

File "/home/fabrice/git/pycsl/scratchpad/w7/tmp/.pycsl_gwql3f_j.mlw", line 363, characters 25-31:
Sub-goal variant decrease of goal size'vc.
Prover result is: Valid (0.01s, 31180 steps).

File "/home/fabrice/git/pycsl/scratchpad/w7/tmp/.pycsl_gwql3f_j.mlw", line 364, characters 25-31:
Sub-goal variant decrease of goal size'vc.
Prover result is: Valid (0.01s, 31166 steps).

File "/home/fabrice/git/pycsl/scratchpad/w7/tmp/.pycsl_gwql3f_j.mlw", line 365, characters 29-35:
Sub-goal variant decrease of goal size'vc.
Prover result is: Valid (0.01s, 31174 steps).

File "/home/fabrice/git/pycsl/scratchpad/w7/tmp/.pycsl_gwql3f_j.mlw", line 366, characters 30-36:
Sub-goal variant decrease of goal size'vc.
Prover result is: Valid (0.01s, 31204 steps).

File "/home/fabrice/git/pycsl/scratchpad/w7/tmp/.pycsl_gwql3f_j.mlw", line 367, characters 30-36:
Sub-goal variant decrease of goal size'vc.
Prover result is: Valid (0.01s, 31208 steps).

File "/home/fabrice/git/pycsl/scratchpad/w7/tmp/.pycsl_gwql3f_j.mlw", line 368, characters 35-41:
Sub-goal variant decrease of goal size'vc.
Prover result is: Valid (0.01s, 31206 steps).

File "/home/fabrice/git/pycsl/scratchpad/w7/tmp/.pycsl_gwql3f_j.mlw", line 312, characters 14-25:
Sub-goal postcondition of goal size'vc.
Prover result is: Valid (0.04s, 152952 steps).

File "/home/fabrice/git/pycsl/scratchpad/w7/tmp/.pycsl_gwql3f_j.mlw", line 373, characters 58-83:
Sub-goal goal of goal size_left_dec.
Prover result is: Valid (0.03s, 52226 steps).

File "/home/fabrice/git/pycsl/scratchpad/w7/tmp/.pycsl_gwql3f_j.mlw", line 374, characters 58-84:
Sub-goal goal of goal size_right_dec.
Prover result is: Valid (0.03s, 53043 steps).

File "/home/fabrice/git/pycsl/scratchpad/w7/tmp/.pycsl_gwql3f_j.mlw", line 377, characters 65-90:
Sub-goal goal of goal size_ifexpr_body_dec.
Prover result is: Valid (0.03s, 53866 steps).

File "/home/fabrice/git/pycsl/scratchpad/w7/tmp/.pycsl_gwql3f_j.mlw", line 378, characters 67-94:
Sub-goal goal of goal size_ifexpr_orelse_dec.
Prover result is: Valid (0.03s, 54683 steps).

File "/home/fabrice/git/pycsl/scratchpad/w7/tmp/.pycsl_gwql3f_j.mlw", line 381, characters 59-87:
Sub-goal goal of goal size_ter_fst_dec.
Prover result is: Valid (0.03s, 55579 steps).

File "/home/fabrice/git/pycsl/scratchpad/w7/tmp/.pycsl_gwql3f_j.mlw", line 382, characters 59-87:
Sub-goal goal of goal size_ter_snd_dec.
Prover result is: Valid (0.03s, 56381 steps).

File "/home/fabrice/git/pycsl/scratchpad/w7/tmp/.pycsl_gwql3f_j.mlw", line 383, characters 59-87:
Sub-goal goal of goal size_ter_thd_dec.
Prover result is: Valid (0.02s, 57209 steps).

File "/home/fabrice/git/pycsl/scratchpad/w7/tmp/.pycsl_gwql3f_j.mlw", line 432, characters 57-84:
Sub-goal goal of goal size_svalue_dec.
Prover result is: Valid (0.02s, 57871 steps).

File "/home/fabrice/git/pycsl/scratchpad/w7/tmp/.pycsl_gwql3f_j.mlw", line 433, characters 57-84:
Sub-goal goal of goal size_sindex_dec.
Prover result is: Valid (0.03s, 58688 steps).

File "/home/fabrice/git/pycsl/scratchpad/w7/tmp/.pycsl_gwql3f_j.mlw", line 434, characters 63-90:
Sub-goal goal of goal size_object_dec.
Prover result is: Valid (0.02s, 59436 steps).

File "/home/fabrice/git/pycsl/scratchpad/w7/tmp/.pycsl_gwql3f_j.mlw", line 435, characters 58-83:
Sub-goal goal of goal size_arg0_dec.
Prover result is: Valid (0.03s, 60359 steps).

File "/home/fabrice/git/pycsl/scratchpad/w7/tmp/.pycsl_gwql3f_j.mlw", line 436, characters 59-84:
Sub-goal goal of goal size_elt0_dec.
Prover result is: Valid (0.03s, 61346 steps).

File "/home/fabrice/git/pycsl/scratchpad/w7/tmp/.pycsl_gwql3f_j.mlw", line 437, characters 59-84:
Sub-goal goal of goal size_elt1_dec.
Prover result is: Valid (0.03s, 62163 steps).

File "/home/fabrice/git/pycsl/scratchpad/w7/tmp/.pycsl_gwql3f_j.mlw", line 443, characters 48-55:
Sub-goal variant decrease of goal irlen'vc.
Prover result is: Valid (0.01s, 19006 steps).

File "/home/fabrice/git/pycsl/scratchpad/w7/tmp/.pycsl_gwql3f_j.mlw", line 441, characters 14-25:
Sub-goal postcondition of goal irlen'vc.
Prover result is: Valid (0.02s, 67787 steps).

File "/home/fabrice/git/pycsl/scratchpad/w7/tmp/.pycsl_gwql3f_j.mlw", line 447, characters 75-90:
Sub-goal variant decrease of goal irnth'vc.
Prover result is: Valid (0.01s, 19042 steps).

File "/home/fabrice/git/pycsl/scratchpad/w7/tmp/.pycsl_gwql3f_j.mlw", line 498, characters 63-76:
Sub-goal variant decrease of goal pairs_get'vc.
Prover result is: Valid (0.01s, 19036 steps).

File "/home/fabrice/git/pycsl/scratchpad/w7/tmp/.pycsl_gwql3f_j.mlw", line 518, characters 99-120:
Sub-goal variant decrease of goal hval_list_str_mem'vc.
Prover result is: Valid (0.01s, 21857 steps).

File "/home/fabrice/git/pycsl/scratchpad/w7/tmp/.pycsl_gwql3f_j.mlw", line 525, characters 48-63:
Sub-goal variant decrease of goal hval_list_len'vc.
Prover result is: Valid (0.01s, 19006 steps).

File "/home/fabrice/git/pycsl/scratchpad/w7/tmp/.pycsl_gwql3f_j.mlw", line 532, characters 43-66:
Sub-goal variant decrease of goal hval_list_nth'vc.
Prover result is: Valid (0.01s, 19042 steps).

File "/home/fabrice/.opam/framac-coq8/share/why3/stdlib/set.mlw", line 538, characters 14-30:
Sub-goal postcondition of goal eq'refn'vc.
Prover result is: Valid (0.01s, 9026 steps).

File "/home/fabrice/git/pycsl/scratchpad/w7/tmp/.pycsl_gwql3f_j.mlw", line 783, characters 15-19:
Sub-goal postcondition of goal statementemissionmixin___array_coerce_arg'vc.
Prover result is: Valid (0.01s, 9044 steps).

File "/home/fabrice/git/pycsl/scratchpad/w7/tmp/.pycsl_gwql3f_j.mlw", line 784, characters 15-56:
Sub-goal postcondition of goal statementemissionmixin___array_coerce_arg'vc.
Prover result is: Valid (0.01s, 9045 steps).

File "/home/fabrice/git/pycsl/scratchpad/w7/tmp/.pycsl_gwql3f_j.mlw", line 785, characters 15-68:
Sub-goal postcondition of goal statementemissionmixin___array_coerce_arg'vc.
Prover result is: Valid (0.01s, 9046 steps).

File "/home/fabrice/git/pycsl/scratchpad/w7/tmp/.pycsl_gwql3f_j.mlw", line 786, characters 15-66:
Sub-goal postcondition of goal statementemissionmixin___array_coerce_arg'vc.
Prover result is: Valid (0.01s, 9047 steps).

File "/home/fabrice/git/pycsl/scratchpad/w7/tmp/.pycsl_gwql3f_j.mlw", line 787, characters 15-60:
Sub-goal postcondition of goal statementemissionmixin___array_coerce_arg'vc.
Prover result is: Valid (0.01s, 9048 steps).

File "/home/fabrice/git/pycsl/scratchpad/w7/tmp/.pycsl_gwql3f_j.mlw", line 788, characters 15-60:
Sub-goal postcondition of goal statementemissionmixin___array_coerce_arg'vc.
Prover result is: Valid (0.01s, 9049 steps).

File "/home/fabrice/git/pycsl/scratchpad/w7/tmp/.pycsl_gwql3f_j.mlw", line 789, characters 15-50:
Sub-goal postcondition of goal statementemissionmixin___array_coerce_arg'vc.
Prover result is: Valid (0.01s, 9050 steps).

File "/home/fabrice/git/pycsl/scratchpad/w7/tmp/.pycsl_gwql3f_j.mlw", line 790, characters 15-48:
Sub-goal postcondition of goal statementemissionmixin___array_coerce_arg'vc.
Prover result is: Valid (0.01s, 9051 steps).

File "/home/fabrice/git/pycsl/scratchpad/w7/tmp/.pycsl_gwql3f_j.mlw", line 791, characters 15-76:
Sub-goal postcondition of goal statementemissionmixin___array_coerce_arg'vc.
Prover result is: Valid (0.01s, 9052 steps).

File "/home/fabrice/git/pycsl/scratchpad/w7/tmp/.pycsl_gwql3f_j.mlw", line 792, characters 15-62:
Sub-goal postcondition of goal statementemissionmixin___array_coerce_arg'vc.
Prover result is: Valid (0.01s, 9053 steps).

File "/home/fabrice/git/pycsl/scratchpad/w7/tmp/.pycsl_gwql3f_j.mlw", line 783, characters 15-19:
Sub-goal postcondition of goal statementemissionmixin___array_coerce_arg'vc.
Prover result is: Valid (0.01s, 9547 steps).

File "/home/fabrice/git/pycsl/scratchpad/w7/tmp/.pycsl_gwql3f_j.mlw", line 784, characters 15-56:
Sub-goal postcondition of goal statementemissionmixin___array_coerce_arg'vc.
Prover result is: Valid (0.01s, 9548 steps).

File "/home/fabrice/git/pycsl/scratchpad/w7/tmp/.pycsl_gwql3f_j.mlw", line 785, characters 15-68:
Sub-goal postcondition of goal statementemissionmixin___array_coerce_arg'vc.
Prover result is: Valid (0.01s, 9549 steps).

File "/home/fabrice/git/pycsl/scratchpad/w7/tmp/.pycsl_gwql3f_j.mlw", line 786, characters 15-66:
Sub-goal postcondition of goal statementemissionmixin___array_coerce_arg'vc.
Prover result is: Valid (0.01s, 9550 steps).

File "/home/fabrice/git/pycsl/scratchpad/w7/tmp/.pycsl_gwql3f_j.mlw", line 787, characters 15-60:
Sub-goal postcondition of goal statementemissionmixin___array_coerce_arg'vc.
Prover result is: Valid (0.01s, 9551 steps).

File "/home/fabrice/git/pycsl/scratchpad/w7/tmp/.pycsl_gwql3f_j.mlw", line 788, characters 15-60:
Sub-goal postcondition of goal statementemissionmixin___array_coerce_arg'vc.
Prover result is: Valid (0.01s, 9552 steps).

File "/home/fabrice/git/pycsl/scratchpad/w7/tmp/.pycsl_gwql3f_j.mlw", line 789, characters 15-50:
Sub-goal postcondition of goal statementemissionmixin___array_coerce_arg'vc.
Prover result is: Valid (0.01s, 9553 steps).

File "/home/fabrice/git/pycsl/scratchpad/w7/tmp/.pycsl_gwql3f_j.mlw", line 790, characters 15-48:
Sub-goal postcondition of goal statementemissionmixin___array_coerce_arg'vc.
Prover result is: Valid (0.01s, 9554 steps).

File "/home/fabrice/git/pycsl/scratchpad/w7/tmp/.pycsl_gwql3f_j.mlw", line 791, characters 15-76:
Sub-goal postcondition of goal statementemissionmixin___array_coerce_arg'vc.
Prover result is: Valid (0.01s, 9555 steps).

File "/home/fabrice/git/pycsl/scratchpad/w7/tmp/.pycsl_gwql3f_j.mlw", line 792, characters 15-62:
Sub-goal postcondition of goal statementemissionmixin___array_coerce_arg'vc.
Prover result is: Valid (0.01s, 9556 steps).

File "/home/fabrice/git/pycsl/scratchpad/w7/tmp/.pycsl_gwql3f_j.mlw", line 783, characters 15-19:
Sub-goal postcondition of goal statementemissionmixin___array_coerce_arg'vc.
Prover result is: Valid (0.02s, 9925 steps).

File "/home/fabrice/git/pycsl/scratchpad/w7/tmp/.pycsl_gwql3f_j.mlw", line 784, characters 15-56:
Sub-goal postcondition of goal statementemissionmixin___array_coerce_arg'vc.
Prover result is: Valid (0.02s, 9926 steps).

File "/home/fabrice/git/pycsl/scratchpad/w7/tmp/.pycsl_gwql3f_j.mlw", line 785, characters 15-68:
Sub-goal postcondition of goal statementemissionmixin___array_coerce_arg'vc.
Prover result is: Valid (0.01s, 9927 steps).

File "/home/fabrice/git/pycsl/scratchpad/w7/tmp/.pycsl_gwql3f_j.mlw", line 786, characters 15-66:
Sub-goal postcondition of goal statementemissionmixin___array_coerce_arg'vc.
Prover result is: Valid (0.01s, 9928 steps).

File "/home/fabrice/git/pycsl/scratchpad/w7/tmp/.pycsl_gwql3f_j.mlw", line 787, characters 15-60:
Sub-goal postcondition of goal statementemissionmixin___array_coerce_arg'vc.
Prover result is: Valid (0.01s, 9929 steps).

File "/home/fabrice/git/pycsl/scratchpad/w7/tmp/.pycsl_gwql3f_j.mlw", line 788, characters 15-60:
Sub-goal postcondition of goal statementemissionmixin___array_coerce_arg'vc.
Prover result is: Valid (0.01s, 9930 steps).

File "/home/fabrice/git/pycsl/scratchpad/w7/tmp/.pycsl_gwql3f_j.mlw", line 789, characters 15-50:
Sub-goal postcondition of goal statementemissionmixin___array_coerce_arg'vc.
Prover result is: Valid (0.01s, 9931 steps).

File "/home/fabrice/git/pycsl/scratchpad/w7/tmp/.pycsl_gwql3f_j.mlw", line 790, characters 15-48:
Sub-goal postcondition of goal statementemissionmixin___array_coerce_arg'vc.
Prover result is: Valid (0.01s, 9932 steps).

File "/home/fabrice/git/pycsl/scratchpad/w7/tmp/.pycsl_gwql3f_j.mlw", line 791, characters 15-76:
Sub-goal postcondition of goal statementemissionmixin___array_coerce_arg'vc.
Prover result is: Valid (0.01s, 9933 steps).

File "/home/fabrice/git/pycsl/scratchpad/w7/tmp/.pycsl_gwql3f_j.mlw", line 792, characters 15-62:
Sub-goal postcondition of goal statementemissionmixin___array_coerce_arg'vc.
Prover result is: Valid (0.01s, 9934 steps).

File "/home/fabrice/git/pycsl/scratchpad/w7/tmp/.pycsl_gwql3f_j.mlw", line 783, characters 15-19:
Sub-goal postcondition of goal statementemissionmixin___array_coerce_arg'vc.
Prover result is: Valid (0.01s, 10434 steps).

File "/home/fabrice/git/pycsl/scratchpad/w7/tmp/.pycsl_gwql3f_j.mlw", line 784, characters 15-56:
Sub-goal postcondition of goal statementemissionmixin___array_coerce_arg'vc.
Prover result is: Valid (0.01s, 10435 steps).

File "/home/fabrice/git/pycsl/scratchpad/w7/tmp/.pycsl_gwql3f_j.mlw", line 785, characters 15-68:
Sub-goal postcondition of goal statementemissionmixin___array_coerce_arg'vc.
Prover result is: Valid (0.01s, 10436 steps).

File "/home/fabrice/git/pycsl/scratchpad/w7/tmp/.pycsl_gwql3f_j.mlw", line 786, characters 15-66:
Sub-goal postcondition of goal statementemissionmixin___array_coerce_arg'vc.
Prover result is: Valid (0.01s, 10437 steps).

File "/home/fabrice/git/pycsl/scratchpad/w7/tmp/.pycsl_gwql3f_j.mlw", line 787, characters 15-60:
Sub-goal postcondition of goal statementemissionmixin___array_coerce_arg'vc.
Prover result is: Valid (0.01s, 10438 steps).

File "/home/fabrice/git/pycsl/scratchpad/w7/tmp/.pycsl_gwql3f_j.mlw", line 788, characters 15-60:
Sub-goal postcondition of goal statementemissionmixin___array_coerce_arg'vc.
Prover result is: Valid (0.01s, 10439 steps).

File "/home/fabrice/git/pycsl/scratchpad/w7/tmp/.pycsl_gwql3f_j.mlw", line 789, characters 15-50:
Sub-goal postcondition of goal statementemissionmixin___array_coerce_arg'vc.
Prover result is: Valid (0.02s, 10440 steps).

File "/home/fabrice/git/pycsl/scratchpad/w7/tmp/.pycsl_gwql3f_j.mlw", line 790, characters 15-48:
Sub-goal postcondition of goal statementemissionmixin___array_coerce_arg'vc.
Prover result is: Valid (0.02s, 10441 steps).

File "/home/fabrice/git/pycsl/scratchpad/w7/tmp/.pycsl_gwql3f_j.mlw", line 791, characters 15-76:
Sub-goal postcondition of goal statementemissionmixin___array_coerce_arg'vc.
Prover result is: Valid (0.01s, 10442 steps).

File "/home/fabrice/git/pycsl/scratchpad/w7/tmp/.pycsl_gwql3f_j.mlw", line 792, characters 15-62:
Sub-goal postcondition of goal statementemissionmixin___array_coerce_arg'vc.
Prover result is: Valid (0.01s, 10443 steps).

File "/home/fabrice/git/pycsl/scratchpad/w7/tmp/.pycsl_gwql3f_j.mlw", line 783, characters 15-19:
Sub-goal postcondition of goal statementemissionmixin___array_coerce_arg'vc.
Prover result is: Valid (0.01s, 10432 steps).

File "/home/fabrice/git/pycsl/scratchpad/w7/tmp/.pycsl_gwql3f_j.mlw", line 784, characters 15-56:
Sub-goal postcondition of goal statementemissionmixin___array_coerce_arg'vc.
Prover result is: Valid (0.01s, 10433 steps).

File "/home/fabrice/git/pycsl/scratchpad/w7/tmp/.pycsl_gwql3f_j.mlw", line 785, characters 15-68:
Sub-goal postcondition of goal statementemissionmixin___array_coerce_arg'vc.
Prover result is: Valid (0.01s, 10434 steps).

File "/home/fabrice/git/pycsl/scratchpad/w7/tmp/.pycsl_gwql3f_j.mlw", line 786, characters 15-66:
Sub-goal postcondition of goal statementemissionmixin___array_coerce_arg'vc.
Prover result is: Valid (0.01s, 10435 steps).

File "/home/fabrice/git/pycsl/scratchpad/w7/tmp/.pycsl_gwql3f_j.mlw", line 787, characters 15-60:
Sub-goal postcondition of goal statementemissionmixin___array_coerce_arg'vc.
Prover result is: Valid (0.01s, 10436 steps).

File "/home/fabrice/git/pycsl/scratchpad/w7/tmp/.pycsl_gwql3f_j.mlw", line 788, characters 15-60:
Sub-goal postcondition of goal statementemissionmixin___array_coerce_arg'vc.
Prover result is: Valid (0.01s, 10437 steps).

File "/home/fabrice/git/pycsl/scratchpad/w7/tmp/.pycsl_gwql3f_j.mlw", line 789, characters 15-50:
Sub-goal postcondition of goal statementemissionmixin___array_coerce_arg'vc.
Prover result is: Valid (0.01s, 10438 steps).

File "/home/fabrice/git/pycsl/scratchpad/w7/tmp/.pycsl_gwql3f_j.mlw", line 790, characters 15-48:
Sub-goal postcondition of goal statementemissionmixin___array_coerce_arg'vc.
Prover result is: Valid (0.01s, 10439 steps).

File "/home/fabrice/git/pycsl/scratchpad/w7/tmp/.pycsl_gwql3f_j.mlw", line 791, characters 15-76:
Sub-goal postcondition of goal statementemissionmixin___array_coerce_arg'vc.
Prover result is: Valid (0.01s, 10440 steps).

File "/home/fabrice/git/pycsl/scratchpad/w7/tmp/.pycsl_gwql3f_j.mlw", line 792, characters 15-62:
Sub-goal postcondition of goal statementemissionmixin___array_coerce_arg'vc.
Prover result is: Valid (0.01s, 10441 steps).

File "/home/fabrice/git/pycsl/scratchpad/w7/tmp/.pycsl_gwql3f_j.mlw", line 783, characters 15-19:
Sub-goal postcondition of goal statementemissionmixin___array_coerce_arg'vc.
Prover result is: Valid (0.01s, 9972 steps).

File "/home/fabrice/git/pycsl/scratchpad/w7/tmp/.pycsl_gwql3f_j.mlw", line 784, characters 15-56:
Sub-goal postcondition of goal statementemissionmixin___array_coerce_arg'vc.
Prover result is: Valid (0.01s, 9973 steps).

File "/home/fabrice/git/pycsl/scratchpad/w7/tmp/.pycsl_gwql3f_j.mlw", line 785, characters 15-68:
Sub-goal postcondition of goal statementemissionmixin___array_coerce_arg'vc.
Prover result is: Valid (0.01s, 9974 steps).

File "/home/fabrice/git/pycsl/scratchpad/w7/tmp/.pycsl_gwql3f_j.mlw", line 786, characters 15-66:
Sub-goal postcondition of goal statementemissionmixin___array_coerce_arg'vc.
Prover result is: Valid (0.01s, 9975 steps).

File "/home/fabrice/git/pycsl/scratchpad/w7/tmp/.pycsl_gwql3f_j.mlw", line 787, characters 15-60:
Sub-goal postcondition of goal statementemissionmixin___array_coerce_arg'vc.
Prover result is: Valid (0.01s, 9976 steps).

File "/home/fabrice/git/pycsl/scratchpad/w7/tmp/.pycsl_gwql3f_j.mlw", line 788, characters 15-60:
Sub-goal postcondition of goal statementemissionmixin___array_coerce_arg'vc.
Prover result is: Valid (0.01s, 9977 steps).

File "/home/fabrice/git/pycsl/scratchpad/w7/tmp/.pycsl_gwql3f_j.mlw", line 789, characters 15-50:
Sub-goal postcondition of goal statementemissionmixin___array_coerce_arg'vc.
Prover result is: Valid (0.01s, 9978 steps).

File "/home/fabrice/git/pycsl/scratchpad/w7/tmp/.pycsl_gwql3f_j.mlw", line 790, characters 15-48:
Sub-goal postcondition of goal statementemissionmixin___array_coerce_arg'vc.
Prover result is: Valid (0.01s, 9979 steps).

File "/home/fabrice/git/pycsl/scratchpad/w7/tmp/.pycsl_gwql3f_j.mlw", line 791, characters 15-76:
Sub-goal postcondition of goal statementemissionmixin___array_coerce_arg'vc.
Prover result is: Valid (0.01s, 9980 steps).

File "/home/fabrice/git/pycsl/scratchpad/w7/tmp/.pycsl_gwql3f_j.mlw", line 792, characters 15-62:
Sub-goal postcondition of goal statementemissionmixin___array_coerce_arg'vc.
Prover result is: Valid (0.01s, 9981 steps).

File "/home/fabrice/git/pycsl/scratchpad/w7/tmp/.pycsl_gwql3f_j.mlw", line 826, characters 15-19:
Sub-goal postcondition of goal statementemissionmixin___call_returns_string_collection'vc.
Prover result is: Valid (0.01s, 5050 steps).

File "/home/fabrice/git/pycsl/scratchpad/w7/tmp/.pycsl_gwql3f_j.mlw", line 827, characters 15-56:
Sub-goal postcondition of goal statementemissionmixin___call_returns_string_collection'vc.
Prover result is: Valid (0.01s, 5051 steps).

File "/home/fabrice/git/pycsl/scratchpad/w7/tmp/.pycsl_gwql3f_j.mlw", line 828, characters 15-68:
Sub-goal postcondition of goal statementemissionmixin___call_returns_string_collection'vc.
Prover result is: Valid (0.01s, 5052 steps).

File "/home/fabrice/git/pycsl/scratchpad/w7/tmp/.pycsl_gwql3f_j.mlw", line 829, characters 15-66:
Sub-goal postcondition of goal statementemissionmixin___call_returns_string_collection'vc.
Prover result is: Valid (0.01s, 5053 steps).

File "/home/fabrice/git/pycsl/scratchpad/w7/tmp/.pycsl_gwql3f_j.mlw", line 830, characters 15-60:
Sub-goal postcondition of goal statementemissionmixin___call_returns_string_collection'vc.
Prover result is: Valid (0.01s, 5054 steps).

File "/home/fabrice/git/pycsl/scratchpad/w7/tmp/.pycsl_gwql3f_j.mlw", line 831, characters 15-60:
Sub-goal postcondition of goal statementemissionmixin___call_returns_string_collection'vc.
Prover result is: Valid (0.01s, 5055 steps).

File "/home/fabrice/git/pycsl/scratchpad/w7/tmp/.pycsl_gwql3f_j.mlw", line 832, characters 15-50:
Sub-goal postcondition of goal statementemissionmixin___call_returns_string_collection'vc.
Prover result is: Valid (0.01s, 5056 steps).

File "/home/fabrice/git/pycsl/scratchpad/w7/tmp/.pycsl_gwql3f_j.mlw", line 833, characters 15-48:
Sub-goal postcondition of goal statementemissionmixin___call_returns_string_collection'vc.
Prover result is: Valid (0.01s, 5057 steps).

File "/home/fabrice/git/pycsl/scratchpad/w7/tmp/.pycsl_gwql3f_j.mlw", line 834, characters 15-76:
Sub-goal postcondition of goal statementemissionmixin___call_returns_string_collection'vc.
Prover result is: Valid (0.01s, 5058 steps).

File "/home/fabrice/git/pycsl/scratchpad/w7/tmp/.pycsl_gwql3f_j.mlw", line 835, characters 15-62:
Sub-goal postcondition of goal statementemissionmixin___call_returns_string_collection'vc.
Prover result is: Valid (0.01s, 5059 steps).

File "/home/fabrice/git/pycsl/scratchpad/w7/tmp/.pycsl_gwql3f_j.mlw", line 826, characters 15-19:
Sub-goal postcondition of goal statementemissionmixin___call_returns_string_collection'vc.
Prover result is: Valid (0.01s, 9169 steps).

File "/home/fabrice/git/pycsl/scratchpad/w7/tmp/.pycsl_gwql3f_j.mlw", line 827, characters 15-56:
Sub-goal postcondition of goal statementemissionmixin___call_returns_string_collection'vc.
Prover result is: Valid (0.01s, 9170 steps).

File "/home/fabrice/git/pycsl/scratchpad/w7/tmp/.pycsl_gwql3f_j.mlw", line 828, characters 15-68:
Sub-goal postcondition of goal statementemissionmixin___call_returns_string_collection'vc.
Prover result is: Valid (0.01s, 9171 steps).

File "/home/fabrice/git/pycsl/scratchpad/w7/tmp/.pycsl_gwql3f_j.mlw", line 829, characters 15-66:
Sub-goal postcondition of goal statementemissionmixin___call_returns_string_collection'vc.
Prover result is: Valid (0.01s, 9172 steps).

File "/home/fabrice/git/pycsl/scratchpad/w7/tmp/.pycsl_gwql3f_j.mlw", line 830, characters 15-60:
Sub-goal postcondition of goal statementemissionmixin___call_returns_string_collection'vc.
Prover result is: Valid (0.01s, 9173 steps).

File "/home/fabrice/git/pycsl/scratchpad/w7/tmp/.pycsl_gwql3f_j.mlw", line 831, characters 15-60:
Sub-goal postcondition of goal statementemissionmixin___call_returns_string_collection'vc.
Prover result is: Valid (0.01s, 9174 steps).

File "/home/fabrice/git/pycsl/scratchpad/w7/tmp/.pycsl_gwql3f_j.mlw", line 832, characters 15-50:
Sub-goal postcondition of goal statementemissionmixin___call_returns_string_collection'vc.
Prover result is: Valid (0.01s, 9175 steps).

File "/home/fabrice/git/pycsl/scratchpad/w7/tmp/.pycsl_gwql3f_j.mlw", line 833, characters 15-48:
Sub-goal postcondition of goal statementemissionmixin___call_returns_string_collection'vc.
Prover result is: Valid (0.01s, 9176 steps).

File "/home/fabrice/git/pycsl/scratchpad/w7/tmp/.pycsl_gwql3f_j.mlw", line 834, characters 15-76:
Sub-goal postcondition of goal statementemissionmixin___call_returns_string_collection'vc.
Prover result is: Valid (0.01s, 9177 steps).

File "/home/fabrice/git/pycsl/scratchpad/w7/tmp/.pycsl_gwql3f_j.mlw", line 835, characters 15-62:
Sub-goal postcondition of goal statementemissionmixin___call_returns_string_collection'vc.
Prover result is: Valid (0.01s, 9178 steps).

File "/home/fabrice/git/pycsl/scratchpad/w7/tmp/.pycsl_gwql3f_j.mlw", line 826, characters 15-19:
Sub-goal postcondition of goal statementemissionmixin___call_returns_string_collection'vc.
Prover result is: Valid (0.01s, 9221 steps).

File "/home/fabrice/git/pycsl/scratchpad/w7/tmp/.pycsl_gwql3f_j.mlw", line 827, characters 15-56:
Sub-goal postcondition of goal statementemissionmixin___call_returns_string_collection'vc.
Prover result is: Valid (0.01s, 9222 steps).

File "/home/fabrice/git/pycsl/scratchpad/w7/tmp/.pycsl_gwql3f_j.mlw", line 828, characters 15-68:
Sub-goal postcondition of goal statementemissionmixin___call_returns_string_collection'vc.
Prover result is: Valid (0.01s, 9223 steps).

File "/home/fabrice/git/pycsl/scratchpad/w7/tmp/.pycsl_gwql3f_j.mlw", line 829, characters 15-66:
Sub-goal postcondition of goal statementemissionmixin___call_returns_string_collection'vc.
Prover result is: Valid (0.01s, 9224 steps).

File "/home/fabrice/git/pycsl/scratchpad/w7/tmp/.pycsl_gwql3f_j.mlw", line 830, characters 15-60:
Sub-goal postcondition of goal statementemissionmixin___call_returns_string_collection'vc.
Prover result is: Valid (0.01s, 9225 steps).

File "/home/fabrice/git/pycsl/scratchpad/w7/tmp/.pycsl_gwql3f_j.mlw", line 831, characters 15-60:
Sub-goal postcondition of goal statementemissionmixin___call_returns_string_collection'vc.
Prover result is: Valid (0.01s, 9226 steps).

File "/home/fabrice/git/pycsl/scratchpad/w7/tmp/.pycsl_gwql3f_j.mlw", line 832, characters 15-50:
Sub-goal postcondition of goal statementemissionmixin___call_returns_string_collection'vc.
Prover result is: Valid (0.01s, 9227 steps).

File "/home/fabrice/git/pycsl/scratchpad/w7/tmp/.pycsl_gwql3f_j.mlw", line 833, characters 15-48:
Sub-goal postcondition of goal statementemissionmixin___call_returns_string_collection'vc.
Prover result is: Valid (0.01s, 9228 steps).

File "/home/fabrice/git/pycsl/scratchpad/w7/tmp/.pycsl_gwql3f_j.mlw", line 834, characters 15-76:
Sub-goal postcondition of goal statementemissionmixin___call_returns_string_collection'vc.
Prover result is: Valid (0.01s, 9229 steps).

File "/home/fabrice/git/pycsl/scratchpad/w7/tmp/.pycsl_gwql3f_j.mlw", line 835, characters 15-62:
Sub-goal postcondition of goal statementemissionmixin___call_returns_string_collection'vc.
Prover result is: Valid (0.01s, 9230 steps).

File "/home/fabrice/git/pycsl/scratchpad/w7/tmp/.pycsl_gwql3f_j.mlw", line 869, characters 79-147:
Sub-goal variant decrease of goal statementemissionmixin___collect_field_decode_str_locals__gstmt'vc.
Prover result is: Valid (0.01s, 24268 steps).

File "/home/fabrice/git/pycsl/scratchpad/w7/tmp/.pycsl_gwql3f_j.mlw", line 870, characters 24-92:
Sub-goal variant decrease of goal statementemissionmixin___collect_field_decode_str_locals__gstmt'vc.
Prover result is: Valid (0.01s, 24540 steps).

File "/home/fabrice/git/pycsl/scratchpad/w7/tmp/.pycsl_gwql3f_j.mlw", line 870, characters 24-92:
Sub-goal variant decrease of goal statementemissionmixin___collect_field_decode_str_locals__gstmt'vc.
Prover result is: Valid (0.01s, 24404 steps).

File "/home/fabrice/git/pycsl/scratchpad/w7/tmp/.pycsl_gwql3f_j.mlw", line 877, characters 24-94:
Sub-goal variant decrease of goal statementemissionmixin___collect_field_decode_str_locals__gtarget'vc.
Prover result is: Valid (0.01s, 24536 steps).

File "/home/fabrice/git/pycsl/scratchpad/w7/tmp/.pycsl_gwql3f_j.mlw", line 884, characters 24-93:
Sub-goal variant decrease of goal statementemissionmixin___collect_field_decode_str_locals__gvalue'vc.
Prover result is: Valid (0.01s, 24536 steps).

File "/home/fabrice/git/pycsl/scratchpad/w7/tmp/.pycsl_gwql3f_j.mlw", line 891, characters 24-93:
Sub-goal variant decrease of goal statementemissionmixin___collect_field_decode_str_locals__gvtype'vc.
Prover result is: Valid (0.01s, 24552 steps).

File "/home/fabrice/git/pycsl/scratchpad/w7/tmp/.pycsl_gwql3f_j.mlw", line 891, characters 24-93:
Sub-goal variant decrease of goal statementemissionmixin___collect_field_decode_str_locals__gvtype'vc.
Prover result is: Valid (0.01s, 24404 steps).

File "/home/fabrice/git/pycsl/scratchpad/w7/tmp/.pycsl_gwql3f_j.mlw", line 898, characters 24-93:
Sub-goal variant decrease of goal statementemissionmixin___collect_field_decode_str_locals__gvfunc'vc.
Prover result is: Valid (0.01s, 24552 steps).

File "/home/fabrice/git/pycsl/scratchpad/w7/tmp/.pycsl_gwql3f_j.mlw", line 898, characters 24-93:
Sub-goal variant decrease of goal statementemissionmixin___collect_field_decode_str_locals__gvfunc'vc.
Prover result is: Valid (0.01s, 24404 steps).

File "/home/fabrice/git/pycsl/scratchpad/w7/tmp/.pycsl_gwql3f_j.mlw", line 902, characters 32-36:
Sub-goal postcondition of goal statementemissionmixin___collect_field_decode_str_locals__leaf'vc.
Prover result is: Valid (0.01s, 9035 steps).

File "/home/fabrice/git/pycsl/scratchpad/w7/tmp/.pycsl_gwql3f_j.mlw", line 926, characters 94-161:
Sub-goal variant decrease of goal statementemissionmixin___collect_field_decode_str_locals__v'vc.
Prover result is: Valid (0.03s, 88656 steps).

File "/home/fabrice/git/pycsl/scratchpad/w7/tmp/.pycsl_gwql3f_j.mlw", line 926, characters 94-161:
Sub-goal precondition of goal statementemissionmixin___collect_field_decode_str_locals__v'vc.
Prover result is: Valid (0.01s, 9035 steps).

File "/home/fabrice/git/pycsl/scratchpad/w7/tmp/.pycsl_gwql3f_j.mlw", line 926, characters 27-93:
Sub-goal precondition of goal statementemissionmixin___collect_field_decode_str_locals__v'vc.
Prover result is: Valid (0.01s, 9044 steps).

File "/home/fabrice/git/pycsl/scratchpad/w7/tmp/.pycsl_gwql3f_j.mlw", line 927, characters 18-84:
Sub-goal variant decrease of goal statementemissionmixin___collect_field_decode_str_locals__v'vc.
Prover result is: Valid (0.03s, 88656 steps).

File "/home/fabrice/git/pycsl/scratchpad/w7/tmp/.pycsl_gwql3f_j.mlw", line 927, characters 18-84:
Sub-goal precondition of goal statementemissionmixin___collect_field_decode_str_locals__v'vc.
Prover result is: Valid (0.01s, 9035 steps).

File "/home/fabrice/git/pycsl/scratchpad/w7/tmp/.pycsl_gwql3f_j.mlw", line 924, characters 32-36:
Sub-goal postcondition of goal statementemissionmixin___collect_field_decode_str_locals__v'vc.
Prover result is: Valid (0.01s, 9026 steps).

File "/home/fabrice/git/pycsl/scratchpad/w7/tmp/.pycsl_gwql3f_j.mlw", line 935, characters 82-152:
Sub-goal variant decrease of goal statementemissionmixin___collect_field_decode_str_locals__dfold'vc.
Prover result is: Valid (0.02s, 95380 steps).

File "/home/fabrice/git/pycsl/scratchpad/w7/tmp/.pycsl_gwql3f_j.mlw", line 935, characters 82-152:
Sub-goal precondition of goal statementemissionmixin___collect_field_decode_str_locals__dfold'vc.
Prover result is: Valid (0.00s, 9052 steps).

File "/home/fabrice/git/pycsl/scratchpad/w7/tmp/.pycsl_gwql3f_j.mlw", line 935, characters 18-81:
Sub-goal variant decrease of goal statementemissionmixin___collect_field_decode_str_locals__dfold'vc.
Prover result is: Valid (0.03s, 95595 steps).

File "/home/fabrice/git/pycsl/scratchpad/w7/tmp/.pycsl_gwql3f_j.mlw", line 935, characters 18-81:
Sub-goal precondition of goal statementemissionmixin___collect_field_decode_str_locals__dfold'vc.
Prover result is: Valid (0.01s, 9061 steps).

File "/home/fabrice/git/pycsl/scratchpad/w7/tmp/.pycsl_gwql3f_j.mlw", line 931, characters 32-36:
Sub-goal postcondition of goal statementemissionmixin___collect_field_decode_str_locals__dfold'vc.
Prover result is: Valid (0.01s, 9026 steps).

File "/home/fabrice/git/pycsl/scratchpad/w7/tmp/.pycsl_gwql3f_j.mlw", line 939, characters 92-159:
Sub-goal variant decrease of goal statementemissionmixin___collect_field_decode_str_locals__lfold'vc.
Prover result is: Valid (0.03s, 94509 steps).

File "/home/fabrice/git/pycsl/scratchpad/w7/tmp/.pycsl_gwql3f_j.mlw", line 939, characters 92-159:
Sub-goal precondition of goal statementemissionmixin___collect_field_decode_str_locals__lfold'vc.
Prover result is: Valid (0.01s, 8978 steps).

File "/home/fabrice/git/pycsl/scratchpad/w7/tmp/.pycsl_gwql3f_j.mlw", line 939, characters 28-91:
Sub-goal variant decrease of goal statementemissionmixin___collect_field_decode_str_locals__lfold'vc.
Prover result is: Valid (0.03s, 95610 steps).

File "/home/fabrice/git/pycsl/scratchpad/w7/tmp/.pycsl_gwql3f_j.mlw", line 939, characters 28-91:
Sub-goal precondition of goal statementemissionmixin___collect_field_decode_str_locals__lfold'vc.
Prover result is: Valid (0.01s, 8987 steps).

File "/home/fabrice/git/pycsl/scratchpad/w7/tmp/.pycsl_gwql3f_j.mlw", line 937, characters 32-36:
Sub-goal postcondition of goal statementemissionmixin___collect_field_decode_str_locals__lfold'vc.
Prover result is: Valid (0.01s, 9026 steps).

File "/home/fabrice/git/pycsl/scratchpad/w7/tmp/.pycsl_gwql3f_j.mlw", line 942, characters 4-76:
Sub-goal precondition of goal statementemissionmixin___collect_field_decode_str_locals'vc.
Prover result is: Valid (0.01s, 9026 steps).

File "/home/fabrice/git/pycsl/scratchpad/w7/tmp/.pycsl_gwql3f_j.mlw", line 941, characters 32-36:
Sub-goal postcondition of goal statementemissionmixin___collect_field_decode_str_locals'vc.
Prover result is: Valid (0.01s, 9035 steps).

File "/home/fabrice/git/pycsl/scratchpad/w7/tmp/.pycsl_gwql3f_j.mlw", line 947, characters 79-147:
Sub-goal variant decrease of goal statementemissionmixin___collect_string_elem_read_locals__gstmt'vc.
Prover result is: Valid (0.01s, 24268 steps).

File "/home/fabrice/git/pycsl/scratchpad/w7/tmp/.pycsl_gwql3f_j.mlw", line 948, characters 24-92:
Sub-goal variant decrease of goal statementemissionmixin___collect_string_elem_read_locals__gstmt'vc.
Prover result is: Valid (0.01s, 24540 steps).

File "/home/fabrice/git/pycsl/scratchpad/w7/tmp/.pycsl_gwql3f_j.mlw", line 948, characters 24-92:
Sub-goal variant decrease of goal statementemissionmixin___collect_string_elem_read_locals__gstmt'vc.
Prover result is: Valid (0.01s, 24404 steps).

File "/home/fabrice/git/pycsl/scratchpad/w7/tmp/.pycsl_gwql3f_j.mlw", line 955, characters 24-94:
Sub-goal variant decrease of goal statementemissionmixin___collect_string_elem_read_locals__gtarget'vc.
Prover result is: Valid (0.01s, 24536 steps).

File "/home/fabrice/git/pycsl/scratchpad/w7/tmp/.pycsl_gwql3f_j.mlw", line 962, characters 24-93:
Sub-goal variant decrease of goal statementemissionmixin___collect_string_elem_read_locals__gvalue'vc.
Prover result is: Valid (0.01s, 24536 steps).

File "/home/fabrice/git/pycsl/scratchpad/w7/tmp/.pycsl_gwql3f_j.mlw", line 969, characters 24-93:
Sub-goal variant decrease of goal statementemissionmixin___collect_string_elem_read_locals__gvtype'vc.
Prover result is: Valid (0.01s, 24552 steps).

File "/home/fabrice/git/pycsl/scratchpad/w7/tmp/.pycsl_gwql3f_j.mlw", line 969, characters 24-93:
Sub-goal variant decrease of goal statementemissionmixin___collect_string_elem_read_locals__gvtype'vc.
Prover result is: Valid (0.01s, 24404 steps).

File "/home/fabrice/git/pycsl/scratchpad/w7/tmp/.pycsl_gwql3f_j.mlw", line 976, characters 24-93:
Sub-goal variant decrease of goal statementemissionmixin___collect_string_elem_read_locals__gvfunc'vc.
Prover result is: Valid (0.01s, 24552 steps).

File "/home/fabrice/git/pycsl/scratchpad/w7/tmp/.pycsl_gwql3f_j.mlw", line 976, characters 24-93:
Sub-goal variant decrease of goal statementemissionmixin___collect_string_elem_read_locals__gvfunc'vc.
Prover result is: Valid (0.01s, 24404 steps).

File "/home/fabrice/git/pycsl/scratchpad/w7/tmp/.pycsl_gwql3f_j.mlw", line 983, characters 24-94:
Sub-goal variant decrease of goal statementemissionmixin___collect_string_elem_read_locals__gvvalue'vc.
Prover result is: Valid (0.01s, 24536 steps).

File "/home/fabrice/git/pycsl/scratchpad/w7/tmp/.pycsl_gwql3f_j.mlw", line 990, characters 24-94:
Sub-goal variant decrease of goal statementemissionmixin___collect_string_elem_read_locals__givtype'vc.
Prover result is: Valid (0.01s, 24552 steps).

File "/home/fabrice/git/pycsl/scratchpad/w7/tmp/.pycsl_gwql3f_j.mlw", line 990, characters 24-94:
Sub-goal variant decrease of goal statementemissionmixin___collect_string_elem_read_locals__givtype'vc.
Prover result is: Valid (0.01s, 24404 steps).

File "/home/fabrice/git/pycsl/scratchpad/w7/tmp/.pycsl_gwql3f_j.mlw", line 997, characters 24-94:
Sub-goal variant decrease of goal statementemissionmixin___collect_string_elem_read_locals__givname'vc.
Prover result is: Valid (0.01s, 24552 steps).

File "/home/fabrice/git/pycsl/scratchpad/w7/tmp/.pycsl_gwql3f_j.mlw", line 997, characters 24-94:
Sub-goal variant decrease of goal statementemissionmixin___collect_string_elem_read_locals__givname'vc.
Prover result is: Valid (0.01s, 24404 steps).

File "/home/fabrice/git/pycsl/scratchpad/w7/tmp/.pycsl_gwql3f_j.mlw", line 1001, characters 32-36:
Sub-goal postcondition of goal statementemissionmixin___collect_string_elem_read_locals__leaf1'vc.
Prover result is: Valid (0.01s, 9035 steps).

File "/home/fabrice/git/pycsl/scratchpad/w7/tmp/.pycsl_gwql3f_j.mlw", line 1023, characters 32-36:
Sub-goal postcondition of goal statementemissionmixin___collect_string_elem_read_locals__leaf2'vc.
Prover result is: Valid (0.01s, 9044 steps).

File "/home/fabrice/git/pycsl/scratchpad/w7/tmp/.pycsl_gwql3f_j.mlw", line 1054, characters 95-160:
Sub-goal variant decrease of goal statementemissionmixin___collect_string_elem_read_locals__f1'vc.
Prover result is: Valid (0.03s, 88656 steps).

File "/home/fabrice/git/pycsl/scratchpad/w7/tmp/.pycsl_gwql3f_j.mlw", line 1054, characters 95-160:
Sub-goal precondition of goal statementemissionmixin___collect_string_elem_read_locals__f1'vc.
Prover result is: Valid (0.01s, 9035 steps).

File "/home/fabrice/git/pycsl/scratchpad/w7/tmp/.pycsl_gwql3f_j.mlw", line 1054, characters 27-94:
Sub-goal precondition of goal statementemissionmixin___collect_string_elem_read_locals__f1'vc.
Prover result is: Valid (0.01s, 9044 steps).

File "/home/fabrice/git/pycsl/scratchpad/w7/tmp/.pycsl_gwql3f_j.mlw", line 1055, characters 18-82:
Sub-goal variant decrease of goal statementemissionmixin___collect_string_elem_read_locals__f1'vc.
Prover result is: Valid (0.03s, 88656 steps).

File "/home/fabrice/git/pycsl/scratchpad/w7/tmp/.pycsl_gwql3f_j.mlw", line 1055, characters 18-82:
Sub-goal precondition of goal statementemissionmixin___collect_string_elem_read_locals__f1'vc.
Prover result is: Valid (0.01s, 9035 steps).

File "/home/fabrice/git/pycsl/scratchpad/w7/tmp/.pycsl_gwql3f_j.mlw", line 1052, characters 32-36:
Sub-goal postcondition of goal statementemissionmixin___collect_string_elem_read_locals__f1'vc.
Prover result is: Valid (0.01s, 9026 steps).

File "/home/fabrice/git/pycsl/scratchpad/w7/tmp/.pycsl_gwql3f_j.mlw", line 1063, characters 83-151:
Sub-goal variant decrease of goal statementemissionmixin___collect_string_elem_read_locals__f1d'vc.
Prover result is: Valid (0.04s, 95380 steps).

File "/home/fabrice/git/pycsl/scratchpad/w7/tmp/.pycsl_gwql3f_j.mlw", line 1063, characters 83-151:
Sub-goal precondition of goal statementemissionmixin___collect_string_elem_read_locals__f1d'vc.
Prover result is: Valid (0.01s, 9052 steps).

File "/home/fabrice/git/pycsl/scratchpad/w7/tmp/.pycsl_gwql3f_j.mlw", line 1063, characters 18-82:
Sub-goal variant decrease of goal statementemissionmixin___collect_string_elem_read_locals__f1d'vc.
Prover result is: Valid (0.04s, 95595 steps).

File "/home/fabrice/git/pycsl/scratchpad/w7/tmp/.pycsl_gwql3f_j.mlw", line 1063, characters 18-82:
Sub-goal precondition of goal statementemissionmixin___collect_string_elem_read_locals__f1d'vc.
Prover result is: Valid (0.01s, 9061 steps).

File "/home/fabrice/git/pycsl/scratchpad/w7/tmp/.pycsl_gwql3f_j.mlw", line 1059, characters 32-36:
Sub-goal postcondition of goal statementemissionmixin___collect_string_elem_read_locals__f1d'vc.
Prover result is: Valid (0.01s, 9026 steps).

File "/home/fabrice/git/pycsl/scratchpad/w7/tmp/.pycsl_gwql3f_j.mlw", line 1067, characters 93-158:
Sub-goal variant decrease of goal statementemissionmixin___collect_string_elem_read_locals__f1l'vc.
Prover result is: Valid (0.03s, 94509 steps).

File "/home/fabrice/git/pycsl/scratchpad/w7/tmp/.pycsl_gwql3f_j.mlw", line 1067, characters 93-158:
Sub-goal precondition of goal statementemissionmixin___collect_string_elem_read_locals__f1l'vc.
Prover result is: Valid (0.01s, 8978 steps).

File "/home/fabrice/git/pycsl/scratchpad/w7/tmp/.pycsl_gwql3f_j.mlw", line 1067, characters 28-92:
Sub-goal variant decrease of goal statementemissionmixin___collect_string_elem_read_locals__f1l'vc.
Prover result is: Valid (0.03s, 95610 steps).

File "/home/fabrice/git/pycsl/scratchpad/w7/tmp/.pycsl_gwql3f_j.mlw", line 1067, characters 28-92:
Sub-goal precondition of goal statementemissionmixin___collect_string_elem_read_locals__f1l'vc.
Prover result is: Valid (0.01s, 8987 steps).

File "/home/fabrice/git/pycsl/scratchpad/w7/tmp/.pycsl_gwql3f_j.mlw", line 1065, characters 32-36:
Sub-goal postcondition of goal statementemissionmixin___collect_string_elem_read_locals__f1l'vc.
Prover result is: Valid (0.01s, 9026 steps).

File "/home/fabrice/git/pycsl/scratchpad/w7/tmp/.pycsl_gwql3f_j.mlw", line 1071, characters 98-166:
Sub-goal variant decrease of goal statementemissionmixin___collect_string_elem_read_locals__f2'vc.
Prover result is: Valid (0.03s, 88656 steps).

File "/home/fabrice/git/pycsl/scratchpad/w7/tmp/.pycsl_gwql3f_j.mlw", line 1071, characters 98-166:
Sub-goal precondition of goal statementemissionmixin___collect_string_elem_read_locals__f2'vc.
Prover result is: Valid (0.01s, 9035 steps).

File "/home/fabrice/git/pycsl/scratchpad/w7/tmp/.pycsl_gwql3f_j.mlw", line 1071, characters 27-97:
Sub-goal precondition of goal statementemissionmixin___collect_string_elem_read_locals__f2'vc.
Prover result is: Valid (0.01s, 9044 steps).

File "/home/fabrice/git/pycsl/scratchpad/w7/tmp/.pycsl_gwql3f_j.mlw", line 1072, characters 18-85:
Sub-goal variant decrease of goal statementemissionmixin___collect_string_elem_read_locals__f2'vc.
Prover result is: Valid (0.03s, 88656 steps).

File "/home/fabrice/git/pycsl/scratchpad/w7/tmp/.pycsl_gwql3f_j.mlw", line 1072, characters 18-85:
Sub-goal precondition of goal statementemissionmixin___collect_string_elem_read_locals__f2'vc.
Prover result is: Valid (0.01s, 9035 steps).

File "/home/fabrice/git/pycsl/scratchpad/w7/tmp/.pycsl_gwql3f_j.mlw", line 1069, characters 32-36:
Sub-goal postcondition of goal statementemissionmixin___collect_string_elem_read_locals__f2'vc.
Prover result is: Valid (0.01s, 9026 steps).

File "/home/fabrice/git/pycsl/scratchpad/w7/tmp/.pycsl_gwql3f_j.mlw", line 1080, characters 86-157:
Sub-goal variant decrease of goal statementemissionmixin___collect_string_elem_read_locals__f2d'vc.
Prover result is: Valid (0.03s, 95380 steps).

File "/home/fabrice/git/pycsl/scratchpad/w7/tmp/.pycsl_gwql3f_j.mlw", line 1080, characters 86-157:
Sub-goal precondition of goal statementemissionmixin___collect_string_elem_read_locals__f2d'vc.
Prover result is: Valid (0.01s, 9052 steps).

File "/home/fabrice/git/pycsl/scratchpad/w7/tmp/.pycsl_gwql3f_j.mlw", line 1080, characters 18-85:
Sub-goal variant decrease of goal statementemissionmixin___collect_string_elem_read_locals__f2d'vc.
Prover result is: Valid (0.02s, 95595 steps).

File "/home/fabrice/git/pycsl/scratchpad/w7/tmp/.pycsl_gwql3f_j.mlw", line 1080, characters 18-85:
Sub-goal precondition of goal statementemissionmixin___collect_string_elem_read_locals__f2d'vc.
Prover result is: Valid (0.01s, 9061 steps).

File "/home/fabrice/git/pycsl/scratchpad/w7/tmp/.pycsl_gwql3f_j.mlw", line 1076, characters 32-36:
Sub-goal postcondition of goal statementemissionmixin___collect_string_elem_read_locals__f2d'vc.
Prover result is: Valid (0.01s, 9026 steps).

File "/home/fabrice/git/pycsl/scratchpad/w7/tmp/.pycsl_gwql3f_j.mlw", line 1084, characters 96-164:
Sub-goal variant decrease of goal statementemissionmixin___collect_string_elem_read_locals__f2l'vc.
Prover result is: Valid (0.03s, 94509 steps).

File "/home/fabrice/git/pycsl/scratchpad/w7/tmp/.pycsl_gwql3f_j.mlw", line 1084, characters 96-164:
Sub-goal precondition of goal statementemissionmixin___collect_string_elem_read_locals__f2l'vc.
Prover result is: Valid (0.01s, 8978 steps).

File "/home/fabrice/git/pycsl/scratchpad/w7/tmp/.pycsl_gwql3f_j.mlw", line 1084, characters 28-95:
Sub-goal variant decrease of goal statementemissionmixin___collect_string_elem_read_locals__f2l'vc.
Prover result is: Valid (0.02s, 95610 steps).

File "/home/fabrice/git/pycsl/scratchpad/w7/tmp/.pycsl_gwql3f_j.mlw", line 1084, characters 28-95:
Sub-goal precondition of goal statementemissionmixin___collect_string_elem_read_locals__f2l'vc.
Prover result is: Valid (0.01s, 8987 steps).

File "/home/fabrice/git/pycsl/scratchpad/w7/tmp/.pycsl_gwql3f_j.mlw", line 1082, characters 32-36:
Sub-goal postcondition of goal statementemissionmixin___collect_string_elem_read_locals__f2l'vc.
Prover result is: Valid (0.01s, 9026 steps).

File "/home/fabrice/git/pycsl/scratchpad/w7/tmp/.pycsl_gwql3f_j.mlw", line 1087, characters 78-153:
Sub-goal precondition of goal statementemissionmixin___collect_string_elem_read_locals'vc.
Prover result is: Valid (0.01s, 9026 steps).

File "/home/fabrice/git/pycsl/scratchpad/w7/tmp/.pycsl_gwql3f_j.mlw", line 1087, characters 4-153:
Sub-goal precondition of goal statementemissionmixin___collect_string_elem_read_locals'vc.
Prover result is: Valid (0.01s, 9035 steps).

File "/home/fabrice/git/pycsl/scratchpad/w7/tmp/.pycsl_gwql3f_j.mlw", line 1086, characters 32-36:
Sub-goal postcondition of goal statementemissionmixin___collect_string_elem_read_locals'vc.
Prover result is: Valid (0.01s, 9042 steps).

File "/home/fabrice/git/pycsl/scratchpad/w7/tmp/.pycsl_gwql3f_j.mlw", line 1105, characters 71-128:
Sub-goal precondition of goal statementemissionmixin___dv_store_value'vc.
Prover result is: Valid (0.01s, 10566 steps).

File "/home/fabrice/git/pycsl/scratchpad/w7/tmp/.pycsl_gwql3f_j.mlw", line 1090, characters 15-19:
Sub-goal postcondition of goal statementemissionmixin___dv_store_value'vc.
Prover result is: Valid (0.01s, 10770 steps).

File "/home/fabrice/git/pycsl/scratchpad/w7/tmp/.pycsl_gwql3f_j.mlw", line 1091, characters 15-56:
Sub-goal postcondition of goal statementemissionmixin___dv_store_value'vc.
Prover result is: Valid (0.01s, 10783 steps).

File "/home/fabrice/git/pycsl/scratchpad/w7/tmp/.pycsl_gwql3f_j.mlw", line 1092, characters 15-68:
Sub-goal postcondition of goal statementemissionmixin___dv_store_value'vc.
Prover result is: Valid (0.03s, 110126 steps).

File "/home/fabrice/git/pycsl/scratchpad/w7/tmp/.pycsl_gwql3f_j.mlw", line 1093, characters 15-66:
Sub-goal postcondition of goal statementemissionmixin___dv_store_value'vc.
Prover result is: Valid (0.01s, 10805 steps).

File "/home/fabrice/git/pycsl/scratchpad/w7/tmp/.pycsl_gwql3f_j.mlw", line 1094, characters 15-60:
Sub-goal postcondition of goal statementemissionmixin___dv_store_value'vc.
Prover result is: Valid (0.01s, 10818 steps).

File "/home/fabrice/git/pycsl/scratchpad/w7/tmp/.pycsl_gwql3f_j.mlw", line 1095, characters 15-60:
Sub-goal postcondition of goal statementemissionmixin___dv_store_value'vc.
Prover result is: Valid (0.01s, 10831 steps).

File "/home/fabrice/git/pycsl/scratchpad/w7/tmp/.pycsl_gwql3f_j.mlw", line 1096, characters 15-50:
Sub-goal postcondition of goal statementemissionmixin___dv_store_value'vc.
Prover result is: Valid (0.03s, 110174 steps).

File "/home/fabrice/git/pycsl/scratchpad/w7/tmp/.pycsl_gwql3f_j.mlw", line 1097, characters 15-48:
Sub-goal postcondition of goal statementemissionmixin___dv_store_value'vc.
Prover result is: Valid (0.01s, 10857 steps).

File "/home/fabrice/git/pycsl/scratchpad/w7/tmp/.pycsl_gwql3f_j.mlw", line 1098, characters 15-76:
Sub-goal postcondition of goal statementemissionmixin___dv_store_value'vc.
Prover result is: Valid (0.01s, 10870 steps).

File "/home/fabrice/git/pycsl/scratchpad/w7/tmp/.pycsl_gwql3f_j.mlw", line 1099, characters 15-62:
Sub-goal postcondition of goal statementemissionmixin___dv_store_value'vc.
Prover result is: Valid (0.01s, 10883 steps).

File "/home/fabrice/git/pycsl/scratchpad/w7/tmp/.pycsl_gwql3f_j.mlw", line 1090, characters 15-19:
Sub-goal postcondition of goal statementemissionmixin___dv_store_value'vc.
Prover result is: Valid (0.01s, 9368 steps).

File "/home/fabrice/git/pycsl/scratchpad/w7/tmp/.pycsl_gwql3f_j.mlw", line 1091, characters 15-56:
Sub-goal postcondition of goal statementemissionmixin___dv_store_value'vc.
Prover result is: Valid (0.01s, 9369 steps).

File "/home/fabrice/git/pycsl/scratchpad/w7/tmp/.pycsl_gwql3f_j.mlw", line 1092, characters 15-68:
Sub-goal postcondition of goal statementemissionmixin___dv_store_value'vc.
Prover result is: Valid (0.01s, 9370 steps).

File "/home/fabrice/git/pycsl/scratchpad/w7/tmp/.pycsl_gwql3f_j.mlw", line 1093, characters 15-66:
Sub-goal postcondition of goal statementemissionmixin___dv_store_value'vc.
Prover result is: Valid (0.01s, 9371 steps).

File "/home/fabrice/git/pycsl/scratchpad/w7/tmp/.pycsl_gwql3f_j.mlw", line 1094, characters 15-60:
Sub-goal postcondition of goal statementemissionmixin___dv_store_value'vc.
Prover result is: Valid (0.01s, 9372 steps).

File "/home/fabrice/git/pycsl/scratchpad/w7/tmp/.pycsl_gwql3f_j.mlw", line 1095, characters 15-60:
Sub-goal postcondition of goal statementemissionmixin___dv_store_value'vc.
Prover result is: Valid (0.01s, 9373 steps).

File "/home/fabrice/git/pycsl/scratchpad/w7/tmp/.pycsl_gwql3f_j.mlw", line 1096, characters 15-50:
Sub-goal postcondition of goal statementemissionmixin___dv_store_value'vc.
Prover result is: Valid (0.01s, 9374 steps).

File "/home/fabrice/git/pycsl/scratchpad/w7/tmp/.pycsl_gwql3f_j.mlw", line 1097, characters 15-48:
Sub-goal postcondition of goal statementemissionmixin___dv_store_value'vc.
Prover result is: Valid (0.01s, 9375 steps).

File "/home/fabrice/git/pycsl/scratchpad/w7/tmp/.pycsl_gwql3f_j.mlw", line 1098, characters 15-76:
Sub-goal postcondition of goal statementemissionmixin___dv_store_value'vc.
Prover result is: Valid (0.01s, 9376 steps).

File "/home/fabrice/git/pycsl/scratchpad/w7/tmp/.pycsl_gwql3f_j.mlw", line 1099, characters 15-62:
Sub-goal postcondition of goal statementemissionmixin___dv_store_value'vc.
Prover result is: Valid (0.01s, 9377 steps).

File "/home/fabrice/git/pycsl/scratchpad/w7/tmp/.pycsl_gwql3f_j.mlw", line 1090, characters 15-19:
Sub-goal postcondition of goal statementemissionmixin___dv_store_value'vc.
Prover result is: Valid (0.01s, 9366 steps).

File "/home/fabrice/git/pycsl/scratchpad/w7/tmp/.pycsl_gwql3f_j.mlw", line 1091, characters 15-56:
Sub-goal postcondition of goal statementemissionmixin___dv_store_value'vc.
Prover result is: Valid (0.01s, 9367 steps).

File "/home/fabrice/git/pycsl/scratchpad/w7/tmp/.pycsl_gwql3f_j.mlw", line 1092, characters 15-68:
Sub-goal postcondition of goal statementemissionmixin___dv_store_value'vc.
Prover result is: Valid (0.01s, 9368 steps).

File "/home/fabrice/git/pycsl/scratchpad/w7/tmp/.pycsl_gwql3f_j.mlw", line 1093, characters 15-66:
Sub-goal postcondition of goal statementemissionmixin___dv_store_value'vc.
Prover result is: Valid (0.01s, 9369 steps).

File "/home/fabrice/git/pycsl/scratchpad/w7/tmp/.pycsl_gwql3f_j.mlw", line 1094, characters 15-60:
Sub-goal postcondition of goal statementemissionmixin___dv_store_value'vc.
Prover result is: Valid (0.01s, 9370 steps).

File "/home/fabrice/git/pycsl/scratchpad/w7/tmp/.pycsl_gwql3f_j.mlw", line 1095, characters 15-60:
Sub-goal postcondition of goal statementemissionmixin___dv_store_value'vc.
Prover result is: Valid (0.01s, 9371 steps).

File "/home/fabrice/git/pycsl/scratchpad/w7/tmp/.pycsl_gwql3f_j.mlw", line 1096, characters 15-50:
Sub-goal postcondition of goal statementemissionmixin___dv_store_value'vc.
Prover result is: Valid (0.01s, 9372 steps).

File "/home/fabrice/git/pycsl/scratchpad/w7/tmp/.pycsl_gwql3f_j.mlw", line 1097, characters 15-48:
Sub-goal postcondition of goal statementemissionmixin___dv_store_value'vc.
Prover result is: Valid (0.01s, 9373 steps).

File "/home/fabrice/git/pycsl/scratchpad/w7/tmp/.pycsl_gwql3f_j.mlw", line 1098, characters 15-76:
Sub-goal postcondition of goal statementemissionmixin___dv_store_value'vc.
Prover result is: Valid (0.01s, 9374 steps).

File "/home/fabrice/git/pycsl/scratchpad/w7/tmp/.pycsl_gwql3f_j.mlw", line 1099, characters 15-62:
Sub-goal postcondition of goal statementemissionmixin___dv_store_value'vc.
Prover result is: Valid (0.01s, 9375 steps).

File "/home/fabrice/git/pycsl/scratchpad/w7/tmp/.pycsl_gwql3f_j.mlw", line 1115, characters 22-71:
Sub-goal goal of goal statementemissionmixin___dv_store_value__union_arm_Arm_2_0_inj.
Prover result is: Valid (0.01s, 9040 steps).

File "/home/fabrice/git/pycsl/scratchpad/w7/tmp/.pycsl_gwql3f_j.mlw", line 1117, characters 68-73:
Sub-goal goal of goal statementemissionmixin___dv_store_value__union_arm_Arm_2_0_proj.
Prover result is: Valid (0.01s, 9035 steps).

File "/home/fabrice/git/pycsl/scratchpad/w7/tmp/.pycsl_gwql3f_j.mlw", line 1124, characters 15-19:
Sub-goal postcondition of goal statementemissionmixin___emit_array_local_reassign'vc.
Prover result is: Valid (0.01s, 11991 steps).

File "/home/fabrice/git/pycsl/scratchpad/w7/tmp/.pycsl_gwql3f_j.mlw", line 1125, characters 15-56:
Sub-goal postcondition of goal statementemissionmixin___emit_array_local_reassign'vc.
Prover result is: Valid (0.01s, 11992 steps).

File "/home/fabrice/git/pycsl/scratchpad/w7/tmp/.pycsl_gwql3f_j.mlw", line 1126, characters 15-66:
Sub-goal postcondition of goal statementemissionmixin___emit_array_local_reassign'vc.
Prover result is: Valid (0.01s, 11993 steps).

File "/home/fabrice/git/pycsl/scratchpad/w7/tmp/.pycsl_gwql3f_j.mlw", line 1127, characters 15-60:
Sub-goal postcondition of goal statementemissionmixin___emit_array_local_reassign'vc.
Prover result is: Valid (0.01s, 11994 steps).

File "/home/fabrice/git/pycsl/scratchpad/w7/tmp/.pycsl_gwql3f_j.mlw", line 1128, characters 15-60:
Sub-goal postcondition of goal statementemissionmixin___emit_array_local_reassign'vc.
Prover result is: Valid (0.01s, 11995 steps).

File "/home/fabrice/git/pycsl/scratchpad/w7/tmp/.pycsl_gwql3f_j.mlw", line 1129, characters 15-50:
Sub-goal postcondition of goal statementemissionmixin___emit_array_local_reassign'vc.
Prover result is: Valid (0.01s, 11996 steps).

File "/home/fabrice/git/pycsl/scratchpad/w7/tmp/.pycsl_gwql3f_j.mlw", line 1130, characters 15-76:
Sub-goal postcondition of goal statementemissionmixin___emit_array_local_reassign'vc.
Prover result is: Valid (0.01s, 11997 steps).

File "/home/fabrice/git/pycsl/scratchpad/w7/tmp/.pycsl_gwql3f_j.mlw", line 1131, characters 15-62:
Sub-goal postcondition of goal statementemissionmixin___emit_array_local_reassign'vc.
Prover result is: Valid (0.01s, 11998 steps).

File "/home/fabrice/git/pycsl/scratchpad/w7/tmp/.pycsl_gwql3f_j.mlw", line 1147, characters 20-34:
Sub-goal loop invariant init of goal statementemissionmixin___emit_array_local_reassign'vc.
Prover result is: Valid (0.02s, 13031 steps).

File "/home/fabrice/git/pycsl/scratchpad/w7/tmp/.pycsl_gwql3f_j.mlw", line 1149, characters 22-38:
Sub-goal index in array bounds of goal statementemissionmixin___emit_array_local_reassign'vc.
Prover result is: Valid (0.01s, 24134 steps).

File "/home/fabrice/git/pycsl/scratchpad/w7/tmp/.pycsl_gwql3f_j.mlw", line 1148, characters 18-48:
Sub-goal loop variant decrease of goal statementemissionmixin___emit_array_local_reassign'vc.
Prover result is: Valid (0.05s, 166374 steps).

File "/home/fabrice/git/pycsl/scratchpad/w7/tmp/.pycsl_gwql3f_j.mlw", line 1147, characters 20-34:
Sub-goal loop invariant preservation of goal statementemissionmixin___emit_array_local_reassign'vc.
Prover result is: Valid (0.05s, 166200 steps).

File "/home/fabrice/git/pycsl/scratchpad/w7/tmp/.pycsl_gwql3f_j.mlw", line 1124, characters 15-19:
Sub-goal postcondition of goal statementemissionmixin___emit_array_local_reassign'vc.
Prover result is: Valid (0.01s, 14695 steps).

File "/home/fabrice/git/pycsl/scratchpad/w7/tmp/.pycsl_gwql3f_j.mlw", line 1125, characters 15-56:
Sub-goal postcondition of goal statementemissionmixin___emit_array_local_reassign'vc.
Prover result is: Valid (0.01s, 14708 steps).

File "/home/fabrice/git/pycsl/scratchpad/w7/tmp/.pycsl_gwql3f_j.mlw", line 1126, characters 15-66:
Sub-goal postcondition of goal statementemissionmixin___emit_array_local_reassign'vc.
Prover result is: Valid (0.02s, 14721 steps).

File "/home/fabrice/git/pycsl/scratchpad/w7/tmp/.pycsl_gwql3f_j.mlw", line 1127, characters 15-60:
Sub-goal postcondition of goal statementemissionmixin___emit_array_local_reassign'vc.
Prover result is: Valid (0.01s, 14734 steps).

File "/home/fabrice/git/pycsl/scratchpad/w7/tmp/.pycsl_gwql3f_j.mlw", line 1128, characters 15-60:
Sub-goal postcondition of goal statementemissionmixin___emit_array_local_reassign'vc.
Prover result is: Valid (0.01s, 14747 steps).

File "/home/fabrice/git/pycsl/scratchpad/w7/tmp/.pycsl_gwql3f_j.mlw", line 1129, characters 15-50:
Sub-goal postcondition of goal statementemissionmixin___emit_array_local_reassign'vc.
Prover result is: Valid (0.05s, 164649 steps).

File "/home/fabrice/git/pycsl/scratchpad/w7/tmp/.pycsl_gwql3f_j.mlw", line 1130, characters 15-76:
Sub-goal postcondition of goal statementemissionmixin___emit_array_local_reassign'vc.
Prover result is: Valid (0.02s, 14769 steps).

File "/home/fabrice/git/pycsl/scratchpad/w7/tmp/.pycsl_gwql3f_j.mlw", line 1131, characters 15-62:
Sub-goal postcondition of goal statementemissionmixin___emit_array_local_reassign'vc.
Prover result is: Valid (0.01s, 14782 steps).

File "/home/fabrice/git/pycsl/scratchpad/w7/tmp/.pycsl_gwql3f_j.mlw", line 1176, characters 15-19:
Sub-goal postcondition of goal statementemissionmixin___emit_new_ghost_ref'vc.
Prover result is: Valid (0.01s, 10858 steps).

File "/home/fabrice/git/pycsl/scratchpad/w7/tmp/.pycsl_gwql3f_j.mlw", line 1177, characters 15-56:
Sub-goal postcondition of goal statementemissionmixin___emit_new_ghost_ref'vc.
Prover result is: Valid (0.01s, 10871 steps).

File "/home/fabrice/git/pycsl/scratchpad/w7/tmp/.pycsl_gwql3f_j.mlw", line 1178, characters 15-60:
Sub-goal postcondition of goal statementemissionmixin___emit_new_ghost_ref'vc.
Prover result is: Valid (0.01s, 10884 steps).

File "/home/fabrice/git/pycsl/scratchpad/w7/tmp/.pycsl_gwql3f_j.mlw", line 1179, characters 15-50:
Sub-goal postcondition of goal statementemissionmixin___emit_new_ghost_ref'vc.
Prover result is: Valid (0.04s, 116300 steps).

File "/home/fabrice/git/pycsl/scratchpad/w7/tmp/.pycsl_gwql3f_j.mlw", line 1180, characters 15-62:
Sub-goal postcondition of goal statementemissionmixin___emit_new_ghost_ref'vc.
Prover result is: Valid (0.01s, 10906 steps).

File "/home/fabrice/git/pycsl/scratchpad/w7/tmp/.pycsl_gwql3f_j.mlw", line 1176, characters 15-19:
Sub-goal postcondition of goal statementemissionmixin___emit_new_ghost_ref'vc.
Prover result is: Valid (0.01s, 10830 steps).

File "/home/fabrice/git/pycsl/scratchpad/w7/tmp/.pycsl_gwql3f_j.mlw", line 1177, characters 15-56:
Sub-goal postcondition of goal statementemissionmixin___emit_new_ghost_ref'vc.
Prover result is: Valid (0.01s, 10843 steps).

File "/home/fabrice/git/pycsl/scratchpad/w7/tmp/.pycsl_gwql3f_j.mlw", line 1178, characters 15-60:
Sub-goal postcondition of goal statementemissionmixin___emit_new_ghost_ref'vc.
Prover result is: Valid (0.01s, 10856 steps).

File "/home/fabrice/git/pycsl/scratchpad/w7/tmp/.pycsl_gwql3f_j.mlw", line 1179, characters 15-50:
Sub-goal postcondition of goal statementemissionmixin___emit_new_ghost_ref'vc.
Prover result is: Valid (0.04s, 107099 steps).

File "/home/fabrice/git/pycsl/scratchpad/w7/tmp/.pycsl_gwql3f_j.mlw", line 1180, characters 15-62:
Sub-goal postcondition of goal statementemissionmixin___emit_new_ghost_ref'vc.
Prover result is: Valid (0.01s, 10878 steps).

File "/home/fabrice/git/pycsl/scratchpad/w7/tmp/.pycsl_gwql3f_j.mlw", line 1201, characters 15-19:
Sub-goal postcondition of goal statementemissionmixin___field_label'vc.
Prover result is: Valid (0.01s, 9153 steps).

File "/home/fabrice/git/pycsl/scratchpad/w7/tmp/.pycsl_gwql3f_j.mlw", line 1202, characters 15-56:
Sub-goal postcondition of goal statementemissionmixin___field_label'vc.
Prover result is: Valid (0.01s, 9154 steps).

File "/home/fabrice/git/pycsl/scratchpad/w7/tmp/.pycsl_gwql3f_j.mlw", line 1203, characters 15-68:
Sub-goal postcondition of goal statementemissionmixin___field_label'vc.
Prover result is: Valid (0.01s, 9155 steps).

File "/home/fabrice/git/pycsl/scratchpad/w7/tmp/.pycsl_gwql3f_j.mlw", line 1204, characters 15-66:
Sub-goal postcondition of goal statementemissionmixin___field_label'vc.
Prover result is: Valid (0.01s, 9156 steps).

File "/home/fabrice/git/pycsl/scratchpad/w7/tmp/.pycsl_gwql3f_j.mlw", line 1205, characters 15-60:
Sub-goal postcondition of goal statementemissionmixin___field_label'vc.
Prover result is: Valid (0.01s, 9157 steps).

File "/home/fabrice/git/pycsl/scratchpad/w7/tmp/.pycsl_gwql3f_j.mlw", line 1206, characters 15-60:
Sub-goal postcondition of goal statementemissionmixin___field_label'vc.
Prover result is: Valid (0.01s, 9158 steps).

File "/home/fabrice/git/pycsl/scratchpad/w7/tmp/.pycsl_gwql3f_j.mlw", line 1207, characters 15-50:
Sub-goal postcondition of goal statementemissionmixin___field_label'vc.
Prover result is: Valid (0.01s, 9159 steps).

File "/home/fabrice/git/pycsl/scratchpad/w7/tmp/.pycsl_gwql3f_j.mlw", line 1208, characters 15-48:
Sub-goal postcondition of goal statementemissionmixin___field_label'vc.
Prover result is: Valid (0.01s, 9160 steps).

File "/home/fabrice/git/pycsl/scratchpad/w7/tmp/.pycsl_gwql3f_j.mlw", line 1209, characters 15-76:
Sub-goal postcondition of goal statementemissionmixin___field_label'vc.
Prover result is: Valid (0.01s, 9161 steps).

File "/home/fabrice/git/pycsl/scratchpad/w7/tmp/.pycsl_gwql3f_j.mlw", line 1210, characters 15-62:
Sub-goal postcondition of goal statementemissionmixin___field_label'vc.
Prover result is: Valid (0.01s, 9162 steps).

File "/home/fabrice/git/pycsl/scratchpad/w7/tmp/.pycsl_gwql3f_j.mlw", line 1201, characters 15-19:
Sub-goal postcondition of goal statementemissionmixin___field_label'vc.
Prover result is: Valid (0.01s, 9085 steps).

File "/home/fabrice/git/pycsl/scratchpad/w7/tmp/.pycsl_gwql3f_j.mlw", line 1202, characters 15-56:
Sub-goal postcondition of goal statementemissionmixin___field_label'vc.
Prover result is: Valid (0.01s, 9086 steps).

File "/home/fabrice/git/pycsl/scratchpad/w7/tmp/.pycsl_gwql3f_j.mlw", line 1203, characters 15-68:
Sub-goal postcondition of goal statementemissionmixin___field_label'vc.
Prover result is: Valid (0.01s, 9087 steps).

File "/home/fabrice/git/pycsl/scratchpad/w7/tmp/.pycsl_gwql3f_j.mlw", line 1204, characters 15-66:
Sub-goal postcondition of goal statementemissionmixin___field_label'vc.
Prover result is: Valid (0.01s, 9088 steps).

File "/home/fabrice/git/pycsl/scratchpad/w7/tmp/.pycsl_gwql3f_j.mlw", line 1205, characters 15-60:
Sub-goal postcondition of goal statementemissionmixin___field_label'vc.
Prover result is: Valid (0.01s, 9089 steps).

File "/home/fabrice/git/pycsl/scratchpad/w7/tmp/.pycsl_gwql3f_j.mlw", line 1206, characters 15-60:
Sub-goal postcondition of goal statementemissionmixin___field_label'vc.
Prover result is: Valid (0.01s, 9090 steps).

File "/home/fabrice/git/pycsl/scratchpad/w7/tmp/.pycsl_gwql3f_j.mlw", line 1207, characters 15-50:
Sub-goal postcondition of goal statementemissionmixin___field_label'vc.
Prover result is: Valid (0.01s, 9091 steps).

File "/home/fabrice/git/pycsl/scratchpad/w7/tmp/.pycsl_gwql3f_j.mlw", line 1208, characters 15-48:
Sub-goal postcondition of goal statementemissionmixin___field_label'vc.
Prover result is: Valid (0.01s, 9092 steps).

File "/home/fabrice/git/pycsl/scratchpad/w7/tmp/.pycsl_gwql3f_j.mlw", line 1209, characters 15-76:
Sub-goal postcondition of goal statementemissionmixin___field_label'vc.
Prover result is: Valid (0.01s, 9093 steps).

File "/home/fabrice/git/pycsl/scratchpad/w7/tmp/.pycsl_gwql3f_j.mlw", line 1210, characters 15-62:
Sub-goal postcondition of goal statementemissionmixin___field_label'vc.
Prover result is: Valid (0.01s, 9094 steps).

File "/home/fabrice/git/pycsl/scratchpad/w7/tmp/.pycsl_gwql3f_j.mlw", line 1225, characters 15-19:
Sub-goal postcondition of goal statementemissionmixin___field_type_for'vc.
Prover result is: Valid (0.01s, 9035 steps).

File "/home/fabrice/git/pycsl/scratchpad/w7/tmp/.pycsl_gwql3f_j.mlw", line 1226, characters 15-56:
Sub-goal postcondition of goal statementemissionmixin___field_type_for'vc.
Prover result is: Valid (0.01s, 9036 steps).

File "/home/fabrice/git/pycsl/scratchpad/w7/tmp/.pycsl_gwql3f_j.mlw", line 1227, characters 15-68:
Sub-goal postcondition of goal statementemissionmixin___field_type_for'vc.
Prover result is: Valid (0.01s, 9037 steps).

File "/home/fabrice/git/pycsl/scratchpad/w7/tmp/.pycsl_gwql3f_j.mlw", line 1228, characters 15-66:
Sub-goal postcondition of goal statementemissionmixin___field_type_for'vc.
Prover result is: Valid (0.01s, 9038 steps).

File "/home/fabrice/git/pycsl/scratchpad/w7/tmp/.pycsl_gwql3f_j.mlw", line 1229, characters 15-60:
Sub-goal postcondition of goal statementemissionmixin___field_type_for'vc.
Prover result is: Valid (0.01s, 9039 steps).

File "/home/fabrice/git/pycsl/scratchpad/w7/tmp/.pycsl_gwql3f_j.mlw", line 1230, characters 15-60:
Sub-goal postcondition of goal statementemissionmixin___field_type_for'vc.
Prover result is: Valid (0.01s, 9040 steps).

File "/home/fabrice/git/pycsl/scratchpad/w7/tmp/.pycsl_gwql3f_j.mlw", line 1231, characters 15-50:
Sub-goal postcondition of goal statementemissionmixin___field_type_for'vc.
Prover result is: Valid (0.01s, 9041 steps).

File "/home/fabrice/git/pycsl/scratchpad/w7/tmp/.pycsl_gwql3f_j.mlw", line 1232, characters 15-48:
Sub-goal postcondition of goal statementemissionmixin___field_type_for'vc.
Prover result is: Valid (0.01s, 9042 steps).

File "/home/fabrice/git/pycsl/scratchpad/w7/tmp/.pycsl_gwql3f_j.mlw", line 1233, characters 15-76:
Sub-goal postcondition of goal statementemissionmixin___field_type_for'vc.
Prover result is: Valid (0.01s, 9043 steps).

File "/home/fabrice/git/pycsl/scratchpad/w7/tmp/.pycsl_gwql3f_j.mlw", line 1234, characters 15-62:
Sub-goal postcondition of goal statementemissionmixin___field_type_for'vc.
Prover result is: Valid (0.01s, 9044 steps).

File "/home/fabrice/git/pycsl/scratchpad/w7/tmp/.pycsl_gwql3f_j.mlw", line 1225, characters 15-19:
Sub-goal postcondition of goal statementemissionmixin___field_type_for'vc.
Prover result is: Valid (0.01s, 10004 steps).

File "/home/fabrice/git/pycsl/scratchpad/w7/tmp/.pycsl_gwql3f_j.mlw", line 1226, characters 15-56:
Sub-goal postcondition of goal statementemissionmixin___field_type_for'vc.
Prover result is: Valid (0.01s, 10005 steps).

File "/home/fabrice/git/pycsl/scratchpad/w7/tmp/.pycsl_gwql3f_j.mlw", line 1227, characters 15-68:
Sub-goal postcondition of goal statementemissionmixin___field_type_for'vc.
Prover result is: Valid (0.01s, 10006 steps).

File "/home/fabrice/git/pycsl/scratchpad/w7/tmp/.pycsl_gwql3f_j.mlw", line 1228, characters 15-66:
Sub-goal postcondition of goal statementemissionmixin___field_type_for'vc.
Prover result is: Valid (0.01s, 10007 steps).

File "/home/fabrice/git/pycsl/scratchpad/w7/tmp/.pycsl_gwql3f_j.mlw", line 1229, characters 15-60:
Sub-goal postcondition of goal statementemissionmixin___field_type_for'vc.
Prover result is: Valid (0.01s, 10008 steps).

File "/home/fabrice/git/pycsl/scratchpad/w7/tmp/.pycsl_gwql3f_j.mlw", line 1230, characters 15-60:
Sub-goal postcondition of goal statementemissionmixin___field_type_for'vc.
Prover result is: Valid (0.01s, 10009 steps).

File "/home/fabrice/git/pycsl/scratchpad/w7/tmp/.pycsl_gwql3f_j.mlw", line 1231, characters 15-50:
Sub-goal postcondition of goal statementemissionmixin___field_type_for'vc.
Prover result is: Valid (0.01s, 10010 steps).

File "/home/fabrice/git/pycsl/scratchpad/w7/tmp/.pycsl_gwql3f_j.mlw", line 1232, characters 15-48:
Sub-goal postcondition of goal statementemissionmixin___field_type_for'vc.
Prover result is: Valid (0.01s, 10011 steps).

File "/home/fabrice/git/pycsl/scratchpad/w7/tmp/.pycsl_gwql3f_j.mlw", line 1233, characters 15-76:
Sub-goal postcondition of goal statementemissionmixin___field_type_for'vc.
Prover result is: Valid (0.01s, 10012 steps).

File "/home/fabrice/git/pycsl/scratchpad/w7/tmp/.pycsl_gwql3f_j.mlw", line 1234, characters 15-62:
Sub-goal postcondition of goal statementemissionmixin___field_type_for'vc.
Prover result is: Valid (0.01s, 10013 steps).

File "/home/fabrice/git/pycsl/scratchpad/w7/tmp/.pycsl_gwql3f_j.mlw", line 1249, characters 24-39:
Sub-goal loop invariant init of goal statementemissionmixin___field_type_for'vc.
Prover result is: Valid (0.01s, 10012 steps).

File "/home/fabrice/git/pycsl/scratchpad/w7/tmp/.pycsl_gwql3f_j.mlw", line 1225, characters 15-19:
Sub-goal postcondition of goal statementemissionmixin___field_type_for'vc.
Prover result is: Valid (0.01s, 10316 steps).

File "/home/fabrice/git/pycsl/scratchpad/w7/tmp/.pycsl_gwql3f_j.mlw", line 1226, characters 15-56:
Sub-goal postcondition of goal statementemissionmixin___field_type_for'vc.
Prover result is: Valid (0.01s, 10317 steps).

File "/home/fabrice/git/pycsl/scratchpad/w7/tmp/.pycsl_gwql3f_j.mlw", line 1227, characters 15-68:
Sub-goal postcondition of goal statementemissionmixin___field_type_for'vc.
Prover result is: Valid (0.01s, 10318 steps).

File "/home/fabrice/git/pycsl/scratchpad/w7/tmp/.pycsl_gwql3f_j.mlw", line 1228, characters 15-66:
Sub-goal postcondition of goal statementemissionmixin___field_type_for'vc.
Prover result is: Valid (0.01s, 10319 steps).

File "/home/fabrice/git/pycsl/scratchpad/w7/tmp/.pycsl_gwql3f_j.mlw", line 1229, characters 15-60:
Sub-goal postcondition of goal statementemissionmixin___field_type_for'vc.
Prover result is: Valid (0.01s, 10320 steps).

File "/home/fabrice/git/pycsl/scratchpad/w7/tmp/.pycsl_gwql3f_j.mlw", line 1230, characters 15-60:
Sub-goal postcondition of goal statementemissionmixin___field_type_for'vc.
Prover result is: Valid (0.01s, 10321 steps).

File "/home/fabrice/git/pycsl/scratchpad/w7/tmp/.pycsl_gwql3f_j.mlw", line 1231, characters 15-50:
Sub-goal postcondition of goal statementemissionmixin___field_type_for'vc.
Prover result is: Valid (0.01s, 10322 steps).

File "/home/fabrice/git/pycsl/scratchpad/w7/tmp/.pycsl_gwql3f_j.mlw", line 1232, characters 15-48:
Sub-goal postcondition of goal statementemissionmixin___field_type_for'vc.
Prover result is: Valid (0.01s, 10323 steps).

File "/home/fabrice/git/pycsl/scratchpad/w7/tmp/.pycsl_gwql3f_j.mlw", line 1233, characters 15-76:
Sub-goal postcondition of goal statementemissionmixin___field_type_for'vc.
Prover result is: Valid (0.01s, 10324 steps).

File "/home/fabrice/git/pycsl/scratchpad/w7/tmp/.pycsl_gwql3f_j.mlw", line 1234, characters 15-62:
Sub-goal postcondition of goal statementemissionmixin___field_type_for'vc.
Prover result is: Valid (0.01s, 10325 steps).

File "/home/fabrice/git/pycsl/scratchpad/w7/tmp/.pycsl_gwql3f_j.mlw", line 1250, characters 22-71:
Sub-goal loop variant decrease of goal statementemissionmixin___field_type_for'vc.
Prover result is: Valid (0.04s, 109019 steps).

File "/home/fabrice/git/pycsl/scratchpad/w7/tmp/.pycsl_gwql3f_j.mlw", line 1249, characters 24-39:
Sub-goal loop invariant preservation of goal statementemissionmixin___field_type_for'vc.
Prover result is: Valid (0.04s, 108853 steps).

File "/home/fabrice/git/pycsl/scratchpad/w7/tmp/.pycsl_gwql3f_j.mlw", line 1225, characters 15-19:
Sub-goal postcondition of goal statementemissionmixin___field_type_for'vc.
Prover result is: Valid (0.01s, 10038 steps).

File "/home/fabrice/git/pycsl/scratchpad/w7/tmp/.pycsl_gwql3f_j.mlw", line 1226, characters 15-56:
Sub-goal postcondition of goal statementemissionmixin___field_type_for'vc.
Prover result is: Valid (0.01s, 10039 steps).

File "/home/fabrice/git/pycsl/scratchpad/w7/tmp/.pycsl_gwql3f_j.mlw", line 1227, characters 15-68:
Sub-goal postcondition of goal statementemissionmixin___field_type_for'vc.
Prover result is: Valid (0.01s, 10040 steps).

File "/home/fabrice/git/pycsl/scratchpad/w7/tmp/.pycsl_gwql3f_j.mlw", line 1228, characters 15-66:
Sub-goal postcondition of goal statementemissionmixin___field_type_for'vc.
Prover result is: Valid (0.01s, 10041 steps).

File "/home/fabrice/git/pycsl/scratchpad/w7/tmp/.pycsl_gwql3f_j.mlw", line 1229, characters 15-60:
Sub-goal postcondition of goal statementemissionmixin___field_type_for'vc.
Prover result is: Valid (0.01s, 10042 steps).

File "/home/fabrice/git/pycsl/scratchpad/w7/tmp/.pycsl_gwql3f_j.mlw", line 1230, characters 15-60:
Sub-goal postcondition of goal statementemissionmixin___field_type_for'vc.
Prover result is: Valid (0.01s, 10043 steps).

File "/home/fabrice/git/pycsl/scratchpad/w7/tmp/.pycsl_gwql3f_j.mlw", line 1231, characters 15-50:
Sub-goal postcondition of goal statementemissionmixin___field_type_for'vc.
Prover result is: Valid (0.01s, 10044 steps).

File "/home/fabrice/git/pycsl/scratchpad/w7/tmp/.pycsl_gwql3f_j.mlw", line 1232, characters 15-48:
Sub-goal postcondition of goal statementemissionmixin___field_type_for'vc.
Prover result is: Valid (0.01s, 10045 steps).

File "/home/fabrice/git/pycsl/scratchpad/w7/tmp/.pycsl_gwql3f_j.mlw", line 1233, characters 15-76:
Sub-goal postcondition of goal statementemissionmixin___field_type_for'vc.
Prover result is: Valid (0.01s, 10046 steps).

File "/home/fabrice/git/pycsl/scratchpad/w7/tmp/.pycsl_gwql3f_j.mlw", line 1234, characters 15-62:
Sub-goal postcondition of goal statementemissionmixin___field_type_for'vc.
Prover result is: Valid (0.01s, 10047 steps).

File "/home/fabrice/git/pycsl/scratchpad/w7/tmp/.pycsl_gwql3f_j.mlw", line 1264, characters 15-19:
Sub-goal postcondition of goal statementemissionmixin___field_type_of'vc.
Prover result is: Valid (0.01s, 12150 steps).

File "/home/fabrice/git/pycsl/scratchpad/w7/tmp/.pycsl_gwql3f_j.mlw", line 1265, characters 15-56:
Sub-goal postcondition of goal statementemissionmixin___field_type_of'vc.
Prover result is: Valid (0.01s, 12151 steps).

File "/home/fabrice/git/pycsl/scratchpad/w7/tmp/.pycsl_gwql3f_j.mlw", line 1266, characters 15-68:
Sub-goal postcondition of goal statementemissionmixin___field_type_of'vc.
Prover result is: Valid (0.01s, 12152 steps).

File "/home/fabrice/git/pycsl/scratchpad/w7/tmp/.pycsl_gwql3f_j.mlw", line 1267, characters 15-66:
Sub-goal postcondition of goal statementemissionmixin___field_type_of'vc.
Prover result is: Valid (0.01s, 12153 steps).

File "/home/fabrice/git/pycsl/scratchpad/w7/tmp/.pycsl_gwql3f_j.mlw", line 1268, characters 15-60:
Sub-goal postcondition of goal statementemissionmixin___field_type_of'vc.
Prover result is: Valid (0.01s, 12154 steps).

File "/home/fabrice/git/pycsl/scratchpad/w7/tmp/.pycsl_gwql3f_j.mlw", line 1269, characters 15-60:
Sub-goal postcondition of goal statementemissionmixin___field_type_of'vc.
Prover result is: Valid (0.01s, 12155 steps).

File "/home/fabrice/git/pycsl/scratchpad/w7/tmp/.pycsl_gwql3f_j.mlw", line 1270, characters 15-50:
Sub-goal postcondition of goal statementemissionmixin___field_type_of'vc.
Prover result is: Valid (0.01s, 12156 steps).

File "/home/fabrice/git/pycsl/scratchpad/w7/tmp/.pycsl_gwql3f_j.mlw", line 1271, characters 15-48:
Sub-goal postcondition of goal statementemissionmixin___field_type_of'vc.
Prover result is: Valid (0.01s, 12157 steps).

File "/home/fabrice/git/pycsl/scratchpad/w7/tmp/.pycsl_gwql3f_j.mlw", line 1272, characters 15-76:
Sub-goal postcondition of goal statementemissionmixin___field_type_of'vc.
Prover result is: Valid (0.01s, 12158 steps).

File "/home/fabrice/git/pycsl/scratchpad/w7/tmp/.pycsl_gwql3f_j.mlw", line 1273, characters 15-62:
Sub-goal postcondition of goal statementemissionmixin___field_type_of'vc.
Prover result is: Valid (0.01s, 12159 steps).

File "/home/fabrice/git/pycsl/scratchpad/w7/tmp/.pycsl_gwql3f_j.mlw", line 1264, characters 15-19:
Sub-goal postcondition of goal statementemissionmixin___field_type_of'vc.
Prover result is: Valid (0.01s, 13133 steps).

File "/home/fabrice/git/pycsl/scratchpad/w7/tmp/.pycsl_gwql3f_j.mlw", line 1265, characters 15-56:
Sub-goal postcondition of goal statementemissionmixin___field_type_of'vc.
Prover result is: Valid (0.01s, 13134 steps).

File "/home/fabrice/git/pycsl/scratchpad/w7/tmp/.pycsl_gwql3f_j.mlw", line 1266, characters 15-68:
Sub-goal postcondition of goal statementemissionmixin___field_type_of'vc.
Prover result is: Valid (0.01s, 13135 steps).

File "/home/fabrice/git/pycsl/scratchpad/w7/tmp/.pycsl_gwql3f_j.mlw", line 1267, characters 15-66:
Sub-goal postcondition of goal statementemissionmixin___field_type_of'vc.
Prover result is: Valid (0.01s, 13136 steps).

File "/home/fabrice/git/pycsl/scratchpad/w7/tmp/.pycsl_gwql3f_j.mlw", line 1268, characters 15-60:
Sub-goal postcondition of goal statementemissionmixin___field_type_of'vc.
Prover result is: Valid (0.01s, 13137 steps).

File "/home/fabrice/git/pycsl/scratchpad/w7/tmp/.pycsl_gwql3f_j.mlw", line 1269, characters 15-60:
Sub-goal postcondition of goal statementemissionmixin___field_type_of'vc.
Prover result is: Valid (0.01s, 13138 steps).

File "/home/fabrice/git/pycsl/scratchpad/w7/tmp/.pycsl_gwql3f_j.mlw", line 1270, characters 15-50:
Sub-goal postcondition of goal statementemissionmixin___field_type_of'vc.
Prover result is: Valid (0.01s, 13139 steps).

File "/home/fabrice/git/pycsl/scratchpad/w7/tmp/.pycsl_gwql3f_j.mlw", line 1271, characters 15-48:
Sub-goal postcondition of goal statementemissionmixin___field_type_of'vc.
Prover result is: Valid (0.01s, 13140 steps).

File "/home/fabrice/git/pycsl/scratchpad/w7/tmp/.pycsl_gwql3f_j.mlw", line 1272, characters 15-76:
Sub-goal postcondition of goal statementemissionmixin___field_type_of'vc.
Prover result is: Valid (0.01s, 13141 steps).

File "/home/fabrice/git/pycsl/scratchpad/w7/tmp/.pycsl_gwql3f_j.mlw", line 1273, characters 15-62:
Sub-goal postcondition of goal statementemissionmixin___field_type_of'vc.
Prover result is: Valid (0.01s, 13142 steps).

File "/home/fabrice/git/pycsl/scratchpad/w7/tmp/.pycsl_gwql3f_j.mlw", line 1326, characters 24-39:
Sub-goal loop invariant init of goal statementemissionmixin___field_type_of'vc.
Prover result is: Valid (0.01s, 13141 steps).

File "/home/fabrice/git/pycsl/scratchpad/w7/tmp/.pycsl_gwql3f_j.mlw", line 1264, characters 15-19:
Sub-goal postcondition of goal statementemissionmixin___field_type_of'vc.
Prover result is: Valid (0.01s, 13445 steps).

File "/home/fabrice/git/pycsl/scratchpad/w7/tmp/.pycsl_gwql3f_j.mlw", line 1265, characters 15-56:
Sub-goal postcondition of goal statementemissionmixin___field_type_of'vc.
Prover result is: Valid (0.01s, 13446 steps).

File "/home/fabrice/git/pycsl/scratchpad/w7/tmp/.pycsl_gwql3f_j.mlw", line 1266, characters 15-68:
Sub-goal postcondition of goal statementemissionmixin___field_type_of'vc.
Prover result is: Valid (0.01s, 13447 steps).

File "/home/fabrice/git/pycsl/scratchpad/w7/tmp/.pycsl_gwql3f_j.mlw", line 1267, characters 15-66:
Sub-goal postcondition of goal statementemissionmixin___field_type_of'vc.
Prover result is: Valid (0.01s, 13448 steps).

File "/home/fabrice/git/pycsl/scratchpad/w7/tmp/.pycsl_gwql3f_j.mlw", line 1268, characters 15-60:
Sub-goal postcondition of goal statementemissionmixin___field_type_of'vc.
Prover result is: Valid (0.01s, 13449 steps).

File "/home/fabrice/git/pycsl/scratchpad/w7/tmp/.pycsl_gwql3f_j.mlw", line 1269, characters 15-60:
Sub-goal postcondition of goal statementemissionmixin___field_type_of'vc.
Prover result is: Valid (0.02s, 13450 steps).

File "/home/fabrice/git/pycsl/scratchpad/w7/tmp/.pycsl_gwql3f_j.mlw", line 1270, characters 15-50:
Sub-goal postcondition of goal statementemissionmixin___field_type_of'vc.
Prover result is: Valid (0.01s, 13451 steps).

File "/home/fabrice/git/pycsl/scratchpad/w7/tmp/.pycsl_gwql3f_j.mlw", line 1271, characters 15-48:
Sub-goal postcondition of goal statementemissionmixin___field_type_of'vc.
Prover result is: Valid (0.01s, 13452 steps).

File "/home/fabrice/git/pycsl/scratchpad/w7/tmp/.pycsl_gwql3f_j.mlw", line 1272, characters 15-76:
Sub-goal postcondition of goal statementemissionmixin___field_type_of'vc.
Prover result is: Valid (0.01s, 13453 steps).

File "/home/fabrice/git/pycsl/scratchpad/w7/tmp/.pycsl_gwql3f_j.mlw", line 1273, characters 15-62:
Sub-goal postcondition of goal statementemissionmixin___field_type_of'vc.
Prover result is: Valid (0.02s, 13454 steps).

File "/home/fabrice/git/pycsl/scratchpad/w7/tmp/.pycsl_gwql3f_j.mlw", line 1327, characters 22-71:
Sub-goal loop variant decrease of goal statementemissionmixin___field_type_of'vc.
Prover result is: Valid (0.04s, 144728 steps).

File "/home/fabrice/git/pycsl/scratchpad/w7/tmp/.pycsl_gwql3f_j.mlw", line 1326, characters 24-39:
Sub-goal loop invariant preservation of goal statementemissionmixin___field_type_of'vc.
Prover result is: Valid (0.06s, 144526 steps).

File "/home/fabrice/git/pycsl/scratchpad/w7/tmp/.pycsl_gwql3f_j.mlw", line 1264, characters 15-19:
Sub-goal postcondition of goal statementemissionmixin___field_type_of'vc.
Prover result is: Valid (0.01s, 13167 steps).

File "/home/fabrice/git/pycsl/scratchpad/w7/tmp/.pycsl_gwql3f_j.mlw", line 1265, characters 15-56:
Sub-goal postcondition of goal statementemissionmixin___field_type_of'vc.
Prover result is: Valid (0.01s, 13168 steps).

File "/home/fabrice/git/pycsl/scratchpad/w7/tmp/.pycsl_gwql3f_j.mlw", line 1266, characters 15-68:
Sub-goal postcondition of goal statementemissionmixin___field_type_of'vc.
Prover result is: Valid (0.01s, 13169 steps).

File "/home/fabrice/git/pycsl/scratchpad/w7/tmp/.pycsl_gwql3f_j.mlw", line 1267, characters 15-66:
Sub-goal postcondition of goal statementemissionmixin___field_type_of'vc.
Prover result is: Valid (0.01s, 13170 steps).

File "/home/fabrice/git/pycsl/scratchpad/w7/tmp/.pycsl_gwql3f_j.mlw", line 1268, characters 15-60:
Sub-goal postcondition of goal statementemissionmixin___field_type_of'vc.
Prover result is: Valid (0.01s, 13171 steps).

File "/home/fabrice/git/pycsl/scratchpad/w7/tmp/.pycsl_gwql3f_j.mlw", line 1269, characters 15-60:
Sub-goal postcondition of goal statementemissionmixin___field_type_of'vc.
Prover result is: Valid (0.01s, 13172 steps).

File "/home/fabrice/git/pycsl/scratchpad/w7/tmp/.pycsl_gwql3f_j.mlw", line 1270, characters 15-50:
Sub-goal postcondition of goal statementemissionmixin___field_type_of'vc.
Prover result is: Valid (0.01s, 13173 steps).

File "/home/fabrice/git/pycsl/scratchpad/w7/tmp/.pycsl_gwql3f_j.mlw", line 1271, characters 15-48:
Sub-goal postcondition of goal statementemissionmixin___field_type_of'vc.
Prover result is: Valid (0.01s, 13174 steps).

File "/home/fabrice/git/pycsl/scratchpad/w7/tmp/.pycsl_gwql3f_j.mlw", line 1272, characters 15-76:
Sub-goal postcondition of goal statementemissionmixin___field_type_of'vc.
Prover result is: Valid (0.01s, 13175 steps).

File "/home/fabrice/git/pycsl/scratchpad/w7/tmp/.pycsl_gwql3f_j.mlw", line 1273, characters 15-62:
Sub-goal postcondition of goal statementemissionmixin___field_type_of'vc.
Prover result is: Valid (0.02s, 13176 steps).

File "/home/fabrice/git/pycsl/scratchpad/w7/tmp/.pycsl_gwql3f_j.mlw", line 1264, characters 15-19:
Sub-goal postcondition of goal statementemissionmixin___field_type_of'vc.
Prover result is: Valid (0.01s, 13363 steps).

File "/home/fabrice/git/pycsl/scratchpad/w7/tmp/.pycsl_gwql3f_j.mlw", line 1265, characters 15-56:
Sub-goal postcondition of goal statementemissionmixin___field_type_of'vc.
Prover result is: Valid (0.01s, 13364 steps).

File "/home/fabrice/git/pycsl/scratchpad/w7/tmp/.pycsl_gwql3f_j.mlw", line 1266, characters 15-68:
Sub-goal postcondition of goal statementemissionmixin___field_type_of'vc.
Prover result is: Valid (0.01s, 13365 steps).

File "/home/fabrice/git/pycsl/scratchpad/w7/tmp/.pycsl_gwql3f_j.mlw", line 1267, characters 15-66:
Sub-goal postcondition of goal statementemissionmixin___field_type_of'vc.
Prover result is: Valid (0.01s, 13366 steps).

File "/home/fabrice/git/pycsl/scratchpad/w7/tmp/.pycsl_gwql3f_j.mlw", line 1268, characters 15-60:
Sub-goal postcondition of goal statementemissionmixin___field_type_of'vc.
Prover result is: Valid (0.01s, 13367 steps).

File "/home/fabrice/git/pycsl/scratchpad/w7/tmp/.pycsl_gwql3f_j.mlw", line 1269, characters 15-60:
Sub-goal postcondition of goal statementemissionmixin___field_type_of'vc.
Prover result is: Valid (0.01s, 13368 steps).

File "/home/fabrice/git/pycsl/scratchpad/w7/tmp/.pycsl_gwql3f_j.mlw", line 1270, characters 15-50:
Sub-goal postcondition of goal statementemissionmixin___field_type_of'vc.
Prover result is: Valid (0.01s, 13369 steps).

File "/home/fabrice/git/pycsl/scratchpad/w7/tmp/.pycsl_gwql3f_j.mlw", line 1271, characters 15-48:
Sub-goal postcondition of goal statementemissionmixin___field_type_of'vc.
Prover result is: Valid (0.01s, 13370 steps).

File "/home/fabrice/git/pycsl/scratchpad/w7/tmp/.pycsl_gwql3f_j.mlw", line 1272, characters 15-76:
Sub-goal postcondition of goal statementemissionmixin___field_type_of'vc.
Prover result is: Valid (0.01s, 13371 steps).

File "/home/fabrice/git/pycsl/scratchpad/w7/tmp/.pycsl_gwql3f_j.mlw", line 1273, characters 15-62:
Sub-goal postcondition of goal statementemissionmixin___field_type_of'vc.
Prover result is: Valid (0.01s, 13372 steps).

File "/home/fabrice/git/pycsl/scratchpad/w7/tmp/.pycsl_gwql3f_j.mlw", line 1326, characters 24-39:
Sub-goal loop invariant init of goal statementemissionmixin___field_type_of'vc.
Prover result is: Valid (0.01s, 13369 steps).

File "/home/fabrice/git/pycsl/scratchpad/w7/tmp/.pycsl_gwql3f_j.mlw", line 1264, characters 15-19:
Sub-goal postcondition of goal statementemissionmixin___field_type_of'vc.
Prover result is: Valid (0.01s, 13665 steps).

File "/home/fabrice/git/pycsl/scratchpad/w7/tmp/.pycsl_gwql3f_j.mlw", line 1265, characters 15-56:
Sub-goal postcondition of goal statementemissionmixin___field_type_of'vc.
Prover result is: Valid (0.01s, 13666 steps).

File "/home/fabrice/git/pycsl/scratchpad/w7/tmp/.pycsl_gwql3f_j.mlw", line 1266, characters 15-68:
Sub-goal postcondition of goal statementemissionmixin___field_type_of'vc.
Prover result is: Valid (0.01s, 13667 steps).

File "/home/fabrice/git/pycsl/scratchpad/w7/tmp/.pycsl_gwql3f_j.mlw", line 1267, characters 15-66:
Sub-goal postcondition of goal statementemissionmixin___field_type_of'vc.
Prover result is: Valid (0.01s, 13668 steps).

File "/home/fabrice/git/pycsl/scratchpad/w7/tmp/.pycsl_gwql3f_j.mlw", line 1268, characters 15-60:
Sub-goal postcondition of goal statementemissionmixin___field_type_of'vc.
Prover result is: Valid (0.01s, 13669 steps).

File "/home/fabrice/git/pycsl/scratchpad/w7/tmp/.pycsl_gwql3f_j.mlw", line 1269, characters 15-60:
Sub-goal postcondition of goal statementemissionmixin___field_type_of'vc.
Prover result is: Valid (0.01s, 13670 steps).

File "/home/fabrice/git/pycsl/scratchpad/w7/tmp/.pycsl_gwql3f_j.mlw", line 1270, characters 15-50:
Sub-goal postcondition of goal statementemissionmixin___field_type_of'vc.
Prover result is: Valid (0.02s, 13671 steps).

File "/home/fabrice/git/pycsl/scratchpad/w7/tmp/.pycsl_gwql3f_j.mlw", line 1271, characters 15-48:
Sub-goal postcondition of goal statementemissionmixin___field_type_of'vc.
Prover result is: Valid (0.01s, 13672 steps).

File "/home/fabrice/git/pycsl/scratchpad/w7/tmp/.pycsl_gwql3f_j.mlw", line 1272, characters 15-76:
Sub-goal postcondition of goal statementemissionmixin___field_type_of'vc.
Prover result is: Valid (0.01s, 13673 steps).

File "/home/fabrice/git/pycsl/scratchpad/w7/tmp/.pycsl_gwql3f_j.mlw", line 1273, characters 15-62:
Sub-goal postcondition of goal statementemissionmixin___field_type_of'vc.
Prover result is: Valid (0.01s, 13674 steps).

File "/home/fabrice/git/pycsl/scratchpad/w7/tmp/.pycsl_gwql3f_j.mlw", line 1327, characters 22-71:
Sub-goal loop variant decrease of goal statementemissionmixin___field_type_of'vc.
Prover result is: Valid (0.03s, 153132 steps).

File "/home/fabrice/git/pycsl/scratchpad/w7/tmp/.pycsl_gwql3f_j.mlw", line 1326, characters 24-39:
Sub-goal loop invariant preservation of goal statementemissionmixin___field_type_of'vc.
Prover result is: Valid (0.05s, 152932 steps).

File "/home/fabrice/git/pycsl/scratchpad/w7/tmp/.pycsl_gwql3f_j.mlw", line 1264, characters 15-19:
Sub-goal postcondition of goal statementemissionmixin___field_type_of'vc.
Prover result is: Valid (0.01s, 13391 steps).

File "/home/fabrice/git/pycsl/scratchpad/w7/tmp/.pycsl_gwql3f_j.mlw", line 1265, characters 15-56:
Sub-goal postcondition of goal statementemissionmixin___field_type_of'vc.
Prover result is: Valid (0.01s, 13392 steps).

File "/home/fabrice/git/pycsl/scratchpad/w7/tmp/.pycsl_gwql3f_j.mlw", line 1266, characters 15-68:
Sub-goal postcondition of goal statementemissionmixin___field_type_of'vc.
Prover result is: Valid (0.02s, 13393 steps).

File "/home/fabrice/git/pycsl/scratchpad/w7/tmp/.pycsl_gwql3f_j.mlw", line 1267, characters 15-66:
Sub-goal postcondition of goal statementemissionmixin___field_type_of'vc.
Prover result is: Valid (0.02s, 13394 steps).

File "/home/fabrice/git/pycsl/scratchpad/w7/tmp/.pycsl_gwql3f_j.mlw", line 1268, characters 15-60:
Sub-goal postcondition of goal statementemissionmixin___field_type_of'vc.
Prover result is: Valid (0.02s, 13395 steps).

File "/home/fabrice/git/pycsl/scratchpad/w7/tmp/.pycsl_gwql3f_j.mlw", line 1269, characters 15-60:
Sub-goal postcondition of goal statementemissionmixin___field_type_of'vc.
Prover result is: Valid (0.01s, 13396 steps).

File "/home/fabrice/git/pycsl/scratchpad/w7/tmp/.pycsl_gwql3f_j.mlw", line 1270, characters 15-50:
Sub-goal postcondition of goal statementemissionmixin___field_type_of'vc.
Prover result is: Valid (0.02s, 13397 steps).

File "/home/fabrice/git/pycsl/scratchpad/w7/tmp/.pycsl_gwql3f_j.mlw", line 1271, characters 15-48:
Sub-goal postcondition of goal statementemissionmixin___field_type_of'vc.
Prover result is: Valid (0.02s, 13398 steps).

File "/home/fabrice/git/pycsl/scratchpad/w7/tmp/.pycsl_gwql3f_j.mlw", line 1272, characters 15-76:
Sub-goal postcondition of goal statementemissionmixin___field_type_of'vc.
Prover result is: Valid (0.01s, 13399 steps).

File "/home/fabrice/git/pycsl/scratchpad/w7/tmp/.pycsl_gwql3f_j.mlw", line 1273, characters 15-62:
Sub-goal postcondition of goal statementemissionmixin___field_type_of'vc.
Prover result is: Valid (0.01s, 13400 steps).

File "/home/fabrice/git/pycsl/scratchpad/w7/tmp/.pycsl_gwql3f_j.mlw", line 1264, characters 15-19:
Sub-goal postcondition of goal statementemissionmixin___field_type_of'vc.
Prover result is: Valid (0.01s, 13449 steps).

File "/home/fabrice/git/pycsl/scratchpad/w7/tmp/.pycsl_gwql3f_j.mlw", line 1265, characters 15-56:
Sub-goal postcondition of goal statementemissionmixin___field_type_of'vc.
Prover result is: Valid (0.02s, 13450 steps).

File "/home/fabrice/git/pycsl/scratchpad/w7/tmp/.pycsl_gwql3f_j.mlw", line 1266, characters 15-68:
Sub-goal postcondition of goal statementemissionmixin___field_type_of'vc.
Prover result is: Valid (0.01s, 13451 steps).

File "/home/fabrice/git/pycsl/scratchpad/w7/tmp/.pycsl_gwql3f_j.mlw", line 1267, characters 15-66:
Sub-goal postcondition of goal statementemissionmixin___field_type_of'vc.
Prover result is: Valid (0.01s, 13452 steps).

File "/home/fabrice/git/pycsl/scratchpad/w7/tmp/.pycsl_gwql3f_j.mlw", line 1268, characters 15-60:
Sub-goal postcondition of goal statementemissionmixin___field_type_of'vc.
Prover result is: Valid (0.01s, 13453 steps).

File "/home/fabrice/git/pycsl/scratchpad/w7/tmp/.pycsl_gwql3f_j.mlw", line 1269, characters 15-60:
Sub-goal postcondition of goal statementemissionmixin___field_type_of'vc.
Prover result is: Valid (0.01s, 13454 steps).

File "/home/fabrice/git/pycsl/scratchpad/w7/tmp/.pycsl_gwql3f_j.mlw", line 1270, characters 15-50:
Sub-goal postcondition of goal statementemissionmixin___field_type_of'vc.
Prover result is: Valid (0.01s, 13455 steps).

File "/home/fabrice/git/pycsl/scratchpad/w7/tmp/.pycsl_gwql3f_j.mlw", line 1271, characters 15-48:
Sub-goal postcondition of goal statementemissionmixin___field_type_of'vc.
Prover result is: Valid (0.01s, 13456 steps).

File "/home/fabrice/git/pycsl/scratchpad/w7/tmp/.pycsl_gwql3f_j.mlw", line 1272, characters 15-76:
Sub-goal postcondition of goal statementemissionmixin___field_type_of'vc.
Prover result is: Valid (0.01s, 13457 steps).

File "/home/fabrice/git/pycsl/scratchpad/w7/tmp/.pycsl_gwql3f_j.mlw", line 1273, characters 15-62:
Sub-goal postcondition of goal statementemissionmixin___field_type_of'vc.
Prover result is: Valid (0.01s, 13458 steps).

File "/home/fabrice/git/pycsl/scratchpad/w7/tmp/.pycsl_gwql3f_j.mlw", line 1326, characters 24-39:
Sub-goal loop invariant init of goal statementemissionmixin___field_type_of'vc.
Prover result is: Valid (0.01s, 13455 steps).

File "/home/fabrice/git/pycsl/scratchpad/w7/tmp/.pycsl_gwql3f_j.mlw", line 1264, characters 15-19:
Sub-goal postcondition of goal statementemissionmixin___field_type_of'vc.
Prover result is: Valid (0.01s, 13751 steps).

File "/home/fabrice/git/pycsl/scratchpad/w7/tmp/.pycsl_gwql3f_j.mlw", line 1265, characters 15-56:
Sub-goal postcondition of goal statementemissionmixin___field_type_of'vc.
Prover result is: Valid (0.02s, 13752 steps).

File "/home/fabrice/git/pycsl/scratchpad/w7/tmp/.pycsl_gwql3f_j.mlw", line 1266, characters 15-68:
Sub-goal postcondition of goal statementemissionmixin___field_type_of'vc.
Prover result is: Valid (0.02s, 13753 steps).

File "/home/fabrice/git/pycsl/scratchpad/w7/tmp/.pycsl_gwql3f_j.mlw", line 1267, characters 15-66:
Sub-goal postcondition of goal statementemissionmixin___field_type_of'vc.
Prover result is: Valid (0.02s, 13754 steps).

File "/home/fabrice/git/pycsl/scratchpad/w7/tmp/.pycsl_gwql3f_j.mlw", line 1268, characters 15-60:
Sub-goal postcondition of goal statementemissionmixin___field_type_of'vc.
Prover result is: Valid (0.01s, 13755 steps).

File "/home/fabrice/git/pycsl/scratchpad/w7/tmp/.pycsl_gwql3f_j.mlw", line 1269, characters 15-60:
Sub-goal postcondition of goal statementemissionmixin___field_type_of'vc.
Prover result is: Valid (0.01s, 13756 steps).

File "/home/fabrice/git/pycsl/scratchpad/w7/tmp/.pycsl_gwql3f_j.mlw", line 1270, characters 15-50:
Sub-goal postcondition of goal statementemissionmixin___field_type_of'vc.
Prover result is: Valid (0.01s, 13757 steps).

File "/home/fabrice/git/pycsl/scratchpad/w7/tmp/.pycsl_gwql3f_j.mlw", line 1271, characters 15-48:
Sub-goal postcondition of goal statementemissionmixin___field_type_of'vc.
Prover result is: Valid (0.02s, 13758 steps).

File "/home/fabrice/git/pycsl/scratchpad/w7/tmp/.pycsl_gwql3f_j.mlw", line 1272, characters 15-76:
Sub-goal postcondition of goal statementemissionmixin___field_type_of'vc.
Prover result is: Valid (0.01s, 13759 steps).

File "/home/fabrice/git/pycsl/scratchpad/w7/tmp/.pycsl_gwql3f_j.mlw", line 1273, characters 15-62:
Sub-goal postcondition of goal statementemissionmixin___field_type_of'vc.
Prover result is: Valid (0.01s, 13760 steps).

File "/home/fabrice/git/pycsl/scratchpad/w7/tmp/.pycsl_gwql3f_j.mlw", line 1327, characters 22-71:
Sub-goal loop variant decrease of goal statementemissionmixin___field_type_of'vc.
Prover result is: Valid (0.05s, 153996 steps).

File "/home/fabrice/git/pycsl/scratchpad/w7/tmp/.pycsl_gwql3f_j.mlw", line 1326, characters 24-39:
Sub-goal loop invariant preservation of goal statementemissionmixin___field_type_of'vc.
Prover result is: Valid (0.05s, 153796 steps).

File "/home/fabrice/git/pycsl/scratchpad/w7/tmp/.pycsl_gwql3f_j.mlw", line 1264, characters 15-19:
Sub-goal postcondition of goal statementemissionmixin___field_type_of'vc.
Prover result is: Valid (0.01s, 13477 steps).

File "/home/fabrice/git/pycsl/scratchpad/w7/tmp/.pycsl_gwql3f_j.mlw", line 1265, characters 15-56:
Sub-goal postcondition of goal statementemissionmixin___field_type_of'vc.
Prover result is: Valid (0.01s, 13478 steps).

File "/home/fabrice/git/pycsl/scratchpad/w7/tmp/.pycsl_gwql3f_j.mlw", line 1266, characters 15-68:
Sub-goal postcondition of goal statementemissionmixin___field_type_of'vc.
Prover result is: Valid (0.02s, 13479 steps).

File "/home/fabrice/git/pycsl/scratchpad/w7/tmp/.pycsl_gwql3f_j.mlw", line 1267, characters 15-66:
Sub-goal postcondition of goal statementemissionmixin___field_type_of'vc.
Prover result is: Valid (0.01s, 13480 steps).

File "/home/fabrice/git/pycsl/scratchpad/w7/tmp/.pycsl_gwql3f_j.mlw", line 1268, characters 15-60:
Sub-goal postcondition of goal statementemissionmixin___field_type_of'vc.
Prover result is: Valid (0.01s, 13481 steps).

File "/home/fabrice/git/pycsl/scratchpad/w7/tmp/.pycsl_gwql3f_j.mlw", line 1269, characters 15-60:
Sub-goal postcondition of goal statementemissionmixin___field_type_of'vc.
Prover result is: Valid (0.01s, 13482 steps).

File "/home/fabrice/git/pycsl/scratchpad/w7/tmp/.pycsl_gwql3f_j.mlw", line 1270, characters 15-50:
Sub-goal postcondition of goal statementemissionmixin___field_type_of'vc.
Prover result is: Valid (0.01s, 13483 steps).

File "/home/fabrice/git/pycsl/scratchpad/w7/tmp/.pycsl_gwql3f_j.mlw", line 1271, characters 15-48:
Sub-goal postcondition of goal statementemissionmixin___field_type_of'vc.
Prover result is: Valid (0.01s, 13484 steps).

File "/home/fabrice/git/pycsl/scratchpad/w7/tmp/.pycsl_gwql3f_j.mlw", line 1272, characters 15-76:
Sub-goal postcondition of goal statementemissionmixin___field_type_of'vc.
Prover result is: Valid (0.01s, 13485 steps).

File "/home/fabrice/git/pycsl/scratchpad/w7/tmp/.pycsl_gwql3f_j.mlw", line 1273, characters 15-62:
Sub-goal postcondition of goal statementemissionmixin___field_type_of'vc.
Prover result is: Valid (0.01s, 13486 steps).

File "/home/fabrice/git/pycsl/scratchpad/w7/tmp/.pycsl_gwql3f_j.mlw", line 1264, characters 15-19:
Sub-goal postcondition of goal statementemissionmixin___field_type_of'vc.
Prover result is: Valid (0.01s, 13344 steps).

File "/home/fabrice/git/pycsl/scratchpad/w7/tmp/.pycsl_gwql3f_j.mlw", line 1265, characters 15-56:
Sub-goal postcondition of goal statementemissionmixin___field_type_of'vc.
Prover result is: Valid (0.01s, 13345 steps).

File "/home/fabrice/git/pycsl/scratchpad/w7/tmp/.pycsl_gwql3f_j.mlw", line 1266, characters 15-68:
Sub-goal postcondition of goal statementemissionmixin___field_type_of'vc.
Prover result is: Valid (0.01s, 13346 steps).

File "/home/fabrice/git/pycsl/scratchpad/w7/tmp/.pycsl_gwql3f_j.mlw", line 1267, characters 15-66:
Sub-goal postcondition of goal statementemissionmixin___field_type_of'vc.
Prover result is: Valid (0.01s, 13347 steps).

File "/home/fabrice/git/pycsl/scratchpad/w7/tmp/.pycsl_gwql3f_j.mlw", line 1268, characters 15-60:
Sub-goal postcondition of goal statementemissionmixin___field_type_of'vc.
Prover result is: Valid (0.01s, 13348 steps).

File "/home/fabrice/git/pycsl/scratchpad/w7/tmp/.pycsl_gwql3f_j.mlw", line 1269, characters 15-60:
Sub-goal postcondition of goal statementemissionmixin___field_type_of'vc.
Prover result is: Valid (0.01s, 13349 steps).

File "/home/fabrice/git/pycsl/scratchpad/w7/tmp/.pycsl_gwql3f_j.mlw", line 1270, characters 15-50:
Sub-goal postcondition of goal statementemissionmixin___field_type_of'vc.
Prover result is: Valid (0.01s, 13350 steps).

File "/home/fabrice/git/pycsl/scratchpad/w7/tmp/.pycsl_gwql3f_j.mlw", line 1271, characters 15-48:
Sub-goal postcondition of goal statementemissionmixin___field_type_of'vc.
Prover result is: Valid (0.01s, 13351 steps).

File "/home/fabrice/git/pycsl/scratchpad/w7/tmp/.pycsl_gwql3f_j.mlw", line 1272, characters 15-76:
Sub-goal postcondition of goal statementemissionmixin___field_type_of'vc.
Prover result is: Valid (0.01s, 13352 steps).

File "/home/fabrice/git/pycsl/scratchpad/w7/tmp/.pycsl_gwql3f_j.mlw", line 1273, characters 15-62:
Sub-goal postcondition of goal statementemissionmixin___field_type_of'vc.
Prover result is: Valid (0.01s, 13353 steps).

File "/home/fabrice/git/pycsl/scratchpad/w7/tmp/.pycsl_gwql3f_j.mlw", line 1326, characters 24-39:
Sub-goal loop invariant init of goal statementemissionmixin___field_type_of'vc.
Prover result is: Valid (0.01s, 13352 steps).

File "/home/fabrice/git/pycsl/scratchpad/w7/tmp/.pycsl_gwql3f_j.mlw", line 1264, characters 15-19:
Sub-goal postcondition of goal statementemissionmixin___field_type_of'vc.
Prover result is: Valid (0.02s, 13650 steps).

File "/home/fabrice/git/pycsl/scratchpad/w7/tmp/.pycsl_gwql3f_j.mlw", line 1265, characters 15-56:
Sub-goal postcondition of goal statementemissionmixin___field_type_of'vc.
Prover result is: Valid (0.01s, 13651 steps).

File "/home/fabrice/git/pycsl/scratchpad/w7/tmp/.pycsl_gwql3f_j.mlw", line 1266, characters 15-68:
Sub-goal postcondition of goal statementemissionmixin___field_type_of'vc.
Prover result is: Valid (0.02s, 13652 steps).

File "/home/fabrice/git/pycsl/scratchpad/w7/tmp/.pycsl_gwql3f_j.mlw", line 1267, characters 15-66:
Sub-goal postcondition of goal statementemissionmixin___field_type_of'vc.
Prover result is: Valid (0.01s, 13653 steps).

File "/home/fabrice/git/pycsl/scratchpad/w7/tmp/.pycsl_gwql3f_j.mlw", line 1268, characters 15-60:
Sub-goal postcondition of goal statementemissionmixin___field_type_of'vc.
Prover result is: Valid (0.01s, 13654 steps).

File "/home/fabrice/git/pycsl/scratchpad/w7/tmp/.pycsl_gwql3f_j.mlw", line 1269, characters 15-60:
Sub-goal postcondition of goal statementemissionmixin___field_type_of'vc.
Prover result is: Valid (0.01s, 13655 steps).

File "/home/fabrice/git/pycsl/scratchpad/w7/tmp/.pycsl_gwql3f_j.mlw", line 1270, characters 15-50:
Sub-goal postcondition of goal statementemissionmixin___field_type_of'vc.
Prover result is: Valid (0.01s, 13656 steps).

File "/home/fabrice/git/pycsl/scratchpad/w7/tmp/.pycsl_gwql3f_j.mlw", line 1271, characters 15-48:
Sub-goal postcondition of goal statementemissionmixin___field_type_of'vc.
Prover result is: Valid (0.01s, 13657 steps).

File "/home/fabrice/git/pycsl/scratchpad/w7/tmp/.pycsl_gwql3f_j.mlw", line 1272, characters 15-76:
Sub-goal postcondition of goal statementemissionmixin___field_type_of'vc.
Prover result is: Valid (0.01s, 13658 steps).

File "/home/fabrice/git/pycsl/scratchpad/w7/tmp/.pycsl_gwql3f_j.mlw", line 1273, characters 15-62:
Sub-goal postcondition of goal statementemissionmixin___field_type_of'vc.
Prover result is: Valid (0.01s, 13659 steps).

File "/home/fabrice/git/pycsl/scratchpad/w7/tmp/.pycsl_gwql3f_j.mlw", line 1327, characters 22-71:
Sub-goal loop variant decrease of goal statementemissionmixin___field_type_of'vc.
Prover result is: Valid (0.05s, 153072 steps).

File "/home/fabrice/git/pycsl/scratchpad/w7/tmp/.pycsl_gwql3f_j.mlw", line 1326, characters 24-39:
Sub-goal loop invariant preservation of goal statementemissionmixin___field_type_of'vc.
Prover result is: Valid (0.05s, 152872 steps).

File "/home/fabrice/git/pycsl/scratchpad/w7/tmp/.pycsl_gwql3f_j.mlw", line 1264, characters 15-19:
Sub-goal postcondition of goal statementemissionmixin___field_type_of'vc.
Prover result is: Valid (0.01s, 13374 steps).

File "/home/fabrice/git/pycsl/scratchpad/w7/tmp/.pycsl_gwql3f_j.mlw", line 1265, characters 15-56:
Sub-goal postcondition of goal statementemissionmixin___field_type_of'vc.
Prover result is: Valid (0.01s, 13375 steps).

File "/home/fabrice/git/pycsl/scratchpad/w7/tmp/.pycsl_gwql3f_j.mlw", line 1266, characters 15-68:
Sub-goal postcondition of goal statementemissionmixin___field_type_of'vc.
Prover result is: Valid (0.02s, 13376 steps).

File "/home/fabrice/git/pycsl/scratchpad/w7/tmp/.pycsl_gwql3f_j.mlw", line 1267, characters 15-66:
Sub-goal postcondition of goal statementemissionmixin___field_type_of'vc.
Prover result is: Valid (0.01s, 13377 steps).

File "/home/fabrice/git/pycsl/scratchpad/w7/tmp/.pycsl_gwql3f_j.mlw", line 1268, characters 15-60:
Sub-goal postcondition of goal statementemissionmixin___field_type_of'vc.
Prover result is: Valid (0.01s, 13378 steps).

File "/home/fabrice/git/pycsl/scratchpad/w7/tmp/.pycsl_gwql3f_j.mlw", line 1269, characters 15-60:
Sub-goal postcondition of goal statementemissionmixin___field_type_of'vc.
Prover result is: Valid (0.01s, 13379 steps).

File "/home/fabrice/git/pycsl/scratchpad/w7/tmp/.pycsl_gwql3f_j.mlw", line 1270, characters 15-50:
Sub-goal postcondition of goal statementemissionmixin___field_type_of'vc.
Prover result is: Valid (0.02s, 13380 steps).

File "/home/fabrice/git/pycsl/scratchpad/w7/tmp/.pycsl_gwql3f_j.mlw", line 1271, characters 15-48:
Sub-goal postcondition of goal statementemissionmixin___field_type_of'vc.
Prover result is: Valid (0.01s, 13381 steps).

File "/home/fabrice/git/pycsl/scratchpad/w7/tmp/.pycsl_gwql3f_j.mlw", line 1272, characters 15-76:
Sub-goal postcondition of goal statementemissionmixin___field_type_of'vc.
Prover result is: Valid (0.01s, 13382 steps).

File "/home/fabrice/git/pycsl/scratchpad/w7/tmp/.pycsl_gwql3f_j.mlw", line 1273, characters 15-62:
Sub-goal postcondition of goal statementemissionmixin___field_type_of'vc.
Prover result is: Valid (0.01s, 13383 steps).

File "/home/fabrice/git/pycsl/scratchpad/w7/tmp/.pycsl_gwql3f_j.mlw", line 1264, characters 15-19:
Sub-goal postcondition of goal statementemissionmixin___field_type_of'vc.
Prover result is: Valid (0.01s, 7949 steps).

File "/home/fabrice/git/pycsl/scratchpad/w7/tmp/.pycsl_gwql3f_j.mlw", line 1265, characters 15-56:
Sub-goal postcondition of goal statementemissionmixin___field_type_of'vc.
Prover result is: Valid (0.01s, 7950 steps).

File "/home/fabrice/git/pycsl/scratchpad/w7/tmp/.pycsl_gwql3f_j.mlw", line 1266, characters 15-68:
Sub-goal postcondition of goal statementemissionmixin___field_type_of'vc.
Prover result is: Valid (0.01s, 7951 steps).

File "/home/fabrice/git/pycsl/scratchpad/w7/tmp/.pycsl_gwql3f_j.mlw", line 1267, characters 15-66:
Sub-goal postcondition of goal statementemissionmixin___field_type_of'vc.
Prover result is: Valid (0.01s, 7952 steps).

File "/home/fabrice/git/pycsl/scratchpad/w7/tmp/.pycsl_gwql3f_j.mlw", line 1268, characters 15-60:
Sub-goal postcondition of goal statementemissionmixin___field_type_of'vc.
Prover result is: Valid (0.01s, 7953 steps).

File "/home/fabrice/git/pycsl/scratchpad/w7/tmp/.pycsl_gwql3f_j.mlw", line 1269, characters 15-60:
Sub-goal postcondition of goal statementemissionmixin___field_type_of'vc.
Prover result is: Valid (0.01s, 7954 steps).

File "/home/fabrice/git/pycsl/scratchpad/w7/tmp/.pycsl_gwql3f_j.mlw", line 1270, characters 15-50:
Sub-goal postcondition of goal statementemissionmixin___field_type_of'vc.
Prover result is: Valid (0.01s, 7955 steps).

File "/home/fabrice/git/pycsl/scratchpad/w7/tmp/.pycsl_gwql3f_j.mlw", line 1271, characters 15-48:
Sub-goal postcondition of goal statementemissionmixin___field_type_of'vc.
Prover result is: Valid (0.01s, 7956 steps).

File "/home/fabrice/git/pycsl/scratchpad/w7/tmp/.pycsl_gwql3f_j.mlw", line 1272, characters 15-76:
Sub-goal postcondition of goal statementemissionmixin___field_type_of'vc.
Prover result is: Valid (0.01s, 7957 steps).

File "/home/fabrice/git/pycsl/scratchpad/w7/tmp/.pycsl_gwql3f_j.mlw", line 1273, characters 15-62:
Sub-goal postcondition of goal statementemissionmixin___field_type_of'vc.
Prover result is: Valid (0.01s, 7958 steps).

File "/home/fabrice/git/pycsl/scratchpad/w7/tmp/.pycsl_gwql3f_j.mlw", line 1326, characters 24-39:
Sub-goal loop invariant init of goal statementemissionmixin___field_type_of'vc.
Prover result is: Valid (0.01s, 7949 steps).

File "/home/fabrice/git/pycsl/scratchpad/w7/tmp/.pycsl_gwql3f_j.mlw", line 1264, characters 15-19:
Sub-goal postcondition of goal statementemissionmixin___field_type_of'vc.
Prover result is: Valid (0.01s, 8017 steps).

File "/home/fabrice/git/pycsl/scratchpad/w7/tmp/.pycsl_gwql3f_j.mlw", line 1265, characters 15-56:
Sub-goal postcondition of goal statementemissionmixin___field_type_of'vc.
Prover result is: Valid (0.01s, 8018 steps).

File "/home/fabrice/git/pycsl/scratchpad/w7/tmp/.pycsl_gwql3f_j.mlw", line 1266, characters 15-68:
Sub-goal postcondition of goal statementemissionmixin___field_type_of'vc.
Prover result is: Valid (0.01s, 8019 steps).

File "/home/fabrice/git/pycsl/scratchpad/w7/tmp/.pycsl_gwql3f_j.mlw", line 1267, characters 15-66:
Sub-goal postcondition of goal statementemissionmixin___field_type_of'vc.
Prover result is: Valid (0.01s, 8020 steps).

File "/home/fabrice/git/pycsl/scratchpad/w7/tmp/.pycsl_gwql3f_j.mlw", line 1268, characters 15-60:
Sub-goal postcondition of goal statementemissionmixin___field_type_of'vc.
Prover result is: Valid (0.01s, 8021 steps).

File "/home/fabrice/git/pycsl/scratchpad/w7/tmp/.pycsl_gwql3f_j.mlw", line 1269, characters 15-60:
Sub-goal postcondition of goal statementemissionmixin___field_type_of'vc.
Prover result is: Valid (0.01s, 8022 steps).

File "/home/fabrice/git/pycsl/scratchpad/w7/tmp/.pycsl_gwql3f_j.mlw", line 1270, characters 15-50:
Sub-goal postcondition of goal statementemissionmixin___field_type_of'vc.
Prover result is: Valid (0.01s, 8023 steps).

File "/home/fabrice/git/pycsl/scratchpad/w7/tmp/.pycsl_gwql3f_j.mlw", line 1271, characters 15-48:
Sub-goal postcondition of goal statementemissionmixin___field_type_of'vc.
Prover result is: Valid (0.01s, 8024 steps).

File "/home/fabrice/git/pycsl/scratchpad/w7/tmp/.pycsl_gwql3f_j.mlw", line 1272, characters 15-76:
Sub-goal postcondition of goal statementemissionmixin___field_type_of'vc.
Prover result is: Valid (0.01s, 8025 steps).

File "/home/fabrice/git/pycsl/scratchpad/w7/tmp/.pycsl_gwql3f_j.mlw", line 1273, characters 15-62:
Sub-goal postcondition of goal statementemissionmixin___field_type_of'vc.
Prover result is: Valid (0.01s, 8026 steps).

File "/home/fabrice/git/pycsl/scratchpad/w7/tmp/.pycsl_gwql3f_j.mlw", line 1327, characters 22-71:
Sub-goal loop variant decrease of goal statementemissionmixin___field_type_of'vc.
Prover result is: Valid (0.01s, 7985 steps).

File "/home/fabrice/git/pycsl/scratchpad/w7/tmp/.pycsl_gwql3f_j.mlw", line 1326, characters 24-39:
Sub-goal loop invariant preservation of goal statementemissionmixin___field_type_of'vc.
Prover result is: Valid (0.01s, 7985 steps).

File "/home/fabrice/git/pycsl/scratchpad/w7/tmp/.pycsl_gwql3f_j.mlw", line 1264, characters 15-19:
Sub-goal postcondition of goal statementemissionmixin___field_type_of'vc.
Prover result is: Valid (0.01s, 7951 steps).

File "/home/fabrice/git/pycsl/scratchpad/w7/tmp/.pycsl_gwql3f_j.mlw", line 1265, characters 15-56:
Sub-goal postcondition of goal statementemissionmixin___field_type_of'vc.
Prover result is: Valid (0.01s, 7952 steps).

File "/home/fabrice/git/pycsl/scratchpad/w7/tmp/.pycsl_gwql3f_j.mlw", line 1266, characters 15-68:
Sub-goal postcondition of goal statementemissionmixin___field_type_of'vc.
Prover result is: Valid (0.01s, 7953 steps).

File "/home/fabrice/git/pycsl/scratchpad/w7/tmp/.pycsl_gwql3f_j.mlw", line 1267, characters 15-66:
Sub-goal postcondition of goal statementemissionmixin___field_type_of'vc.
Prover result is: Valid (0.01s, 7954 steps).

File "/home/fabrice/git/pycsl/scratchpad/w7/tmp/.pycsl_gwql3f_j.mlw", line 1268, characters 15-60:
Sub-goal postcondition of goal statementemissionmixin___field_type_of'vc.
Prover result is: Valid (0.01s, 7955 steps).

File "/home/fabrice/git/pycsl/scratchpad/w7/tmp/.pycsl_gwql3f_j.mlw", line 1269, characters 15-60:
Sub-goal postcondition of goal statementemissionmixin___field_type_of'vc.
Prover result is: Valid (0.01s, 7956 steps).

File "/home/fabrice/git/pycsl/scratchpad/w7/tmp/.pycsl_gwql3f_j.mlw", line 1270, characters 15-50:
Sub-goal postcondition of goal statementemissionmixin___field_type_of'vc.
Prover result is: Valid (0.01s, 7957 steps).

File "/home/fabrice/git/pycsl/scratchpad/w7/tmp/.pycsl_gwql3f_j.mlw", line 1271, characters 15-48:
Sub-goal postcondition of goal statementemissionmixin___field_type_of'vc.
Prover result is: Valid (0.01s, 7958 steps).

File "/home/fabrice/git/pycsl/scratchpad/w7/tmp/.pycsl_gwql3f_j.mlw", line 1272, characters 15-76:
Sub-goal postcondition of goal statementemissionmixin___field_type_of'vc.
Prover result is: Valid (0.01s, 7959 steps).

File "/home/fabrice/git/pycsl/scratchpad/w7/tmp/.pycsl_gwql3f_j.mlw", line 1273, characters 15-62:
Sub-goal postcondition of goal statementemissionmixin___field_type_of'vc.
Prover result is: Valid (0.01s, 7960 steps).

File "/home/fabrice/git/pycsl/scratchpad/w7/tmp/.pycsl_gwql3f_j.mlw", line 1264, characters 15-19:
Sub-goal postcondition of goal statementemissionmixin___field_type_of'vc.
Prover result is: Valid (0.01s, 12139 steps).

File "/home/fabrice/git/pycsl/scratchpad/w7/tmp/.pycsl_gwql3f_j.mlw", line 1265, characters 15-56:
Sub-goal postcondition of goal statementemissionmixin___field_type_of'vc.
Prover result is: Valid (0.01s, 12140 steps).

File "/home/fabrice/git/pycsl/scratchpad/w7/tmp/.pycsl_gwql3f_j.mlw", line 1266, characters 15-68:
Sub-goal postcondition of goal statementemissionmixin___field_type_of'vc.
Prover result is: Valid (0.01s, 12141 steps).

File "/home/fabrice/git/pycsl/scratchpad/w7/tmp/.pycsl_gwql3f_j.mlw", line 1267, characters 15-66:
Sub-goal postcondition of goal statementemissionmixin___field_type_of'vc.
Prover result is: Valid (0.01s, 12142 steps).

File "/home/fabrice/git/pycsl/scratchpad/w7/tmp/.pycsl_gwql3f_j.mlw", line 1268, characters 15-60:
Sub-goal postcondition of goal statementemissionmixin___field_type_of'vc.
Prover result is: Valid (0.01s, 12143 steps).

File "/home/fabrice/git/pycsl/scratchpad/w7/tmp/.pycsl_gwql3f_j.mlw", line 1269, characters 15-60:
Sub-goal postcondition of goal statementemissionmixin___field_type_of'vc.
Prover result is: Valid (0.02s, 12144 steps).

File "/home/fabrice/git/pycsl/scratchpad/w7/tmp/.pycsl_gwql3f_j.mlw", line 1270, characters 15-50:
Sub-goal postcondition of goal statementemissionmixin___field_type_of'vc.
Prover result is: Valid (0.01s, 12145 steps).

File "/home/fabrice/git/pycsl/scratchpad/w7/tmp/.pycsl_gwql3f_j.mlw", line 1271, characters 15-48:
Sub-goal postcondition of goal statementemissionmixin___field_type_of'vc.
Prover result is: Valid (0.01s, 12146 steps).

File "/home/fabrice/git/pycsl/scratchpad/w7/tmp/.pycsl_gwql3f_j.mlw", line 1272, characters 15-76:
Sub-goal postcondition of goal statementemissionmixin___field_type_of'vc.
Prover result is: Valid (0.01s, 12147 steps).

File "/home/fabrice/git/pycsl/scratchpad/w7/tmp/.pycsl_gwql3f_j.mlw", line 1273, characters 15-62:
Sub-goal postcondition of goal statementemissionmixin___field_type_of'vc.
Prover result is: Valid (0.01s, 12148 steps).

File "/home/fabrice/git/pycsl/scratchpad/w7/tmp/.pycsl_gwql3f_j.mlw", line 1264, characters 15-19:
Sub-goal postcondition of goal statementemissionmixin___field_type_of'vc.
Prover result is: Valid (0.01s, 13122 steps).

File "/home/fabrice/git/pycsl/scratchpad/w7/tmp/.pycsl_gwql3f_j.mlw", line 1265, characters 15-56:
Sub-goal postcondition of goal statementemissionmixin___field_type_of'vc.
Prover result is: Valid (0.01s, 13123 steps).

File "/home/fabrice/git/pycsl/scratchpad/w7/tmp/.pycsl_gwql3f_j.mlw", line 1266, characters 15-68:
Sub-goal postcondition of goal statementemissionmixin___field_type_of'vc.
Prover result is: Valid (0.01s, 13124 steps).

File "/home/fabrice/git/pycsl/scratchpad/w7/tmp/.pycsl_gwql3f_j.mlw", line 1267, characters 15-66:
Sub-goal postcondition of goal statementemissionmixin___field_type_of'vc.
Prover result is: Valid (0.02s, 13125 steps).

File "/home/fabrice/git/pycsl/scratchpad/w7/tmp/.pycsl_gwql3f_j.mlw", line 1268, characters 15-60:
Sub-goal postcondition of goal statementemissionmixin___field_type_of'vc.
Prover result is: Valid (0.01s, 13126 steps).

File "/home/fabrice/git/pycsl/scratchpad/w7/tmp/.pycsl_gwql3f_j.mlw", line 1269, characters 15-60:
Sub-goal postcondition of goal statementemissionmixin___field_type_of'vc.
Prover result is: Valid (0.01s, 13127 steps).

File "/home/fabrice/git/pycsl/scratchpad/w7/tmp/.pycsl_gwql3f_j.mlw", line 1270, characters 15-50:
Sub-goal postcondition of goal statementemissionmixin___field_type_of'vc.
Prover result is: Valid (0.01s, 13128 steps).

File "/home/fabrice/git/pycsl/scratchpad/w7/tmp/.pycsl_gwql3f_j.mlw", line 1271, characters 15-48:
Sub-goal postcondition of goal statementemissionmixin___field_type_of'vc.
Prover result is: Valid (0.01s, 13129 steps).

File "/home/fabrice/git/pycsl/scratchpad/w7/tmp/.pycsl_gwql3f_j.mlw", line 1272, characters 15-76:
Sub-goal postcondition of goal statementemissionmixin___field_type_of'vc.
Prover result is: Valid (0.02s, 13130 steps).

File "/home/fabrice/git/pycsl/scratchpad/w7/tmp/.pycsl_gwql3f_j.mlw", line 1273, characters 15-62:
Sub-goal postcondition of goal statementemissionmixin___field_type_of'vc.
Prover result is: Valid (0.01s, 13131 steps).

File "/home/fabrice/git/pycsl/scratchpad/w7/tmp/.pycsl_gwql3f_j.mlw", line 1326, characters 24-39:
Sub-goal loop invariant init of goal statementemissionmixin___field_type_of'vc.
Prover result is: Valid (0.01s, 13130 steps).

File "/home/fabrice/git/pycsl/scratchpad/w7/tmp/.pycsl_gwql3f_j.mlw", line 1264, characters 15-19:
Sub-goal postcondition of goal statementemissionmixin___field_type_of'vc.
Prover result is: Valid (0.02s, 13434 steps).

File "/home/fabrice/git/pycsl/scratchpad/w7/tmp/.pycsl_gwql3f_j.mlw", line 1265, characters 15-56:
Sub-goal postcondition of goal statementemissionmixin___field_type_of'vc.
Prover result is: Valid (0.01s, 13435 steps).

File "/home/fabrice/git/pycsl/scratchpad/w7/tmp/.pycsl_gwql3f_j.mlw", line 1266, characters 15-68:
Sub-goal postcondition of goal statementemissionmixin___field_type_of'vc.
Prover result is: Valid (0.01s, 13436 steps).

File "/home/fabrice/git/pycsl/scratchpad/w7/tmp/.pycsl_gwql3f_j.mlw", line 1267, characters 15-66:
Sub-goal postcondition of goal statementemissionmixin___field_type_of'vc.
Prover result is: Valid (0.02s, 13437 steps).

File "/home/fabrice/git/pycsl/scratchpad/w7/tmp/.pycsl_gwql3f_j.mlw", line 1268, characters 15-60:
Sub-goal postcondition of goal statementemissionmixin___field_type_of'vc.
Prover result is: Valid (0.01s, 13438 steps).

File "/home/fabrice/git/pycsl/scratchpad/w7/tmp/.pycsl_gwql3f_j.mlw", line 1269, characters 15-60:
Sub-goal postcondition of goal statementemissionmixin___field_type_of'vc.
Prover result is: Valid (0.01s, 13439 steps).

File "/home/fabrice/git/pycsl/scratchpad/w7/tmp/.pycsl_gwql3f_j.mlw", line 1270, characters 15-50:
Sub-goal postcondition of goal statementemissionmixin___field_type_of'vc.
Prover result is: Valid (0.02s, 13440 steps).

File "/home/fabrice/git/pycsl/scratchpad/w7/tmp/.pycsl_gwql3f_j.mlw", line 1271, characters 15-48:
Sub-goal postcondition of goal statementemissionmixin___field_type_of'vc.
Prover result is: Valid (0.01s, 13441 steps).

File "/home/fabrice/git/pycsl/scratchpad/w7/tmp/.pycsl_gwql3f_j.mlw", line 1272, characters 15-76:
Sub-goal postcondition of goal statementemissionmixin___field_type_of'vc.
Prover result is: Valid (0.01s, 13442 steps).

File "/home/fabrice/git/pycsl/scratchpad/w7/tmp/.pycsl_gwql3f_j.mlw", line 1273, characters 15-62:
Sub-goal postcondition of goal statementemissionmixin___field_type_of'vc.
Prover result is: Valid (0.01s, 13443 steps).

File "/home/fabrice/git/pycsl/scratchpad/w7/tmp/.pycsl_gwql3f_j.mlw", line 1327, characters 22-71:
Sub-goal loop variant decrease of goal statementemissionmixin___field_type_of'vc.
Prover result is: Valid (0.02s, 18034 steps).

File "/home/fabrice/git/pycsl/scratchpad/w7/tmp/.pycsl_gwql3f_j.mlw", line 1326, characters 24-39:
Sub-goal loop invariant preservation of goal statementemissionmixin___field_type_of'vc.
Prover result is: Valid (0.02s, 17980 steps).

File "/home/fabrice/git/pycsl/scratchpad/w7/tmp/.pycsl_gwql3f_j.mlw", line 1264, characters 15-19:
Sub-goal postcondition of goal statementemissionmixin___field_type_of'vc.
Prover result is: Valid (0.02s, 13156 steps).

File "/home/fabrice/git/pycsl/scratchpad/w7/tmp/.pycsl_gwql3f_j.mlw", line 1265, characters 15-56:
Sub-goal postcondition of goal statementemissionmixin___field_type_of'vc.
Prover result is: Valid (0.01s, 13157 steps).

File "/home/fabrice/git/pycsl/scratchpad/w7/tmp/.pycsl_gwql3f_j.mlw", line 1266, characters 15-68:
Sub-goal postcondition of goal statementemissionmixin___field_type_of'vc.
Prover result is: Valid (0.01s, 13158 steps).

File "/home/fabrice/git/pycsl/scratchpad/w7/tmp/.pycsl_gwql3f_j.mlw", line 1267, characters 15-66:
Sub-goal postcondition of goal statementemissionmixin___field_type_of'vc.
Prover result is: Valid (0.01s, 13159 steps).

File "/home/fabrice/git/pycsl/scratchpad/w7/tmp/.pycsl_gwql3f_j.mlw", line 1268, characters 15-60:
Sub-goal postcondition of goal statementemissionmixin___field_type_of'vc.
Prover result is: Valid (0.01s, 13160 steps).

File "/home/fabrice/git/pycsl/scratchpad/w7/tmp/.pycsl_gwql3f_j.mlw", line 1269, characters 15-60:
Sub-goal postcondition of goal statementemissionmixin___field_type_of'vc.
Prover result is: Valid (0.01s, 13161 steps).

File "/home/fabrice/git/pycsl/scratchpad/w7/tmp/.pycsl_gwql3f_j.mlw", line 1270, characters 15-50:
Sub-goal postcondition of goal statementemissionmixin___field_type_of'vc.
Prover result is: Valid (0.02s, 13162 steps).

File "/home/fabrice/git/pycsl/scratchpad/w7/tmp/.pycsl_gwql3f_j.mlw", line 1271, characters 15-48:
Sub-goal postcondition of goal statementemissionmixin___field_type_of'vc.
Prover result is: Valid (0.01s, 13163 steps).

File "/home/fabrice/git/pycsl/scratchpad/w7/tmp/.pycsl_gwql3f_j.mlw", line 1272, characters 15-76:
Sub-goal postcondition of goal statementemissionmixin___field_type_of'vc.
Prover result is: Valid (0.01s, 13164 steps).

File "/home/fabrice/git/pycsl/scratchpad/w7/tmp/.pycsl_gwql3f_j.mlw", line 1273, characters 15-62:
Sub-goal postcondition of goal statementemissionmixin___field_type_of'vc.
Prover result is: Valid (0.01s, 13165 steps).

File "/home/fabrice/git/pycsl/scratchpad/w7/tmp/.pycsl_gwql3f_j.mlw", line 1264, characters 15-19:
Sub-goal postcondition of goal statementemissionmixin___field_type_of'vc.
Prover result is: Valid (0.02s, 13352 steps).

File "/home/fabrice/git/pycsl/scratchpad/w7/tmp/.pycsl_gwql3f_j.mlw", line 1265, characters 15-56:
Sub-goal postcondition of goal statementemissionmixin___field_type_of'vc.
Prover result is: Valid (0.01s, 13353 steps).

File "/home/fabrice/git/pycsl/scratchpad/w7/tmp/.pycsl_gwql3f_j.mlw", line 1266, characters 15-68:
Sub-goal postcondition of goal statementemissionmixin___field_type_of'vc.
Prover result is: Valid (0.01s, 13354 steps).

File "/home/fabrice/git/pycsl/scratchpad/w7/tmp/.pycsl_gwql3f_j.mlw", line 1267, characters 15-66:
Sub-goal postcondition of goal statementemissionmixin___field_type_of'vc.
Prover result is: Valid (0.02s, 13355 steps).

File "/home/fabrice/git/pycsl/scratchpad/w7/tmp/.pycsl_gwql3f_j.mlw", line 1268, characters 15-60:
Sub-goal postcondition of goal statementemissionmixin___field_type_of'vc.
Prover result is: Valid (0.01s, 13356 steps).

File "/home/fabrice/git/pycsl/scratchpad/w7/tmp/.pycsl_gwql3f_j.mlw", line 1269, characters 15-60:
Sub-goal postcondition of goal statementemissionmixin___field_type_of'vc.
Prover result is: Valid (0.01s, 13357 steps).

File "/home/fabrice/git/pycsl/scratchpad/w7/tmp/.pycsl_gwql3f_j.mlw", line 1270, characters 15-50:
Sub-goal postcondition of goal statementemissionmixin___field_type_of'vc.
Prover result is: Valid (0.02s, 13358 steps).

File "/home/fabrice/git/pycsl/scratchpad/w7/tmp/.pycsl_gwql3f_j.mlw", line 1271, characters 15-48:
Sub-goal postcondition of goal statementemissionmixin___field_type_of'vc.
Prover result is: Valid (0.01s, 13359 steps).

File "/home/fabrice/git/pycsl/scratchpad/w7/tmp/.pycsl_gwql3f_j.mlw", line 1272, characters 15-76:
Sub-goal postcondition of goal statementemissionmixin___field_type_of'vc.
Prover result is: Valid (0.01s, 13360 steps).

File "/home/fabrice/git/pycsl/scratchpad/w7/tmp/.pycsl_gwql3f_j.mlw", line 1273, characters 15-62:
Sub-goal postcondition of goal statementemissionmixin___field_type_of'vc.
Prover result is: Valid (0.01s, 13361 steps).

File "/home/fabrice/git/pycsl/scratchpad/w7/tmp/.pycsl_gwql3f_j.mlw", line 1326, characters 24-39:
Sub-goal loop invariant init of goal statementemissionmixin___field_type_of'vc.
Prover result is: Valid (0.01s, 13358 steps).

File "/home/fabrice/git/pycsl/scratchpad/w7/tmp/.pycsl_gwql3f_j.mlw", line 1264, characters 15-19:
Sub-goal postcondition of goal statementemissionmixin___field_type_of'vc.
Prover result is: Valid (0.01s, 13654 steps).

File "/home/fabrice/git/pycsl/scratchpad/w7/tmp/.pycsl_gwql3f_j.mlw", line 1265, characters 15-56:
Sub-goal postcondition of goal statementemissionmixin___field_type_of'vc.
Prover result is: Valid (0.01s, 13655 steps).

File "/home/fabrice/git/pycsl/scratchpad/w7/tmp/.pycsl_gwql3f_j.mlw", line 1266, characters 15-68:
Sub-goal postcondition of goal statementemissionmixin___field_type_of'vc.
Prover result is: Valid (0.01s, 13656 steps).

File "/home/fabrice/git/pycsl/scratchpad/w7/tmp/.pycsl_gwql3f_j.mlw", line 1267, characters 15-66:
Sub-goal postcondition of goal statementemissionmixin___field_type_of'vc.
Prover result is: Valid (0.01s, 13657 steps).

File "/home/fabrice/git/pycsl/scratchpad/w7/tmp/.pycsl_gwql3f_j.mlw", line 1268, characters 15-60:
Sub-goal postcondition of goal statementemissionmixin___field_type_of'vc.
Prover result is: Valid (0.01s, 13658 steps).

File "/home/fabrice/git/pycsl/scratchpad/w7/tmp/.pycsl_gwql3f_j.mlw", line 1269, characters 15-60:
Sub-goal postcondition of goal statementemissionmixin___field_type_of'vc.
Prover result is: Valid (0.01s, 13659 steps).

File "/home/fabrice/git/pycsl/scratchpad/w7/tmp/.pycsl_gwql3f_j.mlw", line 1270, characters 15-50:
Sub-goal postcondition of goal statementemissionmixin___field_type_of'vc.
Prover result is: Valid (0.01s, 13660 steps).

File "/home/fabrice/git/pycsl/scratchpad/w7/tmp/.pycsl_gwql3f_j.mlw", line 1271, characters 15-48:
Sub-goal postcondition of goal statementemissionmixin___field_type_of'vc.
Prover result is: Valid (0.01s, 13661 steps).

File "/home/fabrice/git/pycsl/scratchpad/w7/tmp/.pycsl_gwql3f_j.mlw", line 1272, characters 15-76:
Sub-goal postcondition of goal statementemissionmixin___field_type_of'vc.
Prover result is: Valid (0.01s, 13662 steps).

File "/home/fabrice/git/pycsl/scratchpad/w7/tmp/.pycsl_gwql3f_j.mlw", line 1273, characters 15-62:
Sub-goal postcondition of goal statementemissionmixin___field_type_of'vc.
Prover result is: Valid (0.01s, 13663 steps).

File "/home/fabrice/git/pycsl/scratchpad/w7/tmp/.pycsl_gwql3f_j.mlw", line 1327, characters 22-71:
Sub-goal loop variant decrease of goal statementemissionmixin___field_type_of'vc.
Prover result is: Valid (0.03s, 152765 steps).

File "/home/fabrice/git/pycsl/scratchpad/w7/tmp/.pycsl_gwql3f_j.mlw", line 1326, characters 24-39:
Sub-goal loop invariant preservation of goal statementemissionmixin___field_type_of'vc.
Prover result is: Valid (0.03s, 152565 steps).

File "/home/fabrice/git/pycsl/scratchpad/w7/tmp/.pycsl_gwql3f_j.mlw", line 1264, characters 15-19:
Sub-goal postcondition of goal statementemissionmixin___field_type_of'vc.
Prover result is: Valid (0.01s, 13380 steps).

File "/home/fabrice/git/pycsl/scratchpad/w7/tmp/.pycsl_gwql3f_j.mlw", line 1265, characters 15-56:
Sub-goal postcondition of goal statementemissionmixin___field_type_of'vc.
Prover result is: Valid (0.01s, 13381 steps).

File "/home/fabrice/git/pycsl/scratchpad/w7/tmp/.pycsl_gwql3f_j.mlw", line 1266, characters 15-68:
Sub-goal postcondition of goal statementemissionmixin___field_type_of'vc.
Prover result is: Valid (0.01s, 13382 steps).

File "/home/fabrice/git/pycsl/scratchpad/w7/tmp/.pycsl_gwql3f_j.mlw", line 1267, characters 15-66:
Sub-goal postcondition of goal statementemissionmixin___field_type_of'vc.
Prover result is: Valid (0.01s, 13383 steps).

File "/home/fabrice/git/pycsl/scratchpad/w7/tmp/.pycsl_gwql3f_j.mlw", line 1268, characters 15-60:
Sub-goal postcondition of goal statementemissionmixin___field_type_of'vc.
Prover result is: Valid (0.02s, 13384 steps).

File "/home/fabrice/git/pycsl/scratchpad/w7/tmp/.pycsl_gwql3f_j.mlw", line 1269, characters 15-60:
Sub-goal postcondition of goal statementemissionmixin___field_type_of'vc.
Prover result is: Valid (0.01s, 13385 steps).

File "/home/fabrice/git/pycsl/scratchpad/w7/tmp/.pycsl_gwql3f_j.mlw", line 1270, characters 15-50:
Sub-goal postcondition of goal statementemissionmixin___field_type_of'vc.
Prover result is: Valid (0.01s, 13386 steps).

File "/home/fabrice/git/pycsl/scratchpad/w7/tmp/.pycsl_gwql3f_j.mlw", line 1271, characters 15-48:
Sub-goal postcondition of goal statementemissionmixin___field_type_of'vc.
Prover result is: Valid (0.01s, 13387 steps).

File "/home/fabrice/git/pycsl/scratchpad/w7/tmp/.pycsl_gwql3f_j.mlw", line 1272, characters 15-76:
Sub-goal postcondition of goal statementemissionmixin___field_type_of'vc.
Prover result is: Valid (0.01s, 13388 steps).

File "/home/fabrice/git/pycsl/scratchpad/w7/tmp/.pycsl_gwql3f_j.mlw", line 1273, characters 15-62:
Sub-goal postcondition of goal statementemissionmixin___field_type_of'vc.
Prover result is: Valid (0.02s, 13389 steps).

File "/home/fabrice/git/pycsl/scratchpad/w7/tmp/.pycsl_gwql3f_j.mlw", line 1264, characters 15-19:
Sub-goal postcondition of goal statementemissionmixin___field_type_of'vc.
Prover result is: Valid (0.02s, 13438 steps).

File "/home/fabrice/git/pycsl/scratchpad/w7/tmp/.pycsl_gwql3f_j.mlw", line 1265, characters 15-56:
Sub-goal postcondition of goal statementemissionmixin___field_type_of'vc.
Prover result is: Valid (0.01s, 13439 steps).

File "/home/fabrice/git/pycsl/scratchpad/w7/tmp/.pycsl_gwql3f_j.mlw", line 1266, characters 15-68:
Sub-goal postcondition of goal statementemissionmixin___field_type_of'vc.
Prover result is: Valid (0.02s, 13440 steps).

File "/home/fabrice/git/pycsl/scratchpad/w7/tmp/.pycsl_gwql3f_j.mlw", line 1267, characters 15-66:
Sub-goal postcondition of goal statementemissionmixin___field_type_of'vc.
Prover result is: Valid (0.01s, 13441 steps).

File "/home/fabrice/git/pycsl/scratchpad/w7/tmp/.pycsl_gwql3f_j.mlw", line 1268, characters 15-60:
Sub-goal postcondition of goal statementemissionmixin___field_type_of'vc.
Prover result is: Valid (0.01s, 13442 steps).

File "/home/fabrice/git/pycsl/scratchpad/w7/tmp/.pycsl_gwql3f_j.mlw", line 1269, characters 15-60:
Sub-goal postcondition of goal statementemissionmixin___field_type_of'vc.
Prover result is: Valid (0.02s, 13443 steps).

File "/home/fabrice/git/pycsl/scratchpad/w7/tmp/.pycsl_gwql3f_j.mlw", line 1270, characters 15-50:
Sub-goal postcondition of goal statementemissionmixin___field_type_of'vc.
Prover result is: Valid (0.02s, 13444 steps).

File "/home/fabrice/git/pycsl/scratchpad/w7/tmp/.pycsl_gwql3f_j.mlw", line 1271, characters 15-48:
Sub-goal postcondition of goal statementemissionmixin___field_type_of'vc.
Prover result is: Valid (0.02s, 13445 steps).

File "/home/fabrice/git/pycsl/scratchpad/w7/tmp/.pycsl_gwql3f_j.mlw", line 1272, characters 15-76:
Sub-goal postcondition of goal statementemissionmixin___field_type_of'vc.
Prover result is: Valid (0.01s, 13446 steps).

File "/home/fabrice/git/pycsl/scratchpad/w7/tmp/.pycsl_gwql3f_j.mlw", line 1273, characters 15-62:
Sub-goal postcondition of goal statementemissionmixin___field_type_of'vc.
Prover result is: Valid (0.01s, 13447 steps).

File "/home/fabrice/git/pycsl/scratchpad/w7/tmp/.pycsl_gwql3f_j.mlw", line 1326, characters 24-39:
Sub-goal loop invariant init of goal statementemissionmixin___field_type_of'vc.
Prover result is: Valid (0.01s, 13444 steps).

File "/home/fabrice/git/pycsl/scratchpad/w7/tmp/.pycsl_gwql3f_j.mlw", line 1264, characters 15-19:
Sub-goal postcondition of goal statementemissionmixin___field_type_of'vc.
Prover result is: Valid (0.01s, 13740 steps).

File "/home/fabrice/git/pycsl/scratchpad/w7/tmp/.pycsl_gwql3f_j.mlw", line 1265, characters 15-56:
Sub-goal postcondition of goal statementemissionmixin___field_type_of'vc.
Prover result is: Valid (0.01s, 13741 steps).

File "/home/fabrice/git/pycsl/scratchpad/w7/tmp/.pycsl_gwql3f_j.mlw", line 1266, characters 15-68:
Sub-goal postcondition of goal statementemissionmixin___field_type_of'vc.
Prover result is: Valid (0.01s, 13742 steps).

File "/home/fabrice/git/pycsl/scratchpad/w7/tmp/.pycsl_gwql3f_j.mlw", line 1267, characters 15-66:
Sub-goal postcondition of goal statementemissionmixin___field_type_of'vc.
Prover result is: Valid (0.01s, 13743 steps).

File "/home/fabrice/git/pycsl/scratchpad/w7/tmp/.pycsl_gwql3f_j.mlw", line 1268, characters 15-60:
Sub-goal postcondition of goal statementemissionmixin___field_type_of'vc.
Prover result is: Valid (0.01s, 13744 steps).

File "/home/fabrice/git/pycsl/scratchpad/w7/tmp/.pycsl_gwql3f_j.mlw", line 1269, characters 15-60:
Sub-goal postcondition of goal statementemissionmixin___field_type_of'vc.
Prover result is: Valid (0.01s, 13745 steps).

File "/home/fabrice/git/pycsl/scratchpad/w7/tmp/.pycsl_gwql3f_j.mlw", line 1270, characters 15-50:
Sub-goal postcondition of goal statementemissionmixin___field_type_of'vc.
Prover result is: Valid (0.02s, 13746 steps).

File "/home/fabrice/git/pycsl/scratchpad/w7/tmp/.pycsl_gwql3f_j.mlw", line 1271, characters 15-48:
Sub-goal postcondition of goal statementemissionmixin___field_type_of'vc.
Prover result is: Valid (0.01s, 13747 steps).

File "/home/fabrice/git/pycsl/scratchpad/w7/tmp/.pycsl_gwql3f_j.mlw", line 1272, characters 15-76:
Sub-goal postcondition of goal statementemissionmixin___field_type_of'vc.
Prover result is: Valid (0.01s, 13748 steps).

File "/home/fabrice/git/pycsl/scratchpad/w7/tmp/.pycsl_gwql3f_j.mlw", line 1273, characters 15-62:
Sub-goal postcondition of goal statementemissionmixin___field_type_of'vc.
Prover result is: Valid (0.01s, 13749 steps).

File "/home/fabrice/git/pycsl/scratchpad/w7/tmp/.pycsl_gwql3f_j.mlw", line 1327, characters 22-71:
Sub-goal loop variant decrease of goal statementemissionmixin___field_type_of'vc.
Prover result is: Valid (0.03s, 153601 steps).

File "/home/fabrice/git/pycsl/scratchpad/w7/tmp/.pycsl_gwql3f_j.mlw", line 1326, characters 24-39:
Sub-goal loop invariant preservation of goal statementemissionmixin___field_type_of'vc.
Prover result is: Valid (0.03s, 153401 steps).

File "/home/fabrice/git/pycsl/scratchpad/w7/tmp/.pycsl_gwql3f_j.mlw", line 1264, characters 15-19:
Sub-goal postcondition of goal statementemissionmixin___field_type_of'vc.
Prover result is: Valid (0.01s, 13466 steps).

File "/home/fabrice/git/pycsl/scratchpad/w7/tmp/.pycsl_gwql3f_j.mlw", line 1265, characters 15-56:
Sub-goal postcondition of goal statementemissionmixin___field_type_of'vc.
Prover result is: Valid (0.01s, 13467 steps).

File "/home/fabrice/git/pycsl/scratchpad/w7/tmp/.pycsl_gwql3f_j.mlw", line 1266, characters 15-68:
Sub-goal postcondition of goal statementemissionmixin___field_type_of'vc.
Prover result is: Valid (0.02s, 13468 steps).

File "/home/fabrice/git/pycsl/scratchpad/w7/tmp/.pycsl_gwql3f_j.mlw", line 1267, characters 15-66:
Sub-goal postcondition of goal statementemissionmixin___field_type_of'vc.
Prover result is: Valid (0.01s, 13469 steps).

File "/home/fabrice/git/pycsl/scratchpad/w7/tmp/.pycsl_gwql3f_j.mlw", line 1268, characters 15-60:
Sub-goal postcondition of goal statementemissionmixin___field_type_of'vc.
Prover result is: Valid (0.01s, 13470 steps).

File "/home/fabrice/git/pycsl/scratchpad/w7/tmp/.pycsl_gwql3f_j.mlw", line 1269, characters 15-60:
Sub-goal postcondition of goal statementemissionmixin___field_type_of'vc.
Prover result is: Valid (0.02s, 13471 steps).

File "/home/fabrice/git/pycsl/scratchpad/w7/tmp/.pycsl_gwql3f_j.mlw", line 1270, characters 15-50:
Sub-goal postcondition of goal statementemissionmixin___field_type_of'vc.
Prover result is: Valid (0.01s, 13472 steps).

File "/home/fabrice/git/pycsl/scratchpad/w7/tmp/.pycsl_gwql3f_j.mlw", line 1271, characters 15-48:
Sub-goal postcondition of goal statementemissionmixin___field_type_of'vc.
Prover result is: Valid (0.01s, 13473 steps).

File "/home/fabrice/git/pycsl/scratchpad/w7/tmp/.pycsl_gwql3f_j.mlw", line 1272, characters 15-76:
Sub-goal postcondition of goal statementemissionmixin___field_type_of'vc.
Prover result is: Valid (0.01s, 13474 steps).

File "/home/fabrice/git/pycsl/scratchpad/w7/tmp/.pycsl_gwql3f_j.mlw", line 1273, characters 15-62:
Sub-goal postcondition of goal statementemissionmixin___field_type_of'vc.
Prover result is: Valid (0.01s, 13475 steps).

File "/home/fabrice/git/pycsl/scratchpad/w7/tmp/.pycsl_gwql3f_j.mlw", line 1264, characters 15-19:
Sub-goal postcondition of goal statementemissionmixin___field_type_of'vc.
Prover result is: Valid (0.01s, 13333 steps).

File "/home/fabrice/git/pycsl/scratchpad/w7/tmp/.pycsl_gwql3f_j.mlw", line 1265, characters 15-56:
Sub-goal postcondition of goal statementemissionmixin___field_type_of'vc.
Prover result is: Valid (0.01s, 13334 steps).

File "/home/fabrice/git/pycsl/scratchpad/w7/tmp/.pycsl_gwql3f_j.mlw", line 1266, characters 15-68:
Sub-goal postcondition of goal statementemissionmixin___field_type_of'vc.
Prover result is: Valid (0.01s, 13335 steps).

File "/home/fabrice/git/pycsl/scratchpad/w7/tmp/.pycsl_gwql3f_j.mlw", line 1267, characters 15-66:
Sub-goal postcondition of goal statementemissionmixin___field_type_of'vc.
Prover result is: Valid (0.02s, 13336 steps).

File "/home/fabrice/git/pycsl/scratchpad/w7/tmp/.pycsl_gwql3f_j.mlw", line 1268, characters 15-60:
Sub-goal postcondition of goal statementemissionmixin___field_type_of'vc.
Prover result is: Valid (0.02s, 13337 steps).

File "/home/fabrice/git/pycsl/scratchpad/w7/tmp/.pycsl_gwql3f_j.mlw", line 1269, characters 15-60:
Sub-goal postcondition of goal statementemissionmixin___field_type_of'vc.
Prover result is: Valid (0.01s, 13338 steps).

File "/home/fabrice/git/pycsl/scratchpad/w7/tmp/.pycsl_gwql3f_j.mlw", line 1270, characters 15-50:
Sub-goal postcondition of goal statementemissionmixin___field_type_of'vc.
Prover result is: Valid (0.01s, 13339 steps).

File "/home/fabrice/git/pycsl/scratchpad/w7/tmp/.pycsl_gwql3f_j.mlw", line 1271, characters 15-48:
Sub-goal postcondition of goal statementemissionmixin___field_type_of'vc.
Prover result is: Valid (0.01s, 13340 steps).

File "/home/fabrice/git/pycsl/scratchpad/w7/tmp/.pycsl_gwql3f_j.mlw", line 1272, characters 15-76:
Sub-goal postcondition of goal statementemissionmixin___field_type_of'vc.
Prover result is: Valid (0.01s, 13341 steps).

File "/home/fabrice/git/pycsl/scratchpad/w7/tmp/.pycsl_gwql3f_j.mlw", line 1273, characters 15-62:
Sub-goal postcondition of goal statementemissionmixin___field_type_of'vc.
Prover result is: Valid (0.01s, 13342 steps).

File "/home/fabrice/git/pycsl/scratchpad/w7/tmp/.pycsl_gwql3f_j.mlw", line 1326, characters 24-39:
Sub-goal loop invariant init of goal statementemissionmixin___field_type_of'vc.
Prover result is: Valid (0.01s, 13341 steps).

File "/home/fabrice/git/pycsl/scratchpad/w7/tmp/.pycsl_gwql3f_j.mlw", line 1264, characters 15-19:
Sub-goal postcondition of goal statementemissionmixin___field_type_of'vc.
Prover result is: Valid (0.02s, 13639 steps).

File "/home/fabrice/git/pycsl/scratchpad/w7/tmp/.pycsl_gwql3f_j.mlw", line 1265, characters 15-56:
Sub-goal postcondition of goal statementemissionmixin___field_type_of'vc.
Prover result is: Valid (0.02s, 13640 steps).

File "/home/fabrice/git/pycsl/scratchpad/w7/tmp/.pycsl_gwql3f_j.mlw", line 1266, characters 15-68:
Sub-goal postcondition of goal statementemissionmixin___field_type_of'vc.
Prover result is: Valid (0.01s, 13641 steps).

File "/home/fabrice/git/pycsl/scratchpad/w7/tmp/.pycsl_gwql3f_j.mlw", line 1267, characters 15-66:
Sub-goal postcondition of goal statementemissionmixin___field_type_of'vc.
Prover result is: Valid (0.01s, 13642 steps).

File "/home/fabrice/git/pycsl/scratchpad/w7/tmp/.pycsl_gwql3f_j.mlw", line 1268, characters 15-60:
Sub-goal postcondition of goal statementemissionmixin___field_type_of'vc.
Prover result is: Valid (0.02s, 13643 steps).

File "/home/fabrice/git/pycsl/scratchpad/w7/tmp/.pycsl_gwql3f_j.mlw", line 1269, characters 15-60:
Sub-goal postcondition of goal statementemissionmixin___field_type_of'vc.
Prover result is: Valid (0.01s, 13644 steps).

File "/home/fabrice/git/pycsl/scratchpad/w7/tmp/.pycsl_gwql3f_j.mlw", line 1270, characters 15-50:
Sub-goal postcondition of goal statementemissionmixin___field_type_of'vc.
Prover result is: Valid (0.01s, 13645 steps).

File "/home/fabrice/git/pycsl/scratchpad/w7/tmp/.pycsl_gwql3f_j.mlw", line 1271, characters 15-48:
Sub-goal postcondition of goal statementemissionmixin___field_type_of'vc.
Prover result is: Valid (0.02s, 13646 steps).

File "/home/fabrice/git/pycsl/scratchpad/w7/tmp/.pycsl_gwql3f_j.mlw", line 1272, characters 15-76:
Sub-goal postcondition of goal statementemissionmixin___field_type_of'vc.
Prover result is: Valid (0.01s, 13647 steps).

File "/home/fabrice/git/pycsl/scratchpad/w7/tmp/.pycsl_gwql3f_j.mlw", line 1273, characters 15-62:
Sub-goal postcondition of goal statementemissionmixin___field_type_of'vc.
Prover result is: Valid (0.02s, 13648 steps).

File "/home/fabrice/git/pycsl/scratchpad/w7/tmp/.pycsl_gwql3f_j.mlw", line 1327, characters 22-71:
Sub-goal loop variant decrease of goal statementemissionmixin___field_type_of'vc.
Prover result is: Valid (0.05s, 147854 steps).

File "/home/fabrice/git/pycsl/scratchpad/w7/tmp/.pycsl_gwql3f_j.mlw", line 1326, characters 24-39:
Sub-goal loop invariant preservation of goal statementemissionmixin___field_type_of'vc.
Prover result is: Valid (0.04s, 147678 steps).

File "/home/fabrice/git/pycsl/scratchpad/w7/tmp/.pycsl_gwql3f_j.mlw", line 1264, characters 15-19:
Sub-goal postcondition of goal statementemissionmixin___field_type_of'vc.
Prover result is: Valid (0.01s, 13363 steps).

File "/home/fabrice/git/pycsl/scratchpad/w7/tmp/.pycsl_gwql3f_j.mlw", line 1265, characters 15-56:
Sub-goal postcondition of goal statementemissionmixin___field_type_of'vc.
Prover result is: Valid (0.01s, 13364 steps).

File "/home/fabrice/git/pycsl/scratchpad/w7/tmp/.pycsl_gwql3f_j.mlw", line 1266, characters 15-68:
Sub-goal postcondition of goal statementemissionmixin___field_type_of'vc.
Prover result is: Valid (0.02s, 13365 steps).

File "/home/fabrice/git/pycsl/scratchpad/w7/tmp/.pycsl_gwql3f_j.mlw", line 1267, characters 15-66:
Sub-goal postcondition of goal statementemissionmixin___field_type_of'vc.
Prover result is: Valid (0.01s, 13366 steps).

File "/home/fabrice/git/pycsl/scratchpad/w7/tmp/.pycsl_gwql3f_j.mlw", line 1268, characters 15-60:
Sub-goal postcondition of goal statementemissionmixin___field_type_of'vc.
Prover result is: Valid (0.02s, 13367 steps).

File "/home/fabrice/git/pycsl/scratchpad/w7/tmp/.pycsl_gwql3f_j.mlw", line 1269, characters 15-60:
Sub-goal postcondition of goal statementemissionmixin___field_type_of'vc.
Prover result is: Valid (0.01s, 13368 steps).

File "/home/fabrice/git/pycsl/scratchpad/w7/tmp/.pycsl_gwql3f_j.mlw", line 1270, characters 15-50:
Sub-goal postcondition of goal statementemissionmixin___field_type_of'vc.
Prover result is: Valid (0.01s, 13369 steps).

File "/home/fabrice/git/pycsl/scratchpad/w7/tmp/.pycsl_gwql3f_j.mlw", line 1271, characters 15-48:
Sub-goal postcondition of goal statementemissionmixin___field_type_of'vc.
Prover result is: Valid (0.01s, 13370 steps).

File "/home/fabrice/git/pycsl/scratchpad/w7/tmp/.pycsl_gwql3f_j.mlw", line 1272, characters 15-76:
Sub-goal postcondition of goal statementemissionmixin___field_type_of'vc.
Prover result is: Valid (0.01s, 13371 steps).

File "/home/fabrice/git/pycsl/scratchpad/w7/tmp/.pycsl_gwql3f_j.mlw", line 1273, characters 15-62:
Sub-goal postcondition of goal statementemissionmixin___field_type_of'vc.
Prover result is: Valid (0.01s, 13372 steps).

File "/home/fabrice/git/pycsl/scratchpad/w7/tmp/.pycsl_gwql3f_j.mlw", line 1264, characters 15-19:
Sub-goal postcondition of goal statementemissionmixin___field_type_of'vc.
Prover result is: Valid (0.01s, 7942 steps).

File "/home/fabrice/git/pycsl/scratchpad/w7/tmp/.pycsl_gwql3f_j.mlw", line 1265, characters 15-56:
Sub-goal postcondition of goal statementemissionmixin___field_type_of'vc.
Prover result is: Valid (0.01s, 7943 steps).

File "/home/fabrice/git/pycsl/scratchpad/w7/tmp/.pycsl_gwql3f_j.mlw", line 1266, characters 15-68:
Sub-goal postcondition of goal statementemissionmixin___field_type_of'vc.
Prover result is: Valid (0.01s, 7944 steps).

File "/home/fabrice/git/pycsl/scratchpad/w7/tmp/.pycsl_gwql3f_j.mlw", line 1267, characters 15-66:
Sub-goal postcondition of goal statementemissionmixin___field_type_of'vc.
Prover result is: Valid (0.02s, 7945 steps).

File "/home/fabrice/git/pycsl/scratchpad/w7/tmp/.pycsl_gwql3f_j.mlw", line 1268, characters 15-60:
Sub-goal postcondition of goal statementemissionmixin___field_type_of'vc.
Prover result is: Valid (0.01s, 7946 steps).

File "/home/fabrice/git/pycsl/scratchpad/w7/tmp/.pycsl_gwql3f_j.mlw", line 1269, characters 15-60:
Sub-goal postcondition of goal statementemissionmixin___field_type_of'vc.
Prover result is: Valid (0.01s, 7947 steps).

File "/home/fabrice/git/pycsl/scratchpad/w7/tmp/.pycsl_gwql3f_j.mlw", line 1270, characters 15-50:
Sub-goal postcondition of goal statementemissionmixin___field_type_of'vc.
Prover result is: Valid (0.01s, 7948 steps).

File "/home/fabrice/git/pycsl/scratchpad/w7/tmp/.pycsl_gwql3f_j.mlw", line 1271, characters 15-48:
Sub-goal postcondition of goal statementemissionmixin___field_type_of'vc.
Prover result is: Valid (0.01s, 7949 steps).

File "/home/fabrice/git/pycsl/scratchpad/w7/tmp/.pycsl_gwql3f_j.mlw", line 1272, characters 15-76:
Sub-goal postcondition of goal statementemissionmixin___field_type_of'vc.
Prover result is: Valid (0.01s, 7950 steps).

File "/home/fabrice/git/pycsl/scratchpad/w7/tmp/.pycsl_gwql3f_j.mlw", line 1273, characters 15-62:
Sub-goal postcondition of goal statementemissionmixin___field_type_of'vc.
Prover result is: Valid (0.01s, 7951 steps).

File "/home/fabrice/git/pycsl/scratchpad/w7/tmp/.pycsl_gwql3f_j.mlw", line 1326, characters 24-39:
Sub-goal loop invariant init of goal statementemissionmixin___field_type_of'vc.
Prover result is: Valid (0.01s, 7942 steps).

File "/home/fabrice/git/pycsl/scratchpad/w7/tmp/.pycsl_gwql3f_j.mlw", line 1264, characters 15-19:
Sub-goal postcondition of goal statementemissionmixin___field_type_of'vc.
Prover result is: Valid (0.01s, 8010 steps).

File "/home/fabrice/git/pycsl/scratchpad/w7/tmp/.pycsl_gwql3f_j.mlw", line 1265, characters 15-56:
Sub-goal postcondition of goal statementemissionmixin___field_type_of'vc.
Prover result is: Valid (0.01s, 8011 steps).

File "/home/fabrice/git/pycsl/scratchpad/w7/tmp/.pycsl_gwql3f_j.mlw", line 1266, characters 15-68:
Sub-goal postcondition of goal statementemissionmixin___field_type_of'vc.
Prover result is: Valid (0.01s, 8012 steps).

File "/home/fabrice/git/pycsl/scratchpad/w7/tmp/.pycsl_gwql3f_j.mlw", line 1267, characters 15-66:
Sub-goal postcondition of goal statementemissionmixin___field_type_of'vc.
Prover result is: Valid (0.01s, 8013 steps).

File "/home/fabrice/git/pycsl/scratchpad/w7/tmp/.pycsl_gwql3f_j.mlw", line 1268, characters 15-60:
Sub-goal postcondition of goal statementemissionmixin___field_type_of'vc.
Prover result is: Valid (0.01s, 8014 steps).

File "/home/fabrice/git/pycsl/scratchpad/w7/tmp/.pycsl_gwql3f_j.mlw", line 1269, characters 15-60:
Sub-goal postcondition of goal statementemissionmixin___field_type_of'vc.
Prover result is: Valid (0.01s, 8015 steps).

File "/home/fabrice/git/pycsl/scratchpad/w7/tmp/.pycsl_gwql3f_j.mlw", line 1270, characters 15-50:
Sub-goal postcondition of goal statementemissionmixin___field_type_of'vc.
Prover result is: Valid (0.01s, 8016 steps).

File "/home/fabrice/git/pycsl/scratchpad/w7/tmp/.pycsl_gwql3f_j.mlw", line 1271, characters 15-48:
Sub-goal postcondition of goal statementemissionmixin___field_type_of'vc.
Prover result is: Valid (0.01s, 8017 steps).

File "/home/fabrice/git/pycsl/scratchpad/w7/tmp/.pycsl_gwql3f_j.mlw", line 1272, characters 15-76:
Sub-goal postcondition of goal statementemissionmixin___field_type_of'vc.
Prover result is: Valid (0.01s, 8018 steps).

File "/home/fabrice/git/pycsl/scratchpad/w7/tmp/.pycsl_gwql3f_j.mlw", line 1273, characters 15-62:
Sub-goal postcondition of goal statementemissionmixin___field_type_of'vc.
Prover result is: Valid (0.01s, 8019 steps).

File "/home/fabrice/git/pycsl/scratchpad/w7/tmp/.pycsl_gwql3f_j.mlw", line 1327, characters 22-71:
Sub-goal loop variant decrease of goal statementemissionmixin___field_type_of'vc.
Prover result is: Valid (0.02s, 7978 steps).

File "/home/fabrice/git/pycsl/scratchpad/w7/tmp/.pycsl_gwql3f_j.mlw", line 1326, characters 24-39:
Sub-goal loop invariant preservation of goal statementemissionmixin___field_type_of'vc.
Prover result is: Valid (0.01s, 7978 steps).

File "/home/fabrice/git/pycsl/scratchpad/w7/tmp/.pycsl_gwql3f_j.mlw", line 1264, characters 15-19:
Sub-goal postcondition of goal statementemissionmixin___field_type_of'vc.
Prover result is: Valid (0.01s, 7944 steps).

File "/home/fabrice/git/pycsl/scratchpad/w7/tmp/.pycsl_gwql3f_j.mlw", line 1265, characters 15-56:
Sub-goal postcondition of goal statementemissionmixin___field_type_of'vc.
Prover result is: Valid (0.01s, 7945 steps).

File "/home/fabrice/git/pycsl/scratchpad/w7/tmp/.pycsl_gwql3f_j.mlw", line 1266, characters 15-68:
Sub-goal postcondition of goal statementemissionmixin___field_type_of'vc.
Prover result is: Valid (0.01s, 7946 steps).

File "/home/fabrice/git/pycsl/scratchpad/w7/tmp/.pycsl_gwql3f_j.mlw", line 1267, characters 15-66:
Sub-goal postcondition of goal statementemissionmixin___field_type_of'vc.
Prover result is: Valid (0.01s, 7947 steps).

File "/home/fabrice/git/pycsl/scratchpad/w7/tmp/.pycsl_gwql3f_j.mlw", line 1268, characters 15-60:
Sub-goal postcondition of goal statementemissionmixin___field_type_of'vc.
Prover result is: Valid (0.01s, 7948 steps).

File "/home/fabrice/git/pycsl/scratchpad/w7/tmp/.pycsl_gwql3f_j.mlw", line 1269, characters 15-60:
Sub-goal postcondition of goal statementemissionmixin___field_type_of'vc.
Prover result is: Valid (0.01s, 7949 steps).

File "/home/fabrice/git/pycsl/scratchpad/w7/tmp/.pycsl_gwql3f_j.mlw", line 1270, characters 15-50:
Sub-goal postcondition of goal statementemissionmixin___field_type_of'vc.
Prover result is: Valid (0.01s, 7950 steps).

File "/home/fabrice/git/pycsl/scratchpad/w7/tmp/.pycsl_gwql3f_j.mlw", line 1271, characters 15-48:
Sub-goal postcondition of goal statementemissionmixin___field_type_of'vc.
Prover result is: Valid (0.01s, 7951 steps).

File "/home/fabrice/git/pycsl/scratchpad/w7/tmp/.pycsl_gwql3f_j.mlw", line 1272, characters 15-76:
Sub-goal postcondition of goal statementemissionmixin___field_type_of'vc.
Prover result is: Valid (0.01s, 7952 steps).

File "/home/fabrice/git/pycsl/scratchpad/w7/tmp/.pycsl_gwql3f_j.mlw", line 1273, characters 15-62:
Sub-goal postcondition of goal statementemissionmixin___field_type_of'vc.
Prover result is: Valid (0.01s, 7953 steps).

File "/home/fabrice/git/pycsl/scratchpad/w7/tmp/.pycsl_gwql3f_j.mlw", line 1264, characters 15-19:
Sub-goal postcondition of goal statementemissionmixin___field_type_of'vc.
Prover result is: Valid (0.01s, 12065 steps).

File "/home/fabrice/git/pycsl/scratchpad/w7/tmp/.pycsl_gwql3f_j.mlw", line 1265, characters 15-56:
Sub-goal postcondition of goal statementemissionmixin___field_type_of'vc.
Prover result is: Valid (0.01s, 12066 steps).

File "/home/fabrice/git/pycsl/scratchpad/w7/tmp/.pycsl_gwql3f_j.mlw", line 1266, characters 15-68:
Sub-goal postcondition of goal statementemissionmixin___field_type_of'vc.
Prover result is: Valid (0.02s, 12067 steps).

File "/home/fabrice/git/pycsl/scratchpad/w7/tmp/.pycsl_gwql3f_j.mlw", line 1267, characters 15-66:
Sub-goal postcondition of goal statementemissionmixin___field_type_of'vc.
Prover result is: Valid (0.02s, 12068 steps).

File "/home/fabrice/git/pycsl/scratchpad/w7/tmp/.pycsl_gwql3f_j.mlw", line 1268, characters 15-60:
Sub-goal postcondition of goal statementemissionmixin___field_type_of'vc.
Prover result is: Valid (0.02s, 12069 steps).

File "/home/fabrice/git/pycsl/scratchpad/w7/tmp/.pycsl_gwql3f_j.mlw", line 1269, characters 15-60:
Sub-goal postcondition of goal statementemissionmixin___field_type_of'vc.
Prover result is: Valid (0.01s, 12070 steps).

File "/home/fabrice/git/pycsl/scratchpad/w7/tmp/.pycsl_gwql3f_j.mlw", line 1270, characters 15-50:
Sub-goal postcondition of goal statementemissionmixin___field_type_of'vc.
Prover result is: Valid (0.01s, 12071 steps).

File "/home/fabrice/git/pycsl/scratchpad/w7/tmp/.pycsl_gwql3f_j.mlw", line 1271, characters 15-48:
Sub-goal postcondition of goal statementemissionmixin___field_type_of'vc.
Prover result is: Valid (0.02s, 12072 steps).

File "/home/fabrice/git/pycsl/scratchpad/w7/tmp/.pycsl_gwql3f_j.mlw", line 1272, characters 15-76:
Sub-goal postcondition of goal statementemissionmixin___field_type_of'vc.
Prover result is: Valid (0.01s, 12073 steps).

File "/home/fabrice/git/pycsl/scratchpad/w7/tmp/.pycsl_gwql3f_j.mlw", line 1273, characters 15-62:
Sub-goal postcondition of goal statementemissionmixin___field_type_of'vc.
Prover result is: Valid (0.01s, 12074 steps).

File "/home/fabrice/git/pycsl/scratchpad/w7/tmp/.pycsl_gwql3f_j.mlw", line 1264, characters 15-19:
Sub-goal postcondition of goal statementemissionmixin___field_type_of'vc.
Prover result is: Valid (0.01s, 13048 steps).

File "/home/fabrice/git/pycsl/scratchpad/w7/tmp/.pycsl_gwql3f_j.mlw", line 1265, characters 15-56:
Sub-goal postcondition of goal statementemissionmixin___field_type_of'vc.
Prover result is: Valid (0.01s, 13049 steps).

File "/home/fabrice/git/pycsl/scratchpad/w7/tmp/.pycsl_gwql3f_j.mlw", line 1266, characters 15-68:
Sub-goal postcondition of goal statementemissionmixin___field_type_of'vc.
Prover result is: Valid (0.01s, 13050 steps).

File "/home/fabrice/git/pycsl/scratchpad/w7/tmp/.pycsl_gwql3f_j.mlw", line 1267, characters 15-66:
Sub-goal postcondition of goal statementemissionmixin___field_type_of'vc.
Prover result is: Valid (0.01s, 13051 steps).

File "/home/fabrice/git/pycsl/scratchpad/w7/tmp/.pycsl_gwql3f_j.mlw", line 1268, characters 15-60:
Sub-goal postcondition of goal statementemissionmixin___field_type_of'vc.
Prover result is: Valid (0.01s, 13052 steps).

File "/home/fabrice/git/pycsl/scratchpad/w7/tmp/.pycsl_gwql3f_j.mlw", line 1269, characters 15-60:
Sub-goal postcondition of goal statementemissionmixin___field_type_of'vc.
Prover result is: Valid (0.02s, 13053 steps).

File "/home/fabrice/git/pycsl/scratchpad/w7/tmp/.pycsl_gwql3f_j.mlw", line 1270, characters 15-50:
Sub-goal postcondition of goal statementemissionmixin___field_type_of'vc.
Prover result is: Valid (0.01s, 13054 steps).

File "/home/fabrice/git/pycsl/scratchpad/w7/tmp/.pycsl_gwql3f_j.mlw", line 1271, characters 15-48:
Sub-goal postcondition of goal statementemissionmixin___field_type_of'vc.
Prover result is: Valid (0.02s, 13055 steps).

File "/home/fabrice/git/pycsl/scratchpad/w7/tmp/.pycsl_gwql3f_j.mlw", line 1272, characters 15-76:
Sub-goal postcondition of goal statementemissionmixin___field_type_of'vc.
Prover result is: Valid (0.01s, 13056 steps).

File "/home/fabrice/git/pycsl/scratchpad/w7/tmp/.pycsl_gwql3f_j.mlw", line 1273, characters 15-62:
Sub-goal postcondition of goal statementemissionmixin___field_type_of'vc.
Prover result is: Valid (0.01s, 13057 steps).

File "/home/fabrice/git/pycsl/scratchpad/w7/tmp/.pycsl_gwql3f_j.mlw", line 1326, characters 24-39:
Sub-goal loop invariant init of goal statementemissionmixin___field_type_of'vc.
Prover result is: Valid (0.01s, 13056 steps).

File "/home/fabrice/git/pycsl/scratchpad/w7/tmp/.pycsl_gwql3f_j.mlw", line 1264, characters 15-19:
Sub-goal postcondition of goal statementemissionmixin___field_type_of'vc.
Prover result is: Valid (0.01s, 13360 steps).

File "/home/fabrice/git/pycsl/scratchpad/w7/tmp/.pycsl_gwql3f_j.mlw", line 1265, characters 15-56:
Sub-goal postcondition of goal statementemissionmixin___field_type_of'vc.
Prover result is: Valid (0.02s, 13361 steps).

File "/home/fabrice/git/pycsl/scratchpad/w7/tmp/.pycsl_gwql3f_j.mlw", line 1266, characters 15-68:
Sub-goal postcondition of goal statementemissionmixin___field_type_of'vc.
Prover result is: Valid (0.01s, 13362 steps).

File "/home/fabrice/git/pycsl/scratchpad/w7/tmp/.pycsl_gwql3f_j.mlw", line 1267, characters 15-66:
Sub-goal postcondition of goal statementemissionmixin___field_type_of'vc.
Prover result is: Valid (0.01s, 13363 steps).

File "/home/fabrice/git/pycsl/scratchpad/w7/tmp/.pycsl_gwql3f_j.mlw", line 1268, characters 15-60:
Sub-goal postcondition of goal statementemissionmixin___field_type_of'vc.
Prover result is: Valid (0.01s, 13364 steps).

File "/home/fabrice/git/pycsl/scratchpad/w7/tmp/.pycsl_gwql3f_j.mlw", line 1269, characters 15-60:
Sub-goal postcondition of goal statementemissionmixin___field_type_of'vc.
Prover result is: Valid (0.01s, 13365 steps).

File "/home/fabrice/git/pycsl/scratchpad/w7/tmp/.pycsl_gwql3f_j.mlw", line 1270, characters 15-50:
Sub-goal postcondition of goal statementemissionmixin___field_type_of'vc.
Prover result is: Valid (0.01s, 13366 steps).

File "/home/fabrice/git/pycsl/scratchpad/w7/tmp/.pycsl_gwql3f_j.mlw", line 1271, characters 15-48:
Sub-goal postcondition of goal statementemissionmixin___field_type_of'vc.
Prover result is: Valid (0.01s, 13367 steps).

File "/home/fabrice/git/pycsl/scratchpad/w7/tmp/.pycsl_gwql3f_j.mlw", line 1272, characters 15-76:
Sub-goal postcondition of goal statementemissionmixin___field_type_of'vc.
Prover result is: Valid (0.01s, 13368 steps).

File "/home/fabrice/git/pycsl/scratchpad/w7/tmp/.pycsl_gwql3f_j.mlw", line 1273, characters 15-62:
Sub-goal postcondition of goal statementemissionmixin___field_type_of'vc.
Prover result is: Valid (0.01s, 13369 steps).

File "/home/fabrice/git/pycsl/scratchpad/w7/tmp/.pycsl_gwql3f_j.mlw", line 1327, characters 22-71:
Sub-goal loop variant decrease of goal statementemissionmixin___field_type_of'vc.
Prover result is: Valid (0.03s, 139059 steps).

File "/home/fabrice/git/pycsl/scratchpad/w7/tmp/.pycsl_gwql3f_j.mlw", line 1326, characters 24-39:
Sub-goal loop invariant preservation of goal statementemissionmixin___field_type_of'vc.
Prover result is: Valid (0.05s, 138881 steps).

File "/home/fabrice/git/pycsl/scratchpad/w7/tmp/.pycsl_gwql3f_j.mlw", line 1264, characters 15-19:
Sub-goal postcondition of goal statementemissionmixin___field_type_of'vc.
Prover result is: Valid (0.01s, 13082 steps).

File "/home/fabrice/git/pycsl/scratchpad/w7/tmp/.pycsl_gwql3f_j.mlw", line 1265, characters 15-56:
Sub-goal postcondition of goal statementemissionmixin___field_type_of'vc.
Prover result is: Valid (0.01s, 13083 steps).

File "/home/fabrice/git/pycsl/scratchpad/w7/tmp/.pycsl_gwql3f_j.mlw", line 1266, characters 15-68:
Sub-goal postcondition of goal statementemissionmixin___field_type_of'vc.
Prover result is: Valid (0.01s, 13084 steps).

File "/home/fabrice/git/pycsl/scratchpad/w7/tmp/.pycsl_gwql3f_j.mlw", line 1267, characters 15-66:
Sub-goal postcondition of goal statementemissionmixin___field_type_of'vc.
Prover result is: Valid (0.01s, 13085 steps).

File "/home/fabrice/git/pycsl/scratchpad/w7/tmp/.pycsl_gwql3f_j.mlw", line 1268, characters 15-60:
Sub-goal postcondition of goal statementemissionmixin___field_type_of'vc.
Prover result is: Valid (0.01s, 13086 steps).

File "/home/fabrice/git/pycsl/scratchpad/w7/tmp/.pycsl_gwql3f_j.mlw", line 1269, characters 15-60:
Sub-goal postcondition of goal statementemissionmixin___field_type_of'vc.
Prover result is: Valid (0.01s, 13087 steps).

File "/home/fabrice/git/pycsl/scratchpad/w7/tmp/.pycsl_gwql3f_j.mlw", line 1270, characters 15-50:
Sub-goal postcondition of goal statementemissionmixin___field_type_of'vc.
Prover result is: Valid (0.01s, 13088 steps).

File "/home/fabrice/git/pycsl/scratchpad/w7/tmp/.pycsl_gwql3f_j.mlw", line 1271, characters 15-48:
Sub-goal postcondition of goal statementemissionmixin___field_type_of'vc.
Prover result is: Valid (0.01s, 13089 steps).

File "/home/fabrice/git/pycsl/scratchpad/w7/tmp/.pycsl_gwql3f_j.mlw", line 1272, characters 15-76:
Sub-goal postcondition of goal statementemissionmixin___field_type_of'vc.
Prover result is: Valid (0.01s, 13090 steps).

File "/home/fabrice/git/pycsl/scratchpad/w7/tmp/.pycsl_gwql3f_j.mlw", line 1273, characters 15-62:
Sub-goal postcondition of goal statementemissionmixin___field_type_of'vc.
Prover result is: Valid (0.01s, 13091 steps).

File "/home/fabrice/git/pycsl/scratchpad/w7/tmp/.pycsl_gwql3f_j.mlw", line 1264, characters 15-19:
Sub-goal postcondition of goal statementemissionmixin___field_type_of'vc.
Prover result is: Valid (0.01s, 13278 steps).

File "/home/fabrice/git/pycsl/scratchpad/w7/tmp/.pycsl_gwql3f_j.mlw", line 1265, characters 15-56:
Sub-goal postcondition of goal statementemissionmixin___field_type_of'vc.
Prover result is: Valid (0.01s, 13279 steps).

File "/home/fabrice/git/pycsl/scratchpad/w7/tmp/.pycsl_gwql3f_j.mlw", line 1266, characters 15-68:
Sub-goal postcondition of goal statementemissionmixin___field_type_of'vc.
Prover result is: Valid (0.01s, 13280 steps).

File "/home/fabrice/git/pycsl/scratchpad/w7/tmp/.pycsl_gwql3f_j.mlw", line 1267, characters 15-66:
Sub-goal postcondition of goal statementemissionmixin___field_type_of'vc.
Prover result is: Valid (0.01s, 13281 steps).

File "/home/fabrice/git/pycsl/scratchpad/w7/tmp/.pycsl_gwql3f_j.mlw", line 1268, characters 15-60:
Sub-goal postcondition of goal statementemissionmixin___field_type_of'vc.
Prover result is: Valid (0.01s, 13282 steps).

File "/home/fabrice/git/pycsl/scratchpad/w7/tmp/.pycsl_gwql3f_j.mlw", line 1269, characters 15-60:
Sub-goal postcondition of goal statementemissionmixin___field_type_of'vc.
Prover result is: Valid (0.01s, 13283 steps).

File "/home/fabrice/git/pycsl/scratchpad/w7/tmp/.pycsl_gwql3f_j.mlw", line 1270, characters 15-50:
Sub-goal postcondition of goal statementemissionmixin___field_type_of'vc.
Prover result is: Valid (0.01s, 13284 steps).

File "/home/fabrice/git/pycsl/scratchpad/w7/tmp/.pycsl_gwql3f_j.mlw", line 1271, characters 15-48:
Sub-goal postcondition of goal statementemissionmixin___field_type_of'vc.
Prover result is: Valid (0.01s, 13285 steps).

File "/home/fabrice/git/pycsl/scratchpad/w7/tmp/.pycsl_gwql3f_j.mlw", line 1272, characters 15-76:
Sub-goal postcondition of goal statementemissionmixin___field_type_of'vc.
Prover result is: Valid (0.01s, 13286 steps).

File "/home/fabrice/git/pycsl/scratchpad/w7/tmp/.pycsl_gwql3f_j.mlw", line 1273, characters 15-62:
Sub-goal postcondition of goal statementemissionmixin___field_type_of'vc.
Prover result is: Valid (0.01s, 13287 steps).

File "/home/fabrice/git/pycsl/scratchpad/w7/tmp/.pycsl_gwql3f_j.mlw", line 1326, characters 24-39:
Sub-goal loop invariant init of goal statementemissionmixin___field_type_of'vc.
Prover result is: Valid (0.01s, 13284 steps).

File "/home/fabrice/git/pycsl/scratchpad/w7/tmp/.pycsl_gwql3f_j.mlw", line 1264, characters 15-19:
Sub-goal postcondition of goal statementemissionmixin___field_type_of'vc.
Prover result is: Valid (0.01s, 13580 steps).

File "/home/fabrice/git/pycsl/scratchpad/w7/tmp/.pycsl_gwql3f_j.mlw", line 1265, characters 15-56:
Sub-goal postcondition of goal statementemissionmixin___field_type_of'vc.
Prover result is: Valid (0.01s, 13581 steps).

File "/home/fabrice/git/pycsl/scratchpad/w7/tmp/.pycsl_gwql3f_j.mlw", line 1266, characters 15-68:
Sub-goal postcondition of goal statementemissionmixin___field_type_of'vc.
Prover result is: Valid (0.01s, 13582 steps).

File "/home/fabrice/git/pycsl/scratchpad/w7/tmp/.pycsl_gwql3f_j.mlw", line 1267, characters 15-66:
Sub-goal postcondition of goal statementemissionmixin___field_type_of'vc.
Prover result is: Valid (0.02s, 13583 steps).

File "/home/fabrice/git/pycsl/scratchpad/w7/tmp/.pycsl_gwql3f_j.mlw", line 1268, characters 15-60:
Sub-goal postcondition of goal statementemissionmixin___field_type_of'vc.
Prover result is: Valid (0.01s, 13584 steps).

File "/home/fabrice/git/pycsl/scratchpad/w7/tmp/.pycsl_gwql3f_j.mlw", line 1269, characters 15-60:
Sub-goal postcondition of goal statementemissionmixin___field_type_of'vc.
Prover result is: Valid (0.01s, 13585 steps).

File "/home/fabrice/git/pycsl/scratchpad/w7/tmp/.pycsl_gwql3f_j.mlw", line 1270, characters 15-50:
Sub-goal postcondition of goal statementemissionmixin___field_type_of'vc.
Prover result is: Valid (0.01s, 13586 steps).

File "/home/fabrice/git/pycsl/scratchpad/w7/tmp/.pycsl_gwql3f_j.mlw", line 1271, characters 15-48:
Sub-goal postcondition of goal statementemissionmixin___field_type_of'vc.
Prover result is: Valid (0.01s, 13587 steps).

File "/home/fabrice/git/pycsl/scratchpad/w7/tmp/.pycsl_gwql3f_j.mlw", line 1272, characters 15-76:
Sub-goal postcondition of goal statementemissionmixin___field_type_of'vc.
Prover result is: Valid (0.01s, 13588 steps).

File "/home/fabrice/git/pycsl/scratchpad/w7/tmp/.pycsl_gwql3f_j.mlw", line 1273, characters 15-62:
Sub-goal postcondition of goal statementemissionmixin___field_type_of'vc.
Prover result is: Valid (0.01s, 13589 steps).

File "/home/fabrice/git/pycsl/scratchpad/w7/tmp/.pycsl_gwql3f_j.mlw", line 1327, characters 22-71:
Sub-goal loop variant decrease of goal statementemissionmixin___field_type_of'vc.
Prover result is: Valid (0.03s, 152126 steps).

File "/home/fabrice/git/pycsl/scratchpad/w7/tmp/.pycsl_gwql3f_j.mlw", line 1326, characters 24-39:
Sub-goal loop invariant preservation of goal statementemissionmixin___field_type_of'vc.
Prover result is: Valid (0.03s, 151926 steps).

File "/home/fabrice/git/pycsl/scratchpad/w7/tmp/.pycsl_gwql3f_j.mlw", line 1264, characters 15-19:
Sub-goal postcondition of goal statementemissionmixin___field_type_of'vc.
Prover result is: Valid (0.01s, 13306 steps).

File "/home/fabrice/git/pycsl/scratchpad/w7/tmp/.pycsl_gwql3f_j.mlw", line 1265, characters 15-56:
Sub-goal postcondition of goal statementemissionmixin___field_type_of'vc.
Prover result is: Valid (0.01s, 13307 steps).

File "/home/fabrice/git/pycsl/scratchpad/w7/tmp/.pycsl_gwql3f_j.mlw", line 1266, characters 15-68:
Sub-goal postcondition of goal statementemissionmixin___field_type_of'vc.
Prover result is: Valid (0.01s, 13308 steps).

File "/home/fabrice/git/pycsl/scratchpad/w7/tmp/.pycsl_gwql3f_j.mlw", line 1267, characters 15-66:
Sub-goal postcondition of goal statementemissionmixin___field_type_of'vc.
Prover result is: Valid (0.01s, 13309 steps).

File "/home/fabrice/git/pycsl/scratchpad/w7/tmp/.pycsl_gwql3f_j.mlw", line 1268, characters 15-60:
Sub-goal postcondition of goal statementemissionmixin___field_type_of'vc.
Prover result is: Valid (0.01s, 13310 steps).

File "/home/fabrice/git/pycsl/scratchpad/w7/tmp/.pycsl_gwql3f_j.mlw", line 1269, characters 15-60:
Sub-goal postcondition of goal statementemissionmixin___field_type_of'vc.
Prover result is: Valid (0.01s, 13311 steps).

File "/home/fabrice/git/pycsl/scratchpad/w7/tmp/.pycsl_gwql3f_j.mlw", line 1270, characters 15-50:
Sub-goal postcondition of goal statementemissionmixin___field_type_of'vc.
Prover result is: Valid (0.01s, 13312 steps).

File "/home/fabrice/git/pycsl/scratchpad/w7/tmp/.pycsl_gwql3f_j.mlw", line 1271, characters 15-48:
Sub-goal postcondition of goal statementemissionmixin___field_type_of'vc.
Prover result is: Valid (0.01s, 13313 steps).

File "/home/fabrice/git/pycsl/scratchpad/w7/tmp/.pycsl_gwql3f_j.mlw", line 1272, characters 15-76:
Sub-goal postcondition of goal statementemissionmixin___field_type_of'vc.
Prover result is: Valid (0.01s, 13314 steps).

File "/home/fabrice/git/pycsl/scratchpad/w7/tmp/.pycsl_gwql3f_j.mlw", line 1273, characters 15-62:
Sub-goal postcondition of goal statementemissionmixin___field_type_of'vc.
Prover result is: Valid (0.01s, 13315 steps).

File "/home/fabrice/git/pycsl/scratchpad/w7/tmp/.pycsl_gwql3f_j.mlw", line 1264, characters 15-19:
Sub-goal postcondition of goal statementemissionmixin___field_type_of'vc.
Prover result is: Valid (0.01s, 13364 steps).

File "/home/fabrice/git/pycsl/scratchpad/w7/tmp/.pycsl_gwql3f_j.mlw", line 1265, characters 15-56:
Sub-goal postcondition of goal statementemissionmixin___field_type_of'vc.
Prover result is: Valid (0.02s, 13365 steps).

File "/home/fabrice/git/pycsl/scratchpad/w7/tmp/.pycsl_gwql3f_j.mlw", line 1266, characters 15-68:
Sub-goal postcondition of goal statementemissionmixin___field_type_of'vc.
Prover result is: Valid (0.02s, 13366 steps).

File "/home/fabrice/git/pycsl/scratchpad/w7/tmp/.pycsl_gwql3f_j.mlw", line 1267, characters 15-66:
Sub-goal postcondition of goal statementemissionmixin___field_type_of'vc.
Prover result is: Valid (0.01s, 13367 steps).

File "/home/fabrice/git/pycsl/scratchpad/w7/tmp/.pycsl_gwql3f_j.mlw", line 1268, characters 15-60:
Sub-goal postcondition of goal statementemissionmixin___field_type_of'vc.
Prover result is: Valid (0.01s, 13368 steps).

File "/home/fabrice/git/pycsl/scratchpad/w7/tmp/.pycsl_gwql3f_j.mlw", line 1269, characters 15-60:
Sub-goal postcondition of goal statementemissionmixin___field_type_of'vc.
Prover result is: Valid (0.01s, 13369 steps).

File "/home/fabrice/git/pycsl/scratchpad/w7/tmp/.pycsl_gwql3f_j.mlw", line 1270, characters 15-50:
Sub-goal postcondition of goal statementemissionmixin___field_type_of'vc.
Prover result is: Valid (0.01s, 13370 steps).

File "/home/fabrice/git/pycsl/scratchpad/w7/tmp/.pycsl_gwql3f_j.mlw", line 1271, characters 15-48:
Sub-goal postcondition of goal statementemissionmixin___field_type_of'vc.
Prover result is: Valid (0.01s, 13371 steps).

File "/home/fabrice/git/pycsl/scratchpad/w7/tmp/.pycsl_gwql3f_j.mlw", line 1272, characters 15-76:
Sub-goal postcondition of goal statementemissionmixin___field_type_of'vc.
Prover result is: Valid (0.01s, 13372 steps).

File "/home/fabrice/git/pycsl/scratchpad/w7/tmp/.pycsl_gwql3f_j.mlw", line 1273, characters 15-62:
Sub-goal postcondition of goal statementemissionmixin___field_type_of'vc.
Prover result is: Valid (0.01s, 13373 steps).

File "/home/fabrice/git/pycsl/scratchpad/w7/tmp/.pycsl_gwql3f_j.mlw", line 1326, characters 24-39:
Sub-goal loop invariant init of goal statementemissionmixin___field_type_of'vc.
Prover result is: Valid (0.00s, 13370 steps).

File "/home/fabrice/git/pycsl/scratchpad/w7/tmp/.pycsl_gwql3f_j.mlw", line 1264, characters 15-19:
Sub-goal postcondition of goal statementemissionmixin___field_type_of'vc.
Prover result is: Valid (0.01s, 13666 steps).

File "/home/fabrice/git/pycsl/scratchpad/w7/tmp/.pycsl_gwql3f_j.mlw", line 1265, characters 15-56:
Sub-goal postcondition of goal statementemissionmixin___field_type_of'vc.
Prover result is: Valid (0.02s, 13667 steps).

File "/home/fabrice/git/pycsl/scratchpad/w7/tmp/.pycsl_gwql3f_j.mlw", line 1266, characters 15-68:
Sub-goal postcondition of goal statementemissionmixin___field_type_of'vc.
Prover result is: Valid (0.01s, 13668 steps).

File "/home/fabrice/git/pycsl/scratchpad/w7/tmp/.pycsl_gwql3f_j.mlw", line 1267, characters 15-66:
Sub-goal postcondition of goal statementemissionmixin___field_type_of'vc.
Prover result is: Valid (0.02s, 13669 steps).

File "/home/fabrice/git/pycsl/scratchpad/w7/tmp/.pycsl_gwql3f_j.mlw", line 1268, characters 15-60:
Sub-goal postcondition of goal statementemissionmixin___field_type_of'vc.
Prover result is: Valid (0.01s, 13670 steps).

File "/home/fabrice/git/pycsl/scratchpad/w7/tmp/.pycsl_gwql3f_j.mlw", line 1269, characters 15-60:
Sub-goal postcondition of goal statementemissionmixin___field_type_of'vc.
Prover result is: Valid (0.01s, 13671 steps).

File "/home/fabrice/git/pycsl/scratchpad/w7/tmp/.pycsl_gwql3f_j.mlw", line 1270, characters 15-50:
Sub-goal postcondition of goal statementemissionmixin___field_type_of'vc.
Prover result is: Valid (0.01s, 13672 steps).

File "/home/fabrice/git/pycsl/scratchpad/w7/tmp/.pycsl_gwql3f_j.mlw", line 1271, characters 15-48:
Sub-goal postcondition of goal statementemissionmixin___field_type_of'vc.
Prover result is: Valid (0.01s, 13673 steps).

File "/home/fabrice/git/pycsl/scratchpad/w7/tmp/.pycsl_gwql3f_j.mlw", line 1272, characters 15-76:
Sub-goal postcondition of goal statementemissionmixin___field_type_of'vc.
Prover result is: Valid (0.01s, 13674 steps).

File "/home/fabrice/git/pycsl/scratchpad/w7/tmp/.pycsl_gwql3f_j.mlw", line 1273, characters 15-62:
Sub-goal postcondition of goal statementemissionmixin___field_type_of'vc.
Prover result is: Valid (0.01s, 13675 steps).

File "/home/fabrice/git/pycsl/scratchpad/w7/tmp/.pycsl_gwql3f_j.mlw", line 1327, characters 22-71:
Sub-goal loop variant decrease of goal statementemissionmixin___field_type_of'vc.
Prover result is: Valid (0.04s, 152962 steps).

File "/home/fabrice/git/pycsl/scratchpad/w7/tmp/.pycsl_gwql3f_j.mlw", line 1326, characters 24-39:
Sub-goal loop invariant preservation of goal statementemissionmixin___field_type_of'vc.
Prover result is: Valid (0.05s, 152762 steps).

File "/home/fabrice/git/pycsl/scratchpad/w7/tmp/.pycsl_gwql3f_j.mlw", line 1264, characters 15-19:
Sub-goal postcondition of goal statementemissionmixin___field_type_of'vc.
Prover result is: Valid (0.01s, 13392 steps).

File "/home/fabrice/git/pycsl/scratchpad/w7/tmp/.pycsl_gwql3f_j.mlw", line 1265, characters 15-56:
Sub-goal postcondition of goal statementemissionmixin___field_type_of'vc.
Prover result is: Valid (0.02s, 13393 steps).

File "/home/fabrice/git/pycsl/scratchpad/w7/tmp/.pycsl_gwql3f_j.mlw", line 1266, characters 15-68:
Sub-goal postcondition of goal statementemissionmixin___field_type_of'vc.
Prover result is: Valid (0.01s, 13394 steps).

File "/home/fabrice/git/pycsl/scratchpad/w7/tmp/.pycsl_gwql3f_j.mlw", line 1267, characters 15-66:
Sub-goal postcondition of goal statementemissionmixin___field_type_of'vc.
Prover result is: Valid (0.01s, 13395 steps).

File "/home/fabrice/git/pycsl/scratchpad/w7/tmp/.pycsl_gwql3f_j.mlw", line 1268, characters 15-60:
Sub-goal postcondition of goal statementemissionmixin___field_type_of'vc.
Prover result is: Valid (0.02s, 13396 steps).

File "/home/fabrice/git/pycsl/scratchpad/w7/tmp/.pycsl_gwql3f_j.mlw", line 1269, characters 15-60:
Sub-goal postcondition of goal statementemissionmixin___field_type_of'vc.
Prover result is: Valid (0.01s, 13397 steps).

File "/home/fabrice/git/pycsl/scratchpad/w7/tmp/.pycsl_gwql3f_j.mlw", line 1270, characters 15-50:
Sub-goal postcondition of goal statementemissionmixin___field_type_of'vc.
Prover result is: Valid (0.01s, 13398 steps).

File "/home/fabrice/git/pycsl/scratchpad/w7/tmp/.pycsl_gwql3f_j.mlw", line 1271, characters 15-48:
Sub-goal postcondition of goal statementemissionmixin___field_type_of'vc.
Prover result is: Valid (0.01s, 13399 steps).

File "/home/fabrice/git/pycsl/scratchpad/w7/tmp/.pycsl_gwql3f_j.mlw", line 1272, characters 15-76:
Sub-goal postcondition of goal statementemissionmixin___field_type_of'vc.
Prover result is: Valid (0.01s, 13400 steps).

File "/home/fabrice/git/pycsl/scratchpad/w7/tmp/.pycsl_gwql3f_j.mlw", line 1273, characters 15-62:
Sub-goal postcondition of goal statementemissionmixin___field_type_of'vc.
Prover result is: Valid (0.01s, 13401 steps).

File "/home/fabrice/git/pycsl/scratchpad/w7/tmp/.pycsl_gwql3f_j.mlw", line 1264, characters 15-19:
Sub-goal postcondition of goal statementemissionmixin___field_type_of'vc.
Prover result is: Valid (0.01s, 13259 steps).

File "/home/fabrice/git/pycsl/scratchpad/w7/tmp/.pycsl_gwql3f_j.mlw", line 1265, characters 15-56:
Sub-goal postcondition of goal statementemissionmixin___field_type_of'vc.
Prover result is: Valid (0.02s, 13260 steps).

File "/home/fabrice/git/pycsl/scratchpad/w7/tmp/.pycsl_gwql3f_j.mlw", line 1266, characters 15-68:
Sub-goal postcondition of goal statementemissionmixin___field_type_of'vc.
Prover result is: Valid (0.01s, 13261 steps).

File "/home/fabrice/git/pycsl/scratchpad/w7/tmp/.pycsl_gwql3f_j.mlw", line 1267, characters 15-66:
Sub-goal postcondition of goal statementemissionmixin___field_type_of'vc.
Prover result is: Valid (0.02s, 13262 steps).

File "/home/fabrice/git/pycsl/scratchpad/w7/tmp/.pycsl_gwql3f_j.mlw", line 1268, characters 15-60:
Sub-goal postcondition of goal statementemissionmixin___field_type_of'vc.
Prover result is: Valid (0.01s, 13263 steps).

File "/home/fabrice/git/pycsl/scratchpad/w7/tmp/.pycsl_gwql3f_j.mlw", line 1269, characters 15-60:
Sub-goal postcondition of goal statementemissionmixin___field_type_of'vc.
Prover result is: Valid (0.01s, 13264 steps).

File "/home/fabrice/git/pycsl/scratchpad/w7/tmp/.pycsl_gwql3f_j.mlw", line 1270, characters 15-50:
Sub-goal postcondition of goal statementemissionmixin___field_type_of'vc.
Prover result is: Valid (0.02s, 13265 steps).

File "/home/fabrice/git/pycsl/scratchpad/w7/tmp/.pycsl_gwql3f_j.mlw", line 1271, characters 15-48:
Sub-goal postcondition of goal statementemissionmixin___field_type_of'vc.
Prover result is: Valid (0.01s, 13266 steps).

File "/home/fabrice/git/pycsl/scratchpad/w7/tmp/.pycsl_gwql3f_j.mlw", line 1272, characters 15-76:
Sub-goal postcondition of goal statementemissionmixin___field_type_of'vc.
Prover result is: Valid (0.02s, 13267 steps).

File "/home/fabrice/git/pycsl/scratchpad/w7/tmp/.pycsl_gwql3f_j.mlw", line 1273, characters 15-62:
Sub-goal postcondition of goal statementemissionmixin___field_type_of'vc.
Prover result is: Valid (0.01s, 13268 steps).

File "/home/fabrice/git/pycsl/scratchpad/w7/tmp/.pycsl_gwql3f_j.mlw", line 1326, characters 24-39:
Sub-goal loop invariant init of goal statementemissionmixin___field_type_of'vc.
Prover result is: Valid (0.01s, 13267 steps).

File "/home/fabrice/git/pycsl/scratchpad/w7/tmp/.pycsl_gwql3f_j.mlw", line 1264, characters 15-19:
Sub-goal postcondition of goal statementemissionmixin___field_type_of'vc.
Prover result is: Valid (0.01s, 13565 steps).

File "/home/fabrice/git/pycsl/scratchpad/w7/tmp/.pycsl_gwql3f_j.mlw", line 1265, characters 15-56:
Sub-goal postcondition of goal statementemissionmixin___field_type_of'vc.
Prover result is: Valid (0.02s, 13566 steps).

File "/home/fabrice/git/pycsl/scratchpad/w7/tmp/.pycsl_gwql3f_j.mlw", line 1266, characters 15-68:
Sub-goal postcondition of goal statementemissionmixin___field_type_of'vc.
Prover result is: Valid (0.01s, 13567 steps).

File "/home/fabrice/git/pycsl/scratchpad/w7/tmp/.pycsl_gwql3f_j.mlw", line 1267, characters 15-66:
Sub-goal postcondition of goal statementemissionmixin___field_type_of'vc.
Prover result is: Valid (0.01s, 13568 steps).

File "/home/fabrice/git/pycsl/scratchpad/w7/tmp/.pycsl_gwql3f_j.mlw", line 1268, characters 15-60:
Sub-goal postcondition of goal statementemissionmixin___field_type_of'vc.
Prover result is: Valid (0.01s, 13569 steps).

File "/home/fabrice/git/pycsl/scratchpad/w7/tmp/.pycsl_gwql3f_j.mlw", line 1269, characters 15-60:
Sub-goal postcondition of goal statementemissionmixin___field_type_of'vc.
Prover result is: Valid (0.01s, 13570 steps).

File "/home/fabrice/git/pycsl/scratchpad/w7/tmp/.pycsl_gwql3f_j.mlw", line 1270, characters 15-50:
Sub-goal postcondition of goal statementemissionmixin___field_type_of'vc.
Prover result is: Valid (0.01s, 13571 steps).

File "/home/fabrice/git/pycsl/scratchpad/w7/tmp/.pycsl_gwql3f_j.mlw", line 1271, characters 15-48:
Sub-goal postcondition of goal statementemissionmixin___field_type_of'vc.
Prover result is: Valid (0.01s, 13572 steps).

File "/home/fabrice/git/pycsl/scratchpad/w7/tmp/.pycsl_gwql3f_j.mlw", line 1272, characters 15-76:
Sub-goal postcondition of goal statementemissionmixin___field_type_of'vc.
Prover result is: Valid (0.01s, 13573 steps).

File "/home/fabrice/git/pycsl/scratchpad/w7/tmp/.pycsl_gwql3f_j.mlw", line 1273, characters 15-62:
Sub-goal postcondition of goal statementemissionmixin___field_type_of'vc.
Prover result is: Valid (0.02s, 13574 steps).

File "/home/fabrice/git/pycsl/scratchpad/w7/tmp/.pycsl_gwql3f_j.mlw", line 1327, characters 22-71:
Sub-goal loop variant decrease of goal statementemissionmixin___field_type_of'vc.
Prover result is: Valid (0.04s, 147242 steps).

File "/home/fabrice/git/pycsl/scratchpad/w7/tmp/.pycsl_gwql3f_j.mlw", line 1326, characters 24-39:
Sub-goal loop invariant preservation of goal statementemissionmixin___field_type_of'vc.
Prover result is: Valid (0.05s, 147066 steps).

File "/home/fabrice/git/pycsl/scratchpad/w7/tmp/.pycsl_gwql3f_j.mlw", line 1264, characters 15-19:
Sub-goal postcondition of goal statementemissionmixin___field_type_of'vc.
Prover result is: Valid (0.01s, 13289 steps).

File "/home/fabrice/git/pycsl/scratchpad/w7/tmp/.pycsl_gwql3f_j.mlw", line 1265, characters 15-56:
Sub-goal postcondition of goal statementemissionmixin___field_type_of'vc.
Prover result is: Valid (0.02s, 13290 steps).

File "/home/fabrice/git/pycsl/scratchpad/w7/tmp/.pycsl_gwql3f_j.mlw", line 1266, characters 15-68:
Sub-goal postcondition of goal statementemissionmixin___field_type_of'vc.
Prover result is: Valid (0.02s, 13291 steps).

File "/home/fabrice/git/pycsl/scratchpad/w7/tmp/.pycsl_gwql3f_j.mlw", line 1267, characters 15-66:
Sub-goal postcondition of goal statementemissionmixin___field_type_of'vc.
Prover result is: Valid (0.01s, 13292 steps).

File "/home/fabrice/git/pycsl/scratchpad/w7/tmp/.pycsl_gwql3f_j.mlw", line 1268, characters 15-60:
Sub-goal postcondition of goal statementemissionmixin___field_type_of'vc.
Prover result is: Valid (0.01s, 13293 steps).

File "/home/fabrice/git/pycsl/scratchpad/w7/tmp/.pycsl_gwql3f_j.mlw", line 1269, characters 15-60:
Sub-goal postcondition of goal statementemissionmixin___field_type_of'vc.
Prover result is: Valid (0.02s, 13294 steps).

File "/home/fabrice/git/pycsl/scratchpad/w7/tmp/.pycsl_gwql3f_j.mlw", line 1270, characters 15-50:
Sub-goal postcondition of goal statementemissionmixin___field_type_of'vc.
Prover result is: Valid (0.02s, 13295 steps).

File "/home/fabrice/git/pycsl/scratchpad/w7/tmp/.pycsl_gwql3f_j.mlw", line 1271, characters 15-48:
Sub-goal postcondition of goal statementemissionmixin___field_type_of'vc.
Prover result is: Valid (0.01s, 13296 steps).

File "/home/fabrice/git/pycsl/scratchpad/w7/tmp/.pycsl_gwql3f_j.mlw", line 1272, characters 15-76:
Sub-goal postcondition of goal statementemissionmixin___field_type_of'vc.
Prover result is: Valid (0.02s, 13297 steps).

File "/home/fabrice/git/pycsl/scratchpad/w7/tmp/.pycsl_gwql3f_j.mlw", line 1273, characters 15-62:
Sub-goal postcondition of goal statementemissionmixin___field_type_of'vc.
Prover result is: Valid (0.01s, 13298 steps).

File "/home/fabrice/git/pycsl/scratchpad/w7/tmp/.pycsl_gwql3f_j.mlw", line 1264, characters 15-19:
Sub-goal postcondition of goal statementemissionmixin___field_type_of'vc.
Prover result is: Valid (0.01s, 7900 steps).

File "/home/fabrice/git/pycsl/scratchpad/w7/tmp/.pycsl_gwql3f_j.mlw", line 1265, characters 15-56:
Sub-goal postcondition of goal statementemissionmixin___field_type_of'vc.
Prover result is: Valid (0.01s, 7901 steps).

File "/home/fabrice/git/pycsl/scratchpad/w7/tmp/.pycsl_gwql3f_j.mlw", line 1266, characters 15-68:
Sub-goal postcondition of goal statementemissionmixin___field_type_of'vc.
Prover result is: Valid (0.01s, 7902 steps).

File "/home/fabrice/git/pycsl/scratchpad/w7/tmp/.pycsl_gwql3f_j.mlw", line 1267, characters 15-66:
Sub-goal postcondition of goal statementemissionmixin___field_type_of'vc.
Prover result is: Valid (0.01s, 7903 steps).

File "/home/fabrice/git/pycsl/scratchpad/w7/tmp/.pycsl_gwql3f_j.mlw", line 1268, characters 15-60:
Sub-goal postcondition of goal statementemissionmixin___field_type_of'vc.
Prover result is: Valid (0.01s, 7904 steps).

File "/home/fabrice/git/pycsl/scratchpad/w7/tmp/.pycsl_gwql3f_j.mlw", line 1269, characters 15-60:
Sub-goal postcondition of goal statementemissionmixin___field_type_of'vc.
Prover result is: Valid (0.01s, 7905 steps).

File "/home/fabrice/git/pycsl/scratchpad/w7/tmp/.pycsl_gwql3f_j.mlw", line 1270, characters 15-50:
Sub-goal postcondition of goal statementemissionmixin___field_type_of'vc.
Prover result is: Valid (0.01s, 7906 steps).

File "/home/fabrice/git/pycsl/scratchpad/w7/tmp/.pycsl_gwql3f_j.mlw", line 1271, characters 15-48:
Sub-goal postcondition of goal statementemissionmixin___field_type_of'vc.
Prover result is: Valid (0.01s, 7907 steps).

File "/home/fabrice/git/pycsl/scratchpad/w7/tmp/.pycsl_gwql3f_j.mlw", line 1272, characters 15-76:
Sub-goal postcondition of goal statementemissionmixin___field_type_of'vc.
Prover result is: Valid (0.01s, 7908 steps).

File "/home/fabrice/git/pycsl/scratchpad/w7/tmp/.pycsl_gwql3f_j.mlw", line 1273, characters 15-62:
Sub-goal postcondition of goal statementemissionmixin___field_type_of'vc.
Prover result is: Valid (0.01s, 7909 steps).

File "/home/fabrice/git/pycsl/scratchpad/w7/tmp/.pycsl_gwql3f_j.mlw", line 1326, characters 24-39:
Sub-goal loop invariant init of goal statementemissionmixin___field_type_of'vc.
Prover result is: Valid (0.01s, 7900 steps).

File "/home/fabrice/git/pycsl/scratchpad/w7/tmp/.pycsl_gwql3f_j.mlw", line 1264, characters 15-19:
Sub-goal postcondition of goal statementemissionmixin___field_type_of'vc.
Prover result is: Valid (0.01s, 7968 steps).

File "/home/fabrice/git/pycsl/scratchpad/w7/tmp/.pycsl_gwql3f_j.mlw", line 1265, characters 15-56:
Sub-goal postcondition of goal statementemissionmixin___field_type_of'vc.
Prover result is: Valid (0.01s, 7969 steps).

File "/home/fabrice/git/pycsl/scratchpad/w7/tmp/.pycsl_gwql3f_j.mlw", line 1266, characters 15-68:
Sub-goal postcondition of goal statementemissionmixin___field_type_of'vc.
Prover result is: Valid (0.01s, 7970 steps).

File "/home/fabrice/git/pycsl/scratchpad/w7/tmp/.pycsl_gwql3f_j.mlw", line 1267, characters 15-66:
Sub-goal postcondition of goal statementemissionmixin___field_type_of'vc.
Prover result is: Valid (0.01s, 7971 steps).

File "/home/fabrice/git/pycsl/scratchpad/w7/tmp/.pycsl_gwql3f_j.mlw", line 1268, characters 15-60:
Sub-goal postcondition of goal statementemissionmixin___field_type_of'vc.
Prover result is: Valid (0.01s, 7972 steps).

File "/home/fabrice/git/pycsl/scratchpad/w7/tmp/.pycsl_gwql3f_j.mlw", line 1269, characters 15-60:
Sub-goal postcondition of goal statementemissionmixin___field_type_of'vc.
Prover result is: Valid (0.01s, 7973 steps).

File "/home/fabrice/git/pycsl/scratchpad/w7/tmp/.pycsl_gwql3f_j.mlw", line 1270, characters 15-50:
Sub-goal postcondition of goal statementemissionmixin___field_type_of'vc.
Prover result is: Valid (0.01s, 7974 steps).

File "/home/fabrice/git/pycsl/scratchpad/w7/tmp/.pycsl_gwql3f_j.mlw", line 1271, characters 15-48:
Sub-goal postcondition of goal statementemissionmixin___field_type_of'vc.
Prover result is: Valid (0.01s, 7975 steps).

File "/home/fabrice/git/pycsl/scratchpad/w7/tmp/.pycsl_gwql3f_j.mlw", line 1272, characters 15-76:
Sub-goal postcondition of goal statementemissionmixin___field_type_of'vc.
Prover result is: Valid (0.01s, 7976 steps).

File "/home/fabrice/git/pycsl/scratchpad/w7/tmp/.pycsl_gwql3f_j.mlw", line 1273, characters 15-62:
Sub-goal postcondition of goal statementemissionmixin___field_type_of'vc.
Prover result is: Valid (0.01s, 7977 steps).

File "/home/fabrice/git/pycsl/scratchpad/w7/tmp/.pycsl_gwql3f_j.mlw", line 1327, characters 22-71:
Sub-goal loop variant decrease of goal statementemissionmixin___field_type_of'vc.
Prover result is: Valid (0.01s, 7936 steps).

File "/home/fabrice/git/pycsl/scratchpad/w7/tmp/.pycsl_gwql3f_j.mlw", line 1326, characters 24-39:
Sub-goal loop invariant preservation of goal statementemissionmixin___field_type_of'vc.
Prover result is: Valid (0.01s, 7936 steps).

File "/home/fabrice/git/pycsl/scratchpad/w7/tmp/.pycsl_gwql3f_j.mlw", line 1264, characters 15-19:
Sub-goal postcondition of goal statementemissionmixin___field_type_of'vc.
Prover result is: Valid (0.01s, 7902 steps).

File "/home/fabrice/git/pycsl/scratchpad/w7/tmp/.pycsl_gwql3f_j.mlw", line 1265, characters 15-56:
Sub-goal postcondition of goal statementemissionmixin___field_type_of'vc.
Prover result is: Valid (0.01s, 7903 steps).

File "/home/fabrice/git/pycsl/scratchpad/w7/tmp/.pycsl_gwql3f_j.mlw", line 1266, characters 15-68:
Sub-goal postcondition of goal statementemissionmixin___field_type_of'vc.
Prover result is: Valid (0.01s, 7904 steps).

File "/home/fabrice/git/pycsl/scratchpad/w7/tmp/.pycsl_gwql3f_j.mlw", line 1267, characters 15-66:
Sub-goal postcondition of goal statementemissionmixin___field_type_of'vc.
Prover result is: Valid (0.01s, 7905 steps).

File "/home/fabrice/git/pycsl/scratchpad/w7/tmp/.pycsl_gwql3f_j.mlw", line 1268, characters 15-60:
Sub-goal postcondition of goal statementemissionmixin___field_type_of'vc.
Prover result is: Valid (0.01s, 7906 steps).

File "/home/fabrice/git/pycsl/scratchpad/w7/tmp/.pycsl_gwql3f_j.mlw", line 1269, characters 15-60:
Sub-goal postcondition of goal statementemissionmixin___field_type_of'vc.
Prover result is: Valid (0.01s, 7907 steps).

File "/home/fabrice/git/pycsl/scratchpad/w7/tmp/.pycsl_gwql3f_j.mlw", line 1270, characters 15-50:
Sub-goal postcondition of goal statementemissionmixin___field_type_of'vc.
Prover result is: Valid (0.01s, 7908 steps).

File "/home/fabrice/git/pycsl/scratchpad/w7/tmp/.pycsl_gwql3f_j.mlw", line 1271, characters 15-48:
Sub-goal postcondition of goal statementemissionmixin___field_type_of'vc.
Prover result is: Valid (0.01s, 7909 steps).

File "/home/fabrice/git/pycsl/scratchpad/w7/tmp/.pycsl_gwql3f_j.mlw", line 1272, characters 15-76:
Sub-goal postcondition of goal statementemissionmixin___field_type_of'vc.
Prover result is: Valid (0.01s, 7910 steps).

File "/home/fabrice/git/pycsl/scratchpad/w7/tmp/.pycsl_gwql3f_j.mlw", line 1273, characters 15-62:
Sub-goal postcondition of goal statementemissionmixin___field_type_of'vc.
Prover result is: Valid (0.02s, 7911 steps).

File "/home/fabrice/git/pycsl/scratchpad/w7/tmp/.pycsl_gwql3f_j.mlw", line 1264, characters 15-19:
Sub-goal postcondition of goal statementemissionmixin___field_type_of'vc.
Prover result is: Valid (0.01s, 11969 steps).

File "/home/fabrice/git/pycsl/scratchpad/w7/tmp/.pycsl_gwql3f_j.mlw", line 1265, characters 15-56:
Sub-goal postcondition of goal statementemissionmixin___field_type_of'vc.
Prover result is: Valid (0.01s, 11970 steps).

File "/home/fabrice/git/pycsl/scratchpad/w7/tmp/.pycsl_gwql3f_j.mlw", line 1266, characters 15-68:
Sub-goal postcondition of goal statementemissionmixin___field_type_of'vc.
Prover result is: Valid (0.01s, 11971 steps).

File "/home/fabrice/git/pycsl/scratchpad/w7/tmp/.pycsl_gwql3f_j.mlw", line 1267, characters 15-66:
Sub-goal postcondition of goal statementemissionmixin___field_type_of'vc.
Prover result is: Valid (0.01s, 11972 steps).

File "/home/fabrice/git/pycsl/scratchpad/w7/tmp/.pycsl_gwql3f_j.mlw", line 1268, characters 15-60:
Sub-goal postcondition of goal statementemissionmixin___field_type_of'vc.
Prover result is: Valid (0.01s, 11973 steps).

File "/home/fabrice/git/pycsl/scratchpad/w7/tmp/.pycsl_gwql3f_j.mlw", line 1269, characters 15-60:
Sub-goal postcondition of goal statementemissionmixin___field_type_of'vc.
Prover result is: Valid (0.01s, 11974 steps).

File "/home/fabrice/git/pycsl/scratchpad/w7/tmp/.pycsl_gwql3f_j.mlw", line 1270, characters 15-50:
Sub-goal postcondition of goal statementemissionmixin___field_type_of'vc.
Prover result is: Valid (0.01s, 11975 steps).

File "/home/fabrice/git/pycsl/scratchpad/w7/tmp/.pycsl_gwql3f_j.mlw", line 1271, characters 15-48:
Sub-goal postcondition of goal statementemissionmixin___field_type_of'vc.
Prover result is: Valid (0.01s, 11976 steps).

File "/home/fabrice/git/pycsl/scratchpad/w7/tmp/.pycsl_gwql3f_j.mlw", line 1272, characters 15-76:
Sub-goal postcondition of goal statementemissionmixin___field_type_of'vc.
Prover result is: Valid (0.02s, 11977 steps).

File "/home/fabrice/git/pycsl/scratchpad/w7/tmp/.pycsl_gwql3f_j.mlw", line 1273, characters 15-62:
Sub-goal postcondition of goal statementemissionmixin___field_type_of'vc.
Prover result is: Valid (0.01s, 11978 steps).

File "/home/fabrice/git/pycsl/scratchpad/w7/tmp/.pycsl_gwql3f_j.mlw", line 1264, characters 15-19:
Sub-goal postcondition of goal statementemissionmixin___field_type_of'vc.
Prover result is: Valid (0.01s, 12952 steps).

File "/home/fabrice/git/pycsl/scratchpad/w7/tmp/.pycsl_gwql3f_j.mlw", line 1265, characters 15-56:
Sub-goal postcondition of goal statementemissionmixin___field_type_of'vc.
Prover result is: Valid (0.01s, 12953 steps).

File "/home/fabrice/git/pycsl/scratchpad/w7/tmp/.pycsl_gwql3f_j.mlw", line 1266, characters 15-68:
Sub-goal postcondition of goal statementemissionmixin___field_type_of'vc.
Prover result is: Valid (0.01s, 12954 steps).

File "/home/fabrice/git/pycsl/scratchpad/w7/tmp/.pycsl_gwql3f_j.mlw", line 1267, characters 15-66:
Sub-goal postcondition of goal statementemissionmixin___field_type_of'vc.
Prover result is: Valid (0.02s, 12955 steps).

File "/home/fabrice/git/pycsl/scratchpad/w7/tmp/.pycsl_gwql3f_j.mlw", line 1268, characters 15-60:
Sub-goal postcondition of goal statementemissionmixin___field_type_of'vc.
Prover result is: Valid (0.01s, 12956 steps).

File "/home/fabrice/git/pycsl/scratchpad/w7/tmp/.pycsl_gwql3f_j.mlw", line 1269, characters 15-60:
Sub-goal postcondition of goal statementemissionmixin___field_type_of'vc.
Prover result is: Valid (0.01s, 12957 steps).

File "/home/fabrice/git/pycsl/scratchpad/w7/tmp/.pycsl_gwql3f_j.mlw", line 1270, characters 15-50:
Sub-goal postcondition of goal statementemissionmixin___field_type_of'vc.
Prover result is: Valid (0.01s, 12958 steps).

File "/home/fabrice/git/pycsl/scratchpad/w7/tmp/.pycsl_gwql3f_j.mlw", line 1271, characters 15-48:
Sub-goal postcondition of goal statementemissionmixin___field_type_of'vc.
Prover result is: Valid (0.01s, 12959 steps).

File "/home/fabrice/git/pycsl/scratchpad/w7/tmp/.pycsl_gwql3f_j.mlw", line 1272, characters 15-76:
Sub-goal postcondition of goal statementemissionmixin___field_type_of'vc.
Prover result is: Valid (0.01s, 12960 steps).

File "/home/fabrice/git/pycsl/scratchpad/w7/tmp/.pycsl_gwql3f_j.mlw", line 1273, characters 15-62:
Sub-goal postcondition of goal statementemissionmixin___field_type_of'vc.
Prover result is: Valid (0.01s, 12961 steps).

File "/home/fabrice/git/pycsl/scratchpad/w7/tmp/.pycsl_gwql3f_j.mlw", line 1326, characters 24-39:
Sub-goal loop invariant init of goal statementemissionmixin___field_type_of'vc.
Prover result is: Valid (0.01s, 12960 steps).

File "/home/fabrice/git/pycsl/scratchpad/w7/tmp/.pycsl_gwql3f_j.mlw", line 1264, characters 15-19:
Sub-goal postcondition of goal statementemissionmixin___field_type_of'vc.
Prover result is: Valid (0.01s, 13264 steps).

File "/home/fabrice/git/pycsl/scratchpad/w7/tmp/.pycsl_gwql3f_j.mlw", line 1265, characters 15-56:
Sub-goal postcondition of goal statementemissionmixin___field_type_of'vc.
Prover result is: Valid (0.01s, 13265 steps).

File "/home/fabrice/git/pycsl/scratchpad/w7/tmp/.pycsl_gwql3f_j.mlw", line 1266, characters 15-68:
Sub-goal postcondition of goal statementemissionmixin___field_type_of'vc.
Prover result is: Valid (0.02s, 13266 steps).

File "/home/fabrice/git/pycsl/scratchpad/w7/tmp/.pycsl_gwql3f_j.mlw", line 1267, characters 15-66:
Sub-goal postcondition of goal statementemissionmixin___field_type_of'vc.
Prover result is: Valid (0.01s, 13267 steps).

File "/home/fabrice/git/pycsl/scratchpad/w7/tmp/.pycsl_gwql3f_j.mlw", line 1268, characters 15-60:
Sub-goal postcondition of goal statementemissionmixin___field_type_of'vc.
Prover result is: Valid (0.01s, 13268 steps).

File "/home/fabrice/git/pycsl/scratchpad/w7/tmp/.pycsl_gwql3f_j.mlw", line 1269, characters 15-60:
Sub-goal postcondition of goal statementemissionmixin___field_type_of'vc.
Prover result is: Valid (0.01s, 13269 steps).

File "/home/fabrice/git/pycsl/scratchpad/w7/tmp/.pycsl_gwql3f_j.mlw", line 1270, characters 15-50:
Sub-goal postcondition of goal statementemissionmixin___field_type_of'vc.
Prover result is: Valid (0.02s, 13270 steps).

File "/home/fabrice/git/pycsl/scratchpad/w7/tmp/.pycsl_gwql3f_j.mlw", line 1271, characters 15-48:
Sub-goal postcondition of goal statementemissionmixin___field_type_of'vc.
Prover result is: Valid (0.01s, 13271 steps).

File "/home/fabrice/git/pycsl/scratchpad/w7/tmp/.pycsl_gwql3f_j.mlw", line 1272, characters 15-76:
Sub-goal postcondition of goal statementemissionmixin___field_type_of'vc.
Prover result is: Valid (0.02s, 13272 steps).

File "/home/fabrice/git/pycsl/scratchpad/w7/tmp/.pycsl_gwql3f_j.mlw", line 1273, characters 15-62:
Sub-goal postcondition of goal statementemissionmixin___field_type_of'vc.
Prover result is: Valid (0.02s, 13273 steps).

File "/home/fabrice/git/pycsl/scratchpad/w7/tmp/.pycsl_gwql3f_j.mlw", line 1327, characters 22-71:
Sub-goal loop variant decrease of goal statementemissionmixin___field_type_of'vc.
Prover result is: Valid (0.02s, 17782 steps).

File "/home/fabrice/git/pycsl/scratchpad/w7/tmp/.pycsl_gwql3f_j.mlw", line 1326, characters 24-39:
Sub-goal loop invariant preservation of goal statementemissionmixin___field_type_of'vc.
Prover result is: Valid (0.02s, 17728 steps).

File "/home/fabrice/git/pycsl/scratchpad/w7/tmp/.pycsl_gwql3f_j.mlw", line 1264, characters 15-19:
Sub-goal postcondition of goal statementemissionmixin___field_type_of'vc.
Prover result is: Valid (0.02s, 12986 steps).

File "/home/fabrice/git/pycsl/scratchpad/w7/tmp/.pycsl_gwql3f_j.mlw", line 1265, characters 15-56:
Sub-goal postcondition of goal statementemissionmixin___field_type_of'vc.
Prover result is: Valid (0.02s, 12987 steps).

File "/home/fabrice/git/pycsl/scratchpad/w7/tmp/.pycsl_gwql3f_j.mlw", line 1266, characters 15-68:
Sub-goal postcondition of goal statementemissionmixin___field_type_of'vc.
Prover result is: Valid (0.01s, 12988 steps).

File "/home/fabrice/git/pycsl/scratchpad/w7/tmp/.pycsl_gwql3f_j.mlw", line 1267, characters 15-66:
Sub-goal postcondition of goal statementemissionmixin___field_type_of'vc.
Prover result is: Valid (0.02s, 12989 steps).

File "/home/fabrice/git/pycsl/scratchpad/w7/tmp/.pycsl_gwql3f_j.mlw", line 1268, characters 15-60:
Sub-goal postcondition of goal statementemissionmixin___field_type_of'vc.
Prover result is: Valid (0.01s, 12990 steps).

File "/home/fabrice/git/pycsl/scratchpad/w7/tmp/.pycsl_gwql3f_j.mlw", line 1269, characters 15-60:
Sub-goal postcondition of goal statementemissionmixin___field_type_of'vc.
Prover result is: Valid (0.01s, 12991 steps).

File "/home/fabrice/git/pycsl/scratchpad/w7/tmp/.pycsl_gwql3f_j.mlw", line 1270, characters 15-50:
Sub-goal postcondition of goal statementemissionmixin___field_type_of'vc.
Prover result is: Valid (0.01s, 12992 steps).

File "/home/fabrice/git/pycsl/scratchpad/w7/tmp/.pycsl_gwql3f_j.mlw", line 1271, characters 15-48:
Sub-goal postcondition of goal statementemissionmixin___field_type_of'vc.
Prover result is: Valid (0.01s, 12993 steps).

File "/home/fabrice/git/pycsl/scratchpad/w7/tmp/.pycsl_gwql3f_j.mlw", line 1272, characters 15-76:
Sub-goal postcondition of goal statementemissionmixin___field_type_of'vc.
Prover result is: Valid (0.01s, 12994 steps).

File "/home/fabrice/git/pycsl/scratchpad/w7/tmp/.pycsl_gwql3f_j.mlw", line 1273, characters 15-62:
Sub-goal postcondition of goal statementemissionmixin___field_type_of'vc.
Prover result is: Valid (0.01s, 12995 steps).

File "/home/fabrice/git/pycsl/scratchpad/w7/tmp/.pycsl_gwql3f_j.mlw", line 1264, characters 15-19:
Sub-goal postcondition of goal statementemissionmixin___field_type_of'vc.
Prover result is: Valid (0.02s, 13182 steps).

File "/home/fabrice/git/pycsl/scratchpad/w7/tmp/.pycsl_gwql3f_j.mlw", line 1265, characters 15-56:
Sub-goal postcondition of goal statementemissionmixin___field_type_of'vc.
Prover result is: Valid (0.01s, 13183 steps).

File "/home/fabrice/git/pycsl/scratchpad/w7/tmp/.pycsl_gwql3f_j.mlw", line 1266, characters 15-68:
Sub-goal postcondition of goal statementemissionmixin___field_type_of'vc.
Prover result is: Valid (0.01s, 13184 steps).

File "/home/fabrice/git/pycsl/scratchpad/w7/tmp/.pycsl_gwql3f_j.mlw", line 1267, characters 15-66:
Sub-goal postcondition of goal statementemissionmixin___field_type_of'vc.
Prover result is: Valid (0.01s, 13185 steps).

File "/home/fabrice/git/pycsl/scratchpad/w7/tmp/.pycsl_gwql3f_j.mlw", line 1268, characters 15-60:
Sub-goal postcondition of goal statementemissionmixin___field_type_of'vc.
Prover result is: Valid (0.02s, 13186 steps).

File "/home/fabrice/git/pycsl/scratchpad/w7/tmp/.pycsl_gwql3f_j.mlw", line 1269, characters 15-60:
Sub-goal postcondition of goal statementemissionmixin___field_type_of'vc.
Prover result is: Valid (0.01s, 13187 steps).

File "/home/fabrice/git/pycsl/scratchpad/w7/tmp/.pycsl_gwql3f_j.mlw", line 1270, characters 15-50:
Sub-goal postcondition of goal statementemissionmixin___field_type_of'vc.
Prover result is: Valid (0.02s, 13188 steps).

File "/home/fabrice/git/pycsl/scratchpad/w7/tmp/.pycsl_gwql3f_j.mlw", line 1271, characters 15-48:
Sub-goal postcondition of goal statementemissionmixin___field_type_of'vc.
Prover result is: Valid (0.01s, 13189 steps).

File "/home/fabrice/git/pycsl/scratchpad/w7/tmp/.pycsl_gwql3f_j.mlw", line 1272, characters 15-76:
Sub-goal postcondition of goal statementemissionmixin___field_type_of'vc.
Prover result is: Valid (0.01s, 13190 steps).

File "/home/fabrice/git/pycsl/scratchpad/w7/tmp/.pycsl_gwql3f_j.mlw", line 1273, characters 15-62:
Sub-goal postcondition of goal statementemissionmixin___field_type_of'vc.
Prover result is: Valid (0.01s, 13191 steps).

File "/home/fabrice/git/pycsl/scratchpad/w7/tmp/.pycsl_gwql3f_j.mlw", line 1326, characters 24-39:
Sub-goal loop invariant init of goal statementemissionmixin___field_type_of'vc.
Prover result is: Valid (0.01s, 13188 steps).

File "/home/fabrice/git/pycsl/scratchpad/w7/tmp/.pycsl_gwql3f_j.mlw", line 1264, characters 15-19:
Sub-goal postcondition of goal statementemissionmixin___field_type_of'vc.
Prover result is: Valid (0.01s, 13484 steps).

File "/home/fabrice/git/pycsl/scratchpad/w7/tmp/.pycsl_gwql3f_j.mlw", line 1265, characters 15-56:
Sub-goal postcondition of goal statementemissionmixin___field_type_of'vc.
Prover result is: Valid (0.01s, 13485 steps).

File "/home/fabrice/git/pycsl/scratchpad/w7/tmp/.pycsl_gwql3f_j.mlw", line 1266, characters 15-68:
Sub-goal postcondition of goal statementemissionmixin___field_type_of'vc.
Prover result is: Valid (0.01s, 13486 steps).

File "/home/fabrice/git/pycsl/scratchpad/w7/tmp/.pycsl_gwql3f_j.mlw", line 1267, characters 15-66:
Sub-goal postcondition of goal statementemissionmixin___field_type_of'vc.
Prover result is: Valid (0.01s, 13487 steps).

File "/home/fabrice/git/pycsl/scratchpad/w7/tmp/.pycsl_gwql3f_j.mlw", line 1268, characters 15-60:
Sub-goal postcondition of goal statementemissionmixin___field_type_of'vc.
Prover result is: Valid (0.01s, 13488 steps).

File "/home/fabrice/git/pycsl/scratchpad/w7/tmp/.pycsl_gwql3f_j.mlw", line 1269, characters 15-60:
Sub-goal postcondition of goal statementemissionmixin___field_type_of'vc.
Prover result is: Valid (0.02s, 13489 steps).

File "/home/fabrice/git/pycsl/scratchpad/w7/tmp/.pycsl_gwql3f_j.mlw", line 1270, characters 15-50:
Sub-goal postcondition of goal statementemissionmixin___field_type_of'vc.
Prover result is: Valid (0.01s, 13490 steps).

File "/home/fabrice/git/pycsl/scratchpad/w7/tmp/.pycsl_gwql3f_j.mlw", line 1271, characters 15-48:
Sub-goal postcondition of goal statementemissionmixin___field_type_of'vc.
Prover result is: Valid (0.01s, 13491 steps).

File "/home/fabrice/git/pycsl/scratchpad/w7/tmp/.pycsl_gwql3f_j.mlw", line 1272, characters 15-76:
Sub-goal postcondition of goal statementemissionmixin___field_type_of'vc.
Prover result is: Valid (0.01s, 13492 steps).

File "/home/fabrice/git/pycsl/scratchpad/w7/tmp/.pycsl_gwql3f_j.mlw", line 1273, characters 15-62:
Sub-goal postcondition of goal statementemissionmixin___field_type_of'vc.
Prover result is: Valid (0.01s, 13493 steps).

File "/home/fabrice/git/pycsl/scratchpad/w7/tmp/.pycsl_gwql3f_j.mlw", line 1327, characters 22-71:
Sub-goal loop variant decrease of goal statementemissionmixin___field_type_of'vc.
Prover result is: Valid (0.05s, 151517 steps).

File "/home/fabrice/git/pycsl/scratchpad/w7/tmp/.pycsl_gwql3f_j.mlw", line 1326, characters 24-39:
Sub-goal loop invariant preservation of goal statementemissionmixin___field_type_of'vc.
Prover result is: Valid (0.04s, 151317 steps).

File "/home/fabrice/git/pycsl/scratchpad/w7/tmp/.pycsl_gwql3f_j.mlw", line 1264, characters 15-19:
Sub-goal postcondition of goal statementemissionmixin___field_type_of'vc.
Prover result is: Valid (0.01s, 13210 steps).

File "/home/fabrice/git/pycsl/scratchpad/w7/tmp/.pycsl_gwql3f_j.mlw", line 1265, characters 15-56:
Sub-goal postcondition of goal statementemissionmixin___field_type_of'vc.
Prover result is: Valid (0.01s, 13211 steps).

File "/home/fabrice/git/pycsl/scratchpad/w7/tmp/.pycsl_gwql3f_j.mlw", line 1266, characters 15-68:
Sub-goal postcondition of goal statementemissionmixin___field_type_of'vc.
Prover result is: Valid (0.01s, 13212 steps).

File "/home/fabrice/git/pycsl/scratchpad/w7/tmp/.pycsl_gwql3f_j.mlw", line 1267, characters 15-66:
Sub-goal postcondition of goal statementemissionmixin___field_type_of'vc.
Prover result is: Valid (0.01s, 13213 steps).

File "/home/fabrice/git/pycsl/scratchpad/w7/tmp/.pycsl_gwql3f_j.mlw", line 1268, characters 15-60:
Sub-goal postcondition of goal statementemissionmixin___field_type_of'vc.
Prover result is: Valid (0.01s, 13214 steps).

File "/home/fabrice/git/pycsl/scratchpad/w7/tmp/.pycsl_gwql3f_j.mlw", line 1269, characters 15-60:
Sub-goal postcondition of goal statementemissionmixin___field_type_of'vc.
Prover result is: Valid (0.01s, 13215 steps).

File "/home/fabrice/git/pycsl/scratchpad/w7/tmp/.pycsl_gwql3f_j.mlw", line 1270, characters 15-50:
Sub-goal postcondition of goal statementemissionmixin___field_type_of'vc.
Prover result is: Valid (0.01s, 13216 steps).

File "/home/fabrice/git/pycsl/scratchpad/w7/tmp/.pycsl_gwql3f_j.mlw", line 1271, characters 15-48:
Sub-goal postcondition of goal statementemissionmixin___field_type_of'vc.
Prover result is: Valid (0.01s, 13217 steps).

File "/home/fabrice/git/pycsl/scratchpad/w7/tmp/.pycsl_gwql3f_j.mlw", line 1272, characters 15-76:
Sub-goal postcondition of goal statementemissionmixin___field_type_of'vc.
Prover result is: Valid (0.01s, 13218 steps).

File "/home/fabrice/git/pycsl/scratchpad/w7/tmp/.pycsl_gwql3f_j.mlw", line 1273, characters 15-62:
Sub-goal postcondition of goal statementemissionmixin___field_type_of'vc.
Prover result is: Valid (0.01s, 13219 steps).

File "/home/fabrice/git/pycsl/scratchpad/w7/tmp/.pycsl_gwql3f_j.mlw", line 1264, characters 15-19:
Sub-goal postcondition of goal statementemissionmixin___field_type_of'vc.
Prover result is: Valid (0.01s, 13268 steps).

File "/home/fabrice/git/pycsl/scratchpad/w7/tmp/.pycsl_gwql3f_j.mlw", line 1265, characters 15-56:
Sub-goal postcondition of goal statementemissionmixin___field_type_of'vc.
Prover result is: Valid (0.02s, 13269 steps).

File "/home/fabrice/git/pycsl/scratchpad/w7/tmp/.pycsl_gwql3f_j.mlw", line 1266, characters 15-68:
Sub-goal postcondition of goal statementemissionmixin___field_type_of'vc.
Prover result is: Valid (0.01s, 13270 steps).

File "/home/fabrice/git/pycsl/scratchpad/w7/tmp/.pycsl_gwql3f_j.mlw", line 1267, characters 15-66:
Sub-goal postcondition of goal statementemissionmixin___field_type_of'vc.
Prover result is: Valid (0.01s, 13271 steps).

File "/home/fabrice/git/pycsl/scratchpad/w7/tmp/.pycsl_gwql3f_j.mlw", line 1268, characters 15-60:
Sub-goal postcondition of goal statementemissionmixin___field_type_of'vc.
Prover result is: Valid (0.01s, 13272 steps).

File "/home/fabrice/git/pycsl/scratchpad/w7/tmp/.pycsl_gwql3f_j.mlw", line 1269, characters 15-60:
Sub-goal postcondition of goal statementemissionmixin___field_type_of'vc.
Prover result is: Valid (0.01s, 13273 steps).

File "/home/fabrice/git/pycsl/scratchpad/w7/tmp/.pycsl_gwql3f_j.mlw", line 1270, characters 15-50:
Sub-goal postcondition of goal statementemissionmixin___field_type_of'vc.
Prover result is: Valid (0.01s, 13274 steps).

File "/home/fabrice/git/pycsl/scratchpad/w7/tmp/.pycsl_gwql3f_j.mlw", line 1271, characters 15-48:
Sub-goal postcondition of goal statementemissionmixin___field_type_of'vc.
Prover result is: Valid (0.01s, 13275 steps).

File "/home/fabrice/git/pycsl/scratchpad/w7/tmp/.pycsl_gwql3f_j.mlw", line 1272, characters 15-76:
Sub-goal postcondition of goal statementemissionmixin___field_type_of'vc.
Prover result is: Valid (0.02s, 13276 steps).

File "/home/fabrice/git/pycsl/scratchpad/w7/tmp/.pycsl_gwql3f_j.mlw", line 1273, characters 15-62:
Sub-goal postcondition of goal statementemissionmixin___field_type_of'vc.
Prover result is: Valid (0.01s, 13277 steps).

File "/home/fabrice/git/pycsl/scratchpad/w7/tmp/.pycsl_gwql3f_j.mlw", line 1326, characters 24-39:
Sub-goal loop invariant init of goal statementemissionmixin___field_type_of'vc.
Prover result is: Valid (0.01s, 13274 steps).

File "/home/fabrice/git/pycsl/scratchpad/w7/tmp/.pycsl_gwql3f_j.mlw", line 1264, characters 15-19:
Sub-goal postcondition of goal statementemissionmixin___field_type_of'vc.
Prover result is: Valid (0.01s, 13570 steps).

File "/home/fabrice/git/pycsl/scratchpad/w7/tmp/.pycsl_gwql3f_j.mlw", line 1265, characters 15-56:
Sub-goal postcondition of goal statementemissionmixin___field_type_of'vc.
Prover result is: Valid (0.01s, 13571 steps).

File "/home/fabrice/git/pycsl/scratchpad/w7/tmp/.pycsl_gwql3f_j.mlw", line 1266, characters 15-68:
Sub-goal postcondition of goal statementemissionmixin___field_type_of'vc.
Prover result is: Valid (0.01s, 13572 steps).

File "/home/fabrice/git/pycsl/scratchpad/w7/tmp/.pycsl_gwql3f_j.mlw", line 1267, characters 15-66:
Sub-goal postcondition of goal statementemissionmixin___field_type_of'vc.
Prover result is: Valid (0.01s, 13573 steps).

File "/home/fabrice/git/pycsl/scratchpad/w7/tmp/.pycsl_gwql3f_j.mlw", line 1268, characters 15-60:
Sub-goal postcondition of goal statementemissionmixin___field_type_of'vc.
Prover result is: Valid (0.01s, 13574 steps).

File "/home/fabrice/git/pycsl/scratchpad/w7/tmp/.pycsl_gwql3f_j.mlw", line 1269, characters 15-60:
Sub-goal postcondition of goal statementemissionmixin___field_type_of'vc.
Prover result is: Valid (0.01s, 13575 steps).

File "/home/fabrice/git/pycsl/scratchpad/w7/tmp/.pycsl_gwql3f_j.mlw", line 1270, characters 15-50:
Sub-goal postcondition of goal statementemissionmixin___field_type_of'vc.
Prover result is: Valid (0.01s, 13576 steps).

File "/home/fabrice/git/pycsl/scratchpad/w7/tmp/.pycsl_gwql3f_j.mlw", line 1271, characters 15-48:
Sub-goal postcondition of goal statementemissionmixin___field_type_of'vc.
Prover result is: Valid (0.01s, 13577 steps).

File "/home/fabrice/git/pycsl/scratchpad/w7/tmp/.pycsl_gwql3f_j.mlw", line 1272, characters 15-76:
Sub-goal postcondition of goal statementemissionmixin___field_type_of'vc.
Prover result is: Valid (0.02s, 13578 steps).

File "/home/fabrice/git/pycsl/scratchpad/w7/tmp/.pycsl_gwql3f_j.mlw", line 1273, characters 15-62:
Sub-goal postcondition of goal statementemissionmixin___field_type_of'vc.
Prover result is: Valid (0.01s, 13579 steps).

File "/home/fabrice/git/pycsl/scratchpad/w7/tmp/.pycsl_gwql3f_j.mlw", line 1327, characters 22-71:
Sub-goal loop variant decrease of goal statementemissionmixin___field_type_of'vc.
Prover result is: Valid (0.04s, 152353 steps).

File "/home/fabrice/git/pycsl/scratchpad/w7/tmp/.pycsl_gwql3f_j.mlw", line 1326, characters 24-39:
Sub-goal loop invariant preservation of goal statementemissionmixin___field_type_of'vc.
Prover result is: Valid (0.05s, 152153 steps).

File "/home/fabrice/git/pycsl/scratchpad/w7/tmp/.pycsl_gwql3f_j.mlw", line 1264, characters 15-19:
Sub-goal postcondition of goal statementemissionmixin___field_type_of'vc.
Prover result is: Valid (0.01s, 13296 steps).

File "/home/fabrice/git/pycsl/scratchpad/w7/tmp/.pycsl_gwql3f_j.mlw", line 1265, characters 15-56:
Sub-goal postcondition of goal statementemissionmixin___field_type_of'vc.
Prover result is: Valid (0.01s, 13297 steps).

File "/home/fabrice/git/pycsl/scratchpad/w7/tmp/.pycsl_gwql3f_j.mlw", line 1266, characters 15-68:
Sub-goal postcondition of goal statementemissionmixin___field_type_of'vc.
Prover result is: Valid (0.01s, 13298 steps).

File "/home/fabrice/git/pycsl/scratchpad/w7/tmp/.pycsl_gwql3f_j.mlw", line 1267, characters 15-66:
Sub-goal postcondition of goal statementemissionmixin___field_type_of'vc.
Prover result is: Valid (0.01s, 13299 steps).

File "/home/fabrice/git/pycsl/scratchpad/w7/tmp/.pycsl_gwql3f_j.mlw", line 1268, characters 15-60:
Sub-goal postcondition of goal statementemissionmixin___field_type_of'vc.
Prover result is: Valid (0.01s, 13300 steps).

File "/home/fabrice/git/pycsl/scratchpad/w7/tmp/.pycsl_gwql3f_j.mlw", line 1269, characters 15-60:
Sub-goal postcondition of goal statementemissionmixin___field_type_of'vc.
Prover result is: Valid (0.01s, 13301 steps).

File "/home/fabrice/git/pycsl/scratchpad/w7/tmp/.pycsl_gwql3f_j.mlw", line 1270, characters 15-50:
Sub-goal postcondition of goal statementemissionmixin___field_type_of'vc.
Prover result is: Valid (0.01s, 13302 steps).

File "/home/fabrice/git/pycsl/scratchpad/w7/tmp/.pycsl_gwql3f_j.mlw", line 1271, characters 15-48:
Sub-goal postcondition of goal statementemissionmixin___field_type_of'vc.
Prover result is: Valid (0.01s, 13303 steps).

File "/home/fabrice/git/pycsl/scratchpad/w7/tmp/.pycsl_gwql3f_j.mlw", line 1272, characters 15-76:
Sub-goal postcondition of goal statementemissionmixin___field_type_of'vc.
Prover result is: Valid (0.01s, 13304 steps).

File "/home/fabrice/git/pycsl/scratchpad/w7/tmp/.pycsl_gwql3f_j.mlw", line 1273, characters 15-62:
Sub-goal postcondition of goal statementemissionmixin___field_type_of'vc.
Prover result is: Valid (0.01s, 13305 steps).

File "/home/fabrice/git/pycsl/scratchpad/w7/tmp/.pycsl_gwql3f_j.mlw", line 1264, characters 15-19:
Sub-goal postcondition of goal statementemissionmixin___field_type_of'vc.
Prover result is: Valid (0.01s, 13163 steps).

File "/home/fabrice/git/pycsl/scratchpad/w7/tmp/.pycsl_gwql3f_j.mlw", line 1265, characters 15-56:
Sub-goal postcondition of goal statementemissionmixin___field_type_of'vc.
Prover result is: Valid (0.01s, 13164 steps).

File "/home/fabrice/git/pycsl/scratchpad/w7/tmp/.pycsl_gwql3f_j.mlw", line 1266, characters 15-68:
Sub-goal postcondition of goal statementemissionmixin___field_type_of'vc.
Prover result is: Valid (0.01s, 13165 steps).

File "/home/fabrice/git/pycsl/scratchpad/w7/tmp/.pycsl_gwql3f_j.mlw", line 1267, characters 15-66:
Sub-goal postcondition of goal statementemissionmixin___field_type_of'vc.
Prover result is: Valid (0.01s, 13166 steps).

File "/home/fabrice/git/pycsl/scratchpad/w7/tmp/.pycsl_gwql3f_j.mlw", line 1268, characters 15-60:
Sub-goal postcondition of goal statementemissionmixin___field_type_of'vc.
Prover result is: Valid (0.01s, 13167 steps).

File "/home/fabrice/git/pycsl/scratchpad/w7/tmp/.pycsl_gwql3f_j.mlw", line 1269, characters 15-60:
Sub-goal postcondition of goal statementemissionmixin___field_type_of'vc.
Prover result is: Valid (0.01s, 13168 steps).

File "/home/fabrice/git/pycsl/scratchpad/w7/tmp/.pycsl_gwql3f_j.mlw", line 1270, characters 15-50:
Sub-goal postcondition of goal statementemissionmixin___field_type_of'vc.
Prover result is: Valid (0.01s, 13169 steps).

File "/home/fabrice/git/pycsl/scratchpad/w7/tmp/.pycsl_gwql3f_j.mlw", line 1271, characters 15-48:
Sub-goal postcondition of goal statementemissionmixin___field_type_of'vc.
Prover result is: Valid (0.02s, 13170 steps).

File "/home/fabrice/git/pycsl/scratchpad/w7/tmp/.pycsl_gwql3f_j.mlw", line 1272, characters 15-76:
Sub-goal postcondition of goal statementemissionmixin___field_type_of'vc.
Prover result is: Valid (0.01s, 13171 steps).

File "/home/fabrice/git/pycsl/scratchpad/w7/tmp/.pycsl_gwql3f_j.mlw", line 1273, characters 15-62:
Sub-goal postcondition of goal statementemissionmixin___field_type_of'vc.
Prover result is: Valid (0.01s, 13172 steps).

File "/home/fabrice/git/pycsl/scratchpad/w7/tmp/.pycsl_gwql3f_j.mlw", line 1326, characters 24-39:
Sub-goal loop invariant init of goal statementemissionmixin___field_type_of'vc.
Prover result is: Valid (0.01s, 13171 steps).

File "/home/fabrice/git/pycsl/scratchpad/w7/tmp/.pycsl_gwql3f_j.mlw", line 1264, characters 15-19:
Sub-goal postcondition of goal statementemissionmixin___field_type_of'vc.
Prover result is: Valid (0.01s, 13469 steps).

File "/home/fabrice/git/pycsl/scratchpad/w7/tmp/.pycsl_gwql3f_j.mlw", line 1265, characters 15-56:
Sub-goal postcondition of goal statementemissionmixin___field_type_of'vc.
Prover result is: Valid (0.01s, 13470 steps).

File "/home/fabrice/git/pycsl/scratchpad/w7/tmp/.pycsl_gwql3f_j.mlw", line 1266, characters 15-68:
Sub-goal postcondition of goal statementemissionmixin___field_type_of'vc.
Prover result is: Valid (0.01s, 13471 steps).

File "/home/fabrice/git/pycsl/scratchpad/w7/tmp/.pycsl_gwql3f_j.mlw", line 1267, characters 15-66:
Sub-goal postcondition of goal statementemissionmixin___field_type_of'vc.
Prover result is: Valid (0.01s, 13472 steps).

File "/home/fabrice/git/pycsl/scratchpad/w7/tmp/.pycsl_gwql3f_j.mlw", line 1268, characters 15-60:
Sub-goal postcondition of goal statementemissionmixin___field_type_of'vc.
Prover result is: Valid (0.01s, 13473 steps).

File "/home/fabrice/git/pycsl/scratchpad/w7/tmp/.pycsl_gwql3f_j.mlw", line 1269, characters 15-60:
Sub-goal postcondition of goal statementemissionmixin___field_type_of'vc.
Prover result is: Valid (0.02s, 13474 steps).

File "/home/fabrice/git/pycsl/scratchpad/w7/tmp/.pycsl_gwql3f_j.mlw", line 1270, characters 15-50:
Sub-goal postcondition of goal statementemissionmixin___field_type_of'vc.
Prover result is: Valid (0.01s, 13475 steps).

File "/home/fabrice/git/pycsl/scratchpad/w7/tmp/.pycsl_gwql3f_j.mlw", line 1271, characters 15-48:
Sub-goal postcondition of goal statementemissionmixin___field_type_of'vc.
Prover result is: Valid (0.01s, 13476 steps).

File "/home/fabrice/git/pycsl/scratchpad/w7/tmp/.pycsl_gwql3f_j.mlw", line 1272, characters 15-76:
Sub-goal postcondition of goal statementemissionmixin___field_type_of'vc.
Prover result is: Valid (0.01s, 13477 steps).

File "/home/fabrice/git/pycsl/scratchpad/w7/tmp/.pycsl_gwql3f_j.mlw", line 1273, characters 15-62:
Sub-goal postcondition of goal statementemissionmixin___field_type_of'vc.
Prover result is: Valid (0.01s, 13478 steps).

File "/home/fabrice/git/pycsl/scratchpad/w7/tmp/.pycsl_gwql3f_j.mlw", line 1327, characters 22-71:
Sub-goal loop variant decrease of goal statementemissionmixin___field_type_of'vc.
Prover result is: Valid (0.05s, 146667 steps).

File "/home/fabrice/git/pycsl/scratchpad/w7/tmp/.pycsl_gwql3f_j.mlw", line 1326, characters 24-39:
Sub-goal loop invariant preservation of goal statementemissionmixin___field_type_of'vc.
Prover result is: Valid (0.03s, 146491 steps).

File "/home/fabrice/git/pycsl/scratchpad/w7/tmp/.pycsl_gwql3f_j.mlw", line 1264, characters 15-19:
Sub-goal postcondition of goal statementemissionmixin___field_type_of'vc.
Prover result is: Valid (0.01s, 13193 steps).

File "/home/fabrice/git/pycsl/scratchpad/w7/tmp/.pycsl_gwql3f_j.mlw", line 1265, characters 15-56:
Sub-goal postcondition of goal statementemissionmixin___field_type_of'vc.
Prover result is: Valid (0.01s, 13194 steps).

File "/home/fabrice/git/pycsl/scratchpad/w7/tmp/.pycsl_gwql3f_j.mlw", line 1266, characters 15-68:
Sub-goal postcondition of goal statementemissionmixin___field_type_of'vc.
Prover result is: Valid (0.01s, 13195 steps).

File "/home/fabrice/git/pycsl/scratchpad/w7/tmp/.pycsl_gwql3f_j.mlw", line 1267, characters 15-66:
Sub-goal postcondition of goal statementemissionmixin___field_type_of'vc.
Prover result is: Valid (0.01s, 13196 steps).

File "/home/fabrice/git/pycsl/scratchpad/w7/tmp/.pycsl_gwql3f_j.mlw", line 1268, characters 15-60:
Sub-goal postcondition of goal statementemissionmixin___field_type_of'vc.
Prover result is: Valid (0.01s, 13197 steps).

File "/home/fabrice/git/pycsl/scratchpad/w7/tmp/.pycsl_gwql3f_j.mlw", line 1269, characters 15-60:
Sub-goal postcondition of goal statementemissionmixin___field_type_of'vc.
Prover result is: Valid (0.01s, 13198 steps).

File "/home/fabrice/git/pycsl/scratchpad/w7/tmp/.pycsl_gwql3f_j.mlw", line 1270, characters 15-50:
Sub-goal postcondition of goal statementemissionmixin___field_type_of'vc.
Prover result is: Valid (0.02s, 13199 steps).

File "/home/fabrice/git/pycsl/scratchpad/w7/tmp/.pycsl_gwql3f_j.mlw", line 1271, characters 15-48:
Sub-goal postcondition of goal statementemissionmixin___field_type_of'vc.
Prover result is: Valid (0.01s, 13200 steps).

File "/home/fabrice/git/pycsl/scratchpad/w7/tmp/.pycsl_gwql3f_j.mlw", line 1272, characters 15-76:
Sub-goal postcondition of goal statementemissionmixin___field_type_of'vc.
Prover result is: Valid (0.01s, 13201 steps).

File "/home/fabrice/git/pycsl/scratchpad/w7/tmp/.pycsl_gwql3f_j.mlw", line 1273, characters 15-62:
Sub-goal postcondition of goal statementemissionmixin___field_type_of'vc.
Prover result is: Valid (0.02s, 13202 steps).

File "/home/fabrice/git/pycsl/scratchpad/w7/tmp/.pycsl_gwql3f_j.mlw", line 1264, characters 15-19:
Sub-goal postcondition of goal statementemissionmixin___field_type_of'vc.
Prover result is: Valid (0.01s, 7842 steps).

File "/home/fabrice/git/pycsl/scratchpad/w7/tmp/.pycsl_gwql3f_j.mlw", line 1265, characters 15-56:
Sub-goal postcondition of goal statementemissionmixin___field_type_of'vc.
Prover result is: Valid (0.01s, 7843 steps).

File "/home/fabrice/git/pycsl/scratchpad/w7/tmp/.pycsl_gwql3f_j.mlw", line 1266, characters 15-68:
Sub-goal postcondition of goal statementemissionmixin___field_type_of'vc.
Prover result is: Valid (0.01s, 7844 steps).

File "/home/fabrice/git/pycsl/scratchpad/w7/tmp/.pycsl_gwql3f_j.mlw", line 1267, characters 15-66:
Sub-goal postcondition of goal statementemissionmixin___field_type_of'vc.
Prover result is: Valid (0.01s, 7845 steps).

File "/home/fabrice/git/pycsl/scratchpad/w7/tmp/.pycsl_gwql3f_j.mlw", line 1268, characters 15-60:
Sub-goal postcondition of goal statementemissionmixin___field_type_of'vc.
Prover result is: Valid (0.01s, 7846 steps).

File "/home/fabrice/git/pycsl/scratchpad/w7/tmp/.pycsl_gwql3f_j.mlw", line 1269, characters 15-60:
Sub-goal postcondition of goal statementemissionmixin___field_type_of'vc.
Prover result is: Valid (0.01s, 7847 steps).

File "/home/fabrice/git/pycsl/scratchpad/w7/tmp/.pycsl_gwql3f_j.mlw", line 1270, characters 15-50:
Sub-goal postcondition of goal statementemissionmixin___field_type_of'vc.
Prover result is: Valid (0.01s, 7848 steps).

File "/home/fabrice/git/pycsl/scratchpad/w7/tmp/.pycsl_gwql3f_j.mlw", line 1271, characters 15-48:
Sub-goal postcondition of goal statementemissionmixin___field_type_of'vc.
Prover result is: Valid (0.01s, 7849 steps).

File "/home/fabrice/git/pycsl/scratchpad/w7/tmp/.pycsl_gwql3f_j.mlw", line 1272, characters 15-76:
Sub-goal postcondition of goal statementemissionmixin___field_type_of'vc.
Prover result is: Valid (0.01s, 7850 steps).

File "/home/fabrice/git/pycsl/scratchpad/w7/tmp/.pycsl_gwql3f_j.mlw", line 1273, characters 15-62:
Sub-goal postcondition of goal statementemissionmixin___field_type_of'vc.
Prover result is: Valid (0.01s, 7851 steps).

File "/home/fabrice/git/pycsl/scratchpad/w7/tmp/.pycsl_gwql3f_j.mlw", line 1326, characters 24-39:
Sub-goal loop invariant init of goal statementemissionmixin___field_type_of'vc.
Prover result is: Valid (0.01s, 7842 steps).

File "/home/fabrice/git/pycsl/scratchpad/w7/tmp/.pycsl_gwql3f_j.mlw", line 1264, characters 15-19:
Sub-goal postcondition of goal statementemissionmixin___field_type_of'vc.
Prover result is: Valid (0.01s, 7910 steps).

File "/home/fabrice/git/pycsl/scratchpad/w7/tmp/.pycsl_gwql3f_j.mlw", line 1265, characters 15-56:
Sub-goal postcondition of goal statementemissionmixin___field_type_of'vc.
Prover result is: Valid (0.01s, 7911 steps).

File "/home/fabrice/git/pycsl/scratchpad/w7/tmp/.pycsl_gwql3f_j.mlw", line 1266, characters 15-68:
Sub-goal postcondition of goal statementemissionmixin___field_type_of'vc.
Prover result is: Valid (0.02s, 7912 steps).

File "/home/fabrice/git/pycsl/scratchpad/w7/tmp/.pycsl_gwql3f_j.mlw", line 1267, characters 15-66:
Sub-goal postcondition of goal statementemissionmixin___field_type_of'vc.
Prover result is: Valid (0.01s, 7913 steps).

File "/home/fabrice/git/pycsl/scratchpad/w7/tmp/.pycsl_gwql3f_j.mlw", line 1268, characters 15-60:
Sub-goal postcondition of goal statementemissionmixin___field_type_of'vc.
Prover result is: Valid (0.01s, 7914 steps).

File "/home/fabrice/git/pycsl/scratchpad/w7/tmp/.pycsl_gwql3f_j.mlw", line 1269, characters 15-60:
Sub-goal postcondition of goal statementemissionmixin___field_type_of'vc.
Prover result is: Valid (0.01s, 7915 steps).

File "/home/fabrice/git/pycsl/scratchpad/w7/tmp/.pycsl_gwql3f_j.mlw", line 1270, characters 15-50:
Sub-goal postcondition of goal statementemissionmixin___field_type_of'vc.
Prover result is: Valid (0.01s, 7916 steps).

File "/home/fabrice/git/pycsl/scratchpad/w7/tmp/.pycsl_gwql3f_j.mlw", line 1271, characters 15-48:
Sub-goal postcondition of goal statementemissionmixin___field_type_of'vc.
Prover result is: Valid (0.01s, 7917 steps).

File "/home/fabrice/git/pycsl/scratchpad/w7/tmp/.pycsl_gwql3f_j.mlw", line 1272, characters 15-76:
Sub-goal postcondition of goal statementemissionmixin___field_type_of'vc.
Prover result is: Valid (0.01s, 7918 steps).

File "/home/fabrice/git/pycsl/scratchpad/w7/tmp/.pycsl_gwql3f_j.mlw", line 1273, characters 15-62:
Sub-goal postcondition of goal statementemissionmixin___field_type_of'vc.
Prover result is: Valid (0.01s, 7919 steps).

File "/home/fabrice/git/pycsl/scratchpad/w7/tmp/.pycsl_gwql3f_j.mlw", line 1327, characters 22-71:
Sub-goal loop variant decrease of goal statementemissionmixin___field_type_of'vc.
Prover result is: Valid (0.01s, 7878 steps).

File "/home/fabrice/git/pycsl/scratchpad/w7/tmp/.pycsl_gwql3f_j.mlw", line 1326, characters 24-39:
Sub-goal loop invariant preservation of goal statementemissionmixin___field_type_of'vc.
Prover result is: Valid (0.01s, 7878 steps).

File "/home/fabrice/git/pycsl/scratchpad/w7/tmp/.pycsl_gwql3f_j.mlw", line 1264, characters 15-19:
Sub-goal postcondition of goal statementemissionmixin___field_type_of'vc.
Prover result is: Valid (0.01s, 7844 steps).

File "/home/fabrice/git/pycsl/scratchpad/w7/tmp/.pycsl_gwql3f_j.mlw", line 1265, characters 15-56:
Sub-goal postcondition of goal statementemissionmixin___field_type_of'vc.
Prover result is: Valid (0.01s, 7845 steps).

File "/home/fabrice/git/pycsl/scratchpad/w7/tmp/.pycsl_gwql3f_j.mlw", line 1266, characters 15-68:
Sub-goal postcondition of goal statementemissionmixin___field_type_of'vc.
Prover result is: Valid (0.01s, 7846 steps).

File "/home/fabrice/git/pycsl/scratchpad/w7/tmp/.pycsl_gwql3f_j.mlw", line 1267, characters 15-66:
Sub-goal postcondition of goal statementemissionmixin___field_type_of'vc.
Prover result is: Valid (0.01s, 7847 steps).

File "/home/fabrice/git/pycsl/scratchpad/w7/tmp/.pycsl_gwql3f_j.mlw", line 1268, characters 15-60:
Sub-goal postcondition of goal statementemissionmixin___field_type_of'vc.
Prover result is: Valid (0.01s, 7848 steps).

File "/home/fabrice/git/pycsl/scratchpad/w7/tmp/.pycsl_gwql3f_j.mlw", line 1269, characters 15-60:
Sub-goal postcondition of goal statementemissionmixin___field_type_of'vc.
Prover result is: Valid (0.01s, 7849 steps).

File "/home/fabrice/git/pycsl/scratchpad/w7/tmp/.pycsl_gwql3f_j.mlw", line 1270, characters 15-50:
Sub-goal postcondition of goal statementemissionmixin___field_type_of'vc.
Prover result is: Valid (0.01s, 7850 steps).

File "/home/fabrice/git/pycsl/scratchpad/w7/tmp/.pycsl_gwql3f_j.mlw", line 1271, characters 15-48:
Sub-goal postcondition of goal statementemissionmixin___field_type_of'vc.
Prover result is: Valid (0.01s, 7851 steps).

File "/home/fabrice/git/pycsl/scratchpad/w7/tmp/.pycsl_gwql3f_j.mlw", line 1272, characters 15-76:
Sub-goal postcondition of goal statementemissionmixin___field_type_of'vc.
Prover result is: Valid (0.01s, 7852 steps).

File "/home/fabrice/git/pycsl/scratchpad/w7/tmp/.pycsl_gwql3f_j.mlw", line 1273, characters 15-62:
Sub-goal postcondition of goal statementemissionmixin___field_type_of'vc.
Prover result is: Valid (0.01s, 7853 steps).

File "/home/fabrice/git/pycsl/scratchpad/w7/tmp/.pycsl_gwql3f_j.mlw", line 1341, characters 15-19:
Sub-goal postcondition of goal statementemissionmixin___rhs_yields_array'vc.
Prover result is: Valid (0.01s, 5050 steps).

File "/home/fabrice/git/pycsl/scratchpad/w7/tmp/.pycsl_gwql3f_j.mlw", line 1342, characters 15-56:
Sub-goal postcondition of goal statementemissionmixin___rhs_yields_array'vc.
Prover result is: Valid (0.01s, 5051 steps).

File "/home/fabrice/git/pycsl/scratchpad/w7/tmp/.pycsl_gwql3f_j.mlw", line 1343, characters 15-68:
Sub-goal postcondition of goal statementemissionmixin___rhs_yields_array'vc.
Prover result is: Valid (0.01s, 5052 steps).

File "/home/fabrice/git/pycsl/scratchpad/w7/tmp/.pycsl_gwql3f_j.mlw", line 1344, characters 15-66:
Sub-goal postcondition of goal statementemissionmixin___rhs_yields_array'vc.
Prover result is: Valid (0.01s, 5053 steps).

File "/home/fabrice/git/pycsl/scratchpad/w7/tmp/.pycsl_gwql3f_j.mlw", line 1345, characters 15-60:
Sub-goal postcondition of goal statementemissionmixin___rhs_yields_array'vc.
Prover result is: Valid (0.01s, 5054 steps).

File "/home/fabrice/git/pycsl/scratchpad/w7/tmp/.pycsl_gwql3f_j.mlw", line 1346, characters 15-60:
Sub-goal postcondition of goal statementemissionmixin___rhs_yields_array'vc.
Prover result is: Valid (0.01s, 5055 steps).

File "/home/fabrice/git/pycsl/scratchpad/w7/tmp/.pycsl_gwql3f_j.mlw", line 1347, characters 15-50:
Sub-goal postcondition of goal statementemissionmixin___rhs_yields_array'vc.
Prover result is: Valid (0.01s, 5056 steps).

File "/home/fabrice/git/pycsl/scratchpad/w7/tmp/.pycsl_gwql3f_j.mlw", line 1348, characters 15-48:
Sub-goal postcondition of goal statementemissionmixin___rhs_yields_array'vc.
Prover result is: Valid (0.01s, 5057 steps).

File "/home/fabrice/git/pycsl/scratchpad/w7/tmp/.pycsl_gwql3f_j.mlw", line 1349, characters 15-76:
Sub-goal postcondition of goal statementemissionmixin___rhs_yields_array'vc.
Prover result is: Valid (0.01s, 5058 steps).

File "/home/fabrice/git/pycsl/scratchpad/w7/tmp/.pycsl_gwql3f_j.mlw", line 1350, characters 15-62:
Sub-goal postcondition of goal statementemissionmixin___rhs_yields_array'vc.
Prover result is: Valid (0.01s, 5059 steps).

File "/home/fabrice/git/pycsl/scratchpad/w7/tmp/.pycsl_gwql3f_j.mlw", line 1341, characters 15-19:
Sub-goal postcondition of goal statementemissionmixin___rhs_yields_array'vc.
Prover result is: Valid (0.01s, 13044 steps).

File "/home/fabrice/git/pycsl/scratchpad/w7/tmp/.pycsl_gwql3f_j.mlw", line 1342, characters 15-56:
Sub-goal postcondition of goal statementemissionmixin___rhs_yields_array'vc.
Prover result is: Valid (0.01s, 13045 steps).

File "/home/fabrice/git/pycsl/scratchpad/w7/tmp/.pycsl_gwql3f_j.mlw", line 1343, characters 15-68:
Sub-goal postcondition of goal statementemissionmixin___rhs_yields_array'vc.
Prover result is: Valid (0.01s, 13046 steps).

File "/home/fabrice/git/pycsl/scratchpad/w7/tmp/.pycsl_gwql3f_j.mlw", line 1344, characters 15-66:
Sub-goal postcondition of goal statementemissionmixin___rhs_yields_array'vc.
Prover result is: Valid (0.02s, 13047 steps).

File "/home/fabrice/git/pycsl/scratchpad/w7/tmp/.pycsl_gwql3f_j.mlw", line 1345, characters 15-60:
Sub-goal postcondition of goal statementemissionmixin___rhs_yields_array'vc.
Prover result is: Valid (0.01s, 13048 steps).

File "/home/fabrice/git/pycsl/scratchpad/w7/tmp/.pycsl_gwql3f_j.mlw", line 1346, characters 15-60:
Sub-goal postcondition of goal statementemissionmixin___rhs_yields_array'vc.
Prover result is: Valid (0.01s, 13049 steps).

File "/home/fabrice/git/pycsl/scratchpad/w7/tmp/.pycsl_gwql3f_j.mlw", line 1347, characters 15-50:
Sub-goal postcondition of goal statementemissionmixin___rhs_yields_array'vc.
Prover result is: Valid (0.01s, 13050 steps).

File "/home/fabrice/git/pycsl/scratchpad/w7/tmp/.pycsl_gwql3f_j.mlw", line 1348, characters 15-48:
Sub-goal postcondition of goal statementemissionmixin___rhs_yields_array'vc.
Prover result is: Valid (0.01s, 13051 steps).

File "/home/fabrice/git/pycsl/scratchpad/w7/tmp/.pycsl_gwql3f_j.mlw", line 1349, characters 15-76:
Sub-goal postcondition of goal statementemissionmixin___rhs_yields_array'vc.
Prover result is: Valid (0.01s, 13052 steps).

File "/home/fabrice/git/pycsl/scratchpad/w7/tmp/.pycsl_gwql3f_j.mlw", line 1350, characters 15-62:
Sub-goal postcondition of goal statementemissionmixin___rhs_yields_array'vc.
Prover result is: Valid (0.01s, 13053 steps).

File "/home/fabrice/git/pycsl/scratchpad/w7/tmp/.pycsl_gwql3f_j.mlw", line 1341, characters 15-19:
Sub-goal postcondition of goal statementemissionmixin___rhs_yields_array'vc.
Prover result is: Valid (0.02s, 13270 steps).

File "/home/fabrice/git/pycsl/scratchpad/w7/tmp/.pycsl_gwql3f_j.mlw", line 1342, characters 15-56:
Sub-goal postcondition of goal statementemissionmixin___rhs_yields_array'vc.
Prover result is: Valid (0.01s, 13271 steps).

File "/home/fabrice/git/pycsl/scratchpad/w7/tmp/.pycsl_gwql3f_j.mlw", line 1343, characters 15-68:
Sub-goal postcondition of goal statementemissionmixin___rhs_yields_array'vc.
Prover result is: Valid (0.01s, 13272 steps).

File "/home/fabrice/git/pycsl/scratchpad/w7/tmp/.pycsl_gwql3f_j.mlw", line 1344, characters 15-66:
Sub-goal postcondition of goal statementemissionmixin___rhs_yields_array'vc.
Prover result is: Valid (0.01s, 13273 steps).

File "/home/fabrice/git/pycsl/scratchpad/w7/tmp/.pycsl_gwql3f_j.mlw", line 1345, characters 15-60:
Sub-goal postcondition of goal statementemissionmixin___rhs_yields_array'vc.
Prover result is: Valid (0.01s, 13274 steps).

File "/home/fabrice/git/pycsl/scratchpad/w7/tmp/.pycsl_gwql3f_j.mlw", line 1346, characters 15-60:
Sub-goal postcondition of goal statementemissionmixin___rhs_yields_array'vc.
Prover result is: Valid (0.01s, 13275 steps).

File "/home/fabrice/git/pycsl/scratchpad/w7/tmp/.pycsl_gwql3f_j.mlw", line 1347, characters 15-50:
Sub-goal postcondition of goal statementemissionmixin___rhs_yields_array'vc.
Prover result is: Valid (0.01s, 13276 steps).

File "/home/fabrice/git/pycsl/scratchpad/w7/tmp/.pycsl_gwql3f_j.mlw", line 1348, characters 15-48:
Sub-goal postcondition of goal statementemissionmixin___rhs_yields_array'vc.
Prover result is: Valid (0.01s, 13277 steps).

File "/home/fabrice/git/pycsl/scratchpad/w7/tmp/.pycsl_gwql3f_j.mlw", line 1349, characters 15-76:
Sub-goal postcondition of goal statementemissionmixin___rhs_yields_array'vc.
Prover result is: Valid (0.01s, 13278 steps).

File "/home/fabrice/git/pycsl/scratchpad/w7/tmp/.pycsl_gwql3f_j.mlw", line 1350, characters 15-62:
Sub-goal postcondition of goal statementemissionmixin___rhs_yields_array'vc.
Prover result is: Valid (0.01s, 13279 steps).

File "/home/fabrice/git/pycsl/scratchpad/w7/tmp/.pycsl_gwql3f_j.mlw", line 1341, characters 15-19:
Sub-goal postcondition of goal statementemissionmixin___rhs_yields_array'vc.
Prover result is: Valid (0.01s, 13267 steps).

File "/home/fabrice/git/pycsl/scratchpad/w7/tmp/.pycsl_gwql3f_j.mlw", line 1342, characters 15-56:
Sub-goal postcondition of goal statementemissionmixin___rhs_yields_array'vc.
Prover result is: Valid (0.01s, 13268 steps).

File "/home/fabrice/git/pycsl/scratchpad/w7/tmp/.pycsl_gwql3f_j.mlw", line 1343, characters 15-68:
Sub-goal postcondition of goal statementemissionmixin___rhs_yields_array'vc.
Prover result is: Valid (0.01s, 13269 steps).

File "/home/fabrice/git/pycsl/scratchpad/w7/tmp/.pycsl_gwql3f_j.mlw", line 1344, characters 15-66:
Sub-goal postcondition of goal statementemissionmixin___rhs_yields_array'vc.
Prover result is: Valid (0.01s, 13270 steps).

File "/home/fabrice/git/pycsl/scratchpad/w7/tmp/.pycsl_gwql3f_j.mlw", line 1345, characters 15-60:
Sub-goal postcondition of goal statementemissionmixin___rhs_yields_array'vc.
Prover result is: Valid (0.01s, 13271 steps).

File "/home/fabrice/git/pycsl/scratchpad/w7/tmp/.pycsl_gwql3f_j.mlw", line 1346, characters 15-60:
Sub-goal postcondition of goal statementemissionmixin___rhs_yields_array'vc.
Prover result is: Valid (0.01s, 13272 steps).

File "/home/fabrice/git/pycsl/scratchpad/w7/tmp/.pycsl_gwql3f_j.mlw", line 1347, characters 15-50:
Sub-goal postcondition of goal statementemissionmixin___rhs_yields_array'vc.
Prover result is: Valid (0.01s, 13273 steps).

File "/home/fabrice/git/pycsl/scratchpad/w7/tmp/.pycsl_gwql3f_j.mlw", line 1348, characters 15-48:
Sub-goal postcondition of goal statementemissionmixin___rhs_yields_array'vc.
Prover result is: Valid (0.01s, 13274 steps).

File "/home/fabrice/git/pycsl/scratchpad/w7/tmp/.pycsl_gwql3f_j.mlw", line 1349, characters 15-76:
Sub-goal postcondition of goal statementemissionmixin___rhs_yields_array'vc.
Prover result is: Valid (0.01s, 13275 steps).

File "/home/fabrice/git/pycsl/scratchpad/w7/tmp/.pycsl_gwql3f_j.mlw", line 1350, characters 15-62:
Sub-goal postcondition of goal statementemissionmixin___rhs_yields_array'vc.
Prover result is: Valid (0.01s, 13276 steps).

File "/home/fabrice/git/pycsl/scratchpad/w7/tmp/.pycsl_gwql3f_j.mlw", line 1377, characters 35-87:
Sub-goal precondition of goal statementemissionmixin___rhs_yields_array'vc.
Prover result is: Valid (0.01s, 11956 steps).

File "/home/fabrice/git/pycsl/scratchpad/w7/tmp/.pycsl_gwql3f_j.mlw", line 1341, characters 15-19:
Sub-goal postcondition of goal statementemissionmixin___rhs_yields_array'vc.
Prover result is: Valid (0.01s, 12190 steps).

File "/home/fabrice/git/pycsl/scratchpad/w7/tmp/.pycsl_gwql3f_j.mlw", line 1342, characters 15-56:
Sub-goal postcondition of goal statementemissionmixin___rhs_yields_array'vc.
Prover result is: Valid (0.01s, 12191 steps).

File "/home/fabrice/git/pycsl/scratchpad/w7/tmp/.pycsl_gwql3f_j.mlw", line 1343, characters 15-68:
Sub-goal postcondition of goal statementemissionmixin___rhs_yields_array'vc.
Prover result is: Valid (0.01s, 12192 steps).

File "/home/fabrice/git/pycsl/scratchpad/w7/tmp/.pycsl_gwql3f_j.mlw", line 1344, characters 15-66:
Sub-goal postcondition of goal statementemissionmixin___rhs_yields_array'vc.
Prover result is: Valid (0.01s, 12193 steps).

File "/home/fabrice/git/pycsl/scratchpad/w7/tmp/.pycsl_gwql3f_j.mlw", line 1345, characters 15-60:
Sub-goal postcondition of goal statementemissionmixin___rhs_yields_array'vc.
Prover result is: Valid (0.01s, 12194 steps).

File "/home/fabrice/git/pycsl/scratchpad/w7/tmp/.pycsl_gwql3f_j.mlw", line 1346, characters 15-60:
Sub-goal postcondition of goal statementemissionmixin___rhs_yields_array'vc.
Prover result is: Valid (0.01s, 12195 steps).

File "/home/fabrice/git/pycsl/scratchpad/w7/tmp/.pycsl_gwql3f_j.mlw", line 1347, characters 15-50:
Sub-goal postcondition of goal statementemissionmixin___rhs_yields_array'vc.
Prover result is: Valid (0.01s, 12196 steps).

File "/home/fabrice/git/pycsl/scratchpad/w7/tmp/.pycsl_gwql3f_j.mlw", line 1348, characters 15-48:
Sub-goal postcondition of goal statementemissionmixin___rhs_yields_array'vc.
Prover result is: Valid (0.01s, 12197 steps).

File "/home/fabrice/git/pycsl/scratchpad/w7/tmp/.pycsl_gwql3f_j.mlw", line 1349, characters 15-76:
Sub-goal postcondition of goal statementemissionmixin___rhs_yields_array'vc.
Prover result is: Valid (0.01s, 12198 steps).

File "/home/fabrice/git/pycsl/scratchpad/w7/tmp/.pycsl_gwql3f_j.mlw", line 1350, characters 15-62:
Sub-goal postcondition of goal statementemissionmixin___rhs_yields_array'vc.
Prover result is: Valid (0.01s, 12199 steps).

File "/home/fabrice/git/pycsl/scratchpad/w7/tmp/.pycsl_gwql3f_j.mlw", line 1341, characters 15-19:
Sub-goal postcondition of goal statementemissionmixin___rhs_yields_array'vc.
Prover result is: Valid (0.01s, 13234 steps).

File "/home/fabrice/git/pycsl/scratchpad/w7/tmp/.pycsl_gwql3f_j.mlw", line 1342, characters 15-56:
Sub-goal postcondition of goal statementemissionmixin___rhs_yields_array'vc.
Prover result is: Valid (0.01s, 13235 steps).

File "/home/fabrice/git/pycsl/scratchpad/w7/tmp/.pycsl_gwql3f_j.mlw", line 1343, characters 15-68:
Sub-goal postcondition of goal statementemissionmixin___rhs_yields_array'vc.
Prover result is: Valid (0.02s, 13236 steps).

File "/home/fabrice/git/pycsl/scratchpad/w7/tmp/.pycsl_gwql3f_j.mlw", line 1344, characters 15-66:
Sub-goal postcondition of goal statementemissionmixin___rhs_yields_array'vc.
Prover result is: Valid (0.01s, 13237 steps).

File "/home/fabrice/git/pycsl/scratchpad/w7/tmp/.pycsl_gwql3f_j.mlw", line 1345, characters 15-60:
Sub-goal postcondition of goal statementemissionmixin___rhs_yields_array'vc.
Prover result is: Valid (0.01s, 13238 steps).

File "/home/fabrice/git/pycsl/scratchpad/w7/tmp/.pycsl_gwql3f_j.mlw", line 1346, characters 15-60:
Sub-goal postcondition of goal statementemissionmixin___rhs_yields_array'vc.
Prover result is: Valid (0.01s, 13239 steps).

File "/home/fabrice/git/pycsl/scratchpad/w7/tmp/.pycsl_gwql3f_j.mlw", line 1347, characters 15-50:
Sub-goal postcondition of goal statementemissionmixin___rhs_yields_array'vc.
Prover result is: Valid (0.01s, 13240 steps).

File "/home/fabrice/git/pycsl/scratchpad/w7/tmp/.pycsl_gwql3f_j.mlw", line 1348, characters 15-48:
Sub-goal postcondition of goal statementemissionmixin___rhs_yields_array'vc.
Prover result is: Valid (0.01s, 13241 steps).

File "/home/fabrice/git/pycsl/scratchpad/w7/tmp/.pycsl_gwql3f_j.mlw", line 1349, characters 15-76:
Sub-goal postcondition of goal statementemissionmixin___rhs_yields_array'vc.
Prover result is: Valid (0.01s, 13242 steps).

File "/home/fabrice/git/pycsl/scratchpad/w7/tmp/.pycsl_gwql3f_j.mlw", line 1350, characters 15-62:
Sub-goal postcondition of goal statementemissionmixin___rhs_yields_array'vc.
Prover result is: Valid (0.01s, 13243 steps).

File "/home/fabrice/git/pycsl/scratchpad/w7/tmp/.pycsl_gwql3f_j.mlw", line 1341, characters 15-19:
Sub-goal postcondition of goal statementemissionmixin___rhs_yields_array'vc.
Prover result is: Valid (0.01s, 13077 steps).

File "/home/fabrice/git/pycsl/scratchpad/w7/tmp/.pycsl_gwql3f_j.mlw", line 1342, characters 15-56:
Sub-goal postcondition of goal statementemissionmixin___rhs_yields_array'vc.
Prover result is: Valid (0.02s, 13078 steps).

File "/home/fabrice/git/pycsl/scratchpad/w7/tmp/.pycsl_gwql3f_j.mlw", line 1343, characters 15-68:
Sub-goal postcondition of goal statementemissionmixin___rhs_yields_array'vc.
Prover result is: Valid (0.01s, 13079 steps).

File "/home/fabrice/git/pycsl/scratchpad/w7/tmp/.pycsl_gwql3f_j.mlw", line 1344, characters 15-66:
Sub-goal postcondition of goal statementemissionmixin___rhs_yields_array'vc.
Prover result is: Valid (0.01s, 13080 steps).

File "/home/fabrice/git/pycsl/scratchpad/w7/tmp/.pycsl_gwql3f_j.mlw", line 1345, characters 15-60:
Sub-goal postcondition of goal statementemissionmixin___rhs_yields_array'vc.
Prover result is: Valid (0.01s, 13081 steps).

File "/home/fabrice/git/pycsl/scratchpad/w7/tmp/.pycsl_gwql3f_j.mlw", line 1346, characters 15-60:
Sub-goal postcondition of goal statementemissionmixin___rhs_yields_array'vc.
Prover result is: Valid (0.02s, 13082 steps).

File "/home/fabrice/git/pycsl/scratchpad/w7/tmp/.pycsl_gwql3f_j.mlw", line 1347, characters 15-50:
Sub-goal postcondition of goal statementemissionmixin___rhs_yields_array'vc.
Prover result is: Valid (0.01s, 13083 steps).

File "/home/fabrice/git/pycsl/scratchpad/w7/tmp/.pycsl_gwql3f_j.mlw", line 1348, characters 15-48:
Sub-goal postcondition of goal statementemissionmixin___rhs_yields_array'vc.
Prover result is: Valid (0.02s, 13084 steps).

File "/home/fabrice/git/pycsl/scratchpad/w7/tmp/.pycsl_gwql3f_j.mlw", line 1349, characters 15-76:
Sub-goal postcondition of goal statementemissionmixin___rhs_yields_array'vc.
Prover result is: Valid (0.01s, 13085 steps).

File "/home/fabrice/git/pycsl/scratchpad/w7/tmp/.pycsl_gwql3f_j.mlw", line 1350, characters 15-62:
Sub-goal postcondition of goal statementemissionmixin___rhs_yields_array'vc.
Prover result is: Valid (0.02s, 13086 steps).

File "/home/fabrice/git/pycsl/scratchpad/w7/tmp/.pycsl_gwql3f_j.mlw", line 1341, characters 15-19:
Sub-goal postcondition of goal statementemissionmixin___rhs_yields_array'vc.
Prover result is: Valid (0.01s, 11972 steps).

File "/home/fabrice/git/pycsl/scratchpad/w7/tmp/.pycsl_gwql3f_j.mlw", line 1342, characters 15-56:
Sub-goal postcondition of goal statementemissionmixin___rhs_yields_array'vc.
Prover result is: Valid (0.02s, 11973 steps).

File "/home/fabrice/git/pycsl/scratchpad/w7/tmp/.pycsl_gwql3f_j.mlw", line 1343, characters 15-68:
Sub-goal postcondition of goal statementemissionmixin___rhs_yields_array'vc.
Prover result is: Valid (0.01s, 11974 steps).

File "/home/fabrice/git/pycsl/scratchpad/w7/tmp/.pycsl_gwql3f_j.mlw", line 1344, characters 15-66:
Sub-goal postcondition of goal statementemissionmixin___rhs_yields_array'vc.
Prover result is: Valid (0.02s, 11975 steps).

File "/home/fabrice/git/pycsl/scratchpad/w7/tmp/.pycsl_gwql3f_j.mlw", line 1345, characters 15-60:
Sub-goal postcondition of goal statementemissionmixin___rhs_yields_array'vc.
Prover result is: Valid (0.01s, 11976 steps).

File "/home/fabrice/git/pycsl/scratchpad/w7/tmp/.pycsl_gwql3f_j.mlw", line 1346, characters 15-60:
Sub-goal postcondition of goal statementemissionmixin___rhs_yields_array'vc.
Prover result is: Valid (0.01s, 11977 steps).

File "/home/fabrice/git/pycsl/scratchpad/w7/tmp/.pycsl_gwql3f_j.mlw", line 1347, characters 15-50:
Sub-goal postcondition of goal statementemissionmixin___rhs_yields_array'vc.
Prover result is: Valid (0.01s, 11978 steps).

File "/home/fabrice/git/pycsl/scratchpad/w7/tmp/.pycsl_gwql3f_j.mlw", line 1348, characters 15-48:
Sub-goal postcondition of goal statementemissionmixin___rhs_yields_array'vc.
Prover result is: Valid (0.02s, 11979 steps).

File "/home/fabrice/git/pycsl/scratchpad/w7/tmp/.pycsl_gwql3f_j.mlw", line 1349, characters 15-76:
Sub-goal postcondition of goal statementemissionmixin___rhs_yields_array'vc.
Prover result is: Valid (0.02s, 11980 steps).

File "/home/fabrice/git/pycsl/scratchpad/w7/tmp/.pycsl_gwql3f_j.mlw", line 1350, characters 15-62:
Sub-goal postcondition of goal statementemissionmixin___rhs_yields_array'vc.
Prover result is: Valid (0.01s, 11981 steps).

File "/home/fabrice/git/pycsl/scratchpad/w7/tmp/.pycsl_gwql3f_j.mlw", line 1399, characters 15-19:
Sub-goal postcondition of goal statementemissionmixin___rhs_yields_map'vc.
Prover result is: Valid (0.02s, 5050 steps).

File "/home/fabrice/git/pycsl/scratchpad/w7/tmp/.pycsl_gwql3f_j.mlw", line 1400, characters 15-56:
Sub-goal postcondition of goal statementemissionmixin___rhs_yields_map'vc.
Prover result is: Valid (0.01s, 5051 steps).

File "/home/fabrice/git/pycsl/scratchpad/w7/tmp/.pycsl_gwql3f_j.mlw", line 1401, characters 15-68:
Sub-goal postcondition of goal statementemissionmixin___rhs_yields_map'vc.
Prover result is: Valid (0.01s, 5052 steps).

File "/home/fabrice/git/pycsl/scratchpad/w7/tmp/.pycsl_gwql3f_j.mlw", line 1402, characters 15-66:
Sub-goal postcondition of goal statementemissionmixin___rhs_yields_map'vc.
Prover result is: Valid (0.01s, 5053 steps).

File "/home/fabrice/git/pycsl/scratchpad/w7/tmp/.pycsl_gwql3f_j.mlw", line 1403, characters 15-60:
Sub-goal postcondition of goal statementemissionmixin___rhs_yields_map'vc.
Prover result is: Valid (0.01s, 5054 steps).

File "/home/fabrice/git/pycsl/scratchpad/w7/tmp/.pycsl_gwql3f_j.mlw", line 1404, characters 15-60:
Sub-goal postcondition of goal statementemissionmixin___rhs_yields_map'vc.
Prover result is: Valid (0.01s, 5055 steps).

File "/home/fabrice/git/pycsl/scratchpad/w7/tmp/.pycsl_gwql3f_j.mlw", line 1405, characters 15-50:
Sub-goal postcondition of goal statementemissionmixin___rhs_yields_map'vc.
Prover result is: Valid (0.01s, 5056 steps).

File "/home/fabrice/git/pycsl/scratchpad/w7/tmp/.pycsl_gwql3f_j.mlw", line 1406, characters 15-48:
Sub-goal postcondition of goal statementemissionmixin___rhs_yields_map'vc.
Prover result is: Valid (0.01s, 5057 steps).

File "/home/fabrice/git/pycsl/scratchpad/w7/tmp/.pycsl_gwql3f_j.mlw", line 1407, characters 15-76:
Sub-goal postcondition of goal statementemissionmixin___rhs_yields_map'vc.
Prover result is: Valid (0.01s, 5058 steps).

File "/home/fabrice/git/pycsl/scratchpad/w7/tmp/.pycsl_gwql3f_j.mlw", line 1408, characters 15-62:
Sub-goal postcondition of goal statementemissionmixin___rhs_yields_map'vc.
Prover result is: Valid (0.01s, 5059 steps).

File "/home/fabrice/git/pycsl/scratchpad/w7/tmp/.pycsl_gwql3f_j.mlw", line 1399, characters 15-19:
Sub-goal postcondition of goal statementemissionmixin___rhs_yields_map'vc.
Prover result is: Valid (0.01s, 13010 steps).

File "/home/fabrice/git/pycsl/scratchpad/w7/tmp/.pycsl_gwql3f_j.mlw", line 1400, characters 15-56:
Sub-goal postcondition of goal statementemissionmixin___rhs_yields_map'vc.
Prover result is: Valid (0.01s, 13011 steps).

File "/home/fabrice/git/pycsl/scratchpad/w7/tmp/.pycsl_gwql3f_j.mlw", line 1401, characters 15-68:
Sub-goal postcondition of goal statementemissionmixin___rhs_yields_map'vc.
Prover result is: Valid (0.01s, 13012 steps).

File "/home/fabrice/git/pycsl/scratchpad/w7/tmp/.pycsl_gwql3f_j.mlw", line 1402, characters 15-66:
Sub-goal postcondition of goal statementemissionmixin___rhs_yields_map'vc.
Prover result is: Valid (0.01s, 13013 steps).

File "/home/fabrice/git/pycsl/scratchpad/w7/tmp/.pycsl_gwql3f_j.mlw", line 1403, characters 15-60:
Sub-goal postcondition of goal statementemissionmixin___rhs_yields_map'vc.
Prover result is: Valid (0.01s, 13014 steps).

File "/home/fabrice/git/pycsl/scratchpad/w7/tmp/.pycsl_gwql3f_j.mlw", line 1404, characters 15-60:
Sub-goal postcondition of goal statementemissionmixin___rhs_yields_map'vc.
Prover result is: Valid (0.01s, 13015 steps).

File "/home/fabrice/git/pycsl/scratchpad/w7/tmp/.pycsl_gwql3f_j.mlw", line 1405, characters 15-50:
Sub-goal postcondition of goal statementemissionmixin___rhs_yields_map'vc.
Prover result is: Valid (0.01s, 13016 steps).

File "/home/fabrice/git/pycsl/scratchpad/w7/tmp/.pycsl_gwql3f_j.mlw", line 1406, characters 15-48:
Sub-goal postcondition of goal statementemissionmixin___rhs_yields_map'vc.
Prover result is: Valid (0.01s, 13017 steps).

File "/home/fabrice/git/pycsl/scratchpad/w7/tmp/.pycsl_gwql3f_j.mlw", line 1407, characters 15-76:
Sub-goal postcondition of goal statementemissionmixin___rhs_yields_map'vc.
Prover result is: Valid (0.01s, 13018 steps).

File "/home/fabrice/git/pycsl/scratchpad/w7/tmp/.pycsl_gwql3f_j.mlw", line 1408, characters 15-62:
Sub-goal postcondition of goal statementemissionmixin___rhs_yields_map'vc.
Prover result is: Valid (0.01s, 13019 steps).

File "/home/fabrice/git/pycsl/scratchpad/w7/tmp/.pycsl_gwql3f_j.mlw", line 1399, characters 15-19:
Sub-goal postcondition of goal statementemissionmixin___rhs_yields_map'vc.
Prover result is: Valid (0.01s, 13189 steps).

File "/home/fabrice/git/pycsl/scratchpad/w7/tmp/.pycsl_gwql3f_j.mlw", line 1400, characters 15-56:
Sub-goal postcondition of goal statementemissionmixin___rhs_yields_map'vc.
Prover result is: Valid (0.01s, 13190 steps).

File "/home/fabrice/git/pycsl/scratchpad/w7/tmp/.pycsl_gwql3f_j.mlw", line 1401, characters 15-68:
Sub-goal postcondition of goal statementemissionmixin___rhs_yields_map'vc.
Prover result is: Valid (0.01s, 13191 steps).

File "/home/fabrice/git/pycsl/scratchpad/w7/tmp/.pycsl_gwql3f_j.mlw", line 1402, characters 15-66:
Sub-goal postcondition of goal statementemissionmixin___rhs_yields_map'vc.
Prover result is: Valid (0.01s, 13192 steps).

File "/home/fabrice/git/pycsl/scratchpad/w7/tmp/.pycsl_gwql3f_j.mlw", line 1403, characters 15-60:
Sub-goal postcondition of goal statementemissionmixin___rhs_yields_map'vc.
Prover result is: Valid (0.01s, 13193 steps).

File "/home/fabrice/git/pycsl/scratchpad/w7/tmp/.pycsl_gwql3f_j.mlw", line 1404, characters 15-60:
Sub-goal postcondition of goal statementemissionmixin___rhs_yields_map'vc.
Prover result is: Valid (0.01s, 13194 steps).

File "/home/fabrice/git/pycsl/scratchpad/w7/tmp/.pycsl_gwql3f_j.mlw", line 1405, characters 15-50:
Sub-goal postcondition of goal statementemissionmixin___rhs_yields_map'vc.
Prover result is: Valid (0.01s, 13195 steps).

File "/home/fabrice/git/pycsl/scratchpad/w7/tmp/.pycsl_gwql3f_j.mlw", line 1406, characters 15-48:
Sub-goal postcondition of goal statementemissionmixin___rhs_yields_map'vc.
Prover result is: Valid (0.01s, 13196 steps).

File "/home/fabrice/git/pycsl/scratchpad/w7/tmp/.pycsl_gwql3f_j.mlw", line 1407, characters 15-76:
Sub-goal postcondition of goal statementemissionmixin___rhs_yields_map'vc.
Prover result is: Valid (0.01s, 13197 steps).

File "/home/fabrice/git/pycsl/scratchpad/w7/tmp/.pycsl_gwql3f_j.mlw", line 1408, characters 15-62:
Sub-goal postcondition of goal statementemissionmixin___rhs_yields_map'vc.
Prover result is: Valid (0.01s, 13198 steps).

File "/home/fabrice/git/pycsl/scratchpad/w7/tmp/.pycsl_gwql3f_j.mlw", line 1399, characters 15-19:
Sub-goal postcondition of goal statementemissionmixin___rhs_yields_map'vc.
Prover result is: Valid (0.01s, 13190 steps).

File "/home/fabrice/git/pycsl/scratchpad/w7/tmp/.pycsl_gwql3f_j.mlw", line 1400, characters 15-56:
Sub-goal postcondition of goal statementemissionmixin___rhs_yields_map'vc.
Prover result is: Valid (0.01s, 13191 steps).

File "/home/fabrice/git/pycsl/scratchpad/w7/tmp/.pycsl_gwql3f_j.mlw", line 1401, characters 15-68:
Sub-goal postcondition of goal statementemissionmixin___rhs_yields_map'vc.
Prover result is: Valid (0.01s, 13192 steps).

File "/home/fabrice/git/pycsl/scratchpad/w7/tmp/.pycsl_gwql3f_j.mlw", line 1402, characters 15-66:
Sub-goal postcondition of goal statementemissionmixin___rhs_yields_map'vc.
Prover result is: Valid (0.01s, 13193 steps).

File "/home/fabrice/git/pycsl/scratchpad/w7/tmp/.pycsl_gwql3f_j.mlw", line 1403, characters 15-60:
Sub-goal postcondition of goal statementemissionmixin___rhs_yields_map'vc.
Prover result is: Valid (0.01s, 13194 steps).

File "/home/fabrice/git/pycsl/scratchpad/w7/tmp/.pycsl_gwql3f_j.mlw", line 1404, characters 15-60:
Sub-goal postcondition of goal statementemissionmixin___rhs_yields_map'vc.
Prover result is: Valid (0.01s, 13195 steps).

File "/home/fabrice/git/pycsl/scratchpad/w7/tmp/.pycsl_gwql3f_j.mlw", line 1405, characters 15-50:
Sub-goal postcondition of goal statementemissionmixin___rhs_yields_map'vc.
Prover result is: Valid (0.01s, 13196 steps).

File "/home/fabrice/git/pycsl/scratchpad/w7/tmp/.pycsl_gwql3f_j.mlw", line 1406, characters 15-48:
Sub-goal postcondition of goal statementemissionmixin___rhs_yields_map'vc.
Prover result is: Valid (0.01s, 13197 steps).

File "/home/fabrice/git/pycsl/scratchpad/w7/tmp/.pycsl_gwql3f_j.mlw", line 1407, characters 15-76:
Sub-goal postcondition of goal statementemissionmixin___rhs_yields_map'vc.
Prover result is: Valid (0.01s, 13198 steps).

File "/home/fabrice/git/pycsl/scratchpad/w7/tmp/.pycsl_gwql3f_j.mlw", line 1408, characters 15-62:
Sub-goal postcondition of goal statementemissionmixin___rhs_yields_map'vc.
Prover result is: Valid (0.01s, 13199 steps).

File "/home/fabrice/git/pycsl/scratchpad/w7/tmp/.pycsl_gwql3f_j.mlw", line 1436, characters 35-87:
Sub-goal precondition of goal statementemissionmixin___rhs_yields_map'vc.
Prover result is: Valid (0.01s, 11993 steps).

File "/home/fabrice/git/pycsl/scratchpad/w7/tmp/.pycsl_gwql3f_j.mlw", line 1399, characters 15-19:
Sub-goal postcondition of goal statementemissionmixin___rhs_yields_map'vc.
Prover result is: Valid (0.01s, 12147 steps).

File "/home/fabrice/git/pycsl/scratchpad/w7/tmp/.pycsl_gwql3f_j.mlw", line 1400, characters 15-56:
Sub-goal postcondition of goal statementemissionmixin___rhs_yields_map'vc.
Prover result is: Valid (0.01s, 12148 steps).

File "/home/fabrice/git/pycsl/scratchpad/w7/tmp/.pycsl_gwql3f_j.mlw", line 1401, characters 15-68:
Sub-goal postcondition of goal statementemissionmixin___rhs_yields_map'vc.
Prover result is: Valid (0.01s, 12149 steps).

File "/home/fabrice/git/pycsl/scratchpad/w7/tmp/.pycsl_gwql3f_j.mlw", line 1402, characters 15-66:
Sub-goal postcondition of goal statementemissionmixin___rhs_yields_map'vc.
Prover result is: Valid (0.02s, 12150 steps).

File "/home/fabrice/git/pycsl/scratchpad/w7/tmp/.pycsl_gwql3f_j.mlw", line 1403, characters 15-60:
Sub-goal postcondition of goal statementemissionmixin___rhs_yields_map'vc.
Prover result is: Valid (0.01s, 12151 steps).

File "/home/fabrice/git/pycsl/scratchpad/w7/tmp/.pycsl_gwql3f_j.mlw", line 1404, characters 15-60:
Sub-goal postcondition of goal statementemissionmixin___rhs_yields_map'vc.
Prover result is: Valid (0.01s, 12152 steps).

File "/home/fabrice/git/pycsl/scratchpad/w7/tmp/.pycsl_gwql3f_j.mlw", line 1405, characters 15-50:
Sub-goal postcondition of goal statementemissionmixin___rhs_yields_map'vc.
Prover result is: Valid (0.01s, 12153 steps).

File "/home/fabrice/git/pycsl/scratchpad/w7/tmp/.pycsl_gwql3f_j.mlw", line 1406, characters 15-48:
Sub-goal postcondition of goal statementemissionmixin___rhs_yields_map'vc.
Prover result is: Valid (0.01s, 12154 steps).

File "/home/fabrice/git/pycsl/scratchpad/w7/tmp/.pycsl_gwql3f_j.mlw", line 1407, characters 15-76:
Sub-goal postcondition of goal statementemissionmixin___rhs_yields_map'vc.
Prover result is: Valid (0.01s, 12155 steps).

File "/home/fabrice/git/pycsl/scratchpad/w7/tmp/.pycsl_gwql3f_j.mlw", line 1408, characters 15-62:
Sub-goal postcondition of goal statementemissionmixin___rhs_yields_map'vc.
Prover result is: Valid (0.01s, 12156 steps).

File "/home/fabrice/git/pycsl/scratchpad/w7/tmp/.pycsl_gwql3f_j.mlw", line 1399, characters 15-19:
Sub-goal postcondition of goal statementemissionmixin___rhs_yields_map'vc.
Prover result is: Valid (0.01s, 13275 steps).

File "/home/fabrice/git/pycsl/scratchpad/w7/tmp/.pycsl_gwql3f_j.mlw", line 1400, characters 15-56:
Sub-goal postcondition of goal statementemissionmixin___rhs_yields_map'vc.
Prover result is: Valid (0.02s, 13276 steps).

File "/home/fabrice/git/pycsl/scratchpad/w7/tmp/.pycsl_gwql3f_j.mlw", line 1401, characters 15-68:
Sub-goal postcondition of goal statementemissionmixin___rhs_yields_map'vc.
Prover result is: Valid (0.01s, 13277 steps).

File "/home/fabrice/git/pycsl/scratchpad/w7/tmp/.pycsl_gwql3f_j.mlw", line 1402, characters 15-66:
Sub-goal postcondition of goal statementemissionmixin___rhs_yields_map'vc.
Prover result is: Valid (0.01s, 13278 steps).

File "/home/fabrice/git/pycsl/scratchpad/w7/tmp/.pycsl_gwql3f_j.mlw", line 1403, characters 15-60:
Sub-goal postcondition of goal statementemissionmixin___rhs_yields_map'vc.
Prover result is: Valid (0.01s, 13279 steps).

File "/home/fabrice/git/pycsl/scratchpad/w7/tmp/.pycsl_gwql3f_j.mlw", line 1404, characters 15-60:
Sub-goal postcondition of goal statementemissionmixin___rhs_yields_map'vc.
Prover result is: Valid (0.01s, 13280 steps).

File "/home/fabrice/git/pycsl/scratchpad/w7/tmp/.pycsl_gwql3f_j.mlw", line 1405, characters 15-50:
Sub-goal postcondition of goal statementemissionmixin___rhs_yields_map'vc.
Prover result is: Valid (0.01s, 13281 steps).

File "/home/fabrice/git/pycsl/scratchpad/w7/tmp/.pycsl_gwql3f_j.mlw", line 1406, characters 15-48:
Sub-goal postcondition of goal statementemissionmixin___rhs_yields_map'vc.
Prover result is: Valid (0.01s, 13282 steps).

File "/home/fabrice/git/pycsl/scratchpad/w7/tmp/.pycsl_gwql3f_j.mlw", line 1407, characters 15-76:
Sub-goal postcondition of goal statementemissionmixin___rhs_yields_map'vc.
Prover result is: Valid (0.01s, 13283 steps).

File "/home/fabrice/git/pycsl/scratchpad/w7/tmp/.pycsl_gwql3f_j.mlw", line 1408, characters 15-62:
Sub-goal postcondition of goal statementemissionmixin___rhs_yields_map'vc.
Prover result is: Valid (0.02s, 13284 steps).

File "/home/fabrice/git/pycsl/scratchpad/w7/tmp/.pycsl_gwql3f_j.mlw", line 1399, characters 15-19:
Sub-goal postcondition of goal statementemissionmixin___rhs_yields_map'vc.
Prover result is: Valid (0.02s, 13118 steps).

File "/home/fabrice/git/pycsl/scratchpad/w7/tmp/.pycsl_gwql3f_j.mlw", line 1400, characters 15-56:
Sub-goal postcondition of goal statementemissionmixin___rhs_yields_map'vc.
Prover result is: Valid (0.01s, 13119 steps).

File "/home/fabrice/git/pycsl/scratchpad/w7/tmp/.pycsl_gwql3f_j.mlw", line 1401, characters 15-68:
Sub-goal postcondition of goal statementemissionmixin___rhs_yields_map'vc.
Prover result is: Valid (0.01s, 13120 steps).

File "/home/fabrice/git/pycsl/scratchpad/w7/tmp/.pycsl_gwql3f_j.mlw", line 1402, characters 15-66:
Sub-goal postcondition of goal statementemissionmixin___rhs_yields_map'vc.
Prover result is: Valid (0.01s, 13121 steps).

File "/home/fabrice/git/pycsl/scratchpad/w7/tmp/.pycsl_gwql3f_j.mlw", line 1403, characters 15-60:
Sub-goal postcondition of goal statementemissionmixin___rhs_yields_map'vc.
Prover result is: Valid (0.01s, 13122 steps).

File "/home/fabrice/git/pycsl/scratchpad/w7/tmp/.pycsl_gwql3f_j.mlw", line 1404, characters 15-60:
Sub-goal postcondition of goal statementemissionmixin___rhs_yields_map'vc.
Prover result is: Valid (0.01s, 13123 steps).

File "/home/fabrice/git/pycsl/scratchpad/w7/tmp/.pycsl_gwql3f_j.mlw", line 1405, characters 15-50:
Sub-goal postcondition of goal statementemissionmixin___rhs_yields_map'vc.
Prover result is: Valid (0.01s, 13124 steps).

File "/home/fabrice/git/pycsl/scratchpad/w7/tmp/.pycsl_gwql3f_j.mlw", line 1406, characters 15-48:
Sub-goal postcondition of goal statementemissionmixin___rhs_yields_map'vc.
Prover result is: Valid (0.01s, 13125 steps).

File "/home/fabrice/git/pycsl/scratchpad/w7/tmp/.pycsl_gwql3f_j.mlw", line 1407, characters 15-76:
Sub-goal postcondition of goal statementemissionmixin___rhs_yields_map'vc.
Prover result is: Valid (0.02s, 13126 steps).

File "/home/fabrice/git/pycsl/scratchpad/w7/tmp/.pycsl_gwql3f_j.mlw", line 1408, characters 15-62:
Sub-goal postcondition of goal statementemissionmixin___rhs_yields_map'vc.
Prover result is: Valid (0.01s, 13127 steps).

File "/home/fabrice/git/pycsl/scratchpad/w7/tmp/.pycsl_gwql3f_j.mlw", line 1450, characters 33-96:
Sub-goal variant decrease of goal statementemissionmixin___rhs_yields_map'vc.
Prover result is: Valid (0.05s, 121207 steps).

File "/home/fabrice/git/pycsl/scratchpad/w7/tmp/.pycsl_gwql3f_j.mlw", line 1450, characters 33-96:
Sub-goal precondition of goal statementemissionmixin___rhs_yields_map'vc.
Prover result is: Valid (0.01s, 12022 steps).

File "/home/fabrice/git/pycsl/scratchpad/w7/tmp/.pycsl_gwql3f_j.mlw", line 1450, characters 107-172:
Sub-goal variant decrease of goal statementemissionmixin___rhs_yields_map'vc.
Prover result is: Valid (0.03s, 121217 steps).

File "/home/fabrice/git/pycsl/scratchpad/w7/tmp/.pycsl_gwql3f_j.mlw", line 1450, characters 107-172:
Sub-goal precondition of goal statementemissionmixin___rhs_yields_map'vc.
Prover result is: Valid (0.01s, 12032 steps).

File "/home/fabrice/git/pycsl/scratchpad/w7/tmp/.pycsl_gwql3f_j.mlw", line 1399, characters 15-19:
Sub-goal postcondition of goal statementemissionmixin___rhs_yields_map'vc.
Prover result is: Valid (0.01s, 12084 steps).

File "/home/fabrice/git/pycsl/scratchpad/w7/tmp/.pycsl_gwql3f_j.mlw", line 1400, characters 15-56:
Sub-goal postcondition of goal statementemissionmixin___rhs_yields_map'vc.
Prover result is: Valid (0.01s, 12085 steps).

File "/home/fabrice/git/pycsl/scratchpad/w7/tmp/.pycsl_gwql3f_j.mlw", line 1401, characters 15-68:
Sub-goal postcondition of goal statementemissionmixin___rhs_yields_map'vc.
Prover result is: Valid (0.00s, 12086 steps).

File "/home/fabrice/git/pycsl/scratchpad/w7/tmp/.pycsl_gwql3f_j.mlw", line 1402, characters 15-66:
Sub-goal postcondition of goal statementemissionmixin___rhs_yields_map'vc.
Prover result is: Valid (0.01s, 12087 steps).

File "/home/fabrice/git/pycsl/scratchpad/w7/tmp/.pycsl_gwql3f_j.mlw", line 1403, characters 15-60:
Sub-goal postcondition of goal statementemissionmixin___rhs_yields_map'vc.
Prover result is: Valid (0.01s, 12088 steps).

File "/home/fabrice/git/pycsl/scratchpad/w7/tmp/.pycsl_gwql3f_j.mlw", line 1404, characters 15-60:
Sub-goal postcondition of goal statementemissionmixin___rhs_yields_map'vc.
Prover result is: Valid (0.01s, 12089 steps).

File "/home/fabrice/git/pycsl/scratchpad/w7/tmp/.pycsl_gwql3f_j.mlw", line 1405, characters 15-50:
Sub-goal postcondition of goal statementemissionmixin___rhs_yields_map'vc.
Prover result is: Valid (0.01s, 12090 steps).

File "/home/fabrice/git/pycsl/scratchpad/w7/tmp/.pycsl_gwql3f_j.mlw", line 1406, characters 15-48:
Sub-goal postcondition of goal statementemissionmixin___rhs_yields_map'vc.
Prover result is: Valid (0.01s, 12091 steps).

File "/home/fabrice/git/pycsl/scratchpad/w7/tmp/.pycsl_gwql3f_j.mlw", line 1407, characters 15-76:
Sub-goal postcondition of goal statementemissionmixin___rhs_yields_map'vc.
Prover result is: Valid (0.01s, 12092 steps).

File "/home/fabrice/git/pycsl/scratchpad/w7/tmp/.pycsl_gwql3f_j.mlw", line 1408, characters 15-62:
Sub-goal postcondition of goal statementemissionmixin___rhs_yields_map'vc.
Prover result is: Valid (0.02s, 12093 steps).

File "/home/fabrice/git/pycsl/scratchpad/w7/tmp/.pycsl_gwql3f_j.mlw", line 1453, characters 35-98:
Sub-goal variant decrease of goal statementemissionmixin___rhs_yields_map'vc.
Prover result is: Valid (0.04s, 136789 steps).

File "/home/fabrice/git/pycsl/scratchpad/w7/tmp/.pycsl_gwql3f_j.mlw", line 1453, characters 35-98:
Sub-goal precondition of goal statementemissionmixin___rhs_yields_map'vc.
Prover result is: Valid (0.01s, 12180 steps).

File "/home/fabrice/git/pycsl/scratchpad/w7/tmp/.pycsl_gwql3f_j.mlw", line 1453, characters 109-173:
Sub-goal variant decrease of goal statementemissionmixin___rhs_yields_map'vc.
Prover result is: Valid (0.05s, 136799 steps).

File "/home/fabrice/git/pycsl/scratchpad/w7/tmp/.pycsl_gwql3f_j.mlw", line 1453, characters 109-173:
Sub-goal precondition of goal statementemissionmixin___rhs_yields_map'vc.
Prover result is: Valid (0.01s, 12190 steps).

File "/home/fabrice/git/pycsl/scratchpad/w7/tmp/.pycsl_gwql3f_j.mlw", line 1399, characters 15-19:
Sub-goal postcondition of goal statementemissionmixin___rhs_yields_map'vc.
Prover result is: Valid (0.01s, 12242 steps).

File "/home/fabrice/git/pycsl/scratchpad/w7/tmp/.pycsl_gwql3f_j.mlw", line 1400, characters 15-56:
Sub-goal postcondition of goal statementemissionmixin___rhs_yields_map'vc.
Prover result is: Valid (0.01s, 12243 steps).

File "/home/fabrice/git/pycsl/scratchpad/w7/tmp/.pycsl_gwql3f_j.mlw", line 1401, characters 15-68:
Sub-goal postcondition of goal statementemissionmixin___rhs_yields_map'vc.
Prover result is: Valid (0.01s, 12244 steps).

File "/home/fabrice/git/pycsl/scratchpad/w7/tmp/.pycsl_gwql3f_j.mlw", line 1402, characters 15-66:
Sub-goal postcondition of goal statementemissionmixin___rhs_yields_map'vc.
Prover result is: Valid (0.01s, 12245 steps).

File "/home/fabrice/git/pycsl/scratchpad/w7/tmp/.pycsl_gwql3f_j.mlw", line 1403, characters 15-60:
Sub-goal postcondition of goal statementemissionmixin___rhs_yields_map'vc.
Prover result is: Valid (0.01s, 12246 steps).

File "/home/fabrice/git/pycsl/scratchpad/w7/tmp/.pycsl_gwql3f_j.mlw", line 1404, characters 15-60:
Sub-goal postcondition of goal statementemissionmixin___rhs_yields_map'vc.
Prover result is: Valid (0.01s, 12247 steps).

File "/home/fabrice/git/pycsl/scratchpad/w7/tmp/.pycsl_gwql3f_j.mlw", line 1405, characters 15-50:
Sub-goal postcondition of goal statementemissionmixin___rhs_yields_map'vc.
Prover result is: Valid (0.01s, 12248 steps).

File "/home/fabrice/git/pycsl/scratchpad/w7/tmp/.pycsl_gwql3f_j.mlw", line 1406, characters 15-48:
Sub-goal postcondition of goal statementemissionmixin___rhs_yields_map'vc.
Prover result is: Valid (0.01s, 12249 steps).

File "/home/fabrice/git/pycsl/scratchpad/w7/tmp/.pycsl_gwql3f_j.mlw", line 1407, characters 15-76:
Sub-goal postcondition of goal statementemissionmixin___rhs_yields_map'vc.
Prover result is: Valid (0.01s, 12250 steps).

File "/home/fabrice/git/pycsl/scratchpad/w7/tmp/.pycsl_gwql3f_j.mlw", line 1408, characters 15-62:
Sub-goal postcondition of goal statementemissionmixin___rhs_yields_map'vc.
Prover result is: Valid (0.01s, 12251 steps).

File "/home/fabrice/git/pycsl/scratchpad/w7/tmp/.pycsl_gwql3f_j.mlw", line 1399, characters 15-19:
Sub-goal postcondition of goal statementemissionmixin___rhs_yields_map'vc.
Prover result is: Valid (0.01s, 12178 steps).

File "/home/fabrice/git/pycsl/scratchpad/w7/tmp/.pycsl_gwql3f_j.mlw", line 1400, characters 15-56:
Sub-goal postcondition of goal statementemissionmixin___rhs_yields_map'vc.
Prover result is: Valid (0.02s, 12179 steps).

File "/home/fabrice/git/pycsl/scratchpad/w7/tmp/.pycsl_gwql3f_j.mlw", line 1401, characters 15-68:
Sub-goal postcondition of goal statementemissionmixin___rhs_yields_map'vc.
Prover result is: Valid (0.01s, 12180 steps).

File "/home/fabrice/git/pycsl/scratchpad/w7/tmp/.pycsl_gwql3f_j.mlw", line 1402, characters 15-66:
Sub-goal postcondition of goal statementemissionmixin___rhs_yields_map'vc.
Prover result is: Valid (0.01s, 12181 steps).

File "/home/fabrice/git/pycsl/scratchpad/w7/tmp/.pycsl_gwql3f_j.mlw", line 1403, characters 15-60:
Sub-goal postcondition of goal statementemissionmixin___rhs_yields_map'vc.
Prover result is: Valid (0.01s, 12182 steps).

File "/home/fabrice/git/pycsl/scratchpad/w7/tmp/.pycsl_gwql3f_j.mlw", line 1404, characters 15-60:
Sub-goal postcondition of goal statementemissionmixin___rhs_yields_map'vc.
Prover result is: Valid (0.01s, 12183 steps).

File "/home/fabrice/git/pycsl/scratchpad/w7/tmp/.pycsl_gwql3f_j.mlw", line 1405, characters 15-50:
Sub-goal postcondition of goal statementemissionmixin___rhs_yields_map'vc.
Prover result is: Valid (0.01s, 12184 steps).

File "/home/fabrice/git/pycsl/scratchpad/w7/tmp/.pycsl_gwql3f_j.mlw", line 1406, characters 15-48:
Sub-goal postcondition of goal statementemissionmixin___rhs_yields_map'vc.
Prover result is: Valid (0.02s, 12185 steps).

File "/home/fabrice/git/pycsl/scratchpad/w7/tmp/.pycsl_gwql3f_j.mlw", line 1407, characters 15-76:
Sub-goal postcondition of goal statementemissionmixin___rhs_yields_map'vc.
Prover result is: Valid (0.01s, 12186 steps).

File "/home/fabrice/git/pycsl/scratchpad/w7/tmp/.pycsl_gwql3f_j.mlw", line 1408, characters 15-62:
Sub-goal postcondition of goal statementemissionmixin___rhs_yields_map'vc.
Prover result is: Valid (0.01s, 12187 steps).

File "/home/fabrice/git/pycsl/scratchpad/w7/tmp/.pycsl_gwql3f_j.mlw", line 1466, characters 15-19:
Sub-goal postcondition of goal statementemissionmixin___first_assign_kind'vc.
Prover result is: Valid (0.01s, 13001 steps).

File "/home/fabrice/git/pycsl/scratchpad/w7/tmp/.pycsl_gwql3f_j.mlw", line 1467, characters 15-56:
Sub-goal postcondition of goal statementemissionmixin___first_assign_kind'vc.
Prover result is: Valid (0.01s, 13002 steps).

File "/home/fabrice/git/pycsl/scratchpad/w7/tmp/.pycsl_gwql3f_j.mlw", line 1468, characters 15-68:
Sub-goal postcondition of goal statementemissionmixin___first_assign_kind'vc.
Prover result is: Valid (0.01s, 13003 steps).

File "/home/fabrice/git/pycsl/scratchpad/w7/tmp/.pycsl_gwql3f_j.mlw", line 1469, characters 15-66:
Sub-goal postcondition of goal statementemissionmixin___first_assign_kind'vc.
Prover result is: Valid (0.02s, 13004 steps).

File "/home/fabrice/git/pycsl/scratchpad/w7/tmp/.pycsl_gwql3f_j.mlw", line 1470, characters 15-60:
Sub-goal postcondition of goal statementemissionmixin___first_assign_kind'vc.
Prover result is: Valid (0.02s, 13005 steps).

File "/home/fabrice/git/pycsl/scratchpad/w7/tmp/.pycsl_gwql3f_j.mlw", line 1471, characters 15-60:
Sub-goal postcondition of goal statementemissionmixin___first_assign_kind'vc.
Prover result is: Valid (0.02s, 13006 steps).

File "/home/fabrice/git/pycsl/scratchpad/w7/tmp/.pycsl_gwql3f_j.mlw", line 1472, characters 15-50:
Sub-goal postcondition of goal statementemissionmixin___first_assign_kind'vc.
Prover result is: Valid (0.02s, 13007 steps).

File "/home/fabrice/git/pycsl/scratchpad/w7/tmp/.pycsl_gwql3f_j.mlw", line 1473, characters 15-48:
Sub-goal postcondition of goal statementemissionmixin___first_assign_kind'vc.
Prover result is: Valid (0.02s, 13008 steps).

File "/home/fabrice/git/pycsl/scratchpad/w7/tmp/.pycsl_gwql3f_j.mlw", line 1474, characters 15-76:
Sub-goal postcondition of goal statementemissionmixin___first_assign_kind'vc.
Prover result is: Valid (0.01s, 13009 steps).

File "/home/fabrice/git/pycsl/scratchpad/w7/tmp/.pycsl_gwql3f_j.mlw", line 1475, characters 15-62:
Sub-goal postcondition of goal statementemissionmixin___first_assign_kind'vc.
Prover result is: Valid (0.02s, 13010 steps).

File "/home/fabrice/git/pycsl/scratchpad/w7/tmp/.pycsl_gwql3f_j.mlw", line 1466, characters 15-19:
Sub-goal postcondition of goal statementemissionmixin___first_assign_kind'vc.
Prover result is: Valid (0.01s, 13004 steps).

File "/home/fabrice/git/pycsl/scratchpad/w7/tmp/.pycsl_gwql3f_j.mlw", line 1467, characters 15-56:
Sub-goal postcondition of goal statementemissionmixin___first_assign_kind'vc.
Prover result is: Valid (0.02s, 13005 steps).

File "/home/fabrice/git/pycsl/scratchpad/w7/tmp/.pycsl_gwql3f_j.mlw", line 1468, characters 15-68:
Sub-goal postcondition of goal statementemissionmixin___first_assign_kind'vc.
Prover result is: Valid (0.01s, 13006 steps).

File "/home/fabrice/git/pycsl/scratchpad/w7/tmp/.pycsl_gwql3f_j.mlw", line 1469, characters 15-66:
Sub-goal postcondition of goal statementemissionmixin___first_assign_kind'vc.
Prover result is: Valid (0.01s, 13007 steps).

File "/home/fabrice/git/pycsl/scratchpad/w7/tmp/.pycsl_gwql3f_j.mlw", line 1470, characters 15-60:
Sub-goal postcondition of goal statementemissionmixin___first_assign_kind'vc.
Prover result is: Valid (0.01s, 13008 steps).

File "/home/fabrice/git/pycsl/scratchpad/w7/tmp/.pycsl_gwql3f_j.mlw", line 1471, characters 15-60:
Sub-goal postcondition of goal statementemissionmixin___first_assign_kind'vc.
Prover result is: Valid (0.01s, 13009 steps).

File "/home/fabrice/git/pycsl/scratchpad/w7/tmp/.pycsl_gwql3f_j.mlw", line 1472, characters 15-50:
Sub-goal postcondition of goal statementemissionmixin___first_assign_kind'vc.
Prover result is: Valid (0.01s, 13010 steps).

File "/home/fabrice/git/pycsl/scratchpad/w7/tmp/.pycsl_gwql3f_j.mlw", line 1473, characters 15-48:
Sub-goal postcondition of goal statementemissionmixin___first_assign_kind'vc.
Prover result is: Valid (0.01s, 13011 steps).

File "/home/fabrice/git/pycsl/scratchpad/w7/tmp/.pycsl_gwql3f_j.mlw", line 1474, characters 15-76:
Sub-goal postcondition of goal statementemissionmixin___first_assign_kind'vc.
Prover result is: Valid (0.02s, 13012 steps).

File "/home/fabrice/git/pycsl/scratchpad/w7/tmp/.pycsl_gwql3f_j.mlw", line 1475, characters 15-62:
Sub-goal postcondition of goal statementemissionmixin___first_assign_kind'vc.
Prover result is: Valid (0.01s, 13013 steps).

File "/home/fabrice/git/pycsl/scratchpad/w7/tmp/.pycsl_gwql3f_j.mlw", line 1466, characters 15-19:
Sub-goal postcondition of goal statementemissionmixin___first_assign_kind'vc.
Prover result is: Valid (0.01s, 13013 steps).

File "/home/fabrice/git/pycsl/scratchpad/w7/tmp/.pycsl_gwql3f_j.mlw", line 1467, characters 15-56:
Sub-goal postcondition of goal statementemissionmixin___first_assign_kind'vc.
Prover result is: Valid (0.01s, 13014 steps).

File "/home/fabrice/git/pycsl/scratchpad/w7/tmp/.pycsl_gwql3f_j.mlw", line 1468, characters 15-68:
Sub-goal postcondition of goal statementemissionmixin___first_assign_kind'vc.
Prover result is: Valid (0.02s, 13015 steps).

File "/home/fabrice/git/pycsl/scratchpad/w7/tmp/.pycsl_gwql3f_j.mlw", line 1469, characters 15-66:
Sub-goal postcondition of goal statementemissionmixin___first_assign_kind'vc.
Prover result is: Valid (0.01s, 13016 steps).

File "/home/fabrice/git/pycsl/scratchpad/w7/tmp/.pycsl_gwql3f_j.mlw", line 1470, characters 15-60:
Sub-goal postcondition of goal statementemissionmixin___first_assign_kind'vc.
Prover result is: Valid (0.01s, 13017 steps).

File "/home/fabrice/git/pycsl/scratchpad/w7/tmp/.pycsl_gwql3f_j.mlw", line 1471, characters 15-60:
Sub-goal postcondition of goal statementemissionmixin___first_assign_kind'vc.
Prover result is: Valid (0.01s, 13018 steps).

File "/home/fabrice/git/pycsl/scratchpad/w7/tmp/.pycsl_gwql3f_j.mlw", line 1472, characters 15-50:
Sub-goal postcondition of goal statementemissionmixin___first_assign_kind'vc.
Prover result is: Valid (0.01s, 13019 steps).

File "/home/fabrice/git/pycsl/scratchpad/w7/tmp/.pycsl_gwql3f_j.mlw", line 1473, characters 15-48:
Sub-goal postcondition of goal statementemissionmixin___first_assign_kind'vc.
Prover result is: Valid (0.01s, 13020 steps).

File "/home/fabrice/git/pycsl/scratchpad/w7/tmp/.pycsl_gwql3f_j.mlw", line 1474, characters 15-76:
Sub-goal postcondition of goal statementemissionmixin___first_assign_kind'vc.
Prover result is: Valid (0.01s, 13021 steps).

File "/home/fabrice/git/pycsl/scratchpad/w7/tmp/.pycsl_gwql3f_j.mlw", line 1475, characters 15-62:
Sub-goal postcondition of goal statementemissionmixin___first_assign_kind'vc.
Prover result is: Valid (0.01s, 13022 steps).

File "/home/fabrice/git/pycsl/scratchpad/w7/tmp/.pycsl_gwql3f_j.mlw", line 1466, characters 15-19:
Sub-goal postcondition of goal statementemissionmixin___first_assign_kind'vc.
Prover result is: Valid (0.01s, 13042 steps).

File "/home/fabrice/git/pycsl/scratchpad/w7/tmp/.pycsl_gwql3f_j.mlw", line 1467, characters 15-56:
Sub-goal postcondition of goal statementemissionmixin___first_assign_kind'vc.
Prover result is: Valid (0.01s, 13043 steps).

File "/home/fabrice/git/pycsl/scratchpad/w7/tmp/.pycsl_gwql3f_j.mlw", line 1468, characters 15-68:
Sub-goal postcondition of goal statementemissionmixin___first_assign_kind'vc.
Prover result is: Valid (0.01s, 13044 steps).

File "/home/fabrice/git/pycsl/scratchpad/w7/tmp/.pycsl_gwql3f_j.mlw", line 1469, characters 15-66:
Sub-goal postcondition of goal statementemissionmixin___first_assign_kind'vc.
Prover result is: Valid (0.01s, 13045 steps).

File "/home/fabrice/git/pycsl/scratchpad/w7/tmp/.pycsl_gwql3f_j.mlw", line 1470, characters 15-60:
Sub-goal postcondition of goal statementemissionmixin___first_assign_kind'vc.
Prover result is: Valid (0.01s, 13046 steps).

File "/home/fabrice/git/pycsl/scratchpad/w7/tmp/.pycsl_gwql3f_j.mlw", line 1471, characters 15-60:
Sub-goal postcondition of goal statementemissionmixin___first_assign_kind'vc.
Prover result is: Valid (0.01s, 13047 steps).

File "/home/fabrice/git/pycsl/scratchpad/w7/tmp/.pycsl_gwql3f_j.mlw", line 1472, characters 15-50:
Sub-goal postcondition of goal statementemissionmixin___first_assign_kind'vc.
Prover result is: Valid (0.01s, 13048 steps).

File "/home/fabrice/git/pycsl/scratchpad/w7/tmp/.pycsl_gwql3f_j.mlw", line 1473, characters 15-48:
Sub-goal postcondition of goal statementemissionmixin___first_assign_kind'vc.
Prover result is: Valid (0.01s, 13049 steps).

File "/home/fabrice/git/pycsl/scratchpad/w7/tmp/.pycsl_gwql3f_j.mlw", line 1474, characters 15-76:
Sub-goal postcondition of goal statementemissionmixin___first_assign_kind'vc.
Prover result is: Valid (0.01s, 13050 steps).

File "/home/fabrice/git/pycsl/scratchpad/w7/tmp/.pycsl_gwql3f_j.mlw", line 1475, characters 15-62:
Sub-goal postcondition of goal statementemissionmixin___first_assign_kind'vc.
Prover result is: Valid (0.01s, 13051 steps).

File "/home/fabrice/git/pycsl/scratchpad/w7/tmp/.pycsl_gwql3f_j.mlw", line 1466, characters 15-19:
Sub-goal postcondition of goal statementemissionmixin___first_assign_kind'vc.
Prover result is: Valid (0.01s, 13324 steps).

File "/home/fabrice/git/pycsl/scratchpad/w7/tmp/.pycsl_gwql3f_j.mlw", line 1467, characters 15-56:
Sub-goal postcondition of goal statementemissionmixin___first_assign_kind'vc.
Prover result is: Valid (0.01s, 13325 steps).

File "/home/fabrice/git/pycsl/scratchpad/w7/tmp/.pycsl_gwql3f_j.mlw", line 1468, characters 15-68:
Sub-goal postcondition of goal statementemissionmixin___first_assign_kind'vc.
Prover result is: Valid (0.02s, 13326 steps).

File "/home/fabrice/git/pycsl/scratchpad/w7/tmp/.pycsl_gwql3f_j.mlw", line 1469, characters 15-66:
Sub-goal postcondition of goal statementemissionmixin___first_assign_kind'vc.
Prover result is: Valid (0.01s, 13327 steps).

File "/home/fabrice/git/pycsl/scratchpad/w7/tmp/.pycsl_gwql3f_j.mlw", line 1470, characters 15-60:
Sub-goal postcondition of goal statementemissionmixin___first_assign_kind'vc.
Prover result is: Valid (0.01s, 13328 steps).

File "/home/fabrice/git/pycsl/scratchpad/w7/tmp/.pycsl_gwql3f_j.mlw", line 1471, characters 15-60:
Sub-goal postcondition of goal statementemissionmixin___first_assign_kind'vc.
Prover result is: Valid (0.01s, 13329 steps).

File "/home/fabrice/git/pycsl/scratchpad/w7/tmp/.pycsl_gwql3f_j.mlw", line 1472, characters 15-50:
Sub-goal postcondition of goal statementemissionmixin___first_assign_kind'vc.
Prover result is: Valid (0.01s, 13330 steps).

File "/home/fabrice/git/pycsl/scratchpad/w7/tmp/.pycsl_gwql3f_j.mlw", line 1473, characters 15-48:
Sub-goal postcondition of goal statementemissionmixin___first_assign_kind'vc.
Prover result is: Valid (0.01s, 13331 steps).

File "/home/fabrice/git/pycsl/scratchpad/w7/tmp/.pycsl_gwql3f_j.mlw", line 1474, characters 15-76:
Sub-goal postcondition of goal statementemissionmixin___first_assign_kind'vc.
Prover result is: Valid (0.01s, 13332 steps).

File "/home/fabrice/git/pycsl/scratchpad/w7/tmp/.pycsl_gwql3f_j.mlw", line 1475, characters 15-62:
Sub-goal postcondition of goal statementemissionmixin___first_assign_kind'vc.
Prover result is: Valid (0.01s, 13333 steps).

File "/home/fabrice/git/pycsl/scratchpad/w7/tmp/.pycsl_gwql3f_j.mlw", line 1466, characters 15-19:
Sub-goal postcondition of goal statementemissionmixin___first_assign_kind'vc.
Prover result is: Valid (0.01s, 13660 steps).

File "/home/fabrice/git/pycsl/scratchpad/w7/tmp/.pycsl_gwql3f_j.mlw", line 1467, characters 15-56:
Sub-goal postcondition of goal statementemissionmixin___first_assign_kind'vc.
Prover result is: Valid (0.01s, 13661 steps).

File "/home/fabrice/git/pycsl/scratchpad/w7/tmp/.pycsl_gwql3f_j.mlw", line 1468, characters 15-68:
Sub-goal postcondition of goal statementemissionmixin___first_assign_kind'vc.
Prover result is: Valid (0.01s, 13662 steps).

File "/home/fabrice/git/pycsl/scratchpad/w7/tmp/.pycsl_gwql3f_j.mlw", line 1469, characters 15-66:
Sub-goal postcondition of goal statementemissionmixin___first_assign_kind'vc.
Prover result is: Valid (0.01s, 13663 steps).

File "/home/fabrice/git/pycsl/scratchpad/w7/tmp/.pycsl_gwql3f_j.mlw", line 1470, characters 15-60:
Sub-goal postcondition of goal statementemissionmixin___first_assign_kind'vc.
Prover result is: Valid (0.01s, 13664 steps).

File "/home/fabrice/git/pycsl/scratchpad/w7/tmp/.pycsl_gwql3f_j.mlw", line 1471, characters 15-60:
Sub-goal postcondition of goal statementemissionmixin___first_assign_kind'vc.
Prover result is: Valid (0.02s, 13665 steps).

File "/home/fabrice/git/pycsl/scratchpad/w7/tmp/.pycsl_gwql3f_j.mlw", line 1472, characters 15-50:
Sub-goal postcondition of goal statementemissionmixin___first_assign_kind'vc.
Prover result is: Valid (0.02s, 13666 steps).

File "/home/fabrice/git/pycsl/scratchpad/w7/tmp/.pycsl_gwql3f_j.mlw", line 1473, characters 15-48:
Sub-goal postcondition of goal statementemissionmixin___first_assign_kind'vc.
Prover result is: Valid (0.02s, 13667 steps).

File "/home/fabrice/git/pycsl/scratchpad/w7/tmp/.pycsl_gwql3f_j.mlw", line 1474, characters 15-76:
Sub-goal postcondition of goal statementemissionmixin___first_assign_kind'vc.
Prover result is: Valid (0.02s, 13668 steps).

File "/home/fabrice/git/pycsl/scratchpad/w7/tmp/.pycsl_gwql3f_j.mlw", line 1475, characters 15-62:
Sub-goal postcondition of goal statementemissionmixin___first_assign_kind'vc.
Prover result is: Valid (0.02s, 13669 steps).

File "/home/fabrice/git/pycsl/scratchpad/w7/tmp/.pycsl_gwql3f_j.mlw", line 1507, characters 18-73:
Sub-goal precondition of goal statementemissionmixin___first_assign_kind'vc.
Prover result is: Valid (0.02s, 13635 steps).

File "/home/fabrice/git/pycsl/scratchpad/w7/tmp/.pycsl_gwql3f_j.mlw", line 1466, characters 15-19:
Sub-goal postcondition of goal statementemissionmixin___first_assign_kind'vc.
Prover result is: Valid (0.01s, 13654 steps).

File "/home/fabrice/git/pycsl/scratchpad/w7/tmp/.pycsl_gwql3f_j.mlw", line 1467, characters 15-56:
Sub-goal postcondition of goal statementemissionmixin___first_assign_kind'vc.
Prover result is: Valid (0.01s, 13655 steps).

File "/home/fabrice/git/pycsl/scratchpad/w7/tmp/.pycsl_gwql3f_j.mlw", line 1468, characters 15-68:
Sub-goal postcondition of goal statementemissionmixin___first_assign_kind'vc.
Prover result is: Valid (0.01s, 13656 steps).

File "/home/fabrice/git/pycsl/scratchpad/w7/tmp/.pycsl_gwql3f_j.mlw", line 1469, characters 15-66:
Sub-goal postcondition of goal statementemissionmixin___first_assign_kind'vc.
Prover result is: Valid (0.01s, 13657 steps).

File "/home/fabrice/git/pycsl/scratchpad/w7/tmp/.pycsl_gwql3f_j.mlw", line 1470, characters 15-60:
Sub-goal postcondition of goal statementemissionmixin___first_assign_kind'vc.
Prover result is: Valid (0.01s, 13658 steps).

File "/home/fabrice/git/pycsl/scratchpad/w7/tmp/.pycsl_gwql3f_j.mlw", line 1471, characters 15-60:
Sub-goal postcondition of goal statementemissionmixin___first_assign_kind'vc.
Prover result is: Valid (0.01s, 13659 steps).

File "/home/fabrice/git/pycsl/scratchpad/w7/tmp/.pycsl_gwql3f_j.mlw", line 1472, characters 15-50:
Sub-goal postcondition of goal statementemissionmixin___first_assign_kind'vc.
Prover result is: Valid (0.01s, 13660 steps).

File "/home/fabrice/git/pycsl/scratchpad/w7/tmp/.pycsl_gwql3f_j.mlw", line 1473, characters 15-48:
Sub-goal postcondition of goal statementemissionmixin___first_assign_kind'vc.
Prover result is: Valid (0.01s, 13661 steps).

File "/home/fabrice/git/pycsl/scratchpad/w7/tmp/.pycsl_gwql3f_j.mlw", line 1474, characters 15-76:
Sub-goal postcondition of goal statementemissionmixin___first_assign_kind'vc.
Prover result is: Valid (0.01s, 13662 steps).

File "/home/fabrice/git/pycsl/scratchpad/w7/tmp/.pycsl_gwql3f_j.mlw", line 1475, characters 15-62:
Sub-goal postcondition of goal statementemissionmixin___first_assign_kind'vc.
Prover result is: Valid (0.01s, 13663 steps).

File "/home/fabrice/git/pycsl/scratchpad/w7/tmp/.pycsl_gwql3f_j.mlw", line 1466, characters 15-19:
Sub-goal postcondition of goal statementemissionmixin___first_assign_kind'vc.
Prover result is: Valid (0.01s, 14157 steps).

File "/home/fabrice/git/pycsl/scratchpad/w7/tmp/.pycsl_gwql3f_j.mlw", line 1467, characters 15-56:
Sub-goal postcondition of goal statementemissionmixin___first_assign_kind'vc.
Prover result is: Valid (0.01s, 14158 steps).

File "/home/fabrice/git/pycsl/scratchpad/w7/tmp/.pycsl_gwql3f_j.mlw", line 1468, characters 15-68:
Sub-goal postcondition of goal statementemissionmixin___first_assign_kind'vc.
Prover result is: Valid (0.01s, 14159 steps).

File "/home/fabrice/git/pycsl/scratchpad/w7/tmp/.pycsl_gwql3f_j.mlw", line 1469, characters 15-66:
Sub-goal postcondition of goal statementemissionmixin___first_assign_kind'vc.
Prover result is: Valid (0.01s, 14160 steps).

File "/home/fabrice/git/pycsl/scratchpad/w7/tmp/.pycsl_gwql3f_j.mlw", line 1470, characters 15-60:
Sub-goal postcondition of goal statementemissionmixin___first_assign_kind'vc.
Prover result is: Valid (0.01s, 14161 steps).

File "/home/fabrice/git/pycsl/scratchpad/w7/tmp/.pycsl_gwql3f_j.mlw", line 1471, characters 15-60:
Sub-goal postcondition of goal statementemissionmixin___first_assign_kind'vc.
Prover result is: Valid (0.01s, 14162 steps).

File "/home/fabrice/git/pycsl/scratchpad/w7/tmp/.pycsl_gwql3f_j.mlw", line 1472, characters 15-50:
Sub-goal postcondition of goal statementemissionmixin___first_assign_kind'vc.
Prover result is: Valid (0.01s, 14163 steps).

File "/home/fabrice/git/pycsl/scratchpad/w7/tmp/.pycsl_gwql3f_j.mlw", line 1473, characters 15-48:
Sub-goal postcondition of goal statementemissionmixin___first_assign_kind'vc.
Prover result is: Valid (0.02s, 14164 steps).

File "/home/fabrice/git/pycsl/scratchpad/w7/tmp/.pycsl_gwql3f_j.mlw", line 1474, characters 15-76:
Sub-goal postcondition of goal statementemissionmixin___first_assign_kind'vc.
Prover result is: Valid (0.02s, 14165 steps).

File "/home/fabrice/git/pycsl/scratchpad/w7/tmp/.pycsl_gwql3f_j.mlw", line 1475, characters 15-62:
Sub-goal postcondition of goal statementemissionmixin___first_assign_kind'vc.
Prover result is: Valid (0.02s, 14166 steps).

File "/home/fabrice/git/pycsl/scratchpad/w7/tmp/.pycsl_gwql3f_j.mlw", line 1513, characters 22-75:
Sub-goal precondition of goal statementemissionmixin___first_assign_kind'vc.
Prover result is: Valid (0.01s, 14155 steps).

File "/home/fabrice/git/pycsl/scratchpad/w7/tmp/.pycsl_gwql3f_j.mlw", line 1466, characters 15-19:
Sub-goal postcondition of goal statementemissionmixin___first_assign_kind'vc.
Prover result is: Valid (0.01s, 14174 steps).

File "/home/fabrice/git/pycsl/scratchpad/w7/tmp/.pycsl_gwql3f_j.mlw", line 1467, characters 15-56:
Sub-goal postcondition of goal statementemissionmixin___first_assign_kind'vc.
Prover result is: Valid (0.01s, 14175 steps).

File "/home/fabrice/git/pycsl/scratchpad/w7/tmp/.pycsl_gwql3f_j.mlw", line 1468, characters 15-68:
Sub-goal postcondition of goal statementemissionmixin___first_assign_kind'vc.
Prover result is: Valid (0.01s, 14176 steps).

File "/home/fabrice/git/pycsl/scratchpad/w7/tmp/.pycsl_gwql3f_j.mlw", line 1469, characters 15-66:
Sub-goal postcondition of goal statementemissionmixin___first_assign_kind'vc.
Prover result is: Valid (0.02s, 14177 steps).

File "/home/fabrice/git/pycsl/scratchpad/w7/tmp/.pycsl_gwql3f_j.mlw", line 1470, characters 15-60:
Sub-goal postcondition of goal statementemissionmixin___first_assign_kind'vc.
Prover result is: Valid (0.01s, 14178 steps).

File "/home/fabrice/git/pycsl/scratchpad/w7/tmp/.pycsl_gwql3f_j.mlw", line 1471, characters 15-60:
Sub-goal postcondition of goal statementemissionmixin___first_assign_kind'vc.
Prover result is: Valid (0.01s, 14179 steps).

File "/home/fabrice/git/pycsl/scratchpad/w7/tmp/.pycsl_gwql3f_j.mlw", line 1472, characters 15-50:
Sub-goal postcondition of goal statementemissionmixin___first_assign_kind'vc.
Prover result is: Valid (0.02s, 14180 steps).

File "/home/fabrice/git/pycsl/scratchpad/w7/tmp/.pycsl_gwql3f_j.mlw", line 1473, characters 15-48:
Sub-goal postcondition of goal statementemissionmixin___first_assign_kind'vc.
Prover result is: Valid (0.02s, 14181 steps).

File "/home/fabrice/git/pycsl/scratchpad/w7/tmp/.pycsl_gwql3f_j.mlw", line 1474, characters 15-76:
Sub-goal postcondition of goal statementemissionmixin___first_assign_kind'vc.
Prover result is: Valid (0.01s, 14182 steps).

File "/home/fabrice/git/pycsl/scratchpad/w7/tmp/.pycsl_gwql3f_j.mlw", line 1475, characters 15-62:
Sub-goal postcondition of goal statementemissionmixin___first_assign_kind'vc.
Prover result is: Valid (0.01s, 14183 steps).

File "/home/fabrice/git/pycsl/scratchpad/w7/tmp/.pycsl_gwql3f_j.mlw", line 1466, characters 15-19:
Sub-goal postcondition of goal statementemissionmixin___first_assign_kind'vc.
Prover result is: Valid (0.01s, 14183 steps).

File "/home/fabrice/git/pycsl/scratchpad/w7/tmp/.pycsl_gwql3f_j.mlw", line 1467, characters 15-56:
Sub-goal postcondition of goal statementemissionmixin___first_assign_kind'vc.
Prover result is: Valid (0.01s, 14184 steps).

File "/home/fabrice/git/pycsl/scratchpad/w7/tmp/.pycsl_gwql3f_j.mlw", line 1468, characters 15-68:
Sub-goal postcondition of goal statementemissionmixin___first_assign_kind'vc.
Prover result is: Valid (0.01s, 14185 steps).

File "/home/fabrice/git/pycsl/scratchpad/w7/tmp/.pycsl_gwql3f_j.mlw", line 1469, characters 15-66:
Sub-goal postcondition of goal statementemissionmixin___first_assign_kind'vc.
Prover result is: Valid (0.01s, 14186 steps).

File "/home/fabrice/git/pycsl/scratchpad/w7/tmp/.pycsl_gwql3f_j.mlw", line 1470, characters 15-60:
Sub-goal postcondition of goal statementemissionmixin___first_assign_kind'vc.
Prover result is: Valid (0.01s, 14187 steps).

File "/home/fabrice/git/pycsl/scratchpad/w7/tmp/.pycsl_gwql3f_j.mlw", line 1471, characters 15-60:
Sub-goal postcondition of goal statementemissionmixin___first_assign_kind'vc.
Prover result is: Valid (0.01s, 14188 steps).

File "/home/fabrice/git/pycsl/scratchpad/w7/tmp/.pycsl_gwql3f_j.mlw", line 1472, characters 15-50:
Sub-goal postcondition of goal statementemissionmixin___first_assign_kind'vc.
Prover result is: Valid (0.01s, 14189 steps).

File "/home/fabrice/git/pycsl/scratchpad/w7/tmp/.pycsl_gwql3f_j.mlw", line 1473, characters 15-48:
Sub-goal postcondition of goal statementemissionmixin___first_assign_kind'vc.
Prover result is: Valid (0.01s, 14190 steps).

File "/home/fabrice/git/pycsl/scratchpad/w7/tmp/.pycsl_gwql3f_j.mlw", line 1474, characters 15-76:
Sub-goal postcondition of goal statementemissionmixin___first_assign_kind'vc.
Prover result is: Valid (0.01s, 14191 steps).

File "/home/fabrice/git/pycsl/scratchpad/w7/tmp/.pycsl_gwql3f_j.mlw", line 1475, characters 15-62:
Sub-goal postcondition of goal statementemissionmixin___first_assign_kind'vc.
Prover result is: Valid (0.01s, 14192 steps).

File "/home/fabrice/git/pycsl/scratchpad/w7/tmp/.pycsl_gwql3f_j.mlw", line 1466, characters 15-19:
Sub-goal postcondition of goal statementemissionmixin___first_assign_kind'vc.
Prover result is: Valid (0.01s, 14179 steps).

File "/home/fabrice/git/pycsl/scratchpad/w7/tmp/.pycsl_gwql3f_j.mlw", line 1467, characters 15-56:
Sub-goal postcondition of goal statementemissionmixin___first_assign_kind'vc.
Prover result is: Valid (0.01s, 14180 steps).

File "/home/fabrice/git/pycsl/scratchpad/w7/tmp/.pycsl_gwql3f_j.mlw", line 1468, characters 15-68:
Sub-goal postcondition of goal statementemissionmixin___first_assign_kind'vc.
Prover result is: Valid (0.01s, 14181 steps).

File "/home/fabrice/git/pycsl/scratchpad/w7/tmp/.pycsl_gwql3f_j.mlw", line 1469, characters 15-66:
Sub-goal postcondition of goal statementemissionmixin___first_assign_kind'vc.
Prover result is: Valid (0.01s, 14182 steps).

File "/home/fabrice/git/pycsl/scratchpad/w7/tmp/.pycsl_gwql3f_j.mlw", line 1470, characters 15-60:
Sub-goal postcondition of goal statementemissionmixin___first_assign_kind'vc.
Prover result is: Valid (0.01s, 14183 steps).

File "/home/fabrice/git/pycsl/scratchpad/w7/tmp/.pycsl_gwql3f_j.mlw", line 1471, characters 15-60:
Sub-goal postcondition of goal statementemissionmixin___first_assign_kind'vc.
Prover result is: Valid (0.01s, 14184 steps).

File "/home/fabrice/git/pycsl/scratchpad/w7/tmp/.pycsl_gwql3f_j.mlw", line 1472, characters 15-50:
Sub-goal postcondition of goal statementemissionmixin___first_assign_kind'vc.
Prover result is: Valid (0.01s, 14185 steps).

File "/home/fabrice/git/pycsl/scratchpad/w7/tmp/.pycsl_gwql3f_j.mlw", line 1473, characters 15-48:
Sub-goal postcondition of goal statementemissionmixin___first_assign_kind'vc.
Prover result is: Valid (0.01s, 14186 steps).

File "/home/fabrice/git/pycsl/scratchpad/w7/tmp/.pycsl_gwql3f_j.mlw", line 1474, characters 15-76:
Sub-goal postcondition of goal statementemissionmixin___first_assign_kind'vc.
Prover result is: Valid (0.01s, 14187 steps).

File "/home/fabrice/git/pycsl/scratchpad/w7/tmp/.pycsl_gwql3f_j.mlw", line 1475, characters 15-62:
Sub-goal postcondition of goal statementemissionmixin___first_assign_kind'vc.
Prover result is: Valid (0.01s, 14188 steps).

File "/home/fabrice/git/pycsl/scratchpad/w7/tmp/.pycsl_gwql3f_j.mlw", line 1507, characters 18-73:
Sub-goal precondition of goal statementemissionmixin___first_assign_kind'vc.
Prover result is: Valid (0.01s, 13429 steps).

File "/home/fabrice/git/pycsl/scratchpad/w7/tmp/.pycsl_gwql3f_j.mlw", line 1466, characters 15-19:
Sub-goal postcondition of goal statementemissionmixin___first_assign_kind'vc.
Prover result is: Valid (0.01s, 13448 steps).

File "/home/fabrice/git/pycsl/scratchpad/w7/tmp/.pycsl_gwql3f_j.mlw", line 1467, characters 15-56:
Sub-goal postcondition of goal statementemissionmixin___first_assign_kind'vc.
Prover result is: Valid (0.01s, 13449 steps).

File "/home/fabrice/git/pycsl/scratchpad/w7/tmp/.pycsl_gwql3f_j.mlw", line 1468, characters 15-68:
Sub-goal postcondition of goal statementemissionmixin___first_assign_kind'vc.
Prover result is: Valid (0.01s, 13450 steps).

File "/home/fabrice/git/pycsl/scratchpad/w7/tmp/.pycsl_gwql3f_j.mlw", line 1469, characters 15-66:
Sub-goal postcondition of goal statementemissionmixin___first_assign_kind'vc.
Prover result is: Valid (0.01s, 13451 steps).

File "/home/fabrice/git/pycsl/scratchpad/w7/tmp/.pycsl_gwql3f_j.mlw", line 1470, characters 15-60:
Sub-goal postcondition of goal statementemissionmixin___first_assign_kind'vc.
Prover result is: Valid (0.01s, 13452 steps).

File "/home/fabrice/git/pycsl/scratchpad/w7/tmp/.pycsl_gwql3f_j.mlw", line 1471, characters 15-60:
Sub-goal postcondition of goal statementemissionmixin___first_assign_kind'vc.
Prover result is: Valid (0.01s, 13453 steps).

File "/home/fabrice/git/pycsl/scratchpad/w7/tmp/.pycsl_gwql3f_j.mlw", line 1472, characters 15-50:
Sub-goal postcondition of goal statementemissionmixin___first_assign_kind'vc.
Prover result is: Valid (0.01s, 13454 steps).

File "/home/fabrice/git/pycsl/scratchpad/w7/tmp/.pycsl_gwql3f_j.mlw", line 1473, characters 15-48:
Sub-goal postcondition of goal statementemissionmixin___first_assign_kind'vc.
Prover result is: Valid (0.01s, 13455 steps).

File "/home/fabrice/git/pycsl/scratchpad/w7/tmp/.pycsl_gwql3f_j.mlw", line 1474, characters 15-76:
Sub-goal postcondition of goal statementemissionmixin___first_assign_kind'vc.
Prover result is: Valid (0.01s, 13456 steps).

File "/home/fabrice/git/pycsl/scratchpad/w7/tmp/.pycsl_gwql3f_j.mlw", line 1475, characters 15-62:
Sub-goal postcondition of goal statementemissionmixin___first_assign_kind'vc.
Prover result is: Valid (0.01s, 13457 steps).

File "/home/fabrice/git/pycsl/scratchpad/w7/tmp/.pycsl_gwql3f_j.mlw", line 1466, characters 15-19:
Sub-goal postcondition of goal statementemissionmixin___first_assign_kind'vc.
Prover result is: Valid (0.01s, 13951 steps).

File "/home/fabrice/git/pycsl/scratchpad/w7/tmp/.pycsl_gwql3f_j.mlw", line 1467, characters 15-56:
Sub-goal postcondition of goal statementemissionmixin___first_assign_kind'vc.
Prover result is: Valid (0.01s, 13952 steps).

File "/home/fabrice/git/pycsl/scratchpad/w7/tmp/.pycsl_gwql3f_j.mlw", line 1468, characters 15-68:
Sub-goal postcondition of goal statementemissionmixin___first_assign_kind'vc.
Prover result is: Valid (0.01s, 13953 steps).

File "/home/fabrice/git/pycsl/scratchpad/w7/tmp/.pycsl_gwql3f_j.mlw", line 1469, characters 15-66:
Sub-goal postcondition of goal statementemissionmixin___first_assign_kind'vc.
Prover result is: Valid (0.01s, 13954 steps).

File "/home/fabrice/git/pycsl/scratchpad/w7/tmp/.pycsl_gwql3f_j.mlw", line 1470, characters 15-60:
Sub-goal postcondition of goal statementemissionmixin___first_assign_kind'vc.
Prover result is: Valid (0.01s, 13955 steps).

File "/home/fabrice/git/pycsl/scratchpad/w7/tmp/.pycsl_gwql3f_j.mlw", line 1471, characters 15-60:
Sub-goal postcondition of goal statementemissionmixin___first_assign_kind'vc.
Prover result is: Valid (0.01s, 13956 steps).

File "/home/fabrice/git/pycsl/scratchpad/w7/tmp/.pycsl_gwql3f_j.mlw", line 1472, characters 15-50:
Sub-goal postcondition of goal statementemissionmixin___first_assign_kind'vc.
Prover result is: Valid (0.01s, 13957 steps).

File "/home/fabrice/git/pycsl/scratchpad/w7/tmp/.pycsl_gwql3f_j.mlw", line 1473, characters 15-48:
Sub-goal postcondition of goal statementemissionmixin___first_assign_kind'vc.
Prover result is: Valid (0.01s, 13958 steps).

File "/home/fabrice/git/pycsl/scratchpad/w7/tmp/.pycsl_gwql3f_j.mlw", line 1474, characters 15-76:
Sub-goal postcondition of goal statementemissionmixin___first_assign_kind'vc.
Prover result is: Valid (0.01s, 13959 steps).

File "/home/fabrice/git/pycsl/scratchpad/w7/tmp/.pycsl_gwql3f_j.mlw", line 1475, characters 15-62:
Sub-goal postcondition of goal statementemissionmixin___first_assign_kind'vc.
Prover result is: Valid (0.01s, 13960 steps).

File "/home/fabrice/git/pycsl/scratchpad/w7/tmp/.pycsl_gwql3f_j.mlw", line 1513, characters 22-75:
Sub-goal precondition of goal statementemissionmixin___first_assign_kind'vc.
Prover result is: Valid (0.01s, 13949 steps).

File "/home/fabrice/git/pycsl/scratchpad/w7/tmp/.pycsl_gwql3f_j.mlw", line 1466, characters 15-19:
Sub-goal postcondition of goal statementemissionmixin___first_assign_kind'vc.
Prover result is: Valid (0.01s, 13968 steps).

File "/home/fabrice/git/pycsl/scratchpad/w7/tmp/.pycsl_gwql3f_j.mlw", line 1467, characters 15-56:
Sub-goal postcondition of goal statementemissionmixin___first_assign_kind'vc.
Prover result is: Valid (0.01s, 13969 steps).

File "/home/fabrice/git/pycsl/scratchpad/w7/tmp/.pycsl_gwql3f_j.mlw", line 1468, characters 15-68:
Sub-goal postcondition of goal statementemissionmixin___first_assign_kind'vc.
Prover result is: Valid (0.01s, 13970 steps).

File "/home/fabrice/git/pycsl/scratchpad/w7/tmp/.pycsl_gwql3f_j.mlw", line 1469, characters 15-66:
Sub-goal postcondition of goal statementemissionmixin___first_assign_kind'vc.
Prover result is: Valid (0.01s, 13971 steps).

File "/home/fabrice/git/pycsl/scratchpad/w7/tmp/.pycsl_gwql3f_j.mlw", line 1470, characters 15-60:
Sub-goal postcondition of goal statementemissionmixin___first_assign_kind'vc.
Prover result is: Valid (0.01s, 13972 steps).

File "/home/fabrice/git/pycsl/scratchpad/w7/tmp/.pycsl_gwql3f_j.mlw", line 1471, characters 15-60:
Sub-goal postcondition of goal statementemissionmixin___first_assign_kind'vc.
Prover result is: Valid (0.01s, 13973 steps).

File "/home/fabrice/git/pycsl/scratchpad/w7/tmp/.pycsl_gwql3f_j.mlw", line 1472, characters 15-50:
Sub-goal postcondition of goal statementemissionmixin___first_assign_kind'vc.
Prover result is: Valid (0.01s, 13974 steps).

File "/home/fabrice/git/pycsl/scratchpad/w7/tmp/.pycsl_gwql3f_j.mlw", line 1473, characters 15-48:
Sub-goal postcondition of goal statementemissionmixin___first_assign_kind'vc.
Prover result is: Valid (0.01s, 13975 steps).

File "/home/fabrice/git/pycsl/scratchpad/w7/tmp/.pycsl_gwql3f_j.mlw", line 1474, characters 15-76:
Sub-goal postcondition of goal statementemissionmixin___first_assign_kind'vc.
Prover result is: Valid (0.01s, 13976 steps).

File "/home/fabrice/git/pycsl/scratchpad/w7/tmp/.pycsl_gwql3f_j.mlw", line 1475, characters 15-62:
Sub-goal postcondition of goal statementemissionmixin___first_assign_kind'vc.
Prover result is: Valid (0.01s, 13977 steps).

File "/home/fabrice/git/pycsl/scratchpad/w7/tmp/.pycsl_gwql3f_j.mlw", line 1466, characters 15-19:
Sub-goal postcondition of goal statementemissionmixin___first_assign_kind'vc.
Prover result is: Valid (0.01s, 13977 steps).

File "/home/fabrice/git/pycsl/scratchpad/w7/tmp/.pycsl_gwql3f_j.mlw", line 1467, characters 15-56:
Sub-goal postcondition of goal statementemissionmixin___first_assign_kind'vc.
Prover result is: Valid (0.02s, 13978 steps).

File "/home/fabrice/git/pycsl/scratchpad/w7/tmp/.pycsl_gwql3f_j.mlw", line 1468, characters 15-68:
Sub-goal postcondition of goal statementemissionmixin___first_assign_kind'vc.
Prover result is: Valid (0.01s, 13979 steps).

File "/home/fabrice/git/pycsl/scratchpad/w7/tmp/.pycsl_gwql3f_j.mlw", line 1469, characters 15-66:
Sub-goal postcondition of goal statementemissionmixin___first_assign_kind'vc.
Prover result is: Valid (0.02s, 13980 steps).

File "/home/fabrice/git/pycsl/scratchpad/w7/tmp/.pycsl_gwql3f_j.mlw", line 1470, characters 15-60:
Sub-goal postcondition of goal statementemissionmixin___first_assign_kind'vc.
Prover result is: Valid (0.01s, 13981 steps).

File "/home/fabrice/git/pycsl/scratchpad/w7/tmp/.pycsl_gwql3f_j.mlw", line 1471, characters 15-60:
Sub-goal postcondition of goal statementemissionmixin___first_assign_kind'vc.
Prover result is: Valid (0.02s, 13982 steps).

File "/home/fabrice/git/pycsl/scratchpad/w7/tmp/.pycsl_gwql3f_j.mlw", line 1472, characters 15-50:
Sub-goal postcondition of goal statementemissionmixin___first_assign_kind'vc.
Prover result is: Valid (0.02s, 13983 steps).

File "/home/fabrice/git/pycsl/scratchpad/w7/tmp/.pycsl_gwql3f_j.mlw", line 1473, characters 15-48:
Sub-goal postcondition of goal statementemissionmixin___first_assign_kind'vc.
Prover result is: Valid (0.01s, 13984 steps).

File "/home/fabrice/git/pycsl/scratchpad/w7/tmp/.pycsl_gwql3f_j.mlw", line 1474, characters 15-76:
Sub-goal postcondition of goal statementemissionmixin___first_assign_kind'vc.
Prover result is: Valid (0.01s, 13985 steps).

File "/home/fabrice/git/pycsl/scratchpad/w7/tmp/.pycsl_gwql3f_j.mlw", line 1475, characters 15-62:
Sub-goal postcondition of goal statementemissionmixin___first_assign_kind'vc.
Prover result is: Valid (0.01s, 13986 steps).

File "/home/fabrice/git/pycsl/scratchpad/w7/tmp/.pycsl_gwql3f_j.mlw", line 1466, characters 15-19:
Sub-goal postcondition of goal statementemissionmixin___first_assign_kind'vc.
Prover result is: Valid (0.01s, 13973 steps).

File "/home/fabrice/git/pycsl/scratchpad/w7/tmp/.pycsl_gwql3f_j.mlw", line 1467, characters 15-56:
Sub-goal postcondition of goal statementemissionmixin___first_assign_kind'vc.
Prover result is: Valid (0.01s, 13974 steps).

File "/home/fabrice/git/pycsl/scratchpad/w7/tmp/.pycsl_gwql3f_j.mlw", line 1468, characters 15-68:
Sub-goal postcondition of goal statementemissionmixin___first_assign_kind'vc.
Prover result is: Valid (0.02s, 13975 steps).

File "/home/fabrice/git/pycsl/scratchpad/w7/tmp/.pycsl_gwql3f_j.mlw", line 1469, characters 15-66:
Sub-goal postcondition of goal statementemissionmixin___first_assign_kind'vc.
Prover result is: Valid (0.01s, 13976 steps).

File "/home/fabrice/git/pycsl/scratchpad/w7/tmp/.pycsl_gwql3f_j.mlw", line 1470, characters 15-60:
Sub-goal postcondition of goal statementemissionmixin___first_assign_kind'vc.
Prover result is: Valid (0.01s, 13977 steps).

File "/home/fabrice/git/pycsl/scratchpad/w7/tmp/.pycsl_gwql3f_j.mlw", line 1471, characters 15-60:
Sub-goal postcondition of goal statementemissionmixin___first_assign_kind'vc.
Prover result is: Valid (0.01s, 13978 steps).

File "/home/fabrice/git/pycsl/scratchpad/w7/tmp/.pycsl_gwql3f_j.mlw", line 1472, characters 15-50:
Sub-goal postcondition of goal statementemissionmixin___first_assign_kind'vc.
Prover result is: Valid (0.02s, 13979 steps).

File "/home/fabrice/git/pycsl/scratchpad/w7/tmp/.pycsl_gwql3f_j.mlw", line 1473, characters 15-48:
Sub-goal postcondition of goal statementemissionmixin___first_assign_kind'vc.
Prover result is: Valid (0.01s, 13980 steps).

File "/home/fabrice/git/pycsl/scratchpad/w7/tmp/.pycsl_gwql3f_j.mlw", line 1474, characters 15-76:
Sub-goal postcondition of goal statementemissionmixin___first_assign_kind'vc.
Prover result is: Valid (0.01s, 13981 steps).

File "/home/fabrice/git/pycsl/scratchpad/w7/tmp/.pycsl_gwql3f_j.mlw", line 1475, characters 15-62:
Sub-goal postcondition of goal statementemissionmixin___first_assign_kind'vc.
Prover result is: Valid (0.01s, 13982 steps).

File "/home/fabrice/git/pycsl/scratchpad/w7/tmp/.pycsl_gwql3f_j.mlw", line 1538, characters 15-19:
Sub-goal postcondition of goal statementemissionmixin___handle_array_slice_set_stmt'vc.
Prover result is: Valid (0.02s, 17799 steps).

File "/home/fabrice/git/pycsl/scratchpad/w7/tmp/.pycsl_gwql3f_j.mlw", line 1539, characters 15-56:
Sub-goal postcondition of goal statementemissionmixin___handle_array_slice_set_stmt'vc.
Prover result is: Valid (0.03s, 87917 steps).

File "/home/fabrice/git/pycsl/scratchpad/w7/tmp/.pycsl_gwql3f_j.mlw", line 1540, characters 15-60:
Sub-goal postcondition of goal statementemissionmixin___handle_array_slice_set_stmt'vc.
Prover result is: Valid (0.02s, 87971 steps).

File "/home/fabrice/git/pycsl/scratchpad/w7/tmp/.pycsl_gwql3f_j.mlw", line 1541, characters 15-50:
Sub-goal postcondition of goal statementemissionmixin___handle_array_slice_set_stmt'vc.
Prover result is: Valid (0.05s, 159432 steps).

File "/home/fabrice/git/pycsl/scratchpad/w7/tmp/.pycsl_gwql3f_j.mlw", line 1542, characters 15-62:
Sub-goal postcondition of goal statementemissionmixin___handle_array_slice_set_stmt'vc.
Prover result is: Valid (0.02s, 88079 steps).

File "/home/fabrice/git/pycsl/scratchpad/w7/tmp/.pycsl_gwql3f_j.mlw", line 1538, characters 15-19:
Sub-goal postcondition of goal statementemissionmixin___handle_array_slice_set_stmt'vc.
Prover result is: Valid (0.01s, 17448 steps).

File "/home/fabrice/git/pycsl/scratchpad/w7/tmp/.pycsl_gwql3f_j.mlw", line 1539, characters 15-56:
Sub-goal postcondition of goal statementemissionmixin___handle_array_slice_set_stmt'vc.
Prover result is: Valid (0.03s, 85724 steps).

File "/home/fabrice/git/pycsl/scratchpad/w7/tmp/.pycsl_gwql3f_j.mlw", line 1540, characters 15-60:
Sub-goal postcondition of goal statementemissionmixin___handle_array_slice_set_stmt'vc.
Prover result is: Valid (0.02s, 85778 steps).

File "/home/fabrice/git/pycsl/scratchpad/w7/tmp/.pycsl_gwql3f_j.mlw", line 1541, characters 15-50:
Sub-goal postcondition of goal statementemissionmixin___handle_array_slice_set_stmt'vc.
Prover result is: Valid (0.03s, 156000 steps).

File "/home/fabrice/git/pycsl/scratchpad/w7/tmp/.pycsl_gwql3f_j.mlw", line 1542, characters 15-62:
Sub-goal postcondition of goal statementemissionmixin___handle_array_slice_set_stmt'vc.
Prover result is: Valid (0.03s, 85886 steps).

File "/home/fabrice/git/pycsl/scratchpad/w7/tmp/.pycsl_gwql3f_j.mlw", line 1538, characters 15-19:
Sub-goal postcondition of goal statementemissionmixin___handle_array_slice_set_stmt'vc.
Prover result is: Valid (0.01s, 16917 steps).

File "/home/fabrice/git/pycsl/scratchpad/w7/tmp/.pycsl_gwql3f_j.mlw", line 1539, characters 15-56:
Sub-goal postcondition of goal statementemissionmixin___handle_array_slice_set_stmt'vc.
Prover result is: Valid (0.02s, 78668 steps).

File "/home/fabrice/git/pycsl/scratchpad/w7/tmp/.pycsl_gwql3f_j.mlw", line 1540, characters 15-60:
Sub-goal postcondition of goal statementemissionmixin___handle_array_slice_set_stmt'vc.
Prover result is: Valid (0.03s, 78720 steps).

File "/home/fabrice/git/pycsl/scratchpad/w7/tmp/.pycsl_gwql3f_j.mlw", line 1541, characters 15-50:
Sub-goal postcondition of goal statementemissionmixin___handle_array_slice_set_stmt'vc.
Prover result is: Valid (0.03s, 147905 steps).

File "/home/fabrice/git/pycsl/scratchpad/w7/tmp/.pycsl_gwql3f_j.mlw", line 1542, characters 15-62:
Sub-goal postcondition of goal statementemissionmixin___handle_array_slice_set_stmt'vc.
Prover result is: Valid (0.01s, 78824 steps).

File "/home/fabrice/git/pycsl/scratchpad/w7/tmp/.pycsl_gwql3f_j.mlw", line 1538, characters 15-19:
Sub-goal postcondition of goal statementemissionmixin___handle_array_slice_set_stmt'vc.
Prover result is: Valid (0.01s, 16566 steps).

File "/home/fabrice/git/pycsl/scratchpad/w7/tmp/.pycsl_gwql3f_j.mlw", line 1539, characters 15-56:
Sub-goal postcondition of goal statementemissionmixin___handle_array_slice_set_stmt'vc.
Prover result is: Valid (0.02s, 76487 steps).

File "/home/fabrice/git/pycsl/scratchpad/w7/tmp/.pycsl_gwql3f_j.mlw", line 1540, characters 15-60:
Sub-goal postcondition of goal statementemissionmixin___handle_array_slice_set_stmt'vc.
Prover result is: Valid (0.01s, 76543 steps).

File "/home/fabrice/git/pycsl/scratchpad/w7/tmp/.pycsl_gwql3f_j.mlw", line 1541, characters 15-50:
Sub-goal postcondition of goal statementemissionmixin___handle_array_slice_set_stmt'vc.
Prover result is: Valid (0.03s, 144487 steps).

File "/home/fabrice/git/pycsl/scratchpad/w7/tmp/.pycsl_gwql3f_j.mlw", line 1542, characters 15-62:
Sub-goal postcondition of goal statementemissionmixin___handle_array_slice_set_stmt'vc.
Prover result is: Valid (0.03s, 76655 steps).

File "/home/fabrice/git/pycsl/scratchpad/w7/tmp/.pycsl_gwql3f_j.mlw", line 1538, characters 15-19:
Sub-goal postcondition of goal statementemissionmixin___handle_array_slice_set_stmt'vc.
Prover result is: Valid (0.01s, 6372 steps).

File "/home/fabrice/git/pycsl/scratchpad/w7/tmp/.pycsl_gwql3f_j.mlw", line 1539, characters 15-56:
Sub-goal postcondition of goal statementemissionmixin___handle_array_slice_set_stmt'vc.
Prover result is: Valid (0.01s, 6373 steps).

File "/home/fabrice/git/pycsl/scratchpad/w7/tmp/.pycsl_gwql3f_j.mlw", line 1540, characters 15-60:
Sub-goal postcondition of goal statementemissionmixin___handle_array_slice_set_stmt'vc.
Prover result is: Valid (0.01s, 6374 steps).

File "/home/fabrice/git/pycsl/scratchpad/w7/tmp/.pycsl_gwql3f_j.mlw", line 1541, characters 15-50:
Sub-goal postcondition of goal statementemissionmixin___handle_array_slice_set_stmt'vc.
Prover result is: Valid (0.01s, 6375 steps).

File "/home/fabrice/git/pycsl/scratchpad/w7/tmp/.pycsl_gwql3f_j.mlw", line 1542, characters 15-62:
Sub-goal postcondition of goal statementemissionmixin___handle_array_slice_set_stmt'vc.
Prover result is: Valid (0.01s, 6376 steps).

File "/home/fabrice/git/pycsl/scratchpad/w7/tmp/.pycsl_gwql3f_j.mlw", line 1538, characters 15-19:
Sub-goal postcondition of goal statementemissionmixin___handle_array_slice_set_stmt'vc.
Prover result is: Valid (0.01s, 6345 steps).

File "/home/fabrice/git/pycsl/scratchpad/w7/tmp/.pycsl_gwql3f_j.mlw", line 1539, characters 15-56:
Sub-goal postcondition of goal statementemissionmixin___handle_array_slice_set_stmt'vc.
Prover result is: Valid (0.01s, 6346 steps).

File "/home/fabrice/git/pycsl/scratchpad/w7/tmp/.pycsl_gwql3f_j.mlw", line 1540, characters 15-60:
Sub-goal postcondition of goal statementemissionmixin___handle_array_slice_set_stmt'vc.
Prover result is: Valid (0.01s, 6347 steps).

File "/home/fabrice/git/pycsl/scratchpad/w7/tmp/.pycsl_gwql3f_j.mlw", line 1541, characters 15-50:
Sub-goal postcondition of goal statementemissionmixin___handle_array_slice_set_stmt'vc.
Prover result is: Valid (0.01s, 6348 steps).

File "/home/fabrice/git/pycsl/scratchpad/w7/tmp/.pycsl_gwql3f_j.mlw", line 1542, characters 15-62:
Sub-goal postcondition of goal statementemissionmixin___handle_array_slice_set_stmt'vc.
Prover result is: Valid (0.01s, 6349 steps).

File "/home/fabrice/git/pycsl/scratchpad/w7/tmp/.pycsl_gwql3f_j.mlw", line 1538, characters 15-19:
Sub-goal postcondition of goal statementemissionmixin___handle_array_slice_set_stmt'vc.
Prover result is: Valid (0.01s, 6320 steps).

File "/home/fabrice/git/pycsl/scratchpad/w7/tmp/.pycsl_gwql3f_j.mlw", line 1539, characters 15-56:
Sub-goal postcondition of goal statementemissionmixin___handle_array_slice_set_stmt'vc.
Prover result is: Valid (0.01s, 6321 steps).

File "/home/fabrice/git/pycsl/scratchpad/w7/tmp/.pycsl_gwql3f_j.mlw", line 1540, characters 15-60:
Sub-goal postcondition of goal statementemissionmixin___handle_array_slice_set_stmt'vc.
Prover result is: Valid (0.01s, 6322 steps).

File "/home/fabrice/git/pycsl/scratchpad/w7/tmp/.pycsl_gwql3f_j.mlw", line 1541, characters 15-50:
Sub-goal postcondition of goal statementemissionmixin___handle_array_slice_set_stmt'vc.
Prover result is: Valid (0.01s, 6323 steps).

File "/home/fabrice/git/pycsl/scratchpad/w7/tmp/.pycsl_gwql3f_j.mlw", line 1542, characters 15-62:
Sub-goal postcondition of goal statementemissionmixin___handle_array_slice_set_stmt'vc.
Prover result is: Valid (0.01s, 6324 steps).

File "/home/fabrice/git/pycsl/scratchpad/w7/tmp/.pycsl_gwql3f_j.mlw", line 1538, characters 15-19:
Sub-goal postcondition of goal statementemissionmixin___handle_array_slice_set_stmt'vc.
Prover result is: Valid (0.02s, 6293 steps).

File "/home/fabrice/git/pycsl/scratchpad/w7/tmp/.pycsl_gwql3f_j.mlw", line 1539, characters 15-56:
Sub-goal postcondition of goal statementemissionmixin___handle_array_slice_set_stmt'vc.
Prover result is: Valid (0.01s, 6294 steps).

File "/home/fabrice/git/pycsl/scratchpad/w7/tmp/.pycsl_gwql3f_j.mlw", line 1540, characters 15-60:
Sub-goal postcondition of goal statementemissionmixin___handle_array_slice_set_stmt'vc.
Prover result is: Valid (0.01s, 6295 steps).

File "/home/fabrice/git/pycsl/scratchpad/w7/tmp/.pycsl_gwql3f_j.mlw", line 1541, characters 15-50:
Sub-goal postcondition of goal statementemissionmixin___handle_array_slice_set_stmt'vc.
Prover result is: Valid (0.01s, 6296 steps).

File "/home/fabrice/git/pycsl/scratchpad/w7/tmp/.pycsl_gwql3f_j.mlw", line 1542, characters 15-62:
Sub-goal postcondition of goal statementemissionmixin___handle_array_slice_set_stmt'vc.
Prover result is: Valid (0.01s, 6297 steps).

File "/home/fabrice/git/pycsl/scratchpad/w7/tmp/.pycsl_gwql3f_j.mlw", line 1626, characters 20-34:
Sub-goal loop invariant init of goal statementemissionmixin___handle_critical_section_stmt'vc.
Prover result is: Valid (0.02s, 11628 steps).

File "/home/fabrice/git/pycsl/scratchpad/w7/tmp/.pycsl_gwql3f_j.mlw", line 1627, characters 18-60:
Sub-goal loop variant decrease of goal statementemissionmixin___handle_critical_section_stmt'vc.
Prover result is: Valid (0.05s, 167455 steps).

File "/home/fabrice/git/pycsl/scratchpad/w7/tmp/.pycsl_gwql3f_j.mlw", line 1626, characters 20-34:
Sub-goal loop invariant preservation of goal statementemissionmixin___handle_critical_section_stmt'vc.
Prover result is: Valid (0.05s, 167261 steps).

File "/home/fabrice/git/pycsl/scratchpad/w7/tmp/.pycsl_gwql3f_j.mlw", line 1673, characters 82-101:
Sub-goal array creation size of goal statementemissionmixin___handle_critical_section_stmt'vc.
Prover result is: Valid (0.01s, 17284 steps).

File "/home/fabrice/git/pycsl/scratchpad/w7/tmp/.pycsl_gwql3f_j.mlw", line 1592, characters 15-19:
Sub-goal postcondition of goal statementemissionmixin___handle_critical_section_stmt'vc.
Prover result is: Valid (0.02s, 19398 steps).

File "/home/fabrice/git/pycsl/scratchpad/w7/tmp/.pycsl_gwql3f_j.mlw", line 1593, characters 15-56:
Sub-goal postcondition of goal statementemissionmixin___handle_critical_section_stmt'vc.
Prover result is: Valid (0.04s, 147243 steps).

File "/home/fabrice/git/pycsl/scratchpad/w7/tmp/.pycsl_gwql3f_j.mlw", line 1594, characters 15-60:
Sub-goal postcondition of goal statementemissionmixin___handle_critical_section_stmt'vc.
Prover result is: Valid (0.04s, 147296 steps).

File "/home/fabrice/git/pycsl/scratchpad/w7/tmp/.pycsl_gwql3f_j.mlw", line 1595, characters 15-50:
Sub-goal postcondition of goal statementemissionmixin___handle_critical_section_stmt'vc.
Prover result is: Valid (0.07s, 252314 steps).

File "/home/fabrice/git/pycsl/scratchpad/w7/tmp/.pycsl_gwql3f_j.mlw", line 1596, characters 15-62:
Sub-goal postcondition of goal statementemissionmixin___handle_critical_section_stmt'vc.
Prover result is: Valid (0.04s, 147402 steps).

File "/home/fabrice/git/pycsl/scratchpad/w7/tmp/.pycsl_gwql3f_j.mlw", line 1592, characters 15-19:
Sub-goal postcondition of goal statementemissionmixin___handle_critical_section_stmt'vc.
Prover result is: Valid (0.02s, 19043 steps).

File "/home/fabrice/git/pycsl/scratchpad/w7/tmp/.pycsl_gwql3f_j.mlw", line 1593, characters 15-56:
Sub-goal postcondition of goal statementemissionmixin___handle_critical_section_stmt'vc.
Prover result is: Valid (0.04s, 144915 steps).

File "/home/fabrice/git/pycsl/scratchpad/w7/tmp/.pycsl_gwql3f_j.mlw", line 1594, characters 15-60:
Sub-goal postcondition of goal statementemissionmixin___handle_critical_section_stmt'vc.
Prover result is: Valid (0.04s, 144968 steps).

File "/home/fabrice/git/pycsl/scratchpad/w7/tmp/.pycsl_gwql3f_j.mlw", line 1595, characters 15-50:
Sub-goal postcondition of goal statementemissionmixin___handle_critical_section_stmt'vc.
Prover result is: Valid (0.10s, 248760 steps).

File "/home/fabrice/git/pycsl/scratchpad/w7/tmp/.pycsl_gwql3f_j.mlw", line 1596, characters 15-62:
Sub-goal postcondition of goal statementemissionmixin___handle_critical_section_stmt'vc.
Prover result is: Valid (0.04s, 145074 steps).

File "/home/fabrice/git/pycsl/scratchpad/w7/tmp/.pycsl_gwql3f_j.mlw", line 1592, characters 15-19:
Sub-goal postcondition of goal statementemissionmixin___handle_critical_section_stmt'vc.
Prover result is: Valid (0.01s, 18570 steps).

File "/home/fabrice/git/pycsl/scratchpad/w7/tmp/.pycsl_gwql3f_j.mlw", line 1593, characters 15-56:
Sub-goal postcondition of goal statementemissionmixin___handle_critical_section_stmt'vc.
Prover result is: Valid (0.04s, 140461 steps).

File "/home/fabrice/git/pycsl/scratchpad/w7/tmp/.pycsl_gwql3f_j.mlw", line 1594, characters 15-60:
Sub-goal postcondition of goal statementemissionmixin___handle_critical_section_stmt'vc.
Prover result is: Valid (0.04s, 140514 steps).

File "/home/fabrice/git/pycsl/scratchpad/w7/tmp/.pycsl_gwql3f_j.mlw", line 1595, characters 15-50:
Sub-goal postcondition of goal statementemissionmixin___handle_critical_section_stmt'vc.
Prover result is: Valid (0.04s, 241580 steps).

File "/home/fabrice/git/pycsl/scratchpad/w7/tmp/.pycsl_gwql3f_j.mlw", line 1596, characters 15-62:
Sub-goal postcondition of goal statementemissionmixin___handle_critical_section_stmt'vc.
Prover result is: Valid (0.02s, 140620 steps).

File "/home/fabrice/git/pycsl/scratchpad/w7/tmp/.pycsl_gwql3f_j.mlw", line 1592, characters 15-19:
Sub-goal postcondition of goal statementemissionmixin___handle_critical_section_stmt'vc.
Prover result is: Valid (0.01s, 18215 steps).

File "/home/fabrice/git/pycsl/scratchpad/w7/tmp/.pycsl_gwql3f_j.mlw", line 1593, characters 15-56:
Sub-goal postcondition of goal statementemissionmixin___handle_critical_section_stmt'vc.
Prover result is: Valid (0.02s, 138133 steps).

File "/home/fabrice/git/pycsl/scratchpad/w7/tmp/.pycsl_gwql3f_j.mlw", line 1594, characters 15-60:
Sub-goal postcondition of goal statementemissionmixin___handle_critical_section_stmt'vc.
Prover result is: Valid (0.02s, 138186 steps).

File "/home/fabrice/git/pycsl/scratchpad/w7/tmp/.pycsl_gwql3f_j.mlw", line 1595, characters 15-50:
Sub-goal postcondition of goal statementemissionmixin___handle_critical_section_stmt'vc.
Prover result is: Valid (0.04s, 238026 steps).

File "/home/fabrice/git/pycsl/scratchpad/w7/tmp/.pycsl_gwql3f_j.mlw", line 1596, characters 15-62:
Sub-goal postcondition of goal statementemissionmixin___handle_critical_section_stmt'vc.
Prover result is: Valid (0.04s, 138292 steps).

File "/home/fabrice/git/pycsl/scratchpad/w7/tmp/.pycsl_gwql3f_j.mlw", line 1592, characters 15-19:
Sub-goal postcondition of goal statementemissionmixin___handle_critical_section_stmt'vc.
Prover result is: Valid (0.02s, 10440 steps).

File "/home/fabrice/git/pycsl/scratchpad/w7/tmp/.pycsl_gwql3f_j.mlw", line 1593, characters 15-56:
Sub-goal postcondition of goal statementemissionmixin___handle_critical_section_stmt'vc.
Prover result is: Valid (0.02s, 10441 steps).

File "/home/fabrice/git/pycsl/scratchpad/w7/tmp/.pycsl_gwql3f_j.mlw", line 1594, characters 15-60:
Sub-goal postcondition of goal statementemissionmixin___handle_critical_section_stmt'vc.
Prover result is: Valid (0.02s, 10442 steps).

File "/home/fabrice/git/pycsl/scratchpad/w7/tmp/.pycsl_gwql3f_j.mlw", line 1595, characters 15-50:
Sub-goal postcondition of goal statementemissionmixin___handle_critical_section_stmt'vc.
Prover result is: Valid (0.02s, 10443 steps).

File "/home/fabrice/git/pycsl/scratchpad/w7/tmp/.pycsl_gwql3f_j.mlw", line 1596, characters 15-62:
Sub-goal postcondition of goal statementemissionmixin___handle_critical_section_stmt'vc.
Prover result is: Valid (0.02s, 10444 steps).

File "/home/fabrice/git/pycsl/scratchpad/w7/tmp/.pycsl_gwql3f_j.mlw", line 1592, characters 15-19:
Sub-goal postcondition of goal statementemissionmixin___handle_critical_section_stmt'vc.
Prover result is: Valid (0.01s, 10413 steps).

File "/home/fabrice/git/pycsl/scratchpad/w7/tmp/.pycsl_gwql3f_j.mlw", line 1593, characters 15-56:
Sub-goal postcondition of goal statementemissionmixin___handle_critical_section_stmt'vc.
Prover result is: Valid (0.02s, 10414 steps).

File "/home/fabrice/git/pycsl/scratchpad/w7/tmp/.pycsl_gwql3f_j.mlw", line 1594, characters 15-60:
Sub-goal postcondition of goal statementemissionmixin___handle_critical_section_stmt'vc.
Prover result is: Valid (0.02s, 10415 steps).

File "/home/fabrice/git/pycsl/scratchpad/w7/tmp/.pycsl_gwql3f_j.mlw", line 1595, characters 15-50:
Sub-goal postcondition of goal statementemissionmixin___handle_critical_section_stmt'vc.
Prover result is: Valid (0.02s, 10416 steps).

File "/home/fabrice/git/pycsl/scratchpad/w7/tmp/.pycsl_gwql3f_j.mlw", line 1596, characters 15-62:
Sub-goal postcondition of goal statementemissionmixin___handle_critical_section_stmt'vc.
Prover result is: Valid (0.01s, 10417 steps).

File "/home/fabrice/git/pycsl/scratchpad/w7/tmp/.pycsl_gwql3f_j.mlw", line 1592, characters 15-19:
Sub-goal postcondition of goal statementemissionmixin___handle_critical_section_stmt'vc.
Prover result is: Valid (0.01s, 10072 steps).

File "/home/fabrice/git/pycsl/scratchpad/w7/tmp/.pycsl_gwql3f_j.mlw", line 1593, characters 15-56:
Sub-goal postcondition of goal statementemissionmixin___handle_critical_section_stmt'vc.
Prover result is: Valid (0.01s, 10073 steps).

File "/home/fabrice/git/pycsl/scratchpad/w7/tmp/.pycsl_gwql3f_j.mlw", line 1594, characters 15-60:
Sub-goal postcondition of goal statementemissionmixin___handle_critical_section_stmt'vc.
Prover result is: Valid (0.01s, 10074 steps).

File "/home/fabrice/git/pycsl/scratchpad/w7/tmp/.pycsl_gwql3f_j.mlw", line 1595, characters 15-50:
Sub-goal postcondition of goal statementemissionmixin___handle_critical_section_stmt'vc.
Prover result is: Valid (0.02s, 10075 steps).

File "/home/fabrice/git/pycsl/scratchpad/w7/tmp/.pycsl_gwql3f_j.mlw", line 1596, characters 15-62:
Sub-goal postcondition of goal statementemissionmixin___handle_critical_section_stmt'vc.
Prover result is: Valid (0.01s, 10076 steps).

File "/home/fabrice/git/pycsl/scratchpad/w7/tmp/.pycsl_gwql3f_j.mlw", line 1592, characters 15-19:
Sub-goal postcondition of goal statementemissionmixin___handle_critical_section_stmt'vc.
Prover result is: Valid (0.01s, 10045 steps).

File "/home/fabrice/git/pycsl/scratchpad/w7/tmp/.pycsl_gwql3f_j.mlw", line 1593, characters 15-56:
Sub-goal postcondition of goal statementemissionmixin___handle_critical_section_stmt'vc.
Prover result is: Valid (0.01s, 10046 steps).

File "/home/fabrice/git/pycsl/scratchpad/w7/tmp/.pycsl_gwql3f_j.mlw", line 1594, characters 15-60:
Sub-goal postcondition of goal statementemissionmixin___handle_critical_section_stmt'vc.
Prover result is: Valid (0.01s, 10047 steps).

File "/home/fabrice/git/pycsl/scratchpad/w7/tmp/.pycsl_gwql3f_j.mlw", line 1595, characters 15-50:
Sub-goal postcondition of goal statementemissionmixin___handle_critical_section_stmt'vc.
Prover result is: Valid (0.01s, 10048 steps).

File "/home/fabrice/git/pycsl/scratchpad/w7/tmp/.pycsl_gwql3f_j.mlw", line 1596, characters 15-62:
Sub-goal postcondition of goal statementemissionmixin___handle_critical_section_stmt'vc.
Prover result is: Valid (0.01s, 10049 steps).

File "/home/fabrice/git/pycsl/scratchpad/w7/tmp/.pycsl_gwql3f_j.mlw", line 1673, characters 82-101:
Sub-goal array creation size of goal statementemissionmixin___handle_critical_section_stmt'vc.
Prover result is: Valid (0.02s, 17282 steps).

File "/home/fabrice/git/pycsl/scratchpad/w7/tmp/.pycsl_gwql3f_j.mlw", line 1592, characters 15-19:
Sub-goal postcondition of goal statementemissionmixin___handle_critical_section_stmt'vc.
Prover result is: Valid (0.02s, 19396 steps).

File "/home/fabrice/git/pycsl/scratchpad/w7/tmp/.pycsl_gwql3f_j.mlw", line 1593, characters 15-56:
Sub-goal postcondition of goal statementemissionmixin___handle_critical_section_stmt'vc.
Prover result is: Valid (0.01s, 40624 steps).

File "/home/fabrice/git/pycsl/scratchpad/w7/tmp/.pycsl_gwql3f_j.mlw", line 1594, characters 15-60:
Sub-goal postcondition of goal statementemissionmixin___handle_critical_section_stmt'vc.
Prover result is: Valid (0.02s, 40637 steps).

File "/home/fabrice/git/pycsl/scratchpad/w7/tmp/.pycsl_gwql3f_j.mlw", line 1595, characters 15-50:
Sub-goal postcondition of goal statementemissionmixin___handle_critical_section_stmt'vc.
Prover result is: Valid (0.02s, 40650 steps).

File "/home/fabrice/git/pycsl/scratchpad/w7/tmp/.pycsl_gwql3f_j.mlw", line 1596, characters 15-62:
Sub-goal postcondition of goal statementemissionmixin___handle_critical_section_stmt'vc.
Prover result is: Valid (0.02s, 40663 steps).

File "/home/fabrice/git/pycsl/scratchpad/w7/tmp/.pycsl_gwql3f_j.mlw", line 1592, characters 15-19:
Sub-goal postcondition of goal statementemissionmixin___handle_critical_section_stmt'vc.
Prover result is: Valid (0.02s, 19041 steps).

File "/home/fabrice/git/pycsl/scratchpad/w7/tmp/.pycsl_gwql3f_j.mlw", line 1593, characters 15-56:
Sub-goal postcondition of goal statementemissionmixin___handle_critical_section_stmt'vc.
Prover result is: Valid (0.02s, 40061 steps).

File "/home/fabrice/git/pycsl/scratchpad/w7/tmp/.pycsl_gwql3f_j.mlw", line 1594, characters 15-60:
Sub-goal postcondition of goal statementemissionmixin___handle_critical_section_stmt'vc.
Prover result is: Valid (0.01s, 40074 steps).

File "/home/fabrice/git/pycsl/scratchpad/w7/tmp/.pycsl_gwql3f_j.mlw", line 1595, characters 15-50:
Sub-goal postcondition of goal statementemissionmixin___handle_critical_section_stmt'vc.
Prover result is: Valid (0.02s, 40087 steps).

File "/home/fabrice/git/pycsl/scratchpad/w7/tmp/.pycsl_gwql3f_j.mlw", line 1596, characters 15-62:
Sub-goal postcondition of goal statementemissionmixin___handle_critical_section_stmt'vc.
Prover result is: Valid (0.01s, 40100 steps).

File "/home/fabrice/git/pycsl/scratchpad/w7/tmp/.pycsl_gwql3f_j.mlw", line 1592, characters 15-19:
Sub-goal postcondition of goal statementemissionmixin___handle_critical_section_stmt'vc.
Prover result is: Valid (0.01s, 18568 steps).

File "/home/fabrice/git/pycsl/scratchpad/w7/tmp/.pycsl_gwql3f_j.mlw", line 1593, characters 15-56:
Sub-goal postcondition of goal statementemissionmixin___handle_critical_section_stmt'vc.
Prover result is: Valid (0.01s, 37964 steps).

File "/home/fabrice/git/pycsl/scratchpad/w7/tmp/.pycsl_gwql3f_j.mlw", line 1594, characters 15-60:
Sub-goal postcondition of goal statementemissionmixin___handle_critical_section_stmt'vc.
Prover result is: Valid (0.02s, 37977 steps).

File "/home/fabrice/git/pycsl/scratchpad/w7/tmp/.pycsl_gwql3f_j.mlw", line 1595, characters 15-50:
Sub-goal postcondition of goal statementemissionmixin___handle_critical_section_stmt'vc.
Prover result is: Valid (0.02s, 37990 steps).

File "/home/fabrice/git/pycsl/scratchpad/w7/tmp/.pycsl_gwql3f_j.mlw", line 1596, characters 15-62:
Sub-goal postcondition of goal statementemissionmixin___handle_critical_section_stmt'vc.
Prover result is: Valid (0.02s, 38003 steps).

File "/home/fabrice/git/pycsl/scratchpad/w7/tmp/.pycsl_gwql3f_j.mlw", line 1592, characters 15-19:
Sub-goal postcondition of goal statementemissionmixin___handle_critical_section_stmt'vc.
Prover result is: Valid (0.01s, 18213 steps).

File "/home/fabrice/git/pycsl/scratchpad/w7/tmp/.pycsl_gwql3f_j.mlw", line 1593, characters 15-56:
Sub-goal postcondition of goal statementemissionmixin___handle_critical_section_stmt'vc.
Prover result is: Valid (0.02s, 37401 steps).

File "/home/fabrice/git/pycsl/scratchpad/w7/tmp/.pycsl_gwql3f_j.mlw", line 1594, characters 15-60:
Sub-goal postcondition of goal statementemissionmixin___handle_critical_section_stmt'vc.
Prover result is: Valid (0.02s, 37414 steps).

File "/home/fabrice/git/pycsl/scratchpad/w7/tmp/.pycsl_gwql3f_j.mlw", line 1595, characters 15-50:
Sub-goal postcondition of goal statementemissionmixin___handle_critical_section_stmt'vc.
Prover result is: Valid (0.02s, 37427 steps).

File "/home/fabrice/git/pycsl/scratchpad/w7/tmp/.pycsl_gwql3f_j.mlw", line 1596, characters 15-62:
Sub-goal postcondition of goal statementemissionmixin___handle_critical_section_stmt'vc.
Prover result is: Valid (0.02s, 37440 steps).

File "/home/fabrice/git/pycsl/scratchpad/w7/tmp/.pycsl_gwql3f_j.mlw", line 1592, characters 15-19:
Sub-goal postcondition of goal statementemissionmixin___handle_critical_section_stmt'vc.
Prover result is: Valid (0.01s, 10438 steps).

File "/home/fabrice/git/pycsl/scratchpad/w7/tmp/.pycsl_gwql3f_j.mlw", line 1593, characters 15-56:
Sub-goal postcondition of goal statementemissionmixin___handle_critical_section_stmt'vc.
Prover result is: Valid (0.01s, 10439 steps).

File "/home/fabrice/git/pycsl/scratchpad/w7/tmp/.pycsl_gwql3f_j.mlw", line 1594, characters 15-60:
Sub-goal postcondition of goal statementemissionmixin___handle_critical_section_stmt'vc.
Prover result is: Valid (0.02s, 10440 steps).

File "/home/fabrice/git/pycsl/scratchpad/w7/tmp/.pycsl_gwql3f_j.mlw", line 1595, characters 15-50:
Sub-goal postcondition of goal statementemissionmixin___handle_critical_section_stmt'vc.
Prover result is: Valid (0.02s, 10441 steps).

File "/home/fabrice/git/pycsl/scratchpad/w7/tmp/.pycsl_gwql3f_j.mlw", line 1596, characters 15-62:
Sub-goal postcondition of goal statementemissionmixin___handle_critical_section_stmt'vc.
Prover result is: Valid (0.01s, 10442 steps).

File "/home/fabrice/git/pycsl/scratchpad/w7/tmp/.pycsl_gwql3f_j.mlw", line 1592, characters 15-19:
Sub-goal postcondition of goal statementemissionmixin___handle_critical_section_stmt'vc.
Prover result is: Valid (0.01s, 10411 steps).

File "/home/fabrice/git/pycsl/scratchpad/w7/tmp/.pycsl_gwql3f_j.mlw", line 1593, characters 15-56:
Sub-goal postcondition of goal statementemissionmixin___handle_critical_section_stmt'vc.
Prover result is: Valid (0.01s, 10412 steps).

File "/home/fabrice/git/pycsl/scratchpad/w7/tmp/.pycsl_gwql3f_j.mlw", line 1594, characters 15-60:
Sub-goal postcondition of goal statementemissionmixin___handle_critical_section_stmt'vc.
Prover result is: Valid (0.01s, 10413 steps).

File "/home/fabrice/git/pycsl/scratchpad/w7/tmp/.pycsl_gwql3f_j.mlw", line 1595, characters 15-50:
Sub-goal postcondition of goal statementemissionmixin___handle_critical_section_stmt'vc.
Prover result is: Valid (0.02s, 10414 steps).

File "/home/fabrice/git/pycsl/scratchpad/w7/tmp/.pycsl_gwql3f_j.mlw", line 1596, characters 15-62:
Sub-goal postcondition of goal statementemissionmixin___handle_critical_section_stmt'vc.
Prover result is: Valid (0.01s, 10415 steps).

File "/home/fabrice/git/pycsl/scratchpad/w7/tmp/.pycsl_gwql3f_j.mlw", line 1592, characters 15-19:
Sub-goal postcondition of goal statementemissionmixin___handle_critical_section_stmt'vc.
Prover result is: Valid (0.02s, 10070 steps).

File "/home/fabrice/git/pycsl/scratchpad/w7/tmp/.pycsl_gwql3f_j.mlw", line 1593, characters 15-56:
Sub-goal postcondition of goal statementemissionmixin___handle_critical_section_stmt'vc.
Prover result is: Valid (0.02s, 10071 steps).

File "/home/fabrice/git/pycsl/scratchpad/w7/tmp/.pycsl_gwql3f_j.mlw", line 1594, characters 15-60:
Sub-goal postcondition of goal statementemissionmixin___handle_critical_section_stmt'vc.
Prover result is: Valid (0.01s, 10072 steps).

File "/home/fabrice/git/pycsl/scratchpad/w7/tmp/.pycsl_gwql3f_j.mlw", line 1595, characters 15-50:
Sub-goal postcondition of goal statementemissionmixin___handle_critical_section_stmt'vc.
Prover result is: Valid (0.02s, 10073 steps).

File "/home/fabrice/git/pycsl/scratchpad/w7/tmp/.pycsl_gwql3f_j.mlw", line 1596, characters 15-62:
Sub-goal postcondition of goal statementemissionmixin___handle_critical_section_stmt'vc.
Prover result is: Valid (0.01s, 10074 steps).

File "/home/fabrice/git/pycsl/scratchpad/w7/tmp/.pycsl_gwql3f_j.mlw", line 1592, characters 15-19:
Sub-goal postcondition of goal statementemissionmixin___handle_critical_section_stmt'vc.
Prover result is: Valid (0.01s, 10043 steps).

File "/home/fabrice/git/pycsl/scratchpad/w7/tmp/.pycsl_gwql3f_j.mlw", line 1593, characters 15-56:
Sub-goal postcondition of goal statementemissionmixin___handle_critical_section_stmt'vc.
Prover result is: Valid (0.01s, 10044 steps).

File "/home/fabrice/git/pycsl/scratchpad/w7/tmp/.pycsl_gwql3f_j.mlw", line 1594, characters 15-60:
Sub-goal postcondition of goal statementemissionmixin___handle_critical_section_stmt'vc.
Prover result is: Valid (0.02s, 10045 steps).

File "/home/fabrice/git/pycsl/scratchpad/w7/tmp/.pycsl_gwql3f_j.mlw", line 1595, characters 15-50:
Sub-goal postcondition of goal statementemissionmixin___handle_critical_section_stmt'vc.
Prover result is: Valid (0.01s, 10046 steps).

File "/home/fabrice/git/pycsl/scratchpad/w7/tmp/.pycsl_gwql3f_j.mlw", line 1596, characters 15-62:
Sub-goal postcondition of goal statementemissionmixin___handle_critical_section_stmt'vc.
Prover result is: Valid (0.01s, 10047 steps).

File "/home/fabrice/git/pycsl/scratchpad/w7/tmp/.pycsl_gwql3f_j.mlw", line 1673, characters 82-101:
Sub-goal array creation size of goal statementemissionmixin___handle_critical_section_stmt'vc.
Prover result is: Valid (0.01s, 8813 steps).

File "/home/fabrice/git/pycsl/scratchpad/w7/tmp/.pycsl_gwql3f_j.mlw", line 1592, characters 15-19:
Sub-goal postcondition of goal statementemissionmixin___handle_critical_section_stmt'vc.
Prover result is: Valid (0.02s, 9385 steps).

File "/home/fabrice/git/pycsl/scratchpad/w7/tmp/.pycsl_gwql3f_j.mlw", line 1593, characters 15-56:
Sub-goal postcondition of goal statementemissionmixin___handle_critical_section_stmt'vc.
Prover result is: Valid (0.01s, 9386 steps).

File "/home/fabrice/git/pycsl/scratchpad/w7/tmp/.pycsl_gwql3f_j.mlw", line 1594, characters 15-60:
Sub-goal postcondition of goal statementemissionmixin___handle_critical_section_stmt'vc.
Prover result is: Valid (0.01s, 9387 steps).

File "/home/fabrice/git/pycsl/scratchpad/w7/tmp/.pycsl_gwql3f_j.mlw", line 1595, characters 15-50:
Sub-goal postcondition of goal statementemissionmixin___handle_critical_section_stmt'vc.
Prover result is: Valid (0.01s, 9388 steps).

File "/home/fabrice/git/pycsl/scratchpad/w7/tmp/.pycsl_gwql3f_j.mlw", line 1596, characters 15-62:
Sub-goal postcondition of goal statementemissionmixin___handle_critical_section_stmt'vc.
Prover result is: Valid (0.01s, 9389 steps).

File "/home/fabrice/git/pycsl/scratchpad/w7/tmp/.pycsl_gwql3f_j.mlw", line 1592, characters 15-19:
Sub-goal postcondition of goal statementemissionmixin___handle_critical_section_stmt'vc.
Prover result is: Valid (0.01s, 9358 steps).

File "/home/fabrice/git/pycsl/scratchpad/w7/tmp/.pycsl_gwql3f_j.mlw", line 1593, characters 15-56:
Sub-goal postcondition of goal statementemissionmixin___handle_critical_section_stmt'vc.
Prover result is: Valid (0.01s, 9359 steps).

File "/home/fabrice/git/pycsl/scratchpad/w7/tmp/.pycsl_gwql3f_j.mlw", line 1594, characters 15-60:
Sub-goal postcondition of goal statementemissionmixin___handle_critical_section_stmt'vc.
Prover result is: Valid (0.01s, 9360 steps).

File "/home/fabrice/git/pycsl/scratchpad/w7/tmp/.pycsl_gwql3f_j.mlw", line 1595, characters 15-50:
Sub-goal postcondition of goal statementemissionmixin___handle_critical_section_stmt'vc.
Prover result is: Valid (0.01s, 9361 steps).

File "/home/fabrice/git/pycsl/scratchpad/w7/tmp/.pycsl_gwql3f_j.mlw", line 1596, characters 15-62:
Sub-goal postcondition of goal statementemissionmixin___handle_critical_section_stmt'vc.
Prover result is: Valid (0.01s, 9362 steps).

File "/home/fabrice/git/pycsl/scratchpad/w7/tmp/.pycsl_gwql3f_j.mlw", line 1592, characters 15-19:
Sub-goal postcondition of goal statementemissionmixin___handle_critical_section_stmt'vc.
Prover result is: Valid (0.01s, 9017 steps).

File "/home/fabrice/git/pycsl/scratchpad/w7/tmp/.pycsl_gwql3f_j.mlw", line 1593, characters 15-56:
Sub-goal postcondition of goal statementemissionmixin___handle_critical_section_stmt'vc.
Prover result is: Valid (0.01s, 9018 steps).

File "/home/fabrice/git/pycsl/scratchpad/w7/tmp/.pycsl_gwql3f_j.mlw", line 1594, characters 15-60:
Sub-goal postcondition of goal statementemissionmixin___handle_critical_section_stmt'vc.
Prover result is: Valid (0.01s, 9019 steps).

File "/home/fabrice/git/pycsl/scratchpad/w7/tmp/.pycsl_gwql3f_j.mlw", line 1595, characters 15-50:
Sub-goal postcondition of goal statementemissionmixin___handle_critical_section_stmt'vc.
Prover result is: Valid (0.01s, 9020 steps).

File "/home/fabrice/git/pycsl/scratchpad/w7/tmp/.pycsl_gwql3f_j.mlw", line 1596, characters 15-62:
Sub-goal postcondition of goal statementemissionmixin___handle_critical_section_stmt'vc.
Prover result is: Valid (0.01s, 9021 steps).

File "/home/fabrice/git/pycsl/scratchpad/w7/tmp/.pycsl_gwql3f_j.mlw", line 1592, characters 15-19:
Sub-goal postcondition of goal statementemissionmixin___handle_critical_section_stmt'vc.
Prover result is: Valid (0.01s, 8990 steps).

File "/home/fabrice/git/pycsl/scratchpad/w7/tmp/.pycsl_gwql3f_j.mlw", line 1593, characters 15-56:
Sub-goal postcondition of goal statementemissionmixin___handle_critical_section_stmt'vc.
Prover result is: Valid (0.01s, 8991 steps).

File "/home/fabrice/git/pycsl/scratchpad/w7/tmp/.pycsl_gwql3f_j.mlw", line 1594, characters 15-60:
Sub-goal postcondition of goal statementemissionmixin___handle_critical_section_stmt'vc.
Prover result is: Valid (0.01s, 8992 steps).

File "/home/fabrice/git/pycsl/scratchpad/w7/tmp/.pycsl_gwql3f_j.mlw", line 1595, characters 15-50:
Sub-goal postcondition of goal statementemissionmixin___handle_critical_section_stmt'vc.
Prover result is: Valid (0.01s, 8993 steps).

File "/home/fabrice/git/pycsl/scratchpad/w7/tmp/.pycsl_gwql3f_j.mlw", line 1596, characters 15-62:
Sub-goal postcondition of goal statementemissionmixin___handle_critical_section_stmt'vc.
Prover result is: Valid (0.01s, 8994 steps).

File "/home/fabrice/git/pycsl/scratchpad/w7/tmp/.pycsl_gwql3f_j.mlw", line 1592, characters 15-19:
Sub-goal postcondition of goal statementemissionmixin___handle_critical_section_stmt'vc.
Prover result is: Valid (0.01s, 9292 steps).

File "/home/fabrice/git/pycsl/scratchpad/w7/tmp/.pycsl_gwql3f_j.mlw", line 1593, characters 15-56:
Sub-goal postcondition of goal statementemissionmixin___handle_critical_section_stmt'vc.
Prover result is: Valid (0.01s, 9293 steps).

File "/home/fabrice/git/pycsl/scratchpad/w7/tmp/.pycsl_gwql3f_j.mlw", line 1594, characters 15-60:
Sub-goal postcondition of goal statementemissionmixin___handle_critical_section_stmt'vc.
Prover result is: Valid (0.01s, 9294 steps).

File "/home/fabrice/git/pycsl/scratchpad/w7/tmp/.pycsl_gwql3f_j.mlw", line 1595, characters 15-50:
Sub-goal postcondition of goal statementemissionmixin___handle_critical_section_stmt'vc.
Prover result is: Valid (0.01s, 9295 steps).

File "/home/fabrice/git/pycsl/scratchpad/w7/tmp/.pycsl_gwql3f_j.mlw", line 1596, characters 15-62:
Sub-goal postcondition of goal statementemissionmixin___handle_critical_section_stmt'vc.
Prover result is: Valid (0.01s, 9296 steps).

File "/home/fabrice/git/pycsl/scratchpad/w7/tmp/.pycsl_gwql3f_j.mlw", line 1592, characters 15-19:
Sub-goal postcondition of goal statementemissionmixin___handle_critical_section_stmt'vc.
Prover result is: Valid (0.01s, 9265 steps).

File "/home/fabrice/git/pycsl/scratchpad/w7/tmp/.pycsl_gwql3f_j.mlw", line 1593, characters 15-56:
Sub-goal postcondition of goal statementemissionmixin___handle_critical_section_stmt'vc.
Prover result is: Valid (0.01s, 9266 steps).

File "/home/fabrice/git/pycsl/scratchpad/w7/tmp/.pycsl_gwql3f_j.mlw", line 1594, characters 15-60:
Sub-goal postcondition of goal statementemissionmixin___handle_critical_section_stmt'vc.
Prover result is: Valid (0.01s, 9267 steps).

File "/home/fabrice/git/pycsl/scratchpad/w7/tmp/.pycsl_gwql3f_j.mlw", line 1595, characters 15-50:
Sub-goal postcondition of goal statementemissionmixin___handle_critical_section_stmt'vc.
Prover result is: Valid (0.01s, 9268 steps).

File "/home/fabrice/git/pycsl/scratchpad/w7/tmp/.pycsl_gwql3f_j.mlw", line 1596, characters 15-62:
Sub-goal postcondition of goal statementemissionmixin___handle_critical_section_stmt'vc.
Prover result is: Valid (0.02s, 9269 steps).

File "/home/fabrice/git/pycsl/scratchpad/w7/tmp/.pycsl_gwql3f_j.mlw", line 1592, characters 15-19:
Sub-goal postcondition of goal statementemissionmixin___handle_critical_section_stmt'vc.
Prover result is: Valid (0.01s, 8924 steps).

File "/home/fabrice/git/pycsl/scratchpad/w7/tmp/.pycsl_gwql3f_j.mlw", line 1593, characters 15-56:
Sub-goal postcondition of goal statementemissionmixin___handle_critical_section_stmt'vc.
Prover result is: Valid (0.02s, 8925 steps).

File "/home/fabrice/git/pycsl/scratchpad/w7/tmp/.pycsl_gwql3f_j.mlw", line 1594, characters 15-60:
Sub-goal postcondition of goal statementemissionmixin___handle_critical_section_stmt'vc.
Prover result is: Valid (0.01s, 8926 steps).

File "/home/fabrice/git/pycsl/scratchpad/w7/tmp/.pycsl_gwql3f_j.mlw", line 1595, characters 15-50:
Sub-goal postcondition of goal statementemissionmixin___handle_critical_section_stmt'vc.
Prover result is: Valid (0.01s, 8927 steps).

File "/home/fabrice/git/pycsl/scratchpad/w7/tmp/.pycsl_gwql3f_j.mlw", line 1596, characters 15-62:
Sub-goal postcondition of goal statementemissionmixin___handle_critical_section_stmt'vc.
Prover result is: Valid (0.02s, 8928 steps).

File "/home/fabrice/git/pycsl/scratchpad/w7/tmp/.pycsl_gwql3f_j.mlw", line 1592, characters 15-19:
Sub-goal postcondition of goal statementemissionmixin___handle_critical_section_stmt'vc.
Prover result is: Valid (0.01s, 8897 steps).

File "/home/fabrice/git/pycsl/scratchpad/w7/tmp/.pycsl_gwql3f_j.mlw", line 1593, characters 15-56:
Sub-goal postcondition of goal statementemissionmixin___handle_critical_section_stmt'vc.
Prover result is: Valid (0.02s, 8898 steps).

File "/home/fabrice/git/pycsl/scratchpad/w7/tmp/.pycsl_gwql3f_j.mlw", line 1594, characters 15-60:
Sub-goal postcondition of goal statementemissionmixin___handle_critical_section_stmt'vc.
Prover result is: Valid (0.01s, 8899 steps).

File "/home/fabrice/git/pycsl/scratchpad/w7/tmp/.pycsl_gwql3f_j.mlw", line 1595, characters 15-50:
Sub-goal postcondition of goal statementemissionmixin___handle_critical_section_stmt'vc.
Prover result is: Valid (0.01s, 8900 steps).

File "/home/fabrice/git/pycsl/scratchpad/w7/tmp/.pycsl_gwql3f_j.mlw", line 1596, characters 15-62:
Sub-goal postcondition of goal statementemissionmixin___handle_critical_section_stmt'vc.
Prover result is: Valid (0.01s, 8901 steps).

File "/home/fabrice/git/pycsl/scratchpad/w7/tmp/.pycsl_gwql3f_j.mlw", line 1673, characters 82-101:
Sub-goal array creation size of goal statementemissionmixin___handle_critical_section_stmt'vc.
Prover result is: Valid (0.01s, 17192 steps).

File "/home/fabrice/git/pycsl/scratchpad/w7/tmp/.pycsl_gwql3f_j.mlw", line 1592, characters 15-19:
Sub-goal postcondition of goal statementemissionmixin___handle_critical_section_stmt'vc.
Prover result is: Valid (0.02s, 19306 steps).

File "/home/fabrice/git/pycsl/scratchpad/w7/tmp/.pycsl_gwql3f_j.mlw", line 1593, characters 15-56:
Sub-goal postcondition of goal statementemissionmixin___handle_critical_section_stmt'vc.
Prover result is: Valid (0.04s, 146148 steps).

File "/home/fabrice/git/pycsl/scratchpad/w7/tmp/.pycsl_gwql3f_j.mlw", line 1594, characters 15-60:
Sub-goal postcondition of goal statementemissionmixin___handle_critical_section_stmt'vc.
Prover result is: Valid (0.04s, 146201 steps).

File "/home/fabrice/git/pycsl/scratchpad/w7/tmp/.pycsl_gwql3f_j.mlw", line 1595, characters 15-50:
Sub-goal postcondition of goal statementemissionmixin___handle_critical_section_stmt'vc.
Prover result is: Valid (0.04s, 250143 steps).

File "/home/fabrice/git/pycsl/scratchpad/w7/tmp/.pycsl_gwql3f_j.mlw", line 1596, characters 15-62:
Sub-goal postcondition of goal statementemissionmixin___handle_critical_section_stmt'vc.
Prover result is: Valid (0.02s, 146307 steps).

File "/home/fabrice/git/pycsl/scratchpad/w7/tmp/.pycsl_gwql3f_j.mlw", line 1592, characters 15-19:
Sub-goal postcondition of goal statementemissionmixin___handle_critical_section_stmt'vc.
Prover result is: Valid (0.01s, 18951 steps).

File "/home/fabrice/git/pycsl/scratchpad/w7/tmp/.pycsl_gwql3f_j.mlw", line 1593, characters 15-56:
Sub-goal postcondition of goal statementemissionmixin___handle_critical_section_stmt'vc.
Prover result is: Valid (0.03s, 143820 steps).

File "/home/fabrice/git/pycsl/scratchpad/w7/tmp/.pycsl_gwql3f_j.mlw", line 1594, characters 15-60:
Sub-goal postcondition of goal statementemissionmixin___handle_critical_section_stmt'vc.
Prover result is: Valid (0.02s, 143873 steps).

File "/home/fabrice/git/pycsl/scratchpad/w7/tmp/.pycsl_gwql3f_j.mlw", line 1595, characters 15-50:
Sub-goal postcondition of goal statementemissionmixin___handle_critical_section_stmt'vc.
Prover result is: Valid (0.05s, 246589 steps).

File "/home/fabrice/git/pycsl/scratchpad/w7/tmp/.pycsl_gwql3f_j.mlw", line 1596, characters 15-62:
Sub-goal postcondition of goal statementemissionmixin___handle_critical_section_stmt'vc.
Prover result is: Valid (0.02s, 143979 steps).

File "/home/fabrice/git/pycsl/scratchpad/w7/tmp/.pycsl_gwql3f_j.mlw", line 1592, characters 15-19:
Sub-goal postcondition of goal statementemissionmixin___handle_critical_section_stmt'vc.
Prover result is: Valid (0.01s, 18478 steps).

File "/home/fabrice/git/pycsl/scratchpad/w7/tmp/.pycsl_gwql3f_j.mlw", line 1593, characters 15-56:
Sub-goal postcondition of goal statementemissionmixin___handle_critical_section_stmt'vc.
Prover result is: Valid (0.02s, 139362 steps).

File "/home/fabrice/git/pycsl/scratchpad/w7/tmp/.pycsl_gwql3f_j.mlw", line 1594, characters 15-60:
Sub-goal postcondition of goal statementemissionmixin___handle_critical_section_stmt'vc.
Prover result is: Valid (0.02s, 139415 steps).

File "/home/fabrice/git/pycsl/scratchpad/w7/tmp/.pycsl_gwql3f_j.mlw", line 1595, characters 15-50:
Sub-goal postcondition of goal statementemissionmixin___handle_critical_section_stmt'vc.
Prover result is: Valid (0.08s, 239330 steps).

File "/home/fabrice/git/pycsl/scratchpad/w7/tmp/.pycsl_gwql3f_j.mlw", line 1596, characters 15-62:
Sub-goal postcondition of goal statementemissionmixin___handle_critical_section_stmt'vc.
Prover result is: Valid (0.03s, 139521 steps).

File "/home/fabrice/git/pycsl/scratchpad/w7/tmp/.pycsl_gwql3f_j.mlw", line 1592, characters 15-19:
Sub-goal postcondition of goal statementemissionmixin___handle_critical_section_stmt'vc.
Prover result is: Valid (0.01s, 18123 steps).

File "/home/fabrice/git/pycsl/scratchpad/w7/tmp/.pycsl_gwql3f_j.mlw", line 1593, characters 15-56:
Sub-goal postcondition of goal statementemissionmixin___handle_critical_section_stmt'vc.
Prover result is: Valid (0.02s, 137034 steps).

File "/home/fabrice/git/pycsl/scratchpad/w7/tmp/.pycsl_gwql3f_j.mlw", line 1594, characters 15-60:
Sub-goal postcondition of goal statementemissionmixin___handle_critical_section_stmt'vc.
Prover result is: Valid (0.02s, 137087 steps).

File "/home/fabrice/git/pycsl/scratchpad/w7/tmp/.pycsl_gwql3f_j.mlw", line 1595, characters 15-50:
Sub-goal postcondition of goal statementemissionmixin___handle_critical_section_stmt'vc.
Prover result is: Valid (0.05s, 235776 steps).

File "/home/fabrice/git/pycsl/scratchpad/w7/tmp/.pycsl_gwql3f_j.mlw", line 1596, characters 15-62:
Sub-goal postcondition of goal statementemissionmixin___handle_critical_section_stmt'vc.
Prover result is: Valid (0.02s, 137193 steps).

File "/home/fabrice/git/pycsl/scratchpad/w7/tmp/.pycsl_gwql3f_j.mlw", line 1592, characters 15-19:
Sub-goal postcondition of goal statementemissionmixin___handle_critical_section_stmt'vc.
Prover result is: Valid (0.01s, 10390 steps).

File "/home/fabrice/git/pycsl/scratchpad/w7/tmp/.pycsl_gwql3f_j.mlw", line 1593, characters 15-56:
Sub-goal postcondition of goal statementemissionmixin___handle_critical_section_stmt'vc.
Prover result is: Valid (0.01s, 10391 steps).

File "/home/fabrice/git/pycsl/scratchpad/w7/tmp/.pycsl_gwql3f_j.mlw", line 1594, characters 15-60:
Sub-goal postcondition of goal statementemissionmixin___handle_critical_section_stmt'vc.
Prover result is: Valid (0.01s, 10392 steps).

File "/home/fabrice/git/pycsl/scratchpad/w7/tmp/.pycsl_gwql3f_j.mlw", line 1595, characters 15-50:
Sub-goal postcondition of goal statementemissionmixin___handle_critical_section_stmt'vc.
Prover result is: Valid (0.01s, 10393 steps).

File "/home/fabrice/git/pycsl/scratchpad/w7/tmp/.pycsl_gwql3f_j.mlw", line 1596, characters 15-62:
Sub-goal postcondition of goal statementemissionmixin___handle_critical_section_stmt'vc.
Prover result is: Valid (0.01s, 10394 steps).

File "/home/fabrice/git/pycsl/scratchpad/w7/tmp/.pycsl_gwql3f_j.mlw", line 1592, characters 15-19:
Sub-goal postcondition of goal statementemissionmixin___handle_critical_section_stmt'vc.
Prover result is: Valid (0.02s, 10363 steps).

File "/home/fabrice/git/pycsl/scratchpad/w7/tmp/.pycsl_gwql3f_j.mlw", line 1593, characters 15-56:
Sub-goal postcondition of goal statementemissionmixin___handle_critical_section_stmt'vc.
Prover result is: Valid (0.02s, 10364 steps).

File "/home/fabrice/git/pycsl/scratchpad/w7/tmp/.pycsl_gwql3f_j.mlw", line 1594, characters 15-60:
Sub-goal postcondition of goal statementemissionmixin___handle_critical_section_stmt'vc.
Prover result is: Valid (0.02s, 10365 steps).

File "/home/fabrice/git/pycsl/scratchpad/w7/tmp/.pycsl_gwql3f_j.mlw", line 1595, characters 15-50:
Sub-goal postcondition of goal statementemissionmixin___handle_critical_section_stmt'vc.
Prover result is: Valid (0.02s, 10366 steps).

File "/home/fabrice/git/pycsl/scratchpad/w7/tmp/.pycsl_gwql3f_j.mlw", line 1596, characters 15-62:
Sub-goal postcondition of goal statementemissionmixin___handle_critical_section_stmt'vc.
Prover result is: Valid (0.02s, 10367 steps).

File "/home/fabrice/git/pycsl/scratchpad/w7/tmp/.pycsl_gwql3f_j.mlw", line 1592, characters 15-19:
Sub-goal postcondition of goal statementemissionmixin___handle_critical_section_stmt'vc.
Prover result is: Valid (0.01s, 10022 steps).

File "/home/fabrice/git/pycsl/scratchpad/w7/tmp/.pycsl_gwql3f_j.mlw", line 1593, characters 15-56:
Sub-goal postcondition of goal statementemissionmixin___handle_critical_section_stmt'vc.
Prover result is: Valid (0.01s, 10023 steps).

File "/home/fabrice/git/pycsl/scratchpad/w7/tmp/.pycsl_gwql3f_j.mlw", line 1594, characters 15-60:
Sub-goal postcondition of goal statementemissionmixin___handle_critical_section_stmt'vc.
Prover result is: Valid (0.02s, 10024 steps).

File "/home/fabrice/git/pycsl/scratchpad/w7/tmp/.pycsl_gwql3f_j.mlw", line 1595, characters 15-50:
Sub-goal postcondition of goal statementemissionmixin___handle_critical_section_stmt'vc.
Prover result is: Valid (0.01s, 10025 steps).

File "/home/fabrice/git/pycsl/scratchpad/w7/tmp/.pycsl_gwql3f_j.mlw", line 1596, characters 15-62:
Sub-goal postcondition of goal statementemissionmixin___handle_critical_section_stmt'vc.
Prover result is: Valid (0.01s, 10026 steps).

File "/home/fabrice/git/pycsl/scratchpad/w7/tmp/.pycsl_gwql3f_j.mlw", line 1592, characters 15-19:
Sub-goal postcondition of goal statementemissionmixin___handle_critical_section_stmt'vc.
Prover result is: Valid (0.01s, 9995 steps).

File "/home/fabrice/git/pycsl/scratchpad/w7/tmp/.pycsl_gwql3f_j.mlw", line 1593, characters 15-56:
Sub-goal postcondition of goal statementemissionmixin___handle_critical_section_stmt'vc.
Prover result is: Valid (0.01s, 9996 steps).

File "/home/fabrice/git/pycsl/scratchpad/w7/tmp/.pycsl_gwql3f_j.mlw", line 1594, characters 15-60:
Sub-goal postcondition of goal statementemissionmixin___handle_critical_section_stmt'vc.
Prover result is: Valid (0.01s, 9997 steps).

File "/home/fabrice/git/pycsl/scratchpad/w7/tmp/.pycsl_gwql3f_j.mlw", line 1595, characters 15-50:
Sub-goal postcondition of goal statementemissionmixin___handle_critical_section_stmt'vc.
Prover result is: Valid (0.01s, 9998 steps).

File "/home/fabrice/git/pycsl/scratchpad/w7/tmp/.pycsl_gwql3f_j.mlw", line 1596, characters 15-62:
Sub-goal postcondition of goal statementemissionmixin___handle_critical_section_stmt'vc.
Prover result is: Valid (0.01s, 9999 steps).

File "/home/fabrice/git/pycsl/scratchpad/w7/tmp/.pycsl_gwql3f_j.mlw", line 1673, characters 82-101:
Sub-goal array creation size of goal statementemissionmixin___handle_critical_section_stmt'vc.
Prover result is: Valid (0.01s, 17190 steps).

File "/home/fabrice/git/pycsl/scratchpad/w7/tmp/.pycsl_gwql3f_j.mlw", line 1592, characters 15-19:
Sub-goal postcondition of goal statementemissionmixin___handle_critical_section_stmt'vc.
Prover result is: Valid (0.01s, 19304 steps).

File "/home/fabrice/git/pycsl/scratchpad/w7/tmp/.pycsl_gwql3f_j.mlw", line 1593, characters 15-56:
Sub-goal postcondition of goal statementemissionmixin___handle_critical_section_stmt'vc.
Prover result is: Valid (0.02s, 40406 steps).

File "/home/fabrice/git/pycsl/scratchpad/w7/tmp/.pycsl_gwql3f_j.mlw", line 1594, characters 15-60:
Sub-goal postcondition of goal statementemissionmixin___handle_critical_section_stmt'vc.
Prover result is: Valid (0.02s, 40419 steps).

File "/home/fabrice/git/pycsl/scratchpad/w7/tmp/.pycsl_gwql3f_j.mlw", line 1595, characters 15-50:
Sub-goal postcondition of goal statementemissionmixin___handle_critical_section_stmt'vc.
Prover result is: Valid (0.02s, 40432 steps).

File "/home/fabrice/git/pycsl/scratchpad/w7/tmp/.pycsl_gwql3f_j.mlw", line 1596, characters 15-62:
Sub-goal postcondition of goal statementemissionmixin___handle_critical_section_stmt'vc.
Prover result is: Valid (0.02s, 40445 steps).

File "/home/fabrice/git/pycsl/scratchpad/w7/tmp/.pycsl_gwql3f_j.mlw", line 1592, characters 15-19:
Sub-goal postcondition of goal statementemissionmixin___handle_critical_section_stmt'vc.
Prover result is: Valid (0.02s, 18949 steps).

File "/home/fabrice/git/pycsl/scratchpad/w7/tmp/.pycsl_gwql3f_j.mlw", line 1593, characters 15-56:
Sub-goal postcondition of goal statementemissionmixin___handle_critical_section_stmt'vc.
Prover result is: Valid (0.02s, 39843 steps).

File "/home/fabrice/git/pycsl/scratchpad/w7/tmp/.pycsl_gwql3f_j.mlw", line 1594, characters 15-60:
Sub-goal postcondition of goal statementemissionmixin___handle_critical_section_stmt'vc.
Prover result is: Valid (0.02s, 39856 steps).

File "/home/fabrice/git/pycsl/scratchpad/w7/tmp/.pycsl_gwql3f_j.mlw", line 1595, characters 15-50:
Sub-goal postcondition of goal statementemissionmixin___handle_critical_section_stmt'vc.
Prover result is: Valid (0.02s, 39869 steps).

File "/home/fabrice/git/pycsl/scratchpad/w7/tmp/.pycsl_gwql3f_j.mlw", line 1596, characters 15-62:
Sub-goal postcondition of goal statementemissionmixin___handle_critical_section_stmt'vc.
Prover result is: Valid (0.02s, 39882 steps).

File "/home/fabrice/git/pycsl/scratchpad/w7/tmp/.pycsl_gwql3f_j.mlw", line 1592, characters 15-19:
Sub-goal postcondition of goal statementemissionmixin___handle_critical_section_stmt'vc.
Prover result is: Valid (0.02s, 18476 steps).

File "/home/fabrice/git/pycsl/scratchpad/w7/tmp/.pycsl_gwql3f_j.mlw", line 1593, characters 15-56:
Sub-goal postcondition of goal statementemissionmixin___handle_critical_section_stmt'vc.
Prover result is: Valid (0.02s, 37746 steps).

File "/home/fabrice/git/pycsl/scratchpad/w7/tmp/.pycsl_gwql3f_j.mlw", line 1594, characters 15-60:
Sub-goal postcondition of goal statementemissionmixin___handle_critical_section_stmt'vc.
Prover result is: Valid (0.02s, 37759 steps).

File "/home/fabrice/git/pycsl/scratchpad/w7/tmp/.pycsl_gwql3f_j.mlw", line 1595, characters 15-50:
Sub-goal postcondition of goal statementemissionmixin___handle_critical_section_stmt'vc.
Prover result is: Valid (0.02s, 37772 steps).

File "/home/fabrice/git/pycsl/scratchpad/w7/tmp/.pycsl_gwql3f_j.mlw", line 1596, characters 15-62:
Sub-goal postcondition of goal statementemissionmixin___handle_critical_section_stmt'vc.
Prover result is: Valid (0.02s, 37785 steps).

File "/home/fabrice/git/pycsl/scratchpad/w7/tmp/.pycsl_gwql3f_j.mlw", line 1592, characters 15-19:
Sub-goal postcondition of goal statementemissionmixin___handle_critical_section_stmt'vc.
Prover result is: Valid (0.01s, 18121 steps).

File "/home/fabrice/git/pycsl/scratchpad/w7/tmp/.pycsl_gwql3f_j.mlw", line 1593, characters 15-56:
Sub-goal postcondition of goal statementemissionmixin___handle_critical_section_stmt'vc.
Prover result is: Valid (0.02s, 37183 steps).

File "/home/fabrice/git/pycsl/scratchpad/w7/tmp/.pycsl_gwql3f_j.mlw", line 1594, characters 15-60:
Sub-goal postcondition of goal statementemissionmixin___handle_critical_section_stmt'vc.
Prover result is: Valid (0.02s, 37196 steps).

File "/home/fabrice/git/pycsl/scratchpad/w7/tmp/.pycsl_gwql3f_j.mlw", line 1595, characters 15-50:
Sub-goal postcondition of goal statementemissionmixin___handle_critical_section_stmt'vc.
Prover result is: Valid (0.01s, 37209 steps).

File "/home/fabrice/git/pycsl/scratchpad/w7/tmp/.pycsl_gwql3f_j.mlw", line 1596, characters 15-62:
Sub-goal postcondition of goal statementemissionmixin___handle_critical_section_stmt'vc.
Prover result is: Valid (0.01s, 37222 steps).

File "/home/fabrice/git/pycsl/scratchpad/w7/tmp/.pycsl_gwql3f_j.mlw", line 1592, characters 15-19:
Sub-goal postcondition of goal statementemissionmixin___handle_critical_section_stmt'vc.
Prover result is: Valid (0.01s, 10388 steps).

File "/home/fabrice/git/pycsl/scratchpad/w7/tmp/.pycsl_gwql3f_j.mlw", line 1593, characters 15-56:
Sub-goal postcondition of goal statementemissionmixin___handle_critical_section_stmt'vc.
Prover result is: Valid (0.02s, 10389 steps).

File "/home/fabrice/git/pycsl/scratchpad/w7/tmp/.pycsl_gwql3f_j.mlw", line 1594, characters 15-60:
Sub-goal postcondition of goal statementemissionmixin___handle_critical_section_stmt'vc.
Prover result is: Valid (0.02s, 10390 steps).

File "/home/fabrice/git/pycsl/scratchpad/w7/tmp/.pycsl_gwql3f_j.mlw", line 1595, characters 15-50:
Sub-goal postcondition of goal statementemissionmixin___handle_critical_section_stmt'vc.
Prover result is: Valid (0.02s, 10391 steps).

File "/home/fabrice/git/pycsl/scratchpad/w7/tmp/.pycsl_gwql3f_j.mlw", line 1596, characters 15-62:
Sub-goal postcondition of goal statementemissionmixin___handle_critical_section_stmt'vc.
Prover result is: Valid (0.01s, 10392 steps).

File "/home/fabrice/git/pycsl/scratchpad/w7/tmp/.pycsl_gwql3f_j.mlw", line 1592, characters 15-19:
Sub-goal postcondition of goal statementemissionmixin___handle_critical_section_stmt'vc.
Prover result is: Valid (0.01s, 10361 steps).

File "/home/fabrice/git/pycsl/scratchpad/w7/tmp/.pycsl_gwql3f_j.mlw", line 1593, characters 15-56:
Sub-goal postcondition of goal statementemissionmixin___handle_critical_section_stmt'vc.
Prover result is: Valid (0.01s, 10362 steps).

File "/home/fabrice/git/pycsl/scratchpad/w7/tmp/.pycsl_gwql3f_j.mlw", line 1594, characters 15-60:
Sub-goal postcondition of goal statementemissionmixin___handle_critical_section_stmt'vc.
Prover result is: Valid (0.01s, 10363 steps).

File "/home/fabrice/git/pycsl/scratchpad/w7/tmp/.pycsl_gwql3f_j.mlw", line 1595, characters 15-50:
Sub-goal postcondition of goal statementemissionmixin___handle_critical_section_stmt'vc.
Prover result is: Valid (0.01s, 10364 steps).

File "/home/fabrice/git/pycsl/scratchpad/w7/tmp/.pycsl_gwql3f_j.mlw", line 1596, characters 15-62:
Sub-goal postcondition of goal statementemissionmixin___handle_critical_section_stmt'vc.
Prover result is: Valid (0.01s, 10365 steps).

File "/home/fabrice/git/pycsl/scratchpad/w7/tmp/.pycsl_gwql3f_j.mlw", line 1592, characters 15-19:
Sub-goal postcondition of goal statementemissionmixin___handle_critical_section_stmt'vc.
Prover result is: Valid (0.01s, 10020 steps).

File "/home/fabrice/git/pycsl/scratchpad/w7/tmp/.pycsl_gwql3f_j.mlw", line 1593, characters 15-56:
Sub-goal postcondition of goal statementemissionmixin___handle_critical_section_stmt'vc.
Prover result is: Valid (0.01s, 10021 steps).

File "/home/fabrice/git/pycsl/scratchpad/w7/tmp/.pycsl_gwql3f_j.mlw", line 1594, characters 15-60:
Sub-goal postcondition of goal statementemissionmixin___handle_critical_section_stmt'vc.
Prover result is: Valid (0.01s, 10022 steps).

File "/home/fabrice/git/pycsl/scratchpad/w7/tmp/.pycsl_gwql3f_j.mlw", line 1595, characters 15-50:
Sub-goal postcondition of goal statementemissionmixin___handle_critical_section_stmt'vc.
Prover result is: Valid (0.01s, 10023 steps).

File "/home/fabrice/git/pycsl/scratchpad/w7/tmp/.pycsl_gwql3f_j.mlw", line 1596, characters 15-62:
Sub-goal postcondition of goal statementemissionmixin___handle_critical_section_stmt'vc.
Prover result is: Valid (0.02s, 10024 steps).

File "/home/fabrice/git/pycsl/scratchpad/w7/tmp/.pycsl_gwql3f_j.mlw", line 1592, characters 15-19:
Sub-goal postcondition of goal statementemissionmixin___handle_critical_section_stmt'vc.
Prover result is: Valid (0.01s, 9993 steps).

File "/home/fabrice/git/pycsl/scratchpad/w7/tmp/.pycsl_gwql3f_j.mlw", line 1593, characters 15-56:
Sub-goal postcondition of goal statementemissionmixin___handle_critical_section_stmt'vc.
Prover result is: Valid (0.01s, 9994 steps).

File "/home/fabrice/git/pycsl/scratchpad/w7/tmp/.pycsl_gwql3f_j.mlw", line 1594, characters 15-60:
Sub-goal postcondition of goal statementemissionmixin___handle_critical_section_stmt'vc.
Prover result is: Valid (0.01s, 9995 steps).

File "/home/fabrice/git/pycsl/scratchpad/w7/tmp/.pycsl_gwql3f_j.mlw", line 1595, characters 15-50:
Sub-goal postcondition of goal statementemissionmixin___handle_critical_section_stmt'vc.
Prover result is: Valid (0.01s, 9996 steps).

File "/home/fabrice/git/pycsl/scratchpad/w7/tmp/.pycsl_gwql3f_j.mlw", line 1596, characters 15-62:
Sub-goal postcondition of goal statementemissionmixin___handle_critical_section_stmt'vc.
Prover result is: Valid (0.01s, 9997 steps).

File "/home/fabrice/git/pycsl/scratchpad/w7/tmp/.pycsl_gwql3f_j.mlw", line 1673, characters 82-101:
Sub-goal array creation size of goal statementemissionmixin___handle_critical_section_stmt'vc.
Prover result is: Valid (0.02s, 8763 steps).

File "/home/fabrice/git/pycsl/scratchpad/w7/tmp/.pycsl_gwql3f_j.mlw", line 1592, characters 15-19:
Sub-goal postcondition of goal statementemissionmixin___handle_critical_section_stmt'vc.
Prover result is: Valid (0.01s, 9335 steps).

File "/home/fabrice/git/pycsl/scratchpad/w7/tmp/.pycsl_gwql3f_j.mlw", line 1593, characters 15-56:
Sub-goal postcondition of goal statementemissionmixin___handle_critical_section_stmt'vc.
Prover result is: Valid (0.01s, 9336 steps).

File "/home/fabrice/git/pycsl/scratchpad/w7/tmp/.pycsl_gwql3f_j.mlw", line 1594, characters 15-60:
Sub-goal postcondition of goal statementemissionmixin___handle_critical_section_stmt'vc.
Prover result is: Valid (0.01s, 9337 steps).

File "/home/fabrice/git/pycsl/scratchpad/w7/tmp/.pycsl_gwql3f_j.mlw", line 1595, characters 15-50:
Sub-goal postcondition of goal statementemissionmixin___handle_critical_section_stmt'vc.
Prover result is: Valid (0.01s, 9338 steps).

File "/home/fabrice/git/pycsl/scratchpad/w7/tmp/.pycsl_gwql3f_j.mlw", line 1596, characters 15-62:
Sub-goal postcondition of goal statementemissionmixin___handle_critical_section_stmt'vc.
Prover result is: Valid (0.01s, 9339 steps).

File "/home/fabrice/git/pycsl/scratchpad/w7/tmp/.pycsl_gwql3f_j.mlw", line 1592, characters 15-19:
Sub-goal postcondition of goal statementemissionmixin___handle_critical_section_stmt'vc.
Prover result is: Valid (0.02s, 9308 steps).

File "/home/fabrice/git/pycsl/scratchpad/w7/tmp/.pycsl_gwql3f_j.mlw", line 1593, characters 15-56:
Sub-goal postcondition of goal statementemissionmixin___handle_critical_section_stmt'vc.
Prover result is: Valid (0.01s, 9309 steps).

File "/home/fabrice/git/pycsl/scratchpad/w7/tmp/.pycsl_gwql3f_j.mlw", line 1594, characters 15-60:
Sub-goal postcondition of goal statementemissionmixin___handle_critical_section_stmt'vc.
Prover result is: Valid (0.02s, 9310 steps).

File "/home/fabrice/git/pycsl/scratchpad/w7/tmp/.pycsl_gwql3f_j.mlw", line 1595, characters 15-50:
Sub-goal postcondition of goal statementemissionmixin___handle_critical_section_stmt'vc.
Prover result is: Valid (0.01s, 9311 steps).

File "/home/fabrice/git/pycsl/scratchpad/w7/tmp/.pycsl_gwql3f_j.mlw", line 1596, characters 15-62:
Sub-goal postcondition of goal statementemissionmixin___handle_critical_section_stmt'vc.
Prover result is: Valid (0.01s, 9312 steps).

File "/home/fabrice/git/pycsl/scratchpad/w7/tmp/.pycsl_gwql3f_j.mlw", line 1592, characters 15-19:
Sub-goal postcondition of goal statementemissionmixin___handle_critical_section_stmt'vc.
Prover result is: Valid (0.01s, 8967 steps).

File "/home/fabrice/git/pycsl/scratchpad/w7/tmp/.pycsl_gwql3f_j.mlw", line 1593, characters 15-56:
Sub-goal postcondition of goal statementemissionmixin___handle_critical_section_stmt'vc.
Prover result is: Valid (0.00s, 8968 steps).

File "/home/fabrice/git/pycsl/scratchpad/w7/tmp/.pycsl_gwql3f_j.mlw", line 1594, characters 15-60:
Sub-goal postcondition of goal statementemissionmixin___handle_critical_section_stmt'vc.
Prover result is: Valid (0.01s, 8969 steps).

File "/home/fabrice/git/pycsl/scratchpad/w7/tmp/.pycsl_gwql3f_j.mlw", line 1595, characters 15-50:
Sub-goal postcondition of goal statementemissionmixin___handle_critical_section_stmt'vc.
Prover result is: Valid (0.01s, 8970 steps).

File "/home/fabrice/git/pycsl/scratchpad/w7/tmp/.pycsl_gwql3f_j.mlw", line 1596, characters 15-62:
Sub-goal postcondition of goal statementemissionmixin___handle_critical_section_stmt'vc.
Prover result is: Valid (0.01s, 8971 steps).

File "/home/fabrice/git/pycsl/scratchpad/w7/tmp/.pycsl_gwql3f_j.mlw", line 1592, characters 15-19:
Sub-goal postcondition of goal statementemissionmixin___handle_critical_section_stmt'vc.
Prover result is: Valid (0.01s, 8940 steps).

File "/home/fabrice/git/pycsl/scratchpad/w7/tmp/.pycsl_gwql3f_j.mlw", line 1593, characters 15-56:
Sub-goal postcondition of goal statementemissionmixin___handle_critical_section_stmt'vc.
Prover result is: Valid (0.01s, 8941 steps).

File "/home/fabrice/git/pycsl/scratchpad/w7/tmp/.pycsl_gwql3f_j.mlw", line 1594, characters 15-60:
Sub-goal postcondition of goal statementemissionmixin___handle_critical_section_stmt'vc.
Prover result is: Valid (0.01s, 8942 steps).

File "/home/fabrice/git/pycsl/scratchpad/w7/tmp/.pycsl_gwql3f_j.mlw", line 1595, characters 15-50:
Sub-goal postcondition of goal statementemissionmixin___handle_critical_section_stmt'vc.
Prover result is: Valid (0.01s, 8943 steps).

File "/home/fabrice/git/pycsl/scratchpad/w7/tmp/.pycsl_gwql3f_j.mlw", line 1596, characters 15-62:
Sub-goal postcondition of goal statementemissionmixin___handle_critical_section_stmt'vc.
Prover result is: Valid (0.01s, 8944 steps).

File "/home/fabrice/git/pycsl/scratchpad/w7/tmp/.pycsl_gwql3f_j.mlw", line 1592, characters 15-19:
Sub-goal postcondition of goal statementemissionmixin___handle_critical_section_stmt'vc.
Prover result is: Valid (0.01s, 9242 steps).

File "/home/fabrice/git/pycsl/scratchpad/w7/tmp/.pycsl_gwql3f_j.mlw", line 1593, characters 15-56:
Sub-goal postcondition of goal statementemissionmixin___handle_critical_section_stmt'vc.
Prover result is: Valid (0.01s, 9243 steps).

File "/home/fabrice/git/pycsl/scratchpad/w7/tmp/.pycsl_gwql3f_j.mlw", line 1594, characters 15-60:
Sub-goal postcondition of goal statementemissionmixin___handle_critical_section_stmt'vc.
Prover result is: Valid (0.01s, 9244 steps).

File "/home/fabrice/git/pycsl/scratchpad/w7/tmp/.pycsl_gwql3f_j.mlw", line 1595, characters 15-50:
Sub-goal postcondition of goal statementemissionmixin___handle_critical_section_stmt'vc.
Prover result is: Valid (0.01s, 9245 steps).

File "/home/fabrice/git/pycsl/scratchpad/w7/tmp/.pycsl_gwql3f_j.mlw", line 1596, characters 15-62:
Sub-goal postcondition of goal statementemissionmixin___handle_critical_section_stmt'vc.
Prover result is: Valid (0.01s, 9246 steps).

File "/home/fabrice/git/pycsl/scratchpad/w7/tmp/.pycsl_gwql3f_j.mlw", line 1592, characters 15-19:
Sub-goal postcondition of goal statementemissionmixin___handle_critical_section_stmt'vc.
Prover result is: Valid (0.01s, 9215 steps).

File "/home/fabrice/git/pycsl/scratchpad/w7/tmp/.pycsl_gwql3f_j.mlw", line 1593, characters 15-56:
Sub-goal postcondition of goal statementemissionmixin___handle_critical_section_stmt'vc.
Prover result is: Valid (0.01s, 9216 steps).

File "/home/fabrice/git/pycsl/scratchpad/w7/tmp/.pycsl_gwql3f_j.mlw", line 1594, characters 15-60:
Sub-goal postcondition of goal statementemissionmixin___handle_critical_section_stmt'vc.
Prover result is: Valid (0.01s, 9217 steps).

File "/home/fabrice/git/pycsl/scratchpad/w7/tmp/.pycsl_gwql3f_j.mlw", line 1595, characters 15-50:
Sub-goal postcondition of goal statementemissionmixin___handle_critical_section_stmt'vc.
Prover result is: Valid (0.01s, 9218 steps).

File "/home/fabrice/git/pycsl/scratchpad/w7/tmp/.pycsl_gwql3f_j.mlw", line 1596, characters 15-62:
Sub-goal postcondition of goal statementemissionmixin___handle_critical_section_stmt'vc.
Prover result is: Valid (0.01s, 9219 steps).

File "/home/fabrice/git/pycsl/scratchpad/w7/tmp/.pycsl_gwql3f_j.mlw", line 1592, characters 15-19:
Sub-goal postcondition of goal statementemissionmixin___handle_critical_section_stmt'vc.
Prover result is: Valid (0.02s, 8874 steps).

File "/home/fabrice/git/pycsl/scratchpad/w7/tmp/.pycsl_gwql3f_j.mlw", line 1593, characters 15-56:
Sub-goal postcondition of goal statementemissionmixin___handle_critical_section_stmt'vc.
Prover result is: Valid (0.02s, 8875 steps).

File "/home/fabrice/git/pycsl/scratchpad/w7/tmp/.pycsl_gwql3f_j.mlw", line 1594, characters 15-60:
Sub-goal postcondition of goal statementemissionmixin___handle_critical_section_stmt'vc.
Prover result is: Valid (0.02s, 8876 steps).

File "/home/fabrice/git/pycsl/scratchpad/w7/tmp/.pycsl_gwql3f_j.mlw", line 1595, characters 15-50:
Sub-goal postcondition of goal statementemissionmixin___handle_critical_section_stmt'vc.
Prover result is: Valid (0.01s, 8877 steps).

File "/home/fabrice/git/pycsl/scratchpad/w7/tmp/.pycsl_gwql3f_j.mlw", line 1596, characters 15-62:
Sub-goal postcondition of goal statementemissionmixin___handle_critical_section_stmt'vc.
Prover result is: Valid (0.01s, 8878 steps).

File "/home/fabrice/git/pycsl/scratchpad/w7/tmp/.pycsl_gwql3f_j.mlw", line 1592, characters 15-19:
Sub-goal postcondition of goal statementemissionmixin___handle_critical_section_stmt'vc.
Prover result is: Valid (0.01s, 8847 steps).

File "/home/fabrice/git/pycsl/scratchpad/w7/tmp/.pycsl_gwql3f_j.mlw", line 1593, characters 15-56:
Sub-goal postcondition of goal statementemissionmixin___handle_critical_section_stmt'vc.
Prover result is: Valid (0.01s, 8848 steps).

File "/home/fabrice/git/pycsl/scratchpad/w7/tmp/.pycsl_gwql3f_j.mlw", line 1594, characters 15-60:
Sub-goal postcondition of goal statementemissionmixin___handle_critical_section_stmt'vc.
Prover result is: Valid (0.01s, 8849 steps).

File "/home/fabrice/git/pycsl/scratchpad/w7/tmp/.pycsl_gwql3f_j.mlw", line 1595, characters 15-50:
Sub-goal postcondition of goal statementemissionmixin___handle_critical_section_stmt'vc.
Prover result is: Valid (0.01s, 8850 steps).

File "/home/fabrice/git/pycsl/scratchpad/w7/tmp/.pycsl_gwql3f_j.mlw", line 1596, characters 15-62:
Sub-goal postcondition of goal statementemissionmixin___handle_critical_section_stmt'vc.
Prover result is: Valid (0.01s, 8851 steps).

File "/home/fabrice/git/pycsl/scratchpad/w7/tmp/.pycsl_gwql3f_j.mlw", line 1673, characters 82-101:
Sub-goal array creation size of goal statementemissionmixin___handle_critical_section_stmt'vc.
Prover result is: Valid (0.02s, 17222 steps).

File "/home/fabrice/git/pycsl/scratchpad/w7/tmp/.pycsl_gwql3f_j.mlw", line 1592, characters 15-19:
Sub-goal postcondition of goal statementemissionmixin___handle_critical_section_stmt'vc.
Prover result is: Valid (0.01s, 19336 steps).

File "/home/fabrice/git/pycsl/scratchpad/w7/tmp/.pycsl_gwql3f_j.mlw", line 1593, characters 15-56:
Sub-goal postcondition of goal statementemissionmixin___handle_critical_section_stmt'vc.
Prover result is: Valid (0.04s, 153115 steps).

File "/home/fabrice/git/pycsl/scratchpad/w7/tmp/.pycsl_gwql3f_j.mlw", line 1594, characters 15-60:
Sub-goal postcondition of goal statementemissionmixin___handle_critical_section_stmt'vc.
Prover result is: Valid (0.04s, 153168 steps).

File "/home/fabrice/git/pycsl/scratchpad/w7/tmp/.pycsl_gwql3f_j.mlw", line 1595, characters 15-50:
Sub-goal postcondition of goal statementemissionmixin___handle_critical_section_stmt'vc.
Prover result is: Valid (0.07s, 258155 steps).

File "/home/fabrice/git/pycsl/scratchpad/w7/tmp/.pycsl_gwql3f_j.mlw", line 1596, characters 15-62:
Sub-goal postcondition of goal statementemissionmixin___handle_critical_section_stmt'vc.
Prover result is: Valid (0.04s, 153274 steps).

File "/home/fabrice/git/pycsl/scratchpad/w7/tmp/.pycsl_gwql3f_j.mlw", line 1592, characters 15-19:
Sub-goal postcondition of goal statementemissionmixin___handle_critical_section_stmt'vc.
Prover result is: Valid (0.02s, 18981 steps).

File "/home/fabrice/git/pycsl/scratchpad/w7/tmp/.pycsl_gwql3f_j.mlw", line 1593, characters 15-56:
Sub-goal postcondition of goal statementemissionmixin___handle_critical_section_stmt'vc.
Prover result is: Valid (0.04s, 150739 steps).

File "/home/fabrice/git/pycsl/scratchpad/w7/tmp/.pycsl_gwql3f_j.mlw", line 1594, characters 15-60:
Sub-goal postcondition of goal statementemissionmixin___handle_critical_section_stmt'vc.
Prover result is: Valid (0.03s, 150792 steps).

File "/home/fabrice/git/pycsl/scratchpad/w7/tmp/.pycsl_gwql3f_j.mlw", line 1595, characters 15-50:
Sub-goal postcondition of goal statementemissionmixin___handle_critical_section_stmt'vc.
Prover result is: Valid (0.05s, 254553 steps).

File "/home/fabrice/git/pycsl/scratchpad/w7/tmp/.pycsl_gwql3f_j.mlw", line 1596, characters 15-62:
Sub-goal postcondition of goal statementemissionmixin___handle_critical_section_stmt'vc.
Prover result is: Valid (0.03s, 150898 steps).

File "/home/fabrice/git/pycsl/scratchpad/w7/tmp/.pycsl_gwql3f_j.mlw", line 1592, characters 15-19:
Sub-goal postcondition of goal statementemissionmixin___handle_critical_section_stmt'vc.
Prover result is: Valid (0.02s, 18508 steps).

File "/home/fabrice/git/pycsl/scratchpad/w7/tmp/.pycsl_gwql3f_j.mlw", line 1593, characters 15-56:
Sub-goal postcondition of goal statementemissionmixin___handle_critical_section_stmt'vc.
Prover result is: Valid (0.03s, 146057 steps).

File "/home/fabrice/git/pycsl/scratchpad/w7/tmp/.pycsl_gwql3f_j.mlw", line 1594, characters 15-60:
Sub-goal postcondition of goal statementemissionmixin___handle_critical_section_stmt'vc.
Prover result is: Valid (0.02s, 146110 steps).

File "/home/fabrice/git/pycsl/scratchpad/w7/tmp/.pycsl_gwql3f_j.mlw", line 1595, characters 15-50:
Sub-goal postcondition of goal statementemissionmixin___handle_critical_section_stmt'vc.
Prover result is: Valid (0.05s, 247145 steps).

File "/home/fabrice/git/pycsl/scratchpad/w7/tmp/.pycsl_gwql3f_j.mlw", line 1596, characters 15-62:
Sub-goal postcondition of goal statementemissionmixin___handle_critical_section_stmt'vc.
Prover result is: Valid (0.02s, 146216 steps).

File "/home/fabrice/git/pycsl/scratchpad/w7/tmp/.pycsl_gwql3f_j.mlw", line 1592, characters 15-19:
Sub-goal postcondition of goal statementemissionmixin___handle_critical_section_stmt'vc.
Prover result is: Valid (0.01s, 18153 steps).

File "/home/fabrice/git/pycsl/scratchpad/w7/tmp/.pycsl_gwql3f_j.mlw", line 1593, characters 15-56:
Sub-goal postcondition of goal statementemissionmixin___handle_critical_section_stmt'vc.
Prover result is: Valid (0.03s, 143681 steps).

File "/home/fabrice/git/pycsl/scratchpad/w7/tmp/.pycsl_gwql3f_j.mlw", line 1594, characters 15-60:
Sub-goal postcondition of goal statementemissionmixin___handle_critical_section_stmt'vc.
Prover result is: Valid (0.03s, 143734 steps).

File "/home/fabrice/git/pycsl/scratchpad/w7/tmp/.pycsl_gwql3f_j.mlw", line 1595, characters 15-50:
Sub-goal postcondition of goal statementemissionmixin___handle_critical_section_stmt'vc.
Prover result is: Valid (0.05s, 243537 steps).

File "/home/fabrice/git/pycsl/scratchpad/w7/tmp/.pycsl_gwql3f_j.mlw", line 1596, characters 15-62:
Sub-goal postcondition of goal statementemissionmixin___handle_critical_section_stmt'vc.
Prover result is: Valid (0.03s, 143840 steps).

File "/home/fabrice/git/pycsl/scratchpad/w7/tmp/.pycsl_gwql3f_j.mlw", line 1592, characters 15-19:
Sub-goal postcondition of goal statementemissionmixin___handle_critical_section_stmt'vc.
Prover result is: Valid (0.01s, 10406 steps).

File "/home/fabrice/git/pycsl/scratchpad/w7/tmp/.pycsl_gwql3f_j.mlw", line 1593, characters 15-56:
Sub-goal postcondition of goal statementemissionmixin___handle_critical_section_stmt'vc.
Prover result is: Valid (0.01s, 10407 steps).

File "/home/fabrice/git/pycsl/scratchpad/w7/tmp/.pycsl_gwql3f_j.mlw", line 1594, characters 15-60:
Sub-goal postcondition of goal statementemissionmixin___handle_critical_section_stmt'vc.
Prover result is: Valid (0.01s, 10408 steps).

File "/home/fabrice/git/pycsl/scratchpad/w7/tmp/.pycsl_gwql3f_j.mlw", line 1595, characters 15-50:
Sub-goal postcondition of goal statementemissionmixin___handle_critical_section_stmt'vc.
Prover result is: Valid (0.01s, 10409 steps).

File "/home/fabrice/git/pycsl/scratchpad/w7/tmp/.pycsl_gwql3f_j.mlw", line 1596, characters 15-62:
Sub-goal postcondition of goal statementemissionmixin___handle_critical_section_stmt'vc.
Prover result is: Valid (0.01s, 10410 steps).

File "/home/fabrice/git/pycsl/scratchpad/w7/tmp/.pycsl_gwql3f_j.mlw", line 1592, characters 15-19:
Sub-goal postcondition of goal statementemissionmixin___handle_critical_section_stmt'vc.
Prover result is: Valid (0.01s, 10379 steps).

File "/home/fabrice/git/pycsl/scratchpad/w7/tmp/.pycsl_gwql3f_j.mlw", line 1593, characters 15-56:
Sub-goal postcondition of goal statementemissionmixin___handle_critical_section_stmt'vc.
Prover result is: Valid (0.01s, 10380 steps).

File "/home/fabrice/git/pycsl/scratchpad/w7/tmp/.pycsl_gwql3f_j.mlw", line 1594, characters 15-60:
Sub-goal postcondition of goal statementemissionmixin___handle_critical_section_stmt'vc.
Prover result is: Valid (0.01s, 10381 steps).

File "/home/fabrice/git/pycsl/scratchpad/w7/tmp/.pycsl_gwql3f_j.mlw", line 1595, characters 15-50:
Sub-goal postcondition of goal statementemissionmixin___handle_critical_section_stmt'vc.
Prover result is: Valid (0.01s, 10382 steps).

File "/home/fabrice/git/pycsl/scratchpad/w7/tmp/.pycsl_gwql3f_j.mlw", line 1596, characters 15-62:
Sub-goal postcondition of goal statementemissionmixin___handle_critical_section_stmt'vc.
Prover result is: Valid (0.02s, 10383 steps).

File "/home/fabrice/git/pycsl/scratchpad/w7/tmp/.pycsl_gwql3f_j.mlw", line 1592, characters 15-19:
Sub-goal postcondition of goal statementemissionmixin___handle_critical_section_stmt'vc.
Prover result is: Valid (0.01s, 10038 steps).

File "/home/fabrice/git/pycsl/scratchpad/w7/tmp/.pycsl_gwql3f_j.mlw", line 1593, characters 15-56:
Sub-goal postcondition of goal statementemissionmixin___handle_critical_section_stmt'vc.
Prover result is: Valid (0.01s, 10039 steps).

File "/home/fabrice/git/pycsl/scratchpad/w7/tmp/.pycsl_gwql3f_j.mlw", line 1594, characters 15-60:
Sub-goal postcondition of goal statementemissionmixin___handle_critical_section_stmt'vc.
Prover result is: Valid (0.01s, 10040 steps).

File "/home/fabrice/git/pycsl/scratchpad/w7/tmp/.pycsl_gwql3f_j.mlw", line 1595, characters 15-50:
Sub-goal postcondition of goal statementemissionmixin___handle_critical_section_stmt'vc.
Prover result is: Valid (0.01s, 10041 steps).

File "/home/fabrice/git/pycsl/scratchpad/w7/tmp/.pycsl_gwql3f_j.mlw", line 1596, characters 15-62:
Sub-goal postcondition of goal statementemissionmixin___handle_critical_section_stmt'vc.
Prover result is: Valid (0.02s, 10042 steps).

File "/home/fabrice/git/pycsl/scratchpad/w7/tmp/.pycsl_gwql3f_j.mlw", line 1592, characters 15-19:
Sub-goal postcondition of goal statementemissionmixin___handle_critical_section_stmt'vc.
Prover result is: Valid (0.01s, 10011 steps).

File "/home/fabrice/git/pycsl/scratchpad/w7/tmp/.pycsl_gwql3f_j.mlw", line 1593, characters 15-56:
Sub-goal postcondition of goal statementemissionmixin___handle_critical_section_stmt'vc.
Prover result is: Valid (0.01s, 10012 steps).

File "/home/fabrice/git/pycsl/scratchpad/w7/tmp/.pycsl_gwql3f_j.mlw", line 1594, characters 15-60:
Sub-goal postcondition of goal statementemissionmixin___handle_critical_section_stmt'vc.
Prover result is: Valid (0.01s, 10013 steps).

File "/home/fabrice/git/pycsl/scratchpad/w7/tmp/.pycsl_gwql3f_j.mlw", line 1595, characters 15-50:
Sub-goal postcondition of goal statementemissionmixin___handle_critical_section_stmt'vc.
Prover result is: Valid (0.01s, 10014 steps).

File "/home/fabrice/git/pycsl/scratchpad/w7/tmp/.pycsl_gwql3f_j.mlw", line 1596, characters 15-62:
Sub-goal postcondition of goal statementemissionmixin___handle_critical_section_stmt'vc.
Prover result is: Valid (0.01s, 10015 steps).

File "/home/fabrice/git/pycsl/scratchpad/w7/tmp/.pycsl_gwql3f_j.mlw", line 1673, characters 82-101:
Sub-goal array creation size of goal statementemissionmixin___handle_critical_section_stmt'vc.
Prover result is: Valid (0.01s, 17220 steps).

File "/home/fabrice/git/pycsl/scratchpad/w7/tmp/.pycsl_gwql3f_j.mlw", line 1592, characters 15-19:
Sub-goal postcondition of goal statementemissionmixin___handle_critical_section_stmt'vc.
Prover result is: Valid (0.01s, 19334 steps).

File "/home/fabrice/git/pycsl/scratchpad/w7/tmp/.pycsl_gwql3f_j.mlw", line 1593, characters 15-56:
Sub-goal postcondition of goal statementemissionmixin___handle_critical_section_stmt'vc.
Prover result is: Valid (0.01s, 40540 steps).

File "/home/fabrice/git/pycsl/scratchpad/w7/tmp/.pycsl_gwql3f_j.mlw", line 1594, characters 15-60:
Sub-goal postcondition of goal statementemissionmixin___handle_critical_section_stmt'vc.
Prover result is: Valid (0.01s, 40553 steps).

File "/home/fabrice/git/pycsl/scratchpad/w7/tmp/.pycsl_gwql3f_j.mlw", line 1595, characters 15-50:
Sub-goal postcondition of goal statementemissionmixin___handle_critical_section_stmt'vc.
Prover result is: Valid (0.01s, 40566 steps).

File "/home/fabrice/git/pycsl/scratchpad/w7/tmp/.pycsl_gwql3f_j.mlw", line 1596, characters 15-62:
Sub-goal postcondition of goal statementemissionmixin___handle_critical_section_stmt'vc.
Prover result is: Valid (0.01s, 40579 steps).

File "/home/fabrice/git/pycsl/scratchpad/w7/tmp/.pycsl_gwql3f_j.mlw", line 1592, characters 15-19:
Sub-goal postcondition of goal statementemissionmixin___handle_critical_section_stmt'vc.
Prover result is: Valid (0.01s, 18979 steps).

File "/home/fabrice/git/pycsl/scratchpad/w7/tmp/.pycsl_gwql3f_j.mlw", line 1593, characters 15-56:
Sub-goal postcondition of goal statementemissionmixin___handle_critical_section_stmt'vc.
Prover result is: Valid (0.02s, 39977 steps).

File "/home/fabrice/git/pycsl/scratchpad/w7/tmp/.pycsl_gwql3f_j.mlw", line 1594, characters 15-60:
Sub-goal postcondition of goal statementemissionmixin___handle_critical_section_stmt'vc.
Prover result is: Valid (0.01s, 39990 steps).

File "/home/fabrice/git/pycsl/scratchpad/w7/tmp/.pycsl_gwql3f_j.mlw", line 1595, characters 15-50:
Sub-goal postcondition of goal statementemissionmixin___handle_critical_section_stmt'vc.
Prover result is: Valid (0.02s, 40003 steps).

File "/home/fabrice/git/pycsl/scratchpad/w7/tmp/.pycsl_gwql3f_j.mlw", line 1596, characters 15-62:
Sub-goal postcondition of goal statementemissionmixin___handle_critical_section_stmt'vc.
Prover result is: Valid (0.02s, 40016 steps).

File "/home/fabrice/git/pycsl/scratchpad/w7/tmp/.pycsl_gwql3f_j.mlw", line 1592, characters 15-19:
Sub-goal postcondition of goal statementemissionmixin___handle_critical_section_stmt'vc.
Prover result is: Valid (0.01s, 18506 steps).

File "/home/fabrice/git/pycsl/scratchpad/w7/tmp/.pycsl_gwql3f_j.mlw", line 1593, characters 15-56:
Sub-goal postcondition of goal statementemissionmixin___handle_critical_section_stmt'vc.
Prover result is: Valid (0.01s, 37880 steps).

File "/home/fabrice/git/pycsl/scratchpad/w7/tmp/.pycsl_gwql3f_j.mlw", line 1594, characters 15-60:
Sub-goal postcondition of goal statementemissionmixin___handle_critical_section_stmt'vc.
Prover result is: Valid (0.02s, 37893 steps).

File "/home/fabrice/git/pycsl/scratchpad/w7/tmp/.pycsl_gwql3f_j.mlw", line 1595, characters 15-50:
Sub-goal postcondition of goal statementemissionmixin___handle_critical_section_stmt'vc.
Prover result is: Valid (0.02s, 37906 steps).

File "/home/fabrice/git/pycsl/scratchpad/w7/tmp/.pycsl_gwql3f_j.mlw", line 1596, characters 15-62:
Sub-goal postcondition of goal statementemissionmixin___handle_critical_section_stmt'vc.
Prover result is: Valid (0.01s, 37919 steps).

File "/home/fabrice/git/pycsl/scratchpad/w7/tmp/.pycsl_gwql3f_j.mlw", line 1592, characters 15-19:
Sub-goal postcondition of goal statementemissionmixin___handle_critical_section_stmt'vc.
Prover result is: Valid (0.01s, 18151 steps).

File "/home/fabrice/git/pycsl/scratchpad/w7/tmp/.pycsl_gwql3f_j.mlw", line 1593, characters 15-56:
Sub-goal postcondition of goal statementemissionmixin___handle_critical_section_stmt'vc.
Prover result is: Valid (0.01s, 37317 steps).

File "/home/fabrice/git/pycsl/scratchpad/w7/tmp/.pycsl_gwql3f_j.mlw", line 1594, characters 15-60:
Sub-goal postcondition of goal statementemissionmixin___handle_critical_section_stmt'vc.
Prover result is: Valid (0.02s, 37330 steps).

File "/home/fabrice/git/pycsl/scratchpad/w7/tmp/.pycsl_gwql3f_j.mlw", line 1595, characters 15-50:
Sub-goal postcondition of goal statementemissionmixin___handle_critical_section_stmt'vc.
Prover result is: Valid (0.01s, 37343 steps).

File "/home/fabrice/git/pycsl/scratchpad/w7/tmp/.pycsl_gwql3f_j.mlw", line 1596, characters 15-62:
Sub-goal postcondition of goal statementemissionmixin___handle_critical_section_stmt'vc.
Prover result is: Valid (0.01s, 37356 steps).

File "/home/fabrice/git/pycsl/scratchpad/w7/tmp/.pycsl_gwql3f_j.mlw", line 1592, characters 15-19:
Sub-goal postcondition of goal statementemissionmixin___handle_critical_section_stmt'vc.
Prover result is: Valid (0.01s, 10404 steps).

File "/home/fabrice/git/pycsl/scratchpad/w7/tmp/.pycsl_gwql3f_j.mlw", line 1593, characters 15-56:
Sub-goal postcondition of goal statementemissionmixin___handle_critical_section_stmt'vc.
Prover result is: Valid (0.01s, 10405 steps).

File "/home/fabrice/git/pycsl/scratchpad/w7/tmp/.pycsl_gwql3f_j.mlw", line 1594, characters 15-60:
Sub-goal postcondition of goal statementemissionmixin___handle_critical_section_stmt'vc.
Prover result is: Valid (0.01s, 10406 steps).

File "/home/fabrice/git/pycsl/scratchpad/w7/tmp/.pycsl_gwql3f_j.mlw", line 1595, characters 15-50:
Sub-goal postcondition of goal statementemissionmixin___handle_critical_section_stmt'vc.
Prover result is: Valid (0.01s, 10407 steps).

File "/home/fabrice/git/pycsl/scratchpad/w7/tmp/.pycsl_gwql3f_j.mlw", line 1596, characters 15-62:
Sub-goal postcondition of goal statementemissionmixin___handle_critical_section_stmt'vc.
Prover result is: Valid (0.01s, 10408 steps).

File "/home/fabrice/git/pycsl/scratchpad/w7/tmp/.pycsl_gwql3f_j.mlw", line 1592, characters 15-19:
Sub-goal postcondition of goal statementemissionmixin___handle_critical_section_stmt'vc.
Prover result is: Valid (0.01s, 10377 steps).

File "/home/fabrice/git/pycsl/scratchpad/w7/tmp/.pycsl_gwql3f_j.mlw", line 1593, characters 15-56:
Sub-goal postcondition of goal statementemissionmixin___handle_critical_section_stmt'vc.
Prover result is: Valid (0.01s, 10378 steps).

File "/home/fabrice/git/pycsl/scratchpad/w7/tmp/.pycsl_gwql3f_j.mlw", line 1594, characters 15-60:
Sub-goal postcondition of goal statementemissionmixin___handle_critical_section_stmt'vc.
Prover result is: Valid (0.01s, 10379 steps).

File "/home/fabrice/git/pycsl/scratchpad/w7/tmp/.pycsl_gwql3f_j.mlw", line 1595, characters 15-50:
Sub-goal postcondition of goal statementemissionmixin___handle_critical_section_stmt'vc.
Prover result is: Valid (0.01s, 10380 steps).

File "/home/fabrice/git/pycsl/scratchpad/w7/tmp/.pycsl_gwql3f_j.mlw", line 1596, characters 15-62:
Sub-goal postcondition of goal statementemissionmixin___handle_critical_section_stmt'vc.
Prover result is: Valid (0.01s, 10381 steps).

File "/home/fabrice/git/pycsl/scratchpad/w7/tmp/.pycsl_gwql3f_j.mlw", line 1592, characters 15-19:
Sub-goal postcondition of goal statementemissionmixin___handle_critical_section_stmt'vc.
Prover result is: Valid (0.01s, 10036 steps).

File "/home/fabrice/git/pycsl/scratchpad/w7/tmp/.pycsl_gwql3f_j.mlw", line 1593, characters 15-56:
Sub-goal postcondition of goal statementemissionmixin___handle_critical_section_stmt'vc.
Prover result is: Valid (0.01s, 10037 steps).

File "/home/fabrice/git/pycsl/scratchpad/w7/tmp/.pycsl_gwql3f_j.mlw", line 1594, characters 15-60:
Sub-goal postcondition of goal statementemissionmixin___handle_critical_section_stmt'vc.
Prover result is: Valid (0.01s, 10038 steps).

File "/home/fabrice/git/pycsl/scratchpad/w7/tmp/.pycsl_gwql3f_j.mlw", line 1595, characters 15-50:
Sub-goal postcondition of goal statementemissionmixin___handle_critical_section_stmt'vc.
Prover result is: Valid (0.01s, 10039 steps).

File "/home/fabrice/git/pycsl/scratchpad/w7/tmp/.pycsl_gwql3f_j.mlw", line 1596, characters 15-62:
Sub-goal postcondition of goal statementemissionmixin___handle_critical_section_stmt'vc.
Prover result is: Valid (0.01s, 10040 steps).

File "/home/fabrice/git/pycsl/scratchpad/w7/tmp/.pycsl_gwql3f_j.mlw", line 1592, characters 15-19:
Sub-goal postcondition of goal statementemissionmixin___handle_critical_section_stmt'vc.
Prover result is: Valid (0.01s, 10009 steps).

File "/home/fabrice/git/pycsl/scratchpad/w7/tmp/.pycsl_gwql3f_j.mlw", line 1593, characters 15-56:
Sub-goal postcondition of goal statementemissionmixin___handle_critical_section_stmt'vc.
Prover result is: Valid (0.01s, 10010 steps).

File "/home/fabrice/git/pycsl/scratchpad/w7/tmp/.pycsl_gwql3f_j.mlw", line 1594, characters 15-60:
Sub-goal postcondition of goal statementemissionmixin___handle_critical_section_stmt'vc.
Prover result is: Valid (0.01s, 10011 steps).

File "/home/fabrice/git/pycsl/scratchpad/w7/tmp/.pycsl_gwql3f_j.mlw", line 1595, characters 15-50:
Sub-goal postcondition of goal statementemissionmixin___handle_critical_section_stmt'vc.
Prover result is: Valid (0.01s, 10012 steps).

File "/home/fabrice/git/pycsl/scratchpad/w7/tmp/.pycsl_gwql3f_j.mlw", line 1596, characters 15-62:
Sub-goal postcondition of goal statementemissionmixin___handle_critical_section_stmt'vc.
Prover result is: Valid (0.02s, 10013 steps).

File "/home/fabrice/git/pycsl/scratchpad/w7/tmp/.pycsl_gwql3f_j.mlw", line 1673, characters 82-101:
Sub-goal array creation size of goal statementemissionmixin___handle_critical_section_stmt'vc.
Prover result is: Valid (0.01s, 8779 steps).

File "/home/fabrice/git/pycsl/scratchpad/w7/tmp/.pycsl_gwql3f_j.mlw", line 1592, characters 15-19:
Sub-goal postcondition of goal statementemissionmixin___handle_critical_section_stmt'vc.
Prover result is: Valid (0.01s, 9351 steps).

File "/home/fabrice/git/pycsl/scratchpad/w7/tmp/.pycsl_gwql3f_j.mlw", line 1593, characters 15-56:
Sub-goal postcondition of goal statementemissionmixin___handle_critical_section_stmt'vc.
Prover result is: Valid (0.01s, 9352 steps).

File "/home/fabrice/git/pycsl/scratchpad/w7/tmp/.pycsl_gwql3f_j.mlw", line 1594, characters 15-60:
Sub-goal postcondition of goal statementemissionmixin___handle_critical_section_stmt'vc.
Prover result is: Valid (0.01s, 9353 steps).

File "/home/fabrice/git/pycsl/scratchpad/w7/tmp/.pycsl_gwql3f_j.mlw", line 1595, characters 15-50:
Sub-goal postcondition of goal statementemissionmixin___handle_critical_section_stmt'vc.
Prover result is: Valid (0.01s, 9354 steps).

File "/home/fabrice/git/pycsl/scratchpad/w7/tmp/.pycsl_gwql3f_j.mlw", line 1596, characters 15-62:
Sub-goal postcondition of goal statementemissionmixin___handle_critical_section_stmt'vc.
Prover result is: Valid (0.01s, 9355 steps).

File "/home/fabrice/git/pycsl/scratchpad/w7/tmp/.pycsl_gwql3f_j.mlw", line 1592, characters 15-19:
Sub-goal postcondition of goal statementemissionmixin___handle_critical_section_stmt'vc.
Prover result is: Valid (0.01s, 9324 steps).

File "/home/fabrice/git/pycsl/scratchpad/w7/tmp/.pycsl_gwql3f_j.mlw", line 1593, characters 15-56:
Sub-goal postcondition of goal statementemissionmixin___handle_critical_section_stmt'vc.
Prover result is: Valid (0.01s, 9325 steps).

File "/home/fabrice/git/pycsl/scratchpad/w7/tmp/.pycsl_gwql3f_j.mlw", line 1594, characters 15-60:
Sub-goal postcondition of goal statementemissionmixin___handle_critical_section_stmt'vc.
Prover result is: Valid (0.01s, 9326 steps).

File "/home/fabrice/git/pycsl/scratchpad/w7/tmp/.pycsl_gwql3f_j.mlw", line 1595, characters 15-50:
Sub-goal postcondition of goal statementemissionmixin___handle_critical_section_stmt'vc.
Prover result is: Valid (0.01s, 9327 steps).

File "/home/fabrice/git/pycsl/scratchpad/w7/tmp/.pycsl_gwql3f_j.mlw", line 1596, characters 15-62:
Sub-goal postcondition of goal statementemissionmixin___handle_critical_section_stmt'vc.
Prover result is: Valid (0.01s, 9328 steps).

File "/home/fabrice/git/pycsl/scratchpad/w7/tmp/.pycsl_gwql3f_j.mlw", line 1592, characters 15-19:
Sub-goal postcondition of goal statementemissionmixin___handle_critical_section_stmt'vc.
Prover result is: Valid (0.01s, 8983 steps).

File "/home/fabrice/git/pycsl/scratchpad/w7/tmp/.pycsl_gwql3f_j.mlw", line 1593, characters 15-56:
Sub-goal postcondition of goal statementemissionmixin___handle_critical_section_stmt'vc.
Prover result is: Valid (0.01s, 8984 steps).

File "/home/fabrice/git/pycsl/scratchpad/w7/tmp/.pycsl_gwql3f_j.mlw", line 1594, characters 15-60:
Sub-goal postcondition of goal statementemissionmixin___handle_critical_section_stmt'vc.
Prover result is: Valid (0.01s, 8985 steps).

File "/home/fabrice/git/pycsl/scratchpad/w7/tmp/.pycsl_gwql3f_j.mlw", line 1595, characters 15-50:
Sub-goal postcondition of goal statementemissionmixin___handle_critical_section_stmt'vc.
Prover result is: Valid (0.01s, 8986 steps).

File "/home/fabrice/git/pycsl/scratchpad/w7/tmp/.pycsl_gwql3f_j.mlw", line 1596, characters 15-62:
Sub-goal postcondition of goal statementemissionmixin___handle_critical_section_stmt'vc.
Prover result is: Valid (0.01s, 8987 steps).

File "/home/fabrice/git/pycsl/scratchpad/w7/tmp/.pycsl_gwql3f_j.mlw", line 1592, characters 15-19:
Sub-goal postcondition of goal statementemissionmixin___handle_critical_section_stmt'vc.
Prover result is: Valid (0.01s, 8956 steps).

File "/home/fabrice/git/pycsl/scratchpad/w7/tmp/.pycsl_gwql3f_j.mlw", line 1593, characters 15-56:
Sub-goal postcondition of goal statementemissionmixin___handle_critical_section_stmt'vc.
Prover result is: Valid (0.01s, 8957 steps).

File "/home/fabrice/git/pycsl/scratchpad/w7/tmp/.pycsl_gwql3f_j.mlw", line 1594, characters 15-60:
Sub-goal postcondition of goal statementemissionmixin___handle_critical_section_stmt'vc.
Prover result is: Valid (0.01s, 8958 steps).

File "/home/fabrice/git/pycsl/scratchpad/w7/tmp/.pycsl_gwql3f_j.mlw", line 1595, characters 15-50:
Sub-goal postcondition of goal statementemissionmixin___handle_critical_section_stmt'vc.
Prover result is: Valid (0.01s, 8959 steps).

File "/home/fabrice/git/pycsl/scratchpad/w7/tmp/.pycsl_gwql3f_j.mlw", line 1596, characters 15-62:
Sub-goal postcondition of goal statementemissionmixin___handle_critical_section_stmt'vc.
Prover result is: Valid (0.02s, 8960 steps).

File "/home/fabrice/git/pycsl/scratchpad/w7/tmp/.pycsl_gwql3f_j.mlw", line 1592, characters 15-19:
Sub-goal postcondition of goal statementemissionmixin___handle_critical_section_stmt'vc.
Prover result is: Valid (0.02s, 9258 steps).

File "/home/fabrice/git/pycsl/scratchpad/w7/tmp/.pycsl_gwql3f_j.mlw", line 1593, characters 15-56:
Sub-goal postcondition of goal statementemissionmixin___handle_critical_section_stmt'vc.
Prover result is: Valid (0.02s, 9259 steps).

File "/home/fabrice/git/pycsl/scratchpad/w7/tmp/.pycsl_gwql3f_j.mlw", line 1594, characters 15-60:
Sub-goal postcondition of goal statementemissionmixin___handle_critical_section_stmt'vc.
Prover result is: Valid (0.01s, 9260 steps).

File "/home/fabrice/git/pycsl/scratchpad/w7/tmp/.pycsl_gwql3f_j.mlw", line 1595, characters 15-50:
Sub-goal postcondition of goal statementemissionmixin___handle_critical_section_stmt'vc.
Prover result is: Valid (0.02s, 9261 steps).

File "/home/fabrice/git/pycsl/scratchpad/w7/tmp/.pycsl_gwql3f_j.mlw", line 1596, characters 15-62:
Sub-goal postcondition of goal statementemissionmixin___handle_critical_section_stmt'vc.
Prover result is: Valid (0.01s, 9262 steps).

File "/home/fabrice/git/pycsl/scratchpad/w7/tmp/.pycsl_gwql3f_j.mlw", line 1592, characters 15-19:
Sub-goal postcondition of goal statementemissionmixin___handle_critical_section_stmt'vc.
Prover result is: Valid (0.01s, 9231 steps).

File "/home/fabrice/git/pycsl/scratchpad/w7/tmp/.pycsl_gwql3f_j.mlw", line 1593, characters 15-56:
Sub-goal postcondition of goal statementemissionmixin___handle_critical_section_stmt'vc.
Prover result is: Valid (0.01s, 9232 steps).

File "/home/fabrice/git/pycsl/scratchpad/w7/tmp/.pycsl_gwql3f_j.mlw", line 1594, characters 15-60:
Sub-goal postcondition of goal statementemissionmixin___handle_critical_section_stmt'vc.
Prover result is: Valid (0.01s, 9233 steps).

File "/home/fabrice/git/pycsl/scratchpad/w7/tmp/.pycsl_gwql3f_j.mlw", line 1595, characters 15-50:
Sub-goal postcondition of goal statementemissionmixin___handle_critical_section_stmt'vc.
Prover result is: Valid (0.01s, 9234 steps).

File "/home/fabrice/git/pycsl/scratchpad/w7/tmp/.pycsl_gwql3f_j.mlw", line 1596, characters 15-62:
Sub-goal postcondition of goal statementemissionmixin___handle_critical_section_stmt'vc.
Prover result is: Valid (0.01s, 9235 steps).

File "/home/fabrice/git/pycsl/scratchpad/w7/tmp/.pycsl_gwql3f_j.mlw", line 1592, characters 15-19:
Sub-goal postcondition of goal statementemissionmixin___handle_critical_section_stmt'vc.
Prover result is: Valid (0.02s, 8890 steps).

File "/home/fabrice/git/pycsl/scratchpad/w7/tmp/.pycsl_gwql3f_j.mlw", line 1593, characters 15-56:
Sub-goal postcondition of goal statementemissionmixin___handle_critical_section_stmt'vc.
Prover result is: Valid (0.01s, 8891 steps).

File "/home/fabrice/git/pycsl/scratchpad/w7/tmp/.pycsl_gwql3f_j.mlw", line 1594, characters 15-60:
Sub-goal postcondition of goal statementemissionmixin___handle_critical_section_stmt'vc.
Prover result is: Valid (0.01s, 8892 steps).

File "/home/fabrice/git/pycsl/scratchpad/w7/tmp/.pycsl_gwql3f_j.mlw", line 1595, characters 15-50:
Sub-goal postcondition of goal statementemissionmixin___handle_critical_section_stmt'vc.
Prover result is: Valid (0.01s, 8893 steps).

File "/home/fabrice/git/pycsl/scratchpad/w7/tmp/.pycsl_gwql3f_j.mlw", line 1596, characters 15-62:
Sub-goal postcondition of goal statementemissionmixin___handle_critical_section_stmt'vc.
Prover result is: Valid (0.02s, 8894 steps).

File "/home/fabrice/git/pycsl/scratchpad/w7/tmp/.pycsl_gwql3f_j.mlw", line 1592, characters 15-19:
Sub-goal postcondition of goal statementemissionmixin___handle_critical_section_stmt'vc.
Prover result is: Valid (0.01s, 8863 steps).

File "/home/fabrice/git/pycsl/scratchpad/w7/tmp/.pycsl_gwql3f_j.mlw", line 1593, characters 15-56:
Sub-goal postcondition of goal statementemissionmixin___handle_critical_section_stmt'vc.
Prover result is: Valid (0.01s, 8864 steps).

File "/home/fabrice/git/pycsl/scratchpad/w7/tmp/.pycsl_gwql3f_j.mlw", line 1594, characters 15-60:
Sub-goal postcondition of goal statementemissionmixin___handle_critical_section_stmt'vc.
Prover result is: Valid (0.01s, 8865 steps).

File "/home/fabrice/git/pycsl/scratchpad/w7/tmp/.pycsl_gwql3f_j.mlw", line 1595, characters 15-50:
Sub-goal postcondition of goal statementemissionmixin___handle_critical_section_stmt'vc.
Prover result is: Valid (0.01s, 8866 steps).

File "/home/fabrice/git/pycsl/scratchpad/w7/tmp/.pycsl_gwql3f_j.mlw", line 1596, characters 15-62:
Sub-goal postcondition of goal statementemissionmixin___handle_critical_section_stmt'vc.
Prover result is: Valid (0.01s, 8867 steps).

File "/home/fabrice/git/pycsl/scratchpad/w7/tmp/.pycsl_gwql3f_j.mlw", line 1673, characters 82-101:
Sub-goal array creation size of goal statementemissionmixin___handle_critical_section_stmt'vc.
Prover result is: Valid (0.02s, 17130 steps).

File "/home/fabrice/git/pycsl/scratchpad/w7/tmp/.pycsl_gwql3f_j.mlw", line 1592, characters 15-19:
Sub-goal postcondition of goal statementemissionmixin___handle_critical_section_stmt'vc.
Prover result is: Valid (0.02s, 19244 steps).

File "/home/fabrice/git/pycsl/scratchpad/w7/tmp/.pycsl_gwql3f_j.mlw", line 1593, characters 15-56:
Sub-goal postcondition of goal statementemissionmixin___handle_critical_section_stmt'vc.
Prover result is: Valid (0.04s, 151976 steps).

File "/home/fabrice/git/pycsl/scratchpad/w7/tmp/.pycsl_gwql3f_j.mlw", line 1594, characters 15-60:
Sub-goal postcondition of goal statementemissionmixin___handle_critical_section_stmt'vc.
Prover result is: Valid (0.04s, 152029 steps).

File "/home/fabrice/git/pycsl/scratchpad/w7/tmp/.pycsl_gwql3f_j.mlw", line 1595, characters 15-50:
Sub-goal postcondition of goal statementemissionmixin___handle_critical_section_stmt'vc.
Prover result is: Valid (0.07s, 255940 steps).

File "/home/fabrice/git/pycsl/scratchpad/w7/tmp/.pycsl_gwql3f_j.mlw", line 1596, characters 15-62:
Sub-goal postcondition of goal statementemissionmixin___handle_critical_section_stmt'vc.
Prover result is: Valid (0.03s, 152135 steps).

File "/home/fabrice/git/pycsl/scratchpad/w7/tmp/.pycsl_gwql3f_j.mlw", line 1592, characters 15-19:
Sub-goal postcondition of goal statementemissionmixin___handle_critical_section_stmt'vc.
Prover result is: Valid (0.01s, 18889 steps).

File "/home/fabrice/git/pycsl/scratchpad/w7/tmp/.pycsl_gwql3f_j.mlw", line 1593, characters 15-56:
Sub-goal postcondition of goal statementemissionmixin___handle_critical_section_stmt'vc.
Prover result is: Valid (0.05s, 149600 steps).

File "/home/fabrice/git/pycsl/scratchpad/w7/tmp/.pycsl_gwql3f_j.mlw", line 1594, characters 15-60:
Sub-goal postcondition of goal statementemissionmixin___handle_critical_section_stmt'vc.
Prover result is: Valid (0.05s, 149653 steps).

File "/home/fabrice/git/pycsl/scratchpad/w7/tmp/.pycsl_gwql3f_j.mlw", line 1595, characters 15-50:
Sub-goal postcondition of goal statementemissionmixin___handle_critical_section_stmt'vc.
Prover result is: Valid (0.10s, 252338 steps).

File "/home/fabrice/git/pycsl/scratchpad/w7/tmp/.pycsl_gwql3f_j.mlw", line 1596, characters 15-62:
Sub-goal postcondition of goal statementemissionmixin___handle_critical_section_stmt'vc.
Prover result is: Valid (0.04s, 149759 steps).

File "/home/fabrice/git/pycsl/scratchpad/w7/tmp/.pycsl_gwql3f_j.mlw", line 1592, characters 15-19:
Sub-goal postcondition of goal statementemissionmixin___handle_critical_section_stmt'vc.
Prover result is: Valid (0.02s, 18416 steps).

File "/home/fabrice/git/pycsl/scratchpad/w7/tmp/.pycsl_gwql3f_j.mlw", line 1593, characters 15-56:
Sub-goal postcondition of goal statementemissionmixin___handle_critical_section_stmt'vc.
Prover result is: Valid (0.04s, 144914 steps).

File "/home/fabrice/git/pycsl/scratchpad/w7/tmp/.pycsl_gwql3f_j.mlw", line 1594, characters 15-60:
Sub-goal postcondition of goal statementemissionmixin___handle_critical_section_stmt'vc.
Prover result is: Valid (0.02s, 144967 steps).

File "/home/fabrice/git/pycsl/scratchpad/w7/tmp/.pycsl_gwql3f_j.mlw", line 1595, characters 15-50:
Sub-goal postcondition of goal statementemissionmixin___handle_critical_section_stmt'vc.
Prover result is: Valid (0.05s, 244851 steps).

File "/home/fabrice/git/pycsl/scratchpad/w7/tmp/.pycsl_gwql3f_j.mlw", line 1596, characters 15-62:
Sub-goal postcondition of goal statementemissionmixin___handle_critical_section_stmt'vc.
Prover result is: Valid (0.04s, 145073 steps).

File "/home/fabrice/git/pycsl/scratchpad/w7/tmp/.pycsl_gwql3f_j.mlw", line 1592, characters 15-19:
Sub-goal postcondition of goal statementemissionmixin___handle_critical_section_stmt'vc.
Prover result is: Valid (0.01s, 18061 steps).

File "/home/fabrice/git/pycsl/scratchpad/w7/tmp/.pycsl_gwql3f_j.mlw", line 1593, characters 15-56:
Sub-goal postcondition of goal statementemissionmixin___handle_critical_section_stmt'vc.
Prover result is: Valid (0.04s, 142538 steps).

File "/home/fabrice/git/pycsl/scratchpad/w7/tmp/.pycsl_gwql3f_j.mlw", line 1594, characters 15-60:
Sub-goal postcondition of goal statementemissionmixin___handle_critical_section_stmt'vc.
Prover result is: Valid (0.04s, 142591 steps).

File "/home/fabrice/git/pycsl/scratchpad/w7/tmp/.pycsl_gwql3f_j.mlw", line 1595, characters 15-50:
Sub-goal postcondition of goal statementemissionmixin___handle_critical_section_stmt'vc.
Prover result is: Valid (0.10s, 241249 steps).

File "/home/fabrice/git/pycsl/scratchpad/w7/tmp/.pycsl_gwql3f_j.mlw", line 1596, characters 15-62:
Sub-goal postcondition of goal statementemissionmixin___handle_critical_section_stmt'vc.
Prover result is: Valid (0.05s, 142697 steps).

File "/home/fabrice/git/pycsl/scratchpad/w7/tmp/.pycsl_gwql3f_j.mlw", line 1592, characters 15-19:
Sub-goal postcondition of goal statementemissionmixin___handle_critical_section_stmt'vc.
Prover result is: Valid (0.01s, 10356 steps).

File "/home/fabrice/git/pycsl/scratchpad/w7/tmp/.pycsl_gwql3f_j.mlw", line 1593, characters 15-56:
Sub-goal postcondition of goal statementemissionmixin___handle_critical_section_stmt'vc.
Prover result is: Valid (0.02s, 10357 steps).

File "/home/fabrice/git/pycsl/scratchpad/w7/tmp/.pycsl_gwql3f_j.mlw", line 1594, characters 15-60:
Sub-goal postcondition of goal statementemissionmixin___handle_critical_section_stmt'vc.
Prover result is: Valid (0.02s, 10358 steps).

File "/home/fabrice/git/pycsl/scratchpad/w7/tmp/.pycsl_gwql3f_j.mlw", line 1595, characters 15-50:
Sub-goal postcondition of goal statementemissionmixin___handle_critical_section_stmt'vc.
Prover result is: Valid (0.01s, 10359 steps).

File "/home/fabrice/git/pycsl/scratchpad/w7/tmp/.pycsl_gwql3f_j.mlw", line 1596, characters 15-62:
Sub-goal postcondition of goal statementemissionmixin___handle_critical_section_stmt'vc.
Prover result is: Valid (0.01s, 10360 steps).

File "/home/fabrice/git/pycsl/scratchpad/w7/tmp/.pycsl_gwql3f_j.mlw", line 1592, characters 15-19:
Sub-goal postcondition of goal statementemissionmixin___handle_critical_section_stmt'vc.
Prover result is: Valid (0.01s, 10329 steps).

File "/home/fabrice/git/pycsl/scratchpad/w7/tmp/.pycsl_gwql3f_j.mlw", line 1593, characters 15-56:
Sub-goal postcondition of goal statementemissionmixin___handle_critical_section_stmt'vc.
Prover result is: Valid (0.01s, 10330 steps).

File "/home/fabrice/git/pycsl/scratchpad/w7/tmp/.pycsl_gwql3f_j.mlw", line 1594, characters 15-60:
Sub-goal postcondition of goal statementemissionmixin___handle_critical_section_stmt'vc.
Prover result is: Valid (0.01s, 10331 steps).

File "/home/fabrice/git/pycsl/scratchpad/w7/tmp/.pycsl_gwql3f_j.mlw", line 1595, characters 15-50:
Sub-goal postcondition of goal statementemissionmixin___handle_critical_section_stmt'vc.
Prover result is: Valid (0.01s, 10332 steps).

File "/home/fabrice/git/pycsl/scratchpad/w7/tmp/.pycsl_gwql3f_j.mlw", line 1596, characters 15-62:
Sub-goal postcondition of goal statementemissionmixin___handle_critical_section_stmt'vc.
Prover result is: Valid (0.02s, 10333 steps).

File "/home/fabrice/git/pycsl/scratchpad/w7/tmp/.pycsl_gwql3f_j.mlw", line 1592, characters 15-19:
Sub-goal postcondition of goal statementemissionmixin___handle_critical_section_stmt'vc.
Prover result is: Valid (0.01s, 9988 steps).

File "/home/fabrice/git/pycsl/scratchpad/w7/tmp/.pycsl_gwql3f_j.mlw", line 1593, characters 15-56:
Sub-goal postcondition of goal statementemissionmixin___handle_critical_section_stmt'vc.
Prover result is: Valid (0.01s, 9989 steps).

File "/home/fabrice/git/pycsl/scratchpad/w7/tmp/.pycsl_gwql3f_j.mlw", line 1594, characters 15-60:
Sub-goal postcondition of goal statementemissionmixin___handle_critical_section_stmt'vc.
Prover result is: Valid (0.01s, 9990 steps).

File "/home/fabrice/git/pycsl/scratchpad/w7/tmp/.pycsl_gwql3f_j.mlw", line 1595, characters 15-50:
Sub-goal postcondition of goal statementemissionmixin___handle_critical_section_stmt'vc.
Prover result is: Valid (0.01s, 9991 steps).

File "/home/fabrice/git/pycsl/scratchpad/w7/tmp/.pycsl_gwql3f_j.mlw", line 1596, characters 15-62:
Sub-goal postcondition of goal statementemissionmixin___handle_critical_section_stmt'vc.
Prover result is: Valid (0.01s, 9992 steps).

File "/home/fabrice/git/pycsl/scratchpad/w7/tmp/.pycsl_gwql3f_j.mlw", line 1592, characters 15-19:
Sub-goal postcondition of goal statementemissionmixin___handle_critical_section_stmt'vc.
Prover result is: Valid (0.01s, 9961 steps).

File "/home/fabrice/git/pycsl/scratchpad/w7/tmp/.pycsl_gwql3f_j.mlw", line 1593, characters 15-56:
Sub-goal postcondition of goal statementemissionmixin___handle_critical_section_stmt'vc.
Prover result is: Valid (0.01s, 9962 steps).

File "/home/fabrice/git/pycsl/scratchpad/w7/tmp/.pycsl_gwql3f_j.mlw", line 1594, characters 15-60:
Sub-goal postcondition of goal statementemissionmixin___handle_critical_section_stmt'vc.
Prover result is: Valid (0.01s, 9963 steps).

File "/home/fabrice/git/pycsl/scratchpad/w7/tmp/.pycsl_gwql3f_j.mlw", line 1595, characters 15-50:
Sub-goal postcondition of goal statementemissionmixin___handle_critical_section_stmt'vc.
Prover result is: Valid (0.01s, 9964 steps).

File "/home/fabrice/git/pycsl/scratchpad/w7/tmp/.pycsl_gwql3f_j.mlw", line 1596, characters 15-62:
Sub-goal postcondition of goal statementemissionmixin___handle_critical_section_stmt'vc.
Prover result is: Valid (0.01s, 9965 steps).

File "/home/fabrice/git/pycsl/scratchpad/w7/tmp/.pycsl_gwql3f_j.mlw", line 1673, characters 82-101:
Sub-goal array creation size of goal statementemissionmixin___handle_critical_section_stmt'vc.
Prover result is: Valid (0.01s, 17128 steps).

File "/home/fabrice/git/pycsl/scratchpad/w7/tmp/.pycsl_gwql3f_j.mlw", line 1592, characters 15-19:
Sub-goal postcondition of goal statementemissionmixin___handle_critical_section_stmt'vc.
Prover result is: Valid (0.01s, 19242 steps).

File "/home/fabrice/git/pycsl/scratchpad/w7/tmp/.pycsl_gwql3f_j.mlw", line 1593, characters 15-56:
Sub-goal postcondition of goal statementemissionmixin___handle_critical_section_stmt'vc.
Prover result is: Valid (0.02s, 40322 steps).

File "/home/fabrice/git/pycsl/scratchpad/w7/tmp/.pycsl_gwql3f_j.mlw", line 1594, characters 15-60:
Sub-goal postcondition of goal statementemissionmixin___handle_critical_section_stmt'vc.
Prover result is: Valid (0.01s, 40335 steps).

File "/home/fabrice/git/pycsl/scratchpad/w7/tmp/.pycsl_gwql3f_j.mlw", line 1595, characters 15-50:
Sub-goal postcondition of goal statementemissionmixin___handle_critical_section_stmt'vc.
Prover result is: Valid (0.02s, 40348 steps).

File "/home/fabrice/git/pycsl/scratchpad/w7/tmp/.pycsl_gwql3f_j.mlw", line 1596, characters 15-62:
Sub-goal postcondition of goal statementemissionmixin___handle_critical_section_stmt'vc.
Prover result is: Valid (0.01s, 40361 steps).

File "/home/fabrice/git/pycsl/scratchpad/w7/tmp/.pycsl_gwql3f_j.mlw", line 1592, characters 15-19:
Sub-goal postcondition of goal statementemissionmixin___handle_critical_section_stmt'vc.
Prover result is: Valid (0.01s, 18887 steps).

File "/home/fabrice/git/pycsl/scratchpad/w7/tmp/.pycsl_gwql3f_j.mlw", line 1593, characters 15-56:
Sub-goal postcondition of goal statementemissionmixin___handle_critical_section_stmt'vc.
Prover result is: Valid (0.01s, 39759 steps).

File "/home/fabrice/git/pycsl/scratchpad/w7/tmp/.pycsl_gwql3f_j.mlw", line 1594, characters 15-60:
Sub-goal postcondition of goal statementemissionmixin___handle_critical_section_stmt'vc.
Prover result is: Valid (0.01s, 39772 steps).

File "/home/fabrice/git/pycsl/scratchpad/w7/tmp/.pycsl_gwql3f_j.mlw", line 1595, characters 15-50:
Sub-goal postcondition of goal statementemissionmixin___handle_critical_section_stmt'vc.
Prover result is: Valid (0.01s, 39785 steps).

File "/home/fabrice/git/pycsl/scratchpad/w7/tmp/.pycsl_gwql3f_j.mlw", line 1596, characters 15-62:
Sub-goal postcondition of goal statementemissionmixin___handle_critical_section_stmt'vc.
Prover result is: Valid (0.01s, 39798 steps).

File "/home/fabrice/git/pycsl/scratchpad/w7/tmp/.pycsl_gwql3f_j.mlw", line 1592, characters 15-19:
Sub-goal postcondition of goal statementemissionmixin___handle_critical_section_stmt'vc.
Prover result is: Valid (0.01s, 18414 steps).

File "/home/fabrice/git/pycsl/scratchpad/w7/tmp/.pycsl_gwql3f_j.mlw", line 1593, characters 15-56:
Sub-goal postcondition of goal statementemissionmixin___handle_critical_section_stmt'vc.
Prover result is: Valid (0.01s, 37662 steps).

File "/home/fabrice/git/pycsl/scratchpad/w7/tmp/.pycsl_gwql3f_j.mlw", line 1594, characters 15-60:
Sub-goal postcondition of goal statementemissionmixin___handle_critical_section_stmt'vc.
Prover result is: Valid (0.01s, 37675 steps).

File "/home/fabrice/git/pycsl/scratchpad/w7/tmp/.pycsl_gwql3f_j.mlw", line 1595, characters 15-50:
Sub-goal postcondition of goal statementemissionmixin___handle_critical_section_stmt'vc.
Prover result is: Valid (0.02s, 37688 steps).

File "/home/fabrice/git/pycsl/scratchpad/w7/tmp/.pycsl_gwql3f_j.mlw", line 1596, characters 15-62:
Sub-goal postcondition of goal statementemissionmixin___handle_critical_section_stmt'vc.
Prover result is: Valid (0.01s, 37701 steps).

File "/home/fabrice/git/pycsl/scratchpad/w7/tmp/.pycsl_gwql3f_j.mlw", line 1592, characters 15-19:
Sub-goal postcondition of goal statementemissionmixin___handle_critical_section_stmt'vc.
Prover result is: Valid (0.02s, 18059 steps).

File "/home/fabrice/git/pycsl/scratchpad/w7/tmp/.pycsl_gwql3f_j.mlw", line 1593, characters 15-56:
Sub-goal postcondition of goal statementemissionmixin___handle_critical_section_stmt'vc.
Prover result is: Valid (0.01s, 37099 steps).

File "/home/fabrice/git/pycsl/scratchpad/w7/tmp/.pycsl_gwql3f_j.mlw", line 1594, characters 15-60:
Sub-goal postcondition of goal statementemissionmixin___handle_critical_section_stmt'vc.
Prover result is: Valid (0.01s, 37112 steps).

File "/home/fabrice/git/pycsl/scratchpad/w7/tmp/.pycsl_gwql3f_j.mlw", line 1595, characters 15-50:
Sub-goal postcondition of goal statementemissionmixin___handle_critical_section_stmt'vc.
Prover result is: Valid (0.02s, 37125 steps).

File "/home/fabrice/git/pycsl/scratchpad/w7/tmp/.pycsl_gwql3f_j.mlw", line 1596, characters 15-62:
Sub-goal postcondition of goal statementemissionmixin___handle_critical_section_stmt'vc.
Prover result is: Valid (0.01s, 37138 steps).

File "/home/fabrice/git/pycsl/scratchpad/w7/tmp/.pycsl_gwql3f_j.mlw", line 1592, characters 15-19:
Sub-goal postcondition of goal statementemissionmixin___handle_critical_section_stmt'vc.
Prover result is: Valid (0.01s, 10354 steps).

File "/home/fabrice/git/pycsl/scratchpad/w7/tmp/.pycsl_gwql3f_j.mlw", line 1593, characters 15-56:
Sub-goal postcondition of goal statementemissionmixin___handle_critical_section_stmt'vc.
Prover result is: Valid (0.01s, 10355 steps).

File "/home/fabrice/git/pycsl/scratchpad/w7/tmp/.pycsl_gwql3f_j.mlw", line 1594, characters 15-60:
Sub-goal postcondition of goal statementemissionmixin___handle_critical_section_stmt'vc.
Prover result is: Valid (0.01s, 10356 steps).

File "/home/fabrice/git/pycsl/scratchpad/w7/tmp/.pycsl_gwql3f_j.mlw", line 1595, characters 15-50:
Sub-goal postcondition of goal statementemissionmixin___handle_critical_section_stmt'vc.
Prover result is: Valid (0.01s, 10357 steps).

File "/home/fabrice/git/pycsl/scratchpad/w7/tmp/.pycsl_gwql3f_j.mlw", line 1596, characters 15-62:
Sub-goal postcondition of goal statementemissionmixin___handle_critical_section_stmt'vc.
Prover result is: Valid (0.01s, 10358 steps).

File "/home/fabrice/git/pycsl/scratchpad/w7/tmp/.pycsl_gwql3f_j.mlw", line 1592, characters 15-19:
Sub-goal postcondition of goal statementemissionmixin___handle_critical_section_stmt'vc.
Prover result is: Valid (0.01s, 10327 steps).

File "/home/fabrice/git/pycsl/scratchpad/w7/tmp/.pycsl_gwql3f_j.mlw", line 1593, characters 15-56:
Sub-goal postcondition of goal statementemissionmixin___handle_critical_section_stmt'vc.
Prover result is: Valid (0.01s, 10328 steps).

File "/home/fabrice/git/pycsl/scratchpad/w7/tmp/.pycsl_gwql3f_j.mlw", line 1594, characters 15-60:
Sub-goal postcondition of goal statementemissionmixin___handle_critical_section_stmt'vc.
Prover result is: Valid (0.01s, 10329 steps).

File "/home/fabrice/git/pycsl/scratchpad/w7/tmp/.pycsl_gwql3f_j.mlw", line 1595, characters 15-50:
Sub-goal postcondition of goal statementemissionmixin___handle_critical_section_stmt'vc.
Prover result is: Valid (0.01s, 10330 steps).

File "/home/fabrice/git/pycsl/scratchpad/w7/tmp/.pycsl_gwql3f_j.mlw", line 1596, characters 15-62:
Sub-goal postcondition of goal statementemissionmixin___handle_critical_section_stmt'vc.
Prover result is: Valid (0.01s, 10331 steps).

File "/home/fabrice/git/pycsl/scratchpad/w7/tmp/.pycsl_gwql3f_j.mlw", line 1592, characters 15-19:
Sub-goal postcondition of goal statementemissionmixin___handle_critical_section_stmt'vc.
Prover result is: Valid (0.01s, 9986 steps).

File "/home/fabrice/git/pycsl/scratchpad/w7/tmp/.pycsl_gwql3f_j.mlw", line 1593, characters 15-56:
Sub-goal postcondition of goal statementemissionmixin___handle_critical_section_stmt'vc.
Prover result is: Valid (0.01s, 9987 steps).

File "/home/fabrice/git/pycsl/scratchpad/w7/tmp/.pycsl_gwql3f_j.mlw", line 1594, characters 15-60:
Sub-goal postcondition of goal statementemissionmixin___handle_critical_section_stmt'vc.
Prover result is: Valid (0.01s, 9988 steps).

File "/home/fabrice/git/pycsl/scratchpad/w7/tmp/.pycsl_gwql3f_j.mlw", line 1595, characters 15-50:
Sub-goal postcondition of goal statementemissionmixin___handle_critical_section_stmt'vc.
Prover result is: Valid (0.01s, 9989 steps).

File "/home/fabrice/git/pycsl/scratchpad/w7/tmp/.pycsl_gwql3f_j.mlw", line 1596, characters 15-62:
Sub-goal postcondition of goal statementemissionmixin___handle_critical_section_stmt'vc.
Prover result is: Valid (0.01s, 9990 steps).

File "/home/fabrice/git/pycsl/scratchpad/w7/tmp/.pycsl_gwql3f_j.mlw", line 1592, characters 15-19:
Sub-goal postcondition of goal statementemissionmixin___handle_critical_section_stmt'vc.
Prover result is: Valid (0.01s, 9959 steps).

File "/home/fabrice/git/pycsl/scratchpad/w7/tmp/.pycsl_gwql3f_j.mlw", line 1593, characters 15-56:
Sub-goal postcondition of goal statementemissionmixin___handle_critical_section_stmt'vc.
Prover result is: Valid (0.01s, 9960 steps).

File "/home/fabrice/git/pycsl/scratchpad/w7/tmp/.pycsl_gwql3f_j.mlw", line 1594, characters 15-60:
Sub-goal postcondition of goal statementemissionmixin___handle_critical_section_stmt'vc.
Prover result is: Valid (0.01s, 9961 steps).

File "/home/fabrice/git/pycsl/scratchpad/w7/tmp/.pycsl_gwql3f_j.mlw", line 1595, characters 15-50:
Sub-goal postcondition of goal statementemissionmixin___handle_critical_section_stmt'vc.
Prover result is: Valid (0.01s, 9962 steps).

File "/home/fabrice/git/pycsl/scratchpad/w7/tmp/.pycsl_gwql3f_j.mlw", line 1596, characters 15-62:
Sub-goal postcondition of goal statementemissionmixin___handle_critical_section_stmt'vc.
Prover result is: Valid (0.01s, 9963 steps).

File "/home/fabrice/git/pycsl/scratchpad/w7/tmp/.pycsl_gwql3f_j.mlw", line 1673, characters 82-101:
Sub-goal array creation size of goal statementemissionmixin___handle_critical_section_stmt'vc.
Prover result is: Valid (0.01s, 8729 steps).

File "/home/fabrice/git/pycsl/scratchpad/w7/tmp/.pycsl_gwql3f_j.mlw", line 1592, characters 15-19:
Sub-goal postcondition of goal statementemissionmixin___handle_critical_section_stmt'vc.
Prover result is: Valid (0.01s, 9301 steps).

File "/home/fabrice/git/pycsl/scratchpad/w7/tmp/.pycsl_gwql3f_j.mlw", line 1593, characters 15-56:
Sub-goal postcondition of goal statementemissionmixin___handle_critical_section_stmt'vc.
Prover result is: Valid (0.01s, 9302 steps).

File "/home/fabrice/git/pycsl/scratchpad/w7/tmp/.pycsl_gwql3f_j.mlw", line 1594, characters 15-60:
Sub-goal postcondition of goal statementemissionmixin___handle_critical_section_stmt'vc.
Prover result is: Valid (0.01s, 9303 steps).

File "/home/fabrice/git/pycsl/scratchpad/w7/tmp/.pycsl_gwql3f_j.mlw", line 1595, characters 15-50:
Sub-goal postcondition of goal statementemissionmixin___handle_critical_section_stmt'vc.
Prover result is: Valid (0.01s, 9304 steps).

File "/home/fabrice/git/pycsl/scratchpad/w7/tmp/.pycsl_gwql3f_j.mlw", line 1596, characters 15-62:
Sub-goal postcondition of goal statementemissionmixin___handle_critical_section_stmt'vc.
Prover result is: Valid (0.01s, 9305 steps).

File "/home/fabrice/git/pycsl/scratchpad/w7/tmp/.pycsl_gwql3f_j.mlw", line 1592, characters 15-19:
Sub-goal postcondition of goal statementemissionmixin___handle_critical_section_stmt'vc.
Prover result is: Valid (0.01s, 9274 steps).

File "/home/fabrice/git/pycsl/scratchpad/w7/tmp/.pycsl_gwql3f_j.mlw", line 1593, characters 15-56:
Sub-goal postcondition of goal statementemissionmixin___handle_critical_section_stmt'vc.
Prover result is: Valid (0.01s, 9275 steps).

File "/home/fabrice/git/pycsl/scratchpad/w7/tmp/.pycsl_gwql3f_j.mlw", line 1594, characters 15-60:
Sub-goal postcondition of goal statementemissionmixin___handle_critical_section_stmt'vc.
Prover result is: Valid (0.01s, 9276 steps).

File "/home/fabrice/git/pycsl/scratchpad/w7/tmp/.pycsl_gwql3f_j.mlw", line 1595, characters 15-50:
Sub-goal postcondition of goal statementemissionmixin___handle_critical_section_stmt'vc.
Prover result is: Valid (0.01s, 9277 steps).

File "/home/fabrice/git/pycsl/scratchpad/w7/tmp/.pycsl_gwql3f_j.mlw", line 1596, characters 15-62:
Sub-goal postcondition of goal statementemissionmixin___handle_critical_section_stmt'vc.
Prover result is: Valid (0.01s, 9278 steps).

File "/home/fabrice/git/pycsl/scratchpad/w7/tmp/.pycsl_gwql3f_j.mlw", line 1592, characters 15-19:
Sub-goal postcondition of goal statementemissionmixin___handle_critical_section_stmt'vc.
Prover result is: Valid (0.01s, 8933 steps).

File "/home/fabrice/git/pycsl/scratchpad/w7/tmp/.pycsl_gwql3f_j.mlw", line 1593, characters 15-56:
Sub-goal postcondition of goal statementemissionmixin___handle_critical_section_stmt'vc.
Prover result is: Valid (0.01s, 8934 steps).

File "/home/fabrice/git/pycsl/scratchpad/w7/tmp/.pycsl_gwql3f_j.mlw", line 1594, characters 15-60:
Sub-goal postcondition of goal statementemissionmixin___handle_critical_section_stmt'vc.
Prover result is: Valid (0.01s, 8935 steps).

File "/home/fabrice/git/pycsl/scratchpad/w7/tmp/.pycsl_gwql3f_j.mlw", line 1595, characters 15-50:
Sub-goal postcondition of goal statementemissionmixin___handle_critical_section_stmt'vc.
Prover result is: Valid (0.01s, 8936 steps).

File "/home/fabrice/git/pycsl/scratchpad/w7/tmp/.pycsl_gwql3f_j.mlw", line 1596, characters 15-62:
Sub-goal postcondition of goal statementemissionmixin___handle_critical_section_stmt'vc.
Prover result is: Valid (0.01s, 8937 steps).

File "/home/fabrice/git/pycsl/scratchpad/w7/tmp/.pycsl_gwql3f_j.mlw", line 1592, characters 15-19:
Sub-goal postcondition of goal statementemissionmixin___handle_critical_section_stmt'vc.
Prover result is: Valid (0.01s, 8906 steps).

File "/home/fabrice/git/pycsl/scratchpad/w7/tmp/.pycsl_gwql3f_j.mlw", line 1593, characters 15-56:
Sub-goal postcondition of goal statementemissionmixin___handle_critical_section_stmt'vc.
Prover result is: Valid (0.01s, 8907 steps).

File "/home/fabrice/git/pycsl/scratchpad/w7/tmp/.pycsl_gwql3f_j.mlw", line 1594, characters 15-60:
Sub-goal postcondition of goal statementemissionmixin___handle_critical_section_stmt'vc.
Prover result is: Valid (0.01s, 8908 steps).

File "/home/fabrice/git/pycsl/scratchpad/w7/tmp/.pycsl_gwql3f_j.mlw", line 1595, characters 15-50:
Sub-goal postcondition of goal statementemissionmixin___handle_critical_section_stmt'vc.
Prover result is: Valid (0.01s, 8909 steps).

File "/home/fabrice/git/pycsl/scratchpad/w7/tmp/.pycsl_gwql3f_j.mlw", line 1596, characters 15-62:
Sub-goal postcondition of goal statementemissionmixin___handle_critical_section_stmt'vc.
Prover result is: Valid (0.01s, 8910 steps).

File "/home/fabrice/git/pycsl/scratchpad/w7/tmp/.pycsl_gwql3f_j.mlw", line 1592, characters 15-19:
Sub-goal postcondition of goal statementemissionmixin___handle_critical_section_stmt'vc.
Prover result is: Valid (0.01s, 9208 steps).

File "/home/fabrice/git/pycsl/scratchpad/w7/tmp/.pycsl_gwql3f_j.mlw", line 1593, characters 15-56:
Sub-goal postcondition of goal statementemissionmixin___handle_critical_section_stmt'vc.
Prover result is: Valid (0.02s, 9209 steps).

File "/home/fabrice/git/pycsl/scratchpad/w7/tmp/.pycsl_gwql3f_j.mlw", line 1594, characters 15-60:
Sub-goal postcondition of goal statementemissionmixin___handle_critical_section_stmt'vc.
Prover result is: Valid (0.01s, 9210 steps).

File "/home/fabrice/git/pycsl/scratchpad/w7/tmp/.pycsl_gwql3f_j.mlw", line 1595, characters 15-50:
Sub-goal postcondition of goal statementemissionmixin___handle_critical_section_stmt'vc.
Prover result is: Valid (0.01s, 9211 steps).

File "/home/fabrice/git/pycsl/scratchpad/w7/tmp/.pycsl_gwql3f_j.mlw", line 1596, characters 15-62:
Sub-goal postcondition of goal statementemissionmixin___handle_critical_section_stmt'vc.
Prover result is: Valid (0.01s, 9212 steps).

File "/home/fabrice/git/pycsl/scratchpad/w7/tmp/.pycsl_gwql3f_j.mlw", line 1592, characters 15-19:
Sub-goal postcondition of goal statementemissionmixin___handle_critical_section_stmt'vc.
Prover result is: Valid (0.01s, 9181 steps).

File "/home/fabrice/git/pycsl/scratchpad/w7/tmp/.pycsl_gwql3f_j.mlw", line 1593, characters 15-56:
Sub-goal postcondition of goal statementemissionmixin___handle_critical_section_stmt'vc.
Prover result is: Valid (0.01s, 9182 steps).

File "/home/fabrice/git/pycsl/scratchpad/w7/tmp/.pycsl_gwql3f_j.mlw", line 1594, characters 15-60:
Sub-goal postcondition of goal statementemissionmixin___handle_critical_section_stmt'vc.
Prover result is: Valid (0.01s, 9183 steps).

File "/home/fabrice/git/pycsl/scratchpad/w7/tmp/.pycsl_gwql3f_j.mlw", line 1595, characters 15-50:
Sub-goal postcondition of goal statementemissionmixin___handle_critical_section_stmt'vc.
Prover result is: Valid (0.02s, 9184 steps).

File "/home/fabrice/git/pycsl/scratchpad/w7/tmp/.pycsl_gwql3f_j.mlw", line 1596, characters 15-62:
Sub-goal postcondition of goal statementemissionmixin___handle_critical_section_stmt'vc.
Prover result is: Valid (0.01s, 9185 steps).

File "/home/fabrice/git/pycsl/scratchpad/w7/tmp/.pycsl_gwql3f_j.mlw", line 1592, characters 15-19:
Sub-goal postcondition of goal statementemissionmixin___handle_critical_section_stmt'vc.
Prover result is: Valid (0.01s, 8840 steps).

File "/home/fabrice/git/pycsl/scratchpad/w7/tmp/.pycsl_gwql3f_j.mlw", line 1593, characters 15-56:
Sub-goal postcondition of goal statementemissionmixin___handle_critical_section_stmt'vc.
Prover result is: Valid (0.01s, 8841 steps).

File "/home/fabrice/git/pycsl/scratchpad/w7/tmp/.pycsl_gwql3f_j.mlw", line 1594, characters 15-60:
Sub-goal postcondition of goal statementemissionmixin___handle_critical_section_stmt'vc.
Prover result is: Valid (0.01s, 8842 steps).

File "/home/fabrice/git/pycsl/scratchpad/w7/tmp/.pycsl_gwql3f_j.mlw", line 1595, characters 15-50:
Sub-goal postcondition of goal statementemissionmixin___handle_critical_section_stmt'vc.
Prover result is: Valid (0.02s, 8843 steps).

File "/home/fabrice/git/pycsl/scratchpad/w7/tmp/.pycsl_gwql3f_j.mlw", line 1596, characters 15-62:
Sub-goal postcondition of goal statementemissionmixin___handle_critical_section_stmt'vc.
Prover result is: Valid (0.01s, 8844 steps).

File "/home/fabrice/git/pycsl/scratchpad/w7/tmp/.pycsl_gwql3f_j.mlw", line 1592, characters 15-19:
Sub-goal postcondition of goal statementemissionmixin___handle_critical_section_stmt'vc.
Prover result is: Valid (0.01s, 8813 steps).

File "/home/fabrice/git/pycsl/scratchpad/w7/tmp/.pycsl_gwql3f_j.mlw", line 1593, characters 15-56:
Sub-goal postcondition of goal statementemissionmixin___handle_critical_section_stmt'vc.
Prover result is: Valid (0.01s, 8814 steps).

File "/home/fabrice/git/pycsl/scratchpad/w7/tmp/.pycsl_gwql3f_j.mlw", line 1594, characters 15-60:
Sub-goal postcondition of goal statementemissionmixin___handle_critical_section_stmt'vc.
Prover result is: Valid (0.02s, 8815 steps).

File "/home/fabrice/git/pycsl/scratchpad/w7/tmp/.pycsl_gwql3f_j.mlw", line 1595, characters 15-50:
Sub-goal postcondition of goal statementemissionmixin___handle_critical_section_stmt'vc.
Prover result is: Valid (0.01s, 8816 steps).

File "/home/fabrice/git/pycsl/scratchpad/w7/tmp/.pycsl_gwql3f_j.mlw", line 1596, characters 15-62:
Sub-goal postcondition of goal statementemissionmixin___handle_critical_section_stmt'vc.
Prover result is: Valid (0.02s, 8817 steps).

File "/home/fabrice/git/pycsl/scratchpad/w7/tmp/.pycsl_gwql3f_j.mlw", line 1673, characters 82-101:
Sub-goal array creation size of goal statementemissionmixin___handle_critical_section_stmt'vc.
Prover result is: Valid (0.02s, 16796 steps).

File "/home/fabrice/git/pycsl/scratchpad/w7/tmp/.pycsl_gwql3f_j.mlw", line 1592, characters 15-19:
Sub-goal postcondition of goal statementemissionmixin___handle_critical_section_stmt'vc.
Prover result is: Valid (0.02s, 18906 steps).

File "/home/fabrice/git/pycsl/scratchpad/w7/tmp/.pycsl_gwql3f_j.mlw", line 1593, characters 15-56:
Sub-goal postcondition of goal statementemissionmixin___handle_critical_section_stmt'vc.
Prover result is: Valid (0.02s, 40426 steps).

File "/home/fabrice/git/pycsl/scratchpad/w7/tmp/.pycsl_gwql3f_j.mlw", line 1594, characters 15-60:
Sub-goal postcondition of goal statementemissionmixin___handle_critical_section_stmt'vc.
Prover result is: Valid (0.02s, 40439 steps).

File "/home/fabrice/git/pycsl/scratchpad/w7/tmp/.pycsl_gwql3f_j.mlw", line 1595, characters 15-50:
Sub-goal postcondition of goal statementemissionmixin___handle_critical_section_stmt'vc.
Prover result is: Valid (0.02s, 40452 steps).

File "/home/fabrice/git/pycsl/scratchpad/w7/tmp/.pycsl_gwql3f_j.mlw", line 1596, characters 15-62:
Sub-goal postcondition of goal statementemissionmixin___handle_critical_section_stmt'vc.
Prover result is: Valid (0.02s, 40465 steps).

File "/home/fabrice/git/pycsl/scratchpad/w7/tmp/.pycsl_gwql3f_j.mlw", line 1592, characters 15-19:
Sub-goal postcondition of goal statementemissionmixin___handle_critical_section_stmt'vc.
Prover result is: Valid (0.01s, 18551 steps).

File "/home/fabrice/git/pycsl/scratchpad/w7/tmp/.pycsl_gwql3f_j.mlw", line 1593, characters 15-56:
Sub-goal postcondition of goal statementemissionmixin___handle_critical_section_stmt'vc.
Prover result is: Valid (0.02s, 39863 steps).

File "/home/fabrice/git/pycsl/scratchpad/w7/tmp/.pycsl_gwql3f_j.mlw", line 1594, characters 15-60:
Sub-goal postcondition of goal statementemissionmixin___handle_critical_section_stmt'vc.
Prover result is: Valid (0.02s, 39876 steps).

File "/home/fabrice/git/pycsl/scratchpad/w7/tmp/.pycsl_gwql3f_j.mlw", line 1595, characters 15-50:
Sub-goal postcondition of goal statementemissionmixin___handle_critical_section_stmt'vc.
Prover result is: Valid (0.02s, 39889 steps).

File "/home/fabrice/git/pycsl/scratchpad/w7/tmp/.pycsl_gwql3f_j.mlw", line 1596, characters 15-62:
Sub-goal postcondition of goal statementemissionmixin___handle_critical_section_stmt'vc.
Prover result is: Valid (0.02s, 39902 steps).

File "/home/fabrice/git/pycsl/scratchpad/w7/tmp/.pycsl_gwql3f_j.mlw", line 1592, characters 15-19:
Sub-goal postcondition of goal statementemissionmixin___handle_critical_section_stmt'vc.
Prover result is: Valid (0.02s, 18078 steps).

File "/home/fabrice/git/pycsl/scratchpad/w7/tmp/.pycsl_gwql3f_j.mlw", line 1593, characters 15-56:
Sub-goal postcondition of goal statementemissionmixin___handle_critical_section_stmt'vc.
Prover result is: Valid (0.01s, 37764 steps).

File "/home/fabrice/git/pycsl/scratchpad/w7/tmp/.pycsl_gwql3f_j.mlw", line 1594, characters 15-60:
Sub-goal postcondition of goal statementemissionmixin___handle_critical_section_stmt'vc.
Prover result is: Valid (0.01s, 37777 steps).

File "/home/fabrice/git/pycsl/scratchpad/w7/tmp/.pycsl_gwql3f_j.mlw", line 1595, characters 15-50:
Sub-goal postcondition of goal statementemissionmixin___handle_critical_section_stmt'vc.
Prover result is: Valid (0.01s, 37790 steps).

File "/home/fabrice/git/pycsl/scratchpad/w7/tmp/.pycsl_gwql3f_j.mlw", line 1596, characters 15-62:
Sub-goal postcondition of goal statementemissionmixin___handle_critical_section_stmt'vc.
Prover result is: Valid (0.01s, 37803 steps).

File "/home/fabrice/git/pycsl/scratchpad/w7/tmp/.pycsl_gwql3f_j.mlw", line 1592, characters 15-19:
Sub-goal postcondition of goal statementemissionmixin___handle_critical_section_stmt'vc.
Prover result is: Valid (0.01s, 17723 steps).

File "/home/fabrice/git/pycsl/scratchpad/w7/tmp/.pycsl_gwql3f_j.mlw", line 1593, characters 15-56:
Sub-goal postcondition of goal statementemissionmixin___handle_critical_section_stmt'vc.
Prover result is: Valid (0.01s, 37201 steps).

File "/home/fabrice/git/pycsl/scratchpad/w7/tmp/.pycsl_gwql3f_j.mlw", line 1594, characters 15-60:
Sub-goal postcondition of goal statementemissionmixin___handle_critical_section_stmt'vc.
Prover result is: Valid (0.01s, 37214 steps).

File "/home/fabrice/git/pycsl/scratchpad/w7/tmp/.pycsl_gwql3f_j.mlw", line 1595, characters 15-50:
Sub-goal postcondition of goal statementemissionmixin___handle_critical_section_stmt'vc.
Prover result is: Valid (0.02s, 37227 steps).

File "/home/fabrice/git/pycsl/scratchpad/w7/tmp/.pycsl_gwql3f_j.mlw", line 1596, characters 15-62:
Sub-goal postcondition of goal statementemissionmixin___handle_critical_section_stmt'vc.
Prover result is: Valid (0.02s, 37240 steps).

File "/home/fabrice/git/pycsl/scratchpad/w7/tmp/.pycsl_gwql3f_j.mlw", line 1592, characters 15-19:
Sub-goal postcondition of goal statementemissionmixin___handle_critical_section_stmt'vc.
Prover result is: Valid (0.01s, 10132 steps).

File "/home/fabrice/git/pycsl/scratchpad/w7/tmp/.pycsl_gwql3f_j.mlw", line 1593, characters 15-56:
Sub-goal postcondition of goal statementemissionmixin___handle_critical_section_stmt'vc.
Prover result is: Valid (0.01s, 10133 steps).

File "/home/fabrice/git/pycsl/scratchpad/w7/tmp/.pycsl_gwql3f_j.mlw", line 1594, characters 15-60:
Sub-goal postcondition of goal statementemissionmixin___handle_critical_section_stmt'vc.
Prover result is: Valid (0.02s, 10134 steps).

File "/home/fabrice/git/pycsl/scratchpad/w7/tmp/.pycsl_gwql3f_j.mlw", line 1595, characters 15-50:
Sub-goal postcondition of goal statementemissionmixin___handle_critical_section_stmt'vc.
Prover result is: Valid (0.01s, 10135 steps).

File "/home/fabrice/git/pycsl/scratchpad/w7/tmp/.pycsl_gwql3f_j.mlw", line 1596, characters 15-62:
Sub-goal postcondition of goal statementemissionmixin___handle_critical_section_stmt'vc.
Prover result is: Valid (0.01s, 10136 steps).

File "/home/fabrice/git/pycsl/scratchpad/w7/tmp/.pycsl_gwql3f_j.mlw", line 1592, characters 15-19:
Sub-goal postcondition of goal statementemissionmixin___handle_critical_section_stmt'vc.
Prover result is: Valid (0.01s, 10105 steps).

File "/home/fabrice/git/pycsl/scratchpad/w7/tmp/.pycsl_gwql3f_j.mlw", line 1593, characters 15-56:
Sub-goal postcondition of goal statementemissionmixin___handle_critical_section_stmt'vc.
Prover result is: Valid (0.01s, 10106 steps).

File "/home/fabrice/git/pycsl/scratchpad/w7/tmp/.pycsl_gwql3f_j.mlw", line 1594, characters 15-60:
Sub-goal postcondition of goal statementemissionmixin___handle_critical_section_stmt'vc.
Prover result is: Valid (0.02s, 10107 steps).

File "/home/fabrice/git/pycsl/scratchpad/w7/tmp/.pycsl_gwql3f_j.mlw", line 1595, characters 15-50:
Sub-goal postcondition of goal statementemissionmixin___handle_critical_section_stmt'vc.
Prover result is: Valid (0.01s, 10108 steps).

File "/home/fabrice/git/pycsl/scratchpad/w7/tmp/.pycsl_gwql3f_j.mlw", line 1596, characters 15-62:
Sub-goal postcondition of goal statementemissionmixin___handle_critical_section_stmt'vc.
Prover result is: Valid (0.01s, 10109 steps).

File "/home/fabrice/git/pycsl/scratchpad/w7/tmp/.pycsl_gwql3f_j.mlw", line 1592, characters 15-19:
Sub-goal postcondition of goal statementemissionmixin___handle_critical_section_stmt'vc.
Prover result is: Valid (0.01s, 9764 steps).

File "/home/fabrice/git/pycsl/scratchpad/w7/tmp/.pycsl_gwql3f_j.mlw", line 1593, characters 15-56:
Sub-goal postcondition of goal statementemissionmixin___handle_critical_section_stmt'vc.
Prover result is: Valid (0.01s, 9765 steps).

File "/home/fabrice/git/pycsl/scratchpad/w7/tmp/.pycsl_gwql3f_j.mlw", line 1594, characters 15-60:
Sub-goal postcondition of goal statementemissionmixin___handle_critical_section_stmt'vc.
Prover result is: Valid (0.01s, 9766 steps).

File "/home/fabrice/git/pycsl/scratchpad/w7/tmp/.pycsl_gwql3f_j.mlw", line 1595, characters 15-50:
Sub-goal postcondition of goal statementemissionmixin___handle_critical_section_stmt'vc.
Prover result is: Valid (0.01s, 9767 steps).

File "/home/fabrice/git/pycsl/scratchpad/w7/tmp/.pycsl_gwql3f_j.mlw", line 1596, characters 15-62:
Sub-goal postcondition of goal statementemissionmixin___handle_critical_section_stmt'vc.
Prover result is: Valid (0.01s, 9768 steps).

File "/home/fabrice/git/pycsl/scratchpad/w7/tmp/.pycsl_gwql3f_j.mlw", line 1592, characters 15-19:
Sub-goal postcondition of goal statementemissionmixin___handle_critical_section_stmt'vc.
Prover result is: Valid (0.01s, 9737 steps).

File "/home/fabrice/git/pycsl/scratchpad/w7/tmp/.pycsl_gwql3f_j.mlw", line 1593, characters 15-56:
Sub-goal postcondition of goal statementemissionmixin___handle_critical_section_stmt'vc.
Prover result is: Valid (0.02s, 9738 steps).

File "/home/fabrice/git/pycsl/scratchpad/w7/tmp/.pycsl_gwql3f_j.mlw", line 1594, characters 15-60:
Sub-goal postcondition of goal statementemissionmixin___handle_critical_section_stmt'vc.
Prover result is: Valid (0.01s, 9739 steps).

File "/home/fabrice/git/pycsl/scratchpad/w7/tmp/.pycsl_gwql3f_j.mlw", line 1595, characters 15-50:
Sub-goal postcondition of goal statementemissionmixin___handle_critical_section_stmt'vc.
Prover result is: Valid (0.02s, 9740 steps).

File "/home/fabrice/git/pycsl/scratchpad/w7/tmp/.pycsl_gwql3f_j.mlw", line 1596, characters 15-62:
Sub-goal postcondition of goal statementemissionmixin___handle_critical_section_stmt'vc.
Prover result is: Valid (0.01s, 9741 steps).

File "/home/fabrice/git/pycsl/scratchpad/w7/tmp/.pycsl_gwql3f_j.mlw", line 1673, characters 82-101:
Sub-goal array creation size of goal statementemissionmixin___handle_critical_section_stmt'vc.
Prover result is: Valid (0.02s, 16794 steps).

File "/home/fabrice/git/pycsl/scratchpad/w7/tmp/.pycsl_gwql3f_j.mlw", line 1592, characters 15-19:
Sub-goal postcondition of goal statementemissionmixin___handle_critical_section_stmt'vc.
Prover result is: Valid (0.01s, 18904 steps).

File "/home/fabrice/git/pycsl/scratchpad/w7/tmp/.pycsl_gwql3f_j.mlw", line 1593, characters 15-56:
Sub-goal postcondition of goal statementemissionmixin___handle_critical_section_stmt'vc.
Prover result is: Valid (0.03s, 142938 steps).

File "/home/fabrice/git/pycsl/scratchpad/w7/tmp/.pycsl_gwql3f_j.mlw", line 1594, characters 15-60:
Sub-goal postcondition of goal statementemissionmixin___handle_critical_section_stmt'vc.
Prover result is: Valid (0.04s, 142991 steps).

File "/home/fabrice/git/pycsl/scratchpad/w7/tmp/.pycsl_gwql3f_j.mlw", line 1595, characters 15-50:
Sub-goal postcondition of goal statementemissionmixin___handle_critical_section_stmt'vc.
Prover result is: Valid (0.04s, 143050 steps).

File "/home/fabrice/git/pycsl/scratchpad/w7/tmp/.pycsl_gwql3f_j.mlw", line 1596, characters 15-62:
Sub-goal postcondition of goal statementemissionmixin___handle_critical_section_stmt'vc.
Prover result is: Valid (0.04s, 143097 steps).

File "/home/fabrice/git/pycsl/scratchpad/w7/tmp/.pycsl_gwql3f_j.mlw", line 1592, characters 15-19:
Sub-goal postcondition of goal statementemissionmixin___handle_critical_section_stmt'vc.
Prover result is: Valid (0.02s, 18549 steps).

File "/home/fabrice/git/pycsl/scratchpad/w7/tmp/.pycsl_gwql3f_j.mlw", line 1593, characters 15-56:
Sub-goal postcondition of goal statementemissionmixin___handle_critical_section_stmt'vc.
Prover result is: Valid (0.04s, 140610 steps).

File "/home/fabrice/git/pycsl/scratchpad/w7/tmp/.pycsl_gwql3f_j.mlw", line 1594, characters 15-60:
Sub-goal postcondition of goal statementemissionmixin___handle_critical_section_stmt'vc.
Prover result is: Valid (0.04s, 140663 steps).

File "/home/fabrice/git/pycsl/scratchpad/w7/tmp/.pycsl_gwql3f_j.mlw", line 1595, characters 15-50:
Sub-goal postcondition of goal statementemissionmixin___handle_critical_section_stmt'vc.
Prover result is: Valid (0.04s, 140722 steps).

File "/home/fabrice/git/pycsl/scratchpad/w7/tmp/.pycsl_gwql3f_j.mlw", line 1596, characters 15-62:
Sub-goal postcondition of goal statementemissionmixin___handle_critical_section_stmt'vc.
Prover result is: Valid (0.04s, 140769 steps).

File "/home/fabrice/git/pycsl/scratchpad/w7/tmp/.pycsl_gwql3f_j.mlw", line 1592, characters 15-19:
Sub-goal postcondition of goal statementemissionmixin___handle_critical_section_stmt'vc.
Prover result is: Valid (0.02s, 18076 steps).

File "/home/fabrice/git/pycsl/scratchpad/w7/tmp/.pycsl_gwql3f_j.mlw", line 1593, characters 15-56:
Sub-goal postcondition of goal statementemissionmixin___handle_critical_section_stmt'vc.
Prover result is: Valid (0.02s, 136174 steps).

File "/home/fabrice/git/pycsl/scratchpad/w7/tmp/.pycsl_gwql3f_j.mlw", line 1594, characters 15-60:
Sub-goal postcondition of goal statementemissionmixin___handle_critical_section_stmt'vc.
Prover result is: Valid (0.02s, 136227 steps).

File "/home/fabrice/git/pycsl/scratchpad/w7/tmp/.pycsl_gwql3f_j.mlw", line 1595, characters 15-50:
Sub-goal postcondition of goal statementemissionmixin___handle_critical_section_stmt'vc.
Prover result is: Valid (0.05s, 235431 steps).

File "/home/fabrice/git/pycsl/scratchpad/w7/tmp/.pycsl_gwql3f_j.mlw", line 1596, characters 15-62:
Sub-goal postcondition of goal statementemissionmixin___handle_critical_section_stmt'vc.
Prover result is: Valid (0.03s, 136333 steps).

File "/home/fabrice/git/pycsl/scratchpad/w7/tmp/.pycsl_gwql3f_j.mlw", line 1592, characters 15-19:
Sub-goal postcondition of goal statementemissionmixin___handle_critical_section_stmt'vc.
Prover result is: Valid (0.01s, 17721 steps).

File "/home/fabrice/git/pycsl/scratchpad/w7/tmp/.pycsl_gwql3f_j.mlw", line 1593, characters 15-56:
Sub-goal postcondition of goal statementemissionmixin___handle_critical_section_stmt'vc.
Prover result is: Valid (0.02s, 133846 steps).

File "/home/fabrice/git/pycsl/scratchpad/w7/tmp/.pycsl_gwql3f_j.mlw", line 1594, characters 15-60:
Sub-goal postcondition of goal statementemissionmixin___handle_critical_section_stmt'vc.
Prover result is: Valid (0.03s, 133899 steps).

File "/home/fabrice/git/pycsl/scratchpad/w7/tmp/.pycsl_gwql3f_j.mlw", line 1595, characters 15-50:
Sub-goal postcondition of goal statementemissionmixin___handle_critical_section_stmt'vc.
Prover result is: Valid (0.04s, 231863 steps).

File "/home/fabrice/git/pycsl/scratchpad/w7/tmp/.pycsl_gwql3f_j.mlw", line 1596, characters 15-62:
Sub-goal postcondition of goal statementemissionmixin___handle_critical_section_stmt'vc.
Prover result is: Valid (0.02s, 134005 steps).

File "/home/fabrice/git/pycsl/scratchpad/w7/tmp/.pycsl_gwql3f_j.mlw", line 1592, characters 15-19:
Sub-goal postcondition of goal statementemissionmixin___handle_critical_section_stmt'vc.
Prover result is: Valid (0.01s, 10130 steps).

File "/home/fabrice/git/pycsl/scratchpad/w7/tmp/.pycsl_gwql3f_j.mlw", line 1593, characters 15-56:
Sub-goal postcondition of goal statementemissionmixin___handle_critical_section_stmt'vc.
Prover result is: Valid (0.01s, 10131 steps).

File "/home/fabrice/git/pycsl/scratchpad/w7/tmp/.pycsl_gwql3f_j.mlw", line 1594, characters 15-60:
Sub-goal postcondition of goal statementemissionmixin___handle_critical_section_stmt'vc.
Prover result is: Valid (0.01s, 10132 steps).

File "/home/fabrice/git/pycsl/scratchpad/w7/tmp/.pycsl_gwql3f_j.mlw", line 1595, characters 15-50:
Sub-goal postcondition of goal statementemissionmixin___handle_critical_section_stmt'vc.
Prover result is: Valid (0.01s, 10133 steps).

File "/home/fabrice/git/pycsl/scratchpad/w7/tmp/.pycsl_gwql3f_j.mlw", line 1596, characters 15-62:
Sub-goal postcondition of goal statementemissionmixin___handle_critical_section_stmt'vc.
Prover result is: Valid (0.01s, 10134 steps).

File "/home/fabrice/git/pycsl/scratchpad/w7/tmp/.pycsl_gwql3f_j.mlw", line 1592, characters 15-19:
Sub-goal postcondition of goal statementemissionmixin___handle_critical_section_stmt'vc.
Prover result is: Valid (0.01s, 10103 steps).

File "/home/fabrice/git/pycsl/scratchpad/w7/tmp/.pycsl_gwql3f_j.mlw", line 1593, characters 15-56:
Sub-goal postcondition of goal statementemissionmixin___handle_critical_section_stmt'vc.
Prover result is: Valid (0.01s, 10104 steps).

File "/home/fabrice/git/pycsl/scratchpad/w7/tmp/.pycsl_gwql3f_j.mlw", line 1594, characters 15-60:
Sub-goal postcondition of goal statementemissionmixin___handle_critical_section_stmt'vc.
Prover result is: Valid (0.01s, 10105 steps).

File "/home/fabrice/git/pycsl/scratchpad/w7/tmp/.pycsl_gwql3f_j.mlw", line 1595, characters 15-50:
Sub-goal postcondition of goal statementemissionmixin___handle_critical_section_stmt'vc.
Prover result is: Valid (0.01s, 10106 steps).

File "/home/fabrice/git/pycsl/scratchpad/w7/tmp/.pycsl_gwql3f_j.mlw", line 1596, characters 15-62:
Sub-goal postcondition of goal statementemissionmixin___handle_critical_section_stmt'vc.
Prover result is: Valid (0.01s, 10107 steps).

File "/home/fabrice/git/pycsl/scratchpad/w7/tmp/.pycsl_gwql3f_j.mlw", line 1592, characters 15-19:
Sub-goal postcondition of goal statementemissionmixin___handle_critical_section_stmt'vc.
Prover result is: Valid (0.01s, 9762 steps).

File "/home/fabrice/git/pycsl/scratchpad/w7/tmp/.pycsl_gwql3f_j.mlw", line 1593, characters 15-56:
Sub-goal postcondition of goal statementemissionmixin___handle_critical_section_stmt'vc.
Prover result is: Valid (0.01s, 9763 steps).

File "/home/fabrice/git/pycsl/scratchpad/w7/tmp/.pycsl_gwql3f_j.mlw", line 1594, characters 15-60:
Sub-goal postcondition of goal statementemissionmixin___handle_critical_section_stmt'vc.
Prover result is: Valid (0.01s, 9764 steps).

File "/home/fabrice/git/pycsl/scratchpad/w7/tmp/.pycsl_gwql3f_j.mlw", line 1595, characters 15-50:
Sub-goal postcondition of goal statementemissionmixin___handle_critical_section_stmt'vc.
Prover result is: Valid (0.01s, 9765 steps).

File "/home/fabrice/git/pycsl/scratchpad/w7/tmp/.pycsl_gwql3f_j.mlw", line 1596, characters 15-62:
Sub-goal postcondition of goal statementemissionmixin___handle_critical_section_stmt'vc.
Prover result is: Valid (0.01s, 9766 steps).

File "/home/fabrice/git/pycsl/scratchpad/w7/tmp/.pycsl_gwql3f_j.mlw", line 1592, characters 15-19:
Sub-goal postcondition of goal statementemissionmixin___handle_critical_section_stmt'vc.
Prover result is: Valid (0.01s, 9735 steps).

File "/home/fabrice/git/pycsl/scratchpad/w7/tmp/.pycsl_gwql3f_j.mlw", line 1593, characters 15-56:
Sub-goal postcondition of goal statementemissionmixin___handle_critical_section_stmt'vc.
Prover result is: Valid (0.01s, 9736 steps).

File "/home/fabrice/git/pycsl/scratchpad/w7/tmp/.pycsl_gwql3f_j.mlw", line 1594, characters 15-60:
Sub-goal postcondition of goal statementemissionmixin___handle_critical_section_stmt'vc.
Prover result is: Valid (0.01s, 9737 steps).

File "/home/fabrice/git/pycsl/scratchpad/w7/tmp/.pycsl_gwql3f_j.mlw", line 1595, characters 15-50:
Sub-goal postcondition of goal statementemissionmixin___handle_critical_section_stmt'vc.
Prover result is: Valid (0.01s, 9738 steps).

File "/home/fabrice/git/pycsl/scratchpad/w7/tmp/.pycsl_gwql3f_j.mlw", line 1596, characters 15-62:
Sub-goal postcondition of goal statementemissionmixin___handle_critical_section_stmt'vc.
Prover result is: Valid (0.01s, 9739 steps).

File "/home/fabrice/git/pycsl/scratchpad/w7/tmp/.pycsl_gwql3f_j.mlw", line 1673, characters 82-101:
Sub-goal array creation size of goal statementemissionmixin___handle_critical_section_stmt'vc.
Prover result is: Valid (0.01s, 8505 steps).

File "/home/fabrice/git/pycsl/scratchpad/w7/tmp/.pycsl_gwql3f_j.mlw", line 1592, characters 15-19:
Sub-goal postcondition of goal statementemissionmixin___handle_critical_section_stmt'vc.
Prover result is: Valid (0.01s, 9077 steps).

File "/home/fabrice/git/pycsl/scratchpad/w7/tmp/.pycsl_gwql3f_j.mlw", line 1593, characters 15-56:
Sub-goal postcondition of goal statementemissionmixin___handle_critical_section_stmt'vc.
Prover result is: Valid (0.01s, 9078 steps).

File "/home/fabrice/git/pycsl/scratchpad/w7/tmp/.pycsl_gwql3f_j.mlw", line 1594, characters 15-60:
Sub-goal postcondition of goal statementemissionmixin___handle_critical_section_stmt'vc.
Prover result is: Valid (0.01s, 9079 steps).

File "/home/fabrice/git/pycsl/scratchpad/w7/tmp/.pycsl_gwql3f_j.mlw", line 1595, characters 15-50:
Sub-goal postcondition of goal statementemissionmixin___handle_critical_section_stmt'vc.
Prover result is: Valid (0.01s, 9080 steps).

File "/home/fabrice/git/pycsl/scratchpad/w7/tmp/.pycsl_gwql3f_j.mlw", line 1596, characters 15-62:
Sub-goal postcondition of goal statementemissionmixin___handle_critical_section_stmt'vc.
Prover result is: Valid (0.01s, 9081 steps).

File "/home/fabrice/git/pycsl/scratchpad/w7/tmp/.pycsl_gwql3f_j.mlw", line 1592, characters 15-19:
Sub-goal postcondition of goal statementemissionmixin___handle_critical_section_stmt'vc.
Prover result is: Valid (0.01s, 9050 steps).

File "/home/fabrice/git/pycsl/scratchpad/w7/tmp/.pycsl_gwql3f_j.mlw", line 1593, characters 15-56:
Sub-goal postcondition of goal statementemissionmixin___handle_critical_section_stmt'vc.
Prover result is: Valid (0.01s, 9051 steps).

File "/home/fabrice/git/pycsl/scratchpad/w7/tmp/.pycsl_gwql3f_j.mlw", line 1594, characters 15-60:
Sub-goal postcondition of goal statementemissionmixin___handle_critical_section_stmt'vc.
Prover result is: Valid (0.01s, 9052 steps).

File "/home/fabrice/git/pycsl/scratchpad/w7/tmp/.pycsl_gwql3f_j.mlw", line 1595, characters 15-50:
Sub-goal postcondition of goal statementemissionmixin___handle_critical_section_stmt'vc.
Prover result is: Valid (0.01s, 9053 steps).

File "/home/fabrice/git/pycsl/scratchpad/w7/tmp/.pycsl_gwql3f_j.mlw", line 1596, characters 15-62:
Sub-goal postcondition of goal statementemissionmixin___handle_critical_section_stmt'vc.
Prover result is: Valid (0.01s, 9054 steps).

File "/home/fabrice/git/pycsl/scratchpad/w7/tmp/.pycsl_gwql3f_j.mlw", line 1592, characters 15-19:
Sub-goal postcondition of goal statementemissionmixin___handle_critical_section_stmt'vc.
Prover result is: Valid (0.02s, 8709 steps).

File "/home/fabrice/git/pycsl/scratchpad/w7/tmp/.pycsl_gwql3f_j.mlw", line 1593, characters 15-56:
Sub-goal postcondition of goal statementemissionmixin___handle_critical_section_stmt'vc.
Prover result is: Valid (0.01s, 8710 steps).

File "/home/fabrice/git/pycsl/scratchpad/w7/tmp/.pycsl_gwql3f_j.mlw", line 1594, characters 15-60:
Sub-goal postcondition of goal statementemissionmixin___handle_critical_section_stmt'vc.
Prover result is: Valid (0.01s, 8711 steps).

File "/home/fabrice/git/pycsl/scratchpad/w7/tmp/.pycsl_gwql3f_j.mlw", line 1595, characters 15-50:
Sub-goal postcondition of goal statementemissionmixin___handle_critical_section_stmt'vc.
Prover result is: Valid (0.01s, 8712 steps).

File "/home/fabrice/git/pycsl/scratchpad/w7/tmp/.pycsl_gwql3f_j.mlw", line 1596, characters 15-62:
Sub-goal postcondition of goal statementemissionmixin___handle_critical_section_stmt'vc.
Prover result is: Valid (0.01s, 8713 steps).

File "/home/fabrice/git/pycsl/scratchpad/w7/tmp/.pycsl_gwql3f_j.mlw", line 1592, characters 15-19:
Sub-goal postcondition of goal statementemissionmixin___handle_critical_section_stmt'vc.
Prover result is: Valid (0.01s, 8682 steps).

File "/home/fabrice/git/pycsl/scratchpad/w7/tmp/.pycsl_gwql3f_j.mlw", line 1593, characters 15-56:
Sub-goal postcondition of goal statementemissionmixin___handle_critical_section_stmt'vc.
Prover result is: Valid (0.01s, 8683 steps).

File "/home/fabrice/git/pycsl/scratchpad/w7/tmp/.pycsl_gwql3f_j.mlw", line 1594, characters 15-60:
Sub-goal postcondition of goal statementemissionmixin___handle_critical_section_stmt'vc.
Prover result is: Valid (0.02s, 8684 steps).

File "/home/fabrice/git/pycsl/scratchpad/w7/tmp/.pycsl_gwql3f_j.mlw", line 1595, characters 15-50:
Sub-goal postcondition of goal statementemissionmixin___handle_critical_section_stmt'vc.
Prover result is: Valid (0.01s, 8685 steps).

File "/home/fabrice/git/pycsl/scratchpad/w7/tmp/.pycsl_gwql3f_j.mlw", line 1596, characters 15-62:
Sub-goal postcondition of goal statementemissionmixin___handle_critical_section_stmt'vc.
Prover result is: Valid (0.01s, 8686 steps).

File "/home/fabrice/git/pycsl/scratchpad/w7/tmp/.pycsl_gwql3f_j.mlw", line 1592, characters 15-19:
Sub-goal postcondition of goal statementemissionmixin___handle_critical_section_stmt'vc.
Prover result is: Valid (0.01s, 8984 steps).

File "/home/fabrice/git/pycsl/scratchpad/w7/tmp/.pycsl_gwql3f_j.mlw", line 1593, characters 15-56:
Sub-goal postcondition of goal statementemissionmixin___handle_critical_section_stmt'vc.
Prover result is: Valid (0.02s, 8985 steps).

File "/home/fabrice/git/pycsl/scratchpad/w7/tmp/.pycsl_gwql3f_j.mlw", line 1594, characters 15-60:
Sub-goal postcondition of goal statementemissionmixin___handle_critical_section_stmt'vc.
Prover result is: Valid (0.01s, 8986 steps).

File "/home/fabrice/git/pycsl/scratchpad/w7/tmp/.pycsl_gwql3f_j.mlw", line 1595, characters 15-50:
Sub-goal postcondition of goal statementemissionmixin___handle_critical_section_stmt'vc.
Prover result is: Valid (0.02s, 8987 steps).

File "/home/fabrice/git/pycsl/scratchpad/w7/tmp/.pycsl_gwql3f_j.mlw", line 1596, characters 15-62:
Sub-goal postcondition of goal statementemissionmixin___handle_critical_section_stmt'vc.
Prover result is: Valid (0.01s, 8988 steps).

File "/home/fabrice/git/pycsl/scratchpad/w7/tmp/.pycsl_gwql3f_j.mlw", line 1592, characters 15-19:
Sub-goal postcondition of goal statementemissionmixin___handle_critical_section_stmt'vc.
Prover result is: Valid (0.01s, 8957 steps).

File "/home/fabrice/git/pycsl/scratchpad/w7/tmp/.pycsl_gwql3f_j.mlw", line 1593, characters 15-56:
Sub-goal postcondition of goal statementemissionmixin___handle_critical_section_stmt'vc.
Prover result is: Valid (0.01s, 8958 steps).

File "/home/fabrice/git/pycsl/scratchpad/w7/tmp/.pycsl_gwql3f_j.mlw", line 1594, characters 15-60:
Sub-goal postcondition of goal statementemissionmixin___handle_critical_section_stmt'vc.
Prover result is: Valid (0.01s, 8959 steps).

File "/home/fabrice/git/pycsl/scratchpad/w7/tmp/.pycsl_gwql3f_j.mlw", line 1595, characters 15-50:
Sub-goal postcondition of goal statementemissionmixin___handle_critical_section_stmt'vc.
Prover result is: Valid (0.01s, 8960 steps).

File "/home/fabrice/git/pycsl/scratchpad/w7/tmp/.pycsl_gwql3f_j.mlw", line 1596, characters 15-62:
Sub-goal postcondition of goal statementemissionmixin___handle_critical_section_stmt'vc.
Prover result is: Valid (0.01s, 8961 steps).

File "/home/fabrice/git/pycsl/scratchpad/w7/tmp/.pycsl_gwql3f_j.mlw", line 1592, characters 15-19:
Sub-goal postcondition of goal statementemissionmixin___handle_critical_section_stmt'vc.
Prover result is: Valid (0.01s, 8616 steps).

File "/home/fabrice/git/pycsl/scratchpad/w7/tmp/.pycsl_gwql3f_j.mlw", line 1593, characters 15-56:
Sub-goal postcondition of goal statementemissionmixin___handle_critical_section_stmt'vc.
Prover result is: Valid (0.01s, 8617 steps).

File "/home/fabrice/git/pycsl/scratchpad/w7/tmp/.pycsl_gwql3f_j.mlw", line 1594, characters 15-60:
Sub-goal postcondition of goal statementemissionmixin___handle_critical_section_stmt'vc.
Prover result is: Valid (0.01s, 8618 steps).

File "/home/fabrice/git/pycsl/scratchpad/w7/tmp/.pycsl_gwql3f_j.mlw", line 1595, characters 15-50:
Sub-goal postcondition of goal statementemissionmixin___handle_critical_section_stmt'vc.
Prover result is: Valid (0.01s, 8619 steps).

File "/home/fabrice/git/pycsl/scratchpad/w7/tmp/.pycsl_gwql3f_j.mlw", line 1596, characters 15-62:
Sub-goal postcondition of goal statementemissionmixin___handle_critical_section_stmt'vc.
Prover result is: Valid (0.01s, 8620 steps).

File "/home/fabrice/git/pycsl/scratchpad/w7/tmp/.pycsl_gwql3f_j.mlw", line 1592, characters 15-19:
Sub-goal postcondition of goal statementemissionmixin___handle_critical_section_stmt'vc.
Prover result is: Valid (0.01s, 8589 steps).

File "/home/fabrice/git/pycsl/scratchpad/w7/tmp/.pycsl_gwql3f_j.mlw", line 1593, characters 15-56:
Sub-goal postcondition of goal statementemissionmixin___handle_critical_section_stmt'vc.
Prover result is: Valid (0.01s, 8590 steps).

File "/home/fabrice/git/pycsl/scratchpad/w7/tmp/.pycsl_gwql3f_j.mlw", line 1594, characters 15-60:
Sub-goal postcondition of goal statementemissionmixin___handle_critical_section_stmt'vc.
Prover result is: Valid (0.01s, 8591 steps).

File "/home/fabrice/git/pycsl/scratchpad/w7/tmp/.pycsl_gwql3f_j.mlw", line 1595, characters 15-50:
Sub-goal postcondition of goal statementemissionmixin___handle_critical_section_stmt'vc.
Prover result is: Valid (0.01s, 8592 steps).

File "/home/fabrice/git/pycsl/scratchpad/w7/tmp/.pycsl_gwql3f_j.mlw", line 1596, characters 15-62:
Sub-goal postcondition of goal statementemissionmixin___handle_critical_section_stmt'vc.
Prover result is: Valid (0.01s, 8593 steps).

File "/home/fabrice/git/pycsl/scratchpad/w7/tmp/.pycsl_gwql3f_j.mlw", line 1673, characters 82-101:
Sub-goal array creation size of goal statementemissionmixin___handle_critical_section_stmt'vc.
Prover result is: Valid (0.01s, 16704 steps).

File "/home/fabrice/git/pycsl/scratchpad/w7/tmp/.pycsl_gwql3f_j.mlw", line 1592, characters 15-19:
Sub-goal postcondition of goal statementemissionmixin___handle_critical_section_stmt'vc.
Prover result is: Valid (0.01s, 18814 steps).

File "/home/fabrice/git/pycsl/scratchpad/w7/tmp/.pycsl_gwql3f_j.mlw", line 1593, characters 15-56:
Sub-goal postcondition of goal statementemissionmixin___handle_critical_section_stmt'vc.
Prover result is: Valid (0.02s, 40166 steps).

File "/home/fabrice/git/pycsl/scratchpad/w7/tmp/.pycsl_gwql3f_j.mlw", line 1594, characters 15-60:
Sub-goal postcondition of goal statementemissionmixin___handle_critical_section_stmt'vc.
Prover result is: Valid (0.03s, 40179 steps).

File "/home/fabrice/git/pycsl/scratchpad/w7/tmp/.pycsl_gwql3f_j.mlw", line 1595, characters 15-50:
Sub-goal postcondition of goal statementemissionmixin___handle_critical_section_stmt'vc.
Prover result is: Valid (0.02s, 40192 steps).

File "/home/fabrice/git/pycsl/scratchpad/w7/tmp/.pycsl_gwql3f_j.mlw", line 1596, characters 15-62:
Sub-goal postcondition of goal statementemissionmixin___handle_critical_section_stmt'vc.
Prover result is: Valid (0.03s, 40205 steps).

File "/home/fabrice/git/pycsl/scratchpad/w7/tmp/.pycsl_gwql3f_j.mlw", line 1592, characters 15-19:
Sub-goal postcondition of goal statementemissionmixin___handle_critical_section_stmt'vc.
Prover result is: Valid (0.02s, 18459 steps).

File "/home/fabrice/git/pycsl/scratchpad/w7/tmp/.pycsl_gwql3f_j.mlw", line 1593, characters 15-56:
Sub-goal postcondition of goal statementemissionmixin___handle_critical_section_stmt'vc.
Prover result is: Valid (0.03s, 39603 steps).

File "/home/fabrice/git/pycsl/scratchpad/w7/tmp/.pycsl_gwql3f_j.mlw", line 1594, characters 15-60:
Sub-goal postcondition of goal statementemissionmixin___handle_critical_section_stmt'vc.
Prover result is: Valid (0.02s, 39616 steps).

File "/home/fabrice/git/pycsl/scratchpad/w7/tmp/.pycsl_gwql3f_j.mlw", line 1595, characters 15-50:
Sub-goal postcondition of goal statementemissionmixin___handle_critical_section_stmt'vc.
Prover result is: Valid (0.02s, 39629 steps).

File "/home/fabrice/git/pycsl/scratchpad/w7/tmp/.pycsl_gwql3f_j.mlw", line 1596, characters 15-62:
Sub-goal postcondition of goal statementemissionmixin___handle_critical_section_stmt'vc.
Prover result is: Valid (0.02s, 39642 steps).

File "/home/fabrice/git/pycsl/scratchpad/w7/tmp/.pycsl_gwql3f_j.mlw", line 1592, characters 15-19:
Sub-goal postcondition of goal statementemissionmixin___handle_critical_section_stmt'vc.
Prover result is: Valid (0.01s, 17986 steps).

File "/home/fabrice/git/pycsl/scratchpad/w7/tmp/.pycsl_gwql3f_j.mlw", line 1593, characters 15-56:
Sub-goal postcondition of goal statementemissionmixin___handle_critical_section_stmt'vc.
Prover result is: Valid (0.02s, 37504 steps).

File "/home/fabrice/git/pycsl/scratchpad/w7/tmp/.pycsl_gwql3f_j.mlw", line 1594, characters 15-60:
Sub-goal postcondition of goal statementemissionmixin___handle_critical_section_stmt'vc.
Prover result is: Valid (0.02s, 37517 steps).

File "/home/fabrice/git/pycsl/scratchpad/w7/tmp/.pycsl_gwql3f_j.mlw", line 1595, characters 15-50:
Sub-goal postcondition of goal statementemissionmixin___handle_critical_section_stmt'vc.
Prover result is: Valid (0.02s, 37530 steps).

File "/home/fabrice/git/pycsl/scratchpad/w7/tmp/.pycsl_gwql3f_j.mlw", line 1596, characters 15-62:
Sub-goal postcondition of goal statementemissionmixin___handle_critical_section_stmt'vc.
Prover result is: Valid (0.02s, 37543 steps).

File "/home/fabrice/git/pycsl/scratchpad/w7/tmp/.pycsl_gwql3f_j.mlw", line 1592, characters 15-19:
Sub-goal postcondition of goal statementemissionmixin___handle_critical_section_stmt'vc.
Prover result is: Valid (0.02s, 17631 steps).

File "/home/fabrice/git/pycsl/scratchpad/w7/tmp/.pycsl_gwql3f_j.mlw", line 1593, characters 15-56:
Sub-goal postcondition of goal statementemissionmixin___handle_critical_section_stmt'vc.
Prover result is: Valid (0.01s, 36941 steps).

File "/home/fabrice/git/pycsl/scratchpad/w7/tmp/.pycsl_gwql3f_j.mlw", line 1594, characters 15-60:
Sub-goal postcondition of goal statementemissionmixin___handle_critical_section_stmt'vc.
Prover result is: Valid (0.02s, 36954 steps).

File "/home/fabrice/git/pycsl/scratchpad/w7/tmp/.pycsl_gwql3f_j.mlw", line 1595, characters 15-50:
Sub-goal postcondition of goal statementemissionmixin___handle_critical_section_stmt'vc.
Prover result is: Valid (0.02s, 36967 steps).

File "/home/fabrice/git/pycsl/scratchpad/w7/tmp/.pycsl_gwql3f_j.mlw", line 1596, characters 15-62:
Sub-goal postcondition of goal statementemissionmixin___handle_critical_section_stmt'vc.
Prover result is: Valid (0.02s, 36980 steps).

File "/home/fabrice/git/pycsl/scratchpad/w7/tmp/.pycsl_gwql3f_j.mlw", line 1592, characters 15-19:
Sub-goal postcondition of goal statementemissionmixin___handle_critical_section_stmt'vc.
Prover result is: Valid (0.01s, 10082 steps).

File "/home/fabrice/git/pycsl/scratchpad/w7/tmp/.pycsl_gwql3f_j.mlw", line 1593, characters 15-56:
Sub-goal postcondition of goal statementemissionmixin___handle_critical_section_stmt'vc.
Prover result is: Valid (0.01s, 10083 steps).

File "/home/fabrice/git/pycsl/scratchpad/w7/tmp/.pycsl_gwql3f_j.mlw", line 1594, characters 15-60:
Sub-goal postcondition of goal statementemissionmixin___handle_critical_section_stmt'vc.
Prover result is: Valid (0.02s, 10084 steps).

File "/home/fabrice/git/pycsl/scratchpad/w7/tmp/.pycsl_gwql3f_j.mlw", line 1595, characters 15-50:
Sub-goal postcondition of goal statementemissionmixin___handle_critical_section_stmt'vc.
Prover result is: Valid (0.01s, 10085 steps).

File "/home/fabrice/git/pycsl/scratchpad/w7/tmp/.pycsl_gwql3f_j.mlw", line 1596, characters 15-62:
Sub-goal postcondition of goal statementemissionmixin___handle_critical_section_stmt'vc.
Prover result is: Valid (0.02s, 10086 steps).

File "/home/fabrice/git/pycsl/scratchpad/w7/tmp/.pycsl_gwql3f_j.mlw", line 1592, characters 15-19:
Sub-goal postcondition of goal statementemissionmixin___handle_critical_section_stmt'vc.
Prover result is: Valid (0.01s, 10055 steps).

File "/home/fabrice/git/pycsl/scratchpad/w7/tmp/.pycsl_gwql3f_j.mlw", line 1593, characters 15-56:
Sub-goal postcondition of goal statementemissionmixin___handle_critical_section_stmt'vc.
Prover result is: Valid (0.01s, 10056 steps).

File "/home/fabrice/git/pycsl/scratchpad/w7/tmp/.pycsl_gwql3f_j.mlw", line 1594, characters 15-60:
Sub-goal postcondition of goal statementemissionmixin___handle_critical_section_stmt'vc.
Prover result is: Valid (0.02s, 10057 steps).

File "/home/fabrice/git/pycsl/scratchpad/w7/tmp/.pycsl_gwql3f_j.mlw", line 1595, characters 15-50:
Sub-goal postcondition of goal statementemissionmixin___handle_critical_section_stmt'vc.
Prover result is: Valid (0.01s, 10058 steps).

File "/home/fabrice/git/pycsl/scratchpad/w7/tmp/.pycsl_gwql3f_j.mlw", line 1596, characters 15-62:
Sub-goal postcondition of goal statementemissionmixin___handle_critical_section_stmt'vc.
Prover result is: Valid (0.01s, 10059 steps).

File "/home/fabrice/git/pycsl/scratchpad/w7/tmp/.pycsl_gwql3f_j.mlw", line 1592, characters 15-19:
Sub-goal postcondition of goal statementemissionmixin___handle_critical_section_stmt'vc.
Prover result is: Valid (0.01s, 9714 steps).

File "/home/fabrice/git/pycsl/scratchpad/w7/tmp/.pycsl_gwql3f_j.mlw", line 1593, characters 15-56:
Sub-goal postcondition of goal statementemissionmixin___handle_critical_section_stmt'vc.
Prover result is: Valid (0.01s, 9715 steps).

File "/home/fabrice/git/pycsl/scratchpad/w7/tmp/.pycsl_gwql3f_j.mlw", line 1594, characters 15-60:
Sub-goal postcondition of goal statementemissionmixin___handle_critical_section_stmt'vc.
Prover result is: Valid (0.01s, 9716 steps).

File "/home/fabrice/git/pycsl/scratchpad/w7/tmp/.pycsl_gwql3f_j.mlw", line 1595, characters 15-50:
Sub-goal postcondition of goal statementemissionmixin___handle_critical_section_stmt'vc.
Prover result is: Valid (0.01s, 9717 steps).

File "/home/fabrice/git/pycsl/scratchpad/w7/tmp/.pycsl_gwql3f_j.mlw", line 1596, characters 15-62:
Sub-goal postcondition of goal statementemissionmixin___handle_critical_section_stmt'vc.
Prover result is: Valid (0.01s, 9718 steps).

File "/home/fabrice/git/pycsl/scratchpad/w7/tmp/.pycsl_gwql3f_j.mlw", line 1592, characters 15-19:
Sub-goal postcondition of goal statementemissionmixin___handle_critical_section_stmt'vc.
Prover result is: Valid (0.01s, 9687 steps).

File "/home/fabrice/git/pycsl/scratchpad/w7/tmp/.pycsl_gwql3f_j.mlw", line 1593, characters 15-56:
Sub-goal postcondition of goal statementemissionmixin___handle_critical_section_stmt'vc.
Prover result is: Valid (0.01s, 9688 steps).

File "/home/fabrice/git/pycsl/scratchpad/w7/tmp/.pycsl_gwql3f_j.mlw", line 1594, characters 15-60:
Sub-goal postcondition of goal statementemissionmixin___handle_critical_section_stmt'vc.
Prover result is: Valid (0.01s, 9689 steps).

File "/home/fabrice/git/pycsl/scratchpad/w7/tmp/.pycsl_gwql3f_j.mlw", line 1595, characters 15-50:
Sub-goal postcondition of goal statementemissionmixin___handle_critical_section_stmt'vc.
Prover result is: Valid (0.01s, 9690 steps).

File "/home/fabrice/git/pycsl/scratchpad/w7/tmp/.pycsl_gwql3f_j.mlw", line 1596, characters 15-62:
Sub-goal postcondition of goal statementemissionmixin___handle_critical_section_stmt'vc.
Prover result is: Valid (0.01s, 9691 steps).

File "/home/fabrice/git/pycsl/scratchpad/w7/tmp/.pycsl_gwql3f_j.mlw", line 1673, characters 82-101:
Sub-goal array creation size of goal statementemissionmixin___handle_critical_section_stmt'vc.
Prover result is: Valid (0.01s, 16702 steps).

File "/home/fabrice/git/pycsl/scratchpad/w7/tmp/.pycsl_gwql3f_j.mlw", line 1592, characters 15-19:
Sub-goal postcondition of goal statementemissionmixin___handle_critical_section_stmt'vc.
Prover result is: Valid (0.01s, 18812 steps).

File "/home/fabrice/git/pycsl/scratchpad/w7/tmp/.pycsl_gwql3f_j.mlw", line 1593, characters 15-56:
Sub-goal postcondition of goal statementemissionmixin___handle_critical_section_stmt'vc.
Prover result is: Valid (0.02s, 141618 steps).

File "/home/fabrice/git/pycsl/scratchpad/w7/tmp/.pycsl_gwql3f_j.mlw", line 1594, characters 15-60:
Sub-goal postcondition of goal statementemissionmixin___handle_critical_section_stmt'vc.
Prover result is: Valid (0.03s, 141671 steps).

File "/home/fabrice/git/pycsl/scratchpad/w7/tmp/.pycsl_gwql3f_j.mlw", line 1595, characters 15-50:
Sub-goal postcondition of goal statementemissionmixin___handle_critical_section_stmt'vc.
Prover result is: Valid (0.02s, 141730 steps).

File "/home/fabrice/git/pycsl/scratchpad/w7/tmp/.pycsl_gwql3f_j.mlw", line 1596, characters 15-62:
Sub-goal postcondition of goal statementemissionmixin___handle_critical_section_stmt'vc.
Prover result is: Valid (0.02s, 141777 steps).

File "/home/fabrice/git/pycsl/scratchpad/w7/tmp/.pycsl_gwql3f_j.mlw", line 1592, characters 15-19:
Sub-goal postcondition of goal statementemissionmixin___handle_critical_section_stmt'vc.
Prover result is: Valid (0.02s, 18457 steps).

File "/home/fabrice/git/pycsl/scratchpad/w7/tmp/.pycsl_gwql3f_j.mlw", line 1593, characters 15-56:
Sub-goal postcondition of goal statementemissionmixin___handle_critical_section_stmt'vc.
Prover result is: Valid (0.03s, 139290 steps).

File "/home/fabrice/git/pycsl/scratchpad/w7/tmp/.pycsl_gwql3f_j.mlw", line 1594, characters 15-60:
Sub-goal postcondition of goal statementemissionmixin___handle_critical_section_stmt'vc.
Prover result is: Valid (0.04s, 139343 steps).

File "/home/fabrice/git/pycsl/scratchpad/w7/tmp/.pycsl_gwql3f_j.mlw", line 1595, characters 15-50:
Sub-goal postcondition of goal statementemissionmixin___handle_critical_section_stmt'vc.
Prover result is: Valid (0.04s, 139402 steps).

File "/home/fabrice/git/pycsl/scratchpad/w7/tmp/.pycsl_gwql3f_j.mlw", line 1596, characters 15-62:
Sub-goal postcondition of goal statementemissionmixin___handle_critical_section_stmt'vc.
Prover result is: Valid (0.03s, 139449 steps).

File "/home/fabrice/git/pycsl/scratchpad/w7/tmp/.pycsl_gwql3f_j.mlw", line 1592, characters 15-19:
Sub-goal postcondition of goal statementemissionmixin___handle_critical_section_stmt'vc.
Prover result is: Valid (0.01s, 17984 steps).

File "/home/fabrice/git/pycsl/scratchpad/w7/tmp/.pycsl_gwql3f_j.mlw", line 1593, characters 15-56:
Sub-goal postcondition of goal statementemissionmixin___handle_critical_section_stmt'vc.
Prover result is: Valid (0.04s, 134837 steps).

File "/home/fabrice/git/pycsl/scratchpad/w7/tmp/.pycsl_gwql3f_j.mlw", line 1594, characters 15-60:
Sub-goal postcondition of goal statementemissionmixin___handle_critical_section_stmt'vc.
Prover result is: Valid (0.04s, 134890 steps).

File "/home/fabrice/git/pycsl/scratchpad/w7/tmp/.pycsl_gwql3f_j.mlw", line 1595, characters 15-50:
Sub-goal postcondition of goal statementemissionmixin___handle_critical_section_stmt'vc.
Prover result is: Valid (0.06s, 232359 steps).

File "/home/fabrice/git/pycsl/scratchpad/w7/tmp/.pycsl_gwql3f_j.mlw", line 1596, characters 15-62:
Sub-goal postcondition of goal statementemissionmixin___handle_critical_section_stmt'vc.
Prover result is: Valid (0.04s, 134996 steps).

File "/home/fabrice/git/pycsl/scratchpad/w7/tmp/.pycsl_gwql3f_j.mlw", line 1592, characters 15-19:
Sub-goal postcondition of goal statementemissionmixin___handle_critical_section_stmt'vc.
Prover result is: Valid (0.01s, 17629 steps).

File "/home/fabrice/git/pycsl/scratchpad/w7/tmp/.pycsl_gwql3f_j.mlw", line 1593, characters 15-56:
Sub-goal postcondition of goal statementemissionmixin___handle_critical_section_stmt'vc.
Prover result is: Valid (0.04s, 132509 steps).

File "/home/fabrice/git/pycsl/scratchpad/w7/tmp/.pycsl_gwql3f_j.mlw", line 1594, characters 15-60:
Sub-goal postcondition of goal statementemissionmixin___handle_critical_section_stmt'vc.
Prover result is: Valid (0.04s, 132562 steps).

File "/home/fabrice/git/pycsl/scratchpad/w7/tmp/.pycsl_gwql3f_j.mlw", line 1595, characters 15-50:
Sub-goal postcondition of goal statementemissionmixin___handle_critical_section_stmt'vc.
Prover result is: Valid (0.06s, 228791 steps).

File "/home/fabrice/git/pycsl/scratchpad/w7/tmp/.pycsl_gwql3f_j.mlw", line 1596, characters 15-62:
Sub-goal postcondition of goal statementemissionmixin___handle_critical_section_stmt'vc.
Prover result is: Valid (0.04s, 132668 steps).

File "/home/fabrice/git/pycsl/scratchpad/w7/tmp/.pycsl_gwql3f_j.mlw", line 1592, characters 15-19:
Sub-goal postcondition of goal statementemissionmixin___handle_critical_section_stmt'vc.
Prover result is: Valid (0.01s, 10080 steps).

File "/home/fabrice/git/pycsl/scratchpad/w7/tmp/.pycsl_gwql3f_j.mlw", line 1593, characters 15-56:
Sub-goal postcondition of goal statementemissionmixin___handle_critical_section_stmt'vc.
Prover result is: Valid (0.02s, 10081 steps).

File "/home/fabrice/git/pycsl/scratchpad/w7/tmp/.pycsl_gwql3f_j.mlw", line 1594, characters 15-60:
Sub-goal postcondition of goal statementemissionmixin___handle_critical_section_stmt'vc.
Prover result is: Valid (0.01s, 10082 steps).

File "/home/fabrice/git/pycsl/scratchpad/w7/tmp/.pycsl_gwql3f_j.mlw", line 1595, characters 15-50:
Sub-goal postcondition of goal statementemissionmixin___handle_critical_section_stmt'vc.
Prover result is: Valid (0.01s, 10083 steps).

File "/home/fabrice/git/pycsl/scratchpad/w7/tmp/.pycsl_gwql3f_j.mlw", line 1596, characters 15-62:
Sub-goal postcondition of goal statementemissionmixin___handle_critical_section_stmt'vc.
Prover result is: Valid (0.01s, 10084 steps).

File "/home/fabrice/git/pycsl/scratchpad/w7/tmp/.pycsl_gwql3f_j.mlw", line 1592, characters 15-19:
Sub-goal postcondition of goal statementemissionmixin___handle_critical_section_stmt'vc.
Prover result is: Valid (0.01s, 10053 steps).

File "/home/fabrice/git/pycsl/scratchpad/w7/tmp/.pycsl_gwql3f_j.mlw", line 1593, characters 15-56:
Sub-goal postcondition of goal statementemissionmixin___handle_critical_section_stmt'vc.
Prover result is: Valid (0.01s, 10054 steps).

File "/home/fabrice/git/pycsl/scratchpad/w7/tmp/.pycsl_gwql3f_j.mlw", line 1594, characters 15-60:
Sub-goal postcondition of goal statementemissionmixin___handle_critical_section_stmt'vc.
Prover result is: Valid (0.01s, 10055 steps).

File "/home/fabrice/git/pycsl/scratchpad/w7/tmp/.pycsl_gwql3f_j.mlw", line 1595, characters 15-50:
Sub-goal postcondition of goal statementemissionmixin___handle_critical_section_stmt'vc.
Prover result is: Valid (0.01s, 10056 steps).

File "/home/fabrice/git/pycsl/scratchpad/w7/tmp/.pycsl_gwql3f_j.mlw", line 1596, characters 15-62:
Sub-goal postcondition of goal statementemissionmixin___handle_critical_section_stmt'vc.
Prover result is: Valid (0.01s, 10057 steps).

File "/home/fabrice/git/pycsl/scratchpad/w7/tmp/.pycsl_gwql3f_j.mlw", line 1592, characters 15-19:
Sub-goal postcondition of goal statementemissionmixin___handle_critical_section_stmt'vc.
Prover result is: Valid (0.01s, 9712 steps).

File "/home/fabrice/git/pycsl/scratchpad/w7/tmp/.pycsl_gwql3f_j.mlw", line 1593, characters 15-56:
Sub-goal postcondition of goal statementemissionmixin___handle_critical_section_stmt'vc.
Prover result is: Valid (0.01s, 9713 steps).

File "/home/fabrice/git/pycsl/scratchpad/w7/tmp/.pycsl_gwql3f_j.mlw", line 1594, characters 15-60:
Sub-goal postcondition of goal statementemissionmixin___handle_critical_section_stmt'vc.
Prover result is: Valid (0.01s, 9714 steps).

File "/home/fabrice/git/pycsl/scratchpad/w7/tmp/.pycsl_gwql3f_j.mlw", line 1595, characters 15-50:
Sub-goal postcondition of goal statementemissionmixin___handle_critical_section_stmt'vc.
Prover result is: Valid (0.01s, 9715 steps).

File "/home/fabrice/git/pycsl/scratchpad/w7/tmp/.pycsl_gwql3f_j.mlw", line 1596, characters 15-62:
Sub-goal postcondition of goal statementemissionmixin___handle_critical_section_stmt'vc.
Prover result is: Valid (0.01s, 9716 steps).

File "/home/fabrice/git/pycsl/scratchpad/w7/tmp/.pycsl_gwql3f_j.mlw", line 1592, characters 15-19:
Sub-goal postcondition of goal statementemissionmixin___handle_critical_section_stmt'vc.
Prover result is: Valid (0.01s, 9685 steps).

File "/home/fabrice/git/pycsl/scratchpad/w7/tmp/.pycsl_gwql3f_j.mlw", line 1593, characters 15-56:
Sub-goal postcondition of goal statementemissionmixin___handle_critical_section_stmt'vc.
Prover result is: Valid (0.01s, 9686 steps).

File "/home/fabrice/git/pycsl/scratchpad/w7/tmp/.pycsl_gwql3f_j.mlw", line 1594, characters 15-60:
Sub-goal postcondition of goal statementemissionmixin___handle_critical_section_stmt'vc.
Prover result is: Valid (0.01s, 9687 steps).

File "/home/fabrice/git/pycsl/scratchpad/w7/tmp/.pycsl_gwql3f_j.mlw", line 1595, characters 15-50:
Sub-goal postcondition of goal statementemissionmixin___handle_critical_section_stmt'vc.
Prover result is: Valid (0.01s, 9688 steps).

File "/home/fabrice/git/pycsl/scratchpad/w7/tmp/.pycsl_gwql3f_j.mlw", line 1596, characters 15-62:
Sub-goal postcondition of goal statementemissionmixin___handle_critical_section_stmt'vc.
Prover result is: Valid (0.01s, 9689 steps).

File "/home/fabrice/git/pycsl/scratchpad/w7/tmp/.pycsl_gwql3f_j.mlw", line 1673, characters 82-101:
Sub-goal array creation size of goal statementemissionmixin___handle_critical_section_stmt'vc.
Prover result is: Valid (0.01s, 8455 steps).

File "/home/fabrice/git/pycsl/scratchpad/w7/tmp/.pycsl_gwql3f_j.mlw", line 1592, characters 15-19:
Sub-goal postcondition of goal statementemissionmixin___handle_critical_section_stmt'vc.
Prover result is: Valid (0.01s, 9027 steps).

File "/home/fabrice/git/pycsl/scratchpad/w7/tmp/.pycsl_gwql3f_j.mlw", line 1593, characters 15-56:
Sub-goal postcondition of goal statementemissionmixin___handle_critical_section_stmt'vc.
Prover result is: Valid (0.01s, 9028 steps).

File "/home/fabrice/git/pycsl/scratchpad/w7/tmp/.pycsl_gwql3f_j.mlw", line 1594, characters 15-60:
Sub-goal postcondition of goal statementemissionmixin___handle_critical_section_stmt'vc.
Prover result is: Valid (0.01s, 9029 steps).

File "/home/fabrice/git/pycsl/scratchpad/w7/tmp/.pycsl_gwql3f_j.mlw", line 1595, characters 15-50:
Sub-goal postcondition of goal statementemissionmixin___handle_critical_section_stmt'vc.
Prover result is: Valid (0.01s, 9030 steps).

File "/home/fabrice/git/pycsl/scratchpad/w7/tmp/.pycsl_gwql3f_j.mlw", line 1596, characters 15-62:
Sub-goal postcondition of goal statementemissionmixin___handle_critical_section_stmt'vc.
Prover result is: Valid (0.01s, 9031 steps).

File "/home/fabrice/git/pycsl/scratchpad/w7/tmp/.pycsl_gwql3f_j.mlw", line 1592, characters 15-19:
Sub-goal postcondition of goal statementemissionmixin___handle_critical_section_stmt'vc.
Prover result is: Valid (0.01s, 9000 steps).

File "/home/fabrice/git/pycsl/scratchpad/w7/tmp/.pycsl_gwql3f_j.mlw", line 1593, characters 15-56:
Sub-goal postcondition of goal statementemissionmixin___handle_critical_section_stmt'vc.
Prover result is: Valid (0.01s, 9001 steps).

File "/home/fabrice/git/pycsl/scratchpad/w7/tmp/.pycsl_gwql3f_j.mlw", line 1594, characters 15-60:
Sub-goal postcondition of goal statementemissionmixin___handle_critical_section_stmt'vc.
Prover result is: Valid (0.01s, 9002 steps).

File "/home/fabrice/git/pycsl/scratchpad/w7/tmp/.pycsl_gwql3f_j.mlw", line 1595, characters 15-50:
Sub-goal postcondition of goal statementemissionmixin___handle_critical_section_stmt'vc.
Prover result is: Valid (0.01s, 9003 steps).

File "/home/fabrice/git/pycsl/scratchpad/w7/tmp/.pycsl_gwql3f_j.mlw", line 1596, characters 15-62:
Sub-goal postcondition of goal statementemissionmixin___handle_critical_section_stmt'vc.
Prover result is: Valid (0.01s, 9004 steps).

File "/home/fabrice/git/pycsl/scratchpad/w7/tmp/.pycsl_gwql3f_j.mlw", line 1592, characters 15-19:
Sub-goal postcondition of goal statementemissionmixin___handle_critical_section_stmt'vc.
Prover result is: Valid (0.01s, 8659 steps).

File "/home/fabrice/git/pycsl/scratchpad/w7/tmp/.pycsl_gwql3f_j.mlw", line 1593, characters 15-56:
Sub-goal postcondition of goal statementemissionmixin___handle_critical_section_stmt'vc.
Prover result is: Valid (0.01s, 8660 steps).

File "/home/fabrice/git/pycsl/scratchpad/w7/tmp/.pycsl_gwql3f_j.mlw", line 1594, characters 15-60:
Sub-goal postcondition of goal statementemissionmixin___handle_critical_section_stmt'vc.
Prover result is: Valid (0.01s, 8661 steps).

File "/home/fabrice/git/pycsl/scratchpad/w7/tmp/.pycsl_gwql3f_j.mlw", line 1595, characters 15-50:
Sub-goal postcondition of goal statementemissionmixin___handle_critical_section_stmt'vc.
Prover result is: Valid (0.01s, 8662 steps).

File "/home/fabrice/git/pycsl/scratchpad/w7/tmp/.pycsl_gwql3f_j.mlw", line 1596, characters 15-62:
Sub-goal postcondition of goal statementemissionmixin___handle_critical_section_stmt'vc.
Prover result is: Valid (0.01s, 8663 steps).

File "/home/fabrice/git/pycsl/scratchpad/w7/tmp/.pycsl_gwql3f_j.mlw", line 1592, characters 15-19:
Sub-goal postcondition of goal statementemissionmixin___handle_critical_section_stmt'vc.
Prover result is: Valid (0.01s, 8632 steps).

File "/home/fabrice/git/pycsl/scratchpad/w7/tmp/.pycsl_gwql3f_j.mlw", line 1593, characters 15-56:
Sub-goal postcondition of goal statementemissionmixin___handle_critical_section_stmt'vc.
Prover result is: Valid (0.01s, 8633 steps).

File "/home/fabrice/git/pycsl/scratchpad/w7/tmp/.pycsl_gwql3f_j.mlw", line 1594, characters 15-60:
Sub-goal postcondition of goal statementemissionmixin___handle_critical_section_stmt'vc.
Prover result is: Valid (0.01s, 8634 steps).

File "/home/fabrice/git/pycsl/scratchpad/w7/tmp/.pycsl_gwql3f_j.mlw", line 1595, characters 15-50:
Sub-goal postcondition of goal statementemissionmixin___handle_critical_section_stmt'vc.
Prover result is: Valid (0.01s, 8635 steps).

File "/home/fabrice/git/pycsl/scratchpad/w7/tmp/.pycsl_gwql3f_j.mlw", line 1596, characters 15-62:
Sub-goal postcondition of goal statementemissionmixin___handle_critical_section_stmt'vc.
Prover result is: Valid (0.01s, 8636 steps).

File "/home/fabrice/git/pycsl/scratchpad/w7/tmp/.pycsl_gwql3f_j.mlw", line 1592, characters 15-19:
Sub-goal postcondition of goal statementemissionmixin___handle_critical_section_stmt'vc.
Prover result is: Valid (0.01s, 8934 steps).

File "/home/fabrice/git/pycsl/scratchpad/w7/tmp/.pycsl_gwql3f_j.mlw", line 1593, characters 15-56:
Sub-goal postcondition of goal statementemissionmixin___handle_critical_section_stmt'vc.
Prover result is: Valid (0.01s, 8935 steps).

File "/home/fabrice/git/pycsl/scratchpad/w7/tmp/.pycsl_gwql3f_j.mlw", line 1594, characters 15-60:
Sub-goal postcondition of goal statementemissionmixin___handle_critical_section_stmt'vc.
Prover result is: Valid (0.01s, 8936 steps).

File "/home/fabrice/git/pycsl/scratchpad/w7/tmp/.pycsl_gwql3f_j.mlw", line 1595, characters 15-50:
Sub-goal postcondition of goal statementemissionmixin___handle_critical_section_stmt'vc.
Prover result is: Valid (0.01s, 8937 steps).

File "/home/fabrice/git/pycsl/scratchpad/w7/tmp/.pycsl_gwql3f_j.mlw", line 1596, characters 15-62:
Sub-goal postcondition of goal statementemissionmixin___handle_critical_section_stmt'vc.
Prover result is: Valid (0.01s, 8938 steps).

File "/home/fabrice/git/pycsl/scratchpad/w7/tmp/.pycsl_gwql3f_j.mlw", line 1592, characters 15-19:
Sub-goal postcondition of goal statementemissionmixin___handle_critical_section_stmt'vc.
Prover result is: Valid (0.01s, 8907 steps).

File "/home/fabrice/git/pycsl/scratchpad/w7/tmp/.pycsl_gwql3f_j.mlw", line 1593, characters 15-56:
Sub-goal postcondition of goal statementemissionmixin___handle_critical_section_stmt'vc.
Prover result is: Valid (0.01s, 8908 steps).

File "/home/fabrice/git/pycsl/scratchpad/w7/tmp/.pycsl_gwql3f_j.mlw", line 1594, characters 15-60:
Sub-goal postcondition of goal statementemissionmixin___handle_critical_section_stmt'vc.
Prover result is: Valid (0.01s, 8909 steps).

File "/home/fabrice/git/pycsl/scratchpad/w7/tmp/.pycsl_gwql3f_j.mlw", line 1595, characters 15-50:
Sub-goal postcondition of goal statementemissionmixin___handle_critical_section_stmt'vc.
Prover result is: Valid (0.01s, 8910 steps).

File "/home/fabrice/git/pycsl/scratchpad/w7/tmp/.pycsl_gwql3f_j.mlw", line 1596, characters 15-62:
Sub-goal postcondition of goal statementemissionmixin___handle_critical_section_stmt'vc.
Prover result is: Valid (0.01s, 8911 steps).

File "/home/fabrice/git/pycsl/scratchpad/w7/tmp/.pycsl_gwql3f_j.mlw", line 1592, characters 15-19:
Sub-goal postcondition of goal statementemissionmixin___handle_critical_section_stmt'vc.
Prover result is: Valid (0.02s, 8566 steps).

File "/home/fabrice/git/pycsl/scratchpad/w7/tmp/.pycsl_gwql3f_j.mlw", line 1593, characters 15-56:
Sub-goal postcondition of goal statementemissionmixin___handle_critical_section_stmt'vc.
Prover result is: Valid (0.01s, 8567 steps).

File "/home/fabrice/git/pycsl/scratchpad/w7/tmp/.pycsl_gwql3f_j.mlw", line 1594, characters 15-60:
Sub-goal postcondition of goal statementemissionmixin___handle_critical_section_stmt'vc.
Prover result is: Valid (0.01s, 8568 steps).

File "/home/fabrice/git/pycsl/scratchpad/w7/tmp/.pycsl_gwql3f_j.mlw", line 1595, characters 15-50:
Sub-goal postcondition of goal statementemissionmixin___handle_critical_section_stmt'vc.
Prover result is: Valid (0.01s, 8569 steps).

File "/home/fabrice/git/pycsl/scratchpad/w7/tmp/.pycsl_gwql3f_j.mlw", line 1596, characters 15-62:
Sub-goal postcondition of goal statementemissionmixin___handle_critical_section_stmt'vc.
Prover result is: Valid (0.01s, 8570 steps).

File "/home/fabrice/git/pycsl/scratchpad/w7/tmp/.pycsl_gwql3f_j.mlw", line 1592, characters 15-19:
Sub-goal postcondition of goal statementemissionmixin___handle_critical_section_stmt'vc.
Prover result is: Valid (0.01s, 8539 steps).

File "/home/fabrice/git/pycsl/scratchpad/w7/tmp/.pycsl_gwql3f_j.mlw", line 1593, characters 15-56:
Sub-goal postcondition of goal statementemissionmixin___handle_critical_section_stmt'vc.
Prover result is: Valid (0.01s, 8540 steps).

File "/home/fabrice/git/pycsl/scratchpad/w7/tmp/.pycsl_gwql3f_j.mlw", line 1594, characters 15-60:
Sub-goal postcondition of goal statementemissionmixin___handle_critical_section_stmt'vc.
Prover result is: Valid (0.01s, 8541 steps).

File "/home/fabrice/git/pycsl/scratchpad/w7/tmp/.pycsl_gwql3f_j.mlw", line 1595, characters 15-50:
Sub-goal postcondition of goal statementemissionmixin___handle_critical_section_stmt'vc.
Prover result is: Valid (0.01s, 8542 steps).

File "/home/fabrice/git/pycsl/scratchpad/w7/tmp/.pycsl_gwql3f_j.mlw", line 1596, characters 15-62:
Sub-goal postcondition of goal statementemissionmixin___handle_critical_section_stmt'vc.
Prover result is: Valid (0.01s, 8543 steps).

File "/home/fabrice/git/pycsl/scratchpad/w7/tmp/.pycsl_gwql3f_j.mlw", line 1673, characters 82-101:
Sub-goal array creation size of goal statementemissionmixin___handle_critical_section_stmt'vc.
Prover result is: Valid (0.01s, 16734 steps).

File "/home/fabrice/git/pycsl/scratchpad/w7/tmp/.pycsl_gwql3f_j.mlw", line 1592, characters 15-19:
Sub-goal postcondition of goal statementemissionmixin___handle_critical_section_stmt'vc.
Prover result is: Valid (0.01s, 18844 steps).

File "/home/fabrice/git/pycsl/scratchpad/w7/tmp/.pycsl_gwql3f_j.mlw", line 1593, characters 15-56:
Sub-goal postcondition of goal statementemissionmixin___handle_critical_section_stmt'vc.
Prover result is: Valid (0.01s, 40328 steps).

File "/home/fabrice/git/pycsl/scratchpad/w7/tmp/.pycsl_gwql3f_j.mlw", line 1594, characters 15-60:
Sub-goal postcondition of goal statementemissionmixin___handle_critical_section_stmt'vc.
Prover result is: Valid (0.01s, 40341 steps).

File "/home/fabrice/git/pycsl/scratchpad/w7/tmp/.pycsl_gwql3f_j.mlw", line 1595, characters 15-50:
Sub-goal postcondition of goal statementemissionmixin___handle_critical_section_stmt'vc.
Prover result is: Valid (0.01s, 40354 steps).

File "/home/fabrice/git/pycsl/scratchpad/w7/tmp/.pycsl_gwql3f_j.mlw", line 1596, characters 15-62:
Sub-goal postcondition of goal statementemissionmixin___handle_critical_section_stmt'vc.
Prover result is: Valid (0.02s, 40367 steps).

File "/home/fabrice/git/pycsl/scratchpad/w7/tmp/.pycsl_gwql3f_j.mlw", line 1592, characters 15-19:
Sub-goal postcondition of goal statementemissionmixin___handle_critical_section_stmt'vc.
Prover result is: Valid (0.02s, 18489 steps).

File "/home/fabrice/git/pycsl/scratchpad/w7/tmp/.pycsl_gwql3f_j.mlw", line 1593, characters 15-56:
Sub-goal postcondition of goal statementemissionmixin___handle_critical_section_stmt'vc.
Prover result is: Valid (0.01s, 39765 steps).

File "/home/fabrice/git/pycsl/scratchpad/w7/tmp/.pycsl_gwql3f_j.mlw", line 1594, characters 15-60:
Sub-goal postcondition of goal statementemissionmixin___handle_critical_section_stmt'vc.
Prover result is: Valid (0.01s, 39778 steps).

File "/home/fabrice/git/pycsl/scratchpad/w7/tmp/.pycsl_gwql3f_j.mlw", line 1595, characters 15-50:
Sub-goal postcondition of goal statementemissionmixin___handle_critical_section_stmt'vc.
Prover result is: Valid (0.01s, 39791 steps).

File "/home/fabrice/git/pycsl/scratchpad/w7/tmp/.pycsl_gwql3f_j.mlw", line 1596, characters 15-62:
Sub-goal postcondition of goal statementemissionmixin___handle_critical_section_stmt'vc.
Prover result is: Valid (0.01s, 39804 steps).

File "/home/fabrice/git/pycsl/scratchpad/w7/tmp/.pycsl_gwql3f_j.mlw", line 1592, characters 15-19:
Sub-goal postcondition of goal statementemissionmixin___handle_critical_section_stmt'vc.
Prover result is: Valid (0.01s, 18016 steps).

File "/home/fabrice/git/pycsl/scratchpad/w7/tmp/.pycsl_gwql3f_j.mlw", line 1593, characters 15-56:
Sub-goal postcondition of goal statementemissionmixin___handle_critical_section_stmt'vc.
Prover result is: Valid (0.02s, 37666 steps).

File "/home/fabrice/git/pycsl/scratchpad/w7/tmp/.pycsl_gwql3f_j.mlw", line 1594, characters 15-60:
Sub-goal postcondition of goal statementemissionmixin___handle_critical_section_stmt'vc.
Prover result is: Valid (0.01s, 37679 steps).

File "/home/fabrice/git/pycsl/scratchpad/w7/tmp/.pycsl_gwql3f_j.mlw", line 1595, characters 15-50:
Sub-goal postcondition of goal statementemissionmixin___handle_critical_section_stmt'vc.
Prover result is: Valid (0.02s, 37692 steps).

File "/home/fabrice/git/pycsl/scratchpad/w7/tmp/.pycsl_gwql3f_j.mlw", line 1596, characters 15-62:
Sub-goal postcondition of goal statementemissionmixin___handle_critical_section_stmt'vc.
Prover result is: Valid (0.02s, 37705 steps).

File "/home/fabrice/git/pycsl/scratchpad/w7/tmp/.pycsl_gwql3f_j.mlw", line 1592, characters 15-19:
Sub-goal postcondition of goal statementemissionmixin___handle_critical_section_stmt'vc.
Prover result is: Valid (0.01s, 17661 steps).

File "/home/fabrice/git/pycsl/scratchpad/w7/tmp/.pycsl_gwql3f_j.mlw", line 1593, characters 15-56:
Sub-goal postcondition of goal statementemissionmixin___handle_critical_section_stmt'vc.
Prover result is: Valid (0.01s, 37103 steps).

File "/home/fabrice/git/pycsl/scratchpad/w7/tmp/.pycsl_gwql3f_j.mlw", line 1594, characters 15-60:
Sub-goal postcondition of goal statementemissionmixin___handle_critical_section_stmt'vc.
Prover result is: Valid (0.01s, 37116 steps).

File "/home/fabrice/git/pycsl/scratchpad/w7/tmp/.pycsl_gwql3f_j.mlw", line 1595, characters 15-50:
Sub-goal postcondition of goal statementemissionmixin___handle_critical_section_stmt'vc.
Prover result is: Valid (0.01s, 37129 steps).

File "/home/fabrice/git/pycsl/scratchpad/w7/tmp/.pycsl_gwql3f_j.mlw", line 1596, characters 15-62:
Sub-goal postcondition of goal statementemissionmixin___handle_critical_section_stmt'vc.
Prover result is: Valid (0.01s, 37142 steps).

File "/home/fabrice/git/pycsl/scratchpad/w7/tmp/.pycsl_gwql3f_j.mlw", line 1592, characters 15-19:
Sub-goal postcondition of goal statementemissionmixin___handle_critical_section_stmt'vc.
Prover result is: Valid (0.01s, 10098 steps).

File "/home/fabrice/git/pycsl/scratchpad/w7/tmp/.pycsl_gwql3f_j.mlw", line 1593, characters 15-56:
Sub-goal postcondition of goal statementemissionmixin___handle_critical_section_stmt'vc.
Prover result is: Valid (0.01s, 10099 steps).

File "/home/fabrice/git/pycsl/scratchpad/w7/tmp/.pycsl_gwql3f_j.mlw", line 1594, characters 15-60:
Sub-goal postcondition of goal statementemissionmixin___handle_critical_section_stmt'vc.
Prover result is: Valid (0.01s, 10100 steps).

File "/home/fabrice/git/pycsl/scratchpad/w7/tmp/.pycsl_gwql3f_j.mlw", line 1595, characters 15-50:
Sub-goal postcondition of goal statementemissionmixin___handle_critical_section_stmt'vc.
Prover result is: Valid (0.01s, 10101 steps).

File "/home/fabrice/git/pycsl/scratchpad/w7/tmp/.pycsl_gwql3f_j.mlw", line 1596, characters 15-62:
Sub-goal postcondition of goal statementemissionmixin___handle_critical_section_stmt'vc.
Prover result is: Valid (0.01s, 10102 steps).

File "/home/fabrice/git/pycsl/scratchpad/w7/tmp/.pycsl_gwql3f_j.mlw", line 1592, characters 15-19:
Sub-goal postcondition of goal statementemissionmixin___handle_critical_section_stmt'vc.
Prover result is: Valid (0.01s, 10071 steps).

File "/home/fabrice/git/pycsl/scratchpad/w7/tmp/.pycsl_gwql3f_j.mlw", line 1593, characters 15-56:
Sub-goal postcondition of goal statementemissionmixin___handle_critical_section_stmt'vc.
Prover result is: Valid (0.01s, 10072 steps).

File "/home/fabrice/git/pycsl/scratchpad/w7/tmp/.pycsl_gwql3f_j.mlw", line 1594, characters 15-60:
Sub-goal postcondition of goal statementemissionmixin___handle_critical_section_stmt'vc.
Prover result is: Valid (0.01s, 10073 steps).

File "/home/fabrice/git/pycsl/scratchpad/w7/tmp/.pycsl_gwql3f_j.mlw", line 1595, characters 15-50:
Sub-goal postcondition of goal statementemissionmixin___handle_critical_section_stmt'vc.
Prover result is: Valid (0.01s, 10074 steps).

File "/home/fabrice/git/pycsl/scratchpad/w7/tmp/.pycsl_gwql3f_j.mlw", line 1596, characters 15-62:
Sub-goal postcondition of goal statementemissionmixin___handle_critical_section_stmt'vc.
Prover result is: Valid (0.01s, 10075 steps).

File "/home/fabrice/git/pycsl/scratchpad/w7/tmp/.pycsl_gwql3f_j.mlw", line 1592, characters 15-19:
Sub-goal postcondition of goal statementemissionmixin___handle_critical_section_stmt'vc.
Prover result is: Valid (0.01s, 9730 steps).

File "/home/fabrice/git/pycsl/scratchpad/w7/tmp/.pycsl_gwql3f_j.mlw", line 1593, characters 15-56:
Sub-goal postcondition of goal statementemissionmixin___handle_critical_section_stmt'vc.
Prover result is: Valid (0.01s, 9731 steps).

File "/home/fabrice/git/pycsl/scratchpad/w7/tmp/.pycsl_gwql3f_j.mlw", line 1594, characters 15-60:
Sub-goal postcondition of goal statementemissionmixin___handle_critical_section_stmt'vc.
Prover result is: Valid (0.01s, 9732 steps).

File "/home/fabrice/git/pycsl/scratchpad/w7/tmp/.pycsl_gwql3f_j.mlw", line 1595, characters 15-50:
Sub-goal postcondition of goal statementemissionmixin___handle_critical_section_stmt'vc.
Prover result is: Valid (0.01s, 9733 steps).

File "/home/fabrice/git/pycsl/scratchpad/w7/tmp/.pycsl_gwql3f_j.mlw", line 1596, characters 15-62:
Sub-goal postcondition of goal statementemissionmixin___handle_critical_section_stmt'vc.
Prover result is: Valid (0.01s, 9734 steps).

File "/home/fabrice/git/pycsl/scratchpad/w7/tmp/.pycsl_gwql3f_j.mlw", line 1592, characters 15-19:
Sub-goal postcondition of goal statementemissionmixin___handle_critical_section_stmt'vc.
Prover result is: Valid (0.01s, 9703 steps).

File "/home/fabrice/git/pycsl/scratchpad/w7/tmp/.pycsl_gwql3f_j.mlw", line 1593, characters 15-56:
Sub-goal postcondition of goal statementemissionmixin___handle_critical_section_stmt'vc.
Prover result is: Valid (0.01s, 9704 steps).

File "/home/fabrice/git/pycsl/scratchpad/w7/tmp/.pycsl_gwql3f_j.mlw", line 1594, characters 15-60:
Sub-goal postcondition of goal statementemissionmixin___handle_critical_section_stmt'vc.
Prover result is: Valid (0.01s, 9705 steps).

File "/home/fabrice/git/pycsl/scratchpad/w7/tmp/.pycsl_gwql3f_j.mlw", line 1595, characters 15-50:
Sub-goal postcondition of goal statementemissionmixin___handle_critical_section_stmt'vc.
Prover result is: Valid (0.01s, 9706 steps).

File "/home/fabrice/git/pycsl/scratchpad/w7/tmp/.pycsl_gwql3f_j.mlw", line 1596, characters 15-62:
Sub-goal postcondition of goal statementemissionmixin___handle_critical_section_stmt'vc.
Prover result is: Valid (0.01s, 9707 steps).

File "/home/fabrice/git/pycsl/scratchpad/w7/tmp/.pycsl_gwql3f_j.mlw", line 1673, characters 82-101:
Sub-goal array creation size of goal statementemissionmixin___handle_critical_section_stmt'vc.
Prover result is: Valid (0.01s, 16732 steps).

File "/home/fabrice/git/pycsl/scratchpad/w7/tmp/.pycsl_gwql3f_j.mlw", line 1592, characters 15-19:
Sub-goal postcondition of goal statementemissionmixin___handle_critical_section_stmt'vc.
Prover result is: Valid (0.01s, 18842 steps).

File "/home/fabrice/git/pycsl/scratchpad/w7/tmp/.pycsl_gwql3f_j.mlw", line 1593, characters 15-56:
Sub-goal postcondition of goal statementemissionmixin___handle_critical_section_stmt'vc.
Prover result is: Valid (0.02s, 148581 steps).

File "/home/fabrice/git/pycsl/scratchpad/w7/tmp/.pycsl_gwql3f_j.mlw", line 1594, characters 15-60:
Sub-goal postcondition of goal statementemissionmixin___handle_critical_section_stmt'vc.
Prover result is: Valid (0.02s, 148632 steps).

File "/home/fabrice/git/pycsl/scratchpad/w7/tmp/.pycsl_gwql3f_j.mlw", line 1595, characters 15-50:
Sub-goal postcondition of goal statementemissionmixin___handle_critical_section_stmt'vc.
Prover result is: Valid (0.03s, 148689 steps).

File "/home/fabrice/git/pycsl/scratchpad/w7/tmp/.pycsl_gwql3f_j.mlw", line 1596, characters 15-62:
Sub-goal postcondition of goal statementemissionmixin___handle_critical_section_stmt'vc.
Prover result is: Valid (0.03s, 148734 steps).

File "/home/fabrice/git/pycsl/scratchpad/w7/tmp/.pycsl_gwql3f_j.mlw", line 1592, characters 15-19:
Sub-goal postcondition of goal statementemissionmixin___handle_critical_section_stmt'vc.
Prover result is: Valid (0.01s, 18487 steps).

File "/home/fabrice/git/pycsl/scratchpad/w7/tmp/.pycsl_gwql3f_j.mlw", line 1593, characters 15-56:
Sub-goal postcondition of goal statementemissionmixin___handle_critical_section_stmt'vc.
Prover result is: Valid (0.02s, 146309 steps).

File "/home/fabrice/git/pycsl/scratchpad/w7/tmp/.pycsl_gwql3f_j.mlw", line 1594, characters 15-60:
Sub-goal postcondition of goal statementemissionmixin___handle_critical_section_stmt'vc.
Prover result is: Valid (0.03s, 146360 steps).

File "/home/fabrice/git/pycsl/scratchpad/w7/tmp/.pycsl_gwql3f_j.mlw", line 1595, characters 15-50:
Sub-goal postcondition of goal statementemissionmixin___handle_critical_section_stmt'vc.
Prover result is: Valid (0.03s, 146417 steps).

File "/home/fabrice/git/pycsl/scratchpad/w7/tmp/.pycsl_gwql3f_j.mlw", line 1596, characters 15-62:
Sub-goal postcondition of goal statementemissionmixin___handle_critical_section_stmt'vc.
Prover result is: Valid (0.03s, 146462 steps).

File "/home/fabrice/git/pycsl/scratchpad/w7/tmp/.pycsl_gwql3f_j.mlw", line 1592, characters 15-19:
Sub-goal postcondition of goal statementemissionmixin___handle_critical_section_stmt'vc.
Prover result is: Valid (0.01s, 18014 steps).

File "/home/fabrice/git/pycsl/scratchpad/w7/tmp/.pycsl_gwql3f_j.mlw", line 1593, characters 15-56:
Sub-goal postcondition of goal statementemissionmixin___handle_critical_section_stmt'vc.
Prover result is: Valid (0.03s, 139885 steps).

File "/home/fabrice/git/pycsl/scratchpad/w7/tmp/.pycsl_gwql3f_j.mlw", line 1594, characters 15-60:
Sub-goal postcondition of goal statementemissionmixin___handle_critical_section_stmt'vc.
Prover result is: Valid (0.03s, 139936 steps).

File "/home/fabrice/git/pycsl/scratchpad/w7/tmp/.pycsl_gwql3f_j.mlw", line 1595, characters 15-50:
Sub-goal postcondition of goal statementemissionmixin___handle_critical_section_stmt'vc.
Prover result is: Valid (0.04s, 239107 steps).

File "/home/fabrice/git/pycsl/scratchpad/w7/tmp/.pycsl_gwql3f_j.mlw", line 1596, characters 15-62:
Sub-goal postcondition of goal statementemissionmixin___handle_critical_section_stmt'vc.
Prover result is: Valid (0.03s, 140038 steps).

File "/home/fabrice/git/pycsl/scratchpad/w7/tmp/.pycsl_gwql3f_j.mlw", line 1592, characters 15-19:
Sub-goal postcondition of goal statementemissionmixin___handle_critical_section_stmt'vc.
Prover result is: Valid (0.01s, 17659 steps).

File "/home/fabrice/git/pycsl/scratchpad/w7/tmp/.pycsl_gwql3f_j.mlw", line 1593, characters 15-56:
Sub-goal postcondition of goal statementemissionmixin___handle_critical_section_stmt'vc.
Prover result is: Valid (0.02s, 137613 steps).

File "/home/fabrice/git/pycsl/scratchpad/w7/tmp/.pycsl_gwql3f_j.mlw", line 1594, characters 15-60:
Sub-goal postcondition of goal statementemissionmixin___handle_critical_section_stmt'vc.
Prover result is: Valid (0.04s, 137664 steps).

File "/home/fabrice/git/pycsl/scratchpad/w7/tmp/.pycsl_gwql3f_j.mlw", line 1595, characters 15-50:
Sub-goal postcondition of goal statementemissionmixin___handle_critical_section_stmt'vc.
Prover result is: Valid (0.07s, 235595 steps).

File "/home/fabrice/git/pycsl/scratchpad/w7/tmp/.pycsl_gwql3f_j.mlw", line 1596, characters 15-62:
Sub-goal postcondition of goal statementemissionmixin___handle_critical_section_stmt'vc.
Prover result is: Valid (0.04s, 137766 steps).

File "/home/fabrice/git/pycsl/scratchpad/w7/tmp/.pycsl_gwql3f_j.mlw", line 1592, characters 15-19:
Sub-goal postcondition of goal statementemissionmixin___handle_critical_section_stmt'vc.
Prover result is: Valid (0.02s, 10096 steps).

File "/home/fabrice/git/pycsl/scratchpad/w7/tmp/.pycsl_gwql3f_j.mlw", line 1593, characters 15-56:
Sub-goal postcondition of goal statementemissionmixin___handle_critical_section_stmt'vc.
Prover result is: Valid (0.01s, 10097 steps).

File "/home/fabrice/git/pycsl/scratchpad/w7/tmp/.pycsl_gwql3f_j.mlw", line 1594, characters 15-60:
Sub-goal postcondition of goal statementemissionmixin___handle_critical_section_stmt'vc.
Prover result is: Valid (0.01s, 10098 steps).

File "/home/fabrice/git/pycsl/scratchpad/w7/tmp/.pycsl_gwql3f_j.mlw", line 1595, characters 15-50:
Sub-goal postcondition of goal statementemissionmixin___handle_critical_section_stmt'vc.
Prover result is: Valid (0.01s, 10099 steps).

File "/home/fabrice/git/pycsl/scratchpad/w7/tmp/.pycsl_gwql3f_j.mlw", line 1596, characters 15-62:
Sub-goal postcondition of goal statementemissionmixin___handle_critical_section_stmt'vc.
Prover result is: Valid (0.02s, 10100 steps).

File "/home/fabrice/git/pycsl/scratchpad/w7/tmp/.pycsl_gwql3f_j.mlw", line 1592, characters 15-19:
Sub-goal postcondition of goal statementemissionmixin___handle_critical_section_stmt'vc.
Prover result is: Valid (0.01s, 10069 steps).

File "/home/fabrice/git/pycsl/scratchpad/w7/tmp/.pycsl_gwql3f_j.mlw", line 1593, characters 15-56:
Sub-goal postcondition of goal statementemissionmixin___handle_critical_section_stmt'vc.
Prover result is: Valid (0.01s, 10070 steps).

File "/home/fabrice/git/pycsl/scratchpad/w7/tmp/.pycsl_gwql3f_j.mlw", line 1594, characters 15-60:
Sub-goal postcondition of goal statementemissionmixin___handle_critical_section_stmt'vc.
Prover result is: Valid (0.01s, 10071 steps).

File "/home/fabrice/git/pycsl/scratchpad/w7/tmp/.pycsl_gwql3f_j.mlw", line 1595, characters 15-50:
Sub-goal postcondition of goal statementemissionmixin___handle_critical_section_stmt'vc.
Prover result is: Valid (0.01s, 10072 steps).

File "/home/fabrice/git/pycsl/scratchpad/w7/tmp/.pycsl_gwql3f_j.mlw", line 1596, characters 15-62:
Sub-goal postcondition of goal statementemissionmixin___handle_critical_section_stmt'vc.
Prover result is: Valid (0.01s, 10073 steps).

File "/home/fabrice/git/pycsl/scratchpad/w7/tmp/.pycsl_gwql3f_j.mlw", line 1592, characters 15-19:
Sub-goal postcondition of goal statementemissionmixin___handle_critical_section_stmt'vc.
Prover result is: Valid (0.01s, 9728 steps).

File "/home/fabrice/git/pycsl/scratchpad/w7/tmp/.pycsl_gwql3f_j.mlw", line 1593, characters 15-56:
Sub-goal postcondition of goal statementemissionmixin___handle_critical_section_stmt'vc.
Prover result is: Valid (0.01s, 9729 steps).

File "/home/fabrice/git/pycsl/scratchpad/w7/tmp/.pycsl_gwql3f_j.mlw", line 1594, characters 15-60:
Sub-goal postcondition of goal statementemissionmixin___handle_critical_section_stmt'vc.
Prover result is: Valid (0.01s, 9730 steps).

File "/home/fabrice/git/pycsl/scratchpad/w7/tmp/.pycsl_gwql3f_j.mlw", line 1595, characters 15-50:
Sub-goal postcondition of goal statementemissionmixin___handle_critical_section_stmt'vc.
Prover result is: Valid (0.02s, 9731 steps).

File "/home/fabrice/git/pycsl/scratchpad/w7/tmp/.pycsl_gwql3f_j.mlw", line 1596, characters 15-62:
Sub-goal postcondition of goal statementemissionmixin___handle_critical_section_stmt'vc.
Prover result is: Valid (0.01s, 9732 steps).

File "/home/fabrice/git/pycsl/scratchpad/w7/tmp/.pycsl_gwql3f_j.mlw", line 1592, characters 15-19:
Sub-goal postcondition of goal statementemissionmixin___handle_critical_section_stmt'vc.
Prover result is: Valid (0.01s, 9701 steps).

File "/home/fabrice/git/pycsl/scratchpad/w7/tmp/.pycsl_gwql3f_j.mlw", line 1593, characters 15-56:
Sub-goal postcondition of goal statementemissionmixin___handle_critical_section_stmt'vc.
Prover result is: Valid (0.02s, 9702 steps).

File "/home/fabrice/git/pycsl/scratchpad/w7/tmp/.pycsl_gwql3f_j.mlw", line 1594, characters 15-60:
Sub-goal postcondition of goal statementemissionmixin___handle_critical_section_stmt'vc.
Prover result is: Valid (0.01s, 9703 steps).

File "/home/fabrice/git/pycsl/scratchpad/w7/tmp/.pycsl_gwql3f_j.mlw", line 1595, characters 15-50:
Sub-goal postcondition of goal statementemissionmixin___handle_critical_section_stmt'vc.
Prover result is: Valid (0.01s, 9704 steps).

File "/home/fabrice/git/pycsl/scratchpad/w7/tmp/.pycsl_gwql3f_j.mlw", line 1596, characters 15-62:
Sub-goal postcondition of goal statementemissionmixin___handle_critical_section_stmt'vc.
Prover result is: Valid (0.01s, 9705 steps).

File "/home/fabrice/git/pycsl/scratchpad/w7/tmp/.pycsl_gwql3f_j.mlw", line 1673, characters 82-101:
Sub-goal array creation size of goal statementemissionmixin___handle_critical_section_stmt'vc.
Prover result is: Valid (0.01s, 8471 steps).

File "/home/fabrice/git/pycsl/scratchpad/w7/tmp/.pycsl_gwql3f_j.mlw", line 1592, characters 15-19:
Sub-goal postcondition of goal statementemissionmixin___handle_critical_section_stmt'vc.
Prover result is: Valid (0.01s, 9043 steps).

File "/home/fabrice/git/pycsl/scratchpad/w7/tmp/.pycsl_gwql3f_j.mlw", line 1593, characters 15-56:
Sub-goal postcondition of goal statementemissionmixin___handle_critical_section_stmt'vc.
Prover result is: Valid (0.01s, 9044 steps).

File "/home/fabrice/git/pycsl/scratchpad/w7/tmp/.pycsl_gwql3f_j.mlw", line 1594, characters 15-60:
Sub-goal postcondition of goal statementemissionmixin___handle_critical_section_stmt'vc.
Prover result is: Valid (0.01s, 9045 steps).

File "/home/fabrice/git/pycsl/scratchpad/w7/tmp/.pycsl_gwql3f_j.mlw", line 1595, characters 15-50:
Sub-goal postcondition of goal statementemissionmixin___handle_critical_section_stmt'vc.
Prover result is: Valid (0.01s, 9046 steps).

File "/home/fabrice/git/pycsl/scratchpad/w7/tmp/.pycsl_gwql3f_j.mlw", line 1596, characters 15-62:
Sub-goal postcondition of goal statementemissionmixin___handle_critical_section_stmt'vc.
Prover result is: Valid (0.01s, 9047 steps).

File "/home/fabrice/git/pycsl/scratchpad/w7/tmp/.pycsl_gwql3f_j.mlw", line 1592, characters 15-19:
Sub-goal postcondition of goal statementemissionmixin___handle_critical_section_stmt'vc.
Prover result is: Valid (0.02s, 9016 steps).

File "/home/fabrice/git/pycsl/scratchpad/w7/tmp/.pycsl_gwql3f_j.mlw", line 1593, characters 15-56:
Sub-goal postcondition of goal statementemissionmixin___handle_critical_section_stmt'vc.
Prover result is: Valid (0.01s, 9017 steps).

File "/home/fabrice/git/pycsl/scratchpad/w7/tmp/.pycsl_gwql3f_j.mlw", line 1594, characters 15-60:
Sub-goal postcondition of goal statementemissionmixin___handle_critical_section_stmt'vc.
Prover result is: Valid (0.01s, 9018 steps).

File "/home/fabrice/git/pycsl/scratchpad/w7/tmp/.pycsl_gwql3f_j.mlw", line 1595, characters 15-50:
Sub-goal postcondition of goal statementemissionmixin___handle_critical_section_stmt'vc.
Prover result is: Valid (0.01s, 9019 steps).

File "/home/fabrice/git/pycsl/scratchpad/w7/tmp/.pycsl_gwql3f_j.mlw", line 1596, characters 15-62:
Sub-goal postcondition of goal statementemissionmixin___handle_critical_section_stmt'vc.
Prover result is: Valid (0.01s, 9020 steps).

File "/home/fabrice/git/pycsl/scratchpad/w7/tmp/.pycsl_gwql3f_j.mlw", line 1592, characters 15-19:
Sub-goal postcondition of goal statementemissionmixin___handle_critical_section_stmt'vc.
Prover result is: Valid (0.02s, 8675 steps).

File "/home/fabrice/git/pycsl/scratchpad/w7/tmp/.pycsl_gwql3f_j.mlw", line 1593, characters 15-56:
Sub-goal postcondition of goal statementemissionmixin___handle_critical_section_stmt'vc.
Prover result is: Valid (0.01s, 8676 steps).

File "/home/fabrice/git/pycsl/scratchpad/w7/tmp/.pycsl_gwql3f_j.mlw", line 1594, characters 15-60:
Sub-goal postcondition of goal statementemissionmixin___handle_critical_section_stmt'vc.
Prover result is: Valid (0.02s, 8677 steps).

File "/home/fabrice/git/pycsl/scratchpad/w7/tmp/.pycsl_gwql3f_j.mlw", line 1595, characters 15-50:
Sub-goal postcondition of goal statementemissionmixin___handle_critical_section_stmt'vc.
Prover result is: Valid (0.01s, 8678 steps).

File "/home/fabrice/git/pycsl/scratchpad/w7/tmp/.pycsl_gwql3f_j.mlw", line 1596, characters 15-62:
Sub-goal postcondition of goal statementemissionmixin___handle_critical_section_stmt'vc.
Prover result is: Valid (0.01s, 8679 steps).

File "/home/fabrice/git/pycsl/scratchpad/w7/tmp/.pycsl_gwql3f_j.mlw", line 1592, characters 15-19:
Sub-goal postcondition of goal statementemissionmixin___handle_critical_section_stmt'vc.
Prover result is: Valid (0.01s, 8648 steps).

File "/home/fabrice/git/pycsl/scratchpad/w7/tmp/.pycsl_gwql3f_j.mlw", line 1593, characters 15-56:
Sub-goal postcondition of goal statementemissionmixin___handle_critical_section_stmt'vc.
Prover result is: Valid (0.01s, 8649 steps).

File "/home/fabrice/git/pycsl/scratchpad/w7/tmp/.pycsl_gwql3f_j.mlw", line 1594, characters 15-60:
Sub-goal postcondition of goal statementemissionmixin___handle_critical_section_stmt'vc.
Prover result is: Valid (0.01s, 8650 steps).

File "/home/fabrice/git/pycsl/scratchpad/w7/tmp/.pycsl_gwql3f_j.mlw", line 1595, characters 15-50:
Sub-goal postcondition of goal statementemissionmixin___handle_critical_section_stmt'vc.
Prover result is: Valid (0.01s, 8651 steps).

File "/home/fabrice/git/pycsl/scratchpad/w7/tmp/.pycsl_gwql3f_j.mlw", line 1596, characters 15-62:
Sub-goal postcondition of goal statementemissionmixin___handle_critical_section_stmt'vc.
Prover result is: Valid (0.01s, 8652 steps).

File "/home/fabrice/git/pycsl/scratchpad/w7/tmp/.pycsl_gwql3f_j.mlw", line 1592, characters 15-19:
Sub-goal postcondition of goal statementemissionmixin___handle_critical_section_stmt'vc.
Prover result is: Valid (0.01s, 8950 steps).

File "/home/fabrice/git/pycsl/scratchpad/w7/tmp/.pycsl_gwql3f_j.mlw", line 1593, characters 15-56:
Sub-goal postcondition of goal statementemissionmixin___handle_critical_section_stmt'vc.
Prover result is: Valid (0.01s, 8951 steps).

File "/home/fabrice/git/pycsl/scratchpad/w7/tmp/.pycsl_gwql3f_j.mlw", line 1594, characters 15-60:
Sub-goal postcondition of goal statementemissionmixin___handle_critical_section_stmt'vc.
Prover result is: Valid (0.01s, 8952 steps).

File "/home/fabrice/git/pycsl/scratchpad/w7/tmp/.pycsl_gwql3f_j.mlw", line 1595, characters 15-50:
Sub-goal postcondition of goal statementemissionmixin___handle_critical_section_stmt'vc.
Prover result is: Valid (0.01s, 8953 steps).

File "/home/fabrice/git/pycsl/scratchpad/w7/tmp/.pycsl_gwql3f_j.mlw", line 1596, characters 15-62:
Sub-goal postcondition of goal statementemissionmixin___handle_critical_section_stmt'vc.
Prover result is: Valid (0.01s, 8954 steps).

File "/home/fabrice/git/pycsl/scratchpad/w7/tmp/.pycsl_gwql3f_j.mlw", line 1592, characters 15-19:
Sub-goal postcondition of goal statementemissionmixin___handle_critical_section_stmt'vc.
Prover result is: Valid (0.01s, 8923 steps).

File "/home/fabrice/git/pycsl/scratchpad/w7/tmp/.pycsl_gwql3f_j.mlw", line 1593, characters 15-56:
Sub-goal postcondition of goal statementemissionmixin___handle_critical_section_stmt'vc.
Prover result is: Valid (0.01s, 8924 steps).

File "/home/fabrice/git/pycsl/scratchpad/w7/tmp/.pycsl_gwql3f_j.mlw", line 1594, characters 15-60:
Sub-goal postcondition of goal statementemissionmixin___handle_critical_section_stmt'vc.
Prover result is: Valid (0.01s, 8925 steps).

File "/home/fabrice/git/pycsl/scratchpad/w7/tmp/.pycsl_gwql3f_j.mlw", line 1595, characters 15-50:
Sub-goal postcondition of goal statementemissionmixin___handle_critical_section_stmt'vc.
Prover result is: Valid (0.01s, 8926 steps).

File "/home/fabrice/git/pycsl/scratchpad/w7/tmp/.pycsl_gwql3f_j.mlw", line 1596, characters 15-62:
Sub-goal postcondition of goal statementemissionmixin___handle_critical_section_stmt'vc.
Prover result is: Valid (0.01s, 8927 steps).

File "/home/fabrice/git/pycsl/scratchpad/w7/tmp/.pycsl_gwql3f_j.mlw", line 1592, characters 15-19:
Sub-goal postcondition of goal statementemissionmixin___handle_critical_section_stmt'vc.
Prover result is: Valid (0.01s, 8582 steps).

File "/home/fabrice/git/pycsl/scratchpad/w7/tmp/.pycsl_gwql3f_j.mlw", line 1593, characters 15-56:
Sub-goal postcondition of goal statementemissionmixin___handle_critical_section_stmt'vc.
Prover result is: Valid (0.01s, 8583 steps).

File "/home/fabrice/git/pycsl/scratchpad/w7/tmp/.pycsl_gwql3f_j.mlw", line 1594, characters 15-60:
Sub-goal postcondition of goal statementemissionmixin___handle_critical_section_stmt'vc.
Prover result is: Valid (0.01s, 8584 steps).

File "/home/fabrice/git/pycsl/scratchpad/w7/tmp/.pycsl_gwql3f_j.mlw", line 1595, characters 15-50:
Sub-goal postcondition of goal statementemissionmixin___handle_critical_section_stmt'vc.
Prover result is: Valid (0.01s, 8585 steps).

File "/home/fabrice/git/pycsl/scratchpad/w7/tmp/.pycsl_gwql3f_j.mlw", line 1596, characters 15-62:
Sub-goal postcondition of goal statementemissionmixin___handle_critical_section_stmt'vc.
Prover result is: Valid (0.01s, 8586 steps).

File "/home/fabrice/git/pycsl/scratchpad/w7/tmp/.pycsl_gwql3f_j.mlw", line 1592, characters 15-19:
Sub-goal postcondition of goal statementemissionmixin___handle_critical_section_stmt'vc.
Prover result is: Valid (0.01s, 8555 steps).

File "/home/fabrice/git/pycsl/scratchpad/w7/tmp/.pycsl_gwql3f_j.mlw", line 1593, characters 15-56:
Sub-goal postcondition of goal statementemissionmixin___handle_critical_section_stmt'vc.
Prover result is: Valid (0.01s, 8556 steps).

File "/home/fabrice/git/pycsl/scratchpad/w7/tmp/.pycsl_gwql3f_j.mlw", line 1594, characters 15-60:
Sub-goal postcondition of goal statementemissionmixin___handle_critical_section_stmt'vc.
Prover result is: Valid (0.01s, 8557 steps).

File "/home/fabrice/git/pycsl/scratchpad/w7/tmp/.pycsl_gwql3f_j.mlw", line 1595, characters 15-50:
Sub-goal postcondition of goal statementemissionmixin___handle_critical_section_stmt'vc.
Prover result is: Valid (0.01s, 8558 steps).

File "/home/fabrice/git/pycsl/scratchpad/w7/tmp/.pycsl_gwql3f_j.mlw", line 1596, characters 15-62:
Sub-goal postcondition of goal statementemissionmixin___handle_critical_section_stmt'vc.
Prover result is: Valid (0.01s, 8559 steps).

File "/home/fabrice/git/pycsl/scratchpad/w7/tmp/.pycsl_gwql3f_j.mlw", line 1673, characters 82-101:
Sub-goal array creation size of goal statementemissionmixin___handle_critical_section_stmt'vc.
Prover result is: Valid (0.02s, 16642 steps).

File "/home/fabrice/git/pycsl/scratchpad/w7/tmp/.pycsl_gwql3f_j.mlw", line 1592, characters 15-19:
Sub-goal postcondition of goal statementemissionmixin___handle_critical_section_stmt'vc.
Prover result is: Valid (0.02s, 18752 steps).

File "/home/fabrice/git/pycsl/scratchpad/w7/tmp/.pycsl_gwql3f_j.mlw", line 1593, characters 15-56:
Sub-goal postcondition of goal statementemissionmixin___handle_critical_section_stmt'vc.
Prover result is: Valid (0.02s, 40068 steps).

File "/home/fabrice/git/pycsl/scratchpad/w7/tmp/.pycsl_gwql3f_j.mlw", line 1594, characters 15-60:
Sub-goal postcondition of goal statementemissionmixin___handle_critical_section_stmt'vc.
Prover result is: Valid (0.02s, 40081 steps).

File "/home/fabrice/git/pycsl/scratchpad/w7/tmp/.pycsl_gwql3f_j.mlw", line 1595, characters 15-50:
Sub-goal postcondition of goal statementemissionmixin___handle_critical_section_stmt'vc.
Prover result is: Valid (0.02s, 40094 steps).

File "/home/fabrice/git/pycsl/scratchpad/w7/tmp/.pycsl_gwql3f_j.mlw", line 1596, characters 15-62:
Sub-goal postcondition of goal statementemissionmixin___handle_critical_section_stmt'vc.
Prover result is: Valid (0.02s, 40107 steps).

File "/home/fabrice/git/pycsl/scratchpad/w7/tmp/.pycsl_gwql3f_j.mlw", line 1592, characters 15-19:
Sub-goal postcondition of goal statementemissionmixin___handle_critical_section_stmt'vc.
Prover result is: Valid (0.02s, 18397 steps).

File "/home/fabrice/git/pycsl/scratchpad/w7/tmp/.pycsl_gwql3f_j.mlw", line 1593, characters 15-56:
Sub-goal postcondition of goal statementemissionmixin___handle_critical_section_stmt'vc.
Prover result is: Valid (0.02s, 39505 steps).

File "/home/fabrice/git/pycsl/scratchpad/w7/tmp/.pycsl_gwql3f_j.mlw", line 1594, characters 15-60:
Sub-goal postcondition of goal statementemissionmixin___handle_critical_section_stmt'vc.
Prover result is: Valid (0.02s, 39518 steps).

File "/home/fabrice/git/pycsl/scratchpad/w7/tmp/.pycsl_gwql3f_j.mlw", line 1595, characters 15-50:
Sub-goal postcondition of goal statementemissionmixin___handle_critical_section_stmt'vc.
Prover result is: Valid (0.02s, 39531 steps).

File "/home/fabrice/git/pycsl/scratchpad/w7/tmp/.pycsl_gwql3f_j.mlw", line 1596, characters 15-62:
Sub-goal postcondition of goal statementemissionmixin___handle_critical_section_stmt'vc.
Prover result is: Valid (0.02s, 39544 steps).

File "/home/fabrice/git/pycsl/scratchpad/w7/tmp/.pycsl_gwql3f_j.mlw", line 1592, characters 15-19:
Sub-goal postcondition of goal statementemissionmixin___handle_critical_section_stmt'vc.
Prover result is: Valid (0.02s, 17924 steps).

File "/home/fabrice/git/pycsl/scratchpad/w7/tmp/.pycsl_gwql3f_j.mlw", line 1593, characters 15-56:
Sub-goal postcondition of goal statementemissionmixin___handle_critical_section_stmt'vc.
Prover result is: Valid (0.03s, 37406 steps).

File "/home/fabrice/git/pycsl/scratchpad/w7/tmp/.pycsl_gwql3f_j.mlw", line 1594, characters 15-60:
Sub-goal postcondition of goal statementemissionmixin___handle_critical_section_stmt'vc.
Prover result is: Valid (0.02s, 37419 steps).

File "/home/fabrice/git/pycsl/scratchpad/w7/tmp/.pycsl_gwql3f_j.mlw", line 1595, characters 15-50:
Sub-goal postcondition of goal statementemissionmixin___handle_critical_section_stmt'vc.
Prover result is: Valid (0.03s, 37432 steps).

File "/home/fabrice/git/pycsl/scratchpad/w7/tmp/.pycsl_gwql3f_j.mlw", line 1596, characters 15-62:
Sub-goal postcondition of goal statementemissionmixin___handle_critical_section_stmt'vc.
Prover result is: Valid (0.03s, 37445 steps).

File "/home/fabrice/git/pycsl/scratchpad/w7/tmp/.pycsl_gwql3f_j.mlw", line 1592, characters 15-19:
Sub-goal postcondition of goal statementemissionmixin___handle_critical_section_stmt'vc.
Prover result is: Valid (0.02s, 17569 steps).

File "/home/fabrice/git/pycsl/scratchpad/w7/tmp/.pycsl_gwql3f_j.mlw", line 1593, characters 15-56:
Sub-goal postcondition of goal statementemissionmixin___handle_critical_section_stmt'vc.
Prover result is: Valid (0.03s, 36843 steps).

File "/home/fabrice/git/pycsl/scratchpad/w7/tmp/.pycsl_gwql3f_j.mlw", line 1594, characters 15-60:
Sub-goal postcondition of goal statementemissionmixin___handle_critical_section_stmt'vc.
Prover result is: Valid (0.03s, 36856 steps).

File "/home/fabrice/git/pycsl/scratchpad/w7/tmp/.pycsl_gwql3f_j.mlw", line 1595, characters 15-50:
Sub-goal postcondition of goal statementemissionmixin___handle_critical_section_stmt'vc.
Prover result is: Valid (0.02s, 36869 steps).

File "/home/fabrice/git/pycsl/scratchpad/w7/tmp/.pycsl_gwql3f_j.mlw", line 1596, characters 15-62:
Sub-goal postcondition of goal statementemissionmixin___handle_critical_section_stmt'vc.
Prover result is: Valid (0.02s, 36882 steps).

File "/home/fabrice/git/pycsl/scratchpad/w7/tmp/.pycsl_gwql3f_j.mlw", line 1592, characters 15-19:
Sub-goal postcondition of goal statementemissionmixin___handle_critical_section_stmt'vc.
Prover result is: Valid (0.01s, 10048 steps).

File "/home/fabrice/git/pycsl/scratchpad/w7/tmp/.pycsl_gwql3f_j.mlw", line 1593, characters 15-56:
Sub-goal postcondition of goal statementemissionmixin___handle_critical_section_stmt'vc.
Prover result is: Valid (0.02s, 10049 steps).

File "/home/fabrice/git/pycsl/scratchpad/w7/tmp/.pycsl_gwql3f_j.mlw", line 1594, characters 15-60:
Sub-goal postcondition of goal statementemissionmixin___handle_critical_section_stmt'vc.
Prover result is: Valid (0.01s, 10050 steps).

File "/home/fabrice/git/pycsl/scratchpad/w7/tmp/.pycsl_gwql3f_j.mlw", line 1595, characters 15-50:
Sub-goal postcondition of goal statementemissionmixin___handle_critical_section_stmt'vc.
Prover result is: Valid (0.01s, 10051 steps).

File "/home/fabrice/git/pycsl/scratchpad/w7/tmp/.pycsl_gwql3f_j.mlw", line 1596, characters 15-62:
Sub-goal postcondition of goal statementemissionmixin___handle_critical_section_stmt'vc.
Prover result is: Valid (0.02s, 10052 steps).

File "/home/fabrice/git/pycsl/scratchpad/w7/tmp/.pycsl_gwql3f_j.mlw", line 1592, characters 15-19:
Sub-goal postcondition of goal statementemissionmixin___handle_critical_section_stmt'vc.
Prover result is: Valid (0.01s, 10021 steps).

File "/home/fabrice/git/pycsl/scratchpad/w7/tmp/.pycsl_gwql3f_j.mlw", line 1593, characters 15-56:
Sub-goal postcondition of goal statementemissionmixin___handle_critical_section_stmt'vc.
Prover result is: Valid (0.01s, 10022 steps).

File "/home/fabrice/git/pycsl/scratchpad/w7/tmp/.pycsl_gwql3f_j.mlw", line 1594, characters 15-60:
Sub-goal postcondition of goal statementemissionmixin___handle_critical_section_stmt'vc.
Prover result is: Valid (0.02s, 10023 steps).

File "/home/fabrice/git/pycsl/scratchpad/w7/tmp/.pycsl_gwql3f_j.mlw", line 1595, characters 15-50:
Sub-goal postcondition of goal statementemissionmixin___handle_critical_section_stmt'vc.
Prover result is: Valid (0.01s, 10024 steps).

File "/home/fabrice/git/pycsl/scratchpad/w7/tmp/.pycsl_gwql3f_j.mlw", line 1596, characters 15-62:
Sub-goal postcondition of goal statementemissionmixin___handle_critical_section_stmt'vc.
Prover result is: Valid (0.01s, 10025 steps).

File "/home/fabrice/git/pycsl/scratchpad/w7/tmp/.pycsl_gwql3f_j.mlw", line 1592, characters 15-19:
Sub-goal postcondition of goal statementemissionmixin___handle_critical_section_stmt'vc.
Prover result is: Valid (0.01s, 9680 steps).

File "/home/fabrice/git/pycsl/scratchpad/w7/tmp/.pycsl_gwql3f_j.mlw", line 1593, characters 15-56:
Sub-goal postcondition of goal statementemissionmixin___handle_critical_section_stmt'vc.
Prover result is: Valid (0.01s, 9681 steps).

File "/home/fabrice/git/pycsl/scratchpad/w7/tmp/.pycsl_gwql3f_j.mlw", line 1594, characters 15-60:
Sub-goal postcondition of goal statementemissionmixin___handle_critical_section_stmt'vc.
Prover result is: Valid (0.01s, 9682 steps).

File "/home/fabrice/git/pycsl/scratchpad/w7/tmp/.pycsl_gwql3f_j.mlw", line 1595, characters 15-50:
Sub-goal postcondition of goal statementemissionmixin___handle_critical_section_stmt'vc.
Prover result is: Valid (0.01s, 9683 steps).

File "/home/fabrice/git/pycsl/scratchpad/w7/tmp/.pycsl_gwql3f_j.mlw", line 1596, characters 15-62:
Sub-goal postcondition of goal statementemissionmixin___handle_critical_section_stmt'vc.
Prover result is: Valid (0.02s, 9684 steps).

File "/home/fabrice/git/pycsl/scratchpad/w7/tmp/.pycsl_gwql3f_j.mlw", line 1592, characters 15-19:
Sub-goal postcondition of goal statementemissionmixin___handle_critical_section_stmt'vc.
Prover result is: Valid (0.01s, 9653 steps).

File "/home/fabrice/git/pycsl/scratchpad/w7/tmp/.pycsl_gwql3f_j.mlw", line 1593, characters 15-56:
Sub-goal postcondition of goal statementemissionmixin___handle_critical_section_stmt'vc.
Prover result is: Valid (0.01s, 9654 steps).

File "/home/fabrice/git/pycsl/scratchpad/w7/tmp/.pycsl_gwql3f_j.mlw", line 1594, characters 15-60:
Sub-goal postcondition of goal statementemissionmixin___handle_critical_section_stmt'vc.
Prover result is: Valid (0.01s, 9655 steps).

File "/home/fabrice/git/pycsl/scratchpad/w7/tmp/.pycsl_gwql3f_j.mlw", line 1595, characters 15-50:
Sub-goal postcondition of goal statementemissionmixin___handle_critical_section_stmt'vc.
Prover result is: Valid (0.01s, 9656 steps).

File "/home/fabrice/git/pycsl/scratchpad/w7/tmp/.pycsl_gwql3f_j.mlw", line 1596, characters 15-62:
Sub-goal postcondition of goal statementemissionmixin___handle_critical_section_stmt'vc.
Prover result is: Valid (0.01s, 9657 steps).

File "/home/fabrice/git/pycsl/scratchpad/w7/tmp/.pycsl_gwql3f_j.mlw", line 1673, characters 82-101:
Sub-goal array creation size of goal statementemissionmixin___handle_critical_section_stmt'vc.
Prover result is: Valid (0.01s, 16640 steps).

File "/home/fabrice/git/pycsl/scratchpad/w7/tmp/.pycsl_gwql3f_j.mlw", line 1592, characters 15-19:
Sub-goal postcondition of goal statementemissionmixin___handle_critical_section_stmt'vc.
Prover result is: Valid (0.01s, 18750 steps).

File "/home/fabrice/git/pycsl/scratchpad/w7/tmp/.pycsl_gwql3f_j.mlw", line 1593, characters 15-56:
Sub-goal postcondition of goal statementemissionmixin___handle_critical_section_stmt'vc.
Prover result is: Valid (0.04s, 147209 steps).

File "/home/fabrice/git/pycsl/scratchpad/w7/tmp/.pycsl_gwql3f_j.mlw", line 1594, characters 15-60:
Sub-goal postcondition of goal statementemissionmixin___handle_critical_section_stmt'vc.
Prover result is: Valid (0.03s, 147260 steps).

File "/home/fabrice/git/pycsl/scratchpad/w7/tmp/.pycsl_gwql3f_j.mlw", line 1595, characters 15-50:
Sub-goal postcondition of goal statementemissionmixin___handle_critical_section_stmt'vc.
Prover result is: Valid (0.04s, 147317 steps).

File "/home/fabrice/git/pycsl/scratchpad/w7/tmp/.pycsl_gwql3f_j.mlw", line 1596, characters 15-62:
Sub-goal postcondition of goal statementemissionmixin___handle_critical_section_stmt'vc.
Prover result is: Valid (0.04s, 147362 steps).

File "/home/fabrice/git/pycsl/scratchpad/w7/tmp/.pycsl_gwql3f_j.mlw", line 1592, characters 15-19:
Sub-goal postcondition of goal statementemissionmixin___handle_critical_section_stmt'vc.
Prover result is: Valid (0.02s, 18395 steps).

File "/home/fabrice/git/pycsl/scratchpad/w7/tmp/.pycsl_gwql3f_j.mlw", line 1593, characters 15-56:
Sub-goal postcondition of goal statementemissionmixin___handle_critical_section_stmt'vc.
Prover result is: Valid (0.04s, 144937 steps).

File "/home/fabrice/git/pycsl/scratchpad/w7/tmp/.pycsl_gwql3f_j.mlw", line 1594, characters 15-60:
Sub-goal postcondition of goal statementemissionmixin___handle_critical_section_stmt'vc.
Prover result is: Valid (0.04s, 144988 steps).

File "/home/fabrice/git/pycsl/scratchpad/w7/tmp/.pycsl_gwql3f_j.mlw", line 1595, characters 15-50:
Sub-goal postcondition of goal statementemissionmixin___handle_critical_section_stmt'vc.
Prover result is: Valid (0.04s, 145045 steps).

File "/home/fabrice/git/pycsl/scratchpad/w7/tmp/.pycsl_gwql3f_j.mlw", line 1596, characters 15-62:
Sub-goal postcondition of goal statementemissionmixin___handle_critical_section_stmt'vc.
Prover result is: Valid (0.04s, 145090 steps).

File "/home/fabrice/git/pycsl/scratchpad/w7/tmp/.pycsl_gwql3f_j.mlw", line 1592, characters 15-19:
Sub-goal postcondition of goal statementemissionmixin___handle_critical_section_stmt'vc.
Prover result is: Valid (0.02s, 17922 steps).

File "/home/fabrice/git/pycsl/scratchpad/w7/tmp/.pycsl_gwql3f_j.mlw", line 1593, characters 15-56:
Sub-goal postcondition of goal statementemissionmixin___handle_critical_section_stmt'vc.
Prover result is: Valid (0.05s, 138538 steps).

File "/home/fabrice/git/pycsl/scratchpad/w7/tmp/.pycsl_gwql3f_j.mlw", line 1594, characters 15-60:
Sub-goal postcondition of goal statementemissionmixin___handle_critical_section_stmt'vc.
Prover result is: Valid (0.04s, 138589 steps).

File "/home/fabrice/git/pycsl/scratchpad/w7/tmp/.pycsl_gwql3f_j.mlw", line 1595, characters 15-50:
Sub-goal postcondition of goal statementemissionmixin___handle_critical_section_stmt'vc.
Prover result is: Valid (0.07s, 236025 steps).

File "/home/fabrice/git/pycsl/scratchpad/w7/tmp/.pycsl_gwql3f_j.mlw", line 1596, characters 15-62:
Sub-goal postcondition of goal statementemissionmixin___handle_critical_section_stmt'vc.
Prover result is: Valid (0.04s, 138691 steps).

File "/home/fabrice/git/pycsl/scratchpad/w7/tmp/.pycsl_gwql3f_j.mlw", line 1592, characters 15-19:
Sub-goal postcondition of goal statementemissionmixin___handle_critical_section_stmt'vc.
Prover result is: Valid (0.02s, 17567 steps).

File "/home/fabrice/git/pycsl/scratchpad/w7/tmp/.pycsl_gwql3f_j.mlw", line 1593, characters 15-56:
Sub-goal postcondition of goal statementemissionmixin___handle_critical_section_stmt'vc.
Prover result is: Valid (0.03s, 136266 steps).

File "/home/fabrice/git/pycsl/scratchpad/w7/tmp/.pycsl_gwql3f_j.mlw", line 1594, characters 15-60:
Sub-goal postcondition of goal statementemissionmixin___handle_critical_section_stmt'vc.
Prover result is: Valid (0.04s, 136317 steps).

File "/home/fabrice/git/pycsl/scratchpad/w7/tmp/.pycsl_gwql3f_j.mlw", line 1595, characters 15-50:
Sub-goal postcondition of goal statementemissionmixin___handle_critical_section_stmt'vc.
Prover result is: Valid (0.06s, 232513 steps).

File "/home/fabrice/git/pycsl/scratchpad/w7/tmp/.pycsl_gwql3f_j.mlw", line 1596, characters 15-62:
Sub-goal postcondition of goal statementemissionmixin___handle_critical_section_stmt'vc.
Prover result is: Valid (0.03s, 136419 steps).

File "/home/fabrice/git/pycsl/scratchpad/w7/tmp/.pycsl_gwql3f_j.mlw", line 1592, characters 15-19:
Sub-goal postcondition of goal statementemissionmixin___handle_critical_section_stmt'vc.
Prover result is: Valid (0.02s, 10046 steps).

File "/home/fabrice/git/pycsl/scratchpad/w7/tmp/.pycsl_gwql3f_j.mlw", line 1593, characters 15-56:
Sub-goal postcondition of goal statementemissionmixin___handle_critical_section_stmt'vc.
Prover result is: Valid (0.01s, 10047 steps).

File "/home/fabrice/git/pycsl/scratchpad/w7/tmp/.pycsl_gwql3f_j.mlw", line 1594, characters 15-60:
Sub-goal postcondition of goal statementemissionmixin___handle_critical_section_stmt'vc.
Prover result is: Valid (0.01s, 10048 steps).

File "/home/fabrice/git/pycsl/scratchpad/w7/tmp/.pycsl_gwql3f_j.mlw", line 1595, characters 15-50:
Sub-goal postcondition of goal statementemissionmixin___handle_critical_section_stmt'vc.
Prover result is: Valid (0.01s, 10049 steps).

File "/home/fabrice/git/pycsl/scratchpad/w7/tmp/.pycsl_gwql3f_j.mlw", line 1596, characters 15-62:
Sub-goal postcondition of goal statementemissionmixin___handle_critical_section_stmt'vc.
Prover result is: Valid (0.02s, 10050 steps).

File "/home/fabrice/git/pycsl/scratchpad/w7/tmp/.pycsl_gwql3f_j.mlw", line 1592, characters 15-19:
Sub-goal postcondition of goal statementemissionmixin___handle_critical_section_stmt'vc.
Prover result is: Valid (0.01s, 10019 steps).

File "/home/fabrice/git/pycsl/scratchpad/w7/tmp/.pycsl_gwql3f_j.mlw", line 1593, characters 15-56:
Sub-goal postcondition of goal statementemissionmixin___handle_critical_section_stmt'vc.
Prover result is: Valid (0.01s, 10020 steps).

File "/home/fabrice/git/pycsl/scratchpad/w7/tmp/.pycsl_gwql3f_j.mlw", line 1594, characters 15-60:
Sub-goal postcondition of goal statementemissionmixin___handle_critical_section_stmt'vc.
Prover result is: Valid (0.02s, 10021 steps).

File "/home/fabrice/git/pycsl/scratchpad/w7/tmp/.pycsl_gwql3f_j.mlw", line 1595, characters 15-50:
Sub-goal postcondition of goal statementemissionmixin___handle_critical_section_stmt'vc.
Prover result is: Valid (0.01s, 10022 steps).

File "/home/fabrice/git/pycsl/scratchpad/w7/tmp/.pycsl_gwql3f_j.mlw", line 1596, characters 15-62:
Sub-goal postcondition of goal statementemissionmixin___handle_critical_section_stmt'vc.
Prover result is: Valid (0.01s, 10023 steps).

File "/home/fabrice/git/pycsl/scratchpad/w7/tmp/.pycsl_gwql3f_j.mlw", line 1592, characters 15-19:
Sub-goal postcondition of goal statementemissionmixin___handle_critical_section_stmt'vc.
Prover result is: Valid (0.01s, 9678 steps).

File "/home/fabrice/git/pycsl/scratchpad/w7/tmp/.pycsl_gwql3f_j.mlw", line 1593, characters 15-56:
Sub-goal postcondition of goal statementemissionmixin___handle_critical_section_stmt'vc.
Prover result is: Valid (0.02s, 9679 steps).

File "/home/fabrice/git/pycsl/scratchpad/w7/tmp/.pycsl_gwql3f_j.mlw", line 1594, characters 15-60:
Sub-goal postcondition of goal statementemissionmixin___handle_critical_section_stmt'vc.
Prover result is: Valid (0.01s, 9680 steps).

File "/home/fabrice/git/pycsl/scratchpad/w7/tmp/.pycsl_gwql3f_j.mlw", line 1595, characters 15-50:
Sub-goal postcondition of goal statementemissionmixin___handle_critical_section_stmt'vc.
Prover result is: Valid (0.01s, 9681 steps).

File "/home/fabrice/git/pycsl/scratchpad/w7/tmp/.pycsl_gwql3f_j.mlw", line 1596, characters 15-62:
Sub-goal postcondition of goal statementemissionmixin___handle_critical_section_stmt'vc.
Prover result is: Valid (0.02s, 9682 steps).

File "/home/fabrice/git/pycsl/scratchpad/w7/tmp/.pycsl_gwql3f_j.mlw", line 1592, characters 15-19:
Sub-goal postcondition of goal statementemissionmixin___handle_critical_section_stmt'vc.
Prover result is: Valid (0.01s, 9651 steps).

File "/home/fabrice/git/pycsl/scratchpad/w7/tmp/.pycsl_gwql3f_j.mlw", line 1593, characters 15-56:
Sub-goal postcondition of goal statementemissionmixin___handle_critical_section_stmt'vc.
Prover result is: Valid (0.01s, 9652 steps).

File "/home/fabrice/git/pycsl/scratchpad/w7/tmp/.pycsl_gwql3f_j.mlw", line 1594, characters 15-60:
Sub-goal postcondition of goal statementemissionmixin___handle_critical_section_stmt'vc.
Prover result is: Valid (0.01s, 9653 steps).

File "/home/fabrice/git/pycsl/scratchpad/w7/tmp/.pycsl_gwql3f_j.mlw", line 1595, characters 15-50:
Sub-goal postcondition of goal statementemissionmixin___handle_critical_section_stmt'vc.
Prover result is: Valid (0.01s, 9654 steps).

File "/home/fabrice/git/pycsl/scratchpad/w7/tmp/.pycsl_gwql3f_j.mlw", line 1596, characters 15-62:
Sub-goal postcondition of goal statementemissionmixin___handle_critical_section_stmt'vc.
Prover result is: Valid (0.01s, 9655 steps).

File "/home/fabrice/git/pycsl/scratchpad/w7/tmp/.pycsl_gwql3f_j.mlw", line 1673, characters 82-101:
Sub-goal array creation size of goal statementemissionmixin___handle_critical_section_stmt'vc.
Prover result is: Valid (0.01s, 8421 steps).

File "/home/fabrice/git/pycsl/scratchpad/w7/tmp/.pycsl_gwql3f_j.mlw", line 1592, characters 15-19:
Sub-goal postcondition of goal statementemissionmixin___handle_critical_section_stmt'vc.
Prover result is: Valid (0.01s, 8993 steps).

File "/home/fabrice/git/pycsl/scratchpad/w7/tmp/.pycsl_gwql3f_j.mlw", line 1593, characters 15-56:
Sub-goal postcondition of goal statementemissionmixin___handle_critical_section_stmt'vc.
Prover result is: Valid (0.01s, 8994 steps).

File "/home/fabrice/git/pycsl/scratchpad/w7/tmp/.pycsl_gwql3f_j.mlw", line 1594, characters 15-60:
Sub-goal postcondition of goal statementemissionmixin___handle_critical_section_stmt'vc.
Prover result is: Valid (0.02s, 8995 steps).

File "/home/fabrice/git/pycsl/scratchpad/w7/tmp/.pycsl_gwql3f_j.mlw", line 1595, characters 15-50:
Sub-goal postcondition of goal statementemissionmixin___handle_critical_section_stmt'vc.
Prover result is: Valid (0.02s, 8996 steps).

File "/home/fabrice/git/pycsl/scratchpad/w7/tmp/.pycsl_gwql3f_j.mlw", line 1596, characters 15-62:
Sub-goal postcondition of goal statementemissionmixin___handle_critical_section_stmt'vc.
Prover result is: Valid (0.02s, 8997 steps).

File "/home/fabrice/git/pycsl/scratchpad/w7/tmp/.pycsl_gwql3f_j.mlw", line 1592, characters 15-19:
Sub-goal postcondition of goal statementemissionmixin___handle_critical_section_stmt'vc.
Prover result is: Valid (0.02s, 8966 steps).

File "/home/fabrice/git/pycsl/scratchpad/w7/tmp/.pycsl_gwql3f_j.mlw", line 1593, characters 15-56:
Sub-goal postcondition of goal statementemissionmixin___handle_critical_section_stmt'vc.
Prover result is: Valid (0.02s, 8967 steps).

File "/home/fabrice/git/pycsl/scratchpad/w7/tmp/.pycsl_gwql3f_j.mlw", line 1594, characters 15-60:
Sub-goal postcondition of goal statementemissionmixin___handle_critical_section_stmt'vc.
Prover result is: Valid (0.01s, 8968 steps).

File "/home/fabrice/git/pycsl/scratchpad/w7/tmp/.pycsl_gwql3f_j.mlw", line 1595, characters 15-50:
Sub-goal postcondition of goal statementemissionmixin___handle_critical_section_stmt'vc.
Prover result is: Valid (0.01s, 8969 steps).

File "/home/fabrice/git/pycsl/scratchpad/w7/tmp/.pycsl_gwql3f_j.mlw", line 1596, characters 15-62:
Sub-goal postcondition of goal statementemissionmixin___handle_critical_section_stmt'vc.
Prover result is: Valid (0.01s, 8970 steps).

File "/home/fabrice/git/pycsl/scratchpad/w7/tmp/.pycsl_gwql3f_j.mlw", line 1592, characters 15-19:
Sub-goal postcondition of goal statementemissionmixin___handle_critical_section_stmt'vc.
Prover result is: Valid (0.02s, 8625 steps).

File "/home/fabrice/git/pycsl/scratchpad/w7/tmp/.pycsl_gwql3f_j.mlw", line 1593, characters 15-56:
Sub-goal postcondition of goal statementemissionmixin___handle_critical_section_stmt'vc.
Prover result is: Valid (0.01s, 8626 steps).

File "/home/fabrice/git/pycsl/scratchpad/w7/tmp/.pycsl_gwql3f_j.mlw", line 1594, characters 15-60:
Sub-goal postcondition of goal statementemissionmixin___handle_critical_section_stmt'vc.
Prover result is: Valid (0.01s, 8627 steps).

File "/home/fabrice/git/pycsl/scratchpad/w7/tmp/.pycsl_gwql3f_j.mlw", line 1595, characters 15-50:
Sub-goal postcondition of goal statementemissionmixin___handle_critical_section_stmt'vc.
Prover result is: Valid (0.01s, 8628 steps).

File "/home/fabrice/git/pycsl/scratchpad/w7/tmp/.pycsl_gwql3f_j.mlw", line 1596, characters 15-62:
Sub-goal postcondition of goal statementemissionmixin___handle_critical_section_stmt'vc.
Prover result is: Valid (0.01s, 8629 steps).

File "/home/fabrice/git/pycsl/scratchpad/w7/tmp/.pycsl_gwql3f_j.mlw", line 1592, characters 15-19:
Sub-goal postcondition of goal statementemissionmixin___handle_critical_section_stmt'vc.
Prover result is: Valid (0.01s, 8598 steps).

File "/home/fabrice/git/pycsl/scratchpad/w7/tmp/.pycsl_gwql3f_j.mlw", line 1593, characters 15-56:
Sub-goal postcondition of goal statementemissionmixin___handle_critical_section_stmt'vc.
Prover result is: Valid (0.01s, 8599 steps).

File "/home/fabrice/git/pycsl/scratchpad/w7/tmp/.pycsl_gwql3f_j.mlw", line 1594, characters 15-60:
Sub-goal postcondition of goal statementemissionmixin___handle_critical_section_stmt'vc.
Prover result is: Valid (0.01s, 8600 steps).

File "/home/fabrice/git/pycsl/scratchpad/w7/tmp/.pycsl_gwql3f_j.mlw", line 1595, characters 15-50:
Sub-goal postcondition of goal statementemissionmixin___handle_critical_section_stmt'vc.
Prover result is: Valid (0.01s, 8601 steps).

File "/home/fabrice/git/pycsl/scratchpad/w7/tmp/.pycsl_gwql3f_j.mlw", line 1596, characters 15-62:
Sub-goal postcondition of goal statementemissionmixin___handle_critical_section_stmt'vc.
Prover result is: Valid (0.01s, 8602 steps).

File "/home/fabrice/git/pycsl/scratchpad/w7/tmp/.pycsl_gwql3f_j.mlw", line 1592, characters 15-19:
Sub-goal postcondition of goal statementemissionmixin___handle_critical_section_stmt'vc.
Prover result is: Valid (0.01s, 8900 steps).

File "/home/fabrice/git/pycsl/scratchpad/w7/tmp/.pycsl_gwql3f_j.mlw", line 1593, characters 15-56:
Sub-goal postcondition of goal statementemissionmixin___handle_critical_section_stmt'vc.
Prover result is: Valid (0.01s, 8901 steps).

File "/home/fabrice/git/pycsl/scratchpad/w7/tmp/.pycsl_gwql3f_j.mlw", line 1594, characters 15-60:
Sub-goal postcondition of goal statementemissionmixin___handle_critical_section_stmt'vc.
Prover result is: Valid (0.01s, 8902 steps).

File "/home/fabrice/git/pycsl/scratchpad/w7/tmp/.pycsl_gwql3f_j.mlw", line 1595, characters 15-50:
Sub-goal postcondition of goal statementemissionmixin___handle_critical_section_stmt'vc.
Prover result is: Valid (0.01s, 8903 steps).

File "/home/fabrice/git/pycsl/scratchpad/w7/tmp/.pycsl_gwql3f_j.mlw", line 1596, characters 15-62:
Sub-goal postcondition of goal statementemissionmixin___handle_critical_section_stmt'vc.
Prover result is: Valid (0.01s, 8904 steps).

File "/home/fabrice/git/pycsl/scratchpad/w7/tmp/.pycsl_gwql3f_j.mlw", line 1592, characters 15-19:
Sub-goal postcondition of goal statementemissionmixin___handle_critical_section_stmt'vc.
Prover result is: Valid (0.01s, 8873 steps).

File "/home/fabrice/git/pycsl/scratchpad/w7/tmp/.pycsl_gwql3f_j.mlw", line 1593, characters 15-56:
Sub-goal postcondition of goal statementemissionmixin___handle_critical_section_stmt'vc.
Prover result is: Valid (0.01s, 8874 steps).

File "/home/fabrice/git/pycsl/scratchpad/w7/tmp/.pycsl_gwql3f_j.mlw", line 1594, characters 15-60:
Sub-goal postcondition of goal statementemissionmixin___handle_critical_section_stmt'vc.
Prover result is: Valid (0.01s, 8875 steps).

File "/home/fabrice/git/pycsl/scratchpad/w7/tmp/.pycsl_gwql3f_j.mlw", line 1595, characters 15-50:
Sub-goal postcondition of goal statementemissionmixin___handle_critical_section_stmt'vc.
Prover result is: Valid (0.01s, 8876 steps).

File "/home/fabrice/git/pycsl/scratchpad/w7/tmp/.pycsl_gwql3f_j.mlw", line 1596, characters 15-62:
Sub-goal postcondition of goal statementemissionmixin___handle_critical_section_stmt'vc.
Prover result is: Valid (0.01s, 8877 steps).

File "/home/fabrice/git/pycsl/scratchpad/w7/tmp/.pycsl_gwql3f_j.mlw", line 1592, characters 15-19:
Sub-goal postcondition of goal statementemissionmixin___handle_critical_section_stmt'vc.
Prover result is: Valid (0.01s, 8532 steps).

File "/home/fabrice/git/pycsl/scratchpad/w7/tmp/.pycsl_gwql3f_j.mlw", line 1593, characters 15-56:
Sub-goal postcondition of goal statementemissionmixin___handle_critical_section_stmt'vc.
Prover result is: Valid (0.01s, 8533 steps).

File "/home/fabrice/git/pycsl/scratchpad/w7/tmp/.pycsl_gwql3f_j.mlw", line 1594, characters 15-60:
Sub-goal postcondition of goal statementemissionmixin___handle_critical_section_stmt'vc.
Prover result is: Valid (0.01s, 8534 steps).

File "/home/fabrice/git/pycsl/scratchpad/w7/tmp/.pycsl_gwql3f_j.mlw", line 1595, characters 15-50:
Sub-goal postcondition of goal statementemissionmixin___handle_critical_section_stmt'vc.
Prover result is: Valid (0.01s, 8535 steps).

File "/home/fabrice/git/pycsl/scratchpad/w7/tmp/.pycsl_gwql3f_j.mlw", line 1596, characters 15-62:
Sub-goal postcondition of goal statementemissionmixin___handle_critical_section_stmt'vc.
Prover result is: Valid (0.02s, 8536 steps).

File "/home/fabrice/git/pycsl/scratchpad/w7/tmp/.pycsl_gwql3f_j.mlw", line 1592, characters 15-19:
Sub-goal postcondition of goal statementemissionmixin___handle_critical_section_stmt'vc.
Prover result is: Valid (0.01s, 8505 steps).

File "/home/fabrice/git/pycsl/scratchpad/w7/tmp/.pycsl_gwql3f_j.mlw", line 1593, characters 15-56:
Sub-goal postcondition of goal statementemissionmixin___handle_critical_section_stmt'vc.
Prover result is: Valid (0.02s, 8506 steps).

File "/home/fabrice/git/pycsl/scratchpad/w7/tmp/.pycsl_gwql3f_j.mlw", line 1594, characters 15-60:
Sub-goal postcondition of goal statementemissionmixin___handle_critical_section_stmt'vc.
Prover result is: Valid (0.01s, 8507 steps).

File "/home/fabrice/git/pycsl/scratchpad/w7/tmp/.pycsl_gwql3f_j.mlw", line 1595, characters 15-50:
Sub-goal postcondition of goal statementemissionmixin___handle_critical_section_stmt'vc.
Prover result is: Valid (0.01s, 8508 steps).

File "/home/fabrice/git/pycsl/scratchpad/w7/tmp/.pycsl_gwql3f_j.mlw", line 1596, characters 15-62:
Sub-goal postcondition of goal statementemissionmixin___handle_critical_section_stmt'vc.
Prover result is: Valid (0.02s, 8509 steps).

File "/home/fabrice/git/pycsl/scratchpad/w7/tmp/.pycsl_gwql3f_j.mlw", line 1673, characters 82-101:
Sub-goal array creation size of goal statementemissionmixin___handle_critical_section_stmt'vc.
Prover result is: Valid (0.02s, 7161 steps).

File "/home/fabrice/git/pycsl/scratchpad/w7/tmp/.pycsl_gwql3f_j.mlw", line 1592, characters 15-19:
Sub-goal postcondition of goal statementemissionmixin___handle_critical_section_stmt'vc.
Prover result is: Valid (0.01s, 7737 steps).

File "/home/fabrice/git/pycsl/scratchpad/w7/tmp/.pycsl_gwql3f_j.mlw", line 1593, characters 15-56:
Sub-goal postcondition of goal statementemissionmixin___handle_critical_section_stmt'vc.
Prover result is: Valid (0.02s, 7738 steps).

File "/home/fabrice/git/pycsl/scratchpad/w7/tmp/.pycsl_gwql3f_j.mlw", line 1594, characters 15-60:
Sub-goal postcondition of goal statementemissionmixin___handle_critical_section_stmt'vc.
Prover result is: Valid (0.01s, 7739 steps).

File "/home/fabrice/git/pycsl/scratchpad/w7/tmp/.pycsl_gwql3f_j.mlw", line 1595, characters 15-50:
Sub-goal postcondition of goal statementemissionmixin___handle_critical_section_stmt'vc.
Prover result is: Valid (0.01s, 7740 steps).

File "/home/fabrice/git/pycsl/scratchpad/w7/tmp/.pycsl_gwql3f_j.mlw", line 1596, characters 15-62:
Sub-goal postcondition of goal statementemissionmixin___handle_critical_section_stmt'vc.
Prover result is: Valid (0.02s, 7741 steps).

File "/home/fabrice/git/pycsl/scratchpad/w7/tmp/.pycsl_gwql3f_j.mlw", line 1592, characters 15-19:
Sub-goal postcondition of goal statementemissionmixin___handle_critical_section_stmt'vc.
Prover result is: Valid (0.02s, 7710 steps).

File "/home/fabrice/git/pycsl/scratchpad/w7/tmp/.pycsl_gwql3f_j.mlw", line 1593, characters 15-56:
Sub-goal postcondition of goal statementemissionmixin___handle_critical_section_stmt'vc.
Prover result is: Valid (0.01s, 7711 steps).

File "/home/fabrice/git/pycsl/scratchpad/w7/tmp/.pycsl_gwql3f_j.mlw", line 1594, characters 15-60:
Sub-goal postcondition of goal statementemissionmixin___handle_critical_section_stmt'vc.
Prover result is: Valid (0.01s, 7712 steps).

File "/home/fabrice/git/pycsl/scratchpad/w7/tmp/.pycsl_gwql3f_j.mlw", line 1595, characters 15-50:
Sub-goal postcondition of goal statementemissionmixin___handle_critical_section_stmt'vc.
Prover result is: Valid (0.01s, 7713 steps).

File "/home/fabrice/git/pycsl/scratchpad/w7/tmp/.pycsl_gwql3f_j.mlw", line 1596, characters 15-62:
Sub-goal postcondition of goal statementemissionmixin___handle_critical_section_stmt'vc.
Prover result is: Valid (0.01s, 7714 steps).

File "/home/fabrice/git/pycsl/scratchpad/w7/tmp/.pycsl_gwql3f_j.mlw", line 1592, characters 15-19:
Sub-goal postcondition of goal statementemissionmixin___handle_critical_section_stmt'vc.
Prover result is: Valid (0.01s, 7369 steps).

File "/home/fabrice/git/pycsl/scratchpad/w7/tmp/.pycsl_gwql3f_j.mlw", line 1593, characters 15-56:
Sub-goal postcondition of goal statementemissionmixin___handle_critical_section_stmt'vc.
Prover result is: Valid (0.02s, 7370 steps).

File "/home/fabrice/git/pycsl/scratchpad/w7/tmp/.pycsl_gwql3f_j.mlw", line 1594, characters 15-60:
Sub-goal postcondition of goal statementemissionmixin___handle_critical_section_stmt'vc.
Prover result is: Valid (0.01s, 7371 steps).

File "/home/fabrice/git/pycsl/scratchpad/w7/tmp/.pycsl_gwql3f_j.mlw", line 1595, characters 15-50:
Sub-goal postcondition of goal statementemissionmixin___handle_critical_section_stmt'vc.
Prover result is: Valid (0.01s, 7372 steps).

File "/home/fabrice/git/pycsl/scratchpad/w7/tmp/.pycsl_gwql3f_j.mlw", line 1596, characters 15-62:
Sub-goal postcondition of goal statementemissionmixin___handle_critical_section_stmt'vc.
Prover result is: Valid (0.02s, 7373 steps).

File "/home/fabrice/git/pycsl/scratchpad/w7/tmp/.pycsl_gwql3f_j.mlw", line 1592, characters 15-19:
Sub-goal postcondition of goal statementemissionmixin___handle_critical_section_stmt'vc.
Prover result is: Valid (0.01s, 7342 steps).

File "/home/fabrice/git/pycsl/scratchpad/w7/tmp/.pycsl_gwql3f_j.mlw", line 1593, characters 15-56:
Sub-goal postcondition of goal statementemissionmixin___handle_critical_section_stmt'vc.
Prover result is: Valid (0.01s, 7343 steps).

File "/home/fabrice/git/pycsl/scratchpad/w7/tmp/.pycsl_gwql3f_j.mlw", line 1594, characters 15-60:
Sub-goal postcondition of goal statementemissionmixin___handle_critical_section_stmt'vc.
Prover result is: Valid (0.02s, 7344 steps).

File "/home/fabrice/git/pycsl/scratchpad/w7/tmp/.pycsl_gwql3f_j.mlw", line 1595, characters 15-50:
Sub-goal postcondition of goal statementemissionmixin___handle_critical_section_stmt'vc.
Prover result is: Valid (0.01s, 7345 steps).

File "/home/fabrice/git/pycsl/scratchpad/w7/tmp/.pycsl_gwql3f_j.mlw", line 1596, characters 15-62:
Sub-goal postcondition of goal statementemissionmixin___handle_critical_section_stmt'vc.
Prover result is: Valid (0.01s, 7346 steps).

File "/home/fabrice/git/pycsl/scratchpad/w7/tmp/.pycsl_gwql3f_j.mlw", line 1592, characters 15-19:
Sub-goal postcondition of goal statementemissionmixin___handle_critical_section_stmt'vc.
Prover result is: Valid (0.01s, 7644 steps).

File "/home/fabrice/git/pycsl/scratchpad/w7/tmp/.pycsl_gwql3f_j.mlw", line 1593, characters 15-56:
Sub-goal postcondition of goal statementemissionmixin___handle_critical_section_stmt'vc.
Prover result is: Valid (0.01s, 7645 steps).

File "/home/fabrice/git/pycsl/scratchpad/w7/tmp/.pycsl_gwql3f_j.mlw", line 1594, characters 15-60:
Sub-goal postcondition of goal statementemissionmixin___handle_critical_section_stmt'vc.
Prover result is: Valid (0.01s, 7646 steps).

File "/home/fabrice/git/pycsl/scratchpad/w7/tmp/.pycsl_gwql3f_j.mlw", line 1595, characters 15-50:
Sub-goal postcondition of goal statementemissionmixin___handle_critical_section_stmt'vc.
Prover result is: Valid (0.01s, 7647 steps).

File "/home/fabrice/git/pycsl/scratchpad/w7/tmp/.pycsl_gwql3f_j.mlw", line 1596, characters 15-62:
Sub-goal postcondition of goal statementemissionmixin___handle_critical_section_stmt'vc.
Prover result is: Valid (0.01s, 7648 steps).

File "/home/fabrice/git/pycsl/scratchpad/w7/tmp/.pycsl_gwql3f_j.mlw", line 1592, characters 15-19:
Sub-goal postcondition of goal statementemissionmixin___handle_critical_section_stmt'vc.
Prover result is: Valid (0.01s, 7617 steps).

File "/home/fabrice/git/pycsl/scratchpad/w7/tmp/.pycsl_gwql3f_j.mlw", line 1593, characters 15-56:
Sub-goal postcondition of goal statementemissionmixin___handle_critical_section_stmt'vc.
Prover result is: Valid (0.01s, 7618 steps).

File "/home/fabrice/git/pycsl/scratchpad/w7/tmp/.pycsl_gwql3f_j.mlw", line 1594, characters 15-60:
Sub-goal postcondition of goal statementemissionmixin___handle_critical_section_stmt'vc.
Prover result is: Valid (0.01s, 7619 steps).

File "/home/fabrice/git/pycsl/scratchpad/w7/tmp/.pycsl_gwql3f_j.mlw", line 1595, characters 15-50:
Sub-goal postcondition of goal statementemissionmixin___handle_critical_section_stmt'vc.
Prover result is: Valid (0.01s, 7620 steps).

File "/home/fabrice/git/pycsl/scratchpad/w7/tmp/.pycsl_gwql3f_j.mlw", line 1596, characters 15-62:
Sub-goal postcondition of goal statementemissionmixin___handle_critical_section_stmt'vc.
Prover result is: Valid (0.01s, 7621 steps).

File "/home/fabrice/git/pycsl/scratchpad/w7/tmp/.pycsl_gwql3f_j.mlw", line 1592, characters 15-19:
Sub-goal postcondition of goal statementemissionmixin___handle_critical_section_stmt'vc.
Prover result is: Valid (0.01s, 7276 steps).

File "/home/fabrice/git/pycsl/scratchpad/w7/tmp/.pycsl_gwql3f_j.mlw", line 1593, characters 15-56:
Sub-goal postcondition of goal statementemissionmixin___handle_critical_section_stmt'vc.
Prover result is: Valid (0.01s, 7277 steps).

File "/home/fabrice/git/pycsl/scratchpad/w7/tmp/.pycsl_gwql3f_j.mlw", line 1594, characters 15-60:
Sub-goal postcondition of goal statementemissionmixin___handle_critical_section_stmt'vc.
Prover result is: Valid (0.01s, 7278 steps).

File "/home/fabrice/git/pycsl/scratchpad/w7/tmp/.pycsl_gwql3f_j.mlw", line 1595, characters 15-50:
Sub-goal postcondition of goal statementemissionmixin___handle_critical_section_stmt'vc.
Prover result is: Valid (0.01s, 7279 steps).

File "/home/fabrice/git/pycsl/scratchpad/w7/tmp/.pycsl_gwql3f_j.mlw", line 1596, characters 15-62:
Sub-goal postcondition of goal statementemissionmixin___handle_critical_section_stmt'vc.
Prover result is: Valid (0.01s, 7280 steps).

File "/home/fabrice/git/pycsl/scratchpad/w7/tmp/.pycsl_gwql3f_j.mlw", line 1592, characters 15-19:
Sub-goal postcondition of goal statementemissionmixin___handle_critical_section_stmt'vc.
Prover result is: Valid (0.01s, 7249 steps).

File "/home/fabrice/git/pycsl/scratchpad/w7/tmp/.pycsl_gwql3f_j.mlw", line 1593, characters 15-56:
Sub-goal postcondition of goal statementemissionmixin___handle_critical_section_stmt'vc.
Prover result is: Valid (0.01s, 7250 steps).

File "/home/fabrice/git/pycsl/scratchpad/w7/tmp/.pycsl_gwql3f_j.mlw", line 1594, characters 15-60:
Sub-goal postcondition of goal statementemissionmixin___handle_critical_section_stmt'vc.
Prover result is: Valid (0.01s, 7251 steps).

File "/home/fabrice/git/pycsl/scratchpad/w7/tmp/.pycsl_gwql3f_j.mlw", line 1595, characters 15-50:
Sub-goal postcondition of goal statementemissionmixin___handle_critical_section_stmt'vc.
Prover result is: Valid (0.01s, 7252 steps).

File "/home/fabrice/git/pycsl/scratchpad/w7/tmp/.pycsl_gwql3f_j.mlw", line 1596, characters 15-62:
Sub-goal postcondition of goal statementemissionmixin___handle_critical_section_stmt'vc.
Prover result is: Valid (0.02s, 7253 steps).

File "/home/fabrice/git/pycsl/scratchpad/w7/tmp/.pycsl_gwql3f_j.mlw", line 1673, characters 82-101:
Sub-goal array creation size of goal statementemissionmixin___handle_critical_section_stmt'vc.
Prover result is: Valid (0.01s, 7161 steps).

File "/home/fabrice/git/pycsl/scratchpad/w7/tmp/.pycsl_gwql3f_j.mlw", line 1592, characters 15-19:
Sub-goal postcondition of goal statementemissionmixin___handle_critical_section_stmt'vc.
Prover result is: Valid (0.01s, 7737 steps).

File "/home/fabrice/git/pycsl/scratchpad/w7/tmp/.pycsl_gwql3f_j.mlw", line 1593, characters 15-56:
Sub-goal postcondition of goal statementemissionmixin___handle_critical_section_stmt'vc.
Prover result is: Valid (0.01s, 7738 steps).

File "/home/fabrice/git/pycsl/scratchpad/w7/tmp/.pycsl_gwql3f_j.mlw", line 1594, characters 15-60:
Sub-goal postcondition of goal statementemissionmixin___handle_critical_section_stmt'vc.
Prover result is: Valid (0.02s, 7739 steps).

File "/home/fabrice/git/pycsl/scratchpad/w7/tmp/.pycsl_gwql3f_j.mlw", line 1595, characters 15-50:
Sub-goal postcondition of goal statementemissionmixin___handle_critical_section_stmt'vc.
Prover result is: Valid (0.01s, 7740 steps).

File "/home/fabrice/git/pycsl/scratchpad/w7/tmp/.pycsl_gwql3f_j.mlw", line 1596, characters 15-62:
Sub-goal postcondition of goal statementemissionmixin___handle_critical_section_stmt'vc.
Prover result is: Valid (0.02s, 7741 steps).

File "/home/fabrice/git/pycsl/scratchpad/w7/tmp/.pycsl_gwql3f_j.mlw", line 1592, characters 15-19:
Sub-goal postcondition of goal statementemissionmixin___handle_critical_section_stmt'vc.
Prover result is: Valid (0.02s, 7710 steps).

File "/home/fabrice/git/pycsl/scratchpad/w7/tmp/.pycsl_gwql3f_j.mlw", line 1593, characters 15-56:
Sub-goal postcondition of goal statementemissionmixin___handle_critical_section_stmt'vc.
Prover result is: Valid (0.02s, 7711 steps).

File "/home/fabrice/git/pycsl/scratchpad/w7/tmp/.pycsl_gwql3f_j.mlw", line 1594, characters 15-60:
Sub-goal postcondition of goal statementemissionmixin___handle_critical_section_stmt'vc.
Prover result is: Valid (0.02s, 7712 steps).

File "/home/fabrice/git/pycsl/scratchpad/w7/tmp/.pycsl_gwql3f_j.mlw", line 1595, characters 15-50:
Sub-goal postcondition of goal statementemissionmixin___handle_critical_section_stmt'vc.
Prover result is: Valid (0.02s, 7713 steps).

File "/home/fabrice/git/pycsl/scratchpad/w7/tmp/.pycsl_gwql3f_j.mlw", line 1596, characters 15-62:
Sub-goal postcondition of goal statementemissionmixin___handle_critical_section_stmt'vc.
Prover result is: Valid (0.01s, 7714 steps).

File "/home/fabrice/git/pycsl/scratchpad/w7/tmp/.pycsl_gwql3f_j.mlw", line 1592, characters 15-19:
Sub-goal postcondition of goal statementemissionmixin___handle_critical_section_stmt'vc.
Prover result is: Valid (0.02s, 7369 steps).

File "/home/fabrice/git/pycsl/scratchpad/w7/tmp/.pycsl_gwql3f_j.mlw", line 1593, characters 15-56:
Sub-goal postcondition of goal statementemissionmixin___handle_critical_section_stmt'vc.
Prover result is: Valid (0.01s, 7370 steps).

File "/home/fabrice/git/pycsl/scratchpad/w7/tmp/.pycsl_gwql3f_j.mlw", line 1594, characters 15-60:
Sub-goal postcondition of goal statementemissionmixin___handle_critical_section_stmt'vc.
Prover result is: Valid (0.01s, 7371 steps).

File "/home/fabrice/git/pycsl/scratchpad/w7/tmp/.pycsl_gwql3f_j.mlw", line 1595, characters 15-50:
Sub-goal postcondition of goal statementemissionmixin___handle_critical_section_stmt'vc.
Prover result is: Valid (0.01s, 7372 steps).

File "/home/fabrice/git/pycsl/scratchpad/w7/tmp/.pycsl_gwql3f_j.mlw", line 1596, characters 15-62:
Sub-goal postcondition of goal statementemissionmixin___handle_critical_section_stmt'vc.
Prover result is: Valid (0.01s, 7373 steps).

File "/home/fabrice/git/pycsl/scratchpad/w7/tmp/.pycsl_gwql3f_j.mlw", line 1592, characters 15-19:
Sub-goal postcondition of goal statementemissionmixin___handle_critical_section_stmt'vc.
Prover result is: Valid (0.01s, 7342 steps).

File "/home/fabrice/git/pycsl/scratchpad/w7/tmp/.pycsl_gwql3f_j.mlw", line 1593, characters 15-56:
Sub-goal postcondition of goal statementemissionmixin___handle_critical_section_stmt'vc.
Prover result is: Valid (0.01s, 7343 steps).

File "/home/fabrice/git/pycsl/scratchpad/w7/tmp/.pycsl_gwql3f_j.mlw", line 1594, characters 15-60:
Sub-goal postcondition of goal statementemissionmixin___handle_critical_section_stmt'vc.
Prover result is: Valid (0.02s, 7344 steps).

File "/home/fabrice/git/pycsl/scratchpad/w7/tmp/.pycsl_gwql3f_j.mlw", line 1595, characters 15-50:
Sub-goal postcondition of goal statementemissionmixin___handle_critical_section_stmt'vc.
Prover result is: Valid (0.01s, 7345 steps).

File "/home/fabrice/git/pycsl/scratchpad/w7/tmp/.pycsl_gwql3f_j.mlw", line 1596, characters 15-62:
Sub-goal postcondition of goal statementemissionmixin___handle_critical_section_stmt'vc.
Prover result is: Valid (0.01s, 7346 steps).

File "/home/fabrice/git/pycsl/scratchpad/w7/tmp/.pycsl_gwql3f_j.mlw", line 1592, characters 15-19:
Sub-goal postcondition of goal statementemissionmixin___handle_critical_section_stmt'vc.
Prover result is: Valid (0.01s, 7644 steps).

File "/home/fabrice/git/pycsl/scratchpad/w7/tmp/.pycsl_gwql3f_j.mlw", line 1593, characters 15-56:
Sub-goal postcondition of goal statementemissionmixin___handle_critical_section_stmt'vc.
Prover result is: Valid (0.01s, 7645 steps).

File "/home/fabrice/git/pycsl/scratchpad/w7/tmp/.pycsl_gwql3f_j.mlw", line 1594, characters 15-60:
Sub-goal postcondition of goal statementemissionmixin___handle_critical_section_stmt'vc.
Prover result is: Valid (0.01s, 7646 steps).

File "/home/fabrice/git/pycsl/scratchpad/w7/tmp/.pycsl_gwql3f_j.mlw", line 1595, characters 15-50:
Sub-goal postcondition of goal statementemissionmixin___handle_critical_section_stmt'vc.
Prover result is: Valid (0.01s, 7647 steps).

File "/home/fabrice/git/pycsl/scratchpad/w7/tmp/.pycsl_gwql3f_j.mlw", line 1596, characters 15-62:
Sub-goal postcondition of goal statementemissionmixin___handle_critical_section_stmt'vc.
Prover result is: Valid (0.02s, 7648 steps).

File "/home/fabrice/git/pycsl/scratchpad/w7/tmp/.pycsl_gwql3f_j.mlw", line 1592, characters 15-19:
Sub-goal postcondition of goal statementemissionmixin___handle_critical_section_stmt'vc.
Prover result is: Valid (0.02s, 7617 steps).

File "/home/fabrice/git/pycsl/scratchpad/w7/tmp/.pycsl_gwql3f_j.mlw", line 1593, characters 15-56:
Sub-goal postcondition of goal statementemissionmixin___handle_critical_section_stmt'vc.
Prover result is: Valid (0.01s, 7618 steps).

File "/home/fabrice/git/pycsl/scratchpad/w7/tmp/.pycsl_gwql3f_j.mlw", line 1594, characters 15-60:
Sub-goal postcondition of goal statementemissionmixin___handle_critical_section_stmt'vc.
Prover result is: Valid (0.01s, 7619 steps).

File "/home/fabrice/git/pycsl/scratchpad/w7/tmp/.pycsl_gwql3f_j.mlw", line 1595, characters 15-50:
Sub-goal postcondition of goal statementemissionmixin___handle_critical_section_stmt'vc.
Prover result is: Valid (0.01s, 7620 steps).

File "/home/fabrice/git/pycsl/scratchpad/w7/tmp/.pycsl_gwql3f_j.mlw", line 1596, characters 15-62:
Sub-goal postcondition of goal statementemissionmixin___handle_critical_section_stmt'vc.
Prover result is: Valid (0.01s, 7621 steps).

File "/home/fabrice/git/pycsl/scratchpad/w7/tmp/.pycsl_gwql3f_j.mlw", line 1592, characters 15-19:
Sub-goal postcondition of goal statementemissionmixin___handle_critical_section_stmt'vc.
Prover result is: Valid (0.01s, 7276 steps).

File "/home/fabrice/git/pycsl/scratchpad/w7/tmp/.pycsl_gwql3f_j.mlw", line 1593, characters 15-56:
Sub-goal postcondition of goal statementemissionmixin___handle_critical_section_stmt'vc.
Prover result is: Valid (0.01s, 7277 steps).

File "/home/fabrice/git/pycsl/scratchpad/w7/tmp/.pycsl_gwql3f_j.mlw", line 1594, characters 15-60:
Sub-goal postcondition of goal statementemissionmixin___handle_critical_section_stmt'vc.
Prover result is: Valid (0.01s, 7278 steps).

File "/home/fabrice/git/pycsl/scratchpad/w7/tmp/.pycsl_gwql3f_j.mlw", line 1595, characters 15-50:
Sub-goal postcondition of goal statementemissionmixin___handle_critical_section_stmt'vc.
Prover result is: Valid (0.01s, 7279 steps).

File "/home/fabrice/git/pycsl/scratchpad/w7/tmp/.pycsl_gwql3f_j.mlw", line 1596, characters 15-62:
Sub-goal postcondition of goal statementemissionmixin___handle_critical_section_stmt'vc.
Prover result is: Valid (0.01s, 7280 steps).

File "/home/fabrice/git/pycsl/scratchpad/w7/tmp/.pycsl_gwql3f_j.mlw", line 1592, characters 15-19:
Sub-goal postcondition of goal statementemissionmixin___handle_critical_section_stmt'vc.
Prover result is: Valid (0.01s, 7249 steps).

File "/home/fabrice/git/pycsl/scratchpad/w7/tmp/.pycsl_gwql3f_j.mlw", line 1593, characters 15-56:
Sub-goal postcondition of goal statementemissionmixin___handle_critical_section_stmt'vc.
Prover result is: Valid (0.01s, 7250 steps).

File "/home/fabrice/git/pycsl/scratchpad/w7/tmp/.pycsl_gwql3f_j.mlw", line 1594, characters 15-60:
Sub-goal postcondition of goal statementemissionmixin___handle_critical_section_stmt'vc.
Prover result is: Valid (0.01s, 7251 steps).

File "/home/fabrice/git/pycsl/scratchpad/w7/tmp/.pycsl_gwql3f_j.mlw", line 1595, characters 15-50:
Sub-goal postcondition of goal statementemissionmixin___handle_critical_section_stmt'vc.
Prover result is: Valid (0.02s, 7252 steps).

File "/home/fabrice/git/pycsl/scratchpad/w7/tmp/.pycsl_gwql3f_j.mlw", line 1596, characters 15-62:
Sub-goal postcondition of goal statementemissionmixin___handle_critical_section_stmt'vc.
Prover result is: Valid (0.02s, 7253 steps).

File "/home/fabrice/git/pycsl/scratchpad/w7/tmp/.pycsl_gwql3f_j.mlw", line 1673, characters 82-101:
Sub-goal array creation size of goal statementemissionmixin___handle_critical_section_stmt'vc.
Prover result is: Valid (0.01s, 7029 steps).

File "/home/fabrice/git/pycsl/scratchpad/w7/tmp/.pycsl_gwql3f_j.mlw", line 1592, characters 15-19:
Sub-goal postcondition of goal statementemissionmixin___handle_critical_section_stmt'vc.
Prover result is: Valid (0.03s, 7605 steps).

File "/home/fabrice/git/pycsl/scratchpad/w7/tmp/.pycsl_gwql3f_j.mlw", line 1593, characters 15-56:
Sub-goal postcondition of goal statementemissionmixin___handle_critical_section_stmt'vc.
Prover result is: Valid (0.01s, 7606 steps).

File "/home/fabrice/git/pycsl/scratchpad/w7/tmp/.pycsl_gwql3f_j.mlw", line 1594, characters 15-60:
Sub-goal postcondition of goal statementemissionmixin___handle_critical_section_stmt'vc.
Prover result is: Valid (0.01s, 7607 steps).

File "/home/fabrice/git/pycsl/scratchpad/w7/tmp/.pycsl_gwql3f_j.mlw", line 1595, characters 15-50:
Sub-goal postcondition of goal statementemissionmixin___handle_critical_section_stmt'vc.
Prover result is: Valid (0.01s, 7608 steps).

File "/home/fabrice/git/pycsl/scratchpad/w7/tmp/.pycsl_gwql3f_j.mlw", line 1596, characters 15-62:
Sub-goal postcondition of goal statementemissionmixin___handle_critical_section_stmt'vc.
Prover result is: Valid (0.01s, 7609 steps).

File "/home/fabrice/git/pycsl/scratchpad/w7/tmp/.pycsl_gwql3f_j.mlw", line 1592, characters 15-19:
Sub-goal postcondition of goal statementemissionmixin___handle_critical_section_stmt'vc.
Prover result is: Valid (0.02s, 7578 steps).

File "/home/fabrice/git/pycsl/scratchpad/w7/tmp/.pycsl_gwql3f_j.mlw", line 1593, characters 15-56:
Sub-goal postcondition of goal statementemissionmixin___handle_critical_section_stmt'vc.
Prover result is: Valid (0.02s, 7579 steps).

File "/home/fabrice/git/pycsl/scratchpad/w7/tmp/.pycsl_gwql3f_j.mlw", line 1594, characters 15-60:
Sub-goal postcondition of goal statementemissionmixin___handle_critical_section_stmt'vc.
Prover result is: Valid (0.01s, 7580 steps).

File "/home/fabrice/git/pycsl/scratchpad/w7/tmp/.pycsl_gwql3f_j.mlw", line 1595, characters 15-50:
Sub-goal postcondition of goal statementemissionmixin___handle_critical_section_stmt'vc.
Prover result is: Valid (0.01s, 7581 steps).

File "/home/fabrice/git/pycsl/scratchpad/w7/tmp/.pycsl_gwql3f_j.mlw", line 1596, characters 15-62:
Sub-goal postcondition of goal statementemissionmixin___handle_critical_section_stmt'vc.
Prover result is: Valid (0.01s, 7582 steps).

File "/home/fabrice/git/pycsl/scratchpad/w7/tmp/.pycsl_gwql3f_j.mlw", line 1592, characters 15-19:
Sub-goal postcondition of goal statementemissionmixin___handle_critical_section_stmt'vc.
Prover result is: Valid (0.01s, 7237 steps).

File "/home/fabrice/git/pycsl/scratchpad/w7/tmp/.pycsl_gwql3f_j.mlw", line 1593, characters 15-56:
Sub-goal postcondition of goal statementemissionmixin___handle_critical_section_stmt'vc.
Prover result is: Valid (0.01s, 7238 steps).

File "/home/fabrice/git/pycsl/scratchpad/w7/tmp/.pycsl_gwql3f_j.mlw", line 1594, characters 15-60:
Sub-goal postcondition of goal statementemissionmixin___handle_critical_section_stmt'vc.
Prover result is: Valid (0.01s, 7239 steps).

File "/home/fabrice/git/pycsl/scratchpad/w7/tmp/.pycsl_gwql3f_j.mlw", line 1595, characters 15-50:
Sub-goal postcondition of goal statementemissionmixin___handle_critical_section_stmt'vc.
Prover result is: Valid (0.01s, 7240 steps).

File "/home/fabrice/git/pycsl/scratchpad/w7/tmp/.pycsl_gwql3f_j.mlw", line 1596, characters 15-62:
Sub-goal postcondition of goal statementemissionmixin___handle_critical_section_stmt'vc.
Prover result is: Valid (0.01s, 7241 steps).

File "/home/fabrice/git/pycsl/scratchpad/w7/tmp/.pycsl_gwql3f_j.mlw", line 1592, characters 15-19:
Sub-goal postcondition of goal statementemissionmixin___handle_critical_section_stmt'vc.
Prover result is: Valid (0.01s, 7210 steps).

File "/home/fabrice/git/pycsl/scratchpad/w7/tmp/.pycsl_gwql3f_j.mlw", line 1593, characters 15-56:
Sub-goal postcondition of goal statementemissionmixin___handle_critical_section_stmt'vc.
Prover result is: Valid (0.01s, 7211 steps).

File "/home/fabrice/git/pycsl/scratchpad/w7/tmp/.pycsl_gwql3f_j.mlw", line 1594, characters 15-60:
Sub-goal postcondition of goal statementemissionmixin___handle_critical_section_stmt'vc.
Prover result is: Valid (0.01s, 7212 steps).

File "/home/fabrice/git/pycsl/scratchpad/w7/tmp/.pycsl_gwql3f_j.mlw", line 1595, characters 15-50:
Sub-goal postcondition of goal statementemissionmixin___handle_critical_section_stmt'vc.
Prover result is: Valid (0.01s, 7213 steps).

File "/home/fabrice/git/pycsl/scratchpad/w7/tmp/.pycsl_gwql3f_j.mlw", line 1596, characters 15-62:
Sub-goal postcondition of goal statementemissionmixin___handle_critical_section_stmt'vc.
Prover result is: Valid (0.01s, 7214 steps).

File "/home/fabrice/git/pycsl/scratchpad/w7/tmp/.pycsl_gwql3f_j.mlw", line 1592, characters 15-19:
Sub-goal postcondition of goal statementemissionmixin___handle_critical_section_stmt'vc.
Prover result is: Valid (0.01s, 7512 steps).

File "/home/fabrice/git/pycsl/scratchpad/w7/tmp/.pycsl_gwql3f_j.mlw", line 1593, characters 15-56:
Sub-goal postcondition of goal statementemissionmixin___handle_critical_section_stmt'vc.
Prover result is: Valid (0.01s, 7513 steps).

File "/home/fabrice/git/pycsl/scratchpad/w7/tmp/.pycsl_gwql3f_j.mlw", line 1594, characters 15-60:
Sub-goal postcondition of goal statementemissionmixin___handle_critical_section_stmt'vc.
Prover result is: Valid (0.01s, 7514 steps).

File "/home/fabrice/git/pycsl/scratchpad/w7/tmp/.pycsl_gwql3f_j.mlw", line 1595, characters 15-50:
Sub-goal postcondition of goal statementemissionmixin___handle_critical_section_stmt'vc.
Prover result is: Valid (0.01s, 7515 steps).

File "/home/fabrice/git/pycsl/scratchpad/w7/tmp/.pycsl_gwql3f_j.mlw", line 1596, characters 15-62:
Sub-goal postcondition of goal statementemissionmixin___handle_critical_section_stmt'vc.
Prover result is: Valid (0.01s, 7516 steps).

File "/home/fabrice/git/pycsl/scratchpad/w7/tmp/.pycsl_gwql3f_j.mlw", line 1592, characters 15-19:
Sub-goal postcondition of goal statementemissionmixin___handle_critical_section_stmt'vc.
Prover result is: Valid (0.01s, 7485 steps).

File "/home/fabrice/git/pycsl/scratchpad/w7/tmp/.pycsl_gwql3f_j.mlw", line 1593, characters 15-56:
Sub-goal postcondition of goal statementemissionmixin___handle_critical_section_stmt'vc.
Prover result is: Valid (0.01s, 7486 steps).

File "/home/fabrice/git/pycsl/scratchpad/w7/tmp/.pycsl_gwql3f_j.mlw", line 1594, characters 15-60:
Sub-goal postcondition of goal statementemissionmixin___handle_critical_section_stmt'vc.
Prover result is: Valid (0.01s, 7487 steps).

File "/home/fabrice/git/pycsl/scratchpad/w7/tmp/.pycsl_gwql3f_j.mlw", line 1595, characters 15-50:
Sub-goal postcondition of goal statementemissionmixin___handle_critical_section_stmt'vc.
Prover result is: Valid (0.01s, 7488 steps).

File "/home/fabrice/git/pycsl/scratchpad/w7/tmp/.pycsl_gwql3f_j.mlw", line 1596, characters 15-62:
Sub-goal postcondition of goal statementemissionmixin___handle_critical_section_stmt'vc.
Prover result is: Valid (0.01s, 7489 steps).

File "/home/fabrice/git/pycsl/scratchpad/w7/tmp/.pycsl_gwql3f_j.mlw", line 1592, characters 15-19:
Sub-goal postcondition of goal statementemissionmixin___handle_critical_section_stmt'vc.
Prover result is: Valid (0.01s, 7144 steps).

File "/home/fabrice/git/pycsl/scratchpad/w7/tmp/.pycsl_gwql3f_j.mlw", line 1593, characters 15-56:
Sub-goal postcondition of goal statementemissionmixin___handle_critical_section_stmt'vc.
Prover result is: Valid (0.01s, 7145 steps).

File "/home/fabrice/git/pycsl/scratchpad/w7/tmp/.pycsl_gwql3f_j.mlw", line 1594, characters 15-60:
Sub-goal postcondition of goal statementemissionmixin___handle_critical_section_stmt'vc.
Prover result is: Valid (0.01s, 7146 steps).

File "/home/fabrice/git/pycsl/scratchpad/w7/tmp/.pycsl_gwql3f_j.mlw", line 1595, characters 15-50:
Sub-goal postcondition of goal statementemissionmixin___handle_critical_section_stmt'vc.
Prover result is: Valid (0.01s, 7147 steps).

File "/home/fabrice/git/pycsl/scratchpad/w7/tmp/.pycsl_gwql3f_j.mlw", line 1596, characters 15-62:
Sub-goal postcondition of goal statementemissionmixin___handle_critical_section_stmt'vc.
Prover result is: Valid (0.01s, 7148 steps).

File "/home/fabrice/git/pycsl/scratchpad/w7/tmp/.pycsl_gwql3f_j.mlw", line 1592, characters 15-19:
Sub-goal postcondition of goal statementemissionmixin___handle_critical_section_stmt'vc.
Prover result is: Valid (0.01s, 7117 steps).

File "/home/fabrice/git/pycsl/scratchpad/w7/tmp/.pycsl_gwql3f_j.mlw", line 1593, characters 15-56:
Sub-goal postcondition of goal statementemissionmixin___handle_critical_section_stmt'vc.
Prover result is: Valid (0.02s, 7118 steps).

File "/home/fabrice/git/pycsl/scratchpad/w7/tmp/.pycsl_gwql3f_j.mlw", line 1594, characters 15-60:
Sub-goal postcondition of goal statementemissionmixin___handle_critical_section_stmt'vc.
Prover result is: Valid (0.01s, 7119 steps).

File "/home/fabrice/git/pycsl/scratchpad/w7/tmp/.pycsl_gwql3f_j.mlw", line 1595, characters 15-50:
Sub-goal postcondition of goal statementemissionmixin___handle_critical_section_stmt'vc.
Prover result is: Valid (0.01s, 7120 steps).

File "/home/fabrice/git/pycsl/scratchpad/w7/tmp/.pycsl_gwql3f_j.mlw", line 1596, characters 15-62:
Sub-goal postcondition of goal statementemissionmixin___handle_critical_section_stmt'vc.
Prover result is: Valid (0.01s, 7121 steps).

File "/home/fabrice/git/pycsl/scratchpad/w7/tmp/.pycsl_gwql3f_j.mlw", line 1673, characters 82-101:
Sub-goal array creation size of goal statementemissionmixin___handle_critical_section_stmt'vc.
Prover result is: Valid (0.01s, 7157 steps).

File "/home/fabrice/git/pycsl/scratchpad/w7/tmp/.pycsl_gwql3f_j.mlw", line 1592, characters 15-19:
Sub-goal postcondition of goal statementemissionmixin___handle_critical_section_stmt'vc.
Prover result is: Valid (0.01s, 7733 steps).

File "/home/fabrice/git/pycsl/scratchpad/w7/tmp/.pycsl_gwql3f_j.mlw", line 1593, characters 15-56:
Sub-goal postcondition of goal statementemissionmixin___handle_critical_section_stmt'vc.
Prover result is: Valid (0.01s, 7734 steps).

File "/home/fabrice/git/pycsl/scratchpad/w7/tmp/.pycsl_gwql3f_j.mlw", line 1594, characters 15-60:
Sub-goal postcondition of goal statementemissionmixin___handle_critical_section_stmt'vc.
Prover result is: Valid (0.02s, 7735 steps).

File "/home/fabrice/git/pycsl/scratchpad/w7/tmp/.pycsl_gwql3f_j.mlw", line 1595, characters 15-50:
Sub-goal postcondition of goal statementemissionmixin___handle_critical_section_stmt'vc.
Prover result is: Valid (0.01s, 7736 steps).

File "/home/fabrice/git/pycsl/scratchpad/w7/tmp/.pycsl_gwql3f_j.mlw", line 1596, characters 15-62:
Sub-goal postcondition of goal statementemissionmixin___handle_critical_section_stmt'vc.
Prover result is: Valid (0.01s, 7737 steps).

File "/home/fabrice/git/pycsl/scratchpad/w7/tmp/.pycsl_gwql3f_j.mlw", line 1592, characters 15-19:
Sub-goal postcondition of goal statementemissionmixin___handle_critical_section_stmt'vc.
Prover result is: Valid (0.01s, 7706 steps).

File "/home/fabrice/git/pycsl/scratchpad/w7/tmp/.pycsl_gwql3f_j.mlw", line 1593, characters 15-56:
Sub-goal postcondition of goal statementemissionmixin___handle_critical_section_stmt'vc.
Prover result is: Valid (0.01s, 7707 steps).

File "/home/fabrice/git/pycsl/scratchpad/w7/tmp/.pycsl_gwql3f_j.mlw", line 1594, characters 15-60:
Sub-goal postcondition of goal statementemissionmixin___handle_critical_section_stmt'vc.
Prover result is: Valid (0.01s, 7708 steps).

File "/home/fabrice/git/pycsl/scratchpad/w7/tmp/.pycsl_gwql3f_j.mlw", line 1595, characters 15-50:
Sub-goal postcondition of goal statementemissionmixin___handle_critical_section_stmt'vc.
Prover result is: Valid (0.02s, 7709 steps).

File "/home/fabrice/git/pycsl/scratchpad/w7/tmp/.pycsl_gwql3f_j.mlw", line 1596, characters 15-62:
Sub-goal postcondition of goal statementemissionmixin___handle_critical_section_stmt'vc.
Prover result is: Valid (0.02s, 7710 steps).

File "/home/fabrice/git/pycsl/scratchpad/w7/tmp/.pycsl_gwql3f_j.mlw", line 1592, characters 15-19:
Sub-goal postcondition of goal statementemissionmixin___handle_critical_section_stmt'vc.
Prover result is: Valid (0.02s, 7365 steps).

File "/home/fabrice/git/pycsl/scratchpad/w7/tmp/.pycsl_gwql3f_j.mlw", line 1593, characters 15-56:
Sub-goal postcondition of goal statementemissionmixin___handle_critical_section_stmt'vc.
Prover result is: Valid (0.01s, 7366 steps).

File "/home/fabrice/git/pycsl/scratchpad/w7/tmp/.pycsl_gwql3f_j.mlw", line 1594, characters 15-60:
Sub-goal postcondition of goal statementemissionmixin___handle_critical_section_stmt'vc.
Prover result is: Valid (0.01s, 7367 steps).

File "/home/fabrice/git/pycsl/scratchpad/w7/tmp/.pycsl_gwql3f_j.mlw", line 1595, characters 15-50:
Sub-goal postcondition of goal statementemissionmixin___handle_critical_section_stmt'vc.
Prover result is: Valid (0.02s, 7368 steps).

File "/home/fabrice/git/pycsl/scratchpad/w7/tmp/.pycsl_gwql3f_j.mlw", line 1596, characters 15-62:
Sub-goal postcondition of goal statementemissionmixin___handle_critical_section_stmt'vc.
Prover result is: Valid (0.02s, 7369 steps).

File "/home/fabrice/git/pycsl/scratchpad/w7/tmp/.pycsl_gwql3f_j.mlw", line 1592, characters 15-19:
Sub-goal postcondition of goal statementemissionmixin___handle_critical_section_stmt'vc.
Prover result is: Valid (0.01s, 7338 steps).

File "/home/fabrice/git/pycsl/scratchpad/w7/tmp/.pycsl_gwql3f_j.mlw", line 1593, characters 15-56:
Sub-goal postcondition of goal statementemissionmixin___handle_critical_section_stmt'vc.
Prover result is: Valid (0.01s, 7339 steps).

File "/home/fabrice/git/pycsl/scratchpad/w7/tmp/.pycsl_gwql3f_j.mlw", line 1594, characters 15-60:
Sub-goal postcondition of goal statementemissionmixin___handle_critical_section_stmt'vc.
Prover result is: Valid (0.01s, 7340 steps).

File "/home/fabrice/git/pycsl/scratchpad/w7/tmp/.pycsl_gwql3f_j.mlw", line 1595, characters 15-50:
Sub-goal postcondition of goal statementemissionmixin___handle_critical_section_stmt'vc.
Prover result is: Valid (0.01s, 7341 steps).

File "/home/fabrice/git/pycsl/scratchpad/w7/tmp/.pycsl_gwql3f_j.mlw", line 1596, characters 15-62:
Sub-goal postcondition of goal statementemissionmixin___handle_critical_section_stmt'vc.
Prover result is: Valid (0.01s, 7342 steps).

File "/home/fabrice/git/pycsl/scratchpad/w7/tmp/.pycsl_gwql3f_j.mlw", line 1592, characters 15-19:
Sub-goal postcondition of goal statementemissionmixin___handle_critical_section_stmt'vc.
Prover result is: Valid (0.01s, 7640 steps).

File "/home/fabrice/git/pycsl/scratchpad/w7/tmp/.pycsl_gwql3f_j.mlw", line 1593, characters 15-56:
Sub-goal postcondition of goal statementemissionmixin___handle_critical_section_stmt'vc.
Prover result is: Valid (0.01s, 7641 steps).

File "/home/fabrice/git/pycsl/scratchpad/w7/tmp/.pycsl_gwql3f_j.mlw", line 1594, characters 15-60:
Sub-goal postcondition of goal statementemissionmixin___handle_critical_section_stmt'vc.
Prover result is: Valid (0.01s, 7642 steps).

File "/home/fabrice/git/pycsl/scratchpad/w7/tmp/.pycsl_gwql3f_j.mlw", line 1595, characters 15-50:
Sub-goal postcondition of goal statementemissionmixin___handle_critical_section_stmt'vc.
Prover result is: Valid (0.01s, 7643 steps).

File "/home/fabrice/git/pycsl/scratchpad/w7/tmp/.pycsl_gwql3f_j.mlw", line 1596, characters 15-62:
Sub-goal postcondition of goal statementemissionmixin___handle_critical_section_stmt'vc.
Prover result is: Valid (0.01s, 7644 steps).

File "/home/fabrice/git/pycsl/scratchpad/w7/tmp/.pycsl_gwql3f_j.mlw", line 1592, characters 15-19:
Sub-goal postcondition of goal statementemissionmixin___handle_critical_section_stmt'vc.
Prover result is: Valid (0.01s, 7613 steps).

File "/home/fabrice/git/pycsl/scratchpad/w7/tmp/.pycsl_gwql3f_j.mlw", line 1593, characters 15-56:
Sub-goal postcondition of goal statementemissionmixin___handle_critical_section_stmt'vc.
Prover result is: Valid (0.01s, 7614 steps).

File "/home/fabrice/git/pycsl/scratchpad/w7/tmp/.pycsl_gwql3f_j.mlw", line 1594, characters 15-60:
Sub-goal postcondition of goal statementemissionmixin___handle_critical_section_stmt'vc.
Prover result is: Valid (0.01s, 7615 steps).

File "/home/fabrice/git/pycsl/scratchpad/w7/tmp/.pycsl_gwql3f_j.mlw", line 1595, characters 15-50:
Sub-goal postcondition of goal statementemissionmixin___handle_critical_section_stmt'vc.
Prover result is: Valid (0.01s, 7616 steps).

File "/home/fabrice/git/pycsl/scratchpad/w7/tmp/.pycsl_gwql3f_j.mlw", line 1596, characters 15-62:
Sub-goal postcondition of goal statementemissionmixin___handle_critical_section_stmt'vc.
Prover result is: Valid (0.02s, 7617 steps).

File "/home/fabrice/git/pycsl/scratchpad/w7/tmp/.pycsl_gwql3f_j.mlw", line 1592, characters 15-19:
Sub-goal postcondition of goal statementemissionmixin___handle_critical_section_stmt'vc.
Prover result is: Valid (0.01s, 7272 steps).

File "/home/fabrice/git/pycsl/scratchpad/w7/tmp/.pycsl_gwql3f_j.mlw", line 1593, characters 15-56:
Sub-goal postcondition of goal statementemissionmixin___handle_critical_section_stmt'vc.
Prover result is: Valid (0.02s, 7273 steps).

File "/home/fabrice/git/pycsl/scratchpad/w7/tmp/.pycsl_gwql3f_j.mlw", line 1594, characters 15-60:
Sub-goal postcondition of goal statementemissionmixin___handle_critical_section_stmt'vc.
Prover result is: Valid (0.01s, 7274 steps).

File "/home/fabrice/git/pycsl/scratchpad/w7/tmp/.pycsl_gwql3f_j.mlw", line 1595, characters 15-50:
Sub-goal postcondition of goal statementemissionmixin___handle_critical_section_stmt'vc.
Prover result is: Valid (0.01s, 7275 steps).

File "/home/fabrice/git/pycsl/scratchpad/w7/tmp/.pycsl_gwql3f_j.mlw", line 1596, characters 15-62:
Sub-goal postcondition of goal statementemissionmixin___handle_critical_section_stmt'vc.
Prover result is: Valid (0.01s, 7276 steps).

File "/home/fabrice/git/pycsl/scratchpad/w7/tmp/.pycsl_gwql3f_j.mlw", line 1592, characters 15-19:
Sub-goal postcondition of goal statementemissionmixin___handle_critical_section_stmt'vc.
Prover result is: Valid (0.01s, 7245 steps).

File "/home/fabrice/git/pycsl/scratchpad/w7/tmp/.pycsl_gwql3f_j.mlw", line 1593, characters 15-56:
Sub-goal postcondition of goal statementemissionmixin___handle_critical_section_stmt'vc.
Prover result is: Valid (0.02s, 7246 steps).

File "/home/fabrice/git/pycsl/scratchpad/w7/tmp/.pycsl_gwql3f_j.mlw", line 1594, characters 15-60:
Sub-goal postcondition of goal statementemissionmixin___handle_critical_section_stmt'vc.
Prover result is: Valid (0.01s, 7247 steps).

File "/home/fabrice/git/pycsl/scratchpad/w7/tmp/.pycsl_gwql3f_j.mlw", line 1595, characters 15-50:
Sub-goal postcondition of goal statementemissionmixin___handle_critical_section_stmt'vc.
Prover result is: Valid (0.02s, 7248 steps).

File "/home/fabrice/git/pycsl/scratchpad/w7/tmp/.pycsl_gwql3f_j.mlw", line 1596, characters 15-62:
Sub-goal postcondition of goal statementemissionmixin___handle_critical_section_stmt'vc.
Prover result is: Valid (0.01s, 7249 steps).

File "/home/fabrice/git/pycsl/scratchpad/w7/tmp/.pycsl_gwql3f_j.mlw", line 1673, characters 82-101:
Sub-goal array creation size of goal statementemissionmixin___handle_critical_section_stmt'vc.
Prover result is: Valid (0.01s, 7157 steps).

File "/home/fabrice/git/pycsl/scratchpad/w7/tmp/.pycsl_gwql3f_j.mlw", line 1592, characters 15-19:
Sub-goal postcondition of goal statementemissionmixin___handle_critical_section_stmt'vc.
Prover result is: Valid (0.01s, 7733 steps).

File "/home/fabrice/git/pycsl/scratchpad/w7/tmp/.pycsl_gwql3f_j.mlw", line 1593, characters 15-56:
Sub-goal postcondition of goal statementemissionmixin___handle_critical_section_stmt'vc.
Prover result is: Valid (0.01s, 7734 steps).

File "/home/fabrice/git/pycsl/scratchpad/w7/tmp/.pycsl_gwql3f_j.mlw", line 1594, characters 15-60:
Sub-goal postcondition of goal statementemissionmixin___handle_critical_section_stmt'vc.
Prover result is: Valid (0.01s, 7735 steps).

File "/home/fabrice/git/pycsl/scratchpad/w7/tmp/.pycsl_gwql3f_j.mlw", line 1595, characters 15-50:
Sub-goal postcondition of goal statementemissionmixin___handle_critical_section_stmt'vc.
Prover result is: Valid (0.01s, 7736 steps).

File "/home/fabrice/git/pycsl/scratchpad/w7/tmp/.pycsl_gwql3f_j.mlw", line 1596, characters 15-62:
Sub-goal postcondition of goal statementemissionmixin___handle_critical_section_stmt'vc.
Prover result is: Valid (0.01s, 7737 steps).

File "/home/fabrice/git/pycsl/scratchpad/w7/tmp/.pycsl_gwql3f_j.mlw", line 1592, characters 15-19:
Sub-goal postcondition of goal statementemissionmixin___handle_critical_section_stmt'vc.
Prover result is: Valid (0.01s, 7706 steps).

File "/home/fabrice/git/pycsl/scratchpad/w7/tmp/.pycsl_gwql3f_j.mlw", line 1593, characters 15-56:
Sub-goal postcondition of goal statementemissionmixin___handle_critical_section_stmt'vc.
Prover result is: Valid (0.02s, 7707 steps).

File "/home/fabrice/git/pycsl/scratchpad/w7/tmp/.pycsl_gwql3f_j.mlw", line 1594, characters 15-60:
Sub-goal postcondition of goal statementemissionmixin___handle_critical_section_stmt'vc.
Prover result is: Valid (0.02s, 7708 steps).

File "/home/fabrice/git/pycsl/scratchpad/w7/tmp/.pycsl_gwql3f_j.mlw", line 1595, characters 15-50:
Sub-goal postcondition of goal statementemissionmixin___handle_critical_section_stmt'vc.
Prover result is: Valid (0.01s, 7709 steps).

File "/home/fabrice/git/pycsl/scratchpad/w7/tmp/.pycsl_gwql3f_j.mlw", line 1596, characters 15-62:
Sub-goal postcondition of goal statementemissionmixin___handle_critical_section_stmt'vc.
Prover result is: Valid (0.02s, 7710 steps).

File "/home/fabrice/git/pycsl/scratchpad/w7/tmp/.pycsl_gwql3f_j.mlw", line 1592, characters 15-19:
Sub-goal postcondition of goal statementemissionmixin___handle_critical_section_stmt'vc.
Prover result is: Valid (0.02s, 7365 steps).

File "/home/fabrice/git/pycsl/scratchpad/w7/tmp/.pycsl_gwql3f_j.mlw", line 1593, characters 15-56:
Sub-goal postcondition of goal statementemissionmixin___handle_critical_section_stmt'vc.
Prover result is: Valid (0.02s, 7366 steps).

File "/home/fabrice/git/pycsl/scratchpad/w7/tmp/.pycsl_gwql3f_j.mlw", line 1594, characters 15-60:
Sub-goal postcondition of goal statementemissionmixin___handle_critical_section_stmt'vc.
Prover result is: Valid (0.01s, 7367 steps).

File "/home/fabrice/git/pycsl/scratchpad/w7/tmp/.pycsl_gwql3f_j.mlw", line 1595, characters 15-50:
Sub-goal postcondition of goal statementemissionmixin___handle_critical_section_stmt'vc.
Prover result is: Valid (0.01s, 7368 steps).

File "/home/fabrice/git/pycsl/scratchpad/w7/tmp/.pycsl_gwql3f_j.mlw", line 1596, characters 15-62:
Sub-goal postcondition of goal statementemissionmixin___handle_critical_section_stmt'vc.
Prover result is: Valid (0.01s, 7369 steps).

File "/home/fabrice/git/pycsl/scratchpad/w7/tmp/.pycsl_gwql3f_j.mlw", line 1592, characters 15-19:
Sub-goal postcondition of goal statementemissionmixin___handle_critical_section_stmt'vc.
Prover result is: Valid (0.01s, 7338 steps).

File "/home/fabrice/git/pycsl/scratchpad/w7/tmp/.pycsl_gwql3f_j.mlw", line 1593, characters 15-56:
Sub-goal postcondition of goal statementemissionmixin___handle_critical_section_stmt'vc.
Prover result is: Valid (0.02s, 7339 steps).

File "/home/fabrice/git/pycsl/scratchpad/w7/tmp/.pycsl_gwql3f_j.mlw", line 1594, characters 15-60:
Sub-goal postcondition of goal statementemissionmixin___handle_critical_section_stmt'vc.
Prover result is: Valid (0.02s, 7340 steps).

File "/home/fabrice/git/pycsl/scratchpad/w7/tmp/.pycsl_gwql3f_j.mlw", line 1595, characters 15-50:
Sub-goal postcondition of goal statementemissionmixin___handle_critical_section_stmt'vc.
Prover result is: Valid (0.01s, 7341 steps).

File "/home/fabrice/git/pycsl/scratchpad/w7/tmp/.pycsl_gwql3f_j.mlw", line 1596, characters 15-62:
Sub-goal postcondition of goal statementemissionmixin___handle_critical_section_stmt'vc.
Prover result is: Valid (0.01s, 7342 steps).

File "/home/fabrice/git/pycsl/scratchpad/w7/tmp/.pycsl_gwql3f_j.mlw", line 1592, characters 15-19:
Sub-goal postcondition of goal statementemissionmixin___handle_critical_section_stmt'vc.
Prover result is: Valid (0.01s, 7640 steps).

File "/home/fabrice/git/pycsl/scratchpad/w7/tmp/.pycsl_gwql3f_j.mlw", line 1593, characters 15-56:
Sub-goal postcondition of goal statementemissionmixin___handle_critical_section_stmt'vc.
Prover result is: Valid (0.01s, 7641 steps).

File "/home/fabrice/git/pycsl/scratchpad/w7/tmp/.pycsl_gwql3f_j.mlw", line 1594, characters 15-60:
Sub-goal postcondition of goal statementemissionmixin___handle_critical_section_stmt'vc.
Prover result is: Valid (0.01s, 7642 steps).

File "/home/fabrice/git/pycsl/scratchpad/w7/tmp/.pycsl_gwql3f_j.mlw", line 1595, characters 15-50:
Sub-goal postcondition of goal statementemissionmixin___handle_critical_section_stmt'vc.
Prover result is: Valid (0.01s, 7643 steps).

File "/home/fabrice/git/pycsl/scratchpad/w7/tmp/.pycsl_gwql3f_j.mlw", line 1596, characters 15-62:
Sub-goal postcondition of goal statementemissionmixin___handle_critical_section_stmt'vc.
Prover result is: Valid (0.02s, 7644 steps).

File "/home/fabrice/git/pycsl/scratchpad/w7/tmp/.pycsl_gwql3f_j.mlw", line 1592, characters 15-19:
Sub-goal postcondition of goal statementemissionmixin___handle_critical_section_stmt'vc.
Prover result is: Valid (0.01s, 7613 steps).

File "/home/fabrice/git/pycsl/scratchpad/w7/tmp/.pycsl_gwql3f_j.mlw", line 1593, characters 15-56:
Sub-goal postcondition of goal statementemissionmixin___handle_critical_section_stmt'vc.
Prover result is: Valid (0.02s, 7614 steps).

File "/home/fabrice/git/pycsl/scratchpad/w7/tmp/.pycsl_gwql3f_j.mlw", line 1594, characters 15-60:
Sub-goal postcondition of goal statementemissionmixin___handle_critical_section_stmt'vc.
Prover result is: Valid (0.01s, 7615 steps).

File "/home/fabrice/git/pycsl/scratchpad/w7/tmp/.pycsl_gwql3f_j.mlw", line 1595, characters 15-50:
Sub-goal postcondition of goal statementemissionmixin___handle_critical_section_stmt'vc.
Prover result is: Valid (0.01s, 7616 steps).

File "/home/fabrice/git/pycsl/scratchpad/w7/tmp/.pycsl_gwql3f_j.mlw", line 1596, characters 15-62:
Sub-goal postcondition of goal statementemissionmixin___handle_critical_section_stmt'vc.
Prover result is: Valid (0.01s, 7617 steps).

File "/home/fabrice/git/pycsl/scratchpad/w7/tmp/.pycsl_gwql3f_j.mlw", line 1592, characters 15-19:
Sub-goal postcondition of goal statementemissionmixin___handle_critical_section_stmt'vc.
Prover result is: Valid (0.01s, 7272 steps).

File "/home/fabrice/git/pycsl/scratchpad/w7/tmp/.pycsl_gwql3f_j.mlw", line 1593, characters 15-56:
Sub-goal postcondition of goal statementemissionmixin___handle_critical_section_stmt'vc.
Prover result is: Valid (0.01s, 7273 steps).

File "/home/fabrice/git/pycsl/scratchpad/w7/tmp/.pycsl_gwql3f_j.mlw", line 1594, characters 15-60:
Sub-goal postcondition of goal statementemissionmixin___handle_critical_section_stmt'vc.
Prover result is: Valid (0.01s, 7274 steps).

File "/home/fabrice/git/pycsl/scratchpad/w7/tmp/.pycsl_gwql3f_j.mlw", line 1595, characters 15-50:
Sub-goal postcondition of goal statementemissionmixin___handle_critical_section_stmt'vc.
Prover result is: Valid (0.01s, 7275 steps).

File "/home/fabrice/git/pycsl/scratchpad/w7/tmp/.pycsl_gwql3f_j.mlw", line 1596, characters 15-62:
Sub-goal postcondition of goal statementemissionmixin___handle_critical_section_stmt'vc.
Prover result is: Valid (0.01s, 7276 steps).

File "/home/fabrice/git/pycsl/scratchpad/w7/tmp/.pycsl_gwql3f_j.mlw", line 1592, characters 15-19:
Sub-goal postcondition of goal statementemissionmixin___handle_critical_section_stmt'vc.
Prover result is: Valid (0.01s, 7245 steps).

File "/home/fabrice/git/pycsl/scratchpad/w7/tmp/.pycsl_gwql3f_j.mlw", line 1593, characters 15-56:
Sub-goal postcondition of goal statementemissionmixin___handle_critical_section_stmt'vc.
Prover result is: Valid (0.01s, 7246 steps).

File "/home/fabrice/git/pycsl/scratchpad/w7/tmp/.pycsl_gwql3f_j.mlw", line 1594, characters 15-60:
Sub-goal postcondition of goal statementemissionmixin___handle_critical_section_stmt'vc.
Prover result is: Valid (0.02s, 7247 steps).

File "/home/fabrice/git/pycsl/scratchpad/w7/tmp/.pycsl_gwql3f_j.mlw", line 1595, characters 15-50:
Sub-goal postcondition of goal statementemissionmixin___handle_critical_section_stmt'vc.
Prover result is: Valid (0.01s, 7248 steps).

File "/home/fabrice/git/pycsl/scratchpad/w7/tmp/.pycsl_gwql3f_j.mlw", line 1596, characters 15-62:
Sub-goal postcondition of goal statementemissionmixin___handle_critical_section_stmt'vc.
Prover result is: Valid (0.01s, 7249 steps).

File "/home/fabrice/git/pycsl/scratchpad/w7/tmp/.pycsl_gwql3f_j.mlw", line 1673, characters 82-101:
Sub-goal array creation size of goal statementemissionmixin___handle_critical_section_stmt'vc.
Prover result is: Valid (0.01s, 7025 steps).

File "/home/fabrice/git/pycsl/scratchpad/w7/tmp/.pycsl_gwql3f_j.mlw", line 1592, characters 15-19:
Sub-goal postcondition of goal statementemissionmixin___handle_critical_section_stmt'vc.
Prover result is: Valid (0.01s, 7601 steps).

File "/home/fabrice/git/pycsl/scratchpad/w7/tmp/.pycsl_gwql3f_j.mlw", line 1593, characters 15-56:
Sub-goal postcondition of goal statementemissionmixin___handle_critical_section_stmt'vc.
Prover result is: Valid (0.01s, 7602 steps).

File "/home/fabrice/git/pycsl/scratchpad/w7/tmp/.pycsl_gwql3f_j.mlw", line 1594, characters 15-60:
Sub-goal postcondition of goal statementemissionmixin___handle_critical_section_stmt'vc.
Prover result is: Valid (0.01s, 7603 steps).

File "/home/fabrice/git/pycsl/scratchpad/w7/tmp/.pycsl_gwql3f_j.mlw", line 1595, characters 15-50:
Sub-goal postcondition of goal statementemissionmixin___handle_critical_section_stmt'vc.
Prover result is: Valid (0.01s, 7604 steps).

File "/home/fabrice/git/pycsl/scratchpad/w7/tmp/.pycsl_gwql3f_j.mlw", line 1596, characters 15-62:
Sub-goal postcondition of goal statementemissionmixin___handle_critical_section_stmt'vc.
Prover result is: Valid (0.01s, 7605 steps).

File "/home/fabrice/git/pycsl/scratchpad/w7/tmp/.pycsl_gwql3f_j.mlw", line 1592, characters 15-19:
Sub-goal postcondition of goal statementemissionmixin___handle_critical_section_stmt'vc.
Prover result is: Valid (0.01s, 7574 steps).

File "/home/fabrice/git/pycsl/scratchpad/w7/tmp/.pycsl_gwql3f_j.mlw", line 1593, characters 15-56:
Sub-goal postcondition of goal statementemissionmixin___handle_critical_section_stmt'vc.
Prover result is: Valid (0.01s, 7575 steps).

File "/home/fabrice/git/pycsl/scratchpad/w7/tmp/.pycsl_gwql3f_j.mlw", line 1594, characters 15-60:
Sub-goal postcondition of goal statementemissionmixin___handle_critical_section_stmt'vc.
Prover result is: Valid (0.01s, 7576 steps).

File "/home/fabrice/git/pycsl/scratchpad/w7/tmp/.pycsl_gwql3f_j.mlw", line 1595, characters 15-50:
Sub-goal postcondition of goal statementemissionmixin___handle_critical_section_stmt'vc.
Prover result is: Valid (0.01s, 7577 steps).

File "/home/fabrice/git/pycsl/scratchpad/w7/tmp/.pycsl_gwql3f_j.mlw", line 1596, characters 15-62:
Sub-goal postcondition of goal statementemissionmixin___handle_critical_section_stmt'vc.
Prover result is: Valid (0.01s, 7578 steps).

File "/home/fabrice/git/pycsl/scratchpad/w7/tmp/.pycsl_gwql3f_j.mlw", line 1592, characters 15-19:
Sub-goal postcondition of goal statementemissionmixin___handle_critical_section_stmt'vc.
Prover result is: Valid (0.01s, 7233 steps).

File "/home/fabrice/git/pycsl/scratchpad/w7/tmp/.pycsl_gwql3f_j.mlw", line 1593, characters 15-56:
Sub-goal postcondition of goal statementemissionmixin___handle_critical_section_stmt'vc.
Prover result is: Valid (0.01s, 7234 steps).

File "/home/fabrice/git/pycsl/scratchpad/w7/tmp/.pycsl_gwql3f_j.mlw", line 1594, characters 15-60:
Sub-goal postcondition of goal statementemissionmixin___handle_critical_section_stmt'vc.
Prover result is: Valid (0.01s, 7235 steps).

File "/home/fabrice/git/pycsl/scratchpad/w7/tmp/.pycsl_gwql3f_j.mlw", line 1595, characters 15-50:
Sub-goal postcondition of goal statementemissionmixin___handle_critical_section_stmt'vc.
Prover result is: Valid (0.01s, 7236 steps).

File "/home/fabrice/git/pycsl/scratchpad/w7/tmp/.pycsl_gwql3f_j.mlw", line 1596, characters 15-62:
Sub-goal postcondition of goal statementemissionmixin___handle_critical_section_stmt'vc.
Prover result is: Valid (0.01s, 7237 steps).

File "/home/fabrice/git/pycsl/scratchpad/w7/tmp/.pycsl_gwql3f_j.mlw", line 1592, characters 15-19:
Sub-goal postcondition of goal statementemissionmixin___handle_critical_section_stmt'vc.
Prover result is: Valid (0.01s, 7206 steps).

File "/home/fabrice/git/pycsl/scratchpad/w7/tmp/.pycsl_gwql3f_j.mlw", line 1593, characters 15-56:
Sub-goal postcondition of goal statementemissionmixin___handle_critical_section_stmt'vc.
Prover result is: Valid (0.01s, 7207 steps).

File "/home/fabrice/git/pycsl/scratchpad/w7/tmp/.pycsl_gwql3f_j.mlw", line 1594, characters 15-60:
Sub-goal postcondition of goal statementemissionmixin___handle_critical_section_stmt'vc.
Prover result is: Valid (0.01s, 7208 steps).

File "/home/fabrice/git/pycsl/scratchpad/w7/tmp/.pycsl_gwql3f_j.mlw", line 1595, characters 15-50:
Sub-goal postcondition of goal statementemissionmixin___handle_critical_section_stmt'vc.
Prover result is: Valid (0.01s, 7209 steps).

File "/home/fabrice/git/pycsl/scratchpad/w7/tmp/.pycsl_gwql3f_j.mlw", line 1596, characters 15-62:
Sub-goal postcondition of goal statementemissionmixin___handle_critical_section_stmt'vc.
Prover result is: Valid (0.01s, 7210 steps).

File "/home/fabrice/git/pycsl/scratchpad/w7/tmp/.pycsl_gwql3f_j.mlw", line 1592, characters 15-19:
Sub-goal postcondition of goal statementemissionmixin___handle_critical_section_stmt'vc.
Prover result is: Valid (0.01s, 7508 steps).

File "/home/fabrice/git/pycsl/scratchpad/w7/tmp/.pycsl_gwql3f_j.mlw", line 1593, characters 15-56:
Sub-goal postcondition of goal statementemissionmixin___handle_critical_section_stmt'vc.
Prover result is: Valid (0.01s, 7509 steps).

File "/home/fabrice/git/pycsl/scratchpad/w7/tmp/.pycsl_gwql3f_j.mlw", line 1594, characters 15-60:
Sub-goal postcondition of goal statementemissionmixin___handle_critical_section_stmt'vc.
Prover result is: Valid (0.01s, 7510 steps).

File "/home/fabrice/git/pycsl/scratchpad/w7/tmp/.pycsl_gwql3f_j.mlw", line 1595, characters 15-50:
Sub-goal postcondition of goal statementemissionmixin___handle_critical_section_stmt'vc.
Prover result is: Valid (0.01s, 7511 steps).

File "/home/fabrice/git/pycsl/scratchpad/w7/tmp/.pycsl_gwql3f_j.mlw", line 1596, characters 15-62:
Sub-goal postcondition of goal statementemissionmixin___handle_critical_section_stmt'vc.
Prover result is: Valid (0.01s, 7512 steps).

File "/home/fabrice/git/pycsl/scratchpad/w7/tmp/.pycsl_gwql3f_j.mlw", line 1592, characters 15-19:
Sub-goal postcondition of goal statementemissionmixin___handle_critical_section_stmt'vc.
Prover result is: Valid (0.01s, 7481 steps).

File "/home/fabrice/git/pycsl/scratchpad/w7/tmp/.pycsl_gwql3f_j.mlw", line 1593, characters 15-56:
Sub-goal postcondition of goal statementemissionmixin___handle_critical_section_stmt'vc.
Prover result is: Valid (0.01s, 7482 steps).

File "/home/fabrice/git/pycsl/scratchpad/w7/tmp/.pycsl_gwql3f_j.mlw", line 1594, characters 15-60:
Sub-goal postcondition of goal statementemissionmixin___handle_critical_section_stmt'vc.
Prover result is: Valid (0.01s, 7483 steps).

File "/home/fabrice/git/pycsl/scratchpad/w7/tmp/.pycsl_gwql3f_j.mlw", line 1595, characters 15-50:
Sub-goal postcondition of goal statementemissionmixin___handle_critical_section_stmt'vc.
Prover result is: Valid (0.01s, 7484 steps).

File "/home/fabrice/git/pycsl/scratchpad/w7/tmp/.pycsl_gwql3f_j.mlw", line 1596, characters 15-62:
Sub-goal postcondition of goal statementemissionmixin___handle_critical_section_stmt'vc.
Prover result is: Valid (0.01s, 7485 steps).

File "/home/fabrice/git/pycsl/scratchpad/w7/tmp/.pycsl_gwql3f_j.mlw", line 1592, characters 15-19:
Sub-goal postcondition of goal statementemissionmixin___handle_critical_section_stmt'vc.
Prover result is: Valid (0.01s, 7140 steps).

File "/home/fabrice/git/pycsl/scratchpad/w7/tmp/.pycsl_gwql3f_j.mlw", line 1593, characters 15-56:
Sub-goal postcondition of goal statementemissionmixin___handle_critical_section_stmt'vc.
Prover result is: Valid (0.01s, 7141 steps).

File "/home/fabrice/git/pycsl/scratchpad/w7/tmp/.pycsl_gwql3f_j.mlw", line 1594, characters 15-60:
Sub-goal postcondition of goal statementemissionmixin___handle_critical_section_stmt'vc.
Prover result is: Valid (0.01s, 7142 steps).

File "/home/fabrice/git/pycsl/scratchpad/w7/tmp/.pycsl_gwql3f_j.mlw", line 1595, characters 15-50:
Sub-goal postcondition of goal statementemissionmixin___handle_critical_section_stmt'vc.
Prover result is: Valid (0.01s, 7143 steps).

File "/home/fabrice/git/pycsl/scratchpad/w7/tmp/.pycsl_gwql3f_j.mlw", line 1596, characters 15-62:
Sub-goal postcondition of goal statementemissionmixin___handle_critical_section_stmt'vc.
Prover result is: Valid (0.01s, 7144 steps).

File "/home/fabrice/git/pycsl/scratchpad/w7/tmp/.pycsl_gwql3f_j.mlw", line 1592, characters 15-19:
Sub-goal postcondition of goal statementemissionmixin___handle_critical_section_stmt'vc.
Prover result is: Valid (0.01s, 7113 steps).

File "/home/fabrice/git/pycsl/scratchpad/w7/tmp/.pycsl_gwql3f_j.mlw", line 1593, characters 15-56:
Sub-goal postcondition of goal statementemissionmixin___handle_critical_section_stmt'vc.
Prover result is: Valid (0.01s, 7114 steps).

File "/home/fabrice/git/pycsl/scratchpad/w7/tmp/.pycsl_gwql3f_j.mlw", line 1594, characters 15-60:
Sub-goal postcondition of goal statementemissionmixin___handle_critical_section_stmt'vc.
Prover result is: Valid (0.01s, 7115 steps).

File "/home/fabrice/git/pycsl/scratchpad/w7/tmp/.pycsl_gwql3f_j.mlw", line 1595, characters 15-50:
Sub-goal postcondition of goal statementemissionmixin___handle_critical_section_stmt'vc.
Prover result is: Valid (0.01s, 7116 steps).

File "/home/fabrice/git/pycsl/scratchpad/w7/tmp/.pycsl_gwql3f_j.mlw", line 1596, characters 15-62:
Sub-goal postcondition of goal statementemissionmixin___handle_critical_section_stmt'vc.
Prover result is: Valid (0.01s, 7117 steps).

File "/home/fabrice/git/pycsl/scratchpad/w7/tmp/.pycsl_gwql3f_j.mlw", line 1673, characters 82-101:
Sub-goal array creation size of goal statementemissionmixin___handle_critical_section_stmt'vc.
Prover result is: Valid (0.01s, 7159 steps).

File "/home/fabrice/git/pycsl/scratchpad/w7/tmp/.pycsl_gwql3f_j.mlw", line 1592, characters 15-19:
Sub-goal postcondition of goal statementemissionmixin___handle_critical_section_stmt'vc.
Prover result is: Valid (0.01s, 7735 steps).

File "/home/fabrice/git/pycsl/scratchpad/w7/tmp/.pycsl_gwql3f_j.mlw", line 1593, characters 15-56:
Sub-goal postcondition of goal statementemissionmixin___handle_critical_section_stmt'vc.
Prover result is: Valid (0.01s, 7736 steps).

File "/home/fabrice/git/pycsl/scratchpad/w7/tmp/.pycsl_gwql3f_j.mlw", line 1594, characters 15-60:
Sub-goal postcondition of goal statementemissionmixin___handle_critical_section_stmt'vc.
Prover result is: Valid (0.01s, 7737 steps).

File "/home/fabrice/git/pycsl/scratchpad/w7/tmp/.pycsl_gwql3f_j.mlw", line 1595, characters 15-50:
Sub-goal postcondition of goal statementemissionmixin___handle_critical_section_stmt'vc.
Prover result is: Valid (0.01s, 7738 steps).

File "/home/fabrice/git/pycsl/scratchpad/w7/tmp/.pycsl_gwql3f_j.mlw", line 1596, characters 15-62:
Sub-goal postcondition of goal statementemissionmixin___handle_critical_section_stmt'vc.
Prover result is: Valid (0.01s, 7739 steps).

File "/home/fabrice/git/pycsl/scratchpad/w7/tmp/.pycsl_gwql3f_j.mlw", line 1592, characters 15-19:
Sub-goal postcondition of goal statementemissionmixin___handle_critical_section_stmt'vc.
Prover result is: Valid (0.01s, 7708 steps).

File "/home/fabrice/git/pycsl/scratchpad/w7/tmp/.pycsl_gwql3f_j.mlw", line 1593, characters 15-56:
Sub-goal postcondition of goal statementemissionmixin___handle_critical_section_stmt'vc.
Prover result is: Valid (0.01s, 7709 steps).

File "/home/fabrice/git/pycsl/scratchpad/w7/tmp/.pycsl_gwql3f_j.mlw", line 1594, characters 15-60:
Sub-goal postcondition of goal statementemissionmixin___handle_critical_section_stmt'vc.
Prover result is: Valid (0.01s, 7710 steps).

File "/home/fabrice/git/pycsl/scratchpad/w7/tmp/.pycsl_gwql3f_j.mlw", line 1595, characters 15-50:
Sub-goal postcondition of goal statementemissionmixin___handle_critical_section_stmt'vc.
Prover result is: Valid (0.01s, 7711 steps).

File "/home/fabrice/git/pycsl/scratchpad/w7/tmp/.pycsl_gwql3f_j.mlw", line 1596, characters 15-62:
Sub-goal postcondition of goal statementemissionmixin___handle_critical_section_stmt'vc.
Prover result is: Valid (0.01s, 7712 steps).

File "/home/fabrice/git/pycsl/scratchpad/w7/tmp/.pycsl_gwql3f_j.mlw", line 1592, characters 15-19:
Sub-goal postcondition of goal statementemissionmixin___handle_critical_section_stmt'vc.
Prover result is: Valid (0.01s, 7367 steps).

File "/home/fabrice/git/pycsl/scratchpad/w7/tmp/.pycsl_gwql3f_j.mlw", line 1593, characters 15-56:
Sub-goal postcondition of goal statementemissionmixin___handle_critical_section_stmt'vc.
Prover result is: Valid (0.01s, 7368 steps).

File "/home/fabrice/git/pycsl/scratchpad/w7/tmp/.pycsl_gwql3f_j.mlw", line 1594, characters 15-60:
Sub-goal postcondition of goal statementemissionmixin___handle_critical_section_stmt'vc.
Prover result is: Valid (0.01s, 7369 steps).

File "/home/fabrice/git/pycsl/scratchpad/w7/tmp/.pycsl_gwql3f_j.mlw", line 1595, characters 15-50:
Sub-goal postcondition of goal statementemissionmixin___handle_critical_section_stmt'vc.
Prover result is: Valid (0.01s, 7370 steps).

File "/home/fabrice/git/pycsl/scratchpad/w7/tmp/.pycsl_gwql3f_j.mlw", line 1596, characters 15-62:
Sub-goal postcondition of goal statementemissionmixin___handle_critical_section_stmt'vc.
Prover result is: Valid (0.01s, 7371 steps).

File "/home/fabrice/git/pycsl/scratchpad/w7/tmp/.pycsl_gwql3f_j.mlw", line 1592, characters 15-19:
Sub-goal postcondition of goal statementemissionmixin___handle_critical_section_stmt'vc.
Prover result is: Valid (0.01s, 7340 steps).

File "/home/fabrice/git/pycsl/scratchpad/w7/tmp/.pycsl_gwql3f_j.mlw", line 1593, characters 15-56:
Sub-goal postcondition of goal statementemissionmixin___handle_critical_section_stmt'vc.
Prover result is: Valid (0.01s, 7341 steps).

File "/home/fabrice/git/pycsl/scratchpad/w7/tmp/.pycsl_gwql3f_j.mlw", line 1594, characters 15-60:
Sub-goal postcondition of goal statementemissionmixin___handle_critical_section_stmt'vc.
Prover result is: Valid (0.01s, 7342 steps).

File "/home/fabrice/git/pycsl/scratchpad/w7/tmp/.pycsl_gwql3f_j.mlw", line 1595, characters 15-50:
Sub-goal postcondition of goal statementemissionmixin___handle_critical_section_stmt'vc.
Prover result is: Valid (0.01s, 7343 steps).

File "/home/fabrice/git/pycsl/scratchpad/w7/tmp/.pycsl_gwql3f_j.mlw", line 1596, characters 15-62:
Sub-goal postcondition of goal statementemissionmixin___handle_critical_section_stmt'vc.
Prover result is: Valid (0.01s, 7344 steps).

File "/home/fabrice/git/pycsl/scratchpad/w7/tmp/.pycsl_gwql3f_j.mlw", line 1592, characters 15-19:
Sub-goal postcondition of goal statementemissionmixin___handle_critical_section_stmt'vc.
Prover result is: Valid (0.01s, 7642 steps).

File "/home/fabrice/git/pycsl/scratchpad/w7/tmp/.pycsl_gwql3f_j.mlw", line 1593, characters 15-56:
Sub-goal postcondition of goal statementemissionmixin___handle_critical_section_stmt'vc.
Prover result is: Valid (0.01s, 7643 steps).

File "/home/fabrice/git/pycsl/scratchpad/w7/tmp/.pycsl_gwql3f_j.mlw", line 1594, characters 15-60:
Sub-goal postcondition of goal statementemissionmixin___handle_critical_section_stmt'vc.
Prover result is: Valid (0.01s, 7644 steps).

File "/home/fabrice/git/pycsl/scratchpad/w7/tmp/.pycsl_gwql3f_j.mlw", line 1595, characters 15-50:
Sub-goal postcondition of goal statementemissionmixin___handle_critical_section_stmt'vc.
Prover result is: Valid (0.01s, 7645 steps).

File "/home/fabrice/git/pycsl/scratchpad/w7/tmp/.pycsl_gwql3f_j.mlw", line 1596, characters 15-62:
Sub-goal postcondition of goal statementemissionmixin___handle_critical_section_stmt'vc.
Prover result is: Valid (0.01s, 7646 steps).

File "/home/fabrice/git/pycsl/scratchpad/w7/tmp/.pycsl_gwql3f_j.mlw", line 1592, characters 15-19:
Sub-goal postcondition of goal statementemissionmixin___handle_critical_section_stmt'vc.
Prover result is: Valid (0.01s, 7615 steps).

File "/home/fabrice/git/pycsl/scratchpad/w7/tmp/.pycsl_gwql3f_j.mlw", line 1593, characters 15-56:
Sub-goal postcondition of goal statementemissionmixin___handle_critical_section_stmt'vc.
Prover result is: Valid (0.01s, 7616 steps).

File "/home/fabrice/git/pycsl/scratchpad/w7/tmp/.pycsl_gwql3f_j.mlw", line 1594, characters 15-60:
Sub-goal postcondition of goal statementemissionmixin___handle_critical_section_stmt'vc.
Prover result is: Valid (0.01s, 7617 steps).

File "/home/fabrice/git/pycsl/scratchpad/w7/tmp/.pycsl_gwql3f_j.mlw", line 1595, characters 15-50:
Sub-goal postcondition of goal statementemissionmixin___handle_critical_section_stmt'vc.
Prover result is: Valid (0.01s, 7618 steps).

File "/home/fabrice/git/pycsl/scratchpad/w7/tmp/.pycsl_gwql3f_j.mlw", line 1596, characters 15-62:
Sub-goal postcondition of goal statementemissionmixin___handle_critical_section_stmt'vc.
Prover result is: Valid (0.01s, 7619 steps).

File "/home/fabrice/git/pycsl/scratchpad/w7/tmp/.pycsl_gwql3f_j.mlw", line 1592, characters 15-19:
Sub-goal postcondition of goal statementemissionmixin___handle_critical_section_stmt'vc.
Prover result is: Valid (0.01s, 7274 steps).

File "/home/fabrice/git/pycsl/scratchpad/w7/tmp/.pycsl_gwql3f_j.mlw", line 1593, characters 15-56:
Sub-goal postcondition of goal statementemissionmixin___handle_critical_section_stmt'vc.
Prover result is: Valid (0.01s, 7275 steps).

File "/home/fabrice/git/pycsl/scratchpad/w7/tmp/.pycsl_gwql3f_j.mlw", line 1594, characters 15-60:
Sub-goal postcondition of goal statementemissionmixin___handle_critical_section_stmt'vc.
Prover result is: Valid (0.01s, 7276 steps).

File "/home/fabrice/git/pycsl/scratchpad/w7/tmp/.pycsl_gwql3f_j.mlw", line 1595, characters 15-50:
Sub-goal postcondition of goal statementemissionmixin___handle_critical_section_stmt'vc.
Prover result is: Valid (0.01s, 7277 steps).

File "/home/fabrice/git/pycsl/scratchpad/w7/tmp/.pycsl_gwql3f_j.mlw", line 1596, characters 15-62:
Sub-goal postcondition of goal statementemissionmixin___handle_critical_section_stmt'vc.
Prover result is: Valid (0.01s, 7278 steps).

File "/home/fabrice/git/pycsl/scratchpad/w7/tmp/.pycsl_gwql3f_j.mlw", line 1592, characters 15-19:
Sub-goal postcondition of goal statementemissionmixin___handle_critical_section_stmt'vc.
Prover result is: Valid (0.01s, 7247 steps).

File "/home/fabrice/git/pycsl/scratchpad/w7/tmp/.pycsl_gwql3f_j.mlw", line 1593, characters 15-56:
Sub-goal postcondition of goal statementemissionmixin___handle_critical_section_stmt'vc.
Prover result is: Valid (0.01s, 7248 steps).

File "/home/fabrice/git/pycsl/scratchpad/w7/tmp/.pycsl_gwql3f_j.mlw", line 1594, characters 15-60:
Sub-goal postcondition of goal statementemissionmixin___handle_critical_section_stmt'vc.
Prover result is: Valid (0.01s, 7249 steps).

File "/home/fabrice/git/pycsl/scratchpad/w7/tmp/.pycsl_gwql3f_j.mlw", line 1595, characters 15-50:
Sub-goal postcondition of goal statementemissionmixin___handle_critical_section_stmt'vc.
Prover result is: Valid (0.01s, 7250 steps).

File "/home/fabrice/git/pycsl/scratchpad/w7/tmp/.pycsl_gwql3f_j.mlw", line 1596, characters 15-62:
Sub-goal postcondition of goal statementemissionmixin___handle_critical_section_stmt'vc.
Prover result is: Valid (0.01s, 7251 steps).

File "/home/fabrice/git/pycsl/scratchpad/w7/tmp/.pycsl_gwql3f_j.mlw", line 1673, characters 82-101:
Sub-goal array creation size of goal statementemissionmixin___handle_critical_section_stmt'vc.
Prover result is: Valid (0.01s, 7159 steps).

File "/home/fabrice/git/pycsl/scratchpad/w7/tmp/.pycsl_gwql3f_j.mlw", line 1592, characters 15-19:
Sub-goal postcondition of goal statementemissionmixin___handle_critical_section_stmt'vc.
Prover result is: Valid (0.01s, 7735 steps).

File "/home/fabrice/git/pycsl/scratchpad/w7/tmp/.pycsl_gwql3f_j.mlw", line 1593, characters 15-56:
Sub-goal postcondition of goal statementemissionmixin___handle_critical_section_stmt'vc.
Prover result is: Valid (0.01s, 7736 steps).

File "/home/fabrice/git/pycsl/scratchpad/w7/tmp/.pycsl_gwql3f_j.mlw", line 1594, characters 15-60:
Sub-goal postcondition of goal statementemissionmixin___handle_critical_section_stmt'vc.
Prover result is: Valid (0.01s, 7737 steps).

File "/home/fabrice/git/pycsl/scratchpad/w7/tmp/.pycsl_gwql3f_j.mlw", line 1595, characters 15-50:
Sub-goal postcondition of goal statementemissionmixin___handle_critical_section_stmt'vc.
Prover result is: Valid (0.01s, 7738 steps).

File "/home/fabrice/git/pycsl/scratchpad/w7/tmp/.pycsl_gwql3f_j.mlw", line 1596, characters 15-62:
Sub-goal postcondition of goal statementemissionmixin___handle_critical_section_stmt'vc.
Prover result is: Valid (0.01s, 7739 steps).

File "/home/fabrice/git/pycsl/scratchpad/w7/tmp/.pycsl_gwql3f_j.mlw", line 1592, characters 15-19:
Sub-goal postcondition of goal statementemissionmixin___handle_critical_section_stmt'vc.
Prover result is: Valid (0.01s, 7708 steps).

File "/home/fabrice/git/pycsl/scratchpad/w7/tmp/.pycsl_gwql3f_j.mlw", line 1593, characters 15-56:
Sub-goal postcondition of goal statementemissionmixin___handle_critical_section_stmt'vc.
Prover result is: Valid (0.01s, 7709 steps).

File "/home/fabrice/git/pycsl/scratchpad/w7/tmp/.pycsl_gwql3f_j.mlw", line 1594, characters 15-60:
Sub-goal postcondition of goal statementemissionmixin___handle_critical_section_stmt'vc.
Prover result is: Valid (0.01s, 7710 steps).

File "/home/fabrice/git/pycsl/scratchpad/w7/tmp/.pycsl_gwql3f_j.mlw", line 1595, characters 15-50:
Sub-goal postcondition of goal statementemissionmixin___handle_critical_section_stmt'vc.
Prover result is: Valid (0.01s, 7711 steps).

File "/home/fabrice/git/pycsl/scratchpad/w7/tmp/.pycsl_gwql3f_j.mlw", line 1596, characters 15-62:
Sub-goal postcondition of goal statementemissionmixin___handle_critical_section_stmt'vc.
Prover result is: Valid (0.01s, 7712 steps).

File "/home/fabrice/git/pycsl/scratchpad/w7/tmp/.pycsl_gwql3f_j.mlw", line 1592, characters 15-19:
Sub-goal postcondition of goal statementemissionmixin___handle_critical_section_stmt'vc.
Prover result is: Valid (0.01s, 7367 steps).

File "/home/fabrice/git/pycsl/scratchpad/w7/tmp/.pycsl_gwql3f_j.mlw", line 1593, characters 15-56:
Sub-goal postcondition of goal statementemissionmixin___handle_critical_section_stmt'vc.
Prover result is: Valid (0.01s, 7368 steps).

File "/home/fabrice/git/pycsl/scratchpad/w7/tmp/.pycsl_gwql3f_j.mlw", line 1594, characters 15-60:
Sub-goal postcondition of goal statementemissionmixin___handle_critical_section_stmt'vc.
Prover result is: Valid (0.01s, 7369 steps).

File "/home/fabrice/git/pycsl/scratchpad/w7/tmp/.pycsl_gwql3f_j.mlw", line 1595, characters 15-50:
Sub-goal postcondition of goal statementemissionmixin___handle_critical_section_stmt'vc.
Prover result is: Valid (0.01s, 7370 steps).

File "/home/fabrice/git/pycsl/scratchpad/w7/tmp/.pycsl_gwql3f_j.mlw", line 1596, characters 15-62:
Sub-goal postcondition of goal statementemissionmixin___handle_critical_section_stmt'vc.
Prover result is: Valid (0.01s, 7371 steps).

File "/home/fabrice/git/pycsl/scratchpad/w7/tmp/.pycsl_gwql3f_j.mlw", line 1592, characters 15-19:
Sub-goal postcondition of goal statementemissionmixin___handle_critical_section_stmt'vc.
Prover result is: Valid (0.01s, 7340 steps).

File "/home/fabrice/git/pycsl/scratchpad/w7/tmp/.pycsl_gwql3f_j.mlw", line 1593, characters 15-56:
Sub-goal postcondition of goal statementemissionmixin___handle_critical_section_stmt'vc.
Prover result is: Valid (0.01s, 7341 steps).

File "/home/fabrice/git/pycsl/scratchpad/w7/tmp/.pycsl_gwql3f_j.mlw", line 1594, characters 15-60:
Sub-goal postcondition of goal statementemissionmixin___handle_critical_section_stmt'vc.
Prover result is: Valid (0.01s, 7342 steps).

File "/home/fabrice/git/pycsl/scratchpad/w7/tmp/.pycsl_gwql3f_j.mlw", line 1595, characters 15-50:
Sub-goal postcondition of goal statementemissionmixin___handle_critical_section_stmt'vc.
Prover result is: Valid (0.01s, 7343 steps).

File "/home/fabrice/git/pycsl/scratchpad/w7/tmp/.pycsl_gwql3f_j.mlw", line 1596, characters 15-62:
Sub-goal postcondition of goal statementemissionmixin___handle_critical_section_stmt'vc.
Prover result is: Valid (0.01s, 7344 steps).

File "/home/fabrice/git/pycsl/scratchpad/w7/tmp/.pycsl_gwql3f_j.mlw", line 1592, characters 15-19:
Sub-goal postcondition of goal statementemissionmixin___handle_critical_section_stmt'vc.
Prover result is: Valid (0.01s, 7642 steps).

File "/home/fabrice/git/pycsl/scratchpad/w7/tmp/.pycsl_gwql3f_j.mlw", line 1593, characters 15-56:
Sub-goal postcondition of goal statementemissionmixin___handle_critical_section_stmt'vc.
Prover result is: Valid (0.01s, 7643 steps).

File "/home/fabrice/git/pycsl/scratchpad/w7/tmp/.pycsl_gwql3f_j.mlw", line 1594, characters 15-60:
Sub-goal postcondition of goal statementemissionmixin___handle_critical_section_stmt'vc.
Prover result is: Valid (0.01s, 7644 steps).

File "/home/fabrice/git/pycsl/scratchpad/w7/tmp/.pycsl_gwql3f_j.mlw", line 1595, characters 15-50:
Sub-goal postcondition of goal statementemissionmixin___handle_critical_section_stmt'vc.
Prover result is: Valid (0.01s, 7645 steps).

File "/home/fabrice/git/pycsl/scratchpad/w7/tmp/.pycsl_gwql3f_j.mlw", line 1596, characters 15-62:
Sub-goal postcondition of goal statementemissionmixin___handle_critical_section_stmt'vc.
Prover result is: Valid (0.01s, 7646 steps).

File "/home/fabrice/git/pycsl/scratchpad/w7/tmp/.pycsl_gwql3f_j.mlw", line 1592, characters 15-19:
Sub-goal postcondition of goal statementemissionmixin___handle_critical_section_stmt'vc.
Prover result is: Valid (0.01s, 7615 steps).

File "/home/fabrice/git/pycsl/scratchpad/w7/tmp/.pycsl_gwql3f_j.mlw", line 1593, characters 15-56:
Sub-goal postcondition of goal statementemissionmixin___handle_critical_section_stmt'vc.
Prover result is: Valid (0.01s, 7616 steps).

File "/home/fabrice/git/pycsl/scratchpad/w7/tmp/.pycsl_gwql3f_j.mlw", line 1594, characters 15-60:
Sub-goal postcondition of goal statementemissionmixin___handle_critical_section_stmt'vc.
Prover result is: Valid (0.01s, 7617 steps).

File "/home/fabrice/git/pycsl/scratchpad/w7/tmp/.pycsl_gwql3f_j.mlw", line 1595, characters 15-50:
Sub-goal postcondition of goal statementemissionmixin___handle_critical_section_stmt'vc.
Prover result is: Valid (0.01s, 7618 steps).

File "/home/fabrice/git/pycsl/scratchpad/w7/tmp/.pycsl_gwql3f_j.mlw", line 1596, characters 15-62:
Sub-goal postcondition of goal statementemissionmixin___handle_critical_section_stmt'vc.
Prover result is: Valid (0.01s, 7619 steps).

File "/home/fabrice/git/pycsl/scratchpad/w7/tmp/.pycsl_gwql3f_j.mlw", line 1592, characters 15-19:
Sub-goal postcondition of goal statementemissionmixin___handle_critical_section_stmt'vc.
Prover result is: Valid (0.01s, 7274 steps).

File "/home/fabrice/git/pycsl/scratchpad/w7/tmp/.pycsl_gwql3f_j.mlw", line 1593, characters 15-56:
Sub-goal postcondition of goal statementemissionmixin___handle_critical_section_stmt'vc.
Prover result is: Valid (0.01s, 7275 steps).

File "/home/fabrice/git/pycsl/scratchpad/w7/tmp/.pycsl_gwql3f_j.mlw", line 1594, characters 15-60:
Sub-goal postcondition of goal statementemissionmixin___handle_critical_section_stmt'vc.
Prover result is: Valid (0.01s, 7276 steps).

File "/home/fabrice/git/pycsl/scratchpad/w7/tmp/.pycsl_gwql3f_j.mlw", line 1595, characters 15-50:
Sub-goal postcondition of goal statementemissionmixin___handle_critical_section_stmt'vc.
Prover result is: Valid (0.01s, 7277 steps).

File "/home/fabrice/git/pycsl/scratchpad/w7/tmp/.pycsl_gwql3f_j.mlw", line 1596, characters 15-62:
Sub-goal postcondition of goal statementemissionmixin___handle_critical_section_stmt'vc.
Prover result is: Valid (0.01s, 7278 steps).

File "/home/fabrice/git/pycsl/scratchpad/w7/tmp/.pycsl_gwql3f_j.mlw", line 1592, characters 15-19:
Sub-goal postcondition of goal statementemissionmixin___handle_critical_section_stmt'vc.
Prover result is: Valid (0.01s, 7247 steps).

File "/home/fabrice/git/pycsl/scratchpad/w7/tmp/.pycsl_gwql3f_j.mlw", line 1593, characters 15-56:
Sub-goal postcondition of goal statementemissionmixin___handle_critical_section_stmt'vc.
Prover result is: Valid (0.01s, 7248 steps).

File "/home/fabrice/git/pycsl/scratchpad/w7/tmp/.pycsl_gwql3f_j.mlw", line 1594, characters 15-60:
Sub-goal postcondition of goal statementemissionmixin___handle_critical_section_stmt'vc.
Prover result is: Valid (0.01s, 7249 steps).

File "/home/fabrice/git/pycsl/scratchpad/w7/tmp/.pycsl_gwql3f_j.mlw", line 1595, characters 15-50:
Sub-goal postcondition of goal statementemissionmixin___handle_critical_section_stmt'vc.
Prover result is: Valid (0.01s, 7250 steps).

File "/home/fabrice/git/pycsl/scratchpad/w7/tmp/.pycsl_gwql3f_j.mlw", line 1596, characters 15-62:
Sub-goal postcondition of goal statementemissionmixin___handle_critical_section_stmt'vc.
Prover result is: Valid (0.01s, 7251 steps).

File "/home/fabrice/git/pycsl/scratchpad/w7/tmp/.pycsl_gwql3f_j.mlw", line 1673, characters 82-101:
Sub-goal array creation size of goal statementemissionmixin___handle_critical_section_stmt'vc.
Prover result is: Valid (0.01s, 7027 steps).

File "/home/fabrice/git/pycsl/scratchpad/w7/tmp/.pycsl_gwql3f_j.mlw", line 1592, characters 15-19:
Sub-goal postcondition of goal statementemissionmixin___handle_critical_section_stmt'vc.
Prover result is: Valid (0.01s, 7603 steps).

File "/home/fabrice/git/pycsl/scratchpad/w7/tmp/.pycsl_gwql3f_j.mlw", line 1593, characters 15-56:
Sub-goal postcondition of goal statementemissionmixin___handle_critical_section_stmt'vc.
Prover result is: Valid (0.01s, 7604 steps).

File "/home/fabrice/git/pycsl/scratchpad/w7/tmp/.pycsl_gwql3f_j.mlw", line 1594, characters 15-60:
Sub-goal postcondition of goal statementemissionmixin___handle_critical_section_stmt'vc.
Prover result is: Valid (0.01s, 7605 steps).

File "/home/fabrice/git/pycsl/scratchpad/w7/tmp/.pycsl_gwql3f_j.mlw", line 1595, characters 15-50:
Sub-goal postcondition of goal statementemissionmixin___handle_critical_section_stmt'vc.
Prover result is: Valid (0.01s, 7606 steps).

File "/home/fabrice/git/pycsl/scratchpad/w7/tmp/.pycsl_gwql3f_j.mlw", line 1596, characters 15-62:
Sub-goal postcondition of goal statementemissionmixin___handle_critical_section_stmt'vc.
Prover result is: Valid (0.01s, 7607 steps).

File "/home/fabrice/git/pycsl/scratchpad/w7/tmp/.pycsl_gwql3f_j.mlw", line 1592, characters 15-19:
Sub-goal postcondition of goal statementemissionmixin___handle_critical_section_stmt'vc.
Prover result is: Valid (0.01s, 7576 steps).

File "/home/fabrice/git/pycsl/scratchpad/w7/tmp/.pycsl_gwql3f_j.mlw", line 1593, characters 15-56:
Sub-goal postcondition of goal statementemissionmixin___handle_critical_section_stmt'vc.
Prover result is: Valid (0.01s, 7577 steps).

File "/home/fabrice/git/pycsl/scratchpad/w7/tmp/.pycsl_gwql3f_j.mlw", line 1594, characters 15-60:
Sub-goal postcondition of goal statementemissionmixin___handle_critical_section_stmt'vc.
Prover result is: Valid (0.01s, 7578 steps).

File "/home/fabrice/git/pycsl/scratchpad/w7/tmp/.pycsl_gwql3f_j.mlw", line 1595, characters 15-50:
Sub-goal postcondition of goal statementemissionmixin___handle_critical_section_stmt'vc.
Prover result is: Valid (0.01s, 7579 steps).

File "/home/fabrice/git/pycsl/scratchpad/w7/tmp/.pycsl_gwql3f_j.mlw", line 1596, characters 15-62:
Sub-goal postcondition of goal statementemissionmixin___handle_critical_section_stmt'vc.
Prover result is: Valid (0.01s, 7580 steps).

File "/home/fabrice/git/pycsl/scratchpad/w7/tmp/.pycsl_gwql3f_j.mlw", line 1592, characters 15-19:
Sub-goal postcondition of goal statementemissionmixin___handle_critical_section_stmt'vc.
Prover result is: Valid (0.01s, 7235 steps).

File "/home/fabrice/git/pycsl/scratchpad/w7/tmp/.pycsl_gwql3f_j.mlw", line 1593, characters 15-56:
Sub-goal postcondition of goal statementemissionmixin___handle_critical_section_stmt'vc.
Prover result is: Valid (0.01s, 7236 steps).

File "/home/fabrice/git/pycsl/scratchpad/w7/tmp/.pycsl_gwql3f_j.mlw", line 1594, characters 15-60:
Sub-goal postcondition of goal statementemissionmixin___handle_critical_section_stmt'vc.
Prover result is: Valid (0.02s, 7237 steps).

File "/home/fabrice/git/pycsl/scratchpad/w7/tmp/.pycsl_gwql3f_j.mlw", line 1595, characters 15-50:
Sub-goal postcondition of goal statementemissionmixin___handle_critical_section_stmt'vc.
Prover result is: Valid (0.02s, 7238 steps).

File "/home/fabrice/git/pycsl/scratchpad/w7/tmp/.pycsl_gwql3f_j.mlw", line 1596, characters 15-62:
Sub-goal postcondition of goal statementemissionmixin___handle_critical_section_stmt'vc.
Prover result is: Valid (0.02s, 7239 steps).

File "/home/fabrice/git/pycsl/scratchpad/w7/tmp/.pycsl_gwql3f_j.mlw", line 1592, characters 15-19:
Sub-goal postcondition of goal statementemissionmixin___handle_critical_section_stmt'vc.
Prover result is: Valid (0.02s, 7208 steps).

File "/home/fabrice/git/pycsl/scratchpad/w7/tmp/.pycsl_gwql3f_j.mlw", line 1593, characters 15-56:
Sub-goal postcondition of goal statementemissionmixin___handle_critical_section_stmt'vc.
Prover result is: Valid (0.01s, 7209 steps).

File "/home/fabrice/git/pycsl/scratchpad/w7/tmp/.pycsl_gwql3f_j.mlw", line 1594, characters 15-60:
Sub-goal postcondition of goal statementemissionmixin___handle_critical_section_stmt'vc.
Prover result is: Valid (0.01s, 7210 steps).

File "/home/fabrice/git/pycsl/scratchpad/w7/tmp/.pycsl_gwql3f_j.mlw", line 1595, characters 15-50:
Sub-goal postcondition of goal statementemissionmixin___handle_critical_section_stmt'vc.
Prover result is: Valid (0.02s, 7211 steps).

File "/home/fabrice/git/pycsl/scratchpad/w7/tmp/.pycsl_gwql3f_j.mlw", line 1596, characters 15-62:
Sub-goal postcondition of goal statementemissionmixin___handle_critical_section_stmt'vc.
Prover result is: Valid (0.02s, 7212 steps).

File "/home/fabrice/git/pycsl/scratchpad/w7/tmp/.pycsl_gwql3f_j.mlw", line 1592, characters 15-19:
Sub-goal postcondition of goal statementemissionmixin___handle_critical_section_stmt'vc.
Prover result is: Valid (0.02s, 7510 steps).

File "/home/fabrice/git/pycsl/scratchpad/w7/tmp/.pycsl_gwql3f_j.mlw", line 1593, characters 15-56:
Sub-goal postcondition of goal statementemissionmixin___handle_critical_section_stmt'vc.
Prover result is: Valid (0.02s, 7511 steps).

File "/home/fabrice/git/pycsl/scratchpad/w7/tmp/.pycsl_gwql3f_j.mlw", line 1594, characters 15-60:
Sub-goal postcondition of goal statementemissionmixin___handle_critical_section_stmt'vc.
Prover result is: Valid (0.02s, 7512 steps).

File "/home/fabrice/git/pycsl/scratchpad/w7/tmp/.pycsl_gwql3f_j.mlw", line 1595, characters 15-50:
Sub-goal postcondition of goal statementemissionmixin___handle_critical_section_stmt'vc.
Prover result is: Valid (0.01s, 7513 steps).

File "/home/fabrice/git/pycsl/scratchpad/w7/tmp/.pycsl_gwql3f_j.mlw", line 1596, characters 15-62:
Sub-goal postcondition of goal statementemissionmixin___handle_critical_section_stmt'vc.
Prover result is: Valid (0.01s, 7514 steps).

File "/home/fabrice/git/pycsl/scratchpad/w7/tmp/.pycsl_gwql3f_j.mlw", line 1592, characters 15-19:
Sub-goal postcondition of goal statementemissionmixin___handle_critical_section_stmt'vc.
Prover result is: Valid (0.02s, 7483 steps).

File "/home/fabrice/git/pycsl/scratchpad/w7/tmp/.pycsl_gwql3f_j.mlw", line 1593, characters 15-56:
Sub-goal postcondition of goal statementemissionmixin___handle_critical_section_stmt'vc.
Prover result is: Valid (0.01s, 7484 steps).

File "/home/fabrice/git/pycsl/scratchpad/w7/tmp/.pycsl_gwql3f_j.mlw", line 1594, characters 15-60:
Sub-goal postcondition of goal statementemissionmixin___handle_critical_section_stmt'vc.
Prover result is: Valid (0.01s, 7485 steps).

File "/home/fabrice/git/pycsl/scratchpad/w7/tmp/.pycsl_gwql3f_j.mlw", line 1595, characters 15-50:
Sub-goal postcondition of goal statementemissionmixin___handle_critical_section_stmt'vc.
Prover result is: Valid (0.01s, 7486 steps).

File "/home/fabrice/git/pycsl/scratchpad/w7/tmp/.pycsl_gwql3f_j.mlw", line 1596, characters 15-62:
Sub-goal postcondition of goal statementemissionmixin___handle_critical_section_stmt'vc.
Prover result is: Valid (0.01s, 7487 steps).

File "/home/fabrice/git/pycsl/scratchpad/w7/tmp/.pycsl_gwql3f_j.mlw", line 1592, characters 15-19:
Sub-goal postcondition of goal statementemissionmixin___handle_critical_section_stmt'vc.
Prover result is: Valid (0.01s, 7142 steps).

File "/home/fabrice/git/pycsl/scratchpad/w7/tmp/.pycsl_gwql3f_j.mlw", line 1593, characters 15-56:
Sub-goal postcondition of goal statementemissionmixin___handle_critical_section_stmt'vc.
Prover result is: Valid (0.01s, 7143 steps).

File "/home/fabrice/git/pycsl/scratchpad/w7/tmp/.pycsl_gwql3f_j.mlw", line 1594, characters 15-60:
Sub-goal postcondition of goal statementemissionmixin___handle_critical_section_stmt'vc.
Prover result is: Valid (0.01s, 7144 steps).

File "/home/fabrice/git/pycsl/scratchpad/w7/tmp/.pycsl_gwql3f_j.mlw", line 1595, characters 15-50:
Sub-goal postcondition of goal statementemissionmixin___handle_critical_section_stmt'vc.
Prover result is: Valid (0.01s, 7145 steps).

File "/home/fabrice/git/pycsl/scratchpad/w7/tmp/.pycsl_gwql3f_j.mlw", line 1596, characters 15-62:
Sub-goal postcondition of goal statementemissionmixin___handle_critical_section_stmt'vc.
Prover result is: Valid (0.01s, 7146 steps).

File "/home/fabrice/git/pycsl/scratchpad/w7/tmp/.pycsl_gwql3f_j.mlw", line 1592, characters 15-19:
Sub-goal postcondition of goal statementemissionmixin___handle_critical_section_stmt'vc.
Prover result is: Valid (0.01s, 7115 steps).

File "/home/fabrice/git/pycsl/scratchpad/w7/tmp/.pycsl_gwql3f_j.mlw", line 1593, characters 15-56:
Sub-goal postcondition of goal statementemissionmixin___handle_critical_section_stmt'vc.
Prover result is: Valid (0.01s, 7116 steps).

File "/home/fabrice/git/pycsl/scratchpad/w7/tmp/.pycsl_gwql3f_j.mlw", line 1594, characters 15-60:
Sub-goal postcondition of goal statementemissionmixin___handle_critical_section_stmt'vc.
Prover result is: Valid (0.01s, 7117 steps).

File "/home/fabrice/git/pycsl/scratchpad/w7/tmp/.pycsl_gwql3f_j.mlw", line 1595, characters 15-50:
Sub-goal postcondition of goal statementemissionmixin___handle_critical_section_stmt'vc.
Prover result is: Valid (0.01s, 7118 steps).

File "/home/fabrice/git/pycsl/scratchpad/w7/tmp/.pycsl_gwql3f_j.mlw", line 1596, characters 15-62:
Sub-goal postcondition of goal statementemissionmixin___handle_critical_section_stmt'vc.
Prover result is: Valid (0.01s, 7119 steps).

File "/home/fabrice/git/pycsl/scratchpad/w7/tmp/.pycsl_gwql3f_j.mlw", line 1673, characters 82-101:
Sub-goal array creation size of goal statementemissionmixin___handle_critical_section_stmt'vc.
Prover result is: Valid (0.01s, 7155 steps).

File "/home/fabrice/git/pycsl/scratchpad/w7/tmp/.pycsl_gwql3f_j.mlw", line 1592, characters 15-19:
Sub-goal postcondition of goal statementemissionmixin___handle_critical_section_stmt'vc.
Prover result is: Valid (0.01s, 7731 steps).

File "/home/fabrice/git/pycsl/scratchpad/w7/tmp/.pycsl_gwql3f_j.mlw", line 1593, characters 15-56:
Sub-goal postcondition of goal statementemissionmixin___handle_critical_section_stmt'vc.
Prover result is: Valid (0.01s, 7732 steps).

File "/home/fabrice/git/pycsl/scratchpad/w7/tmp/.pycsl_gwql3f_j.mlw", line 1594, characters 15-60:
Sub-goal postcondition of goal statementemissionmixin___handle_critical_section_stmt'vc.
Prover result is: Valid (0.01s, 7733 steps).

File "/home/fabrice/git/pycsl/scratchpad/w7/tmp/.pycsl_gwql3f_j.mlw", line 1595, characters 15-50:
Sub-goal postcondition of goal statementemissionmixin___handle_critical_section_stmt'vc.
Prover result is: Valid (0.01s, 7734 steps).

File "/home/fabrice/git/pycsl/scratchpad/w7/tmp/.pycsl_gwql3f_j.mlw", line 1596, characters 15-62:
Sub-goal postcondition of goal statementemissionmixin___handle_critical_section_stmt'vc.
Prover result is: Valid (0.01s, 7735 steps).

File "/home/fabrice/git/pycsl/scratchpad/w7/tmp/.pycsl_gwql3f_j.mlw", line 1592, characters 15-19:
Sub-goal postcondition of goal statementemissionmixin___handle_critical_section_stmt'vc.
Prover result is: Valid (0.01s, 7704 steps).

File "/home/fabrice/git/pycsl/scratchpad/w7/tmp/.pycsl_gwql3f_j.mlw", line 1593, characters 15-56:
Sub-goal postcondition of goal statementemissionmixin___handle_critical_section_stmt'vc.
Prover result is: Valid (0.02s, 7705 steps).

File "/home/fabrice/git/pycsl/scratchpad/w7/tmp/.pycsl_gwql3f_j.mlw", line 1594, characters 15-60:
Sub-goal postcondition of goal statementemissionmixin___handle_critical_section_stmt'vc.
Prover result is: Valid (0.02s, 7706 steps).

File "/home/fabrice/git/pycsl/scratchpad/w7/tmp/.pycsl_gwql3f_j.mlw", line 1595, characters 15-50:
Sub-goal postcondition of goal statementemissionmixin___handle_critical_section_stmt'vc.
Prover result is: Valid (0.02s, 7707 steps).

File "/home/fabrice/git/pycsl/scratchpad/w7/tmp/.pycsl_gwql3f_j.mlw", line 1596, characters 15-62:
Sub-goal postcondition of goal statementemissionmixin___handle_critical_section_stmt'vc.
Prover result is: Valid (0.01s, 7708 steps).

File "/home/fabrice/git/pycsl/scratchpad/w7/tmp/.pycsl_gwql3f_j.mlw", line 1592, characters 15-19:
Sub-goal postcondition of goal statementemissionmixin___handle_critical_section_stmt'vc.
Prover result is: Valid (0.01s, 7363 steps).

File "/home/fabrice/git/pycsl/scratchpad/w7/tmp/.pycsl_gwql3f_j.mlw", line 1593, characters 15-56:
Sub-goal postcondition of goal statementemissionmixin___handle_critical_section_stmt'vc.
Prover result is: Valid (0.01s, 7364 steps).

File "/home/fabrice/git/pycsl/scratchpad/w7/tmp/.pycsl_gwql3f_j.mlw", line 1594, characters 15-60:
Sub-goal postcondition of goal statementemissionmixin___handle_critical_section_stmt'vc.
Prover result is: Valid (0.02s, 7365 steps).

File "/home/fabrice/git/pycsl/scratchpad/w7/tmp/.pycsl_gwql3f_j.mlw", line 1595, characters 15-50:
Sub-goal postcondition of goal statementemissionmixin___handle_critical_section_stmt'vc.
Prover result is: Valid (0.01s, 7366 steps).

File "/home/fabrice/git/pycsl/scratchpad/w7/tmp/.pycsl_gwql3f_j.mlw", line 1596, characters 15-62:
Sub-goal postcondition of goal statementemissionmixin___handle_critical_section_stmt'vc.
Prover result is: Valid (0.01s, 7367 steps).

File "/home/fabrice/git/pycsl/scratchpad/w7/tmp/.pycsl_gwql3f_j.mlw", line 1592, characters 15-19:
Sub-goal postcondition of goal statementemissionmixin___handle_critical_section_stmt'vc.
Prover result is: Valid (0.02s, 7336 steps).

File "/home/fabrice/git/pycsl/scratchpad/w7/tmp/.pycsl_gwql3f_j.mlw", line 1593, characters 15-56:
Sub-goal postcondition of goal statementemissionmixin___handle_critical_section_stmt'vc.
Prover result is: Valid (0.01s, 7337 steps).

File "/home/fabrice/git/pycsl/scratchpad/w7/tmp/.pycsl_gwql3f_j.mlw", line 1594, characters 15-60:
Sub-goal postcondition of goal statementemissionmixin___handle_critical_section_stmt'vc.
Prover result is: Valid (0.01s, 7338 steps).

File "/home/fabrice/git/pycsl/scratchpad/w7/tmp/.pycsl_gwql3f_j.mlw", line 1595, characters 15-50:
Sub-goal postcondition of goal statementemissionmixin___handle_critical_section_stmt'vc.
Prover result is: Valid (0.01s, 7339 steps).

File "/home/fabrice/git/pycsl/scratchpad/w7/tmp/.pycsl_gwql3f_j.mlw", line 1596, characters 15-62:
Sub-goal postcondition of goal statementemissionmixin___handle_critical_section_stmt'vc.
Prover result is: Valid (0.01s, 7340 steps).

File "/home/fabrice/git/pycsl/scratchpad/w7/tmp/.pycsl_gwql3f_j.mlw", line 1592, characters 15-19:
Sub-goal postcondition of goal statementemissionmixin___handle_critical_section_stmt'vc.
Prover result is: Valid (0.01s, 7638 steps).

File "/home/fabrice/git/pycsl/scratchpad/w7/tmp/.pycsl_gwql3f_j.mlw", line 1593, characters 15-56:
Sub-goal postcondition of goal statementemissionmixin___handle_critical_section_stmt'vc.
Prover result is: Valid (0.01s, 7639 steps).

File "/home/fabrice/git/pycsl/scratchpad/w7/tmp/.pycsl_gwql3f_j.mlw", line 1594, characters 15-60:
Sub-goal postcondition of goal statementemissionmixin___handle_critical_section_stmt'vc.
Prover result is: Valid (0.01s, 7640 steps).

File "/home/fabrice/git/pycsl/scratchpad/w7/tmp/.pycsl_gwql3f_j.mlw", line 1595, characters 15-50:
Sub-goal postcondition of goal statementemissionmixin___handle_critical_section_stmt'vc.
Prover result is: Valid (0.01s, 7641 steps).

File "/home/fabrice/git/pycsl/scratchpad/w7/tmp/.pycsl_gwql3f_j.mlw", line 1596, characters 15-62:
Sub-goal postcondition of goal statementemissionmixin___handle_critical_section_stmt'vc.
Prover result is: Valid (0.01s, 7642 steps).

File "/home/fabrice/git/pycsl/scratchpad/w7/tmp/.pycsl_gwql3f_j.mlw", line 1592, characters 15-19:
Sub-goal postcondition of goal statementemissionmixin___handle_critical_section_stmt'vc.
Prover result is: Valid (0.01s, 7611 steps).

File "/home/fabrice/git/pycsl/scratchpad/w7/tmp/.pycsl_gwql3f_j.mlw", line 1593, characters 15-56:
Sub-goal postcondition of goal statementemissionmixin___handle_critical_section_stmt'vc.
Prover result is: Valid (0.01s, 7612 steps).

File "/home/fabrice/git/pycsl/scratchpad/w7/tmp/.pycsl_gwql3f_j.mlw", line 1594, characters 15-60:
Sub-goal postcondition of goal statementemissionmixin___handle_critical_section_stmt'vc.
Prover result is: Valid (0.01s, 7613 steps).

File "/home/fabrice/git/pycsl/scratchpad/w7/tmp/.pycsl_gwql3f_j.mlw", line 1595, characters 15-50:
Sub-goal postcondition of goal statementemissionmixin___handle_critical_section_stmt'vc.
Prover result is: Valid (0.01s, 7614 steps).

File "/home/fabrice/git/pycsl/scratchpad/w7/tmp/.pycsl_gwql3f_j.mlw", line 1596, characters 15-62:
Sub-goal postcondition of goal statementemissionmixin___handle_critical_section_stmt'vc.
Prover result is: Valid (0.01s, 7615 steps).

File "/home/fabrice/git/pycsl/scratchpad/w7/tmp/.pycsl_gwql3f_j.mlw", line 1592, characters 15-19:
Sub-goal postcondition of goal statementemissionmixin___handle_critical_section_stmt'vc.
Prover result is: Valid (0.01s, 7270 steps).

File "/home/fabrice/git/pycsl/scratchpad/w7/tmp/.pycsl_gwql3f_j.mlw", line 1593, characters 15-56:
Sub-goal postcondition of goal statementemissionmixin___handle_critical_section_stmt'vc.
Prover result is: Valid (0.01s, 7271 steps).

File "/home/fabrice/git/pycsl/scratchpad/w7/tmp/.pycsl_gwql3f_j.mlw", line 1594, characters 15-60:
Sub-goal postcondition of goal statementemissionmixin___handle_critical_section_stmt'vc.
Prover result is: Valid (0.01s, 7272 steps).

File "/home/fabrice/git/pycsl/scratchpad/w7/tmp/.pycsl_gwql3f_j.mlw", line 1595, characters 15-50:
Sub-goal postcondition of goal statementemissionmixin___handle_critical_section_stmt'vc.
Prover result is: Valid (0.01s, 7273 steps).

File "/home/fabrice/git/pycsl/scratchpad/w7/tmp/.pycsl_gwql3f_j.mlw", line 1596, characters 15-62:
Sub-goal postcondition of goal statementemissionmixin___handle_critical_section_stmt'vc.
Prover result is: Valid (0.01s, 7274 steps).

File "/home/fabrice/git/pycsl/scratchpad/w7/tmp/.pycsl_gwql3f_j.mlw", line 1592, characters 15-19:
Sub-goal postcondition of goal statementemissionmixin___handle_critical_section_stmt'vc.
Prover result is: Valid (0.02s, 7243 steps).

File "/home/fabrice/git/pycsl/scratchpad/w7/tmp/.pycsl_gwql3f_j.mlw", line 1593, characters 15-56:
Sub-goal postcondition of goal statementemissionmixin___handle_critical_section_stmt'vc.
Prover result is: Valid (0.01s, 7244 steps).

File "/home/fabrice/git/pycsl/scratchpad/w7/tmp/.pycsl_gwql3f_j.mlw", line 1594, characters 15-60:
Sub-goal postcondition of goal statementemissionmixin___handle_critical_section_stmt'vc.
Prover result is: Valid (0.01s, 7245 steps).

File "/home/fabrice/git/pycsl/scratchpad/w7/tmp/.pycsl_gwql3f_j.mlw", line 1595, characters 15-50:
Sub-goal postcondition of goal statementemissionmixin___handle_critical_section_stmt'vc.
Prover result is: Valid (0.01s, 7246 steps).

File "/home/fabrice/git/pycsl/scratchpad/w7/tmp/.pycsl_gwql3f_j.mlw", line 1596, characters 15-62:
Sub-goal postcondition of goal statementemissionmixin___handle_critical_section_stmt'vc.
Prover result is: Valid (0.01s, 7247 steps).

File "/home/fabrice/git/pycsl/scratchpad/w7/tmp/.pycsl_gwql3f_j.mlw", line 1673, characters 82-101:
Sub-goal array creation size of goal statementemissionmixin___handle_critical_section_stmt'vc.
Prover result is: Valid (0.01s, 7155 steps).

File "/home/fabrice/git/pycsl/scratchpad/w7/tmp/.pycsl_gwql3f_j.mlw", line 1592, characters 15-19:
Sub-goal postcondition of goal statementemissionmixin___handle_critical_section_stmt'vc.
Prover result is: Valid (0.01s, 7731 steps).

File "/home/fabrice/git/pycsl/scratchpad/w7/tmp/.pycsl_gwql3f_j.mlw", line 1593, characters 15-56:
Sub-goal postcondition of goal statementemissionmixin___handle_critical_section_stmt'vc.
Prover result is: Valid (0.01s, 7732 steps).

File "/home/fabrice/git/pycsl/scratchpad/w7/tmp/.pycsl_gwql3f_j.mlw", line 1594, characters 15-60:
Sub-goal postcondition of goal statementemissionmixin___handle_critical_section_stmt'vc.
Prover result is: Valid (0.01s, 7733 steps).

File "/home/fabrice/git/pycsl/scratchpad/w7/tmp/.pycsl_gwql3f_j.mlw", line 1595, characters 15-50:
Sub-goal postcondition of goal statementemissionmixin___handle_critical_section_stmt'vc.
Prover result is: Valid (0.01s, 7734 steps).

File "/home/fabrice/git/pycsl/scratchpad/w7/tmp/.pycsl_gwql3f_j.mlw", line 1596, characters 15-62:
Sub-goal postcondition of goal statementemissionmixin___handle_critical_section_stmt'vc.
Prover result is: Valid (0.01s, 7735 steps).

File "/home/fabrice/git/pycsl/scratchpad/w7/tmp/.pycsl_gwql3f_j.mlw", line 1592, characters 15-19:
Sub-goal postcondition of goal statementemissionmixin___handle_critical_section_stmt'vc.
Prover result is: Valid (0.01s, 7704 steps).

File "/home/fabrice/git/pycsl/scratchpad/w7/tmp/.pycsl_gwql3f_j.mlw", line 1593, characters 15-56:
Sub-goal postcondition of goal statementemissionmixin___handle_critical_section_stmt'vc.
Prover result is: Valid (0.01s, 7705 steps).

File "/home/fabrice/git/pycsl/scratchpad/w7/tmp/.pycsl_gwql3f_j.mlw", line 1594, characters 15-60:
Sub-goal postcondition of goal statementemissionmixin___handle_critical_section_stmt'vc.
Prover result is: Valid (0.01s, 7706 steps).

File "/home/fabrice/git/pycsl/scratchpad/w7/tmp/.pycsl_gwql3f_j.mlw", line 1595, characters 15-50:
Sub-goal postcondition of goal statementemissionmixin___handle_critical_section_stmt'vc.
Prover result is: Valid (0.02s, 7707 steps).

File "/home/fabrice/git/pycsl/scratchpad/w7/tmp/.pycsl_gwql3f_j.mlw", line 1596, characters 15-62:
Sub-goal postcondition of goal statementemissionmixin___handle_critical_section_stmt'vc.
Prover result is: Valid (0.02s, 7708 steps).

File "/home/fabrice/git/pycsl/scratchpad/w7/tmp/.pycsl_gwql3f_j.mlw", line 1592, characters 15-19:
Sub-goal postcondition of goal statementemissionmixin___handle_critical_section_stmt'vc.
Prover result is: Valid (0.02s, 7363 steps).

File "/home/fabrice/git/pycsl/scratchpad/w7/tmp/.pycsl_gwql3f_j.mlw", line 1593, characters 15-56:
Sub-goal postcondition of goal statementemissionmixin___handle_critical_section_stmt'vc.
Prover result is: Valid (0.02s, 7364 steps).

File "/home/fabrice/git/pycsl/scratchpad/w7/tmp/.pycsl_gwql3f_j.mlw", line 1594, characters 15-60:
Sub-goal postcondition of goal statementemissionmixin___handle_critical_section_stmt'vc.
Prover result is: Valid (0.02s, 7365 steps).

File "/home/fabrice/git/pycsl/scratchpad/w7/tmp/.pycsl_gwql3f_j.mlw", line 1595, characters 15-50:
Sub-goal postcondition of goal statementemissionmixin___handle_critical_section_stmt'vc.
Prover result is: Valid (0.01s, 7366 steps).

File "/home/fabrice/git/pycsl/scratchpad/w7/tmp/.pycsl_gwql3f_j.mlw", line 1596, characters 15-62:
Sub-goal postcondition of goal statementemissionmixin___handle_critical_section_stmt'vc.
Prover result is: Valid (0.01s, 7367 steps).

File "/home/fabrice/git/pycsl/scratchpad/w7/tmp/.pycsl_gwql3f_j.mlw", line 1592, characters 15-19:
Sub-goal postcondition of goal statementemissionmixin___handle_critical_section_stmt'vc.
Prover result is: Valid (0.01s, 7336 steps).

File "/home/fabrice/git/pycsl/scratchpad/w7/tmp/.pycsl_gwql3f_j.mlw", line 1593, characters 15-56:
Sub-goal postcondition of goal statementemissionmixin___handle_critical_section_stmt'vc.
Prover result is: Valid (0.01s, 7337 steps).

File "/home/fabrice/git/pycsl/scratchpad/w7/tmp/.pycsl_gwql3f_j.mlw", line 1594, characters 15-60:
Sub-goal postcondition of goal statementemissionmixin___handle_critical_section_stmt'vc.
Prover result is: Valid (0.01s, 7338 steps).

File "/home/fabrice/git/pycsl/scratchpad/w7/tmp/.pycsl_gwql3f_j.mlw", line 1595, characters 15-50:
Sub-goal postcondition of goal statementemissionmixin___handle_critical_section_stmt'vc.
Prover result is: Valid (0.02s, 7339 steps).

File "/home/fabrice/git/pycsl/scratchpad/w7/tmp/.pycsl_gwql3f_j.mlw", line 1596, characters 15-62:
Sub-goal postcondition of goal statementemissionmixin___handle_critical_section_stmt'vc.
Prover result is: Valid (0.01s, 7340 steps).

File "/home/fabrice/git/pycsl/scratchpad/w7/tmp/.pycsl_gwql3f_j.mlw", line 1592, characters 15-19:
Sub-goal postcondition of goal statementemissionmixin___handle_critical_section_stmt'vc.
Prover result is: Valid (0.01s, 7638 steps).

File "/home/fabrice/git/pycsl/scratchpad/w7/tmp/.pycsl_gwql3f_j.mlw", line 1593, characters 15-56:
Sub-goal postcondition of goal statementemissionmixin___handle_critical_section_stmt'vc.
Prover result is: Valid (0.01s, 7639 steps).

File "/home/fabrice/git/pycsl/scratchpad/w7/tmp/.pycsl_gwql3f_j.mlw", line 1594, characters 15-60:
Sub-goal postcondition of goal statementemissionmixin___handle_critical_section_stmt'vc.
Prover result is: Valid (0.01s, 7640 steps).

File "/home/fabrice/git/pycsl/scratchpad/w7/tmp/.pycsl_gwql3f_j.mlw", line 1595, characters 15-50:
Sub-goal postcondition of goal statementemissionmixin___handle_critical_section_stmt'vc.
Prover result is: Valid (0.01s, 7641 steps).

File "/home/fabrice/git/pycsl/scratchpad/w7/tmp/.pycsl_gwql3f_j.mlw", line 1596, characters 15-62:
Sub-goal postcondition of goal statementemissionmixin___handle_critical_section_stmt'vc.
Prover result is: Valid (0.01s, 7642 steps).

File "/home/fabrice/git/pycsl/scratchpad/w7/tmp/.pycsl_gwql3f_j.mlw", line 1592, characters 15-19:
Sub-goal postcondition of goal statementemissionmixin___handle_critical_section_stmt'vc.
Prover result is: Valid (0.01s, 7611 steps).

File "/home/fabrice/git/pycsl/scratchpad/w7/tmp/.pycsl_gwql3f_j.mlw", line 1593, characters 15-56:
Sub-goal postcondition of goal statementemissionmixin___handle_critical_section_stmt'vc.
Prover result is: Valid (0.01s, 7612 steps).

File "/home/fabrice/git/pycsl/scratchpad/w7/tmp/.pycsl_gwql3f_j.mlw", line 1594, characters 15-60:
Sub-goal postcondition of goal statementemissionmixin___handle_critical_section_stmt'vc.
Prover result is: Valid (0.01s, 7613 steps).

File "/home/fabrice/git/pycsl/scratchpad/w7/tmp/.pycsl_gwql3f_j.mlw", line 1595, characters 15-50:
Sub-goal postcondition of goal statementemissionmixin___handle_critical_section_stmt'vc.
Prover result is: Valid (0.01s, 7614 steps).

File "/home/fabrice/git/pycsl/scratchpad/w7/tmp/.pycsl_gwql3f_j.mlw", line 1596, characters 15-62:
Sub-goal postcondition of goal statementemissionmixin___handle_critical_section_stmt'vc.
Prover result is: Valid (0.01s, 7615 steps).

File "/home/fabrice/git/pycsl/scratchpad/w7/tmp/.pycsl_gwql3f_j.mlw", line 1592, characters 15-19:
Sub-goal postcondition of goal statementemissionmixin___handle_critical_section_stmt'vc.
Prover result is: Valid (0.01s, 7270 steps).

File "/home/fabrice/git/pycsl/scratchpad/w7/tmp/.pycsl_gwql3f_j.mlw", line 1593, characters 15-56:
Sub-goal postcondition of goal statementemissionmixin___handle_critical_section_stmt'vc.
Prover result is: Valid (0.02s, 7271 steps).

File "/home/fabrice/git/pycsl/scratchpad/w7/tmp/.pycsl_gwql3f_j.mlw", line 1594, characters 15-60:
Sub-goal postcondition of goal statementemissionmixin___handle_critical_section_stmt'vc.
Prover result is: Valid (0.01s, 7272 steps).

File "/home/fabrice/git/pycsl/scratchpad/w7/tmp/.pycsl_gwql3f_j.mlw", line 1595, characters 15-50:
Sub-goal postcondition of goal statementemissionmixin___handle_critical_section_stmt'vc.
Prover result is: Valid (0.01s, 7273 steps).

File "/home/fabrice/git/pycsl/scratchpad/w7/tmp/.pycsl_gwql3f_j.mlw", line 1596, characters 15-62:
Sub-goal postcondition of goal statementemissionmixin___handle_critical_section_stmt'vc.
Prover result is: Valid (0.01s, 7274 steps).

File "/home/fabrice/git/pycsl/scratchpad/w7/tmp/.pycsl_gwql3f_j.mlw", line 1592, characters 15-19:
Sub-goal postcondition of goal statementemissionmixin___handle_critical_section_stmt'vc.
Prover result is: Valid (0.01s, 7243 steps).

File "/home/fabrice/git/pycsl/scratchpad/w7/tmp/.pycsl_gwql3f_j.mlw", line 1593, characters 15-56:
Sub-goal postcondition of goal statementemissionmixin___handle_critical_section_stmt'vc.
Prover result is: Valid (0.01s, 7244 steps).

File "/home/fabrice/git/pycsl/scratchpad/w7/tmp/.pycsl_gwql3f_j.mlw", line 1594, characters 15-60:
Sub-goal postcondition of goal statementemissionmixin___handle_critical_section_stmt'vc.
Prover result is: Valid (0.01s, 7245 steps).

File "/home/fabrice/git/pycsl/scratchpad/w7/tmp/.pycsl_gwql3f_j.mlw", line 1595, characters 15-50:
Sub-goal postcondition of goal statementemissionmixin___handle_critical_section_stmt'vc.
Prover result is: Valid (0.01s, 7246 steps).

File "/home/fabrice/git/pycsl/scratchpad/w7/tmp/.pycsl_gwql3f_j.mlw", line 1596, characters 15-62:
Sub-goal postcondition of goal statementemissionmixin___handle_critical_section_stmt'vc.
Prover result is: Valid (0.01s, 7247 steps).

File "/home/fabrice/git/pycsl/scratchpad/w7/tmp/.pycsl_gwql3f_j.mlw", line 1673, characters 82-101:
Sub-goal array creation size of goal statementemissionmixin___handle_critical_section_stmt'vc.
Prover result is: Valid (0.01s, 7023 steps).

File "/home/fabrice/git/pycsl/scratchpad/w7/tmp/.pycsl_gwql3f_j.mlw", line 1592, characters 15-19:
Sub-goal postcondition of goal statementemissionmixin___handle_critical_section_stmt'vc.
Prover result is: Valid (0.01s, 7599 steps).

File "/home/fabrice/git/pycsl/scratchpad/w7/tmp/.pycsl_gwql3f_j.mlw", line 1593, characters 15-56:
Sub-goal postcondition of goal statementemissionmixin___handle_critical_section_stmt'vc.
Prover result is: Valid (0.01s, 7600 steps).

File "/home/fabrice/git/pycsl/scratchpad/w7/tmp/.pycsl_gwql3f_j.mlw", line 1594, characters 15-60:
Sub-goal postcondition of goal statementemissionmixin___handle_critical_section_stmt'vc.
Prover result is: Valid (0.01s, 7601 steps).

File "/home/fabrice/git/pycsl/scratchpad/w7/tmp/.pycsl_gwql3f_j.mlw", line 1595, characters 15-50:
Sub-goal postcondition of goal statementemissionmixin___handle_critical_section_stmt'vc.
Prover result is: Valid (0.01s, 7602 steps).

File "/home/fabrice/git/pycsl/scratchpad/w7/tmp/.pycsl_gwql3f_j.mlw", line 1596, characters 15-62:
Sub-goal postcondition of goal statementemissionmixin___handle_critical_section_stmt'vc.
Prover result is: Valid (0.01s, 7603 steps).

File "/home/fabrice/git/pycsl/scratchpad/w7/tmp/.pycsl_gwql3f_j.mlw", line 1592, characters 15-19:
Sub-goal postcondition of goal statementemissionmixin___handle_critical_section_stmt'vc.
Prover result is: Valid (0.01s, 7572 steps).

File "/home/fabrice/git/pycsl/scratchpad/w7/tmp/.pycsl_gwql3f_j.mlw", line 1593, characters 15-56:
Sub-goal postcondition of goal statementemissionmixin___handle_critical_section_stmt'vc.
Prover result is: Valid (0.01s, 7573 steps).

File "/home/fabrice/git/pycsl/scratchpad/w7/tmp/.pycsl_gwql3f_j.mlw", line 1594, characters 15-60:
Sub-goal postcondition of goal statementemissionmixin___handle_critical_section_stmt'vc.
Prover result is: Valid (0.01s, 7574 steps).

File "/home/fabrice/git/pycsl/scratchpad/w7/tmp/.pycsl_gwql3f_j.mlw", line 1595, characters 15-50:
Sub-goal postcondition of goal statementemissionmixin___handle_critical_section_stmt'vc.
Prover result is: Valid (0.02s, 7575 steps).

File "/home/fabrice/git/pycsl/scratchpad/w7/tmp/.pycsl_gwql3f_j.mlw", line 1596, characters 15-62:
Sub-goal postcondition of goal statementemissionmixin___handle_critical_section_stmt'vc.
Prover result is: Valid (0.01s, 7576 steps).

File "/home/fabrice/git/pycsl/scratchpad/w7/tmp/.pycsl_gwql3f_j.mlw", line 1592, characters 15-19:
Sub-goal postcondition of goal statementemissionmixin___handle_critical_section_stmt'vc.
Prover result is: Valid (0.01s, 7231 steps).

File "/home/fabrice/git/pycsl/scratchpad/w7/tmp/.pycsl_gwql3f_j.mlw", line 1593, characters 15-56:
Sub-goal postcondition of goal statementemissionmixin___handle_critical_section_stmt'vc.
Prover result is: Valid (0.01s, 7232 steps).

File "/home/fabrice/git/pycsl/scratchpad/w7/tmp/.pycsl_gwql3f_j.mlw", line 1594, characters 15-60:
Sub-goal postcondition of goal statementemissionmixin___handle_critical_section_stmt'vc.
Prover result is: Valid (0.01s, 7233 steps).

File "/home/fabrice/git/pycsl/scratchpad/w7/tmp/.pycsl_gwql3f_j.mlw", line 1595, characters 15-50:
Sub-goal postcondition of goal statementemissionmixin___handle_critical_section_stmt'vc.
Prover result is: Valid (0.01s, 7234 steps).

File "/home/fabrice/git/pycsl/scratchpad/w7/tmp/.pycsl_gwql3f_j.mlw", line 1596, characters 15-62:
Sub-goal postcondition of goal statementemissionmixin___handle_critical_section_stmt'vc.
Prover result is: Valid (0.01s, 7235 steps).

File "/home/fabrice/git/pycsl/scratchpad/w7/tmp/.pycsl_gwql3f_j.mlw", line 1592, characters 15-19:
Sub-goal postcondition of goal statementemissionmixin___handle_critical_section_stmt'vc.
Prover result is: Valid (0.01s, 7204 steps).

File "/home/fabrice/git/pycsl/scratchpad/w7/tmp/.pycsl_gwql3f_j.mlw", line 1593, characters 15-56:
Sub-goal postcondition of goal statementemissionmixin___handle_critical_section_stmt'vc.
Prover result is: Valid (0.01s, 7205 steps).

File "/home/fabrice/git/pycsl/scratchpad/w7/tmp/.pycsl_gwql3f_j.mlw", line 1594, characters 15-60:
Sub-goal postcondition of goal statementemissionmixin___handle_critical_section_stmt'vc.
Prover result is: Valid (0.01s, 7206 steps).

File "/home/fabrice/git/pycsl/scratchpad/w7/tmp/.pycsl_gwql3f_j.mlw", line 1595, characters 15-50:
Sub-goal postcondition of goal statementemissionmixin___handle_critical_section_stmt'vc.
Prover result is: Valid (0.02s, 7207 steps).

File "/home/fabrice/git/pycsl/scratchpad/w7/tmp/.pycsl_gwql3f_j.mlw", line 1596, characters 15-62:
Sub-goal postcondition of goal statementemissionmixin___handle_critical_section_stmt'vc.
Prover result is: Valid (0.01s, 7208 steps).

File "/home/fabrice/git/pycsl/scratchpad/w7/tmp/.pycsl_gwql3f_j.mlw", line 1592, characters 15-19:
Sub-goal postcondition of goal statementemissionmixin___handle_critical_section_stmt'vc.
Prover result is: Valid (0.01s, 7506 steps).

File "/home/fabrice/git/pycsl/scratchpad/w7/tmp/.pycsl_gwql3f_j.mlw", line 1593, characters 15-56:
Sub-goal postcondition of goal statementemissionmixin___handle_critical_section_stmt'vc.
Prover result is: Valid (0.01s, 7507 steps).

File "/home/fabrice/git/pycsl/scratchpad/w7/tmp/.pycsl_gwql3f_j.mlw", line 1594, characters 15-60:
Sub-goal postcondition of goal statementemissionmixin___handle_critical_section_stmt'vc.
Prover result is: Valid (0.01s, 7508 steps).

File "/home/fabrice/git/pycsl/scratchpad/w7/tmp/.pycsl_gwql3f_j.mlw", line 1595, characters 15-50:
Sub-goal postcondition of goal statementemissionmixin___handle_critical_section_stmt'vc.
Prover result is: Valid (0.02s, 7509 steps).

File "/home/fabrice/git/pycsl/scratchpad/w7/tmp/.pycsl_gwql3f_j.mlw", line 1596, characters 15-62:
Sub-goal postcondition of goal statementemissionmixin___handle_critical_section_stmt'vc.
Prover result is: Valid (0.01s, 7510 steps).

File "/home/fabrice/git/pycsl/scratchpad/w7/tmp/.pycsl_gwql3f_j.mlw", line 1592, characters 15-19:
Sub-goal postcondition of goal statementemissionmixin___handle_critical_section_stmt'vc.
Prover result is: Valid (0.01s, 7479 steps).

File "/home/fabrice/git/pycsl/scratchpad/w7/tmp/.pycsl_gwql3f_j.mlw", line 1593, characters 15-56:
Sub-goal postcondition of goal statementemissionmixin___handle_critical_section_stmt'vc.
Prover result is: Valid (0.02s, 7480 steps).

File "/home/fabrice/git/pycsl/scratchpad/w7/tmp/.pycsl_gwql3f_j.mlw", line 1594, characters 15-60:
Sub-goal postcondition of goal statementemissionmixin___handle_critical_section_stmt'vc.
Prover result is: Valid (0.01s, 7481 steps).

File "/home/fabrice/git/pycsl/scratchpad/w7/tmp/.pycsl_gwql3f_j.mlw", line 1595, characters 15-50:
Sub-goal postcondition of goal statementemissionmixin___handle_critical_section_stmt'vc.
Prover result is: Valid (0.01s, 7482 steps).

File "/home/fabrice/git/pycsl/scratchpad/w7/tmp/.pycsl_gwql3f_j.mlw", line 1596, characters 15-62:
Sub-goal postcondition of goal statementemissionmixin___handle_critical_section_stmt'vc.
Prover result is: Valid (0.01s, 7483 steps).

File "/home/fabrice/git/pycsl/scratchpad/w7/tmp/.pycsl_gwql3f_j.mlw", line 1592, characters 15-19:
Sub-goal postcondition of goal statementemissionmixin___handle_critical_section_stmt'vc.
Prover result is: Valid (0.01s, 7138 steps).

File "/home/fabrice/git/pycsl/scratchpad/w7/tmp/.pycsl_gwql3f_j.mlw", line 1593, characters 15-56:
Sub-goal postcondition of goal statementemissionmixin___handle_critical_section_stmt'vc.
Prover result is: Valid (0.01s, 7139 steps).

File "/home/fabrice/git/pycsl/scratchpad/w7/tmp/.pycsl_gwql3f_j.mlw", line 1594, characters 15-60:
Sub-goal postcondition of goal statementemissionmixin___handle_critical_section_stmt'vc.
Prover result is: Valid (0.01s, 7140 steps).

File "/home/fabrice/git/pycsl/scratchpad/w7/tmp/.pycsl_gwql3f_j.mlw", line 1595, characters 15-50:
Sub-goal postcondition of goal statementemissionmixin___handle_critical_section_stmt'vc.
Prover result is: Valid (0.01s, 7141 steps).

File "/home/fabrice/git/pycsl/scratchpad/w7/tmp/.pycsl_gwql3f_j.mlw", line 1596, characters 15-62:
Sub-goal postcondition of goal statementemissionmixin___handle_critical_section_stmt'vc.
Prover result is: Valid (0.01s, 7142 steps).

File "/home/fabrice/git/pycsl/scratchpad/w7/tmp/.pycsl_gwql3f_j.mlw", line 1592, characters 15-19:
Sub-goal postcondition of goal statementemissionmixin___handle_critical_section_stmt'vc.
Prover result is: Valid (0.01s, 7111 steps).

File "/home/fabrice/git/pycsl/scratchpad/w7/tmp/.pycsl_gwql3f_j.mlw", line 1593, characters 15-56:
Sub-goal postcondition of goal statementemissionmixin___handle_critical_section_stmt'vc.
Prover result is: Valid (0.01s, 7112 steps).

File "/home/fabrice/git/pycsl/scratchpad/w7/tmp/.pycsl_gwql3f_j.mlw", line 1594, characters 15-60:
Sub-goal postcondition of goal statementemissionmixin___handle_critical_section_stmt'vc.
Prover result is: Valid (0.01s, 7113 steps).

File "/home/fabrice/git/pycsl/scratchpad/w7/tmp/.pycsl_gwql3f_j.mlw", line 1595, characters 15-50:
Sub-goal postcondition of goal statementemissionmixin___handle_critical_section_stmt'vc.
Prover result is: Valid (0.01s, 7114 steps).

File "/home/fabrice/git/pycsl/scratchpad/w7/tmp/.pycsl_gwql3f_j.mlw", line 1596, characters 15-62:
Sub-goal postcondition of goal statementemissionmixin___handle_critical_section_stmt'vc.
Prover result is: Valid (0.01s, 7115 steps).

File "/home/fabrice/git/pycsl/scratchpad/w7/tmp/.pycsl_gwql3f_j.mlw", line 1729, characters 18-80:
Sub-goal precondition of goal statementemissionmixin___handle_fieldassign_stmt'vc.
Prover result is: Valid (0.01s, 11061 steps).

File "/home/fabrice/git/pycsl/scratchpad/w7/tmp/.pycsl_gwql3f_j.mlw", line 1733, characters 18-74:
Sub-goal precondition of goal statementemissionmixin___handle_fieldassign_stmt'vc.
Prover result is: Valid (0.01s, 11115 steps).

File "/home/fabrice/git/pycsl/scratchpad/w7/tmp/.pycsl_gwql3f_j.mlw", line 1692, characters 15-19:
Sub-goal postcondition of goal statementemissionmixin___handle_fieldassign_stmt'vc.
Prover result is: Valid (0.01s, 11897 steps).

File "/home/fabrice/git/pycsl/scratchpad/w7/tmp/.pycsl_gwql3f_j.mlw", line 1694, characters 15-56:
Sub-goal postcondition of goal statementemissionmixin___handle_fieldassign_stmt'vc.
Prover result is: Valid (0.03s, 78611 steps).

File "/home/fabrice/git/pycsl/scratchpad/w7/tmp/.pycsl_gwql3f_j.mlw", line 1695, characters 15-60:
Sub-goal postcondition of goal statementemissionmixin___handle_fieldassign_stmt'vc.
Prover result is: Valid (0.03s, 78658 steps).

File "/home/fabrice/git/pycsl/scratchpad/w7/tmp/.pycsl_gwql3f_j.mlw", line 1696, characters 15-50:
Sub-goal postcondition of goal statementemissionmixin___handle_fieldassign_stmt'vc.
Prover result is: Valid (0.04s, 144728 steps).

File "/home/fabrice/git/pycsl/scratchpad/w7/tmp/.pycsl_gwql3f_j.mlw", line 1697, characters 15-62:
Sub-goal postcondition of goal statementemissionmixin___handle_fieldassign_stmt'vc.
Prover result is: Valid (0.02s, 78752 steps).

File "/home/fabrice/git/pycsl/scratchpad/w7/tmp/.pycsl_gwql3f_j.mlw", line 1692, characters 15-19:
Sub-goal postcondition of goal statementemissionmixin___handle_fieldassign_stmt'vc.
Prover result is: Valid (0.02s, 11544 steps).

File "/home/fabrice/git/pycsl/scratchpad/w7/tmp/.pycsl_gwql3f_j.mlw", line 1694, characters 15-56:
Sub-goal postcondition of goal statementemissionmixin___handle_fieldassign_stmt'vc.
Prover result is: Valid (0.01s, 11557 steps).

File "/home/fabrice/git/pycsl/scratchpad/w7/tmp/.pycsl_gwql3f_j.mlw", line 1695, characters 15-60:
Sub-goal postcondition of goal statementemissionmixin___handle_fieldassign_stmt'vc.
Prover result is: Valid (0.01s, 11570 steps).

File "/home/fabrice/git/pycsl/scratchpad/w7/tmp/.pycsl_gwql3f_j.mlw", line 1696, characters 15-50:
Sub-goal postcondition of goal statementemissionmixin___handle_fieldassign_stmt'vc.
Prover result is: Valid (0.04s, 141541 steps).

File "/home/fabrice/git/pycsl/scratchpad/w7/tmp/.pycsl_gwql3f_j.mlw", line 1697, characters 15-62:
Sub-goal postcondition of goal statementemissionmixin___handle_fieldassign_stmt'vc.
Prover result is: Valid (0.02s, 11592 steps).

File "/home/fabrice/git/pycsl/scratchpad/w7/tmp/.pycsl_gwql3f_j.mlw", line 1738, characters 25-41:
Sub-goal array creation size of goal statementemissionmixin___handle_fieldassign_stmt'vc.
Prover result is: Valid (0.01s, 11181 steps).

File "/home/fabrice/git/pycsl/scratchpad/w7/tmp/.pycsl_gwql3f_j.mlw", line 1692, characters 15-19:
Sub-goal postcondition of goal statementemissionmixin___handle_fieldassign_stmt'vc.
Prover result is: Valid (0.01s, 12370 steps).

File "/home/fabrice/git/pycsl/scratchpad/w7/tmp/.pycsl_gwql3f_j.mlw", line 1694, characters 15-56:
Sub-goal postcondition of goal statementemissionmixin___handle_fieldassign_stmt'vc.
Prover result is: Valid (0.03s, 82220 steps).

File "/home/fabrice/git/pycsl/scratchpad/w7/tmp/.pycsl_gwql3f_j.mlw", line 1695, characters 15-60:
Sub-goal postcondition of goal statementemissionmixin___handle_fieldassign_stmt'vc.
Prover result is: Valid (0.03s, 82267 steps).

File "/home/fabrice/git/pycsl/scratchpad/w7/tmp/.pycsl_gwql3f_j.mlw", line 1696, characters 15-50:
Sub-goal postcondition of goal statementemissionmixin___handle_fieldassign_stmt'vc.
Prover result is: Valid (0.04s, 151209 steps).

File "/home/fabrice/git/pycsl/scratchpad/w7/tmp/.pycsl_gwql3f_j.mlw", line 1697, characters 15-62:
Sub-goal postcondition of goal statementemissionmixin___handle_fieldassign_stmt'vc.
Prover result is: Valid (0.02s, 82361 steps).

File "/home/fabrice/git/pycsl/scratchpad/w7/tmp/.pycsl_gwql3f_j.mlw", line 1692, characters 15-19:
Sub-goal postcondition of goal statementemissionmixin___handle_fieldassign_stmt'vc.
Prover result is: Valid (0.01s, 12017 steps).

File "/home/fabrice/git/pycsl/scratchpad/w7/tmp/.pycsl_gwql3f_j.mlw", line 1694, characters 15-56:
Sub-goal postcondition of goal statementemissionmixin___handle_fieldassign_stmt'vc.
Prover result is: Valid (0.01s, 12030 steps).

File "/home/fabrice/git/pycsl/scratchpad/w7/tmp/.pycsl_gwql3f_j.mlw", line 1695, characters 15-60:
Sub-goal postcondition of goal statementemissionmixin___handle_fieldassign_stmt'vc.
Prover result is: Valid (0.01s, 12043 steps).

File "/home/fabrice/git/pycsl/scratchpad/w7/tmp/.pycsl_gwql3f_j.mlw", line 1696, characters 15-50:
Sub-goal postcondition of goal statementemissionmixin___handle_fieldassign_stmt'vc.
Prover result is: Valid (0.03s, 148026 steps).

File "/home/fabrice/git/pycsl/scratchpad/w7/tmp/.pycsl_gwql3f_j.mlw", line 1697, characters 15-62:
Sub-goal postcondition of goal statementemissionmixin___handle_fieldassign_stmt'vc.
Prover result is: Valid (0.01s, 12065 steps).

File "/home/fabrice/git/pycsl/scratchpad/w7/tmp/.pycsl_gwql3f_j.mlw", line 1692, characters 15-19:
Sub-goal postcondition of goal statementemissionmixin___handle_fieldassign_stmt'vc.
Prover result is: Valid (0.01s, 12382 steps).

File "/home/fabrice/git/pycsl/scratchpad/w7/tmp/.pycsl_gwql3f_j.mlw", line 1694, characters 15-56:
Sub-goal postcondition of goal statementemissionmixin___handle_fieldassign_stmt'vc.
Prover result is: Valid (0.02s, 82660 steps).

File "/home/fabrice/git/pycsl/scratchpad/w7/tmp/.pycsl_gwql3f_j.mlw", line 1695, characters 15-60:
Sub-goal postcondition of goal statementemissionmixin___handle_fieldassign_stmt'vc.
Prover result is: Valid (0.02s, 82711 steps).

File "/home/fabrice/git/pycsl/scratchpad/w7/tmp/.pycsl_gwql3f_j.mlw", line 1696, characters 15-50:
Sub-goal postcondition of goal statementemissionmixin___handle_fieldassign_stmt'vc.
Prover result is: Valid (0.02s, 151656 steps).

File "/home/fabrice/git/pycsl/scratchpad/w7/tmp/.pycsl_gwql3f_j.mlw", line 1697, characters 15-62:
Sub-goal postcondition of goal statementemissionmixin___handle_fieldassign_stmt'vc.
Prover result is: Valid (0.02s, 82813 steps).

File "/home/fabrice/git/pycsl/scratchpad/w7/tmp/.pycsl_gwql3f_j.mlw", line 1692, characters 15-19:
Sub-goal postcondition of goal statementemissionmixin___handle_fieldassign_stmt'vc.
Prover result is: Valid (0.01s, 12029 steps).

File "/home/fabrice/git/pycsl/scratchpad/w7/tmp/.pycsl_gwql3f_j.mlw", line 1694, characters 15-56:
Sub-goal postcondition of goal statementemissionmixin___handle_fieldassign_stmt'vc.
Prover result is: Valid (0.01s, 12042 steps).

File "/home/fabrice/git/pycsl/scratchpad/w7/tmp/.pycsl_gwql3f_j.mlw", line 1695, characters 15-60:
Sub-goal postcondition of goal statementemissionmixin___handle_fieldassign_stmt'vc.
Prover result is: Valid (0.01s, 12055 steps).

File "/home/fabrice/git/pycsl/scratchpad/w7/tmp/.pycsl_gwql3f_j.mlw", line 1696, characters 15-50:
Sub-goal postcondition of goal statementemissionmixin___handle_fieldassign_stmt'vc.
Prover result is: Valid (0.03s, 148318 steps).

File "/home/fabrice/git/pycsl/scratchpad/w7/tmp/.pycsl_gwql3f_j.mlw", line 1697, characters 15-62:
Sub-goal postcondition of goal statementemissionmixin___handle_fieldassign_stmt'vc.
Prover result is: Valid (0.01s, 12077 steps).

File "/home/fabrice/git/pycsl/scratchpad/w7/tmp/.pycsl_gwql3f_j.mlw", line 1692, characters 15-19:
Sub-goal postcondition of goal statementemissionmixin___handle_fieldassign_stmt'vc.
Prover result is: Valid (0.01s, 12086 steps).

File "/home/fabrice/git/pycsl/scratchpad/w7/tmp/.pycsl_gwql3f_j.mlw", line 1694, characters 15-56:
Sub-goal postcondition of goal statementemissionmixin___handle_fieldassign_stmt'vc.
Prover result is: Valid (0.02s, 80239 steps).

File "/home/fabrice/git/pycsl/scratchpad/w7/tmp/.pycsl_gwql3f_j.mlw", line 1695, characters 15-60:
Sub-goal postcondition of goal statementemissionmixin___handle_fieldassign_stmt'vc.
Prover result is: Valid (0.02s, 80286 steps).

File "/home/fabrice/git/pycsl/scratchpad/w7/tmp/.pycsl_gwql3f_j.mlw", line 1696, characters 15-50:
Sub-goal postcondition of goal statementemissionmixin___handle_fieldassign_stmt'vc.
Prover result is: Valid (0.05s, 147318 steps).

File "/home/fabrice/git/pycsl/scratchpad/w7/tmp/.pycsl_gwql3f_j.mlw", line 1697, characters 15-62:
Sub-goal postcondition of goal statementemissionmixin___handle_fieldassign_stmt'vc.
Prover result is: Valid (0.02s, 80380 steps).

File "/home/fabrice/git/pycsl/scratchpad/w7/tmp/.pycsl_gwql3f_j.mlw", line 1692, characters 15-19:
Sub-goal postcondition of goal statementemissionmixin___handle_fieldassign_stmt'vc.
Prover result is: Valid (0.01s, 11733 steps).

File "/home/fabrice/git/pycsl/scratchpad/w7/tmp/.pycsl_gwql3f_j.mlw", line 1694, characters 15-56:
Sub-goal postcondition of goal statementemissionmixin___handle_fieldassign_stmt'vc.
Prover result is: Valid (0.01s, 11746 steps).

File "/home/fabrice/git/pycsl/scratchpad/w7/tmp/.pycsl_gwql3f_j.mlw", line 1695, characters 15-60:
Sub-goal postcondition of goal statementemissionmixin___handle_fieldassign_stmt'vc.
Prover result is: Valid (0.01s, 11759 steps).

File "/home/fabrice/git/pycsl/scratchpad/w7/tmp/.pycsl_gwql3f_j.mlw", line 1696, characters 15-50:
Sub-goal postcondition of goal statementemissionmixin___handle_fieldassign_stmt'vc.
Prover result is: Valid (0.03s, 144136 steps).

File "/home/fabrice/git/pycsl/scratchpad/w7/tmp/.pycsl_gwql3f_j.mlw", line 1697, characters 15-62:
Sub-goal postcondition of goal statementemissionmixin___handle_fieldassign_stmt'vc.
Prover result is: Valid (0.01s, 11781 steps).

File "/home/fabrice/git/pycsl/scratchpad/w7/tmp/.pycsl_gwql3f_j.mlw", line 1692, characters 15-19:
Sub-goal postcondition of goal statementemissionmixin___handle_fieldassign_stmt'vc.
Prover result is: Valid (0.01s, 11950 steps).

File "/home/fabrice/git/pycsl/scratchpad/w7/tmp/.pycsl_gwql3f_j.mlw", line 1694, characters 15-56:
Sub-goal postcondition of goal statementemissionmixin___handle_fieldassign_stmt'vc.
Prover result is: Valid (0.02s, 79190 steps).

File "/home/fabrice/git/pycsl/scratchpad/w7/tmp/.pycsl_gwql3f_j.mlw", line 1695, characters 15-60:
Sub-goal postcondition of goal statementemissionmixin___handle_fieldassign_stmt'vc.
Prover result is: Valid (0.01s, 79237 steps).

File "/home/fabrice/git/pycsl/scratchpad/w7/tmp/.pycsl_gwql3f_j.mlw", line 1696, characters 15-50:
Sub-goal postcondition of goal statementemissionmixin___handle_fieldassign_stmt'vc.
Prover result is: Valid (0.03s, 145491 steps).

File "/home/fabrice/git/pycsl/scratchpad/w7/tmp/.pycsl_gwql3f_j.mlw", line 1697, characters 15-62:
Sub-goal postcondition of goal statementemissionmixin___handle_fieldassign_stmt'vc.
Prover result is: Valid (0.02s, 79331 steps).

File "/home/fabrice/git/pycsl/scratchpad/w7/tmp/.pycsl_gwql3f_j.mlw", line 1692, characters 15-19:
Sub-goal postcondition of goal statementemissionmixin___handle_fieldassign_stmt'vc.
Prover result is: Valid (0.01s, 11597 steps).

File "/home/fabrice/git/pycsl/scratchpad/w7/tmp/.pycsl_gwql3f_j.mlw", line 1694, characters 15-56:
Sub-goal postcondition of goal statementemissionmixin___handle_fieldassign_stmt'vc.
Prover result is: Valid (0.01s, 11610 steps).

File "/home/fabrice/git/pycsl/scratchpad/w7/tmp/.pycsl_gwql3f_j.mlw", line 1695, characters 15-60:
Sub-goal postcondition of goal statementemissionmixin___handle_fieldassign_stmt'vc.
Prover result is: Valid (0.01s, 11623 steps).

File "/home/fabrice/git/pycsl/scratchpad/w7/tmp/.pycsl_gwql3f_j.mlw", line 1696, characters 15-50:
Sub-goal postcondition of goal statementemissionmixin___handle_fieldassign_stmt'vc.
Prover result is: Valid (0.03s, 142307 steps).

File "/home/fabrice/git/pycsl/scratchpad/w7/tmp/.pycsl_gwql3f_j.mlw", line 1697, characters 15-62:
Sub-goal postcondition of goal statementemissionmixin___handle_fieldassign_stmt'vc.
Prover result is: Valid (0.01s, 11645 steps).

File "/home/fabrice/git/pycsl/scratchpad/w7/tmp/.pycsl_gwql3f_j.mlw", line 1692, characters 15-19:
Sub-goal postcondition of goal statementemissionmixin___handle_fieldassign_stmt'vc.
Prover result is: Valid (0.01s, 13416 steps).

File "/home/fabrice/git/pycsl/scratchpad/w7/tmp/.pycsl_gwql3f_j.mlw", line 1694, characters 15-56:
Sub-goal postcondition of goal statementemissionmixin___handle_fieldassign_stmt'vc.
Prover result is: Valid (0.02s, 18793 steps).

File "/home/fabrice/git/pycsl/scratchpad/w7/tmp/.pycsl_gwql3f_j.mlw", line 1695, characters 15-60:
Sub-goal postcondition of goal statementemissionmixin___handle_fieldassign_stmt'vc.
Prover result is: Valid (0.02s, 18804 steps).

File "/home/fabrice/git/pycsl/scratchpad/w7/tmp/.pycsl_gwql3f_j.mlw", line 1696, characters 15-50:
Sub-goal postcondition of goal statementemissionmixin___handle_fieldassign_stmt'vc.
Prover result is: Valid (0.02s, 18815 steps).

File "/home/fabrice/git/pycsl/scratchpad/w7/tmp/.pycsl_gwql3f_j.mlw", line 1697, characters 15-62:
Sub-goal postcondition of goal statementemissionmixin___handle_fieldassign_stmt'vc.
Prover result is: Valid (0.02s, 18826 steps).

File "/home/fabrice/git/pycsl/scratchpad/w7/tmp/.pycsl_gwql3f_j.mlw", line 1692, characters 15-19:
Sub-goal postcondition of goal statementemissionmixin___handle_fieldassign_stmt'vc.
Prover result is: Valid (0.01s, 13061 steps).

File "/home/fabrice/git/pycsl/scratchpad/w7/tmp/.pycsl_gwql3f_j.mlw", line 1694, characters 15-56:
Sub-goal postcondition of goal statementemissionmixin___handle_fieldassign_stmt'vc.
Prover result is: Valid (0.01s, 18334 steps).

File "/home/fabrice/git/pycsl/scratchpad/w7/tmp/.pycsl_gwql3f_j.mlw", line 1695, characters 15-60:
Sub-goal postcondition of goal statementemissionmixin___handle_fieldassign_stmt'vc.
Prover result is: Valid (0.02s, 18345 steps).

File "/home/fabrice/git/pycsl/scratchpad/w7/tmp/.pycsl_gwql3f_j.mlw", line 1696, characters 15-50:
Sub-goal postcondition of goal statementemissionmixin___handle_fieldassign_stmt'vc.
Prover result is: Valid (0.01s, 18356 steps).

File "/home/fabrice/git/pycsl/scratchpad/w7/tmp/.pycsl_gwql3f_j.mlw", line 1697, characters 15-62:
Sub-goal postcondition of goal statementemissionmixin___handle_fieldassign_stmt'vc.
Prover result is: Valid (0.01s, 18367 steps).

File "/home/fabrice/git/pycsl/scratchpad/w7/tmp/.pycsl_gwql3f_j.mlw", line 1692, characters 15-19:
Sub-goal postcondition of goal statementemissionmixin___handle_fieldassign_stmt'vc.
Prover result is: Valid (0.02s, 13313 steps).

File "/home/fabrice/git/pycsl/scratchpad/w7/tmp/.pycsl_gwql3f_j.mlw", line 1694, characters 15-56:
Sub-goal postcondition of goal statementemissionmixin___handle_fieldassign_stmt'vc.
Prover result is: Valid (0.01s, 18715 steps).

File "/home/fabrice/git/pycsl/scratchpad/w7/tmp/.pycsl_gwql3f_j.mlw", line 1695, characters 15-60:
Sub-goal postcondition of goal statementemissionmixin___handle_fieldassign_stmt'vc.
Prover result is: Valid (0.02s, 18726 steps).

File "/home/fabrice/git/pycsl/scratchpad/w7/tmp/.pycsl_gwql3f_j.mlw", line 1696, characters 15-50:
Sub-goal postcondition of goal statementemissionmixin___handle_fieldassign_stmt'vc.
Prover result is: Valid (0.02s, 18737 steps).

File "/home/fabrice/git/pycsl/scratchpad/w7/tmp/.pycsl_gwql3f_j.mlw", line 1697, characters 15-62:
Sub-goal postcondition of goal statementemissionmixin___handle_fieldassign_stmt'vc.
Prover result is: Valid (0.01s, 18748 steps).

File "/home/fabrice/git/pycsl/scratchpad/w7/tmp/.pycsl_gwql3f_j.mlw", line 1692, characters 15-19:
Sub-goal postcondition of goal statementemissionmixin___handle_fieldassign_stmt'vc.
Prover result is: Valid (0.01s, 12958 steps).

File "/home/fabrice/git/pycsl/scratchpad/w7/tmp/.pycsl_gwql3f_j.mlw", line 1694, characters 15-56:
Sub-goal postcondition of goal statementemissionmixin___handle_fieldassign_stmt'vc.
Prover result is: Valid (0.02s, 18256 steps).

File "/home/fabrice/git/pycsl/scratchpad/w7/tmp/.pycsl_gwql3f_j.mlw", line 1695, characters 15-60:
Sub-goal postcondition of goal statementemissionmixin___handle_fieldassign_stmt'vc.
Prover result is: Valid (0.02s, 18267 steps).

File "/home/fabrice/git/pycsl/scratchpad/w7/tmp/.pycsl_gwql3f_j.mlw", line 1696, characters 15-50:
Sub-goal postcondition of goal statementemissionmixin___handle_fieldassign_stmt'vc.
Prover result is: Valid (0.01s, 18278 steps).

File "/home/fabrice/git/pycsl/scratchpad/w7/tmp/.pycsl_gwql3f_j.mlw", line 1697, characters 15-62:
Sub-goal postcondition of goal statementemissionmixin___handle_fieldassign_stmt'vc.
Prover result is: Valid (0.02s, 18289 steps).

File "/home/fabrice/git/pycsl/scratchpad/w7/tmp/.pycsl_gwql3f_j.mlw", line 1692, characters 15-19:
Sub-goal postcondition of goal statementemissionmixin___handle_fieldassign_stmt'vc.
Prover result is: Valid (0.01s, 12174 steps).

File "/home/fabrice/git/pycsl/scratchpad/w7/tmp/.pycsl_gwql3f_j.mlw", line 1694, characters 15-56:
Sub-goal postcondition of goal statementemissionmixin___handle_fieldassign_stmt'vc.
Prover result is: Valid (0.03s, 100423 steps).

File "/home/fabrice/git/pycsl/scratchpad/w7/tmp/.pycsl_gwql3f_j.mlw", line 1695, characters 15-60:
Sub-goal postcondition of goal statementemissionmixin___handle_fieldassign_stmt'vc.
Prover result is: Valid (0.04s, 100481 steps).

File "/home/fabrice/git/pycsl/scratchpad/w7/tmp/.pycsl_gwql3f_j.mlw", line 1696, characters 15-50:
Sub-goal postcondition of goal statementemissionmixin___handle_fieldassign_stmt'vc.
Prover result is: Valid (0.05s, 167546 steps).

File "/home/fabrice/git/pycsl/scratchpad/w7/tmp/.pycsl_gwql3f_j.mlw", line 1697, characters 15-62:
Sub-goal postcondition of goal statementemissionmixin___handle_fieldassign_stmt'vc.
Prover result is: Valid (0.02s, 100597 steps).

File "/home/fabrice/git/pycsl/scratchpad/w7/tmp/.pycsl_gwql3f_j.mlw", line 1692, characters 15-19:
Sub-goal postcondition of goal statementemissionmixin___handle_fieldassign_stmt'vc.
Prover result is: Valid (0.02s, 11823 steps).

File "/home/fabrice/git/pycsl/scratchpad/w7/tmp/.pycsl_gwql3f_j.mlw", line 1694, characters 15-56:
Sub-goal postcondition of goal statementemissionmixin___handle_fieldassign_stmt'vc.
Prover result is: Valid (0.01s, 11836 steps).

File "/home/fabrice/git/pycsl/scratchpad/w7/tmp/.pycsl_gwql3f_j.mlw", line 1695, characters 15-60:
Sub-goal postcondition of goal statementemissionmixin___handle_fieldassign_stmt'vc.
Prover result is: Valid (0.01s, 11849 steps).

File "/home/fabrice/git/pycsl/scratchpad/w7/tmp/.pycsl_gwql3f_j.mlw", line 1696, characters 15-50:
Sub-goal postcondition of goal statementemissionmixin___handle_fieldassign_stmt'vc.
Prover result is: Valid (0.05s, 163765 steps).

File "/home/fabrice/git/pycsl/scratchpad/w7/tmp/.pycsl_gwql3f_j.mlw", line 1697, characters 15-62:
Sub-goal postcondition of goal statementemissionmixin___handle_fieldassign_stmt'vc.
Prover result is: Valid (0.01s, 11871 steps).

File "/home/fabrice/git/pycsl/scratchpad/w7/tmp/.pycsl_gwql3f_j.mlw", line 1692, characters 15-19:
Sub-goal postcondition of goal statementemissionmixin___handle_fieldassign_stmt'vc.
Prover result is: Valid (0.01s, 13087 steps).

File "/home/fabrice/git/pycsl/scratchpad/w7/tmp/.pycsl_gwql3f_j.mlw", line 1694, characters 15-56:
Sub-goal postcondition of goal statementemissionmixin___handle_fieldassign_stmt'vc.
Prover result is: Valid (0.02s, 99269 steps).

File "/home/fabrice/git/pycsl/scratchpad/w7/tmp/.pycsl_gwql3f_j.mlw", line 1695, characters 15-60:
Sub-goal postcondition of goal statementemissionmixin___handle_fieldassign_stmt'vc.
Prover result is: Valid (0.03s, 99324 steps).

File "/home/fabrice/git/pycsl/scratchpad/w7/tmp/.pycsl_gwql3f_j.mlw", line 1696, characters 15-50:
Sub-goal postcondition of goal statementemissionmixin___handle_fieldassign_stmt'vc.
Prover result is: Valid (0.04s, 168490 steps).

File "/home/fabrice/git/pycsl/scratchpad/w7/tmp/.pycsl_gwql3f_j.mlw", line 1697, characters 15-62:
Sub-goal postcondition of goal statementemissionmixin___handle_fieldassign_stmt'vc.
Prover result is: Valid (0.03s, 99434 steps).

File "/home/fabrice/git/pycsl/scratchpad/w7/tmp/.pycsl_gwql3f_j.mlw", line 1692, characters 15-19:
Sub-goal postcondition of goal statementemissionmixin___handle_fieldassign_stmt'vc.
Prover result is: Valid (0.01s, 12730 steps).

File "/home/fabrice/git/pycsl/scratchpad/w7/tmp/.pycsl_gwql3f_j.mlw", line 1694, characters 15-56:
Sub-goal postcondition of goal statementemissionmixin___handle_fieldassign_stmt'vc.
Prover result is: Valid (0.03s, 96873 steps).

File "/home/fabrice/git/pycsl/scratchpad/w7/tmp/.pycsl_gwql3f_j.mlw", line 1695, characters 15-60:
Sub-goal postcondition of goal statementemissionmixin___handle_fieldassign_stmt'vc.
Prover result is: Valid (0.04s, 96928 steps).

File "/home/fabrice/git/pycsl/scratchpad/w7/tmp/.pycsl_gwql3f_j.mlw", line 1696, characters 15-50:
Sub-goal postcondition of goal statementemissionmixin___handle_fieldassign_stmt'vc.
Prover result is: Valid (0.05s, 164834 steps).

File "/home/fabrice/git/pycsl/scratchpad/w7/tmp/.pycsl_gwql3f_j.mlw", line 1697, characters 15-62:
Sub-goal postcondition of goal statementemissionmixin___handle_fieldassign_stmt'vc.
Prover result is: Valid (0.04s, 97038 steps).

File "/home/fabrice/git/pycsl/scratchpad/w7/tmp/.pycsl_gwql3f_j.mlw", line 1729, characters 18-80:
Sub-goal precondition of goal statementemissionmixin___handle_fieldassign_stmt'vc.
Prover result is: Valid (0.01s, 11070 steps).

File "/home/fabrice/git/pycsl/scratchpad/w7/tmp/.pycsl_gwql3f_j.mlw", line 1733, characters 18-74:
Sub-goal precondition of goal statementemissionmixin___handle_fieldassign_stmt'vc.
Prover result is: Valid (0.01s, 11124 steps).

File "/home/fabrice/git/pycsl/scratchpad/w7/tmp/.pycsl_gwql3f_j.mlw", line 1692, characters 15-19:
Sub-goal postcondition of goal statementemissionmixin___handle_fieldassign_stmt'vc.
Prover result is: Valid (0.01s, 11906 steps).

File "/home/fabrice/git/pycsl/scratchpad/w7/tmp/.pycsl_gwql3f_j.mlw", line 1694, characters 15-56:
Sub-goal postcondition of goal statementemissionmixin___handle_fieldassign_stmt'vc.
Prover result is: Valid (0.01s, 78620 steps).

File "/home/fabrice/git/pycsl/scratchpad/w7/tmp/.pycsl_gwql3f_j.mlw", line 1695, characters 15-60:
Sub-goal postcondition of goal statementemissionmixin___handle_fieldassign_stmt'vc.
Prover result is: Valid (0.03s, 78667 steps).

File "/home/fabrice/git/pycsl/scratchpad/w7/tmp/.pycsl_gwql3f_j.mlw", line 1696, characters 15-50:
Sub-goal postcondition of goal statementemissionmixin___handle_fieldassign_stmt'vc.
Prover result is: Valid (0.06s, 144737 steps).

File "/home/fabrice/git/pycsl/scratchpad/w7/tmp/.pycsl_gwql3f_j.mlw", line 1697, characters 15-62:
Sub-goal postcondition of goal statementemissionmixin___handle_fieldassign_stmt'vc.
Prover result is: Valid (0.02s, 78761 steps).

File "/home/fabrice/git/pycsl/scratchpad/w7/tmp/.pycsl_gwql3f_j.mlw", line 1692, characters 15-19:
Sub-goal postcondition of goal statementemissionmixin___handle_fieldassign_stmt'vc.
Prover result is: Valid (0.02s, 11553 steps).

File "/home/fabrice/git/pycsl/scratchpad/w7/tmp/.pycsl_gwql3f_j.mlw", line 1694, characters 15-56:
Sub-goal postcondition of goal statementemissionmixin___handle_fieldassign_stmt'vc.
Prover result is: Valid (0.01s, 11566 steps).

File "/home/fabrice/git/pycsl/scratchpad/w7/tmp/.pycsl_gwql3f_j.mlw", line 1695, characters 15-60:
Sub-goal postcondition of goal statementemissionmixin___handle_fieldassign_stmt'vc.
Prover result is: Valid (0.01s, 11579 steps).

File "/home/fabrice/git/pycsl/scratchpad/w7/tmp/.pycsl_gwql3f_j.mlw", line 1696, characters 15-50:
Sub-goal postcondition of goal statementemissionmixin___handle_fieldassign_stmt'vc.
Prover result is: Valid (0.04s, 141550 steps).

File "/home/fabrice/git/pycsl/scratchpad/w7/tmp/.pycsl_gwql3f_j.mlw", line 1697, characters 15-62:
Sub-goal postcondition of goal statementemissionmixin___handle_fieldassign_stmt'vc.
Prover result is: Valid (0.01s, 11601 steps).

File "/home/fabrice/git/pycsl/scratchpad/w7/tmp/.pycsl_gwql3f_j.mlw", line 1738, characters 25-41:
Sub-goal array creation size of goal statementemissionmixin___handle_fieldassign_stmt'vc.
Prover result is: Valid (0.01s, 11190 steps).

File "/home/fabrice/git/pycsl/scratchpad/w7/tmp/.pycsl_gwql3f_j.mlw", line 1692, characters 15-19:
Sub-goal postcondition of goal statementemissionmixin___handle_fieldassign_stmt'vc.
Prover result is: Valid (0.01s, 12379 steps).

File "/home/fabrice/git/pycsl/scratchpad/w7/tmp/.pycsl_gwql3f_j.mlw", line 1694, characters 15-56:
Sub-goal postcondition of goal statementemissionmixin___handle_fieldassign_stmt'vc.
Prover result is: Valid (0.02s, 82229 steps).

File "/home/fabrice/git/pycsl/scratchpad/w7/tmp/.pycsl_gwql3f_j.mlw", line 1695, characters 15-60:
Sub-goal postcondition of goal statementemissionmixin___handle_fieldassign_stmt'vc.
Prover result is: Valid (0.02s, 82276 steps).

File "/home/fabrice/git/pycsl/scratchpad/w7/tmp/.pycsl_gwql3f_j.mlw", line 1696, characters 15-50:
Sub-goal postcondition of goal statementemissionmixin___handle_fieldassign_stmt'vc.
Prover result is: Valid (0.05s, 151218 steps).

File "/home/fabrice/git/pycsl/scratchpad/w7/tmp/.pycsl_gwql3f_j.mlw", line 1697, characters 15-62:
Sub-goal postcondition of goal statementemissionmixin___handle_fieldassign_stmt'vc.
Prover result is: Valid (0.02s, 82370 steps).

File "/home/fabrice/git/pycsl/scratchpad/w7/tmp/.pycsl_gwql3f_j.mlw", line 1692, characters 15-19:
Sub-goal postcondition of goal statementemissionmixin___handle_fieldassign_stmt'vc.
Prover result is: Valid (0.01s, 12026 steps).

File "/home/fabrice/git/pycsl/scratchpad/w7/tmp/.pycsl_gwql3f_j.mlw", line 1694, characters 15-56:
Sub-goal postcondition of goal statementemissionmixin___handle_fieldassign_stmt'vc.
Prover result is: Valid (0.01s, 12039 steps).

File "/home/fabrice/git/pycsl/scratchpad/w7/tmp/.pycsl_gwql3f_j.mlw", line 1695, characters 15-60:
Sub-goal postcondition of goal statementemissionmixin___handle_fieldassign_stmt'vc.
Prover result is: Valid (0.01s, 12052 steps).

File "/home/fabrice/git/pycsl/scratchpad/w7/tmp/.pycsl_gwql3f_j.mlw", line 1696, characters 15-50:
Sub-goal postcondition of goal statementemissionmixin___handle_fieldassign_stmt'vc.
Prover result is: Valid (0.02s, 148035 steps).

File "/home/fabrice/git/pycsl/scratchpad/w7/tmp/.pycsl_gwql3f_j.mlw", line 1697, characters 15-62:
Sub-goal postcondition of goal statementemissionmixin___handle_fieldassign_stmt'vc.
Prover result is: Valid (0.01s, 12074 steps).

File "/home/fabrice/git/pycsl/scratchpad/w7/tmp/.pycsl_gwql3f_j.mlw", line 1692, characters 15-19:
Sub-goal postcondition of goal statementemissionmixin___handle_fieldassign_stmt'vc.
Prover result is: Valid (0.01s, 12391 steps).

File "/home/fabrice/git/pycsl/scratchpad/w7/tmp/.pycsl_gwql3f_j.mlw", line 1694, characters 15-56:
Sub-goal postcondition of goal statementemissionmixin___handle_fieldassign_stmt'vc.
Prover result is: Valid (0.02s, 82669 steps).

File "/home/fabrice/git/pycsl/scratchpad/w7/tmp/.pycsl_gwql3f_j.mlw", line 1695, characters 15-60:
Sub-goal postcondition of goal statementemissionmixin___handle_fieldassign_stmt'vc.
Prover result is: Valid (0.02s, 82720 steps).

File "/home/fabrice/git/pycsl/scratchpad/w7/tmp/.pycsl_gwql3f_j.mlw", line 1696, characters 15-50:
Sub-goal postcondition of goal statementemissionmixin___handle_fieldassign_stmt'vc.
Prover result is: Valid (0.03s, 151665 steps).

File "/home/fabrice/git/pycsl/scratchpad/w7/tmp/.pycsl_gwql3f_j.mlw", line 1697, characters 15-62:
Sub-goal postcondition of goal statementemissionmixin___handle_fieldassign_stmt'vc.
Prover result is: Valid (0.02s, 82822 steps).

File "/home/fabrice/git/pycsl/scratchpad/w7/tmp/.pycsl_gwql3f_j.mlw", line 1692, characters 15-19:
Sub-goal postcondition of goal statementemissionmixin___handle_fieldassign_stmt'vc.
Prover result is: Valid (0.01s, 12038 steps).

File "/home/fabrice/git/pycsl/scratchpad/w7/tmp/.pycsl_gwql3f_j.mlw", line 1694, characters 15-56:
Sub-goal postcondition of goal statementemissionmixin___handle_fieldassign_stmt'vc.
Prover result is: Valid (0.01s, 12051 steps).

File "/home/fabrice/git/pycsl/scratchpad/w7/tmp/.pycsl_gwql3f_j.mlw", line 1695, characters 15-60:
Sub-goal postcondition of goal statementemissionmixin___handle_fieldassign_stmt'vc.
Prover result is: Valid (0.01s, 12064 steps).

File "/home/fabrice/git/pycsl/scratchpad/w7/tmp/.pycsl_gwql3f_j.mlw", line 1696, characters 15-50:
Sub-goal postcondition of goal statementemissionmixin___handle_fieldassign_stmt'vc.
Prover result is: Valid (0.03s, 148327 steps).

File "/home/fabrice/git/pycsl/scratchpad/w7/tmp/.pycsl_gwql3f_j.mlw", line 1697, characters 15-62:
Sub-goal postcondition of goal statementemissionmixin___handle_fieldassign_stmt'vc.
Prover result is: Valid (0.01s, 12086 steps).

File "/home/fabrice/git/pycsl/scratchpad/w7/tmp/.pycsl_gwql3f_j.mlw", line 1692, characters 15-19:
Sub-goal postcondition of goal statementemissionmixin___handle_fieldassign_stmt'vc.
Prover result is: Valid (0.01s, 12095 steps).

File "/home/fabrice/git/pycsl/scratchpad/w7/tmp/.pycsl_gwql3f_j.mlw", line 1694, characters 15-56:
Sub-goal postcondition of goal statementemissionmixin___handle_fieldassign_stmt'vc.
Prover result is: Valid (0.02s, 80248 steps).

File "/home/fabrice/git/pycsl/scratchpad/w7/tmp/.pycsl_gwql3f_j.mlw", line 1695, characters 15-60:
Sub-goal postcondition of goal statementemissionmixin___handle_fieldassign_stmt'vc.
Prover result is: Valid (0.02s, 80295 steps).

File "/home/fabrice/git/pycsl/scratchpad/w7/tmp/.pycsl_gwql3f_j.mlw", line 1696, characters 15-50:
Sub-goal postcondition of goal statementemissionmixin___handle_fieldassign_stmt'vc.
Prover result is: Valid (0.03s, 147327 steps).

File "/home/fabrice/git/pycsl/scratchpad/w7/tmp/.pycsl_gwql3f_j.mlw", line 1697, characters 15-62:
Sub-goal postcondition of goal statementemissionmixin___handle_fieldassign_stmt'vc.
Prover result is: Valid (0.02s, 80389 steps).

File "/home/fabrice/git/pycsl/scratchpad/w7/tmp/.pycsl_gwql3f_j.mlw", line 1692, characters 15-19:
Sub-goal postcondition of goal statementemissionmixin___handle_fieldassign_stmt'vc.
Prover result is: Valid (0.01s, 11742 steps).

File "/home/fabrice/git/pycsl/scratchpad/w7/tmp/.pycsl_gwql3f_j.mlw", line 1694, characters 15-56:
Sub-goal postcondition of goal statementemissionmixin___handle_fieldassign_stmt'vc.
Prover result is: Valid (0.01s, 11755 steps).

File "/home/fabrice/git/pycsl/scratchpad/w7/tmp/.pycsl_gwql3f_j.mlw", line 1695, characters 15-60:
Sub-goal postcondition of goal statementemissionmixin___handle_fieldassign_stmt'vc.
Prover result is: Valid (0.01s, 11768 steps).

File "/home/fabrice/git/pycsl/scratchpad/w7/tmp/.pycsl_gwql3f_j.mlw", line 1696, characters 15-50:
Sub-goal postcondition of goal statementemissionmixin___handle_fieldassign_stmt'vc.
Prover result is: Valid (0.03s, 144145 steps).

File "/home/fabrice/git/pycsl/scratchpad/w7/tmp/.pycsl_gwql3f_j.mlw", line 1697, characters 15-62:
Sub-goal postcondition of goal statementemissionmixin___handle_fieldassign_stmt'vc.
Prover result is: Valid (0.01s, 11790 steps).

File "/home/fabrice/git/pycsl/scratchpad/w7/tmp/.pycsl_gwql3f_j.mlw", line 1692, characters 15-19:
Sub-goal postcondition of goal statementemissionmixin___handle_fieldassign_stmt'vc.
Prover result is: Valid (0.01s, 11959 steps).

File "/home/fabrice/git/pycsl/scratchpad/w7/tmp/.pycsl_gwql3f_j.mlw", line 1694, characters 15-56:
Sub-goal postcondition of goal statementemissionmixin___handle_fieldassign_stmt'vc.
Prover result is: Valid (0.02s, 79199 steps).

File "/home/fabrice/git/pycsl/scratchpad/w7/tmp/.pycsl_gwql3f_j.mlw", line 1695, characters 15-60:
Sub-goal postcondition of goal statementemissionmixin___handle_fieldassign_stmt'vc.
Prover result is: Valid (0.02s, 79246 steps).

File "/home/fabrice/git/pycsl/scratchpad/w7/tmp/.pycsl_gwql3f_j.mlw", line 1696, characters 15-50:
Sub-goal postcondition of goal statementemissionmixin___handle_fieldassign_stmt'vc.
Prover result is: Valid (0.03s, 145500 steps).

File "/home/fabrice/git/pycsl/scratchpad/w7/tmp/.pycsl_gwql3f_j.mlw", line 1697, characters 15-62:
Sub-goal postcondition of goal statementemissionmixin___handle_fieldassign_stmt'vc.
Prover result is: Valid (0.02s, 79340 steps).

File "/home/fabrice/git/pycsl/scratchpad/w7/tmp/.pycsl_gwql3f_j.mlw", line 1692, characters 15-19:
Sub-goal postcondition of goal statementemissionmixin___handle_fieldassign_stmt'vc.
Prover result is: Valid (0.01s, 11606 steps).

File "/home/fabrice/git/pycsl/scratchpad/w7/tmp/.pycsl_gwql3f_j.mlw", line 1694, characters 15-56:
Sub-goal postcondition of goal statementemissionmixin___handle_fieldassign_stmt'vc.
Prover result is: Valid (0.01s, 11619 steps).

File "/home/fabrice/git/pycsl/scratchpad/w7/tmp/.pycsl_gwql3f_j.mlw", line 1695, characters 15-60:
Sub-goal postcondition of goal statementemissionmixin___handle_fieldassign_stmt'vc.
Prover result is: Valid (0.01s, 11632 steps).

File "/home/fabrice/git/pycsl/scratchpad/w7/tmp/.pycsl_gwql3f_j.mlw", line 1696, characters 15-50:
Sub-goal postcondition of goal statementemissionmixin___handle_fieldassign_stmt'vc.
Prover result is: Valid (0.03s, 142316 steps).

File "/home/fabrice/git/pycsl/scratchpad/w7/tmp/.pycsl_gwql3f_j.mlw", line 1697, characters 15-62:
Sub-goal postcondition of goal statementemissionmixin___handle_fieldassign_stmt'vc.
Prover result is: Valid (0.01s, 11654 steps).

File "/home/fabrice/git/pycsl/scratchpad/w7/tmp/.pycsl_gwql3f_j.mlw", line 1692, characters 15-19:
Sub-goal postcondition of goal statementemissionmixin___handle_fieldassign_stmt'vc.
Prover result is: Valid (0.01s, 13425 steps).

File "/home/fabrice/git/pycsl/scratchpad/w7/tmp/.pycsl_gwql3f_j.mlw", line 1694, characters 15-56:
Sub-goal postcondition of goal statementemissionmixin___handle_fieldassign_stmt'vc.
Prover result is: Valid (0.01s, 18802 steps).

File "/home/fabrice/git/pycsl/scratchpad/w7/tmp/.pycsl_gwql3f_j.mlw", line 1695, characters 15-60:
Sub-goal postcondition of goal statementemissionmixin___handle_fieldassign_stmt'vc.
Prover result is: Valid (0.01s, 18813 steps).

File "/home/fabrice/git/pycsl/scratchpad/w7/tmp/.pycsl_gwql3f_j.mlw", line 1696, characters 15-50:
Sub-goal postcondition of goal statementemissionmixin___handle_fieldassign_stmt'vc.
Prover result is: Valid (0.01s, 18824 steps).

File "/home/fabrice/git/pycsl/scratchpad/w7/tmp/.pycsl_gwql3f_j.mlw", line 1697, characters 15-62:
Sub-goal postcondition of goal statementemissionmixin___handle_fieldassign_stmt'vc.
Prover result is: Valid (0.01s, 18835 steps).

File "/home/fabrice/git/pycsl/scratchpad/w7/tmp/.pycsl_gwql3f_j.mlw", line 1692, characters 15-19:
Sub-goal postcondition of goal statementemissionmixin___handle_fieldassign_stmt'vc.
Prover result is: Valid (0.01s, 13070 steps).

File "/home/fabrice/git/pycsl/scratchpad/w7/tmp/.pycsl_gwql3f_j.mlw", line 1694, characters 15-56:
Sub-goal postcondition of goal statementemissionmixin___handle_fieldassign_stmt'vc.
Prover result is: Valid (0.01s, 18343 steps).

File "/home/fabrice/git/pycsl/scratchpad/w7/tmp/.pycsl_gwql3f_j.mlw", line 1695, characters 15-60:
Sub-goal postcondition of goal statementemissionmixin___handle_fieldassign_stmt'vc.
Prover result is: Valid (0.01s, 18354 steps).

File "/home/fabrice/git/pycsl/scratchpad/w7/tmp/.pycsl_gwql3f_j.mlw", line 1696, characters 15-50:
Sub-goal postcondition of goal statementemissionmixin___handle_fieldassign_stmt'vc.
Prover result is: Valid (0.01s, 18365 steps).

File "/home/fabrice/git/pycsl/scratchpad/w7/tmp/.pycsl_gwql3f_j.mlw", line 1697, characters 15-62:
Sub-goal postcondition of goal statementemissionmixin___handle_fieldassign_stmt'vc.
Prover result is: Valid (0.01s, 18376 steps).

File "/home/fabrice/git/pycsl/scratchpad/w7/tmp/.pycsl_gwql3f_j.mlw", line 1692, characters 15-19:
Sub-goal postcondition of goal statementemissionmixin___handle_fieldassign_stmt'vc.
Prover result is: Valid (0.01s, 13322 steps).

File "/home/fabrice/git/pycsl/scratchpad/w7/tmp/.pycsl_gwql3f_j.mlw", line 1694, characters 15-56:
Sub-goal postcondition of goal statementemissionmixin___handle_fieldassign_stmt'vc.
Prover result is: Valid (0.01s, 18724 steps).

File "/home/fabrice/git/pycsl/scratchpad/w7/tmp/.pycsl_gwql3f_j.mlw", line 1695, characters 15-60:
Sub-goal postcondition of goal statementemissionmixin___handle_fieldassign_stmt'vc.
Prover result is: Valid (0.01s, 18735 steps).

File "/home/fabrice/git/pycsl/scratchpad/w7/tmp/.pycsl_gwql3f_j.mlw", line 1696, characters 15-50:
Sub-goal postcondition of goal statementemissionmixin___handle_fieldassign_stmt'vc.
Prover result is: Valid (0.01s, 18746 steps).

File "/home/fabrice/git/pycsl/scratchpad/w7/tmp/.pycsl_gwql3f_j.mlw", line 1697, characters 15-62:
Sub-goal postcondition of goal statementemissionmixin___handle_fieldassign_stmt'vc.
Prover result is: Valid (0.01s, 18757 steps).

File "/home/fabrice/git/pycsl/scratchpad/w7/tmp/.pycsl_gwql3f_j.mlw", line 1692, characters 15-19:
Sub-goal postcondition of goal statementemissionmixin___handle_fieldassign_stmt'vc.
Prover result is: Valid (0.01s, 12967 steps).

File "/home/fabrice/git/pycsl/scratchpad/w7/tmp/.pycsl_gwql3f_j.mlw", line 1694, characters 15-56:
Sub-goal postcondition of goal statementemissionmixin___handle_fieldassign_stmt'vc.
Prover result is: Valid (0.01s, 18265 steps).

File "/home/fabrice/git/pycsl/scratchpad/w7/tmp/.pycsl_gwql3f_j.mlw", line 1695, characters 15-60:
Sub-goal postcondition of goal statementemissionmixin___handle_fieldassign_stmt'vc.
Prover result is: Valid (0.01s, 18276 steps).

File "/home/fabrice/git/pycsl/scratchpad/w7/tmp/.pycsl_gwql3f_j.mlw", line 1696, characters 15-50:
Sub-goal postcondition of goal statementemissionmixin___handle_fieldassign_stmt'vc.
Prover result is: Valid (0.01s, 18287 steps).

File "/home/fabrice/git/pycsl/scratchpad/w7/tmp/.pycsl_gwql3f_j.mlw", line 1697, characters 15-62:
Sub-goal postcondition of goal statementemissionmixin___handle_fieldassign_stmt'vc.
Prover result is: Valid (0.01s, 18298 steps).

File "/home/fabrice/git/pycsl/scratchpad/w7/tmp/.pycsl_gwql3f_j.mlw", line 1692, characters 15-19:
Sub-goal postcondition of goal statementemissionmixin___handle_fieldassign_stmt'vc.
Prover result is: Valid (0.01s, 12183 steps).

File "/home/fabrice/git/pycsl/scratchpad/w7/tmp/.pycsl_gwql3f_j.mlw", line 1694, characters 15-56:
Sub-goal postcondition of goal statementemissionmixin___handle_fieldassign_stmt'vc.
Prover result is: Valid (0.02s, 100432 steps).

File "/home/fabrice/git/pycsl/scratchpad/w7/tmp/.pycsl_gwql3f_j.mlw", line 1695, characters 15-60:
Sub-goal postcondition of goal statementemissionmixin___handle_fieldassign_stmt'vc.
Prover result is: Valid (0.02s, 100490 steps).

File "/home/fabrice/git/pycsl/scratchpad/w7/tmp/.pycsl_gwql3f_j.mlw", line 1696, characters 15-50:
Sub-goal postcondition of goal statementemissionmixin___handle_fieldassign_stmt'vc.
Prover result is: Valid (0.03s, 167555 steps).

File "/home/fabrice/git/pycsl/scratchpad/w7/tmp/.pycsl_gwql3f_j.mlw", line 1697, characters 15-62:
Sub-goal postcondition of goal statementemissionmixin___handle_fieldassign_stmt'vc.
Prover result is: Valid (0.02s, 100606 steps).

File "/home/fabrice/git/pycsl/scratchpad/w7/tmp/.pycsl_gwql3f_j.mlw", line 1692, characters 15-19:
Sub-goal postcondition of goal statementemissionmixin___handle_fieldassign_stmt'vc.
Prover result is: Valid (0.01s, 11832 steps).

File "/home/fabrice/git/pycsl/scratchpad/w7/tmp/.pycsl_gwql3f_j.mlw", line 1694, characters 15-56:
Sub-goal postcondition of goal statementemissionmixin___handle_fieldassign_stmt'vc.
Prover result is: Valid (0.01s, 11845 steps).

File "/home/fabrice/git/pycsl/scratchpad/w7/tmp/.pycsl_gwql3f_j.mlw", line 1695, characters 15-60:
Sub-goal postcondition of goal statementemissionmixin___handle_fieldassign_stmt'vc.
Prover result is: Valid (0.01s, 11858 steps).

File "/home/fabrice/git/pycsl/scratchpad/w7/tmp/.pycsl_gwql3f_j.mlw", line 1696, characters 15-50:
Sub-goal postcondition of goal statementemissionmixin___handle_fieldassign_stmt'vc.
Prover result is: Valid (0.03s, 163774 steps).

File "/home/fabrice/git/pycsl/scratchpad/w7/tmp/.pycsl_gwql3f_j.mlw", line 1697, characters 15-62:
Sub-goal postcondition of goal statementemissionmixin___handle_fieldassign_stmt'vc.
Prover result is: Valid (0.01s, 11880 steps).

File "/home/fabrice/git/pycsl/scratchpad/w7/tmp/.pycsl_gwql3f_j.mlw", line 1692, characters 15-19:
Sub-goal postcondition of goal statementemissionmixin___handle_fieldassign_stmt'vc.
Prover result is: Valid (0.01s, 13096 steps).

File "/home/fabrice/git/pycsl/scratchpad/w7/tmp/.pycsl_gwql3f_j.mlw", line 1694, characters 15-56:
Sub-goal postcondition of goal statementemissionmixin___handle_fieldassign_stmt'vc.
Prover result is: Valid (0.03s, 99278 steps).

File "/home/fabrice/git/pycsl/scratchpad/w7/tmp/.pycsl_gwql3f_j.mlw", line 1695, characters 15-60:
Sub-goal postcondition of goal statementemissionmixin___handle_fieldassign_stmt'vc.
Prover result is: Valid (0.03s, 99333 steps).

File "/home/fabrice/git/pycsl/scratchpad/w7/tmp/.pycsl_gwql3f_j.mlw", line 1696, characters 15-50:
Sub-goal postcondition of goal statementemissionmixin___handle_fieldassign_stmt'vc.
Prover result is: Valid (0.05s, 168499 steps).

File "/home/fabrice/git/pycsl/scratchpad/w7/tmp/.pycsl_gwql3f_j.mlw", line 1697, characters 15-62:
Sub-goal postcondition of goal statementemissionmixin___handle_fieldassign_stmt'vc.
Prover result is: Valid (0.02s, 99443 steps).

File "/home/fabrice/git/pycsl/scratchpad/w7/tmp/.pycsl_gwql3f_j.mlw", line 1692, characters 15-19:
Sub-goal postcondition of goal statementemissionmixin___handle_fieldassign_stmt'vc.
Prover result is: Valid (0.01s, 12739 steps).

File "/home/fabrice/git/pycsl/scratchpad/w7/tmp/.pycsl_gwql3f_j.mlw", line 1694, characters 15-56:
Sub-goal postcondition of goal statementemissionmixin___handle_fieldassign_stmt'vc.
Prover result is: Valid (0.03s, 96882 steps).

File "/home/fabrice/git/pycsl/scratchpad/w7/tmp/.pycsl_gwql3f_j.mlw", line 1695, characters 15-60:
Sub-goal postcondition of goal statementemissionmixin___handle_fieldassign_stmt'vc.
Prover result is: Valid (0.03s, 96937 steps).

File "/home/fabrice/git/pycsl/scratchpad/w7/tmp/.pycsl_gwql3f_j.mlw", line 1696, characters 15-50:
Sub-goal postcondition of goal statementemissionmixin___handle_fieldassign_stmt'vc.
Prover result is: Valid (0.04s, 164843 steps).

File "/home/fabrice/git/pycsl/scratchpad/w7/tmp/.pycsl_gwql3f_j.mlw", line 1697, characters 15-62:
Sub-goal postcondition of goal statementemissionmixin___handle_fieldassign_stmt'vc.
Prover result is: Valid (0.03s, 97047 steps).

File "/home/fabrice/git/pycsl/scratchpad/w7/tmp/.pycsl_gwql3f_j.mlw", line 1729, characters 18-80:
Sub-goal precondition of goal statementemissionmixin___handle_fieldassign_stmt'vc.
Prover result is: Valid (0.02s, 11074 steps).

File "/home/fabrice/git/pycsl/scratchpad/w7/tmp/.pycsl_gwql3f_j.mlw", line 1733, characters 18-74:
Sub-goal precondition of goal statementemissionmixin___handle_fieldassign_stmt'vc.
Prover result is: Valid (0.01s, 11128 steps).

File "/home/fabrice/git/pycsl/scratchpad/w7/tmp/.pycsl_gwql3f_j.mlw", line 1692, characters 15-19:
Sub-goal postcondition of goal statementemissionmixin___handle_fieldassign_stmt'vc.
Prover result is: Valid (0.02s, 11910 steps).

File "/home/fabrice/git/pycsl/scratchpad/w7/tmp/.pycsl_gwql3f_j.mlw", line 1694, characters 15-56:
Sub-goal postcondition of goal statementemissionmixin___handle_fieldassign_stmt'vc.
Prover result is: Valid (0.03s, 78800 steps).

File "/home/fabrice/git/pycsl/scratchpad/w7/tmp/.pycsl_gwql3f_j.mlw", line 1695, characters 15-60:
Sub-goal postcondition of goal statementemissionmixin___handle_fieldassign_stmt'vc.
Prover result is: Valid (0.03s, 78847 steps).

File "/home/fabrice/git/pycsl/scratchpad/w7/tmp/.pycsl_gwql3f_j.mlw", line 1696, characters 15-50:
Sub-goal postcondition of goal statementemissionmixin___handle_fieldassign_stmt'vc.
Prover result is: Valid (0.05s, 145429 steps).

File "/home/fabrice/git/pycsl/scratchpad/w7/tmp/.pycsl_gwql3f_j.mlw", line 1697, characters 15-62:
Sub-goal postcondition of goal statementemissionmixin___handle_fieldassign_stmt'vc.
Prover result is: Valid (0.03s, 78941 steps).

File "/home/fabrice/git/pycsl/scratchpad/w7/tmp/.pycsl_gwql3f_j.mlw", line 1692, characters 15-19:
Sub-goal postcondition of goal statementemissionmixin___handle_fieldassign_stmt'vc.
Prover result is: Valid (0.01s, 11557 steps).

File "/home/fabrice/git/pycsl/scratchpad/w7/tmp/.pycsl_gwql3f_j.mlw", line 1694, characters 15-56:
Sub-goal postcondition of goal statementemissionmixin___handle_fieldassign_stmt'vc.
Prover result is: Valid (0.02s, 11570 steps).

File "/home/fabrice/git/pycsl/scratchpad/w7/tmp/.pycsl_gwql3f_j.mlw", line 1695, characters 15-60:
Sub-goal postcondition of goal statementemissionmixin___handle_fieldassign_stmt'vc.
Prover result is: Valid (0.02s, 11583 steps).

File "/home/fabrice/git/pycsl/scratchpad/w7/tmp/.pycsl_gwql3f_j.mlw", line 1696, characters 15-50:
Sub-goal postcondition of goal statementemissionmixin___handle_fieldassign_stmt'vc.
Prover result is: Valid (0.05s, 142242 steps).

File "/home/fabrice/git/pycsl/scratchpad/w7/tmp/.pycsl_gwql3f_j.mlw", line 1697, characters 15-62:
Sub-goal postcondition of goal statementemissionmixin___handle_fieldassign_stmt'vc.
Prover result is: Valid (0.01s, 11605 steps).

File "/home/fabrice/git/pycsl/scratchpad/w7/tmp/.pycsl_gwql3f_j.mlw", line 1738, characters 25-41:
Sub-goal array creation size of goal statementemissionmixin___handle_fieldassign_stmt'vc.
Prover result is: Valid (0.01s, 11194 steps).

File "/home/fabrice/git/pycsl/scratchpad/w7/tmp/.pycsl_gwql3f_j.mlw", line 1692, characters 15-19:
Sub-goal postcondition of goal statementemissionmixin___handle_fieldassign_stmt'vc.
Prover result is: Valid (0.02s, 12383 steps).

File "/home/fabrice/git/pycsl/scratchpad/w7/tmp/.pycsl_gwql3f_j.mlw", line 1694, characters 15-56:
Sub-goal postcondition of goal statementemissionmixin___handle_fieldassign_stmt'vc.
Prover result is: Valid (0.02s, 82449 steps).

File "/home/fabrice/git/pycsl/scratchpad/w7/tmp/.pycsl_gwql3f_j.mlw", line 1695, characters 15-60:
Sub-goal postcondition of goal statementemissionmixin___handle_fieldassign_stmt'vc.
Prover result is: Valid (0.03s, 82496 steps).

File "/home/fabrice/git/pycsl/scratchpad/w7/tmp/.pycsl_gwql3f_j.mlw", line 1696, characters 15-50:
Sub-goal postcondition of goal statementemissionmixin___handle_fieldassign_stmt'vc.
Prover result is: Valid (0.06s, 152006 steps).

File "/home/fabrice/git/pycsl/scratchpad/w7/tmp/.pycsl_gwql3f_j.mlw", line 1697, characters 15-62:
Sub-goal postcondition of goal statementemissionmixin___handle_fieldassign_stmt'vc.
Prover result is: Valid (0.03s, 82590 steps).

File "/home/fabrice/git/pycsl/scratchpad/w7/tmp/.pycsl_gwql3f_j.mlw", line 1692, characters 15-19:
Sub-goal postcondition of goal statementemissionmixin___handle_fieldassign_stmt'vc.
Prover result is: Valid (0.01s, 12030 steps).

File "/home/fabrice/git/pycsl/scratchpad/w7/tmp/.pycsl_gwql3f_j.mlw", line 1694, characters 15-56:
Sub-goal postcondition of goal statementemissionmixin___handle_fieldassign_stmt'vc.
Prover result is: Valid (0.01s, 12043 steps).

File "/home/fabrice/git/pycsl/scratchpad/w7/tmp/.pycsl_gwql3f_j.mlw", line 1695, characters 15-60:
Sub-goal postcondition of goal statementemissionmixin___handle_fieldassign_stmt'vc.
Prover result is: Valid (0.01s, 12056 steps).

File "/home/fabrice/git/pycsl/scratchpad/w7/tmp/.pycsl_gwql3f_j.mlw", line 1696, characters 15-50:
Sub-goal postcondition of goal statementemissionmixin___handle_fieldassign_stmt'vc.
Prover result is: Valid (0.05s, 148823 steps).

File "/home/fabrice/git/pycsl/scratchpad/w7/tmp/.pycsl_gwql3f_j.mlw", line 1697, characters 15-62:
Sub-goal postcondition of goal statementemissionmixin___handle_fieldassign_stmt'vc.
Prover result is: Valid (0.02s, 12078 steps).

File "/home/fabrice/git/pycsl/scratchpad/w7/tmp/.pycsl_gwql3f_j.mlw", line 1692, characters 15-19:
Sub-goal postcondition of goal statementemissionmixin___handle_fieldassign_stmt'vc.
Prover result is: Valid (0.01s, 12395 steps).

File "/home/fabrice/git/pycsl/scratchpad/w7/tmp/.pycsl_gwql3f_j.mlw", line 1694, characters 15-56:
Sub-goal postcondition of goal statementemissionmixin___handle_fieldassign_stmt'vc.
Prover result is: Valid (0.03s, 82909 steps).

File "/home/fabrice/git/pycsl/scratchpad/w7/tmp/.pycsl_gwql3f_j.mlw", line 1695, characters 15-60:
Sub-goal postcondition of goal statementemissionmixin___handle_fieldassign_stmt'vc.
Prover result is: Valid (0.02s, 82960 steps).

File "/home/fabrice/git/pycsl/scratchpad/w7/tmp/.pycsl_gwql3f_j.mlw", line 1696, characters 15-50:
Sub-goal postcondition of goal statementemissionmixin___handle_fieldassign_stmt'vc.
Prover result is: Valid (0.05s, 152480 steps).

File "/home/fabrice/git/pycsl/scratchpad/w7/tmp/.pycsl_gwql3f_j.mlw", line 1697, characters 15-62:
Sub-goal postcondition of goal statementemissionmixin___handle_fieldassign_stmt'vc.
Prover result is: Valid (0.03s, 83062 steps).

File "/home/fabrice/git/pycsl/scratchpad/w7/tmp/.pycsl_gwql3f_j.mlw", line 1692, characters 15-19:
Sub-goal postcondition of goal statementemissionmixin___handle_fieldassign_stmt'vc.
Prover result is: Valid (0.02s, 12042 steps).

File "/home/fabrice/git/pycsl/scratchpad/w7/tmp/.pycsl_gwql3f_j.mlw", line 1694, characters 15-56:
Sub-goal postcondition of goal statementemissionmixin___handle_fieldassign_stmt'vc.
Prover result is: Valid (0.01s, 12055 steps).

File "/home/fabrice/git/pycsl/scratchpad/w7/tmp/.pycsl_gwql3f_j.mlw", line 1695, characters 15-60:
Sub-goal postcondition of goal statementemissionmixin___handle_fieldassign_stmt'vc.
Prover result is: Valid (0.01s, 12068 steps).

File "/home/fabrice/git/pycsl/scratchpad/w7/tmp/.pycsl_gwql3f_j.mlw", line 1696, characters 15-50:
Sub-goal postcondition of goal statementemissionmixin___handle_fieldassign_stmt'vc.
Prover result is: Valid (0.05s, 149137 steps).

File "/home/fabrice/git/pycsl/scratchpad/w7/tmp/.pycsl_gwql3f_j.mlw", line 1697, characters 15-62:
Sub-goal postcondition of goal statementemissionmixin___handle_fieldassign_stmt'vc.
Prover result is: Valid (0.02s, 12090 steps).

File "/home/fabrice/git/pycsl/scratchpad/w7/tmp/.pycsl_gwql3f_j.mlw", line 1692, characters 15-19:
Sub-goal postcondition of goal statementemissionmixin___handle_fieldassign_stmt'vc.
Prover result is: Valid (0.01s, 12099 steps).

File "/home/fabrice/git/pycsl/scratchpad/w7/tmp/.pycsl_gwql3f_j.mlw", line 1694, characters 15-56:
Sub-goal postcondition of goal statementemissionmixin___handle_fieldassign_stmt'vc.
Prover result is: Valid (0.02s, 80484 steps).

File "/home/fabrice/git/pycsl/scratchpad/w7/tmp/.pycsl_gwql3f_j.mlw", line 1695, characters 15-60:
Sub-goal postcondition of goal statementemissionmixin___handle_fieldassign_stmt'vc.
Prover result is: Valid (0.02s, 80531 steps).

File "/home/fabrice/git/pycsl/scratchpad/w7/tmp/.pycsl_gwql3f_j.mlw", line 1696, characters 15-50:
Sub-goal postcondition of goal statementemissionmixin___handle_fieldassign_stmt'vc.
Prover result is: Valid (0.04s, 148137 steps).

File "/home/fabrice/git/pycsl/scratchpad/w7/tmp/.pycsl_gwql3f_j.mlw", line 1697, characters 15-62:
Sub-goal postcondition of goal statementemissionmixin___handle_fieldassign_stmt'vc.
Prover result is: Valid (0.02s, 80625 steps).

File "/home/fabrice/git/pycsl/scratchpad/w7/tmp/.pycsl_gwql3f_j.mlw", line 1692, characters 15-19:
Sub-goal postcondition of goal statementemissionmixin___handle_fieldassign_stmt'vc.
Prover result is: Valid (0.02s, 11746 steps).

File "/home/fabrice/git/pycsl/scratchpad/w7/tmp/.pycsl_gwql3f_j.mlw", line 1694, characters 15-56:
Sub-goal postcondition of goal statementemissionmixin___handle_fieldassign_stmt'vc.
Prover result is: Valid (0.01s, 11759 steps).

File "/home/fabrice/git/pycsl/scratchpad/w7/tmp/.pycsl_gwql3f_j.mlw", line 1695, characters 15-60:
Sub-goal postcondition of goal statementemissionmixin___handle_fieldassign_stmt'vc.
Prover result is: Valid (0.01s, 11772 steps).

File "/home/fabrice/git/pycsl/scratchpad/w7/tmp/.pycsl_gwql3f_j.mlw", line 1696, characters 15-50:
Sub-goal postcondition of goal statementemissionmixin___handle_fieldassign_stmt'vc.
Prover result is: Valid (0.05s, 144951 steps).

File "/home/fabrice/git/pycsl/scratchpad/w7/tmp/.pycsl_gwql3f_j.mlw", line 1697, characters 15-62:
Sub-goal postcondition of goal statementemissionmixin___handle_fieldassign_stmt'vc.
Prover result is: Valid (0.01s, 11794 steps).

File "/home/fabrice/git/pycsl/scratchpad/w7/tmp/.pycsl_gwql3f_j.mlw", line 1692, characters 15-19:
Sub-goal postcondition of goal statementemissionmixin___handle_fieldassign_stmt'vc.
Prover result is: Valid (0.01s, 11963 steps).

File "/home/fabrice/git/pycsl/scratchpad/w7/tmp/.pycsl_gwql3f_j.mlw", line 1694, characters 15-56:
Sub-goal postcondition of goal statementemissionmixin___handle_fieldassign_stmt'vc.
Prover result is: Valid (0.02s, 79401 steps).

File "/home/fabrice/git/pycsl/scratchpad/w7/tmp/.pycsl_gwql3f_j.mlw", line 1695, characters 15-60:
Sub-goal postcondition of goal statementemissionmixin___handle_fieldassign_stmt'vc.
Prover result is: Valid (0.04s, 79448 steps).

File "/home/fabrice/git/pycsl/scratchpad/w7/tmp/.pycsl_gwql3f_j.mlw", line 1696, characters 15-50:
Sub-goal postcondition of goal statementemissionmixin___handle_fieldassign_stmt'vc.
Prover result is: Valid (0.05s, 146214 steps).

File "/home/fabrice/git/pycsl/scratchpad/w7/tmp/.pycsl_gwql3f_j.mlw", line 1697, characters 15-62:
Sub-goal postcondition of goal statementemissionmixin___handle_fieldassign_stmt'vc.
Prover result is: Valid (0.03s, 79542 steps).

File "/home/fabrice/git/pycsl/scratchpad/w7/tmp/.pycsl_gwql3f_j.mlw", line 1692, characters 15-19:
Sub-goal postcondition of goal statementemissionmixin___handle_fieldassign_stmt'vc.
Prover result is: Valid (0.02s, 11610 steps).

File "/home/fabrice/git/pycsl/scratchpad/w7/tmp/.pycsl_gwql3f_j.mlw", line 1694, characters 15-56:
Sub-goal postcondition of goal statementemissionmixin___handle_fieldassign_stmt'vc.
Prover result is: Valid (0.01s, 11623 steps).

File "/home/fabrice/git/pycsl/scratchpad/w7/tmp/.pycsl_gwql3f_j.mlw", line 1695, characters 15-60:
Sub-goal postcondition of goal statementemissionmixin___handle_fieldassign_stmt'vc.
Prover result is: Valid (0.01s, 11636 steps).

File "/home/fabrice/git/pycsl/scratchpad/w7/tmp/.pycsl_gwql3f_j.mlw", line 1696, characters 15-50:
Sub-goal postcondition of goal statementemissionmixin___handle_fieldassign_stmt'vc.
Prover result is: Valid (0.04s, 143026 steps).

File "/home/fabrice/git/pycsl/scratchpad/w7/tmp/.pycsl_gwql3f_j.mlw", line 1697, characters 15-62:
Sub-goal postcondition of goal statementemissionmixin___handle_fieldassign_stmt'vc.
Prover result is: Valid (0.01s, 11658 steps).

File "/home/fabrice/git/pycsl/scratchpad/w7/tmp/.pycsl_gwql3f_j.mlw", line 1692, characters 15-19:
Sub-goal postcondition of goal statementemissionmixin___handle_fieldassign_stmt'vc.
Prover result is: Valid (0.01s, 13429 steps).

File "/home/fabrice/git/pycsl/scratchpad/w7/tmp/.pycsl_gwql3f_j.mlw", line 1694, characters 15-56:
Sub-goal postcondition of goal statementemissionmixin___handle_fieldassign_stmt'vc.
Prover result is: Valid (0.01s, 18818 steps).

File "/home/fabrice/git/pycsl/scratchpad/w7/tmp/.pycsl_gwql3f_j.mlw", line 1695, characters 15-60:
Sub-goal postcondition of goal statementemissionmixin___handle_fieldassign_stmt'vc.
Prover result is: Valid (0.01s, 18829 steps).

File "/home/fabrice/git/pycsl/scratchpad/w7/tmp/.pycsl_gwql3f_j.mlw", line 1696, characters 15-50:
Sub-goal postcondition of goal statementemissionmixin___handle_fieldassign_stmt'vc.
Prover result is: Valid (0.01s, 18840 steps).

File "/home/fabrice/git/pycsl/scratchpad/w7/tmp/.pycsl_gwql3f_j.mlw", line 1697, characters 15-62:
Sub-goal postcondition of goal statementemissionmixin___handle_fieldassign_stmt'vc.
Prover result is: Valid (0.01s, 18851 steps).

File "/home/fabrice/git/pycsl/scratchpad/w7/tmp/.pycsl_gwql3f_j.mlw", line 1692, characters 15-19:
Sub-goal postcondition of goal statementemissionmixin___handle_fieldassign_stmt'vc.
Prover result is: Valid (0.01s, 13074 steps).

File "/home/fabrice/git/pycsl/scratchpad/w7/tmp/.pycsl_gwql3f_j.mlw", line 1694, characters 15-56:
Sub-goal postcondition of goal statementemissionmixin___handle_fieldassign_stmt'vc.
Prover result is: Valid (0.01s, 18359 steps).

File "/home/fabrice/git/pycsl/scratchpad/w7/tmp/.pycsl_gwql3f_j.mlw", line 1695, characters 15-60:
Sub-goal postcondition of goal statementemissionmixin___handle_fieldassign_stmt'vc.
Prover result is: Valid (0.01s, 18370 steps).

File "/home/fabrice/git/pycsl/scratchpad/w7/tmp/.pycsl_gwql3f_j.mlw", line 1696, characters 15-50:
Sub-goal postcondition of goal statementemissionmixin___handle_fieldassign_stmt'vc.
Prover result is: Valid (0.02s, 18381 steps).

File "/home/fabrice/git/pycsl/scratchpad/w7/tmp/.pycsl_gwql3f_j.mlw", line 1697, characters 15-62:
Sub-goal postcondition of goal statementemissionmixin___handle_fieldassign_stmt'vc.
Prover result is: Valid (0.02s, 18392 steps).

File "/home/fabrice/git/pycsl/scratchpad/w7/tmp/.pycsl_gwql3f_j.mlw", line 1692, characters 15-19:
Sub-goal postcondition of goal statementemissionmixin___handle_fieldassign_stmt'vc.
Prover result is: Valid (0.02s, 13326 steps).

File "/home/fabrice/git/pycsl/scratchpad/w7/tmp/.pycsl_gwql3f_j.mlw", line 1694, characters 15-56:
Sub-goal postcondition of goal statementemissionmixin___handle_fieldassign_stmt'vc.
Prover result is: Valid (0.01s, 18740 steps).

File "/home/fabrice/git/pycsl/scratchpad/w7/tmp/.pycsl_gwql3f_j.mlw", line 1695, characters 15-60:
Sub-goal postcondition of goal statementemissionmixin___handle_fieldassign_stmt'vc.
Prover result is: Valid (0.01s, 18751 steps).

File "/home/fabrice/git/pycsl/scratchpad/w7/tmp/.pycsl_gwql3f_j.mlw", line 1696, characters 15-50:
Sub-goal postcondition of goal statementemissionmixin___handle_fieldassign_stmt'vc.
Prover result is: Valid (0.01s, 18762 steps).

File "/home/fabrice/git/pycsl/scratchpad/w7/tmp/.pycsl_gwql3f_j.mlw", line 1697, characters 15-62:
Sub-goal postcondition of goal statementemissionmixin___handle_fieldassign_stmt'vc.
Prover result is: Valid (0.02s, 18773 steps).

File "/home/fabrice/git/pycsl/scratchpad/w7/tmp/.pycsl_gwql3f_j.mlw", line 1692, characters 15-19:
Sub-goal postcondition of goal statementemissionmixin___handle_fieldassign_stmt'vc.
Prover result is: Valid (0.01s, 12971 steps).

File "/home/fabrice/git/pycsl/scratchpad/w7/tmp/.pycsl_gwql3f_j.mlw", line 1694, characters 15-56:
Sub-goal postcondition of goal statementemissionmixin___handle_fieldassign_stmt'vc.
Prover result is: Valid (0.01s, 18281 steps).

File "/home/fabrice/git/pycsl/scratchpad/w7/tmp/.pycsl_gwql3f_j.mlw", line 1695, characters 15-60:
Sub-goal postcondition of goal statementemissionmixin___handle_fieldassign_stmt'vc.
Prover result is: Valid (0.02s, 18292 steps).

File "/home/fabrice/git/pycsl/scratchpad/w7/tmp/.pycsl_gwql3f_j.mlw", line 1696, characters 15-50:
Sub-goal postcondition of goal statementemissionmixin___handle_fieldassign_stmt'vc.
Prover result is: Valid (0.02s, 18303 steps).

File "/home/fabrice/git/pycsl/scratchpad/w7/tmp/.pycsl_gwql3f_j.mlw", line 1697, characters 15-62:
Sub-goal postcondition of goal statementemissionmixin___handle_fieldassign_stmt'vc.
Prover result is: Valid (0.01s, 18314 steps).

File "/home/fabrice/git/pycsl/scratchpad/w7/tmp/.pycsl_gwql3f_j.mlw", line 1692, characters 15-19:
Sub-goal postcondition of goal statementemissionmixin___handle_fieldassign_stmt'vc.
Prover result is: Valid (0.01s, 12187 steps).

File "/home/fabrice/git/pycsl/scratchpad/w7/tmp/.pycsl_gwql3f_j.mlw", line 1694, characters 15-56:
Sub-goal postcondition of goal statementemissionmixin___handle_fieldassign_stmt'vc.
Prover result is: Valid (0.03s, 100643 steps).

File "/home/fabrice/git/pycsl/scratchpad/w7/tmp/.pycsl_gwql3f_j.mlw", line 1695, characters 15-60:
Sub-goal postcondition of goal statementemissionmixin___handle_fieldassign_stmt'vc.
Prover result is: Valid (0.02s, 100701 steps).

File "/home/fabrice/git/pycsl/scratchpad/w7/tmp/.pycsl_gwql3f_j.mlw", line 1696, characters 15-50:
Sub-goal postcondition of goal statementemissionmixin___handle_fieldassign_stmt'vc.
Prover result is: Valid (0.03s, 168217 steps).

File "/home/fabrice/git/pycsl/scratchpad/w7/tmp/.pycsl_gwql3f_j.mlw", line 1697, characters 15-62:
Sub-goal postcondition of goal statementemissionmixin___handle_fieldassign_stmt'vc.
Prover result is: Valid (0.02s, 100817 steps).

File "/home/fabrice/git/pycsl/scratchpad/w7/tmp/.pycsl_gwql3f_j.mlw", line 1692, characters 15-19:
Sub-goal postcondition of goal statementemissionmixin___handle_fieldassign_stmt'vc.
Prover result is: Valid (0.01s, 11836 steps).

File "/home/fabrice/git/pycsl/scratchpad/w7/tmp/.pycsl_gwql3f_j.mlw", line 1694, characters 15-56:
Sub-goal postcondition of goal statementemissionmixin___handle_fieldassign_stmt'vc.
Prover result is: Valid (0.01s, 11849 steps).

File "/home/fabrice/git/pycsl/scratchpad/w7/tmp/.pycsl_gwql3f_j.mlw", line 1695, characters 15-60:
Sub-goal postcondition of goal statementemissionmixin___handle_fieldassign_stmt'vc.
Prover result is: Valid (0.01s, 11862 steps).

File "/home/fabrice/git/pycsl/scratchpad/w7/tmp/.pycsl_gwql3f_j.mlw", line 1696, characters 15-50:
Sub-goal postcondition of goal statementemissionmixin___handle_fieldassign_stmt'vc.
Prover result is: Valid (0.04s, 164436 steps).

File "/home/fabrice/git/pycsl/scratchpad/w7/tmp/.pycsl_gwql3f_j.mlw", line 1697, characters 15-62:
Sub-goal postcondition of goal statementemissionmixin___handle_fieldassign_stmt'vc.
Prover result is: Valid (0.01s, 11884 steps).

File "/home/fabrice/git/pycsl/scratchpad/w7/tmp/.pycsl_gwql3f_j.mlw", line 1692, characters 15-19:
Sub-goal postcondition of goal statementemissionmixin___handle_fieldassign_stmt'vc.
Prover result is: Valid (0.01s, 13100 steps).

File "/home/fabrice/git/pycsl/scratchpad/w7/tmp/.pycsl_gwql3f_j.mlw", line 1694, characters 15-56:
Sub-goal postcondition of goal statementemissionmixin___handle_fieldassign_stmt'vc.
Prover result is: Valid (0.02s, 99480 steps).

File "/home/fabrice/git/pycsl/scratchpad/w7/tmp/.pycsl_gwql3f_j.mlw", line 1695, characters 15-60:
Sub-goal postcondition of goal statementemissionmixin___handle_fieldassign_stmt'vc.
Prover result is: Valid (0.02s, 99535 steps).

File "/home/fabrice/git/pycsl/scratchpad/w7/tmp/.pycsl_gwql3f_j.mlw", line 1696, characters 15-50:
Sub-goal postcondition of goal statementemissionmixin___handle_fieldassign_stmt'vc.
Prover result is: Valid (0.03s, 169140 steps).

File "/home/fabrice/git/pycsl/scratchpad/w7/tmp/.pycsl_gwql3f_j.mlw", line 1697, characters 15-62:
Sub-goal postcondition of goal statementemissionmixin___handle_fieldassign_stmt'vc.
Prover result is: Valid (0.02s, 99645 steps).

File "/home/fabrice/git/pycsl/scratchpad/w7/tmp/.pycsl_gwql3f_j.mlw", line 1692, characters 15-19:
Sub-goal postcondition of goal statementemissionmixin___handle_fieldassign_stmt'vc.
Prover result is: Valid (0.01s, 12743 steps).

File "/home/fabrice/git/pycsl/scratchpad/w7/tmp/.pycsl_gwql3f_j.mlw", line 1694, characters 15-56:
Sub-goal postcondition of goal statementemissionmixin___handle_fieldassign_stmt'vc.
Prover result is: Valid (0.02s, 97084 steps).

File "/home/fabrice/git/pycsl/scratchpad/w7/tmp/.pycsl_gwql3f_j.mlw", line 1695, characters 15-60:
Sub-goal postcondition of goal statementemissionmixin___handle_fieldassign_stmt'vc.
Prover result is: Valid (0.02s, 97139 steps).

File "/home/fabrice/git/pycsl/scratchpad/w7/tmp/.pycsl_gwql3f_j.mlw", line 1696, characters 15-50:
Sub-goal postcondition of goal statementemissionmixin___handle_fieldassign_stmt'vc.
Prover result is: Valid (0.03s, 165484 steps).

File "/home/fabrice/git/pycsl/scratchpad/w7/tmp/.pycsl_gwql3f_j.mlw", line 1697, characters 15-62:
Sub-goal postcondition of goal statementemissionmixin___handle_fieldassign_stmt'vc.
Prover result is: Valid (0.02s, 97249 steps).

File "/home/fabrice/git/pycsl/scratchpad/w7/tmp/.pycsl_gwql3f_j.mlw", line 1729, characters 18-80:
Sub-goal precondition of goal statementemissionmixin___handle_fieldassign_stmt'vc.
Prover result is: Valid (0.01s, 10968 steps).

File "/home/fabrice/git/pycsl/scratchpad/w7/tmp/.pycsl_gwql3f_j.mlw", line 1733, characters 18-74:
Sub-goal precondition of goal statementemissionmixin___handle_fieldassign_stmt'vc.
Prover result is: Valid (0.01s, 11022 steps).

File "/home/fabrice/git/pycsl/scratchpad/w7/tmp/.pycsl_gwql3f_j.mlw", line 1692, characters 15-19:
Sub-goal postcondition of goal statementemissionmixin___handle_fieldassign_stmt'vc.
Prover result is: Valid (0.01s, 11804 steps).

File "/home/fabrice/git/pycsl/scratchpad/w7/tmp/.pycsl_gwql3f_j.mlw", line 1694, characters 15-56:
Sub-goal postcondition of goal statementemissionmixin___handle_fieldassign_stmt'vc.
Prover result is: Valid (0.02s, 66360 steps).

File "/home/fabrice/git/pycsl/scratchpad/w7/tmp/.pycsl_gwql3f_j.mlw", line 1695, characters 15-60:
Sub-goal postcondition of goal statementemissionmixin___handle_fieldassign_stmt'vc.
Prover result is: Valid (0.01s, 66406 steps).

File "/home/fabrice/git/pycsl/scratchpad/w7/tmp/.pycsl_gwql3f_j.mlw", line 1696, characters 15-50:
Sub-goal postcondition of goal statementemissionmixin___handle_fieldassign_stmt'vc.
Prover result is: Valid (0.03s, 130676 steps).

File "/home/fabrice/git/pycsl/scratchpad/w7/tmp/.pycsl_gwql3f_j.mlw", line 1697, characters 15-62:
Sub-goal postcondition of goal statementemissionmixin___handle_fieldassign_stmt'vc.
Prover result is: Valid (0.01s, 66498 steps).

File "/home/fabrice/git/pycsl/scratchpad/w7/tmp/.pycsl_gwql3f_j.mlw", line 1692, characters 15-19:
Sub-goal postcondition of goal statementemissionmixin___handle_fieldassign_stmt'vc.
Prover result is: Valid (0.01s, 11451 steps).

File "/home/fabrice/git/pycsl/scratchpad/w7/tmp/.pycsl_gwql3f_j.mlw", line 1694, characters 15-56:
Sub-goal postcondition of goal statementemissionmixin___handle_fieldassign_stmt'vc.
Prover result is: Valid (0.01s, 11464 steps).

File "/home/fabrice/git/pycsl/scratchpad/w7/tmp/.pycsl_gwql3f_j.mlw", line 1695, characters 15-60:
Sub-goal postcondition of goal statementemissionmixin___handle_fieldassign_stmt'vc.
Prover result is: Valid (0.01s, 11477 steps).

File "/home/fabrice/git/pycsl/scratchpad/w7/tmp/.pycsl_gwql3f_j.mlw", line 1696, characters 15-50:
Sub-goal postcondition of goal statementemissionmixin___handle_fieldassign_stmt'vc.
Prover result is: Valid (0.03s, 127691 steps).

File "/home/fabrice/git/pycsl/scratchpad/w7/tmp/.pycsl_gwql3f_j.mlw", line 1697, characters 15-62:
Sub-goal postcondition of goal statementemissionmixin___handle_fieldassign_stmt'vc.
Prover result is: Valid (0.01s, 11499 steps).

File "/home/fabrice/git/pycsl/scratchpad/w7/tmp/.pycsl_gwql3f_j.mlw", line 1738, characters 25-41:
Sub-goal array creation size of goal statementemissionmixin___handle_fieldassign_stmt'vc.
Prover result is: Valid (0.01s, 11088 steps).

File "/home/fabrice/git/pycsl/scratchpad/w7/tmp/.pycsl_gwql3f_j.mlw", line 1692, characters 15-19:
Sub-goal postcondition of goal statementemissionmixin___handle_fieldassign_stmt'vc.
Prover result is: Valid (0.01s, 12277 steps).

File "/home/fabrice/git/pycsl/scratchpad/w7/tmp/.pycsl_gwql3f_j.mlw", line 1694, characters 15-56:
Sub-goal postcondition of goal statementemissionmixin___handle_fieldassign_stmt'vc.
Prover result is: Valid (0.02s, 69578 steps).

File "/home/fabrice/git/pycsl/scratchpad/w7/tmp/.pycsl_gwql3f_j.mlw", line 1695, characters 15-60:
Sub-goal postcondition of goal statementemissionmixin___handle_fieldassign_stmt'vc.
Prover result is: Valid (0.02s, 69624 steps).

File "/home/fabrice/git/pycsl/scratchpad/w7/tmp/.pycsl_gwql3f_j.mlw", line 1696, characters 15-50:
Sub-goal postcondition of goal statementemissionmixin___handle_fieldassign_stmt'vc.
Prover result is: Valid (0.04s, 136766 steps).

File "/home/fabrice/git/pycsl/scratchpad/w7/tmp/.pycsl_gwql3f_j.mlw", line 1697, characters 15-62:
Sub-goal postcondition of goal statementemissionmixin___handle_fieldassign_stmt'vc.
Prover result is: Valid (0.02s, 69716 steps).

File "/home/fabrice/git/pycsl/scratchpad/w7/tmp/.pycsl_gwql3f_j.mlw", line 1692, characters 15-19:
Sub-goal postcondition of goal statementemissionmixin___handle_fieldassign_stmt'vc.
Prover result is: Valid (0.01s, 11924 steps).

File "/home/fabrice/git/pycsl/scratchpad/w7/tmp/.pycsl_gwql3f_j.mlw", line 1694, characters 15-56:
Sub-goal postcondition of goal statementemissionmixin___handle_fieldassign_stmt'vc.
Prover result is: Valid (0.01s, 11937 steps).

File "/home/fabrice/git/pycsl/scratchpad/w7/tmp/.pycsl_gwql3f_j.mlw", line 1695, characters 15-60:
Sub-goal postcondition of goal statementemissionmixin___handle_fieldassign_stmt'vc.
Prover result is: Valid (0.01s, 11950 steps).

File "/home/fabrice/git/pycsl/scratchpad/w7/tmp/.pycsl_gwql3f_j.mlw", line 1696, characters 15-50:
Sub-goal postcondition of goal statementemissionmixin___handle_fieldassign_stmt'vc.
Prover result is: Valid (0.04s, 133785 steps).

File "/home/fabrice/git/pycsl/scratchpad/w7/tmp/.pycsl_gwql3f_j.mlw", line 1697, characters 15-62:
Sub-goal postcondition of goal statementemissionmixin___handle_fieldassign_stmt'vc.
Prover result is: Valid (0.01s, 11972 steps).

File "/home/fabrice/git/pycsl/scratchpad/w7/tmp/.pycsl_gwql3f_j.mlw", line 1692, characters 15-19:
Sub-goal postcondition of goal statementemissionmixin___handle_fieldassign_stmt'vc.
Prover result is: Valid (0.01s, 12289 steps).

File "/home/fabrice/git/pycsl/scratchpad/w7/tmp/.pycsl_gwql3f_j.mlw", line 1694, characters 15-56:
Sub-goal postcondition of goal statementemissionmixin___handle_fieldassign_stmt'vc.
Prover result is: Valid (0.02s, 69886 steps).

File "/home/fabrice/git/pycsl/scratchpad/w7/tmp/.pycsl_gwql3f_j.mlw", line 1695, characters 15-60:
Sub-goal postcondition of goal statementemissionmixin___handle_fieldassign_stmt'vc.
Prover result is: Valid (0.03s, 69936 steps).

File "/home/fabrice/git/pycsl/scratchpad/w7/tmp/.pycsl_gwql3f_j.mlw", line 1696, characters 15-50:
Sub-goal postcondition of goal statementemissionmixin___handle_fieldassign_stmt'vc.
Prover result is: Valid (0.04s, 137082 steps).

File "/home/fabrice/git/pycsl/scratchpad/w7/tmp/.pycsl_gwql3f_j.mlw", line 1697, characters 15-62:
Sub-goal postcondition of goal statementemissionmixin___handle_fieldassign_stmt'vc.
Prover result is: Valid (0.02s, 70036 steps).

File "/home/fabrice/git/pycsl/scratchpad/w7/tmp/.pycsl_gwql3f_j.mlw", line 1692, characters 15-19:
Sub-goal postcondition of goal statementemissionmixin___handle_fieldassign_stmt'vc.
Prover result is: Valid (0.01s, 11936 steps).

File "/home/fabrice/git/pycsl/scratchpad/w7/tmp/.pycsl_gwql3f_j.mlw", line 1694, characters 15-56:
Sub-goal postcondition of goal statementemissionmixin___handle_fieldassign_stmt'vc.
Prover result is: Valid (0.02s, 11949 steps).

File "/home/fabrice/git/pycsl/scratchpad/w7/tmp/.pycsl_gwql3f_j.mlw", line 1695, characters 15-60:
Sub-goal postcondition of goal statementemissionmixin___handle_fieldassign_stmt'vc.
Prover result is: Valid (0.01s, 11962 steps).

File "/home/fabrice/git/pycsl/scratchpad/w7/tmp/.pycsl_gwql3f_j.mlw", line 1696, characters 15-50:
Sub-goal postcondition of goal statementemissionmixin___handle_fieldassign_stmt'vc.
Prover result is: Valid (0.04s, 133943 steps).

File "/home/fabrice/git/pycsl/scratchpad/w7/tmp/.pycsl_gwql3f_j.mlw", line 1697, characters 15-62:
Sub-goal postcondition of goal statementemissionmixin___handle_fieldassign_stmt'vc.
Prover result is: Valid (0.01s, 11984 steps).

File "/home/fabrice/git/pycsl/scratchpad/w7/tmp/.pycsl_gwql3f_j.mlw", line 1692, characters 15-19:
Sub-goal postcondition of goal statementemissionmixin___handle_fieldassign_stmt'vc.
Prover result is: Valid (0.01s, 11993 steps).

File "/home/fabrice/git/pycsl/scratchpad/w7/tmp/.pycsl_gwql3f_j.mlw", line 1694, characters 15-56:
Sub-goal postcondition of goal statementemissionmixin___handle_fieldassign_stmt'vc.
Prover result is: Valid (0.01s, 67828 steps).

File "/home/fabrice/git/pycsl/scratchpad/w7/tmp/.pycsl_gwql3f_j.mlw", line 1695, characters 15-60:
Sub-goal postcondition of goal statementemissionmixin___handle_fieldassign_stmt'vc.
Prover result is: Valid (0.01s, 67874 steps).

File "/home/fabrice/git/pycsl/scratchpad/w7/tmp/.pycsl_gwql3f_j.mlw", line 1696, characters 15-50:
Sub-goal postcondition of goal statementemissionmixin___handle_fieldassign_stmt'vc.
Prover result is: Valid (0.03s, 133107 steps).

File "/home/fabrice/git/pycsl/scratchpad/w7/tmp/.pycsl_gwql3f_j.mlw", line 1697, characters 15-62:
Sub-goal postcondition of goal statementemissionmixin___handle_fieldassign_stmt'vc.
Prover result is: Valid (0.02s, 67966 steps).

File "/home/fabrice/git/pycsl/scratchpad/w7/tmp/.pycsl_gwql3f_j.mlw", line 1692, characters 15-19:
Sub-goal postcondition of goal statementemissionmixin___handle_fieldassign_stmt'vc.
Prover result is: Valid (0.01s, 11640 steps).

File "/home/fabrice/git/pycsl/scratchpad/w7/tmp/.pycsl_gwql3f_j.mlw", line 1694, characters 15-56:
Sub-goal postcondition of goal statementemissionmixin___handle_fieldassign_stmt'vc.
Prover result is: Valid (0.01s, 11653 steps).

File "/home/fabrice/git/pycsl/scratchpad/w7/tmp/.pycsl_gwql3f_j.mlw", line 1695, characters 15-60:
Sub-goal postcondition of goal statementemissionmixin___handle_fieldassign_stmt'vc.
Prover result is: Valid (0.02s, 11666 steps).

File "/home/fabrice/git/pycsl/scratchpad/w7/tmp/.pycsl_gwql3f_j.mlw", line 1696, characters 15-50:
Sub-goal postcondition of goal statementemissionmixin___handle_fieldassign_stmt'vc.
Prover result is: Valid (0.04s, 130126 steps).

File "/home/fabrice/git/pycsl/scratchpad/w7/tmp/.pycsl_gwql3f_j.mlw", line 1697, characters 15-62:
Sub-goal postcondition of goal statementemissionmixin___handle_fieldassign_stmt'vc.
Prover result is: Valid (0.01s, 11688 steps).

File "/home/fabrice/git/pycsl/scratchpad/w7/tmp/.pycsl_gwql3f_j.mlw", line 1692, characters 15-19:
Sub-goal postcondition of goal statementemissionmixin___handle_fieldassign_stmt'vc.
Prover result is: Valid (0.01s, 11857 steps).

File "/home/fabrice/git/pycsl/scratchpad/w7/tmp/.pycsl_gwql3f_j.mlw", line 1694, characters 15-56:
Sub-goal postcondition of goal statementemissionmixin___handle_fieldassign_stmt'vc.
Prover result is: Valid (0.02s, 66913 steps).

File "/home/fabrice/git/pycsl/scratchpad/w7/tmp/.pycsl_gwql3f_j.mlw", line 1695, characters 15-60:
Sub-goal postcondition of goal statementemissionmixin___handle_fieldassign_stmt'vc.
Prover result is: Valid (0.02s, 66959 steps).

File "/home/fabrice/git/pycsl/scratchpad/w7/tmp/.pycsl_gwql3f_j.mlw", line 1696, characters 15-50:
Sub-goal postcondition of goal statementemissionmixin___handle_fieldassign_stmt'vc.
Prover result is: Valid (0.03s, 131413 steps).

File "/home/fabrice/git/pycsl/scratchpad/w7/tmp/.pycsl_gwql3f_j.mlw", line 1697, characters 15-62:
Sub-goal postcondition of goal statementemissionmixin___handle_fieldassign_stmt'vc.
Prover result is: Valid (0.02s, 67051 steps).

File "/home/fabrice/git/pycsl/scratchpad/w7/tmp/.pycsl_gwql3f_j.mlw", line 1692, characters 15-19:
Sub-goal postcondition of goal statementemissionmixin___handle_fieldassign_stmt'vc.
Prover result is: Valid (0.01s, 11504 steps).

File "/home/fabrice/git/pycsl/scratchpad/w7/tmp/.pycsl_gwql3f_j.mlw", line 1694, characters 15-56:
Sub-goal postcondition of goal statementemissionmixin___handle_fieldassign_stmt'vc.
Prover result is: Valid (0.01s, 11517 steps).

File "/home/fabrice/git/pycsl/scratchpad/w7/tmp/.pycsl_gwql3f_j.mlw", line 1695, characters 15-60:
Sub-goal postcondition of goal statementemissionmixin___handle_fieldassign_stmt'vc.
Prover result is: Valid (0.01s, 11530 steps).

File "/home/fabrice/git/pycsl/scratchpad/w7/tmp/.pycsl_gwql3f_j.mlw", line 1696, characters 15-50:
Sub-goal postcondition of goal statementemissionmixin___handle_fieldassign_stmt'vc.
Prover result is: Valid (0.03s, 128432 steps).

File "/home/fabrice/git/pycsl/scratchpad/w7/tmp/.pycsl_gwql3f_j.mlw", line 1697, characters 15-62:
Sub-goal postcondition of goal statementemissionmixin___handle_fieldassign_stmt'vc.
Prover result is: Valid (0.01s, 11552 steps).

File "/home/fabrice/git/pycsl/scratchpad/w7/tmp/.pycsl_gwql3f_j.mlw", line 1692, characters 15-19:
Sub-goal postcondition of goal statementemissionmixin___handle_fieldassign_stmt'vc.
Prover result is: Valid (0.01s, 13323 steps).

File "/home/fabrice/git/pycsl/scratchpad/w7/tmp/.pycsl_gwql3f_j.mlw", line 1694, characters 15-56:
Sub-goal postcondition of goal statementemissionmixin___handle_fieldassign_stmt'vc.
Prover result is: Valid (0.02s, 85864 steps).

File "/home/fabrice/git/pycsl/scratchpad/w7/tmp/.pycsl_gwql3f_j.mlw", line 1695, characters 15-60:
Sub-goal postcondition of goal statementemissionmixin___handle_fieldassign_stmt'vc.
Prover result is: Valid (0.02s, 85920 steps).

File "/home/fabrice/git/pycsl/scratchpad/w7/tmp/.pycsl_gwql3f_j.mlw", line 1696, characters 15-50:
Sub-goal postcondition of goal statementemissionmixin___handle_fieldassign_stmt'vc.
Prover result is: Valid (0.07s, 152270 steps).

File "/home/fabrice/git/pycsl/scratchpad/w7/tmp/.pycsl_gwql3f_j.mlw", line 1697, characters 15-62:
Sub-goal postcondition of goal statementemissionmixin___handle_fieldassign_stmt'vc.
Prover result is: Valid (0.04s, 86032 steps).

File "/home/fabrice/git/pycsl/scratchpad/w7/tmp/.pycsl_gwql3f_j.mlw", line 1692, characters 15-19:
Sub-goal postcondition of goal statementemissionmixin___handle_fieldassign_stmt'vc.
Prover result is: Valid (0.02s, 12968 steps).

File "/home/fabrice/git/pycsl/scratchpad/w7/tmp/.pycsl_gwql3f_j.mlw", line 1694, characters 15-56:
Sub-goal postcondition of goal statementemissionmixin___handle_fieldassign_stmt'vc.
Prover result is: Valid (0.02s, 83543 steps).

File "/home/fabrice/git/pycsl/scratchpad/w7/tmp/.pycsl_gwql3f_j.mlw", line 1695, characters 15-60:
Sub-goal postcondition of goal statementemissionmixin___handle_fieldassign_stmt'vc.
Prover result is: Valid (0.03s, 83599 steps).

File "/home/fabrice/git/pycsl/scratchpad/w7/tmp/.pycsl_gwql3f_j.mlw", line 1696, characters 15-50:
Sub-goal postcondition of goal statementemissionmixin___handle_fieldassign_stmt'vc.
Prover result is: Valid (0.04s, 148689 steps).

File "/home/fabrice/git/pycsl/scratchpad/w7/tmp/.pycsl_gwql3f_j.mlw", line 1697, characters 15-62:
Sub-goal postcondition of goal statementemissionmixin___handle_fieldassign_stmt'vc.
Prover result is: Valid (0.03s, 83711 steps).

File "/home/fabrice/git/pycsl/scratchpad/w7/tmp/.pycsl_gwql3f_j.mlw", line 1692, characters 15-19:
Sub-goal postcondition of goal statementemissionmixin___handle_fieldassign_stmt'vc.
Prover result is: Valid (0.02s, 13220 steps).

File "/home/fabrice/git/pycsl/scratchpad/w7/tmp/.pycsl_gwql3f_j.mlw", line 1694, characters 15-56:
Sub-goal postcondition of goal statementemissionmixin___handle_fieldassign_stmt'vc.
Prover result is: Valid (0.02s, 76273 steps).

File "/home/fabrice/git/pycsl/scratchpad/w7/tmp/.pycsl_gwql3f_j.mlw", line 1695, characters 15-60:
Sub-goal postcondition of goal statementemissionmixin___handle_fieldassign_stmt'vc.
Prover result is: Valid (0.03s, 76325 steps).

File "/home/fabrice/git/pycsl/scratchpad/w7/tmp/.pycsl_gwql3f_j.mlw", line 1696, characters 15-50:
Sub-goal postcondition of goal statementemissionmixin___handle_fieldassign_stmt'vc.
Prover result is: Valid (0.07s, 142647 steps).

File "/home/fabrice/git/pycsl/scratchpad/w7/tmp/.pycsl_gwql3f_j.mlw", line 1697, characters 15-62:
Sub-goal postcondition of goal statementemissionmixin___handle_fieldassign_stmt'vc.
Prover result is: Valid (0.02s, 76429 steps).

File "/home/fabrice/git/pycsl/scratchpad/w7/tmp/.pycsl_gwql3f_j.mlw", line 1692, characters 15-19:
Sub-goal postcondition of goal statementemissionmixin___handle_fieldassign_stmt'vc.
Prover result is: Valid (0.02s, 12865 steps).

File "/home/fabrice/git/pycsl/scratchpad/w7/tmp/.pycsl_gwql3f_j.mlw", line 1694, characters 15-56:
Sub-goal postcondition of goal statementemissionmixin___handle_fieldassign_stmt'vc.
Prover result is: Valid (0.02s, 74144 steps).

File "/home/fabrice/git/pycsl/scratchpad/w7/tmp/.pycsl_gwql3f_j.mlw", line 1695, characters 15-60:
Sub-goal postcondition of goal statementemissionmixin___handle_fieldassign_stmt'vc.
Prover result is: Valid (0.02s, 74196 steps).

File "/home/fabrice/git/pycsl/scratchpad/w7/tmp/.pycsl_gwql3f_j.mlw", line 1696, characters 15-50:
Sub-goal postcondition of goal statementemissionmixin___handle_fieldassign_stmt'vc.
Prover result is: Valid (0.05s, 139262 steps).

File "/home/fabrice/git/pycsl/scratchpad/w7/tmp/.pycsl_gwql3f_j.mlw", line 1697, characters 15-62:
Sub-goal postcondition of goal statementemissionmixin___handle_fieldassign_stmt'vc.
Prover result is: Valid (0.03s, 74300 steps).

File "/home/fabrice/git/pycsl/scratchpad/w7/tmp/.pycsl_gwql3f_j.mlw", line 1692, characters 15-19:
Sub-goal postcondition of goal statementemissionmixin___handle_fieldassign_stmt'vc.
Prover result is: Valid (0.01s, 12081 steps).

File "/home/fabrice/git/pycsl/scratchpad/w7/tmp/.pycsl_gwql3f_j.mlw", line 1694, characters 15-56:
Sub-goal postcondition of goal statementemissionmixin___handle_fieldassign_stmt'vc.
Prover result is: Valid (0.03s, 87554 steps).

File "/home/fabrice/git/pycsl/scratchpad/w7/tmp/.pycsl_gwql3f_j.mlw", line 1695, characters 15-60:
Sub-goal postcondition of goal statementemissionmixin___handle_fieldassign_stmt'vc.
Prover result is: Valid (0.03s, 87611 steps).

File "/home/fabrice/git/pycsl/scratchpad/w7/tmp/.pycsl_gwql3f_j.mlw", line 1696, characters 15-50:
Sub-goal postcondition of goal statementemissionmixin___handle_fieldassign_stmt'vc.
Prover result is: Valid (0.05s, 152953 steps).

File "/home/fabrice/git/pycsl/scratchpad/w7/tmp/.pycsl_gwql3f_j.mlw", line 1697, characters 15-62:
Sub-goal postcondition of goal statementemissionmixin___handle_fieldassign_stmt'vc.
Prover result is: Valid (0.03s, 87725 steps).

File "/home/fabrice/git/pycsl/scratchpad/w7/tmp/.pycsl_gwql3f_j.mlw", line 1692, characters 15-19:
Sub-goal postcondition of goal statementemissionmixin___handle_fieldassign_stmt'vc.
Prover result is: Valid (0.02s, 11730 steps).

File "/home/fabrice/git/pycsl/scratchpad/w7/tmp/.pycsl_gwql3f_j.mlw", line 1694, characters 15-56:
Sub-goal postcondition of goal statementemissionmixin___handle_fieldassign_stmt'vc.
Prover result is: Valid (0.01s, 11743 steps).

File "/home/fabrice/git/pycsl/scratchpad/w7/tmp/.pycsl_gwql3f_j.mlw", line 1695, characters 15-60:
Sub-goal postcondition of goal statementemissionmixin___handle_fieldassign_stmt'vc.
Prover result is: Valid (0.01s, 11756 steps).

File "/home/fabrice/git/pycsl/scratchpad/w7/tmp/.pycsl_gwql3f_j.mlw", line 1696, characters 15-50:
Sub-goal postcondition of goal statementemissionmixin___handle_fieldassign_stmt'vc.
Prover result is: Valid (0.04s, 149369 steps).

File "/home/fabrice/git/pycsl/scratchpad/w7/tmp/.pycsl_gwql3f_j.mlw", line 1697, characters 15-62:
Sub-goal postcondition of goal statementemissionmixin___handle_fieldassign_stmt'vc.
Prover result is: Valid (0.01s, 11778 steps).

File "/home/fabrice/git/pycsl/scratchpad/w7/tmp/.pycsl_gwql3f_j.mlw", line 1692, characters 15-19:
Sub-goal postcondition of goal statementemissionmixin___handle_fieldassign_stmt'vc.
Prover result is: Valid (0.01s, 12994 steps).

File "/home/fabrice/git/pycsl/scratchpad/w7/tmp/.pycsl_gwql3f_j.mlw", line 1694, characters 15-56:
Sub-goal postcondition of goal statementemissionmixin___handle_fieldassign_stmt'vc.
Prover result is: Valid (0.03s, 91591 steps).

File "/home/fabrice/git/pycsl/scratchpad/w7/tmp/.pycsl_gwql3f_j.mlw", line 1695, characters 15-60:
Sub-goal postcondition of goal statementemissionmixin___handle_fieldassign_stmt'vc.
Prover result is: Valid (0.02s, 91646 steps).

File "/home/fabrice/git/pycsl/scratchpad/w7/tmp/.pycsl_gwql3f_j.mlw", line 1696, characters 15-50:
Sub-goal postcondition of goal statementemissionmixin___handle_fieldassign_stmt'vc.
Prover result is: Valid (0.05s, 158982 steps).

File "/home/fabrice/git/pycsl/scratchpad/w7/tmp/.pycsl_gwql3f_j.mlw", line 1697, characters 15-62:
Sub-goal postcondition of goal statementemissionmixin___handle_fieldassign_stmt'vc.
Prover result is: Valid (0.03s, 91756 steps).

File "/home/fabrice/git/pycsl/scratchpad/w7/tmp/.pycsl_gwql3f_j.mlw", line 1692, characters 15-19:
Sub-goal postcondition of goal statementemissionmixin___handle_fieldassign_stmt'vc.
Prover result is: Valid (0.01s, 12637 steps).

File "/home/fabrice/git/pycsl/scratchpad/w7/tmp/.pycsl_gwql3f_j.mlw", line 1694, characters 15-56:
Sub-goal postcondition of goal statementemissionmixin___handle_fieldassign_stmt'vc.
Prover result is: Valid (0.02s, 89195 steps).

File "/home/fabrice/git/pycsl/scratchpad/w7/tmp/.pycsl_gwql3f_j.mlw", line 1695, characters 15-60:
Sub-goal postcondition of goal statementemissionmixin___handle_fieldassign_stmt'vc.
Prover result is: Valid (0.02s, 89250 steps).

File "/home/fabrice/git/pycsl/scratchpad/w7/tmp/.pycsl_gwql3f_j.mlw", line 1696, characters 15-50:
Sub-goal postcondition of goal statementemissionmixin___handle_fieldassign_stmt'vc.
Prover result is: Valid (0.04s, 155326 steps).

File "/home/fabrice/git/pycsl/scratchpad/w7/tmp/.pycsl_gwql3f_j.mlw", line 1697, characters 15-62:
Sub-goal postcondition of goal statementemissionmixin___handle_fieldassign_stmt'vc.
Prover result is: Valid (0.04s, 89360 steps).

File "/home/fabrice/git/pycsl/scratchpad/w7/tmp/.pycsl_gwql3f_j.mlw", line 1729, characters 18-80:
Sub-goal precondition of goal statementemissionmixin___handle_fieldassign_stmt'vc.
Prover result is: Valid (0.01s, 10977 steps).

File "/home/fabrice/git/pycsl/scratchpad/w7/tmp/.pycsl_gwql3f_j.mlw", line 1733, characters 18-74:
Sub-goal precondition of goal statementemissionmixin___handle_fieldassign_stmt'vc.
Prover result is: Valid (0.01s, 11031 steps).

File "/home/fabrice/git/pycsl/scratchpad/w7/tmp/.pycsl_gwql3f_j.mlw", line 1692, characters 15-19:
Sub-goal postcondition of goal statementemissionmixin___handle_fieldassign_stmt'vc.
Prover result is: Valid (0.01s, 11813 steps).

File "/home/fabrice/git/pycsl/scratchpad/w7/tmp/.pycsl_gwql3f_j.mlw", line 1694, characters 15-56:
Sub-goal postcondition of goal statementemissionmixin___handle_fieldassign_stmt'vc.
Prover result is: Valid (0.01s, 66369 steps).

File "/home/fabrice/git/pycsl/scratchpad/w7/tmp/.pycsl_gwql3f_j.mlw", line 1695, characters 15-60:
Sub-goal postcondition of goal statementemissionmixin___handle_fieldassign_stmt'vc.
Prover result is: Valid (0.02s, 66415 steps).

File "/home/fabrice/git/pycsl/scratchpad/w7/tmp/.pycsl_gwql3f_j.mlw", line 1696, characters 15-50:
Sub-goal postcondition of goal statementemissionmixin___handle_fieldassign_stmt'vc.
Prover result is: Valid (0.04s, 130685 steps).

File "/home/fabrice/git/pycsl/scratchpad/w7/tmp/.pycsl_gwql3f_j.mlw", line 1697, characters 15-62:
Sub-goal postcondition of goal statementemissionmixin___handle_fieldassign_stmt'vc.
Prover result is: Valid (0.02s, 66507 steps).

File "/home/fabrice/git/pycsl/scratchpad/w7/tmp/.pycsl_gwql3f_j.mlw", line 1692, characters 15-19:
Sub-goal postcondition of goal statementemissionmixin___handle_fieldassign_stmt'vc.
Prover result is: Valid (0.02s, 11460 steps).

File "/home/fabrice/git/pycsl/scratchpad/w7/tmp/.pycsl_gwql3f_j.mlw", line 1694, characters 15-56:
Sub-goal postcondition of goal statementemissionmixin___handle_fieldassign_stmt'vc.
Prover result is: Valid (0.02s, 11473 steps).

File "/home/fabrice/git/pycsl/scratchpad/w7/tmp/.pycsl_gwql3f_j.mlw", line 1695, characters 15-60:
Sub-goal postcondition of goal statementemissionmixin___handle_fieldassign_stmt'vc.
Prover result is: Valid (0.01s, 11486 steps).

File "/home/fabrice/git/pycsl/scratchpad/w7/tmp/.pycsl_gwql3f_j.mlw", line 1696, characters 15-50:
Sub-goal postcondition of goal statementemissionmixin___handle_fieldassign_stmt'vc.
Prover result is: Valid (0.06s, 127700 steps).

File "/home/fabrice/git/pycsl/scratchpad/w7/tmp/.pycsl_gwql3f_j.mlw", line 1697, characters 15-62:
Sub-goal postcondition of goal statementemissionmixin___handle_fieldassign_stmt'vc.
Prover result is: Valid (0.01s, 11508 steps).

File "/home/fabrice/git/pycsl/scratchpad/w7/tmp/.pycsl_gwql3f_j.mlw", line 1738, characters 25-41:
Sub-goal array creation size of goal statementemissionmixin___handle_fieldassign_stmt'vc.
Prover result is: Valid (0.01s, 11097 steps).

File "/home/fabrice/git/pycsl/scratchpad/w7/tmp/.pycsl_gwql3f_j.mlw", line 1692, characters 15-19:
Sub-goal postcondition of goal statementemissionmixin___handle_fieldassign_stmt'vc.
Prover result is: Valid (0.02s, 12286 steps).

File "/home/fabrice/git/pycsl/scratchpad/w7/tmp/.pycsl_gwql3f_j.mlw", line 1694, characters 15-56:
Sub-goal postcondition of goal statementemissionmixin___handle_fieldassign_stmt'vc.
Prover result is: Valid (0.02s, 69587 steps).

File "/home/fabrice/git/pycsl/scratchpad/w7/tmp/.pycsl_gwql3f_j.mlw", line 1695, characters 15-60:
Sub-goal postcondition of goal statementemissionmixin___handle_fieldassign_stmt'vc.
Prover result is: Valid (0.02s, 69633 steps).

File "/home/fabrice/git/pycsl/scratchpad/w7/tmp/.pycsl_gwql3f_j.mlw", line 1696, characters 15-50:
Sub-goal postcondition of goal statementemissionmixin___handle_fieldassign_stmt'vc.
Prover result is: Valid (0.03s, 136775 steps).

File "/home/fabrice/git/pycsl/scratchpad/w7/tmp/.pycsl_gwql3f_j.mlw", line 1697, characters 15-62:
Sub-goal postcondition of goal statementemissionmixin___handle_fieldassign_stmt'vc.
Prover result is: Valid (0.02s, 69725 steps).

File "/home/fabrice/git/pycsl/scratchpad/w7/tmp/.pycsl_gwql3f_j.mlw", line 1692, characters 15-19:
Sub-goal postcondition of goal statementemissionmixin___handle_fieldassign_stmt'vc.
Prover result is: Valid (0.01s, 11933 steps).

File "/home/fabrice/git/pycsl/scratchpad/w7/tmp/.pycsl_gwql3f_j.mlw", line 1694, characters 15-56:
Sub-goal postcondition of goal statementemissionmixin___handle_fieldassign_stmt'vc.
Prover result is: Valid (0.01s, 11946 steps).

File "/home/fabrice/git/pycsl/scratchpad/w7/tmp/.pycsl_gwql3f_j.mlw", line 1695, characters 15-60:
Sub-goal postcondition of goal statementemissionmixin___handle_fieldassign_stmt'vc.
Prover result is: Valid (0.01s, 11959 steps).

File "/home/fabrice/git/pycsl/scratchpad/w7/tmp/.pycsl_gwql3f_j.mlw", line 1696, characters 15-50:
Sub-goal postcondition of goal statementemissionmixin___handle_fieldassign_stmt'vc.
Prover result is: Valid (0.03s, 133794 steps).

File "/home/fabrice/git/pycsl/scratchpad/w7/tmp/.pycsl_gwql3f_j.mlw", line 1697, characters 15-62:
Sub-goal postcondition of goal statementemissionmixin___handle_fieldassign_stmt'vc.
Prover result is: Valid (0.01s, 11981 steps).

File "/home/fabrice/git/pycsl/scratchpad/w7/tmp/.pycsl_gwql3f_j.mlw", line 1692, characters 15-19:
Sub-goal postcondition of goal statementemissionmixin___handle_fieldassign_stmt'vc.
Prover result is: Valid (0.01s, 12298 steps).

File "/home/fabrice/git/pycsl/scratchpad/w7/tmp/.pycsl_gwql3f_j.mlw", line 1694, characters 15-56:
Sub-goal postcondition of goal statementemissionmixin___handle_fieldassign_stmt'vc.
Prover result is: Valid (0.03s, 69895 steps).

File "/home/fabrice/git/pycsl/scratchpad/w7/tmp/.pycsl_gwql3f_j.mlw", line 1695, characters 15-60:
Sub-goal postcondition of goal statementemissionmixin___handle_fieldassign_stmt'vc.
Prover result is: Valid (0.02s, 69945 steps).

File "/home/fabrice/git/pycsl/scratchpad/w7/tmp/.pycsl_gwql3f_j.mlw", line 1696, characters 15-50:
Sub-goal postcondition of goal statementemissionmixin___handle_fieldassign_stmt'vc.
Prover result is: Valid (0.04s, 137091 steps).

File "/home/fabrice/git/pycsl/scratchpad/w7/tmp/.pycsl_gwql3f_j.mlw", line 1697, characters 15-62:
Sub-goal postcondition of goal statementemissionmixin___handle_fieldassign_stmt'vc.
Prover result is: Valid (0.02s, 70045 steps).

File "/home/fabrice/git/pycsl/scratchpad/w7/tmp/.pycsl_gwql3f_j.mlw", line 1692, characters 15-19:
Sub-goal postcondition of goal statementemissionmixin___handle_fieldassign_stmt'vc.
Prover result is: Valid (0.01s, 11945 steps).

File "/home/fabrice/git/pycsl/scratchpad/w7/tmp/.pycsl_gwql3f_j.mlw", line 1694, characters 15-56:
Sub-goal postcondition of goal statementemissionmixin___handle_fieldassign_stmt'vc.
Prover result is: Valid (0.01s, 11958 steps).

File "/home/fabrice/git/pycsl/scratchpad/w7/tmp/.pycsl_gwql3f_j.mlw", line 1695, characters 15-60:
Sub-goal postcondition of goal statementemissionmixin___handle_fieldassign_stmt'vc.
Prover result is: Valid (0.01s, 11971 steps).

File "/home/fabrice/git/pycsl/scratchpad/w7/tmp/.pycsl_gwql3f_j.mlw", line 1696, characters 15-50:
Sub-goal postcondition of goal statementemissionmixin___handle_fieldassign_stmt'vc.
Prover result is: Valid (0.04s, 133952 steps).

File "/home/fabrice/git/pycsl/scratchpad/w7/tmp/.pycsl_gwql3f_j.mlw", line 1697, characters 15-62:
Sub-goal postcondition of goal statementemissionmixin___handle_fieldassign_stmt'vc.
Prover result is: Valid (0.01s, 11993 steps).

File "/home/fabrice/git/pycsl/scratchpad/w7/tmp/.pycsl_gwql3f_j.mlw", line 1692, characters 15-19:
Sub-goal postcondition of goal statementemissionmixin___handle_fieldassign_stmt'vc.
Prover result is: Valid (0.01s, 12002 steps).

File "/home/fabrice/git/pycsl/scratchpad/w7/tmp/.pycsl_gwql3f_j.mlw", line 1694, characters 15-56:
Sub-goal postcondition of goal statementemissionmixin___handle_fieldassign_stmt'vc.
Prover result is: Valid (0.02s, 67837 steps).

File "/home/fabrice/git/pycsl/scratchpad/w7/tmp/.pycsl_gwql3f_j.mlw", line 1695, characters 15-60:
Sub-goal postcondition of goal statementemissionmixin___handle_fieldassign_stmt'vc.
Prover result is: Valid (0.02s, 67883 steps).

File "/home/fabrice/git/pycsl/scratchpad/w7/tmp/.pycsl_gwql3f_j.mlw", line 1696, characters 15-50:
Sub-goal postcondition of goal statementemissionmixin___handle_fieldassign_stmt'vc.
Prover result is: Valid (0.04s, 133116 steps).

File "/home/fabrice/git/pycsl/scratchpad/w7/tmp/.pycsl_gwql3f_j.mlw", line 1697, characters 15-62:
Sub-goal postcondition of goal statementemissionmixin___handle_fieldassign_stmt'vc.
Prover result is: Valid (0.03s, 67975 steps).

File "/home/fabrice/git/pycsl/scratchpad/w7/tmp/.pycsl_gwql3f_j.mlw", line 1692, characters 15-19:
Sub-goal postcondition of goal statementemissionmixin___handle_fieldassign_stmt'vc.
Prover result is: Valid (0.02s, 11649 steps).

File "/home/fabrice/git/pycsl/scratchpad/w7/tmp/.pycsl_gwql3f_j.mlw", line 1694, characters 15-56:
Sub-goal postcondition of goal statementemissionmixin___handle_fieldassign_stmt'vc.
Prover result is: Valid (0.01s, 11662 steps).

File "/home/fabrice/git/pycsl/scratchpad/w7/tmp/.pycsl_gwql3f_j.mlw", line 1695, characters 15-60:
Sub-goal postcondition of goal statementemissionmixin___handle_fieldassign_stmt'vc.
Prover result is: Valid (0.02s, 11675 steps).

File "/home/fabrice/git/pycsl/scratchpad/w7/tmp/.pycsl_gwql3f_j.mlw", line 1696, characters 15-50:
Sub-goal postcondition of goal statementemissionmixin___handle_fieldassign_stmt'vc.
Prover result is: Valid (0.04s, 130135 steps).

File "/home/fabrice/git/pycsl/scratchpad/w7/tmp/.pycsl_gwql3f_j.mlw", line 1697, characters 15-62:
Sub-goal postcondition of goal statementemissionmixin___handle_fieldassign_stmt'vc.
Prover result is: Valid (0.01s, 11697 steps).

File "/home/fabrice/git/pycsl/scratchpad/w7/tmp/.pycsl_gwql3f_j.mlw", line 1692, characters 15-19:
Sub-goal postcondition of goal statementemissionmixin___handle_fieldassign_stmt'vc.
Prover result is: Valid (0.01s, 11866 steps).

File "/home/fabrice/git/pycsl/scratchpad/w7/tmp/.pycsl_gwql3f_j.mlw", line 1694, characters 15-56:
Sub-goal postcondition of goal statementemissionmixin___handle_fieldassign_stmt'vc.
Prover result is: Valid (0.02s, 66922 steps).

File "/home/fabrice/git/pycsl/scratchpad/w7/tmp/.pycsl_gwql3f_j.mlw", line 1695, characters 15-60:
Sub-goal postcondition of goal statementemissionmixin___handle_fieldassign_stmt'vc.
Prover result is: Valid (0.02s, 66968 steps).

File "/home/fabrice/git/pycsl/scratchpad/w7/tmp/.pycsl_gwql3f_j.mlw", line 1696, characters 15-50:
Sub-goal postcondition of goal statementemissionmixin___handle_fieldassign_stmt'vc.
Prover result is: Valid (0.03s, 131422 steps).

File "/home/fabrice/git/pycsl/scratchpad/w7/tmp/.pycsl_gwql3f_j.mlw", line 1697, characters 15-62:
Sub-goal postcondition of goal statementemissionmixin___handle_fieldassign_stmt'vc.
Prover result is: Valid (0.01s, 67060 steps).

File "/home/fabrice/git/pycsl/scratchpad/w7/tmp/.pycsl_gwql3f_j.mlw", line 1692, characters 15-19:
Sub-goal postcondition of goal statementemissionmixin___handle_fieldassign_stmt'vc.
Prover result is: Valid (0.01s, 11513 steps).

File "/home/fabrice/git/pycsl/scratchpad/w7/tmp/.pycsl_gwql3f_j.mlw", line 1694, characters 15-56:
Sub-goal postcondition of goal statementemissionmixin___handle_fieldassign_stmt'vc.
Prover result is: Valid (0.01s, 11526 steps).

File "/home/fabrice/git/pycsl/scratchpad/w7/tmp/.pycsl_gwql3f_j.mlw", line 1695, characters 15-60:
Sub-goal postcondition of goal statementemissionmixin___handle_fieldassign_stmt'vc.
Prover result is: Valid (0.02s, 11539 steps).

File "/home/fabrice/git/pycsl/scratchpad/w7/tmp/.pycsl_gwql3f_j.mlw", line 1696, characters 15-50:
Sub-goal postcondition of goal statementemissionmixin___handle_fieldassign_stmt'vc.
Prover result is: Valid (0.04s, 128441 steps).

File "/home/fabrice/git/pycsl/scratchpad/w7/tmp/.pycsl_gwql3f_j.mlw", line 1697, characters 15-62:
Sub-goal postcondition of goal statementemissionmixin___handle_fieldassign_stmt'vc.
Prover result is: Valid (0.01s, 11561 steps).

File "/home/fabrice/git/pycsl/scratchpad/w7/tmp/.pycsl_gwql3f_j.mlw", line 1692, characters 15-19:
Sub-goal postcondition of goal statementemissionmixin___handle_fieldassign_stmt'vc.
Prover result is: Valid (0.02s, 13332 steps).

File "/home/fabrice/git/pycsl/scratchpad/w7/tmp/.pycsl_gwql3f_j.mlw", line 1694, characters 15-56:
Sub-goal postcondition of goal statementemissionmixin___handle_fieldassign_stmt'vc.
Prover result is: Valid (0.03s, 85873 steps).

File "/home/fabrice/git/pycsl/scratchpad/w7/tmp/.pycsl_gwql3f_j.mlw", line 1695, characters 15-60:
Sub-goal postcondition of goal statementemissionmixin___handle_fieldassign_stmt'vc.
Prover result is: Valid (0.03s, 85929 steps).

File "/home/fabrice/git/pycsl/scratchpad/w7/tmp/.pycsl_gwql3f_j.mlw", line 1696, characters 15-50:
Sub-goal postcondition of goal statementemissionmixin___handle_fieldassign_stmt'vc.
Prover result is: Valid (0.05s, 152279 steps).

File "/home/fabrice/git/pycsl/scratchpad/w7/tmp/.pycsl_gwql3f_j.mlw", line 1697, characters 15-62:
Sub-goal postcondition of goal statementemissionmixin___handle_fieldassign_stmt'vc.
Prover result is: Valid (0.03s, 86041 steps).

File "/home/fabrice/git/pycsl/scratchpad/w7/tmp/.pycsl_gwql3f_j.mlw", line 1692, characters 15-19:
Sub-goal postcondition of goal statementemissionmixin___handle_fieldassign_stmt'vc.
Prover result is: Valid (0.01s, 12977 steps).

File "/home/fabrice/git/pycsl/scratchpad/w7/tmp/.pycsl_gwql3f_j.mlw", line 1694, characters 15-56:
Sub-goal postcondition of goal statementemissionmixin___handle_fieldassign_stmt'vc.
Prover result is: Valid (0.03s, 83552 steps).

File "/home/fabrice/git/pycsl/scratchpad/w7/tmp/.pycsl_gwql3f_j.mlw", line 1695, characters 15-60:
Sub-goal postcondition of goal statementemissionmixin___handle_fieldassign_stmt'vc.
Prover result is: Valid (0.01s, 83608 steps).

File "/home/fabrice/git/pycsl/scratchpad/w7/tmp/.pycsl_gwql3f_j.mlw", line 1696, characters 15-50:
Sub-goal postcondition of goal statementemissionmixin___handle_fieldassign_stmt'vc.
Prover result is: Valid (0.05s, 148698 steps).

File "/home/fabrice/git/pycsl/scratchpad/w7/tmp/.pycsl_gwql3f_j.mlw", line 1697, characters 15-62:
Sub-goal postcondition of goal statementemissionmixin___handle_fieldassign_stmt'vc.
Prover result is: Valid (0.02s, 83720 steps).

File "/home/fabrice/git/pycsl/scratchpad/w7/tmp/.pycsl_gwql3f_j.mlw", line 1692, characters 15-19:
Sub-goal postcondition of goal statementemissionmixin___handle_fieldassign_stmt'vc.
Prover result is: Valid (0.01s, 13229 steps).

File "/home/fabrice/git/pycsl/scratchpad/w7/tmp/.pycsl_gwql3f_j.mlw", line 1694, characters 15-56:
Sub-goal postcondition of goal statementemissionmixin___handle_fieldassign_stmt'vc.
Prover result is: Valid (0.02s, 76282 steps).

File "/home/fabrice/git/pycsl/scratchpad/w7/tmp/.pycsl_gwql3f_j.mlw", line 1695, characters 15-60:
Sub-goal postcondition of goal statementemissionmixin___handle_fieldassign_stmt'vc.
Prover result is: Valid (0.03s, 76334 steps).

File "/home/fabrice/git/pycsl/scratchpad/w7/tmp/.pycsl_gwql3f_j.mlw", line 1696, characters 15-50:
Sub-goal postcondition of goal statementemissionmixin___handle_fieldassign_stmt'vc.
Prover result is: Valid (0.05s, 142656 steps).

File "/home/fabrice/git/pycsl/scratchpad/w7/tmp/.pycsl_gwql3f_j.mlw", line 1697, characters 15-62:
Sub-goal postcondition of goal statementemissionmixin___handle_fieldassign_stmt'vc.
Prover result is: Valid (0.03s, 76438 steps).

File "/home/fabrice/git/pycsl/scratchpad/w7/tmp/.pycsl_gwql3f_j.mlw", line 1692, characters 15-19:
Sub-goal postcondition of goal statementemissionmixin___handle_fieldassign_stmt'vc.
Prover result is: Valid (0.01s, 12874 steps).

File "/home/fabrice/git/pycsl/scratchpad/w7/tmp/.pycsl_gwql3f_j.mlw", line 1694, characters 15-56:
Sub-goal postcondition of goal statementemissionmixin___handle_fieldassign_stmt'vc.
Prover result is: Valid (0.02s, 74153 steps).

File "/home/fabrice/git/pycsl/scratchpad/w7/tmp/.pycsl_gwql3f_j.mlw", line 1695, characters 15-60:
Sub-goal postcondition of goal statementemissionmixin___handle_fieldassign_stmt'vc.
Prover result is: Valid (0.02s, 74205 steps).

File "/home/fabrice/git/pycsl/scratchpad/w7/tmp/.pycsl_gwql3f_j.mlw", line 1696, characters 15-50:
Sub-goal postcondition of goal statementemissionmixin___handle_fieldassign_stmt'vc.
Prover result is: Valid (0.04s, 139271 steps).

File "/home/fabrice/git/pycsl/scratchpad/w7/tmp/.pycsl_gwql3f_j.mlw", line 1697, characters 15-62:
Sub-goal postcondition of goal statementemissionmixin___handle_fieldassign_stmt'vc.
Prover result is: Valid (0.03s, 74309 steps).

File "/home/fabrice/git/pycsl/scratchpad/w7/tmp/.pycsl_gwql3f_j.mlw", line 1692, characters 15-19:
Sub-goal postcondition of goal statementemissionmixin___handle_fieldassign_stmt'vc.
Prover result is: Valid (0.01s, 12090 steps).

File "/home/fabrice/git/pycsl/scratchpad/w7/tmp/.pycsl_gwql3f_j.mlw", line 1694, characters 15-56:
Sub-goal postcondition of goal statementemissionmixin___handle_fieldassign_stmt'vc.
Prover result is: Valid (0.03s, 87563 steps).

File "/home/fabrice/git/pycsl/scratchpad/w7/tmp/.pycsl_gwql3f_j.mlw", line 1695, characters 15-60:
Sub-goal postcondition of goal statementemissionmixin___handle_fieldassign_stmt'vc.
Prover result is: Valid (0.02s, 87620 steps).

File "/home/fabrice/git/pycsl/scratchpad/w7/tmp/.pycsl_gwql3f_j.mlw", line 1696, characters 15-50:
Sub-goal postcondition of goal statementemissionmixin___handle_fieldassign_stmt'vc.
Prover result is: Valid (0.06s, 152962 steps).

File "/home/fabrice/git/pycsl/scratchpad/w7/tmp/.pycsl_gwql3f_j.mlw", line 1697, characters 15-62:
Sub-goal postcondition of goal statementemissionmixin___handle_fieldassign_stmt'vc.
Prover result is: Valid (0.03s, 87734 steps).

File "/home/fabrice/git/pycsl/scratchpad/w7/tmp/.pycsl_gwql3f_j.mlw", line 1692, characters 15-19:
Sub-goal postcondition of goal statementemissionmixin___handle_fieldassign_stmt'vc.
Prover result is: Valid (0.01s, 11739 steps).

File "/home/fabrice/git/pycsl/scratchpad/w7/tmp/.pycsl_gwql3f_j.mlw", line 1694, characters 15-56:
Sub-goal postcondition of goal statementemissionmixin___handle_fieldassign_stmt'vc.
Prover result is: Valid (0.02s, 11752 steps).

File "/home/fabrice/git/pycsl/scratchpad/w7/tmp/.pycsl_gwql3f_j.mlw", line 1695, characters 15-60:
Sub-goal postcondition of goal statementemissionmixin___handle_fieldassign_stmt'vc.
Prover result is: Valid (0.01s, 11765 steps).

File "/home/fabrice/git/pycsl/scratchpad/w7/tmp/.pycsl_gwql3f_j.mlw", line 1696, characters 15-50:
Sub-goal postcondition of goal statementemissionmixin___handle_fieldassign_stmt'vc.
Prover result is: Valid (0.04s, 149378 steps).

File "/home/fabrice/git/pycsl/scratchpad/w7/tmp/.pycsl_gwql3f_j.mlw", line 1697, characters 15-62:
Sub-goal postcondition of goal statementemissionmixin___handle_fieldassign_stmt'vc.
Prover result is: Valid (0.02s, 11787 steps).

File "/home/fabrice/git/pycsl/scratchpad/w7/tmp/.pycsl_gwql3f_j.mlw", line 1692, characters 15-19:
Sub-goal postcondition of goal statementemissionmixin___handle_fieldassign_stmt'vc.
Prover result is: Valid (0.01s, 13003 steps).

File "/home/fabrice/git/pycsl/scratchpad/w7/tmp/.pycsl_gwql3f_j.mlw", line 1694, characters 15-56:
Sub-goal postcondition of goal statementemissionmixin___handle_fieldassign_stmt'vc.
Prover result is: Valid (0.02s, 91600 steps).

File "/home/fabrice/git/pycsl/scratchpad/w7/tmp/.pycsl_gwql3f_j.mlw", line 1695, characters 15-60:
Sub-goal postcondition of goal statementemissionmixin___handle_fieldassign_stmt'vc.
Prover result is: Valid (0.02s, 91655 steps).

File "/home/fabrice/git/pycsl/scratchpad/w7/tmp/.pycsl_gwql3f_j.mlw", line 1696, characters 15-50:
Sub-goal postcondition of goal statementemissionmixin___handle_fieldassign_stmt'vc.
Prover result is: Valid (0.03s, 158991 steps).

File "/home/fabrice/git/pycsl/scratchpad/w7/tmp/.pycsl_gwql3f_j.mlw", line 1697, characters 15-62:
Sub-goal postcondition of goal statementemissionmixin___handle_fieldassign_stmt'vc.
Prover result is: Valid (0.01s, 91765 steps).

File "/home/fabrice/git/pycsl/scratchpad/w7/tmp/.pycsl_gwql3f_j.mlw", line 1692, characters 15-19:
Sub-goal postcondition of goal statementemissionmixin___handle_fieldassign_stmt'vc.
Prover result is: Valid (0.01s, 12646 steps).

File "/home/fabrice/git/pycsl/scratchpad/w7/tmp/.pycsl_gwql3f_j.mlw", line 1694, characters 15-56:
Sub-goal postcondition of goal statementemissionmixin___handle_fieldassign_stmt'vc.
Prover result is: Valid (0.03s, 89204 steps).

File "/home/fabrice/git/pycsl/scratchpad/w7/tmp/.pycsl_gwql3f_j.mlw", line 1695, characters 15-60:
Sub-goal postcondition of goal statementemissionmixin___handle_fieldassign_stmt'vc.
Prover result is: Valid (0.02s, 89259 steps).

File "/home/fabrice/git/pycsl/scratchpad/w7/tmp/.pycsl_gwql3f_j.mlw", line 1696, characters 15-50:
Sub-goal postcondition of goal statementemissionmixin___handle_fieldassign_stmt'vc.
Prover result is: Valid (0.05s, 155335 steps).

File "/home/fabrice/git/pycsl/scratchpad/w7/tmp/.pycsl_gwql3f_j.mlw", line 1697, characters 15-62:
Sub-goal postcondition of goal statementemissionmixin___handle_fieldassign_stmt'vc.
Prover result is: Valid (0.03s, 89369 steps).

File "/home/fabrice/git/pycsl/scratchpad/w7/tmp/.pycsl_gwql3f_j.mlw", line 1729, characters 18-80:
Sub-goal precondition of goal statementemissionmixin___handle_fieldassign_stmt'vc.
Prover result is: Valid (0.01s, 10981 steps).

File "/home/fabrice/git/pycsl/scratchpad/w7/tmp/.pycsl_gwql3f_j.mlw", line 1733, characters 18-74:
Sub-goal precondition of goal statementemissionmixin___handle_fieldassign_stmt'vc.
Prover result is: Valid (0.01s, 11035 steps).

File "/home/fabrice/git/pycsl/scratchpad/w7/tmp/.pycsl_gwql3f_j.mlw", line 1692, characters 15-19:
Sub-goal postcondition of goal statementemissionmixin___handle_fieldassign_stmt'vc.
Prover result is: Valid (0.01s, 11817 steps).

File "/home/fabrice/git/pycsl/scratchpad/w7/tmp/.pycsl_gwql3f_j.mlw", line 1694, characters 15-56:
Sub-goal postcondition of goal statementemissionmixin___handle_fieldassign_stmt'vc.
Prover result is: Valid (0.02s, 66534 steps).

File "/home/fabrice/git/pycsl/scratchpad/w7/tmp/.pycsl_gwql3f_j.mlw", line 1695, characters 15-60:
Sub-goal postcondition of goal statementemissionmixin___handle_fieldassign_stmt'vc.
Prover result is: Valid (0.03s, 66580 steps).

File "/home/fabrice/git/pycsl/scratchpad/w7/tmp/.pycsl_gwql3f_j.mlw", line 1696, characters 15-50:
Sub-goal postcondition of goal statementemissionmixin___handle_fieldassign_stmt'vc.
Prover result is: Valid (0.06s, 131362 steps).

File "/home/fabrice/git/pycsl/scratchpad/w7/tmp/.pycsl_gwql3f_j.mlw", line 1697, characters 15-62:
Sub-goal postcondition of goal statementemissionmixin___handle_fieldassign_stmt'vc.
Prover result is: Valid (0.02s, 66672 steps).

File "/home/fabrice/git/pycsl/scratchpad/w7/tmp/.pycsl_gwql3f_j.mlw", line 1692, characters 15-19:
Sub-goal postcondition of goal statementemissionmixin___handle_fieldassign_stmt'vc.
Prover result is: Valid (0.01s, 11464 steps).

File "/home/fabrice/git/pycsl/scratchpad/w7/tmp/.pycsl_gwql3f_j.mlw", line 1694, characters 15-56:
Sub-goal postcondition of goal statementemissionmixin___handle_fieldassign_stmt'vc.
Prover result is: Valid (0.01s, 11477 steps).

File "/home/fabrice/git/pycsl/scratchpad/w7/tmp/.pycsl_gwql3f_j.mlw", line 1695, characters 15-60:
Sub-goal postcondition of goal statementemissionmixin___handle_fieldassign_stmt'vc.
Prover result is: Valid (0.01s, 11490 steps).

File "/home/fabrice/git/pycsl/scratchpad/w7/tmp/.pycsl_gwql3f_j.mlw", line 1696, characters 15-50:
Sub-goal postcondition of goal statementemissionmixin___handle_fieldassign_stmt'vc.
Prover result is: Valid (0.04s, 128373 steps).

File "/home/fabrice/git/pycsl/scratchpad/w7/tmp/.pycsl_gwql3f_j.mlw", line 1697, characters 15-62:
Sub-goal postcondition of goal statementemissionmixin___handle_fieldassign_stmt'vc.
Prover result is: Valid (0.01s, 11512 steps).

File "/home/fabrice/git/pycsl/scratchpad/w7/tmp/.pycsl_gwql3f_j.mlw", line 1738, characters 25-41:
Sub-goal array creation size of goal statementemissionmixin___handle_fieldassign_stmt'vc.
Prover result is: Valid (0.01s, 11101 steps).

File "/home/fabrice/git/pycsl/scratchpad/w7/tmp/.pycsl_gwql3f_j.mlw", line 1692, characters 15-19:
Sub-goal postcondition of goal statementemissionmixin___handle_fieldassign_stmt'vc.
Prover result is: Valid (0.01s, 12290 steps).

File "/home/fabrice/git/pycsl/scratchpad/w7/tmp/.pycsl_gwql3f_j.mlw", line 1694, characters 15-56:
Sub-goal postcondition of goal statementemissionmixin___handle_fieldassign_stmt'vc.
Prover result is: Valid (0.03s, 69790 steps).

File "/home/fabrice/git/pycsl/scratchpad/w7/tmp/.pycsl_gwql3f_j.mlw", line 1695, characters 15-60:
Sub-goal postcondition of goal statementemissionmixin___handle_fieldassign_stmt'vc.
Prover result is: Valid (0.03s, 69836 steps).

File "/home/fabrice/git/pycsl/scratchpad/w7/tmp/.pycsl_gwql3f_j.mlw", line 1696, characters 15-50:
Sub-goal postcondition of goal statementemissionmixin___handle_fieldassign_stmt'vc.
Prover result is: Valid (0.05s, 137546 steps).

File "/home/fabrice/git/pycsl/scratchpad/w7/tmp/.pycsl_gwql3f_j.mlw", line 1697, characters 15-62:
Sub-goal postcondition of goal statementemissionmixin___handle_fieldassign_stmt'vc.
Prover result is: Valid (0.02s, 69928 steps).

File "/home/fabrice/git/pycsl/scratchpad/w7/tmp/.pycsl_gwql3f_j.mlw", line 1692, characters 15-19:
Sub-goal postcondition of goal statementemissionmixin___handle_fieldassign_stmt'vc.
Prover result is: Valid (0.01s, 11937 steps).

File "/home/fabrice/git/pycsl/scratchpad/w7/tmp/.pycsl_gwql3f_j.mlw", line 1694, characters 15-56:
Sub-goal postcondition of goal statementemissionmixin___handle_fieldassign_stmt'vc.
Prover result is: Valid (0.01s, 11950 steps).

File "/home/fabrice/git/pycsl/scratchpad/w7/tmp/.pycsl_gwql3f_j.mlw", line 1695, characters 15-60:
Sub-goal postcondition of goal statementemissionmixin___handle_fieldassign_stmt'vc.
Prover result is: Valid (0.01s, 11963 steps).

File "/home/fabrice/git/pycsl/scratchpad/w7/tmp/.pycsl_gwql3f_j.mlw", line 1696, characters 15-50:
Sub-goal postcondition of goal statementemissionmixin___handle_fieldassign_stmt'vc.
Prover result is: Valid (0.04s, 134565 steps).

File "/home/fabrice/git/pycsl/scratchpad/w7/tmp/.pycsl_gwql3f_j.mlw", line 1697, characters 15-62:
Sub-goal postcondition of goal statementemissionmixin___handle_fieldassign_stmt'vc.
Prover result is: Valid (0.01s, 11985 steps).

File "/home/fabrice/git/pycsl/scratchpad/w7/tmp/.pycsl_gwql3f_j.mlw", line 1692, characters 15-19:
Sub-goal postcondition of goal statementemissionmixin___handle_fieldassign_stmt'vc.
Prover result is: Valid (0.01s, 12302 steps).

File "/home/fabrice/git/pycsl/scratchpad/w7/tmp/.pycsl_gwql3f_j.mlw", line 1694, characters 15-56:
Sub-goal postcondition of goal statementemissionmixin___handle_fieldassign_stmt'vc.
Prover result is: Valid (0.02s, 70118 steps).

File "/home/fabrice/git/pycsl/scratchpad/w7/tmp/.pycsl_gwql3f_j.mlw", line 1695, characters 15-60:
Sub-goal postcondition of goal statementemissionmixin___handle_fieldassign_stmt'vc.
Prover result is: Valid (0.02s, 70168 steps).

File "/home/fabrice/git/pycsl/scratchpad/w7/tmp/.pycsl_gwql3f_j.mlw", line 1696, characters 15-50:
Sub-goal postcondition of goal statementemissionmixin___handle_fieldassign_stmt'vc.
Prover result is: Valid (0.05s, 137888 steps).

File "/home/fabrice/git/pycsl/scratchpad/w7/tmp/.pycsl_gwql3f_j.mlw", line 1697, characters 15-62:
Sub-goal postcondition of goal statementemissionmixin___handle_fieldassign_stmt'vc.
Prover result is: Valid (0.03s, 70268 steps).

File "/home/fabrice/git/pycsl/scratchpad/w7/tmp/.pycsl_gwql3f_j.mlw", line 1692, characters 15-19:
Sub-goal postcondition of goal statementemissionmixin___handle_fieldassign_stmt'vc.
Prover result is: Valid (0.01s, 11949 steps).

File "/home/fabrice/git/pycsl/scratchpad/w7/tmp/.pycsl_gwql3f_j.mlw", line 1694, characters 15-56:
Sub-goal postcondition of goal statementemissionmixin___handle_fieldassign_stmt'vc.
Prover result is: Valid (0.02s, 11962 steps).

File "/home/fabrice/git/pycsl/scratchpad/w7/tmp/.pycsl_gwql3f_j.mlw", line 1695, characters 15-60:
Sub-goal postcondition of goal statementemissionmixin___handle_fieldassign_stmt'vc.
Prover result is: Valid (0.01s, 11975 steps).

File "/home/fabrice/git/pycsl/scratchpad/w7/tmp/.pycsl_gwql3f_j.mlw", line 1696, characters 15-50:
Sub-goal postcondition of goal statementemissionmixin___handle_fieldassign_stmt'vc.
Prover result is: Valid (0.05s, 134745 steps).

File "/home/fabrice/git/pycsl/scratchpad/w7/tmp/.pycsl_gwql3f_j.mlw", line 1697, characters 15-62:
Sub-goal postcondition of goal statementemissionmixin___handle_fieldassign_stmt'vc.
Prover result is: Valid (0.01s, 11997 steps).

File "/home/fabrice/git/pycsl/scratchpad/w7/tmp/.pycsl_gwql3f_j.mlw", line 1692, characters 15-19:
Sub-goal postcondition of goal statementemissionmixin___handle_fieldassign_stmt'vc.
Prover result is: Valid (0.01s, 12006 steps).

File "/home/fabrice/git/pycsl/scratchpad/w7/tmp/.pycsl_gwql3f_j.mlw", line 1694, characters 15-56:
Sub-goal postcondition of goal statementemissionmixin___handle_fieldassign_stmt'vc.
Prover result is: Valid (0.02s, 68056 steps).

File "/home/fabrice/git/pycsl/scratchpad/w7/tmp/.pycsl_gwql3f_j.mlw", line 1695, characters 15-60:
Sub-goal postcondition of goal statementemissionmixin___handle_fieldassign_stmt'vc.
Prover result is: Valid (0.02s, 68102 steps).

File "/home/fabrice/git/pycsl/scratchpad/w7/tmp/.pycsl_gwql3f_j.mlw", line 1696, characters 15-50:
Sub-goal postcondition of goal statementemissionmixin___handle_fieldassign_stmt'vc.
Prover result is: Valid (0.04s, 133909 steps).

File "/home/fabrice/git/pycsl/scratchpad/w7/tmp/.pycsl_gwql3f_j.mlw", line 1697, characters 15-62:
Sub-goal postcondition of goal statementemissionmixin___handle_fieldassign_stmt'vc.
Prover result is: Valid (0.02s, 68194 steps).

File "/home/fabrice/git/pycsl/scratchpad/w7/tmp/.pycsl_gwql3f_j.mlw", line 1692, characters 15-19:
Sub-goal postcondition of goal statementemissionmixin___handle_fieldassign_stmt'vc.
Prover result is: Valid (0.01s, 11653 steps).

File "/home/fabrice/git/pycsl/scratchpad/w7/tmp/.pycsl_gwql3f_j.mlw", line 1694, characters 15-56:
Sub-goal postcondition of goal statementemissionmixin___handle_fieldassign_stmt'vc.
Prover result is: Valid (0.01s, 11666 steps).

File "/home/fabrice/git/pycsl/scratchpad/w7/tmp/.pycsl_gwql3f_j.mlw", line 1695, characters 15-60:
Sub-goal postcondition of goal statementemissionmixin___handle_fieldassign_stmt'vc.
Prover result is: Valid (0.02s, 11679 steps).

File "/home/fabrice/git/pycsl/scratchpad/w7/tmp/.pycsl_gwql3f_j.mlw", line 1696, characters 15-50:
Sub-goal postcondition of goal statementemissionmixin___handle_fieldassign_stmt'vc.
Prover result is: Valid (0.05s, 130920 steps).

File "/home/fabrice/git/pycsl/scratchpad/w7/tmp/.pycsl_gwql3f_j.mlw", line 1697, characters 15-62:
Sub-goal postcondition of goal statementemissionmixin___handle_fieldassign_stmt'vc.
Prover result is: Valid (0.01s, 11701 steps).

File "/home/fabrice/git/pycsl/scratchpad/w7/tmp/.pycsl_gwql3f_j.mlw", line 1692, characters 15-19:
Sub-goal postcondition of goal statementemissionmixin___handle_fieldassign_stmt'vc.
Prover result is: Valid (0.01s, 11870 steps).

File "/home/fabrice/git/pycsl/scratchpad/w7/tmp/.pycsl_gwql3f_j.mlw", line 1694, characters 15-56:
Sub-goal postcondition of goal statementemissionmixin___handle_fieldassign_stmt'vc.
Prover result is: Valid (0.02s, 67109 steps).

File "/home/fabrice/git/pycsl/scratchpad/w7/tmp/.pycsl_gwql3f_j.mlw", line 1695, characters 15-60:
Sub-goal postcondition of goal statementemissionmixin___handle_fieldassign_stmt'vc.
Prover result is: Valid (0.03s, 67155 steps).

File "/home/fabrice/git/pycsl/scratchpad/w7/tmp/.pycsl_gwql3f_j.mlw", line 1696, characters 15-50:
Sub-goal postcondition of goal statementemissionmixin___handle_fieldassign_stmt'vc.
Prover result is: Valid (0.05s, 132121 steps).

File "/home/fabrice/git/pycsl/scratchpad/w7/tmp/.pycsl_gwql3f_j.mlw", line 1697, characters 15-62:
Sub-goal postcondition of goal statementemissionmixin___handle_fieldassign_stmt'vc.
Prover result is: Valid (0.02s, 67247 steps).

File "/home/fabrice/git/pycsl/scratchpad/w7/tmp/.pycsl_gwql3f_j.mlw", line 1692, characters 15-19:
Sub-goal postcondition of goal statementemissionmixin___handle_fieldassign_stmt'vc.
Prover result is: Valid (0.01s, 11517 steps).

File "/home/fabrice/git/pycsl/scratchpad/w7/tmp/.pycsl_gwql3f_j.mlw", line 1694, characters 15-56:
Sub-goal postcondition of goal statementemissionmixin___handle_fieldassign_stmt'vc.
Prover result is: Valid (0.01s, 11530 steps).

File "/home/fabrice/git/pycsl/scratchpad/w7/tmp/.pycsl_gwql3f_j.mlw", line 1695, characters 15-60:
Sub-goal postcondition of goal statementemissionmixin___handle_fieldassign_stmt'vc.
Prover result is: Valid (0.01s, 11543 steps).

File "/home/fabrice/git/pycsl/scratchpad/w7/tmp/.pycsl_gwql3f_j.mlw", line 1696, characters 15-50:
Sub-goal postcondition of goal statementemissionmixin___handle_fieldassign_stmt'vc.
Prover result is: Valid (0.03s, 129132 steps).

File "/home/fabrice/git/pycsl/scratchpad/w7/tmp/.pycsl_gwql3f_j.mlw", line 1697, characters 15-62:
Sub-goal postcondition of goal statementemissionmixin___handle_fieldassign_stmt'vc.
Prover result is: Valid (0.01s, 11565 steps).

File "/home/fabrice/git/pycsl/scratchpad/w7/tmp/.pycsl_gwql3f_j.mlw", line 1692, characters 15-19:
Sub-goal postcondition of goal statementemissionmixin___handle_fieldassign_stmt'vc.
Prover result is: Valid (0.01s, 13336 steps).

File "/home/fabrice/git/pycsl/scratchpad/w7/tmp/.pycsl_gwql3f_j.mlw", line 1694, characters 15-56:
Sub-goal postcondition of goal statementemissionmixin___handle_fieldassign_stmt'vc.
Prover result is: Valid (0.03s, 86086 steps).

File "/home/fabrice/git/pycsl/scratchpad/w7/tmp/.pycsl_gwql3f_j.mlw", line 1695, characters 15-60:
Sub-goal postcondition of goal statementemissionmixin___handle_fieldassign_stmt'vc.
Prover result is: Valid (0.02s, 86142 steps).

File "/home/fabrice/git/pycsl/scratchpad/w7/tmp/.pycsl_gwql3f_j.mlw", line 1696, characters 15-50:
Sub-goal postcondition of goal statementemissionmixin___handle_fieldassign_stmt'vc.
Prover result is: Valid (0.05s, 152980 steps).

File "/home/fabrice/git/pycsl/scratchpad/w7/tmp/.pycsl_gwql3f_j.mlw", line 1697, characters 15-62:
Sub-goal postcondition of goal statementemissionmixin___handle_fieldassign_stmt'vc.
Prover result is: Valid (0.04s, 86254 steps).

File "/home/fabrice/git/pycsl/scratchpad/w7/tmp/.pycsl_gwql3f_j.mlw", line 1692, characters 15-19:
Sub-goal postcondition of goal statementemissionmixin___handle_fieldassign_stmt'vc.
Prover result is: Valid (0.01s, 12981 steps).

File "/home/fabrice/git/pycsl/scratchpad/w7/tmp/.pycsl_gwql3f_j.mlw", line 1694, characters 15-56:
Sub-goal postcondition of goal statementemissionmixin___handle_fieldassign_stmt'vc.
Prover result is: Valid (0.03s, 83761 steps).

File "/home/fabrice/git/pycsl/scratchpad/w7/tmp/.pycsl_gwql3f_j.mlw", line 1695, characters 15-60:
Sub-goal postcondition of goal statementemissionmixin___handle_fieldassign_stmt'vc.
Prover result is: Valid (0.02s, 83817 steps).

File "/home/fabrice/git/pycsl/scratchpad/w7/tmp/.pycsl_gwql3f_j.mlw", line 1696, characters 15-50:
Sub-goal postcondition of goal statementemissionmixin___handle_fieldassign_stmt'vc.
Prover result is: Valid (0.04s, 149395 steps).

File "/home/fabrice/git/pycsl/scratchpad/w7/tmp/.pycsl_gwql3f_j.mlw", line 1697, characters 15-62:
Sub-goal postcondition of goal statementemissionmixin___handle_fieldassign_stmt'vc.
Prover result is: Valid (0.02s, 83929 steps).

File "/home/fabrice/git/pycsl/scratchpad/w7/tmp/.pycsl_gwql3f_j.mlw", line 1692, characters 15-19:
Sub-goal postcondition of goal statementemissionmixin___handle_fieldassign_stmt'vc.
Prover result is: Valid (0.01s, 13233 steps).

File "/home/fabrice/git/pycsl/scratchpad/w7/tmp/.pycsl_gwql3f_j.mlw", line 1694, characters 15-56:
Sub-goal postcondition of goal statementemissionmixin___handle_fieldassign_stmt'vc.
Prover result is: Valid (0.02s, 76459 steps).

File "/home/fabrice/git/pycsl/scratchpad/w7/tmp/.pycsl_gwql3f_j.mlw", line 1695, characters 15-60:
Sub-goal postcondition of goal statementemissionmixin___handle_fieldassign_stmt'vc.
Prover result is: Valid (0.02s, 76511 steps).

File "/home/fabrice/git/pycsl/scratchpad/w7/tmp/.pycsl_gwql3f_j.mlw", line 1696, characters 15-50:
Sub-goal postcondition of goal statementemissionmixin___handle_fieldassign_stmt'vc.
Prover result is: Valid (0.04s, 143321 steps).

File "/home/fabrice/git/pycsl/scratchpad/w7/tmp/.pycsl_gwql3f_j.mlw", line 1697, characters 15-62:
Sub-goal postcondition of goal statementemissionmixin___handle_fieldassign_stmt'vc.
Prover result is: Valid (0.03s, 76615 steps).

File "/home/fabrice/git/pycsl/scratchpad/w7/tmp/.pycsl_gwql3f_j.mlw", line 1692, characters 15-19:
Sub-goal postcondition of goal statementemissionmixin___handle_fieldassign_stmt'vc.
Prover result is: Valid (0.02s, 12878 steps).

File "/home/fabrice/git/pycsl/scratchpad/w7/tmp/.pycsl_gwql3f_j.mlw", line 1694, characters 15-56:
Sub-goal postcondition of goal statementemissionmixin___handle_fieldassign_stmt'vc.
Prover result is: Valid (0.03s, 74330 steps).

File "/home/fabrice/git/pycsl/scratchpad/w7/tmp/.pycsl_gwql3f_j.mlw", line 1695, characters 15-60:
Sub-goal postcondition of goal statementemissionmixin___handle_fieldassign_stmt'vc.
Prover result is: Valid (0.02s, 74382 steps).

File "/home/fabrice/git/pycsl/scratchpad/w7/tmp/.pycsl_gwql3f_j.mlw", line 1696, characters 15-50:
Sub-goal postcondition of goal statementemissionmixin___handle_fieldassign_stmt'vc.
Prover result is: Valid (0.04s, 139931 steps).

File "/home/fabrice/git/pycsl/scratchpad/w7/tmp/.pycsl_gwql3f_j.mlw", line 1697, characters 15-62:
Sub-goal postcondition of goal statementemissionmixin___handle_fieldassign_stmt'vc.
Prover result is: Valid (0.02s, 74486 steps).

File "/home/fabrice/git/pycsl/scratchpad/w7/tmp/.pycsl_gwql3f_j.mlw", line 1692, characters 15-19:
Sub-goal postcondition of goal statementemissionmixin___handle_fieldassign_stmt'vc.
Prover result is: Valid (0.02s, 12094 steps).

File "/home/fabrice/git/pycsl/scratchpad/w7/tmp/.pycsl_gwql3f_j.mlw", line 1694, characters 15-56:
Sub-goal postcondition of goal statementemissionmixin___handle_fieldassign_stmt'vc.
Prover result is: Valid (0.03s, 87759 steps).

File "/home/fabrice/git/pycsl/scratchpad/w7/tmp/.pycsl_gwql3f_j.mlw", line 1695, characters 15-60:
Sub-goal postcondition of goal statementemissionmixin___handle_fieldassign_stmt'vc.
Prover result is: Valid (0.03s, 87816 steps).

File "/home/fabrice/git/pycsl/scratchpad/w7/tmp/.pycsl_gwql3f_j.mlw", line 1696, characters 15-50:
Sub-goal postcondition of goal statementemissionmixin___handle_fieldassign_stmt'vc.
Prover result is: Valid (0.04s, 153609 steps).

File "/home/fabrice/git/pycsl/scratchpad/w7/tmp/.pycsl_gwql3f_j.mlw", line 1697, characters 15-62:
Sub-goal postcondition of goal statementemissionmixin___handle_fieldassign_stmt'vc.
Prover result is: Valid (0.02s, 87930 steps).

File "/home/fabrice/git/pycsl/scratchpad/w7/tmp/.pycsl_gwql3f_j.mlw", line 1692, characters 15-19:
Sub-goal postcondition of goal statementemissionmixin___handle_fieldassign_stmt'vc.
Prover result is: Valid (0.01s, 11743 steps).

File "/home/fabrice/git/pycsl/scratchpad/w7/tmp/.pycsl_gwql3f_j.mlw", line 1694, characters 15-56:
Sub-goal postcondition of goal statementemissionmixin___handle_fieldassign_stmt'vc.
Prover result is: Valid (0.01s, 11756 steps).

File "/home/fabrice/git/pycsl/scratchpad/w7/tmp/.pycsl_gwql3f_j.mlw", line 1695, characters 15-60:
Sub-goal postcondition of goal statementemissionmixin___handle_fieldassign_stmt'vc.
Prover result is: Valid (0.01s, 11769 steps).

File "/home/fabrice/git/pycsl/scratchpad/w7/tmp/.pycsl_gwql3f_j.mlw", line 1696, characters 15-50:
Sub-goal postcondition of goal statementemissionmixin___handle_fieldassign_stmt'vc.
Prover result is: Valid (0.04s, 150025 steps).

File "/home/fabrice/git/pycsl/scratchpad/w7/tmp/.pycsl_gwql3f_j.mlw", line 1697, characters 15-62:
Sub-goal postcondition of goal statementemissionmixin___handle_fieldassign_stmt'vc.
Prover result is: Valid (0.01s, 11791 steps).

File "/home/fabrice/git/pycsl/scratchpad/w7/tmp/.pycsl_gwql3f_j.mlw", line 1692, characters 15-19:
Sub-goal postcondition of goal statementemissionmixin___handle_fieldassign_stmt'vc.
Prover result is: Valid (0.01s, 13007 steps).

File "/home/fabrice/git/pycsl/scratchpad/w7/tmp/.pycsl_gwql3f_j.mlw", line 1694, characters 15-56:
Sub-goal postcondition of goal statementemissionmixin___handle_fieldassign_stmt'vc.
Prover result is: Valid (0.02s, 91796 steps).

File "/home/fabrice/git/pycsl/scratchpad/w7/tmp/.pycsl_gwql3f_j.mlw", line 1695, characters 15-60:
Sub-goal postcondition of goal statementemissionmixin___handle_fieldassign_stmt'vc.
Prover result is: Valid (0.03s, 91851 steps).

File "/home/fabrice/git/pycsl/scratchpad/w7/tmp/.pycsl_gwql3f_j.mlw", line 1696, characters 15-50:
Sub-goal postcondition of goal statementemissionmixin___handle_fieldassign_stmt'vc.
Prover result is: Valid (0.05s, 159626 steps).

File "/home/fabrice/git/pycsl/scratchpad/w7/tmp/.pycsl_gwql3f_j.mlw", line 1697, characters 15-62:
Sub-goal postcondition of goal statementemissionmixin___handle_fieldassign_stmt'vc.
Prover result is: Valid (0.02s, 91961 steps).

File "/home/fabrice/git/pycsl/scratchpad/w7/tmp/.pycsl_gwql3f_j.mlw", line 1692, characters 15-19:
Sub-goal postcondition of goal statementemissionmixin___handle_fieldassign_stmt'vc.
Prover result is: Valid (0.01s, 12650 steps).

File "/home/fabrice/git/pycsl/scratchpad/w7/tmp/.pycsl_gwql3f_j.mlw", line 1694, characters 15-56:
Sub-goal postcondition of goal statementemissionmixin___handle_fieldassign_stmt'vc.
Prover result is: Valid (0.02s, 89400 steps).

File "/home/fabrice/git/pycsl/scratchpad/w7/tmp/.pycsl_gwql3f_j.mlw", line 1695, characters 15-60:
Sub-goal postcondition of goal statementemissionmixin___handle_fieldassign_stmt'vc.
Prover result is: Valid (0.03s, 89455 steps).

File "/home/fabrice/git/pycsl/scratchpad/w7/tmp/.pycsl_gwql3f_j.mlw", line 1696, characters 15-50:
Sub-goal postcondition of goal statementemissionmixin___handle_fieldassign_stmt'vc.
Prover result is: Valid (0.05s, 155970 steps).

File "/home/fabrice/git/pycsl/scratchpad/w7/tmp/.pycsl_gwql3f_j.mlw", line 1697, characters 15-62:
Sub-goal postcondition of goal statementemissionmixin___handle_fieldassign_stmt'vc.
Prover result is: Valid (0.03s, 89565 steps).

File "/home/fabrice/git/pycsl/scratchpad/w7/tmp/.pycsl_gwql3f_j.mlw", line 1773, characters 15-19:
Sub-goal postcondition of goal statementemissionmixin___handle_fieldaugassign_stmt'vc.
Prover result is: Valid (0.01s, 11907 steps).

File "/home/fabrice/git/pycsl/scratchpad/w7/tmp/.pycsl_gwql3f_j.mlw", line 1774, characters 15-56:
Sub-goal postcondition of goal statementemissionmixin___handle_fieldaugassign_stmt'vc.
Prover result is: Valid (0.02s, 61296 steps).

File "/home/fabrice/git/pycsl/scratchpad/w7/tmp/.pycsl_gwql3f_j.mlw", line 1775, characters 15-60:
Sub-goal postcondition of goal statementemissionmixin___handle_fieldaugassign_stmt'vc.
Prover result is: Valid (0.02s, 61340 steps).

File "/home/fabrice/git/pycsl/scratchpad/w7/tmp/.pycsl_gwql3f_j.mlw", line 1776, characters 15-50:
Sub-goal postcondition of goal statementemissionmixin___handle_fieldaugassign_stmt'vc.
Prover result is: Valid (0.04s, 124802 steps).

File "/home/fabrice/git/pycsl/scratchpad/w7/tmp/.pycsl_gwql3f_j.mlw", line 1777, characters 15-62:
Sub-goal postcondition of goal statementemissionmixin___handle_fieldaugassign_stmt'vc.
Prover result is: Valid (0.03s, 61428 steps).

File "/home/fabrice/git/pycsl/scratchpad/w7/tmp/.pycsl_gwql3f_j.mlw", line 1773, characters 15-19:
Sub-goal postcondition of goal statementemissionmixin___handle_fieldaugassign_stmt'vc.
Prover result is: Valid (0.02s, 11552 steps).

File "/home/fabrice/git/pycsl/scratchpad/w7/tmp/.pycsl_gwql3f_j.mlw", line 1774, characters 15-56:
Sub-goal postcondition of goal statementemissionmixin___handle_fieldaugassign_stmt'vc.
Prover result is: Valid (0.02s, 11565 steps).

File "/home/fabrice/git/pycsl/scratchpad/w7/tmp/.pycsl_gwql3f_j.mlw", line 1775, characters 15-60:
Sub-goal postcondition of goal statementemissionmixin___handle_fieldaugassign_stmt'vc.
Prover result is: Valid (0.02s, 11578 steps).

File "/home/fabrice/git/pycsl/scratchpad/w7/tmp/.pycsl_gwql3f_j.mlw", line 1776, characters 15-50:
Sub-goal postcondition of goal statementemissionmixin___handle_fieldaugassign_stmt'vc.
Prover result is: Valid (0.06s, 121897 steps).

File "/home/fabrice/git/pycsl/scratchpad/w7/tmp/.pycsl_gwql3f_j.mlw", line 1777, characters 15-62:
Sub-goal postcondition of goal statementemissionmixin___handle_fieldaugassign_stmt'vc.
Prover result is: Valid (0.02s, 11600 steps).

File "/home/fabrice/git/pycsl/scratchpad/w7/tmp/.pycsl_gwql3f_j.mlw", line 1773, characters 15-19:
Sub-goal postcondition of goal statementemissionmixin___handle_fieldaugassign_stmt'vc.
Prover result is: Valid (0.01s, 14151 steps).

File "/home/fabrice/git/pycsl/scratchpad/w7/tmp/.pycsl_gwql3f_j.mlw", line 1774, characters 15-56:
Sub-goal postcondition of goal statementemissionmixin___handle_fieldaugassign_stmt'vc.
Prover result is: Valid (0.03s, 79246 steps).

File "/home/fabrice/git/pycsl/scratchpad/w7/tmp/.pycsl_gwql3f_j.mlw", line 1775, characters 15-60:
Sub-goal postcondition of goal statementemissionmixin___handle_fieldaugassign_stmt'vc.
Prover result is: Valid (0.02s, 79300 steps).

File "/home/fabrice/git/pycsl/scratchpad/w7/tmp/.pycsl_gwql3f_j.mlw", line 1776, characters 15-50:
Sub-goal postcondition of goal statementemissionmixin___handle_fieldaugassign_stmt'vc.
Prover result is: Valid (0.04s, 147319 steps).

File "/home/fabrice/git/pycsl/scratchpad/w7/tmp/.pycsl_gwql3f_j.mlw", line 1777, characters 15-62:
Sub-goal postcondition of goal statementemissionmixin___handle_fieldaugassign_stmt'vc.
Prover result is: Valid (0.03s, 79408 steps).

File "/home/fabrice/git/pycsl/scratchpad/w7/tmp/.pycsl_gwql3f_j.mlw", line 1773, characters 15-19:
Sub-goal postcondition of goal statementemissionmixin___handle_fieldaugassign_stmt'vc.
Prover result is: Valid (0.02s, 13796 steps).

File "/home/fabrice/git/pycsl/scratchpad/w7/tmp/.pycsl_gwql3f_j.mlw", line 1774, characters 15-56:
Sub-goal postcondition of goal statementemissionmixin___handle_fieldaugassign_stmt'vc.
Prover result is: Valid (0.03s, 77089 steps).

File "/home/fabrice/git/pycsl/scratchpad/w7/tmp/.pycsl_gwql3f_j.mlw", line 1775, characters 15-60:
Sub-goal postcondition of goal statementemissionmixin___handle_fieldaugassign_stmt'vc.
Prover result is: Valid (0.02s, 77143 steps).

File "/home/fabrice/git/pycsl/scratchpad/w7/tmp/.pycsl_gwql3f_j.mlw", line 1776, characters 15-50:
Sub-goal postcondition of goal statementemissionmixin___handle_fieldaugassign_stmt'vc.
Prover result is: Valid (0.05s, 143901 steps).

File "/home/fabrice/git/pycsl/scratchpad/w7/tmp/.pycsl_gwql3f_j.mlw", line 1777, characters 15-62:
Sub-goal postcondition of goal statementemissionmixin___handle_fieldaugassign_stmt'vc.
Prover result is: Valid (0.02s, 77251 steps).

File "/home/fabrice/git/pycsl/scratchpad/w7/tmp/.pycsl_gwql3f_j.mlw", line 1773, characters 15-19:
Sub-goal postcondition of goal statementemissionmixin___handle_fieldaugassign_stmt'vc.
Prover result is: Valid (0.01s, 13926 steps).

File "/home/fabrice/git/pycsl/scratchpad/w7/tmp/.pycsl_gwql3f_j.mlw", line 1774, characters 15-56:
Sub-goal postcondition of goal statementemissionmixin___handle_fieldaugassign_stmt'vc.
Prover result is: Valid (0.03s, 73463 steps).

File "/home/fabrice/git/pycsl/scratchpad/w7/tmp/.pycsl_gwql3f_j.mlw", line 1775, characters 15-60:
Sub-goal postcondition of goal statementemissionmixin___handle_fieldaugassign_stmt'vc.
Prover result is: Valid (0.02s, 73511 steps).

File "/home/fabrice/git/pycsl/scratchpad/w7/tmp/.pycsl_gwql3f_j.mlw", line 1776, characters 15-50:
Sub-goal postcondition of goal statementemissionmixin___handle_fieldaugassign_stmt'vc.
Prover result is: Valid (0.05s, 141512 steps).

File "/home/fabrice/git/pycsl/scratchpad/w7/tmp/.pycsl_gwql3f_j.mlw", line 1777, characters 15-62:
Sub-goal postcondition of goal statementemissionmixin___handle_fieldaugassign_stmt'vc.
Prover result is: Valid (0.02s, 73607 steps).

File "/home/fabrice/git/pycsl/scratchpad/w7/tmp/.pycsl_gwql3f_j.mlw", line 1773, characters 15-19:
Sub-goal postcondition of goal statementemissionmixin___handle_fieldaugassign_stmt'vc.
Prover result is: Valid (0.02s, 13569 steps).

File "/home/fabrice/git/pycsl/scratchpad/w7/tmp/.pycsl_gwql3f_j.mlw", line 1774, characters 15-56:
Sub-goal postcondition of goal statementemissionmixin___handle_fieldaugassign_stmt'vc.
Prover result is: Valid (0.04s, 71512 steps).

File "/home/fabrice/git/pycsl/scratchpad/w7/tmp/.pycsl_gwql3f_j.mlw", line 1775, characters 15-60:
Sub-goal postcondition of goal statementemissionmixin___handle_fieldaugassign_stmt'vc.
Prover result is: Valid (0.02s, 71560 steps).

File "/home/fabrice/git/pycsl/scratchpad/w7/tmp/.pycsl_gwql3f_j.mlw", line 1776, characters 15-50:
Sub-goal postcondition of goal statementemissionmixin___handle_fieldaugassign_stmt'vc.
Prover result is: Valid (0.04s, 138301 steps).

File "/home/fabrice/git/pycsl/scratchpad/w7/tmp/.pycsl_gwql3f_j.mlw", line 1777, characters 15-62:
Sub-goal postcondition of goal statementemissionmixin___handle_fieldaugassign_stmt'vc.
Prover result is: Valid (0.01s, 71656 steps).

File "/home/fabrice/git/pycsl/scratchpad/w7/tmp/.pycsl_gwql3f_j.mlw", line 1821, characters 15-19:
Sub-goal postcondition of goal statementemissionmixin___handle_ghost_array_set_stmt'vc.
Prover result is: Valid (0.01s, 11732 steps).

File "/home/fabrice/git/pycsl/scratchpad/w7/tmp/.pycsl_gwql3f_j.mlw", line 1822, characters 15-56:
Sub-goal postcondition of goal statementemissionmixin___handle_ghost_array_set_stmt'vc.
Prover result is: Valid (0.01s, 63170 steps).

File "/home/fabrice/git/pycsl/scratchpad/w7/tmp/.pycsl_gwql3f_j.mlw", line 1823, characters 15-60:
Sub-goal postcondition of goal statementemissionmixin___handle_ghost_array_set_stmt'vc.
Prover result is: Valid (0.02s, 63214 steps).

File "/home/fabrice/git/pycsl/scratchpad/w7/tmp/.pycsl_gwql3f_j.mlw", line 1824, characters 15-50:
Sub-goal postcondition of goal statementemissionmixin___handle_ghost_array_set_stmt'vc.
Prover result is: Valid (0.04s, 128374 steps).

File "/home/fabrice/git/pycsl/scratchpad/w7/tmp/.pycsl_gwql3f_j.mlw", line 1825, characters 15-62:
Sub-goal postcondition of goal statementemissionmixin___handle_ghost_array_set_stmt'vc.
Prover result is: Valid (0.02s, 63302 steps).

File "/home/fabrice/git/pycsl/scratchpad/w7/tmp/.pycsl_gwql3f_j.mlw", line 1821, characters 15-19:
Sub-goal postcondition of goal statementemissionmixin___handle_ghost_array_set_stmt'vc.
Prover result is: Valid (0.01s, 11375 steps).

File "/home/fabrice/git/pycsl/scratchpad/w7/tmp/.pycsl_gwql3f_j.mlw", line 1822, characters 15-56:
Sub-goal postcondition of goal statementemissionmixin___handle_ghost_array_set_stmt'vc.
Prover result is: Valid (0.02s, 61355 steps).

File "/home/fabrice/git/pycsl/scratchpad/w7/tmp/.pycsl_gwql3f_j.mlw", line 1823, characters 15-60:
Sub-goal postcondition of goal statementemissionmixin___handle_ghost_array_set_stmt'vc.
Prover result is: Valid (0.02s, 61399 steps).

File "/home/fabrice/git/pycsl/scratchpad/w7/tmp/.pycsl_gwql3f_j.mlw", line 1824, characters 15-50:
Sub-goal postcondition of goal statementemissionmixin___handle_ghost_array_set_stmt'vc.
Prover result is: Valid (0.04s, 125319 steps).

File "/home/fabrice/git/pycsl/scratchpad/w7/tmp/.pycsl_gwql3f_j.mlw", line 1825, characters 15-62:
Sub-goal postcondition of goal statementemissionmixin___handle_ghost_array_set_stmt'vc.
Prover result is: Valid (0.02s, 61487 steps).

File "/home/fabrice/git/pycsl/scratchpad/w7/tmp/.pycsl_gwql3f_j.mlw", line 1852, characters 15-19:
Sub-goal postcondition of goal statementemissionmixin___handle_seq_assign'vc.
Prover result is: Valid (0.01s, 11625 steps).

File "/home/fabrice/git/pycsl/scratchpad/w7/tmp/.pycsl_gwql3f_j.mlw", line 1853, characters 15-56:
Sub-goal postcondition of goal statementemissionmixin___handle_seq_assign'vc.
Prover result is: Valid (0.02s, 61442 steps).

File "/home/fabrice/git/pycsl/scratchpad/w7/tmp/.pycsl_gwql3f_j.mlw", line 1854, characters 15-60:
Sub-goal postcondition of goal statementemissionmixin___handle_seq_assign'vc.
Prover result is: Valid (0.02s, 61486 steps).

File "/home/fabrice/git/pycsl/scratchpad/w7/tmp/.pycsl_gwql3f_j.mlw", line 1855, characters 15-50:
Sub-goal postcondition of goal statementemissionmixin___handle_seq_assign'vc.
Prover result is: Valid (0.04s, 126074 steps).

File "/home/fabrice/git/pycsl/scratchpad/w7/tmp/.pycsl_gwql3f_j.mlw", line 1856, characters 15-62:
Sub-goal postcondition of goal statementemissionmixin___handle_seq_assign'vc.
Prover result is: Valid (0.02s, 61574 steps).

File "/home/fabrice/git/pycsl/scratchpad/w7/tmp/.pycsl_gwql3f_j.mlw", line 1852, characters 15-19:
Sub-goal postcondition of goal statementemissionmixin___handle_seq_assign'vc.
Prover result is: Valid (0.01s, 11597 steps).

File "/home/fabrice/git/pycsl/scratchpad/w7/tmp/.pycsl_gwql3f_j.mlw", line 1853, characters 15-56:
Sub-goal postcondition of goal statementemissionmixin___handle_seq_assign'vc.
Prover result is: Valid (0.02s, 61414 steps).

File "/home/fabrice/git/pycsl/scratchpad/w7/tmp/.pycsl_gwql3f_j.mlw", line 1854, characters 15-60:
Sub-goal postcondition of goal statementemissionmixin___handle_seq_assign'vc.
Prover result is: Valid (0.03s, 61458 steps).

File "/home/fabrice/git/pycsl/scratchpad/w7/tmp/.pycsl_gwql3f_j.mlw", line 1855, characters 15-50:
Sub-goal postcondition of goal statementemissionmixin___handle_seq_assign'vc.
Prover result is: Valid (0.04s, 126097 steps).

File "/home/fabrice/git/pycsl/scratchpad/w7/tmp/.pycsl_gwql3f_j.mlw", line 1856, characters 15-62:
Sub-goal postcondition of goal statementemissionmixin___handle_seq_assign'vc.
Prover result is: Valid (0.03s, 61546 steps).

File "/home/fabrice/git/pycsl/scratchpad/w7/tmp/.pycsl_gwql3f_j.mlw", line 1852, characters 15-19:
Sub-goal postcondition of goal statementemissionmixin___handle_seq_assign'vc.
Prover result is: Valid (0.01s, 11517 steps).

File "/home/fabrice/git/pycsl/scratchpad/w7/tmp/.pycsl_gwql3f_j.mlw", line 1853, characters 15-56:
Sub-goal postcondition of goal statementemissionmixin___handle_seq_assign'vc.
Prover result is: Valid (0.02s, 67011 steps).

File "/home/fabrice/git/pycsl/scratchpad/w7/tmp/.pycsl_gwql3f_j.mlw", line 1854, characters 15-60:
Sub-goal postcondition of goal statementemissionmixin___handle_seq_assign'vc.
Prover result is: Valid (0.02s, 67059 steps).

File "/home/fabrice/git/pycsl/scratchpad/w7/tmp/.pycsl_gwql3f_j.mlw", line 1855, characters 15-50:
Sub-goal postcondition of goal statementemissionmixin___handle_seq_assign'vc.
Prover result is: Valid (0.04s, 132754 steps).

File "/home/fabrice/git/pycsl/scratchpad/w7/tmp/.pycsl_gwql3f_j.mlw", line 1856, characters 15-62:
Sub-goal postcondition of goal statementemissionmixin___handle_seq_assign'vc.
Prover result is: Valid (0.02s, 67155 steps).

File "/home/fabrice/git/pycsl/scratchpad/w7/tmp/.pycsl_gwql3f_j.mlw", line 1852, characters 15-19:
Sub-goal postcondition of goal statementemissionmixin___handle_seq_assign'vc.
Prover result is: Valid (0.01s, 11160 steps).

File "/home/fabrice/git/pycsl/scratchpad/w7/tmp/.pycsl_gwql3f_j.mlw", line 1853, characters 15-56:
Sub-goal postcondition of goal statementemissionmixin___handle_seq_assign'vc.
Prover result is: Valid (0.02s, 11173 steps).

File "/home/fabrice/git/pycsl/scratchpad/w7/tmp/.pycsl_gwql3f_j.mlw", line 1854, characters 15-60:
Sub-goal postcondition of goal statementemissionmixin___handle_seq_assign'vc.
Prover result is: Valid (0.01s, 11186 steps).

File "/home/fabrice/git/pycsl/scratchpad/w7/tmp/.pycsl_gwql3f_j.mlw", line 1855, characters 15-50:
Sub-goal postcondition of goal statementemissionmixin___handle_seq_assign'vc.
Prover result is: Valid (0.04s, 129737 steps).

File "/home/fabrice/git/pycsl/scratchpad/w7/tmp/.pycsl_gwql3f_j.mlw", line 1856, characters 15-62:
Sub-goal postcondition of goal statementemissionmixin___handle_seq_assign'vc.
Prover result is: Valid (0.01s, 11208 steps).

File "/home/fabrice/git/pycsl/scratchpad/w7/tmp/.pycsl_gwql3f_j.mlw", line 1898, characters 15-19:
Sub-goal postcondition of goal statementemissionmixin___materialize_bridge'vc.
Prover result is: Valid (0.01s, 10527 steps).

File "/home/fabrice/git/pycsl/scratchpad/w7/tmp/.pycsl_gwql3f_j.mlw", line 1899, characters 15-56:
Sub-goal postcondition of goal statementemissionmixin___materialize_bridge'vc.
Prover result is: Valid (0.01s, 10540 steps).

File "/home/fabrice/git/pycsl/scratchpad/w7/tmp/.pycsl_gwql3f_j.mlw", line 1900, characters 15-68:
Sub-goal postcondition of goal statementemissionmixin___materialize_bridge'vc.
Prover result is: Valid (0.04s, 109142 steps).

File "/home/fabrice/git/pycsl/scratchpad/w7/tmp/.pycsl_gwql3f_j.mlw", line 1901, characters 15-66:
Sub-goal postcondition of goal statementemissionmixin___materialize_bridge'vc.
Prover result is: Valid (0.01s, 10562 steps).

File "/home/fabrice/git/pycsl/scratchpad/w7/tmp/.pycsl_gwql3f_j.mlw", line 1902, characters 15-60:
Sub-goal postcondition of goal statementemissionmixin___materialize_bridge'vc.
Prover result is: Valid (0.01s, 10575 steps).

File "/home/fabrice/git/pycsl/scratchpad/w7/tmp/.pycsl_gwql3f_j.mlw", line 1903, characters 15-60:
Sub-goal postcondition of goal statementemissionmixin___materialize_bridge'vc.
Prover result is: Valid (0.01s, 10588 steps).

File "/home/fabrice/git/pycsl/scratchpad/w7/tmp/.pycsl_gwql3f_j.mlw", line 1904, characters 15-50:
Sub-goal postcondition of goal statementemissionmixin___materialize_bridge'vc.
Prover result is: Valid (0.03s, 109190 steps).

File "/home/fabrice/git/pycsl/scratchpad/w7/tmp/.pycsl_gwql3f_j.mlw", line 1905, characters 15-48:
Sub-goal postcondition of goal statementemissionmixin___materialize_bridge'vc.
Prover result is: Valid (0.01s, 10614 steps).

File "/home/fabrice/git/pycsl/scratchpad/w7/tmp/.pycsl_gwql3f_j.mlw", line 1906, characters 15-76:
Sub-goal postcondition of goal statementemissionmixin___materialize_bridge'vc.
Prover result is: Valid (0.01s, 10627 steps).

File "/home/fabrice/git/pycsl/scratchpad/w7/tmp/.pycsl_gwql3f_j.mlw", line 1907, characters 15-62:
Sub-goal postcondition of goal statementemissionmixin___materialize_bridge'vc.
Prover result is: Valid (0.01s, 10640 steps).

File "/home/fabrice/git/pycsl/scratchpad/w7/tmp/.pycsl_gwql3f_j.mlw", line 1914, characters 15-19:
Sub-goal postcondition of goal statementemissionmixin___materialize_str_bridge'vc.
Prover result is: Valid (0.01s, 10527 steps).

File "/home/fabrice/git/pycsl/scratchpad/w7/tmp/.pycsl_gwql3f_j.mlw", line 1915, characters 15-56:
Sub-goal postcondition of goal statementemissionmixin___materialize_str_bridge'vc.
Prover result is: Valid (0.01s, 10540 steps).

File "/home/fabrice/git/pycsl/scratchpad/w7/tmp/.pycsl_gwql3f_j.mlw", line 1916, characters 15-68:
Sub-goal postcondition of goal statementemissionmixin___materialize_str_bridge'vc.
Prover result is: Valid (0.02s, 109142 steps).

File "/home/fabrice/git/pycsl/scratchpad/w7/tmp/.pycsl_gwql3f_j.mlw", line 1917, characters 15-66:
Sub-goal postcondition of goal statementemissionmixin___materialize_str_bridge'vc.
Prover result is: Valid (0.01s, 10562 steps).

File "/home/fabrice/git/pycsl/scratchpad/w7/tmp/.pycsl_gwql3f_j.mlw", line 1918, characters 15-60:
Sub-goal postcondition of goal statementemissionmixin___materialize_str_bridge'vc.
Prover result is: Valid (0.01s, 10575 steps).

File "/home/fabrice/git/pycsl/scratchpad/w7/tmp/.pycsl_gwql3f_j.mlw", line 1919, characters 15-60:
Sub-goal postcondition of goal statementemissionmixin___materialize_str_bridge'vc.
Prover result is: Valid (0.01s, 10588 steps).

File "/home/fabrice/git/pycsl/scratchpad/w7/tmp/.pycsl_gwql3f_j.mlw", line 1920, characters 15-50:
Sub-goal postcondition of goal statementemissionmixin___materialize_str_bridge'vc.
Prover result is: Valid (0.03s, 109190 steps).

File "/home/fabrice/git/pycsl/scratchpad/w7/tmp/.pycsl_gwql3f_j.mlw", line 1921, characters 15-48:
Sub-goal postcondition of goal statementemissionmixin___materialize_str_bridge'vc.
Prover result is: Valid (0.01s, 10614 steps).

File "/home/fabrice/git/pycsl/scratchpad/w7/tmp/.pycsl_gwql3f_j.mlw", line 1922, characters 15-76:
Sub-goal postcondition of goal statementemissionmixin___materialize_str_bridge'vc.
Prover result is: Valid (0.01s, 10627 steps).

File "/home/fabrice/git/pycsl/scratchpad/w7/tmp/.pycsl_gwql3f_j.mlw", line 1923, characters 15-62:
Sub-goal postcondition of goal statementemissionmixin___materialize_str_bridge'vc.
Prover result is: Valid (0.01s, 10640 steps).

File "/home/fabrice/git/pycsl/scratchpad/w7/tmp/.pycsl_gwql3f_j.mlw", line 1939, characters 15-19:
Sub-goal postcondition of goal statementemissionmixin___resolve_effective_ghost_type'vc.
Prover result is: Valid (0.01s, 10059 steps).

File "/home/fabrice/git/pycsl/scratchpad/w7/tmp/.pycsl_gwql3f_j.mlw", line 1940, characters 15-56:
Sub-goal postcondition of goal statementemissionmixin___resolve_effective_ghost_type'vc.
Prover result is: Valid (0.01s, 10060 steps).

File "/home/fabrice/git/pycsl/scratchpad/w7/tmp/.pycsl_gwql3f_j.mlw", line 1941, characters 15-68:
Sub-goal postcondition of goal statementemissionmixin___resolve_effective_ghost_type'vc.
Prover result is: Valid (0.01s, 10061 steps).

File "/home/fabrice/git/pycsl/scratchpad/w7/tmp/.pycsl_gwql3f_j.mlw", line 1942, characters 15-66:
Sub-goal postcondition of goal statementemissionmixin___resolve_effective_ghost_type'vc.
Prover result is: Valid (0.01s, 10062 steps).

File "/home/fabrice/git/pycsl/scratchpad/w7/tmp/.pycsl_gwql3f_j.mlw", line 1943, characters 15-60:
Sub-goal postcondition of goal statementemissionmixin___resolve_effective_ghost_type'vc.
Prover result is: Valid (0.01s, 10063 steps).

File "/home/fabrice/git/pycsl/scratchpad/w7/tmp/.pycsl_gwql3f_j.mlw", line 1944, characters 15-60:
Sub-goal postcondition of goal statementemissionmixin___resolve_effective_ghost_type'vc.
Prover result is: Valid (0.01s, 10064 steps).

File "/home/fabrice/git/pycsl/scratchpad/w7/tmp/.pycsl_gwql3f_j.mlw", line 1945, characters 15-50:
Sub-goal postcondition of goal statementemissionmixin___resolve_effective_ghost_type'vc.
Prover result is: Valid (0.01s, 10065 steps).

File "/home/fabrice/git/pycsl/scratchpad/w7/tmp/.pycsl_gwql3f_j.mlw", line 1946, characters 15-48:
Sub-goal postcondition of goal statementemissionmixin___resolve_effective_ghost_type'vc.
Prover result is: Valid (0.01s, 10066 steps).

File "/home/fabrice/git/pycsl/scratchpad/w7/tmp/.pycsl_gwql3f_j.mlw", line 1947, characters 15-76:
Sub-goal postcondition of goal statementemissionmixin___resolve_effective_ghost_type'vc.
Prover result is: Valid (0.01s, 10067 steps).

File "/home/fabrice/git/pycsl/scratchpad/w7/tmp/.pycsl_gwql3f_j.mlw", line 1948, characters 15-62:
Sub-goal postcondition of goal statementemissionmixin___resolve_effective_ghost_type'vc.
Prover result is: Valid (0.01s, 10068 steps).

File "/home/fabrice/git/pycsl/scratchpad/w7/tmp/.pycsl_gwql3f_j.mlw", line 1939, characters 15-19:
Sub-goal postcondition of goal statementemissionmixin___resolve_effective_ghost_type'vc.
Prover result is: Valid (0.01s, 10091 steps).

File "/home/fabrice/git/pycsl/scratchpad/w7/tmp/.pycsl_gwql3f_j.mlw", line 1940, characters 15-56:
Sub-goal postcondition of goal statementemissionmixin___resolve_effective_ghost_type'vc.
Prover result is: Valid (0.01s, 10092 steps).

File "/home/fabrice/git/pycsl/scratchpad/w7/tmp/.pycsl_gwql3f_j.mlw", line 1941, characters 15-68:
Sub-goal postcondition of goal statementemissionmixin___resolve_effective_ghost_type'vc.
Prover result is: Valid (0.01s, 10093 steps).

File "/home/fabrice/git/pycsl/scratchpad/w7/tmp/.pycsl_gwql3f_j.mlw", line 1942, characters 15-66:
Sub-goal postcondition of goal statementemissionmixin___resolve_effective_ghost_type'vc.
Prover result is: Valid (0.01s, 10094 steps).

File "/home/fabrice/git/pycsl/scratchpad/w7/tmp/.pycsl_gwql3f_j.mlw", line 1943, characters 15-60:
Sub-goal postcondition of goal statementemissionmixin___resolve_effective_ghost_type'vc.
Prover result is: Valid (0.01s, 10095 steps).

File "/home/fabrice/git/pycsl/scratchpad/w7/tmp/.pycsl_gwql3f_j.mlw", line 1944, characters 15-60:
Sub-goal postcondition of goal statementemissionmixin___resolve_effective_ghost_type'vc.
Prover result is: Valid (0.01s, 10096 steps).

File "/home/fabrice/git/pycsl/scratchpad/w7/tmp/.pycsl_gwql3f_j.mlw", line 1945, characters 15-50:
Sub-goal postcondition of goal statementemissionmixin___resolve_effective_ghost_type'vc.
Prover result is: Valid (0.01s, 10097 steps).

File "/home/fabrice/git/pycsl/scratchpad/w7/tmp/.pycsl_gwql3f_j.mlw", line 1946, characters 15-48:
Sub-goal postcondition of goal statementemissionmixin___resolve_effective_ghost_type'vc.
Prover result is: Valid (0.02s, 10098 steps).

File "/home/fabrice/git/pycsl/scratchpad/w7/tmp/.pycsl_gwql3f_j.mlw", line 1947, characters 15-76:
Sub-goal postcondition of goal statementemissionmixin___resolve_effective_ghost_type'vc.
Prover result is: Valid (0.01s, 10099 steps).

File "/home/fabrice/git/pycsl/scratchpad/w7/tmp/.pycsl_gwql3f_j.mlw", line 1948, characters 15-62:
Sub-goal postcondition of goal statementemissionmixin___resolve_effective_ghost_type'vc.
Prover result is: Valid (0.01s, 10100 steps).

File "/home/fabrice/git/pycsl/scratchpad/w7/tmp/.pycsl_gwql3f_j.mlw", line 1939, characters 15-19:
Sub-goal postcondition of goal statementemissionmixin___resolve_effective_ghost_type'vc.
Prover result is: Valid (0.01s, 10123 steps).

File "/home/fabrice/git/pycsl/scratchpad/w7/tmp/.pycsl_gwql3f_j.mlw", line 1940, characters 15-56:
Sub-goal postcondition of goal statementemissionmixin___resolve_effective_ghost_type'vc.
Prover result is: Valid (0.02s, 10124 steps).

File "/home/fabrice/git/pycsl/scratchpad/w7/tmp/.pycsl_gwql3f_j.mlw", line 1941, characters 15-68:
Sub-goal postcondition of goal statementemissionmixin___resolve_effective_ghost_type'vc.
Prover result is: Valid (0.01s, 10125 steps).

File "/home/fabrice/git/pycsl/scratchpad/w7/tmp/.pycsl_gwql3f_j.mlw", line 1942, characters 15-66:
Sub-goal postcondition of goal statementemissionmixin___resolve_effective_ghost_type'vc.
Prover result is: Valid (0.02s, 10126 steps).

File "/home/fabrice/git/pycsl/scratchpad/w7/tmp/.pycsl_gwql3f_j.mlw", line 1943, characters 15-60:
Sub-goal postcondition of goal statementemissionmixin___resolve_effective_ghost_type'vc.
Prover result is: Valid (0.01s, 10127 steps).

File "/home/fabrice/git/pycsl/scratchpad/w7/tmp/.pycsl_gwql3f_j.mlw", line 1944, characters 15-60:
Sub-goal postcondition of goal statementemissionmixin___resolve_effective_ghost_type'vc.
Prover result is: Valid (0.01s, 10128 steps).

File "/home/fabrice/git/pycsl/scratchpad/w7/tmp/.pycsl_gwql3f_j.mlw", line 1945, characters 15-50:
Sub-goal postcondition of goal statementemissionmixin___resolve_effective_ghost_type'vc.
Prover result is: Valid (0.01s, 10129 steps).

File "/home/fabrice/git/pycsl/scratchpad/w7/tmp/.pycsl_gwql3f_j.mlw", line 1946, characters 15-48:
Sub-goal postcondition of goal statementemissionmixin___resolve_effective_ghost_type'vc.
Prover result is: Valid (0.01s, 10130 steps).

File "/home/fabrice/git/pycsl/scratchpad/w7/tmp/.pycsl_gwql3f_j.mlw", line 1947, characters 15-76:
Sub-goal postcondition of goal statementemissionmixin___resolve_effective_ghost_type'vc.
Prover result is: Valid (0.01s, 10131 steps).

File "/home/fabrice/git/pycsl/scratchpad/w7/tmp/.pycsl_gwql3f_j.mlw", line 1948, characters 15-62:
Sub-goal postcondition of goal statementemissionmixin___resolve_effective_ghost_type'vc.
Prover result is: Valid (0.01s, 10132 steps).

File "/home/fabrice/git/pycsl/scratchpad/w7/tmp/.pycsl_gwql3f_j.mlw", line 1939, characters 15-19:
Sub-goal postcondition of goal statementemissionmixin___resolve_effective_ghost_type'vc.
Prover result is: Valid (0.01s, 10219 steps).

File "/home/fabrice/git/pycsl/scratchpad/w7/tmp/.pycsl_gwql3f_j.mlw", line 1940, characters 15-56:
Sub-goal postcondition of goal statementemissionmixin___resolve_effective_ghost_type'vc.
Prover result is: Valid (0.01s, 10220 steps).

File "/home/fabrice/git/pycsl/scratchpad/w7/tmp/.pycsl_gwql3f_j.mlw", line 1941, characters 15-68:
Sub-goal postcondition of goal statementemissionmixin___resolve_effective_ghost_type'vc.
Prover result is: Valid (0.01s, 10221 steps).

File "/home/fabrice/git/pycsl/scratchpad/w7/tmp/.pycsl_gwql3f_j.mlw", line 1942, characters 15-66:
Sub-goal postcondition of goal statementemissionmixin___resolve_effective_ghost_type'vc.
Prover result is: Valid (0.01s, 10222 steps).

File "/home/fabrice/git/pycsl/scratchpad/w7/tmp/.pycsl_gwql3f_j.mlw", line 1943, characters 15-60:
Sub-goal postcondition of goal statementemissionmixin___resolve_effective_ghost_type'vc.
Prover result is: Valid (0.01s, 10223 steps).

File "/home/fabrice/git/pycsl/scratchpad/w7/tmp/.pycsl_gwql3f_j.mlw", line 1944, characters 15-60:
Sub-goal postcondition of goal statementemissionmixin___resolve_effective_ghost_type'vc.
Prover result is: Valid (0.01s, 10224 steps).

File "/home/fabrice/git/pycsl/scratchpad/w7/tmp/.pycsl_gwql3f_j.mlw", line 1945, characters 15-50:
Sub-goal postcondition of goal statementemissionmixin___resolve_effective_ghost_type'vc.
Prover result is: Valid (0.01s, 10225 steps).

File "/home/fabrice/git/pycsl/scratchpad/w7/tmp/.pycsl_gwql3f_j.mlw", line 1946, characters 15-48:
Sub-goal postcondition of goal statementemissionmixin___resolve_effective_ghost_type'vc.
Prover result is: Valid (0.02s, 10226 steps).

File "/home/fabrice/git/pycsl/scratchpad/w7/tmp/.pycsl_gwql3f_j.mlw", line 1947, characters 15-76:
Sub-goal postcondition of goal statementemissionmixin___resolve_effective_ghost_type'vc.
Prover result is: Valid (0.02s, 10227 steps).

File "/home/fabrice/git/pycsl/scratchpad/w7/tmp/.pycsl_gwql3f_j.mlw", line 1948, characters 15-62:
Sub-goal postcondition of goal statementemissionmixin___resolve_effective_ghost_type'vc.
Prover result is: Valid (0.02s, 10228 steps).

File "/home/fabrice/git/pycsl/scratchpad/w7/tmp/.pycsl_gwql3f_j.mlw", line 1939, characters 15-19:
Sub-goal postcondition of goal statementemissionmixin___resolve_effective_ghost_type'vc.
Prover result is: Valid (0.02s, 10187 steps).

File "/home/fabrice/git/pycsl/scratchpad/w7/tmp/.pycsl_gwql3f_j.mlw", line 1940, characters 15-56:
Sub-goal postcondition of goal statementemissionmixin___resolve_effective_ghost_type'vc.
Prover result is: Valid (0.02s, 10188 steps).

File "/home/fabrice/git/pycsl/scratchpad/w7/tmp/.pycsl_gwql3f_j.mlw", line 1941, characters 15-68:
Sub-goal postcondition of goal statementemissionmixin___resolve_effective_ghost_type'vc.
Prover result is: Valid (0.01s, 10189 steps).

File "/home/fabrice/git/pycsl/scratchpad/w7/tmp/.pycsl_gwql3f_j.mlw", line 1942, characters 15-66:
Sub-goal postcondition of goal statementemissionmixin___resolve_effective_ghost_type'vc.
Prover result is: Valid (0.01s, 10190 steps).

File "/home/fabrice/git/pycsl/scratchpad/w7/tmp/.pycsl_gwql3f_j.mlw", line 1943, characters 15-60:
Sub-goal postcondition of goal statementemissionmixin___resolve_effective_ghost_type'vc.
Prover result is: Valid (0.02s, 10191 steps).

File "/home/fabrice/git/pycsl/scratchpad/w7/tmp/.pycsl_gwql3f_j.mlw", line 1944, characters 15-60:
Sub-goal postcondition of goal statementemissionmixin___resolve_effective_ghost_type'vc.
Prover result is: Valid (0.01s, 10192 steps).

File "/home/fabrice/git/pycsl/scratchpad/w7/tmp/.pycsl_gwql3f_j.mlw", line 1945, characters 15-50:
Sub-goal postcondition of goal statementemissionmixin___resolve_effective_ghost_type'vc.
Prover result is: Valid (0.01s, 10193 steps).

File "/home/fabrice/git/pycsl/scratchpad/w7/tmp/.pycsl_gwql3f_j.mlw", line 1946, characters 15-48:
Sub-goal postcondition of goal statementemissionmixin___resolve_effective_ghost_type'vc.
Prover result is: Valid (0.01s, 10194 steps).

File "/home/fabrice/git/pycsl/scratchpad/w7/tmp/.pycsl_gwql3f_j.mlw", line 1947, characters 15-76:
Sub-goal postcondition of goal statementemissionmixin___resolve_effective_ghost_type'vc.
Prover result is: Valid (0.01s, 10195 steps).

File "/home/fabrice/git/pycsl/scratchpad/w7/tmp/.pycsl_gwql3f_j.mlw", line 1948, characters 15-62:
Sub-goal postcondition of goal statementemissionmixin___resolve_effective_ghost_type'vc.
Prover result is: Valid (0.01s, 10196 steps).

File "/home/fabrice/git/pycsl/scratchpad/w7/tmp/.pycsl_gwql3f_j.mlw", line 1939, characters 15-19:
Sub-goal postcondition of goal statementemissionmixin___resolve_effective_ghost_type'vc.
Prover result is: Valid (0.01s, 10198 steps).

File "/home/fabrice/git/pycsl/scratchpad/w7/tmp/.pycsl_gwql3f_j.mlw", line 1940, characters 15-56:
Sub-goal postcondition of goal statementemissionmixin___resolve_effective_ghost_type'vc.
Prover result is: Valid (0.01s, 10199 steps).

File "/home/fabrice/git/pycsl/scratchpad/w7/tmp/.pycsl_gwql3f_j.mlw", line 1941, characters 15-68:
Sub-goal postcondition of goal statementemissionmixin___resolve_effective_ghost_type'vc.
Prover result is: Valid (0.01s, 10200 steps).

File "/home/fabrice/git/pycsl/scratchpad/w7/tmp/.pycsl_gwql3f_j.mlw", line 1942, characters 15-66:
Sub-goal postcondition of goal statementemissionmixin___resolve_effective_ghost_type'vc.
Prover result is: Valid (0.01s, 10201 steps).

File "/home/fabrice/git/pycsl/scratchpad/w7/tmp/.pycsl_gwql3f_j.mlw", line 1943, characters 15-60:
Sub-goal postcondition of goal statementemissionmixin___resolve_effective_ghost_type'vc.
Prover result is: Valid (0.01s, 10202 steps).

File "/home/fabrice/git/pycsl/scratchpad/w7/tmp/.pycsl_gwql3f_j.mlw", line 1944, characters 15-60:
Sub-goal postcondition of goal statementemissionmixin___resolve_effective_ghost_type'vc.
Prover result is: Valid (0.01s, 10203 steps).

File "/home/fabrice/git/pycsl/scratchpad/w7/tmp/.pycsl_gwql3f_j.mlw", line 1945, characters 15-50:
Sub-goal postcondition of goal statementemissionmixin___resolve_effective_ghost_type'vc.
Prover result is: Valid (0.01s, 10204 steps).

File "/home/fabrice/git/pycsl/scratchpad/w7/tmp/.pycsl_gwql3f_j.mlw", line 1946, characters 15-48:
Sub-goal postcondition of goal statementemissionmixin___resolve_effective_ghost_type'vc.
Prover result is: Valid (0.01s, 10205 steps).

File "/home/fabrice/git/pycsl/scratchpad/w7/tmp/.pycsl_gwql3f_j.mlw", line 1947, characters 15-76:
Sub-goal postcondition of goal statementemissionmixin___resolve_effective_ghost_type'vc.
Prover result is: Valid (0.01s, 10206 steps).

File "/home/fabrice/git/pycsl/scratchpad/w7/tmp/.pycsl_gwql3f_j.mlw", line 1948, characters 15-62:
Sub-goal postcondition of goal statementemissionmixin___resolve_effective_ghost_type'vc.
Prover result is: Valid (0.01s, 10207 steps).

File "/home/fabrice/git/pycsl/scratchpad/w7/tmp/.pycsl_gwql3f_j.mlw", line 1939, characters 15-19:
Sub-goal postcondition of goal statementemissionmixin___resolve_effective_ghost_type'vc.
Prover result is: Valid (0.01s, 9081 steps).

File "/home/fabrice/git/pycsl/scratchpad/w7/tmp/.pycsl_gwql3f_j.mlw", line 1940, characters 15-56:
Sub-goal postcondition of goal statementemissionmixin___resolve_effective_ghost_type'vc.
Prover result is: Valid (0.01s, 9082 steps).

File "/home/fabrice/git/pycsl/scratchpad/w7/tmp/.pycsl_gwql3f_j.mlw", line 1941, characters 15-68:
Sub-goal postcondition of goal statementemissionmixin___resolve_effective_ghost_type'vc.
Prover result is: Valid (0.01s, 9083 steps).

File "/home/fabrice/git/pycsl/scratchpad/w7/tmp/.pycsl_gwql3f_j.mlw", line 1942, characters 15-66:
Sub-goal postcondition of goal statementemissionmixin___resolve_effective_ghost_type'vc.
Prover result is: Valid (0.01s, 9084 steps).

File "/home/fabrice/git/pycsl/scratchpad/w7/tmp/.pycsl_gwql3f_j.mlw", line 1943, characters 15-60:
Sub-goal postcondition of goal statementemissionmixin___resolve_effective_ghost_type'vc.
Prover result is: Valid (0.01s, 9085 steps).

File "/home/fabrice/git/pycsl/scratchpad/w7/tmp/.pycsl_gwql3f_j.mlw", line 1944, characters 15-60:
Sub-goal postcondition of goal statementemissionmixin___resolve_effective_ghost_type'vc.
Prover result is: Valid (0.01s, 9086 steps).

File "/home/fabrice/git/pycsl/scratchpad/w7/tmp/.pycsl_gwql3f_j.mlw", line 1945, characters 15-50:
Sub-goal postcondition of goal statementemissionmixin___resolve_effective_ghost_type'vc.
Prover result is: Valid (0.01s, 9087 steps).

File "/home/fabrice/git/pycsl/scratchpad/w7/tmp/.pycsl_gwql3f_j.mlw", line 1946, characters 15-48:
Sub-goal postcondition of goal statementemissionmixin___resolve_effective_ghost_type'vc.
Prover result is: Valid (0.01s, 9088 steps).

File "/home/fabrice/git/pycsl/scratchpad/w7/tmp/.pycsl_gwql3f_j.mlw", line 1947, characters 15-76:
Sub-goal postcondition of goal statementemissionmixin___resolve_effective_ghost_type'vc.
Prover result is: Valid (0.01s, 9089 steps).

File "/home/fabrice/git/pycsl/scratchpad/w7/tmp/.pycsl_gwql3f_j.mlw", line 1948, characters 15-62:
Sub-goal postcondition of goal statementemissionmixin___resolve_effective_ghost_type'vc.
Prover result is: Valid (0.01s, 9090 steps).

File "/home/fabrice/git/pycsl/scratchpad/w7/tmp/.pycsl_gwql3f_j.mlw", line 1983, characters 15-19:
Sub-goal postcondition of goal statementemissionmixin___seq_operand'vc.
Prover result is: Valid (0.01s, 13096 steps).

File "/home/fabrice/git/pycsl/scratchpad/w7/tmp/.pycsl_gwql3f_j.mlw", line 1984, characters 15-56:
Sub-goal postcondition of goal statementemissionmixin___seq_operand'vc.
Prover result is: Valid (0.01s, 13097 steps).

File "/home/fabrice/git/pycsl/scratchpad/w7/tmp/.pycsl_gwql3f_j.mlw", line 1985, characters 15-66:
Sub-goal postcondition of goal statementemissionmixin___seq_operand'vc.
Prover result is: Valid (0.01s, 13098 steps).

File "/home/fabrice/git/pycsl/scratchpad/w7/tmp/.pycsl_gwql3f_j.mlw", line 1986, characters 15-60:
Sub-goal postcondition of goal statementemissionmixin___seq_operand'vc.
Prover result is: Valid (0.01s, 13099 steps).

File "/home/fabrice/git/pycsl/scratchpad/w7/tmp/.pycsl_gwql3f_j.mlw", line 1987, characters 15-60:
Sub-goal postcondition of goal statementemissionmixin___seq_operand'vc.
Prover result is: Valid (0.02s, 13100 steps).

File "/home/fabrice/git/pycsl/scratchpad/w7/tmp/.pycsl_gwql3f_j.mlw", line 1988, characters 15-50:
Sub-goal postcondition of goal statementemissionmixin___seq_operand'vc.
Prover result is: Valid (0.02s, 13101 steps).

File "/home/fabrice/git/pycsl/scratchpad/w7/tmp/.pycsl_gwql3f_j.mlw", line 1989, characters 15-76:
Sub-goal postcondition of goal statementemissionmixin___seq_operand'vc.
Prover result is: Valid (0.02s, 13102 steps).

File "/home/fabrice/git/pycsl/scratchpad/w7/tmp/.pycsl_gwql3f_j.mlw", line 1990, characters 15-62:
Sub-goal postcondition of goal statementemissionmixin___seq_operand'vc.
Prover result is: Valid (0.01s, 13103 steps).

File "/home/fabrice/git/pycsl/scratchpad/w7/tmp/.pycsl_gwql3f_j.mlw", line 1983, characters 15-19:
Sub-goal postcondition of goal statementemissionmixin___seq_operand'vc.
Prover result is: Valid (0.01s, 13741 steps).

File "/home/fabrice/git/pycsl/scratchpad/w7/tmp/.pycsl_gwql3f_j.mlw", line 1984, characters 15-56:
Sub-goal postcondition of goal statementemissionmixin___seq_operand'vc.
Prover result is: Valid (0.01s, 13754 steps).

File "/home/fabrice/git/pycsl/scratchpad/w7/tmp/.pycsl_gwql3f_j.mlw", line 1985, characters 15-66:
Sub-goal postcondition of goal statementemissionmixin___seq_operand'vc.
Prover result is: Valid (0.01s, 13767 steps).

File "/home/fabrice/git/pycsl/scratchpad/w7/tmp/.pycsl_gwql3f_j.mlw", line 1986, characters 15-60:
Sub-goal postcondition of goal statementemissionmixin___seq_operand'vc.
Prover result is: Valid (0.01s, 13780 steps).

File "/home/fabrice/git/pycsl/scratchpad/w7/tmp/.pycsl_gwql3f_j.mlw", line 1987, characters 15-60:
Sub-goal postcondition of goal statementemissionmixin___seq_operand'vc.
Prover result is: Valid (0.02s, 13793 steps).

File "/home/fabrice/git/pycsl/scratchpad/w7/tmp/.pycsl_gwql3f_j.mlw", line 1988, characters 15-50:
Sub-goal postcondition of goal statementemissionmixin___seq_operand'vc.
Prover result is: Valid (0.07s, 180715 steps).

File "/home/fabrice/git/pycsl/scratchpad/w7/tmp/.pycsl_gwql3f_j.mlw", line 1989, characters 15-76:
Sub-goal postcondition of goal statementemissionmixin___seq_operand'vc.
Prover result is: Valid (0.02s, 13815 steps).

File "/home/fabrice/git/pycsl/scratchpad/w7/tmp/.pycsl_gwql3f_j.mlw", line 1990, characters 15-62:
Sub-goal postcondition of goal statementemissionmixin___seq_operand'vc.
Prover result is: Valid (0.01s, 13828 steps).

File "/home/fabrice/git/pycsl/scratchpad/w7/tmp/.pycsl_gwql3f_j.mlw", line 1983, characters 15-19:
Sub-goal postcondition of goal statementemissionmixin___seq_operand'vc.
Prover result is: Valid (0.03s, 14122 steps).

File "/home/fabrice/git/pycsl/scratchpad/w7/tmp/.pycsl_gwql3f_j.mlw", line 1984, characters 15-56:
Sub-goal postcondition of goal statementemissionmixin___seq_operand'vc.
Prover result is: Valid (0.01s, 14135 steps).

File "/home/fabrice/git/pycsl/scratchpad/w7/tmp/.pycsl_gwql3f_j.mlw", line 1985, characters 15-66:
Sub-goal postcondition of goal statementemissionmixin___seq_operand'vc.
Prover result is: Valid (0.02s, 14148 steps).

File "/home/fabrice/git/pycsl/scratchpad/w7/tmp/.pycsl_gwql3f_j.mlw", line 1986, characters 15-60:
Sub-goal postcondition of goal statementemissionmixin___seq_operand'vc.
Prover result is: Valid (0.01s, 14161 steps).

File "/home/fabrice/git/pycsl/scratchpad/w7/tmp/.pycsl_gwql3f_j.mlw", line 1987, characters 15-60:
Sub-goal postcondition of goal statementemissionmixin___seq_operand'vc.
Prover result is: Valid (0.01s, 14174 steps).

File "/home/fabrice/git/pycsl/scratchpad/w7/tmp/.pycsl_gwql3f_j.mlw", line 1988, characters 15-50:
Sub-goal postcondition of goal statementemissionmixin___seq_operand'vc.
Prover result is: Valid (0.06s, 181259 steps).

File "/home/fabrice/git/pycsl/scratchpad/w7/tmp/.pycsl_gwql3f_j.mlw", line 1989, characters 15-76:
Sub-goal postcondition of goal statementemissionmixin___seq_operand'vc.
Prover result is: Valid (0.01s, 14196 steps).

File "/home/fabrice/git/pycsl/scratchpad/w7/tmp/.pycsl_gwql3f_j.mlw", line 1990, characters 15-62:
Sub-goal postcondition of goal statementemissionmixin___seq_operand'vc.
Prover result is: Valid (0.01s, 14209 steps).

File "/home/fabrice/git/pycsl/scratchpad/w7/tmp/.pycsl_gwql3f_j.mlw", line 1983, characters 15-19:
Sub-goal postcondition of goal statementemissionmixin___seq_operand'vc.
Prover result is: Valid (0.01s, 14766 steps).

File "/home/fabrice/git/pycsl/scratchpad/w7/tmp/.pycsl_gwql3f_j.mlw", line 1984, characters 15-56:
Sub-goal postcondition of goal statementemissionmixin___seq_operand'vc.
Prover result is: Valid (0.03s, 80292 steps).

File "/home/fabrice/git/pycsl/scratchpad/w7/tmp/.pycsl_gwql3f_j.mlw", line 1985, characters 15-66:
Sub-goal postcondition of goal statementemissionmixin___seq_operand'vc.
Prover result is: Valid (0.03s, 80335 steps).

File "/home/fabrice/git/pycsl/scratchpad/w7/tmp/.pycsl_gwql3f_j.mlw", line 1986, characters 15-60:
Sub-goal postcondition of goal statementemissionmixin___seq_operand'vc.
Prover result is: Valid (0.03s, 80378 steps).

File "/home/fabrice/git/pycsl/scratchpad/w7/tmp/.pycsl_gwql3f_j.mlw", line 1987, characters 15-60:
Sub-goal postcondition of goal statementemissionmixin___seq_operand'vc.
Prover result is: Valid (0.03s, 80421 steps).

File "/home/fabrice/git/pycsl/scratchpad/w7/tmp/.pycsl_gwql3f_j.mlw", line 1988, characters 15-50:
Sub-goal postcondition of goal statementemissionmixin___seq_operand'vc.
Prover result is: Valid (0.05s, 165873 steps).

File "/home/fabrice/git/pycsl/scratchpad/w7/tmp/.pycsl_gwql3f_j.mlw", line 1989, characters 15-76:
Sub-goal postcondition of goal statementemissionmixin___seq_operand'vc.
Prover result is: Valid (0.03s, 80509 steps).

File "/home/fabrice/git/pycsl/scratchpad/w7/tmp/.pycsl_gwql3f_j.mlw", line 1990, characters 15-62:
Sub-goal postcondition of goal statementemissionmixin___seq_operand'vc.
Prover result is: Valid (0.03s, 80552 steps).

File "/home/fabrice/git/pycsl/scratchpad/w7/tmp/.pycsl_gwql3f_j.mlw", line 1983, characters 15-19:
Sub-goal postcondition of goal statementemissionmixin___seq_operand'vc.
Prover result is: Valid (0.02s, 14766 steps).

File "/home/fabrice/git/pycsl/scratchpad/w7/tmp/.pycsl_gwql3f_j.mlw", line 1984, characters 15-56:
Sub-goal postcondition of goal statementemissionmixin___seq_operand'vc.
Prover result is: Valid (0.03s, 80294 steps).

File "/home/fabrice/git/pycsl/scratchpad/w7/tmp/.pycsl_gwql3f_j.mlw", line 1985, characters 15-66:
Sub-goal postcondition of goal statementemissionmixin___seq_operand'vc.
Prover result is: Valid (0.03s, 80337 steps).

File "/home/fabrice/git/pycsl/scratchpad/w7/tmp/.pycsl_gwql3f_j.mlw", line 1986, characters 15-60:
Sub-goal postcondition of goal statementemissionmixin___seq_operand'vc.
Prover result is: Valid (0.03s, 80380 steps).

File "/home/fabrice/git/pycsl/scratchpad/w7/tmp/.pycsl_gwql3f_j.mlw", line 1987, characters 15-60:
Sub-goal postcondition of goal statementemissionmixin___seq_operand'vc.
Prover result is: Valid (0.03s, 80423 steps).

File "/home/fabrice/git/pycsl/scratchpad/w7/tmp/.pycsl_gwql3f_j.mlw", line 1988, characters 15-50:
Sub-goal postcondition of goal statementemissionmixin___seq_operand'vc.
Prover result is: Valid (0.05s, 165912 steps).

File "/home/fabrice/git/pycsl/scratchpad/w7/tmp/.pycsl_gwql3f_j.mlw", line 1989, characters 15-76:
Sub-goal postcondition of goal statementemissionmixin___seq_operand'vc.
Prover result is: Valid (0.03s, 80511 steps).

File "/home/fabrice/git/pycsl/scratchpad/w7/tmp/.pycsl_gwql3f_j.mlw", line 1990, characters 15-62:
Sub-goal postcondition of goal statementemissionmixin___seq_operand'vc.
Prover result is: Valid (0.03s, 80554 steps).

File "/home/fabrice/git/pycsl/scratchpad/w7/tmp/.pycsl_gwql3f_j.mlw", line 2022, characters 15-19:
Sub-goal postcondition of goal statementemissionmixin___str_operand_to_int'vc.
Prover result is: Valid (0.01s, 9186 steps).

File "/home/fabrice/git/pycsl/scratchpad/w7/tmp/.pycsl_gwql3f_j.mlw", line 2023, characters 15-56:
Sub-goal postcondition of goal statementemissionmixin___str_operand_to_int'vc.
Prover result is: Valid (0.01s, 9187 steps).

File "/home/fabrice/git/pycsl/scratchpad/w7/tmp/.pycsl_gwql3f_j.mlw", line 2024, characters 15-68:
Sub-goal postcondition of goal statementemissionmixin___str_operand_to_int'vc.
Prover result is: Valid (0.01s, 9188 steps).

File "/home/fabrice/git/pycsl/scratchpad/w7/tmp/.pycsl_gwql3f_j.mlw", line 2025, characters 15-66:
Sub-goal postcondition of goal statementemissionmixin___str_operand_to_int'vc.
Prover result is: Valid (0.00s, 9189 steps).

File "/home/fabrice/git/pycsl/scratchpad/w7/tmp/.pycsl_gwql3f_j.mlw", line 2026, characters 15-60:
Sub-goal postcondition of goal statementemissionmixin___str_operand_to_int'vc.
Prover result is: Valid (0.01s, 9190 steps).

File "/home/fabrice/git/pycsl/scratchpad/w7/tmp/.pycsl_gwql3f_j.mlw", line 2027, characters 15-60:
Sub-goal postcondition of goal statementemissionmixin___str_operand_to_int'vc.
Prover result is: Valid (0.01s, 9191 steps).

File "/home/fabrice/git/pycsl/scratchpad/w7/tmp/.pycsl_gwql3f_j.mlw", line 2028, characters 15-50:
Sub-goal postcondition of goal statementemissionmixin___str_operand_to_int'vc.
Prover result is: Valid (0.02s, 9192 steps).

File "/home/fabrice/git/pycsl/scratchpad/w7/tmp/.pycsl_gwql3f_j.mlw", line 2029, characters 15-48:
Sub-goal postcondition of goal statementemissionmixin___str_operand_to_int'vc.
Prover result is: Valid (0.01s, 9193 steps).

File "/home/fabrice/git/pycsl/scratchpad/w7/tmp/.pycsl_gwql3f_j.mlw", line 2030, characters 15-76:
Sub-goal postcondition of goal statementemissionmixin___str_operand_to_int'vc.
Prover result is: Valid (0.01s, 9194 steps).

File "/home/fabrice/git/pycsl/scratchpad/w7/tmp/.pycsl_gwql3f_j.mlw", line 2031, characters 15-62:
Sub-goal postcondition of goal statementemissionmixin___str_operand_to_int'vc.
Prover result is: Valid (0.01s, 9195 steps).

File "/home/fabrice/git/pycsl/scratchpad/w7/tmp/.pycsl_gwql3f_j.mlw", line 2022, characters 15-19:
Sub-goal postcondition of goal statementemissionmixin___str_operand_to_int'vc.
Prover result is: Valid (0.02s, 10867 steps).

File "/home/fabrice/git/pycsl/scratchpad/w7/tmp/.pycsl_gwql3f_j.mlw", line 2023, characters 15-56:
Sub-goal postcondition of goal statementemissionmixin___str_operand_to_int'vc.
Prover result is: Valid (0.02s, 10880 steps).

File "/home/fabrice/git/pycsl/scratchpad/w7/tmp/.pycsl_gwql3f_j.mlw", line 2024, characters 15-68:
Sub-goal postcondition of goal statementemissionmixin___str_operand_to_int'vc.
Prover result is: Valid (0.05s, 134485 steps).

File "/home/fabrice/git/pycsl/scratchpad/w7/tmp/.pycsl_gwql3f_j.mlw", line 2025, characters 15-66:
Sub-goal postcondition of goal statementemissionmixin___str_operand_to_int'vc.
Prover result is: Valid (0.02s, 10902 steps).

File "/home/fabrice/git/pycsl/scratchpad/w7/tmp/.pycsl_gwql3f_j.mlw", line 2026, characters 15-60:
Sub-goal postcondition of goal statementemissionmixin___str_operand_to_int'vc.
Prover result is: Valid (0.01s, 10915 steps).

File "/home/fabrice/git/pycsl/scratchpad/w7/tmp/.pycsl_gwql3f_j.mlw", line 2027, characters 15-60:
Sub-goal postcondition of goal statementemissionmixin___str_operand_to_int'vc.
Prover result is: Valid (0.01s, 10928 steps).

File "/home/fabrice/git/pycsl/scratchpad/w7/tmp/.pycsl_gwql3f_j.mlw", line 2028, characters 15-50:
Sub-goal postcondition of goal statementemissionmixin___str_operand_to_int'vc.
Prover result is: Valid (0.04s, 134533 steps).

File "/home/fabrice/git/pycsl/scratchpad/w7/tmp/.pycsl_gwql3f_j.mlw", line 2029, characters 15-48:
Sub-goal postcondition of goal statementemissionmixin___str_operand_to_int'vc.
Prover result is: Valid (0.01s, 10954 steps).

File "/home/fabrice/git/pycsl/scratchpad/w7/tmp/.pycsl_gwql3f_j.mlw", line 2030, characters 15-76:
Sub-goal postcondition of goal statementemissionmixin___str_operand_to_int'vc.
Prover result is: Valid (0.01s, 10967 steps).

File "/home/fabrice/git/pycsl/scratchpad/w7/tmp/.pycsl_gwql3f_j.mlw", line 2031, characters 15-62:
Sub-goal postcondition of goal statementemissionmixin___str_operand_to_int'vc.
Prover result is: Valid (0.01s, 10980 steps).

File "/home/fabrice/git/pycsl/scratchpad/w7/tmp/.pycsl_gwql3f_j.mlw", line 2055, characters 15-19:
Sub-goal postcondition of goal statementemissionmixin___val_is_bool'vc.
Prover result is: Valid (0.01s, 9060 steps).

File "/home/fabrice/git/pycsl/scratchpad/w7/tmp/.pycsl_gwql3f_j.mlw", line 2056, characters 15-56:
Sub-goal postcondition of goal statementemissionmixin___val_is_bool'vc.
Prover result is: Valid (0.01s, 9061 steps).

File "/home/fabrice/git/pycsl/scratchpad/w7/tmp/.pycsl_gwql3f_j.mlw", line 2057, characters 15-68:
Sub-goal postcondition of goal statementemissionmixin___val_is_bool'vc.
Prover result is: Valid (0.00s, 9062 steps).

File "/home/fabrice/git/pycsl/scratchpad/w7/tmp/.pycsl_gwql3f_j.mlw", line 2058, characters 15-66:
Sub-goal postcondition of goal statementemissionmixin___val_is_bool'vc.
Prover result is: Valid (0.01s, 9063 steps).

File "/home/fabrice/git/pycsl/scratchpad/w7/tmp/.pycsl_gwql3f_j.mlw", line 2059, characters 15-60:
Sub-goal postcondition of goal statementemissionmixin___val_is_bool'vc.
Prover result is: Valid (0.01s, 9064 steps).

File "/home/fabrice/git/pycsl/scratchpad/w7/tmp/.pycsl_gwql3f_j.mlw", line 2060, characters 15-60:
Sub-goal postcondition of goal statementemissionmixin___val_is_bool'vc.
Prover result is: Valid (0.01s, 9065 steps).

File "/home/fabrice/git/pycsl/scratchpad/w7/tmp/.pycsl_gwql3f_j.mlw", line 2061, characters 15-50:
Sub-goal postcondition of goal statementemissionmixin___val_is_bool'vc.
Prover result is: Valid (0.01s, 9066 steps).

File "/home/fabrice/git/pycsl/scratchpad/w7/tmp/.pycsl_gwql3f_j.mlw", line 2062, characters 15-48:
Sub-goal postcondition of goal statementemissionmixin___val_is_bool'vc.
Prover result is: Valid (0.01s, 9067 steps).

File "/home/fabrice/git/pycsl/scratchpad/w7/tmp/.pycsl_gwql3f_j.mlw", line 2063, characters 15-76:
Sub-goal postcondition of goal statementemissionmixin___val_is_bool'vc.
Prover result is: Valid (0.01s, 9068 steps).

File "/home/fabrice/git/pycsl/scratchpad/w7/tmp/.pycsl_gwql3f_j.mlw", line 2064, characters 15-62:
Sub-goal postcondition of goal statementemissionmixin___val_is_bool'vc.
Prover result is: Valid (0.01s, 9069 steps).

File "/home/fabrice/git/pycsl/scratchpad/w7/tmp/.pycsl_gwql3f_j.mlw", line 2055, characters 15-19:
Sub-goal postcondition of goal statementemissionmixin___val_is_bool'vc.
Prover result is: Valid (0.01s, 9128 steps).

File "/home/fabrice/git/pycsl/scratchpad/w7/tmp/.pycsl_gwql3f_j.mlw", line 2056, characters 15-56:
Sub-goal postcondition of goal statementemissionmixin___val_is_bool'vc.
Prover result is: Valid (0.01s, 9129 steps).

File "/home/fabrice/git/pycsl/scratchpad/w7/tmp/.pycsl_gwql3f_j.mlw", line 2057, characters 15-68:
Sub-goal postcondition of goal statementemissionmixin___val_is_bool'vc.
Prover result is: Valid (0.01s, 9130 steps).

File "/home/fabrice/git/pycsl/scratchpad/w7/tmp/.pycsl_gwql3f_j.mlw", line 2058, characters 15-66:
Sub-goal postcondition of goal statementemissionmixin___val_is_bool'vc.
Prover result is: Valid (0.01s, 9131 steps).

File "/home/fabrice/git/pycsl/scratchpad/w7/tmp/.pycsl_gwql3f_j.mlw", line 2059, characters 15-60:
Sub-goal postcondition of goal statementemissionmixin___val_is_bool'vc.
Prover result is: Valid (0.01s, 9132 steps).

File "/home/fabrice/git/pycsl/scratchpad/w7/tmp/.pycsl_gwql3f_j.mlw", line 2060, characters 15-60:
Sub-goal postcondition of goal statementemissionmixin___val_is_bool'vc.
Prover result is: Valid (0.01s, 9133 steps).

File "/home/fabrice/git/pycsl/scratchpad/w7/tmp/.pycsl_gwql3f_j.mlw", line 2061, characters 15-50:
Sub-goal postcondition of goal statementemissionmixin___val_is_bool'vc.
Prover result is: Valid (0.01s, 9134 steps).

File "/home/fabrice/git/pycsl/scratchpad/w7/tmp/.pycsl_gwql3f_j.mlw", line 2062, characters 15-48:
Sub-goal postcondition of goal statementemissionmixin___val_is_bool'vc.
Prover result is: Valid (0.01s, 9135 steps).

File "/home/fabrice/git/pycsl/scratchpad/w7/tmp/.pycsl_gwql3f_j.mlw", line 2063, characters 15-76:
Sub-goal postcondition of goal statementemissionmixin___val_is_bool'vc.
Prover result is: Valid (0.01s, 9136 steps).

File "/home/fabrice/git/pycsl/scratchpad/w7/tmp/.pycsl_gwql3f_j.mlw", line 2064, characters 15-62:
Sub-goal postcondition of goal statementemissionmixin___val_is_bool'vc.
Prover result is: Valid (0.01s, 9137 steps).

File "/home/fabrice/git/pycsl/scratchpad/w7/tmp/.pycsl_gwql3f_j.mlw", line 2055, characters 15-19:
Sub-goal postcondition of goal statementemissionmixin___val_is_bool'vc.
Prover result is: Valid (0.01s, 9167 steps).

File "/home/fabrice/git/pycsl/scratchpad/w7/tmp/.pycsl_gwql3f_j.mlw", line 2056, characters 15-56:
Sub-goal postcondition of goal statementemissionmixin___val_is_bool'vc.
Prover result is: Valid (0.01s, 9168 steps).

File "/home/fabrice/git/pycsl/scratchpad/w7/tmp/.pycsl_gwql3f_j.mlw", line 2057, characters 15-68:
Sub-goal postcondition of goal statementemissionmixin___val_is_bool'vc.
Prover result is: Valid (0.01s, 9169 steps).

File "/home/fabrice/git/pycsl/scratchpad/w7/tmp/.pycsl_gwql3f_j.mlw", line 2058, characters 15-66:
Sub-goal postcondition of goal statementemissionmixin___val_is_bool'vc.
Prover result is: Valid (0.01s, 9170 steps).

File "/home/fabrice/git/pycsl/scratchpad/w7/tmp/.pycsl_gwql3f_j.mlw", line 2059, characters 15-60:
Sub-goal postcondition of goal statementemissionmixin___val_is_bool'vc.
Prover result is: Valid (0.01s, 9171 steps).

File "/home/fabrice/git/pycsl/scratchpad/w7/tmp/.pycsl_gwql3f_j.mlw", line 2060, characters 15-60:
Sub-goal postcondition of goal statementemissionmixin___val_is_bool'vc.
Prover result is: Valid (0.01s, 9172 steps).

File "/home/fabrice/git/pycsl/scratchpad/w7/tmp/.pycsl_gwql3f_j.mlw", line 2061, characters 15-50:
Sub-goal postcondition of goal statementemissionmixin___val_is_bool'vc.
Prover result is: Valid (0.01s, 9173 steps).

File "/home/fabrice/git/pycsl/scratchpad/w7/tmp/.pycsl_gwql3f_j.mlw", line 2062, characters 15-48:
Sub-goal postcondition of goal statementemissionmixin___val_is_bool'vc.
Prover result is: Valid (0.01s, 9174 steps).

File "/home/fabrice/git/pycsl/scratchpad/w7/tmp/.pycsl_gwql3f_j.mlw", line 2063, characters 15-76:
Sub-goal postcondition of goal statementemissionmixin___val_is_bool'vc.
Prover result is: Valid (0.01s, 9175 steps).

File "/home/fabrice/git/pycsl/scratchpad/w7/tmp/.pycsl_gwql3f_j.mlw", line 2064, characters 15-62:
Sub-goal postcondition of goal statementemissionmixin___val_is_bool'vc.
Prover result is: Valid (0.01s, 9176 steps).

File "/home/fabrice/git/pycsl/scratchpad/w7/tmp/.pycsl_gwql3f_j.mlw", line 2055, characters 15-19:
Sub-goal postcondition of goal statementemissionmixin___val_is_bool'vc.
Prover result is: Valid (0.01s, 9165 steps).

File "/home/fabrice/git/pycsl/scratchpad/w7/tmp/.pycsl_gwql3f_j.mlw", line 2056, characters 15-56:
Sub-goal postcondition of goal statementemissionmixin___val_is_bool'vc.
Prover result is: Valid (0.01s, 9166 steps).

File "/home/fabrice/git/pycsl/scratchpad/w7/tmp/.pycsl_gwql3f_j.mlw", line 2057, characters 15-68:
Sub-goal postcondition of goal statementemissionmixin___val_is_bool'vc.
Prover result is: Valid (0.01s, 9167 steps).

File "/home/fabrice/git/pycsl/scratchpad/w7/tmp/.pycsl_gwql3f_j.mlw", line 2058, characters 15-66:
Sub-goal postcondition of goal statementemissionmixin___val_is_bool'vc.
Prover result is: Valid (0.01s, 9168 steps).

File "/home/fabrice/git/pycsl/scratchpad/w7/tmp/.pycsl_gwql3f_j.mlw", line 2059, characters 15-60:
Sub-goal postcondition of goal statementemissionmixin___val_is_bool'vc.
Prover result is: Valid (0.01s, 9169 steps).

File "/home/fabrice/git/pycsl/scratchpad/w7/tmp/.pycsl_gwql3f_j.mlw", line 2060, characters 15-60:
Sub-goal postcondition of goal statementemissionmixin___val_is_bool'vc.
Prover result is: Valid (0.01s, 9170 steps).

File "/home/fabrice/git/pycsl/scratchpad/w7/tmp/.pycsl_gwql3f_j.mlw", line 2061, characters 15-50:
Sub-goal postcondition of goal statementemissionmixin___val_is_bool'vc.
Prover result is: Valid (0.01s, 9171 steps).

File "/home/fabrice/git/pycsl/scratchpad/w7/tmp/.pycsl_gwql3f_j.mlw", line 2062, characters 15-48:
Sub-goal postcondition of goal statementemissionmixin___val_is_bool'vc.
Prover result is: Valid (0.01s, 9172 steps).

File "/home/fabrice/git/pycsl/scratchpad/w7/tmp/.pycsl_gwql3f_j.mlw", line 2063, characters 15-76:
Sub-goal postcondition of goal statementemissionmixin___val_is_bool'vc.
Prover result is: Valid (0.01s, 9173 steps).

File "/home/fabrice/git/pycsl/scratchpad/w7/tmp/.pycsl_gwql3f_j.mlw", line 2064, characters 15-62:
Sub-goal postcondition of goal statementemissionmixin___val_is_bool'vc.
Prover result is: Valid (0.01s, 9174 steps).

File "/home/fabrice/git/pycsl/scratchpad/w7/tmp/.pycsl_gwql3f_j.mlw", line 2087, characters 15-19:
Sub-goal postcondition of goal statementemissionmixin___wrap_body_with_return_catch'vc.
Prover result is: Valid (0.01s, 9193 steps).

File "/home/fabrice/git/pycsl/scratchpad/w7/tmp/.pycsl_gwql3f_j.mlw", line 2088, characters 15-56:
Sub-goal postcondition of goal statementemissionmixin___wrap_body_with_return_catch'vc.
Prover result is: Valid (0.01s, 9194 steps).

File "/home/fabrice/git/pycsl/scratchpad/w7/tmp/.pycsl_gwql3f_j.mlw", line 2089, characters 15-68:
Sub-goal postcondition of goal statementemissionmixin___wrap_body_with_return_catch'vc.
Prover result is: Valid (0.01s, 9195 steps).

File "/home/fabrice/git/pycsl/scratchpad/w7/tmp/.pycsl_gwql3f_j.mlw", line 2090, characters 15-66:
Sub-goal postcondition of goal statementemissionmixin___wrap_body_with_return_catch'vc.
Prover result is: Valid (0.01s, 9196 steps).

File "/home/fabrice/git/pycsl/scratchpad/w7/tmp/.pycsl_gwql3f_j.mlw", line 2091, characters 15-60:
Sub-goal postcondition of goal statementemissionmixin___wrap_body_with_return_catch'vc.
Prover result is: Valid (0.01s, 9197 steps).

File "/home/fabrice/git/pycsl/scratchpad/w7/tmp/.pycsl_gwql3f_j.mlw", line 2092, characters 15-60:
Sub-goal postcondition of goal statementemissionmixin___wrap_body_with_return_catch'vc.
Prover result is: Valid (0.01s, 9198 steps).

File "/home/fabrice/git/pycsl/scratchpad/w7/tmp/.pycsl_gwql3f_j.mlw", line 2093, characters 15-50:
Sub-goal postcondition of goal statementemissionmixin___wrap_body_with_return_catch'vc.
Prover result is: Valid (0.01s, 9199 steps).

File "/home/fabrice/git/pycsl/scratchpad/w7/tmp/.pycsl_gwql3f_j.mlw", line 2094, characters 15-48:
Sub-goal postcondition of goal statementemissionmixin___wrap_body_with_return_catch'vc.
Prover result is: Valid (0.01s, 9200 steps).

File "/home/fabrice/git/pycsl/scratchpad/w7/tmp/.pycsl_gwql3f_j.mlw", line 2095, characters 15-76:
Sub-goal postcondition of goal statementemissionmixin___wrap_body_with_return_catch'vc.
Prover result is: Valid (0.01s, 9201 steps).

File "/home/fabrice/git/pycsl/scratchpad/w7/tmp/.pycsl_gwql3f_j.mlw", line 2096, characters 15-62:
Sub-goal postcondition of goal statementemissionmixin___wrap_body_with_return_catch'vc.
Prover result is: Valid (0.01s, 9202 steps).

File "/home/fabrice/git/pycsl/scratchpad/w7/tmp/.pycsl_gwql3f_j.mlw", line 2087, characters 15-19:
Sub-goal postcondition of goal statementemissionmixin___wrap_body_with_return_catch'vc.
Prover result is: Valid (0.01s, 9556 steps).

File "/home/fabrice/git/pycsl/scratchpad/w7/tmp/.pycsl_gwql3f_j.mlw", line 2088, characters 15-56:
Sub-goal postcondition of goal statementemissionmixin___wrap_body_with_return_catch'vc.
Prover result is: Valid (0.01s, 9557 steps).

File "/home/fabrice/git/pycsl/scratchpad/w7/tmp/.pycsl_gwql3f_j.mlw", line 2089, characters 15-68:
Sub-goal postcondition of goal statementemissionmixin___wrap_body_with_return_catch'vc.
Prover result is: Valid (0.01s, 9558 steps).

File "/home/fabrice/git/pycsl/scratchpad/w7/tmp/.pycsl_gwql3f_j.mlw", line 2090, characters 15-66:
Sub-goal postcondition of goal statementemissionmixin___wrap_body_with_return_catch'vc.
Prover result is: Valid (0.01s, 9559 steps).

File "/home/fabrice/git/pycsl/scratchpad/w7/tmp/.pycsl_gwql3f_j.mlw", line 2091, characters 15-60:
Sub-goal postcondition of goal statementemissionmixin___wrap_body_with_return_catch'vc.
Prover result is: Valid (0.01s, 9560 steps).

File "/home/fabrice/git/pycsl/scratchpad/w7/tmp/.pycsl_gwql3f_j.mlw", line 2092, characters 15-60:
Sub-goal postcondition of goal statementemissionmixin___wrap_body_with_return_catch'vc.
Prover result is: Valid (0.01s, 9561 steps).

File "/home/fabrice/git/pycsl/scratchpad/w7/tmp/.pycsl_gwql3f_j.mlw", line 2093, characters 15-50:
Sub-goal postcondition of goal statementemissionmixin___wrap_body_with_return_catch'vc.
Prover result is: Valid (0.01s, 9562 steps).

File "/home/fabrice/git/pycsl/scratchpad/w7/tmp/.pycsl_gwql3f_j.mlw", line 2094, characters 15-48:
Sub-goal postcondition of goal statementemissionmixin___wrap_body_with_return_catch'vc.
Prover result is: Valid (0.01s, 9563 steps).

File "/home/fabrice/git/pycsl/scratchpad/w7/tmp/.pycsl_gwql3f_j.mlw", line 2095, characters 15-76:
Sub-goal postcondition of goal statementemissionmixin___wrap_body_with_return_catch'vc.
Prover result is: Valid (0.01s, 9564 steps).

File "/home/fabrice/git/pycsl/scratchpad/w7/tmp/.pycsl_gwql3f_j.mlw", line 2096, characters 15-62:
Sub-goal postcondition of goal statementemissionmixin___wrap_body_with_return_catch'vc.
Prover result is: Valid (0.01s, 9565 steps).

File "/home/fabrice/git/pycsl/scratchpad/w7/tmp/.pycsl_gwql3f_j.mlw", line 2087, characters 15-19:
Sub-goal postcondition of goal statementemissionmixin___wrap_body_with_return_catch'vc.
Prover result is: Valid (0.01s, 9219 steps).

File "/home/fabrice/git/pycsl/scratchpad/w7/tmp/.pycsl_gwql3f_j.mlw", line 2088, characters 15-56:
Sub-goal postcondition of goal statementemissionmixin___wrap_body_with_return_catch'vc.
Prover result is: Valid (0.01s, 9220 steps).

File "/home/fabrice/git/pycsl/scratchpad/w7/tmp/.pycsl_gwql3f_j.mlw", line 2089, characters 15-68:
Sub-goal postcondition of goal statementemissionmixin___wrap_body_with_return_catch'vc.
Prover result is: Valid (0.01s, 9221 steps).

File "/home/fabrice/git/pycsl/scratchpad/w7/tmp/.pycsl_gwql3f_j.mlw", line 2090, characters 15-66:
Sub-goal postcondition of goal statementemissionmixin___wrap_body_with_return_catch'vc.
Prover result is: Valid (0.01s, 9222 steps).

File "/home/fabrice/git/pycsl/scratchpad/w7/tmp/.pycsl_gwql3f_j.mlw", line 2091, characters 15-60:
Sub-goal postcondition of goal statementemissionmixin___wrap_body_with_return_catch'vc.
Prover result is: Valid (0.01s, 9223 steps).

File "/home/fabrice/git/pycsl/scratchpad/w7/tmp/.pycsl_gwql3f_j.mlw", line 2092, characters 15-60:
Sub-goal postcondition of goal statementemissionmixin___wrap_body_with_return_catch'vc.
Prover result is: Valid (0.01s, 9224 steps).

File "/home/fabrice/git/pycsl/scratchpad/w7/tmp/.pycsl_gwql3f_j.mlw", line 2093, characters 15-50:
Sub-goal postcondition of goal statementemissionmixin___wrap_body_with_return_catch'vc.
Prover result is: Valid (0.01s, 9225 steps).

File "/home/fabrice/git/pycsl/scratchpad/w7/tmp/.pycsl_gwql3f_j.mlw", line 2094, characters 15-48:
Sub-goal postcondition of goal statementemissionmixin___wrap_body_with_return_catch'vc.
Prover result is: Valid (0.01s, 9226 steps).

File "/home/fabrice/git/pycsl/scratchpad/w7/tmp/.pycsl_gwql3f_j.mlw", line 2095, characters 15-76:
Sub-goal postcondition of goal statementemissionmixin___wrap_body_with_return_catch'vc.
Prover result is: Valid (0.01s, 9227 steps).

File "/home/fabrice/git/pycsl/scratchpad/w7/tmp/.pycsl_gwql3f_j.mlw", line 2096, characters 15-62:
Sub-goal postcondition of goal statementemissionmixin___wrap_body_with_return_catch'vc.
Prover result is: Valid (0.01s, 9228 steps).

File "/home/fabrice/git/pycsl/scratchpad/w7/tmp/.pycsl_gwql3f_j.mlw", line 2112, characters 20-74:
Sub-goal precondition of goal statementemissionmixin___wrap_body_with_return_catch'vc.
Prover result is: Valid (0.01s, 9066 steps).

File "/home/fabrice/git/pycsl/scratchpad/w7/tmp/.pycsl_gwql3f_j.mlw", line 2087, characters 15-19:
Sub-goal postcondition of goal statementemissionmixin___wrap_body_with_return_catch'vc.
Prover result is: Valid (0.01s, 10843 steps).

File "/home/fabrice/git/pycsl/scratchpad/w7/tmp/.pycsl_gwql3f_j.mlw", line 2088, characters 15-56:
Sub-goal postcondition of goal statementemissionmixin___wrap_body_with_return_catch'vc.
Prover result is: Valid (0.01s, 10856 steps).

File "/home/fabrice/git/pycsl/scratchpad/w7/tmp/.pycsl_gwql3f_j.mlw", line 2089, characters 15-68:
Sub-goal postcondition of goal statementemissionmixin___wrap_body_with_return_catch'vc.
Prover result is: Valid (0.03s, 127604 steps).

File "/home/fabrice/git/pycsl/scratchpad/w7/tmp/.pycsl_gwql3f_j.mlw", line 2090, characters 15-66:
Sub-goal postcondition of goal statementemissionmixin___wrap_body_with_return_catch'vc.
Prover result is: Valid (0.01s, 10878 steps).

File "/home/fabrice/git/pycsl/scratchpad/w7/tmp/.pycsl_gwql3f_j.mlw", line 2091, characters 15-60:
Sub-goal postcondition of goal statementemissionmixin___wrap_body_with_return_catch'vc.
Prover result is: Valid (0.01s, 10891 steps).

File "/home/fabrice/git/pycsl/scratchpad/w7/tmp/.pycsl_gwql3f_j.mlw", line 2092, characters 15-60:
Sub-goal postcondition of goal statementemissionmixin___wrap_body_with_return_catch'vc.
Prover result is: Valid (0.01s, 10904 steps).

File "/home/fabrice/git/pycsl/scratchpad/w7/tmp/.pycsl_gwql3f_j.mlw", line 2093, characters 15-50:
Sub-goal postcondition of goal statementemissionmixin___wrap_body_with_return_catch'vc.
Prover result is: Valid (0.02s, 127652 steps).

File "/home/fabrice/git/pycsl/scratchpad/w7/tmp/.pycsl_gwql3f_j.mlw", line 2094, characters 15-48:
Sub-goal postcondition of goal statementemissionmixin___wrap_body_with_return_catch'vc.
Prover result is: Valid (0.01s, 10930 steps).

File "/home/fabrice/git/pycsl/scratchpad/w7/tmp/.pycsl_gwql3f_j.mlw", line 2095, characters 15-76:
Sub-goal postcondition of goal statementemissionmixin___wrap_body_with_return_catch'vc.
Prover result is: Valid (0.01s, 10943 steps).

File "/home/fabrice/git/pycsl/scratchpad/w7/tmp/.pycsl_gwql3f_j.mlw", line 2096, characters 15-62:
Sub-goal postcondition of goal statementemissionmixin___wrap_body_with_return_catch'vc.
Prover result is: Valid (0.01s, 10956 steps).

File "/home/fabrice/git/pycsl/scratchpad/w7/tmp/.pycsl_gwql3f_j.mlw", line 2087, characters 15-19:
Sub-goal postcondition of goal statementemissionmixin___wrap_body_with_return_catch'vc.
Prover result is: Valid (0.01s, 10738 steps).

File "/home/fabrice/git/pycsl/scratchpad/w7/tmp/.pycsl_gwql3f_j.mlw", line 2088, characters 15-56:
Sub-goal postcondition of goal statementemissionmixin___wrap_body_with_return_catch'vc.
Prover result is: Valid (0.01s, 10751 steps).

File "/home/fabrice/git/pycsl/scratchpad/w7/tmp/.pycsl_gwql3f_j.mlw", line 2089, characters 15-68:
Sub-goal postcondition of goal statementemissionmixin___wrap_body_with_return_catch'vc.
Prover result is: Valid (0.03s, 127513 steps).

File "/home/fabrice/git/pycsl/scratchpad/w7/tmp/.pycsl_gwql3f_j.mlw", line 2090, characters 15-66:
Sub-goal postcondition of goal statementemissionmixin___wrap_body_with_return_catch'vc.
Prover result is: Valid (0.01s, 10773 steps).

File "/home/fabrice/git/pycsl/scratchpad/w7/tmp/.pycsl_gwql3f_j.mlw", line 2091, characters 15-60:
Sub-goal postcondition of goal statementemissionmixin___wrap_body_with_return_catch'vc.
Prover result is: Valid (0.01s, 10786 steps).

File "/home/fabrice/git/pycsl/scratchpad/w7/tmp/.pycsl_gwql3f_j.mlw", line 2092, characters 15-60:
Sub-goal postcondition of goal statementemissionmixin___wrap_body_with_return_catch'vc.
Prover result is: Valid (0.01s, 10799 steps).

File "/home/fabrice/git/pycsl/scratchpad/w7/tmp/.pycsl_gwql3f_j.mlw", line 2093, characters 15-50:
Sub-goal postcondition of goal statementemissionmixin___wrap_body_with_return_catch'vc.
Prover result is: Valid (0.04s, 127561 steps).

File "/home/fabrice/git/pycsl/scratchpad/w7/tmp/.pycsl_gwql3f_j.mlw", line 2094, characters 15-48:
Sub-goal postcondition of goal statementemissionmixin___wrap_body_with_return_catch'vc.
Prover result is: Valid (0.01s, 10825 steps).

File "/home/fabrice/git/pycsl/scratchpad/w7/tmp/.pycsl_gwql3f_j.mlw", line 2095, characters 15-76:
Sub-goal postcondition of goal statementemissionmixin___wrap_body_with_return_catch'vc.
Prover result is: Valid (0.01s, 10838 steps).

File "/home/fabrice/git/pycsl/scratchpad/w7/tmp/.pycsl_gwql3f_j.mlw", line 2096, characters 15-62:
Sub-goal postcondition of goal statementemissionmixin___wrap_body_with_return_catch'vc.
Prover result is: Valid (0.01s, 10851 steps).

File "/home/fabrice/git/pycsl/scratchpad/w7/tmp/.pycsl_gwql3f_j.mlw", line 2087, characters 15-19:
Sub-goal postcondition of goal statementemissionmixin___wrap_body_with_return_catch'vc.
Prover result is: Valid (0.01s, 9246 steps).

File "/home/fabrice/git/pycsl/scratchpad/w7/tmp/.pycsl_gwql3f_j.mlw", line 2088, characters 15-56:
Sub-goal postcondition of goal statementemissionmixin___wrap_body_with_return_catch'vc.
Prover result is: Valid (0.01s, 9247 steps).

File "/home/fabrice/git/pycsl/scratchpad/w7/tmp/.pycsl_gwql3f_j.mlw", line 2089, characters 15-68:
Sub-goal postcondition of goal statementemissionmixin___wrap_body_with_return_catch'vc.
Prover result is: Valid (0.02s, 9248 steps).

File "/home/fabrice/git/pycsl/scratchpad/w7/tmp/.pycsl_gwql3f_j.mlw", line 2090, characters 15-66:
Sub-goal postcondition of goal statementemissionmixin___wrap_body_with_return_catch'vc.
Prover result is: Valid (0.01s, 9249 steps).

File "/home/fabrice/git/pycsl/scratchpad/w7/tmp/.pycsl_gwql3f_j.mlw", line 2091, characters 15-60:
Sub-goal postcondition of goal statementemissionmixin___wrap_body_with_return_catch'vc.
Prover result is: Valid (0.01s, 9250 steps).

File "/home/fabrice/git/pycsl/scratchpad/w7/tmp/.pycsl_gwql3f_j.mlw", line 2092, characters 15-60:
Sub-goal postcondition of goal statementemissionmixin___wrap_body_with_return_catch'vc.
Prover result is: Valid (0.01s, 9251 steps).

File "/home/fabrice/git/pycsl/scratchpad/w7/tmp/.pycsl_gwql3f_j.mlw", line 2093, characters 15-50:
Sub-goal postcondition of goal statementemissionmixin___wrap_body_with_return_catch'vc.
Prover result is: Valid (0.01s, 9252 steps).

File "/home/fabrice/git/pycsl/scratchpad/w7/tmp/.pycsl_gwql3f_j.mlw", line 2094, characters 15-48:
Sub-goal postcondition of goal statementemissionmixin___wrap_body_with_return_catch'vc.
Prover result is: Valid (0.01s, 9253 steps).

File "/home/fabrice/git/pycsl/scratchpad/w7/tmp/.pycsl_gwql3f_j.mlw", line 2095, characters 15-76:
Sub-goal postcondition of goal statementemissionmixin___wrap_body_with_return_catch'vc.
Prover result is: Valid (0.01s, 9254 steps).

File "/home/fabrice/git/pycsl/scratchpad/w7/tmp/.pycsl_gwql3f_j.mlw", line 2096, characters 15-62:
Sub-goal postcondition of goal statementemissionmixin___wrap_body_with_return_catch'vc.
Prover result is: Valid (0.01s, 9255 steps).

File "/home/fabrice/git/pycsl/scratchpad/w7/tmp/.pycsl_gwql3f_j.mlw", line 2087, characters 15-19:
Sub-goal postcondition of goal statementemissionmixin___wrap_body_with_return_catch'vc.
Prover result is: Valid (0.01s, 9250 steps).

File "/home/fabrice/git/pycsl/scratchpad/w7/tmp/.pycsl_gwql3f_j.mlw", line 2088, characters 15-56:
Sub-goal postcondition of goal statementemissionmixin___wrap_body_with_return_catch'vc.
Prover result is: Valid (0.01s, 9251 steps).

File "/home/fabrice/git/pycsl/scratchpad/w7/tmp/.pycsl_gwql3f_j.mlw", line 2089, characters 15-68:
Sub-goal postcondition of goal statementemissionmixin___wrap_body_with_return_catch'vc.
Prover result is: Valid (0.01s, 9252 steps).

File "/home/fabrice/git/pycsl/scratchpad/w7/tmp/.pycsl_gwql3f_j.mlw", line 2090, characters 15-66:
Sub-goal postcondition of goal statementemissionmixin___wrap_body_with_return_catch'vc.
Prover result is: Valid (0.01s, 9253 steps).

File "/home/fabrice/git/pycsl/scratchpad/w7/tmp/.pycsl_gwql3f_j.mlw", line 2091, characters 15-60:
Sub-goal postcondition of goal statementemissionmixin___wrap_body_with_return_catch'vc.
Prover result is: Valid (0.01s, 9254 steps).

File "/home/fabrice/git/pycsl/scratchpad/w7/tmp/.pycsl_gwql3f_j.mlw", line 2092, characters 15-60:
Sub-goal postcondition of goal statementemissionmixin___wrap_body_with_return_catch'vc.
Prover result is: Valid (0.01s, 9255 steps).

File "/home/fabrice/git/pycsl/scratchpad/w7/tmp/.pycsl_gwql3f_j.mlw", line 2093, characters 15-50:
Sub-goal postcondition of goal statementemissionmixin___wrap_body_with_return_catch'vc.
Prover result is: Valid (0.01s, 9256 steps).

File "/home/fabrice/git/pycsl/scratchpad/w7/tmp/.pycsl_gwql3f_j.mlw", line 2094, characters 15-48:
Sub-goal postcondition of goal statementemissionmixin___wrap_body_with_return_catch'vc.
Prover result is: Valid (0.01s, 9257 steps).

File "/home/fabrice/git/pycsl/scratchpad/w7/tmp/.pycsl_gwql3f_j.mlw", line 2095, characters 15-76:
Sub-goal postcondition of goal statementemissionmixin___wrap_body_with_return_catch'vc.
Prover result is: Valid (0.01s, 9258 steps).

File "/home/fabrice/git/pycsl/scratchpad/w7/tmp/.pycsl_gwql3f_j.mlw", line 2096, characters 15-62:
Sub-goal postcondition of goal statementemissionmixin___wrap_body_with_return_catch'vc.
Prover result is: Valid (0.01s, 9259 steps).

Warnings/Errors from Why3:
Warning, file "/home/fabrice/git/pycsl/scratchpad/w7/tmp/.pycsl_gwql3f_j.mlw", line 640, characters 17-19: unused variable x0
Warning, file "/home/fabrice/git/pycsl/scratchpad/w7/tmp/.pycsl_gwql3f_j.mlw", line 641, characters 17-19: unused variable x0
Warning, file "/home/fabrice/git/pycsl/scratchpad/w7/tmp/.pycsl_gwql3f_j.mlw", line 647, characters 26-27: unused variable s
Warning, file "/home/fabrice/git/pycsl/scratchpad/w7/tmp/.pycsl_gwql3f_j.mlw", line 696, characters 20-23: unused variable sep
Warning, file "/home/fabrice/git/pycsl/scratchpad/w7/tmp/.pycsl_gwql3f_j.mlw", line 696, characters 34-36: unused variable xs
Warning, file "/home/fabrice/git/pycsl/scratchpad/w7/tmp/.pycsl_gwql3f_j.mlw", line 704, characters 27-30: unused variable sep
Warning, file "/home/fabrice/git/pycsl/scratchpad/w7/tmp/.pycsl_gwql3f_j.mlw", line 704, characters 41-42: unused variable i
Warning, file "/home/fabrice/git/pycsl/scratchpad/w7/tmp/.pycsl_gwql3f_j.mlw", line 754, characters 23-27: unused variable self
Warning, file "/home/fabrice/git/pycsl/scratchpad/w7/tmp/.pycsl_gwql3f_j.mlw", line 777, characters 79-83: unused variable decl
Warning, file "/home/fabrice/git/pycsl/scratchpad/w7/tmp/.pycsl_gwql3f_j.mlw", line 783, characters 15-19: unused variable result
Warning, file "/home/fabrice/git/pycsl/scratchpad/w7/tmp/.pycsl_gwql3f_j.mlw", line 852, characters 14-29: unused variable py_underscore_2
Warning, file "/home/fabrice/git/pycsl/scratchpad/w7/tmp/.pycsl_gwql3f_j.mlw", line 851, characters 14-29: unused variable py_underscore_1
Warning, file "/home/fabrice/git/pycsl/scratchpad/w7/tmp/.pycsl_gwql3f_j.mlw", line 850, characters 14-27: unused variable py_underscore
Warning, file "/home/fabrice/git/pycsl/scratchpad/w7/tmp/.pycsl_gwql3f_j.mlw", line 846, characters 12-25: unused variable py_underscore
Warning, file "/home/fabrice/git/pycsl/scratchpad/w7/tmp/.pycsl_gwql3f_j.mlw", line 826, characters 15-19: unused variable result
Warning, file "/home/fabrice/git/pycsl/scratchpad/w7/tmp/.pycsl_gwql3f_j.mlw", line 862, characters 46-50: unused variable self
Warning, file "/home/fabrice/git/pycsl/scratchpad/w7/tmp/.pycsl_gwql3f_j.mlw", line 862, characters 77-83: unused variable py_val
Warning, file "/home/fabrice/git/pycsl/scratchpad/w7/tmp/.pycsl_gwql3f_j.mlw", line 863, characters 15-19: unused variable result
Warning, file "/home/fabrice/git/pycsl/scratchpad/w7/tmp/.pycsl_gwql3f_j.mlw", line 902, characters 32-36: unused variable result
Warning, file "/home/fabrice/git/pycsl/scratchpad/w7/tmp/.pycsl_gwql3f_j.mlw", line 937, characters 32-36: unused variable result
Warning, file "/home/fabrice/git/pycsl/scratchpad/w7/tmp/.pycsl_gwql3f_j.mlw", line 931, characters 32-36: unused variable result
Warning, file "/home/fabrice/git/pycsl/scratchpad/w7/tmp/.pycsl_gwql3f_j.mlw", line 924, characters 32-36: unused variable result
Warning, file "/home/fabrice/git/pycsl/scratchpad/w7/tmp/.pycsl_gwql3f_j.mlw", line 941, characters 32-36: unused variable result
Warning, file "/home/fabrice/git/pycsl/scratchpad/w7/tmp/.pycsl_gwql3f_j.mlw", line 1001, characters 32-36: unused variable result
Warning, file "/home/fabrice/git/pycsl/scratchpad/w7/tmp/.pycsl_gwql3f_j.mlw", line 1023, characters 32-36: unused variable result
Warning, file "/home/fabrice/git/pycsl/scratchpad/w7/tmp/.pycsl_gwql3f_j.mlw", line 1065, characters 32-36: unused variable result
Warning, file "/home/fabrice/git/pycsl/scratchpad/w7/tmp/.pycsl_gwql3f_j.mlw", line 1059, characters 32-36: unused variable result
Warning, file "/home/fabrice/git/pycsl/scratchpad/w7/tmp/.pycsl_gwql3f_j.mlw", line 1052, characters 32-36: unused variable result
Warning, file "/home/fabrice/git/pycsl/scratchpad/w7/tmp/.pycsl_gwql3f_j.mlw", line 1082, characters 32-36: unused variable result
Warning, file "/home/fabrice/git/pycsl/scratchpad/w7/tmp/.pycsl_gwql3f_j.mlw", line 1076, characters 32-36: unused variable result
Warning, file "/home/fabrice/git/pycsl/scratchpad/w7/tmp/.pycsl_gwql3f_j.mlw", line 1069, characters 32-36: unused variable result
Warning, file "/home/fabrice/git/pycsl/scratchpad/w7/tmp/.pycsl_gwql3f_j.mlw", line 1086, characters 32-36: unused variable result
Warning, file "/home/fabrice/git/pycsl/scratchpad/w7/tmp/.pycsl_gwql3f_j.mlw", line 1090, characters 15-19: unused variable result
Warning, file "/home/fabrice/git/pycsl/scratchpad/w7/tmp/.pycsl_gwql3f_j.mlw", line 1119, characters 34-38: unused variable self
Warning, file "/home/fabrice/git/pycsl/scratchpad/w7/tmp/.pycsl_gwql3f_j.mlw", line 1119, characters 65-67: unused variable ir
Warning, file "/home/fabrice/git/pycsl/scratchpad/w7/tmp/.pycsl_gwql3f_j.mlw", line 1119, characters 79-89: unused variable local_refs
Warning, file "/home/fabrice/git/pycsl/scratchpad/w7/tmp/.pycsl_gwql3f_j.mlw", line 1120, characters 15-19: unused variable result
Warning, file "/home/fabrice/git/pycsl/scratchpad/w7/tmp/.pycsl_gwql3f_j.mlw", line 1138, characters 8-11: unused variable elt
Warning, file "/home/fabrice/git/pycsl/scratchpad/w7/tmp/.pycsl_gwql3f_j.mlw", line 1135, characters 8-17: unused variable parts_len
Warning, file "/home/fabrice/git/pycsl/scratchpad/w7/tmp/.pycsl_gwql3f_j.mlw", line 1122, characters 89-95: unused variable target
Warning, file "/home/fabrice/git/pycsl/scratchpad/w7/tmp/.pycsl_gwql3f_j.mlw", line 1124, characters 15-19: unused variable result
Warning, file "/home/fabrice/git/pycsl/scratchpad/w7/tmp/.pycsl_gwql3f_j.mlw", line 1159, characters 78-82: unused variable func
Warning, file "/home/fabrice/git/pycsl/scratchpad/w7/tmp/.pycsl_gwql3f_j.mlw", line 1159, characters 110-120: unused variable body_stmts
Warning, file "/home/fabrice/git/pycsl/scratchpad/w7/tmp/.pycsl_gwql3f_j.mlw", line 1159, characters 134-144: unused variable local_refs
Warning, file "/home/fabrice/git/pycsl/scratchpad/w7/tmp/.pycsl_gwql3f_j.mlw", line 1159, characters 169-179: unused variable ghost_vars
Warning, file "/home/fabrice/git/pycsl/scratchpad/w7/tmp/.pycsl_gwql3f_j.mlw", line 1159, characters 204-214: unused variable ref_params
Warning, file "/home/fabrice/git/pycsl/scratchpad/w7/tmp/.pycsl_gwql3f_j.mlw", line 1159, characters 239-248: unused variable is_method
Warning, file "/home/fabrice/git/pycsl/scratchpad/w7/tmp/.pycsl_gwql3f_j.mlw", line 1159, characters 256-267: unused variable return_type
Warning, file "/home/fabrice/git/pycsl/scratchpad/w7/tmp/.pycsl_gwql3f_j.mlw", line 1161, characters 15-19: unused variable result
Warning, file "/home/fabrice/git/pycsl/scratchpad/w7/tmp/.pycsl_gwql3f_j.mlw", line 1164, characters 81-85: unused variable kind
Warning, file "/home/fabrice/git/pycsl/scratchpad/w7/tmp/.pycsl_gwql3f_j.mlw", line 1164, characters 96-102: unused variable indent
Warning, file "/home/fabrice/git/pycsl/scratchpad/w7/tmp/.pycsl_gwql3f_j.mlw", line 1164, characters 113-124: unused variable safe_target
Warning, file "/home/fabrice/git/pycsl/scratchpad/w7/tmp/.pycsl_gwql3f_j.mlw", line 1164, characters 135-141: unused variable target
Warning, file "/home/fabrice/git/pycsl/scratchpad/w7/tmp/.pycsl_gwql3f_j.mlw", line 1164, characters 152-158: unused variable py_val
Warning, file "/home/fabrice/git/pycsl/scratchpad/w7/tmp/.pycsl_gwql3f_j.mlw", line 1164, characters 169-175: unused variable val_ir
Warning, file "/home/fabrice/git/pycsl/scratchpad/w7/tmp/.pycsl_gwql3f_j.mlw", line 1164, characters 187-197: unused variable local_refs
Warning, file "/home/fabrice/git/pycsl/scratchpad/w7/tmp/.pycsl_gwql3f_j.mlw", line 1166, characters 15-19: unused variable result
Warning, file "/home/fabrice/git/pycsl/scratchpad/w7/tmp/.pycsl_gwql3f_j.mlw", line 1169, characters 84-96: unused variable assigns_list
Warning, file "/home/fabrice/git/pycsl/scratchpad/w7/tmp/.pycsl_gwql3f_j.mlw", line 1169, characters 110-119: unused variable spec_refs
Warning, file "/home/fabrice/git/pycsl/scratchpad/w7/tmp/.pycsl_gwql3f_j.mlw", line 1171, characters 15-19: unused variable result
Warning, file "/home/fabrice/git/pycsl/scratchpad/w7/tmp/.pycsl_gwql3f_j.mlw", line 1174, characters 104-110: unused variable target
Warning, file "/home/fabrice/git/pycsl/scratchpad/w7/tmp/.pycsl_gwql3f_j.mlw", line 1176, characters 15-19: unused variable result
Warning, file "/home/fabrice/git/pycsl/scratchpad/w7/tmp/.pycsl_gwql3f_j.mlw", line 1192, characters 77-81: unused variable expr
Warning, file "/home/fabrice/git/pycsl/scratchpad/w7/tmp/.pycsl_gwql3f_j.mlw", line 1192, characters 93-103: unused variable local_refs
Warning, file "/home/fabrice/git/pycsl/scratchpad/w7/tmp/.pycsl_gwql3f_j.mlw", line 1192, characters 128-141: unused variable invariant_ctx
Warning, file "/home/fabrice/git/pycsl/scratchpad/w7/tmp/.pycsl_gwql3f_j.mlw", line 1192, characters 149-154: unused variable subst
Warning, file "/home/fabrice/git/pycsl/scratchpad/w7/tmp/.pycsl_gwql3f_j.mlw", line 1193, characters 15-19: unused variable result
Warning, file "/home/fabrice/git/pycsl/scratchpad/w7/tmp/.pycsl_gwql3f_j.mlw", line 1196, characters 57-61: unused variable self
Warning, file "/home/fabrice/git/pycsl/scratchpad/w7/tmp/.pycsl_gwql3f_j.mlw", line 1196, characters 88-90: unused variable ir
Warning, file "/home/fabrice/git/pycsl/scratchpad/w7/tmp/.pycsl_gwql3f_j.mlw", line 1196, characters 102-112: unused variable local_refs
Warning, file "/home/fabrice/git/pycsl/scratchpad/w7/tmp/.pycsl_gwql3f_j.mlw", line 1197, characters 15-19: unused variable result
Warning, file "/home/fabrice/git/pycsl/scratchpad/w7/tmp/.pycsl_gwql3f_j.mlw", line 1201, characters 15-19: unused variable result
Warning, file "/home/fabrice/git/pycsl/scratchpad/w7/tmp/.pycsl_gwql3f_j.mlw", line 1238, characters 8-12: unused variable info
Warning, file "/home/fabrice/git/pycsl/scratchpad/w7/tmp/.pycsl_gwql3f_j.mlw", line 1225, characters 15-19: unused variable result
Warning, file "/home/fabrice/git/pycsl/scratchpad/w7/tmp/.pycsl_gwql3f_j.mlw", line 1281, characters 8-12: unused variable info
Warning, file "/home/fabrice/git/pycsl/scratchpad/w7/tmp/.pycsl_gwql3f_j.mlw", line 1264, characters 15-19: unused variable result
Warning, file "/home/fabrice/git/pycsl/scratchpad/w7/tmp/.pycsl_gwql3f_j.mlw", line 1341, characters 15-19: unused variable result
Warning, file "/home/fabrice/git/pycsl/scratchpad/w7/tmp/.pycsl_gwql3f_j.mlw", line 1399, characters 15-19: unused variable result
Warning, file "/home/fabrice/git/pycsl/scratchpad/w7/tmp/.pycsl_gwql3f_j.mlw", line 1466, characters 15-19: unused variable result
Warning, file "/home/fabrice/git/pycsl/scratchpad/w7/tmp/.pycsl_gwql3f_j.mlw", line 1531, characters 85-89: unused variable stmt
Warning, file "/home/fabrice/git/pycsl/scratchpad/w7/tmp/.pycsl_gwql3f_j.mlw", line 1531, characters 106-110: unused variable rest
Warning, file "/home/fabrice/git/pycsl/scratchpad/w7/tmp/.pycsl_gwql3f_j.mlw", line 1531, characters 124-134: unused variable local_refs
Warning, file "/home/fabrice/git/pycsl/scratchpad/w7/tmp/.pycsl_gwql3f_j.mlw", line 1531, characters 159-172: unused variable declared_refs
Warning, file "/home/fabrice/git/pycsl/scratchpad/w7/tmp/.pycsl_gwql3f_j.mlw", line 1531, characters 197-203: unused variable indent
Warning, file "/home/fabrice/git/pycsl/scratchpad/w7/tmp/.pycsl_gwql3f_j.mlw", line 1531, characters 214-221: unused variable in_loop
Warning, file "/home/fabrice/git/pycsl/scratchpad/w7/tmp/.pycsl_gwql3f_j.mlw", line 1533, characters 15-19: unused variable result
Warning, file "/home/fabrice/git/pycsl/scratchpad/w7/tmp/.pycsl_gwql3f_j.mlw", line 1554, characters 8-11: unused variable arr
Warning, file "/home/fabrice/git/pycsl/scratchpad/w7/tmp/.pycsl_gwql3f_j.mlw", line 1538, characters 15-19: unused variable result
Warning, file "/home/fabrice/git/pycsl/scratchpad/w7/tmp/.pycsl_gwql3f_j.mlw", line 1580, characters 82-86: unused variable stmt
Warning, file "/home/fabrice/git/pycsl/scratchpad/w7/tmp/.pycsl_gwql3f_j.mlw", line 1580, characters 101-105: unused variable rest
Warning, file "/home/fabrice/git/pycsl/scratchpad/w7/tmp/.pycsl_gwql3f_j.mlw", line 1580, characters 119-129: unused variable local_refs
Warning, file "/home/fabrice/git/pycsl/scratchpad/w7/tmp/.pycsl_gwql3f_j.mlw", line 1580, characters 154-167: unused variable declared_refs
Warning, file "/home/fabrice/git/pycsl/scratchpad/w7/tmp/.pycsl_gwql3f_j.mlw", line 1580, characters 192-198: unused variable indent
Warning, file "/home/fabrice/git/pycsl/scratchpad/w7/tmp/.pycsl_gwql3f_j.mlw", line 1580, characters 209-216: unused variable in_loop
Warning, file "/home/fabrice/git/pycsl/scratchpad/w7/tmp/.pycsl_gwql3f_j.mlw", line 1582, characters 15-19: unused variable result
Warning, file "/home/fabrice/git/pycsl/scratchpad/w7/tmp/.pycsl_gwql3f_j.mlw", line 1585, characters 85-89: unused variable stmt
Warning, file "/home/fabrice/git/pycsl/scratchpad/w7/tmp/.pycsl_gwql3f_j.mlw", line 1585, characters 107-111: unused variable rest
Warning, file "/home/fabrice/git/pycsl/scratchpad/w7/tmp/.pycsl_gwql3f_j.mlw", line 1585, characters 125-135: unused variable local_refs
Warning, file "/home/fabrice/git/pycsl/scratchpad/w7/tmp/.pycsl_gwql3f_j.mlw", line 1585, characters 160-173: unused variable declared_refs
Warning, file "/home/fabrice/git/pycsl/scratchpad/w7/tmp/.pycsl_gwql3f_j.mlw", line 1585, characters 198-204: unused variable indent
Warning, file "/home/fabrice/git/pycsl/scratchpad/w7/tmp/.pycsl_gwql3f_j.mlw", line 1585, characters 215-222: unused variable in_loop
Warning, file "/home/fabrice/git/pycsl/scratchpad/w7/tmp/.pycsl_gwql3f_j.mlw", line 1587, characters 15-19: unused variable result
Warning, file "/home/fabrice/git/pycsl/scratchpad/w7/tmp/.pycsl_gwql3f_j.mlw", line 1601, characters 8-11: unused variable var
Warning, file "/home/fabrice/git/pycsl/scratchpad/w7/tmp/.pycsl_gwql3f_j.mlw", line 1600, characters 8-24: unused variable let_bindings_len
Warning, file "/home/fabrice/git/pycsl/scratchpad/w7/tmp/.pycsl_gwql3f_j.mlw", line 1599, characters 8-21: unused variable seq_parts_len
Warning, file "/home/fabrice/git/pycsl/scratchpad/w7/tmp/.pycsl_gwql3f_j.mlw", line 1592, characters 15-19: unused variable result
Warning, file "/home/fabrice/git/pycsl/scratchpad/w7/tmp/.pycsl_gwql3f_j.mlw", line 1685, characters 80-84: unused variable stmt
Warning, file "/home/fabrice/git/pycsl/scratchpad/w7/tmp/.pycsl_gwql3f_j.mlw", line 1685, characters 97-101: unused variable rest
Warning, file "/home/fabrice/git/pycsl/scratchpad/w7/tmp/.pycsl_gwql3f_j.mlw", line 1685, characters 115-125: unused variable local_refs
Warning, file "/home/fabrice/git/pycsl/scratchpad/w7/tmp/.pycsl_gwql3f_j.mlw", line 1685, characters 150-163: unused variable declared_refs
Warning, file "/home/fabrice/git/pycsl/scratchpad/w7/tmp/.pycsl_gwql3f_j.mlw", line 1685, characters 188-194: unused variable indent
Warning, file "/home/fabrice/git/pycsl/scratchpad/w7/tmp/.pycsl_gwql3f_j.mlw", line 1685, characters 205-212: unused variable in_loop
Warning, file "/home/fabrice/git/pycsl/scratchpad/w7/tmp/.pycsl_gwql3f_j.mlw", line 1687, characters 15-19: unused variable result
Warning, file "/home/fabrice/git/pycsl/scratchpad/w7/tmp/.pycsl_gwql3f_j.mlw", line 1700, characters 8-14: unused variable py_val
Warning, file "/home/fabrice/git/pycsl/scratchpad/w7/tmp/.pycsl_gwql3f_j.mlw", line 1692, characters 15-19: unused variable result
Warning, file "/home/fabrice/git/pycsl/scratchpad/w7/tmp/.pycsl_gwql3f_j.mlw", line 1780, characters 8-14: unused variable py_val
Warning, file "/home/fabrice/git/pycsl/scratchpad/w7/tmp/.pycsl_gwql3f_j.mlw", line 1773, characters 15-19: unused variable result
Warning, file "/home/fabrice/git/pycsl/scratchpad/w7/tmp/.pycsl_gwql3f_j.mlw", line 1828, characters 8-14: unused variable py_val
Warning, file "/home/fabrice/git/pycsl/scratchpad/w7/tmp/.pycsl_gwql3f_j.mlw", line 1821, characters 15-19: unused variable result
Warning, file "/home/fabrice/git/pycsl/scratchpad/w7/tmp/.pycsl_gwql3f_j.mlw", line 1841, characters 88-92: unused variable stmt
Warning, file "/home/fabrice/git/pycsl/scratchpad/w7/tmp/.pycsl_gwql3f_j.mlw", line 1841, characters 112-116: unused variable rest
Warning, file "/home/fabrice/git/pycsl/scratchpad/w7/tmp/.pycsl_gwql3f_j.mlw", line 1841, characters 130-140: unused variable local_refs
Warning, file "/home/fabrice/git/pycsl/scratchpad/w7/tmp/.pycsl_gwql3f_j.mlw", line 1841, characters 165-178: unused variable declared_refs
Warning, file "/home/fabrice/git/pycsl/scratchpad/w7/tmp/.pycsl_gwql3f_j.mlw", line 1841, characters 203-209: unused variable indent
Warning, file "/home/fabrice/git/pycsl/scratchpad/w7/tmp/.pycsl_gwql3f_j.mlw", line 1841, characters 220-227: unused variable in_loop
Warning, file "/home/fabrice/git/pycsl/scratchpad/w7/tmp/.pycsl_gwql3f_j.mlw", line 1843, characters 15-19: unused variable result
Warning, file "/home/fabrice/git/pycsl/scratchpad/w7/tmp/.pycsl_gwql3f_j.mlw", line 1846, characters 82-86: unused variable stmt
Warning, file "/home/fabrice/git/pycsl/scratchpad/w7/tmp/.pycsl_gwql3f_j.mlw", line 1846, characters 98-102: unused variable rest
Warning, file "/home/fabrice/git/pycsl/scratchpad/w7/tmp/.pycsl_gwql3f_j.mlw", line 1846, characters 116-126: unused variable local_refs
Warning, file "/home/fabrice/git/pycsl/scratchpad/w7/tmp/.pycsl_gwql3f_j.mlw", line 1846, characters 151-164: unused variable declared_refs
Warning, file "/home/fabrice/git/pycsl/scratchpad/w7/tmp/.pycsl_gwql3f_j.mlw", line 1846, characters 189-195: unused variable indent
Warning, file "/home/fabrice/git/pycsl/scratchpad/w7/tmp/.pycsl_gwql3f_j.mlw", line 1846, characters 206-213: unused variable in_loop
Warning, file "/home/fabrice/git/pycsl/scratchpad/w7/tmp/.pycsl_gwql3f_j.mlw", line 1847, characters 15-19: unused variable result
Warning, file "/home/fabrice/git/pycsl/scratchpad/w7/tmp/.pycsl_gwql3f_j.mlw", line 1852, characters 15-19: unused variable result
Warning, file "/home/fabrice/git/pycsl/scratchpad/w7/tmp/.pycsl_gwql3f_j.mlw", line 1885, characters 88-92: unused variable stmt
Warning, file "/home/fabrice/git/pycsl/scratchpad/w7/tmp/.pycsl_gwql3f_j.mlw", line 1885, characters 112-116: unused variable rest
Warning, file "/home/fabrice/git/pycsl/scratchpad/w7/tmp/.pycsl_gwql3f_j.mlw", line 1885, characters 130-140: unused variable local_refs
Warning, file "/home/fabrice/git/pycsl/scratchpad/w7/tmp/.pycsl_gwql3f_j.mlw", line 1885, characters 165-178: unused variable declared_refs
Warning, file "/home/fabrice/git/pycsl/scratchpad/w7/tmp/.pycsl_gwql3f_j.mlw", line 1885, characters 203-209: unused variable indent
Warning, file "/home/fabrice/git/pycsl/scratchpad/w7/tmp/.pycsl_gwql3f_j.mlw", line 1885, characters 220-227: unused variable in_loop
Warning, file "/home/fabrice/git/pycsl/scratchpad/w7/tmp/.pycsl_gwql3f_j.mlw", line 1887, characters 15-19: unused variable result
Warning, file "/home/fabrice/git/pycsl/scratchpad/w7/tmp/.pycsl_gwql3f_j.mlw", line 1890, characters 48-52: unused variable self
Warning, file "/home/fabrice/git/pycsl/scratchpad/w7/tmp/.pycsl_gwql3f_j.mlw", line 1890, characters 79-81: unused variable ir
Warning, file "/home/fabrice/git/pycsl/scratchpad/w7/tmp/.pycsl_gwql3f_j.mlw", line 1891, characters 15-19: unused variable result
Warning, file "/home/fabrice/git/pycsl/scratchpad/w7/tmp/.pycsl_gwql3f_j.mlw", line 1893, characters 47-51: unused variable self
Warning, file "/home/fabrice/git/pycsl/scratchpad/w7/tmp/.pycsl_gwql3f_j.mlw", line 1893, characters 78-80: unused variable ir
Warning, file "/home/fabrice/git/pycsl/scratchpad/w7/tmp/.pycsl_gwql3f_j.mlw", line 1894, characters 15-19: unused variable result
Warning, file "/home/fabrice/git/pycsl/scratchpad/w7/tmp/.pycsl_gwql3f_j.mlw", line 1928, characters 63-67: unused variable self
Warning, file "/home/fabrice/git/pycsl/scratchpad/w7/tmp/.pycsl_gwql3f_j.mlw", line 1928, characters 94-98: unused variable kind
Warning, file "/home/fabrice/git/pycsl/scratchpad/w7/tmp/.pycsl_gwql3f_j.mlw", line 1928, characters 106-110: unused variable args
Warning, file "/home/fabrice/git/pycsl/scratchpad/w7/tmp/.pycsl_gwql3f_j.mlw", line 1929, characters 15-19: unused variable result
Warning, file "/home/fabrice/git/pycsl/scratchpad/w7/tmp/.pycsl_gwql3f_j.mlw", line 1931, characters 54-58: unused variable self
Warning, file "/home/fabrice/git/pycsl/scratchpad/w7/tmp/.pycsl_gwql3f_j.mlw", line 1931, characters 85-90: unused variable mutex
Warning, file "/home/fabrice/git/pycsl/scratchpad/w7/tmp/.pycsl_gwql3f_j.mlw", line 1931, characters 101-108: unused variable inv_str
Warning, file "/home/fabrice/git/pycsl/scratchpad/w7/tmp/.pycsl_gwql3f_j.mlw", line 1932, characters 15-19: unused variable result
Warning, file "/home/fabrice/git/pycsl/scratchpad/w7/tmp/.pycsl_gwql3f_j.mlw", line 1934, characters 57-61: unused variable self
Warning, file "/home/fabrice/git/pycsl/scratchpad/w7/tmp/.pycsl_gwql3f_j.mlw", line 1934, characters 88-97: unused variable func_name
Warning, file "/home/fabrice/git/pycsl/scratchpad/w7/tmp/.pycsl_gwql3f_j.mlw", line 1935, characters 15-19: unused variable result
Warning, file "/home/fabrice/git/pycsl/scratchpad/w7/tmp/.pycsl_gwql3f_j.mlw", line 1939, characters 15-19: unused variable result
Warning, file "/home/fabrice/git/pycsl/scratchpad/w7/tmp/.pycsl_gwql3f_j.mlw", line 1976, characters 77-83: unused variable val_ir
Warning, file "/home/fabrice/git/pycsl/scratchpad/w7/tmp/.pycsl_gwql3f_j.mlw", line 1976, characters 95-105: unused variable local_refs
Warning, file "/home/fabrice/git/pycsl/scratchpad/w7/tmp/.pycsl_gwql3f_j.mlw", line 1976, characters 130-136: unused variable target
Warning, file "/home/fabrice/git/pycsl/scratchpad/w7/tmp/.pycsl_gwql3f_j.mlw", line 1978, characters 15-19: unused variable result
Warning, file "/home/fabrice/git/pycsl/scratchpad/w7/tmp/.pycsl_gwql3f_j.mlw", line 1983, characters 15-19: unused variable result
Warning, file "/home/fabrice/git/pycsl/scratchpad/w7/tmp/.pycsl_gwql3f_j.mlw", line 2014, characters 78-83: unused variable stmts
Warning, file "/home/fabrice/git/pycsl/scratchpad/w7/tmp/.pycsl_gwql3f_j.mlw", line 2014, characters 97-107: unused variable local_refs
Warning, file "/home/fabrice/git/pycsl/scratchpad/w7/tmp/.pycsl_gwql3f_j.mlw", line 2014, characters 132-145: unused variable declared_refs
Warning, file "/home/fabrice/git/pycsl/scratchpad/w7/tmp/.pycsl_gwql3f_j.mlw", line 2014, characters 170-176: unused variable indent
Warning, file "/home/fabrice/git/pycsl/scratchpad/w7/tmp/.pycsl_gwql3f_j.mlw", line 2014, characters 187-194: unused variable in_loop
Warning, file "/home/fabrice/git/pycsl/scratchpad/w7/tmp/.pycsl_gwql3f_j.mlw", line 2016, characters 15-19: unused variable result
Warning, file "/home/fabrice/git/pycsl/scratchpad/w7/tmp/.pycsl_gwql3f_j.mlw", line 2022, characters 15-19: unused variable result
Warning, file "/home/fabrice/git/pycsl/scratchpad/w7/tmp/.pycsl_gwql3f_j.mlw", line 2045, characters 58-62: unused variable self
Warning, file "/home/fabrice/git/pycsl/scratchpad/w7/tmp/.pycsl_gwql3f_j.mlw", line 2045, characters 89-95: unused variable target
Warning, file "/home/fabrice/git/pycsl/scratchpad/w7/tmp/.pycsl_gwql3f_j.mlw", line 2045, characters 106-112: unused variable val_ir
Warning, file "/home/fabrice/git/pycsl/scratchpad/w7/tmp/.pycsl_gwql3f_j.mlw", line 2048, characters 80-90: unused variable body_stmts
Warning, file "/home/fabrice/git/pycsl/scratchpad/w7/tmp/.pycsl_gwql3f_j.mlw", line 2050, characters 15-19: unused variable result
Warning, file "/home/fabrice/git/pycsl/scratchpad/w7/tmp/.pycsl_gwql3f_j.mlw", line 2055, characters 15-19: unused variable result
Warning, file "/home/fabrice/git/pycsl/scratchpad/w7/tmp/.pycsl_gwql3f_j.mlw", line 2087, characters 15-19: unused variable result
Warning, file "/home/fabrice/git/pycsl/scratchpad/w7/tmp/.pycsl_gwql3f_j.mlw", line 2133, characters 19-21: unused variable ir
Warning, file "/home/fabrice/git/pycsl/scratchpad/w7/tmp/.pycsl_gwql3f_j.mlw", line 640, characters 17-19: unused variable x0
Warning, file "/home/fabrice/git/pycsl/scratchpad/w7/tmp/.pycsl_gwql3f_j.mlw", line 641, characters 17-19: unused variable x0
Warning, file "/home/fabrice/git/pycsl/scratchpad/w7/tmp/.pycsl_gwql3f_j.mlw", line 647, characters 26-27: unused variable s
Warning, file "/home/fabrice/git/pycsl/scratchpad/w7/tmp/.pycsl_gwql3f_j.mlw", line 696, characters 20-23: unused variable sep
Warning, file "/home/fabrice/git/pycsl/scratchpad/w7/tmp/.pycsl_gwql3f_j.mlw", line 696, characters 34-36: unused variable xs
Warning, file "/home/fabrice/git/pycsl/scratchpad/w7/tmp/.pycsl_gwql3f_j.mlw", line 704, characters 27-30: unused variable sep
Warning, file "/home/fabrice/git/pycsl/scratchpad/w7/tmp/.pycsl_gwql3f_j.mlw", line 704, characters 41-42: unused variable i
Warning, file "/home/fabrice/git/pycsl/scratchpad/w7/tmp/.pycsl_gwql3f_j.mlw", line 754, characters 23-27: unused variable self
Warning, file "/home/fabrice/git/pycsl/scratchpad/w7/tmp/.pycsl_gwql3f_j.mlw", line 777, characters 79-83: unused variable decl
Warning, file "/home/fabrice/git/pycsl/scratchpad/w7/tmp/.pycsl_gwql3f_j.mlw", line 783, characters 15-19: unused variable result
Warning, file "/home/fabrice/git/pycsl/scratchpad/w7/tmp/.pycsl_gwql3f_j.mlw", line 852, characters 14-29: unused variable py_underscore_2
Warning, file "/home/fabrice/git/pycsl/scratchpad/w7/tmp/.pycsl_gwql3f_j.mlw", line 851, characters 14-29: unused variable py_underscore_1
Warning, file "/home/fabrice/git/pycsl/scratchpad/w7/tmp/.pycsl_gwql3f_j.mlw", line 850, characters 14-27: unused variable py_underscore
Warning, file "/home/fabrice/git/pycsl/scratchpad/w7/tmp/.pycsl_gwql3f_j.mlw", line 846, characters 12-25: unused variable py_underscore
Warning, file "/home/fabrice/git/pycsl/scratchpad/w7/tmp/.pycsl_gwql3f_j.mlw", line 826, characters 15-19: unused variable result
Warning, file "/home/fabrice/git/pycsl/scratchpad/w7/tmp/.pycsl_gwql3f_j.mlw", line 862, characters 46-50: unused variable self
Warning, file "/home/fabrice/git/pycsl/scratchpad/w7/tmp/.pycsl_gwql3f_j.mlw", line 862, characters 77-83: unused variable py_val
Warning, file "/home/fabrice/git/pycsl/scratchpad/w7/tmp/.pycsl_gwql3f_j.mlw", line 863, characters 15-19: unused variable result
Warning, file "/home/fabrice/git/pycsl/scratchpad/w7/tmp/.pycsl_gwql3f_j.mlw", line 902, characters 32-36: unused variable result
Warning, file "/home/fabrice/git/pycsl/scratchpad/w7/tmp/.pycsl_gwql3f_j.mlw", line 937, characters 32-36: unused variable result
Warning, file "/home/fabrice/git/pycsl/scratchpad/w7/tmp/.pycsl_gwql3f_j.mlw", line 931, characters 32-36: unused variable result
Warning, file "/home/fabrice/git/pycsl/scratchpad/w7/tmp/.pycsl_gwql3f_j.mlw", line 924, characters 32-36: unused variable result
Warning, file "/home/fabrice/git/pycsl/scratchpad/w7/tmp/.pycsl_gwql3f_j.mlw", line 941, characters 32-36: unused variable result
Warning, file "/home/fabrice/git/pycsl/scratchpad/w7/tmp/.pycsl_gwql3f_j.mlw", line 1001, characters 32-36: unused variable result
Warning, file "/home/fabrice/git/pycsl/scratchpad/w7/tmp/.pycsl_gwql3f_j.mlw", line 1023, characters 32-36: unused variable result
Warning, file "/home/fabrice/git/pycsl/scratchpad/w7/tmp/.pycsl_gwql3f_j.mlw", line 1065, characters 32-36: unused variable result
Warning, file "/home/fabrice/git/pycsl/scratchpad/w7/tmp/.pycsl_gwql3f_j.mlw", line 1059, characters 32-36: unused variable result
Warning, file "/home/fabrice/git/pycsl/scratchpad/w7/tmp/.pycsl_gwql3f_j.mlw", line 1052, characters 32-36: unused variable result
Warning, file "/home/fabrice/git/pycsl/scratchpad/w7/tmp/.pycsl_gwql3f_j.mlw", line 1082, characters 32-36: unused variable result
Warning, file "/home/fabrice/git/pycsl/scratchpad/w7/tmp/.pycsl_gwql3f_j.mlw", line 1076, characters 32-36: unused variable result
Warning, file "/home/fabrice/git/pycsl/scratchpad/w7/tmp/.pycsl_gwql3f_j.mlw", line 1069, characters 32-36: unused variable result
Warning, file "/home/fabrice/git/pycsl/scratchpad/w7/tmp/.pycsl_gwql3f_j.mlw", line 1086, characters 32-36: unused variable result
Warning, file "/home/fabrice/git/pycsl/scratchpad/w7/tmp/.pycsl_gwql3f_j.mlw", line 1090, characters 15-19: unused variable result
Warning, file "/home/fabrice/git/pycsl/scratchpad/w7/tmp/.pycsl_gwql3f_j.mlw", line 1119, characters 34-38: unused variable self
Warning, file "/home/fabrice/git/pycsl/scratchpad/w7/tmp/.pycsl_gwql3f_j.mlw", line 1119, characters 65-67: unused variable ir
Warning, file "/home/fabrice/git/pycsl/scratchpad/w7/tmp/.pycsl_gwql3f_j.mlw", line 1119, characters 79-89: unused variable local_refs
Warning, file "/home/fabrice/git/pycsl/scratchpad/w7/tmp/.pycsl_gwql3f_j.mlw", line 1120, characters 15-19: unused variable result
Warning, file "/home/fabrice/git/pycsl/scratchpad/w7/tmp/.pycsl_gwql3f_j.mlw", line 1138, characters 8-11: unused variable elt
Warning, file "/home/fabrice/git/pycsl/scratchpad/w7/tmp/.pycsl_gwql3f_j.mlw", line 1135, characters 8-17: unused variable parts_len
Warning, file "/home/fabrice/git/pycsl/scratchpad/w7/tmp/.pycsl_gwql3f_j.mlw", line 1122, characters 89-95: unused variable target
Warning, file "/home/fabrice/git/pycsl/scratchpad/w7/tmp/.pycsl_gwql3f_j.mlw", line 1124, characters 15-19: unused variable result
Warning, file "/home/fabrice/git/pycsl/scratchpad/w7/tmp/.pycsl_gwql3f_j.mlw", line 1159, characters 78-82: unused variable func
Warning, file "/home/fabrice/git/pycsl/scratchpad/w7/tmp/.pycsl_gwql3f_j.mlw", line 1159, characters 110-120: unused variable body_stmts
Warning, file "/home/fabrice/git/pycsl/scratchpad/w7/tmp/.pycsl_gwql3f_j.mlw", line 1159, characters 134-144: unused variable local_refs
Warning, file "/home/fabrice/git/pycsl/scratchpad/w7/tmp/.pycsl_gwql3f_j.mlw", line 1159, characters 169-179: unused variable ghost_vars
Warning, file "/home/fabrice/git/pycsl/scratchpad/w7/tmp/.pycsl_gwql3f_j.mlw", line 1159, characters 204-214: unused variable ref_params
Warning, file "/home/fabrice/git/pycsl/scratchpad/w7/tmp/.pycsl_gwql3f_j.mlw", line 1159, characters 239-248: unused variable is_method
Warning, file "/home/fabrice/git/pycsl/scratchpad/w7/tmp/.pycsl_gwql3f_j.mlw", line 1159, characters 256-267: unused variable return_type
Warning, file "/home/fabrice/git/pycsl/scratchpad/w7/tmp/.pycsl_gwql3f_j.mlw", line 1161, characters 15-19: unused variable result
Warning, file "/home/fabrice/git/pycsl/scratchpad/w7/tmp/.pycsl_gwql3f_j.mlw", line 1164, characters 81-85: unused variable kind
Warning, file "/home/fabrice/git/pycsl/scratchpad/w7/tmp/.pycsl_gwql3f_j.mlw", line 1164, characters 96-102: unused variable indent
Warning, file "/home/fabrice/git/pycsl/scratchpad/w7/tmp/.pycsl_gwql3f_j.mlw", line 1164, characters 113-124: unused variable safe_target
Warning, file "/home/fabrice/git/pycsl/scratchpad/w7/tmp/.pycsl_gwql3f_j.mlw", line 1164, characters 135-141: unused variable target
Warning, file "/home/fabrice/git/pycsl/scratchpad/w7/tmp/.pycsl_gwql3f_j.mlw", line 1164, characters 152-158: unused variable py_val
Warning, file "/home/fabrice/git/pycsl/scratchpad/w7/tmp/.pycsl_gwql3f_j.mlw", line 1164, characters 169-175: unused variable val_ir
Warning, file "/home/fabrice/git/pycsl/scratchpad/w7/tmp/.pycsl_gwql3f_j.mlw", line 1164, characters 187-197: unused variable local_refs
Warning, file "/home/fabrice/git/pycsl/scratchpad/w7/tmp/.pycsl_gwql3f_j.mlw", line 1166, characters 15-19: unused variable result
Warning, file "/home/fabrice/git/pycsl/scratchpad/w7/tmp/.pycsl_gwql3f_j.mlw", line 1169, characters 84-96: unused variable assigns_list
Warning, file "/home/fabrice/git/pycsl/scratchpad/w7/tmp/.pycsl_gwql3f_j.mlw", line 1169, characters 110-119: unused variable spec_refs
Warning, file "/home/fabrice/git/pycsl/scratchpad/w7/tmp/.pycsl_gwql3f_j.mlw", line 1171, characters 15-19: unused variable result
Warning, file "/home/fabrice/git/pycsl/scratchpad/w7/tmp/.pycsl_gwql3f_j.mlw", line 1174, characters 104-110: unused variable target
Warning, file "/home/fabrice/git/pycsl/scratchpad/w7/tmp/.pycsl_gwql3f_j.mlw", line 1176, characters 15-19: unused variable result
Warning, file "/home/fabrice/git/pycsl/scratchpad/w7/tmp/.pycsl_gwql3f_j.mlw", line 1192, characters 77-81: unused variable expr
Warning, file "/home/fabrice/git/pycsl/scratchpad/w7/tmp/.pycsl_gwql3f_j.mlw", line 1192, characters 93-103: unused variable local_refs
Warning, file "/home/fabrice/git/pycsl/scratchpad/w7/tmp/.pycsl_gwql3f_j.mlw", line 1192, characters 128-141: unused variable invariant_ctx
Warning, file "/home/fabrice/git/pycsl/scratchpad/w7/tmp/.pycsl_gwql3f_j.mlw", line 1192, characters 149-154: unused variable subst
Warning, file "/home/fabrice/git/pycsl/scratchpad/w7/tmp/.pycsl_gwql3f_j.mlw", line 1193, characters 15-19: unused variable result
Warning, file "/home/fabrice/git/pycsl/scratchpad/w7/tmp/.pycsl_gwql3f_j.mlw", line 1196, characters 57-61: unused variable self
Warning, file "/home/fabrice/git/pycsl/scratchpad/w7/tmp/.pycsl_gwql3f_j.mlw", line 1196, characters 88-90: unused variable ir
Warning, file "/home/fabrice/git/pycsl/scratchpad/w7/tmp/.pycsl_gwql3f_j.mlw", line 1196, characters 102-112: unused variable local_refs
Warning, file "/home/fabrice/git/pycsl/scratchpad/w7/tmp/.pycsl_gwql3f_j.mlw", line 1197, characters 15-19: unused variable result
Warning, file "/home/fabrice/git/pycsl/scratchpad/w7/tmp/.pycsl_gwql3f_j.mlw", line 1201, characters 15-19: unused variable result
Warning, file "/home/fabrice/git/pycsl/scratchpad/w7/tmp/.pycsl_gwql3f_j.mlw", line 1238, characters 8-12: unused variable info
Warning, file "/home/fabrice/git/pycsl/scratchpad/w7/tmp/.pycsl_gwql3f_j.mlw", line 1225, characters 15-19: unused variable result
Warning, file "/home/fabrice/git/pycsl/scratchpad/w7/tmp/.pycsl_gwql3f_j.mlw", line 1281, characters 8-12: unused variable info
Warning, file "/home/fabrice/git/pycsl/scratchpad/w7/tmp/.pycsl_gwql3f_j.mlw", line 1264, characters 15-19: unused variable result
Warning, file "/home/fabrice/git/pycsl/scratchpad/w7/tmp/.pycsl_gwql3f_j.mlw", line 1341, characters 15-19: unused variable result
Warning, file "/home/fabrice/git/pycsl/scratchpad/w7/tmp/.pycsl_gwql3f_j.mlw", line 1399, characters 15-19: unused variable result
Warning, file "/home/fabrice/git/pycsl/scratchpad/w7/tmp/.pycsl_gwql3f_j.mlw", line 1466, characters 15-19: unused variable result
Warning, file "/home/fabrice/git/pycsl/scratchpad/w7/tmp/.pycsl_gwql3f_j.mlw", line 1531, characters 85-89: unused variable stmt
Warning, file "/home/fabrice/git/pycsl/scratchpad/w7/tmp/.pycsl_gwql3f_j.mlw", line 1531, characters 106-110: unused variable rest
Warning, file "/home/fabrice/git/pycsl/scratchpad/w7/tmp/.pycsl_gwql3f_j.mlw", line 1531, characters 124-134: unused variable local_refs
Warning, file "/home/fabrice/git/pycsl/scratchpad/w7/tmp/.pycsl_gwql3f_j.mlw", line 1531, characters 159-172: unused variable declared_refs
Warning, file "/home/fabrice/git/pycsl/scratchpad/w7/tmp/.pycsl_gwql3f_j.mlw", line 1531, characters 197-203: unused variable indent
Warning, file "/home/fabrice/git/pycsl/scratchpad/w7/tmp/.pycsl_gwql3f_j.mlw", line 1531, characters 214-221: unused variable in_loop
Warning, file "/home/fabrice/git/pycsl/scratchpad/w7/tmp/.pycsl_gwql3f_j.mlw", line 1533, characters 15-19: unused variable result
Warning, file "/home/fabrice/git/pycsl/scratchpad/w7/tmp/.pycsl_gwql3f_j.mlw", line 1554, characters 8-11: unused variable arr
Warning, file "/home/fabrice/git/pycsl/scratchpad/w7/tmp/.pycsl_gwql3f_j.mlw", line 1538, characters 15-19: unused variable result
Warning, file "/home/fabrice/git/pycsl/scratchpad/w7/tmp/.pycsl_gwql3f_j.mlw", line 1580, characters 82-86: unused variable stmt
Warning, file "/home/fabrice/git/pycsl/scratchpad/w7/tmp/.pycsl_gwql3f_j.mlw", line 1580, characters 101-105: unused variable rest
Warning, file "/home/fabrice/git/pycsl/scratchpad/w7/tmp/.pycsl_gwql3f_j.mlw", line 1580, characters 119-129: unused variable local_refs
Warning, file "/home/fabrice/git/pycsl/scratchpad/w7/tmp/.pycsl_gwql3f_j.mlw", line 1580, characters 154-167: unused variable declared_refs
Warning, file "/home/fabrice/git/pycsl/scratchpad/w7/tmp/.pycsl_gwql3f_j.mlw", line 1580, characters 192-198: unused variable indent
Warning, file "/home/fabrice/git/pycsl/scratchpad/w7/tmp/.pycsl_gwql3f_j.mlw", line 1580, characters 209-216: unused variable in_loop
Warning, file "/home/fabrice/git/pycsl/scratchpad/w7/tmp/.pycsl_gwql3f_j.mlw", line 1582, characters 15-19: unused variable result
Warning, file "/home/fabrice/git/pycsl/scratchpad/w7/tmp/.pycsl_gwql3f_j.mlw", line 1585, characters 85-89: unused variable stmt
Warning, file "/home/fabrice/git/pycsl/scratchpad/w7/tmp/.pycsl_gwql3f_j.mlw", line 1585, characters 107-111: unused variable rest
Warning, file "/home/fabrice/git/pycsl/scratchpad/w7/tmp/.pycsl_gwql3f_j.mlw", line 1585, characters 125-135: unused variable local_refs
Warning, file "/home/fabrice/git/pycsl/scratchpad/w7/tmp/.pycsl_gwql3f_j.mlw", line 1585, characters 160-173: unused variable declared_refs
Warning, file "/home/fabrice/git/pycsl/scratchpad/w7/tmp/.pycsl_gwql3f_j.mlw", line 1585, characters 198-204: unused variable indent
Warning, file "/home/fabrice/git/pycsl/scratchpad/w7/tmp/.pycsl_gwql3f_j.mlw", line 1585, characters 215-222: unused variable in_loop
Warning, file "/home/fabrice/git/pycsl/scratchpad/w7/tmp/.pycsl_gwql3f_j.mlw", line 1587, characters 15-19: unused variable result
Warning, file "/home/fabrice/git/pycsl/scratchpad/w7/tmp/.pycsl_gwql3f_j.mlw", line 1601, characters 8-11: unused variable var
Warning, file "/home/fabrice/git/pycsl/scratchpad/w7/tmp/.pycsl_gwql3f_j.mlw", line 1600, characters 8-24: unused variable let_bindings_len
Warning, file "/home/fabrice/git/pycsl/scratchpad/w7/tmp/.pycsl_gwql3f_j.mlw", line 1599, characters 8-21: unused variable seq_parts_len
Warning, file "/home/fabrice/git/pycsl/scratchpad/w7/tmp/.pycsl_gwql3f_j.mlw", line 1592, characters 15-19: unused variable result
Warning, file "/home/fabrice/git/pycsl/scratchpad/w7/tmp/.pycsl_gwql3f_j.mlw", line 1685, characters 80-84: unused variable stmt
Warning, file "/home/fabrice/git/pycsl/scratchpad/w7/tmp/.pycsl_gwql3f_j.mlw", line 1685, characters 97-101: unused variable rest
Warning, file "/home/fabrice/git/pycsl/scratchpad/w7/tmp/.pycsl_gwql3f_j.mlw", line 1685, characters 115-125: unused variable local_refs
Warning, file "/home/fabrice/git/pycsl/scratchpad/w7/tmp/.pycsl_gwql3f_j.mlw", line 1685, characters 150-163: unused variable declared_refs
Warning, file "/home/fabrice/git/pycsl/scratchpad/w7/tmp/.pycsl_gwql3f_j.mlw", line 1685, characters 188-194: unused variable indent
Warning, file "/home/fabrice/git/pycsl/scratchpad/w7/tmp/.pycsl_gwql3f_j.mlw", line 1685, characters 205-212: unused variable in_loop
Warning, file "/home/fabrice/git/pycsl/scratchpad/w7/tmp/.pycsl_gwql3f_j.mlw", line 1687, characters 15-19: unused variable result
Warning, file "/home/fabrice/git/pycsl/scratchpad/w7/tmp/.pycsl_gwql3f_j.mlw", line 1700, characters 8-14: unused variable py_val
Warning, file "/home/fabrice/git/pycsl/scratchpad/w7/tmp/.pycsl_gwql3f_j.mlw", line 1692, characters 15-19: unused variable result
Warning, file "/home/fabrice/git/pycsl/scratchpad/w7/tmp/.pycsl_gwql3f_j.mlw", line 1780, characters 8-14: unused variable py_val
Warning, file "/home/fabrice/git/pycsl/scratchpad/w7/tmp/.pycsl_gwql3f_j.mlw", line 1773, characters 15-19: unused variable result
Warning, file "/home/fabrice/git/pycsl/scratchpad/w7/tmp/.pycsl_gwql3f_j.mlw", line 1828, characters 8-14: unused variable py_val
Warning, file "/home/fabrice/git/pycsl/scratchpad/w7/tmp/.pycsl_gwql3f_j.mlw", line 1821, characters 15-19: unused variable result
Warning, file "/home/fabrice/git/pycsl/scratchpad/w7/tmp/.pycsl_gwql3f_j.mlw", line 1841, characters 88-92: unused variable stmt
Warning, file "/home/fabrice/git/pycsl/scratchpad/w7/tmp/.pycsl_gwql3f_j.mlw", line 1841, characters 112-116: unused variable rest
Warning, file "/home/fabrice/git/pycsl/scratchpad/w7/tmp/.pycsl_gwql3f_j.mlw", line 1841, characters 130-140: unused variable local_refs
Warning, file "/home/fabrice/git/pycsl/scratchpad/w7/tmp/.pycsl_gwql3f_j.mlw", line 1841, characters 165-178: unused variable declared_refs
Warning, file "/home/fabrice/git/pycsl/scratchpad/w7/tmp/.pycsl_gwql3f_j.mlw", line 1841, characters 203-209: unused variable indent
Warning, file "/home/fabrice/git/pycsl/scratchpad/w7/tmp/.pycsl_gwql3f_j.mlw", line 1841, characters 220-227: unused variable in_loop
Warning, file "/home/fabrice/git/pycsl/scratchpad/w7/tmp/.pycsl_gwql3f_j.mlw", line 1843, characters 15-19: unused variable result
Warning, file "/home/fabrice/git/pycsl/scratchpad/w7/tmp/.pycsl_gwql3f_j.mlw", line 1846, characters 82-86: unused variable stmt
Warning, file "/home/fabrice/git/pycsl/scratchpad/w7/tmp/.pycsl_gwql3f_j.mlw", line 1846, characters 98-102: unused variable rest
Warning, file "/home/fabrice/git/pycsl/scratchpad/w7/tmp/.pycsl_gwql3f_j.mlw", line 1846, characters 116-126: unused variable local_refs
Warning, file "/home/fabrice/git/pycsl/scratchpad/w7/tmp/.pycsl_gwql3f_j.mlw", line 1846, characters 151-164: unused variable declared_refs
Warning, file "/home/fabrice/git/pycsl/scratchpad/w7/tmp/.pycsl_gwql3f_j.mlw", line 1846, characters 189-195: unused variable indent
Warning, file "/home/fabrice/git/pycsl/scratchpad/w7/tmp/.pycsl_gwql3f_j.mlw", line 1846, characters 206-213: unused variable in_loop
Warning, file "/home/fabrice/git/pycsl/scratchpad/w7/tmp/.pycsl_gwql3f_j.mlw", line 1847, characters 15-19: unused variable result
Warning, file "/home/fabrice/git/pycsl/scratchpad/w7/tmp/.pycsl_gwql3f_j.mlw", line 1852, characters 15-19: unused variable result
Warning, file "/home/fabrice/git/pycsl/scratchpad/w7/tmp/.pycsl_gwql3f_j.mlw", line 1885, characters 88-92: unused variable stmt
Warning, file "/home/fabrice/git/pycsl/scratchpad/w7/tmp/.pycsl_gwql3f_j.mlw", line 1885, characters 112-116: unused variable rest
Warning, file "/home/fabrice/git/pycsl/scratchpad/w7/tmp/.pycsl_gwql3f_j.mlw", line 1885, characters 130-140: unused variable local_refs
Warning, file "/home/fabrice/git/pycsl/scratchpad/w7/tmp/.pycsl_gwql3f_j.mlw", line 1885, characters 165-178: unused variable declared_refs
Warning, file "/home/fabrice/git/pycsl/scratchpad/w7/tmp/.pycsl_gwql3f_j.mlw", line 1885, characters 203-209: unused variable indent
Warning, file "/home/fabrice/git/pycsl/scratchpad/w7/tmp/.pycsl_gwql3f_j.mlw", line 1885, characters 220-227: unused variable in_loop
Warning, file "/home/fabrice/git/pycsl/scratchpad/w7/tmp/.pycsl_gwql3f_j.mlw", line 1887, characters 15-19: unused variable result
Warning, file "/home/fabrice/git/pycsl/scratchpad/w7/tmp/.pycsl_gwql3f_j.mlw", line 1890, characters 48-52: unused variable self
Warning, file "/home/fabrice/git/pycsl/scratchpad/w7/tmp/.pycsl_gwql3f_j.mlw", line 1890, characters 79-81: unused variable ir
Warning, file "/home/fabrice/git/pycsl/scratchpad/w7/tmp/.pycsl_gwql3f_j.mlw", line 1891, characters 15-19: unused variable result
Warning, file "/home/fabrice/git/pycsl/scratchpad/w7/tmp/.pycsl_gwql3f_j.mlw", line 1893, characters 47-51: unused variable self
Warning, file "/home/fabrice/git/pycsl/scratchpad/w7/tmp/.pycsl_gwql3f_j.mlw", line 1893, characters 78-80: unused variable ir
Warning, file "/home/fabrice/git/pycsl/scratchpad/w7/tmp/.pycsl_gwql3f_j.mlw", line 1894, characters 15-19: unused variable result
Warning, file "/home/fabrice/git/pycsl/scratchpad/w7/tmp/.pycsl_gwql3f_j.mlw", line 1928, characters 63-67: unused variable self
Warning, file "/home/fabrice/git/pycsl/scratchpad/w7/tmp/.pycsl_gwql3f_j.mlw", line 1928, characters 94-98: unused variable kind
Warning, file "/home/fabrice/git/pycsl/scratchpad/w7/tmp/.pycsl_gwql3f_j.mlw", line 1928, characters 106-110: unused variable args
Warning, file "/home/fabrice/git/pycsl/scratchpad/w7/tmp/.pycsl_gwql3f_j.mlw", line 1929, characters 15-19: unused variable result
Warning, file "/home/fabrice/git/pycsl/scratchpad/w7/tmp/.pycsl_gwql3f_j.mlw", line 1931, characters 54-58: unused variable self
Warning, file "/home/fabrice/git/pycsl/scratchpad/w7/tmp/.pycsl_gwql3f_j.mlw", line 1931, characters 85-90: unused variable mutex
Warning, file "/home/fabrice/git/pycsl/scratchpad/w7/tmp/.pycsl_gwql3f_j.mlw", line 1931, characters 101-108: unused variable inv_str
Warning, file "/home/fabrice/git/pycsl/scratchpad/w7/tmp/.pycsl_gwql3f_j.mlw", line 1932, characters 15-19: unused variable result
Warning, file "/home/fabrice/git/pycsl/scratchpad/w7/tmp/.pycsl_gwql3f_j.mlw", line 1934, characters 57-61: unused variable self
Warning, file "/home/fabrice/git/pycsl/scratchpad/w7/tmp/.pycsl_gwql3f_j.mlw", line 1934, characters 88-97: unused variable func_name
Warning, file "/home/fabrice/git/pycsl/scratchpad/w7/tmp/.pycsl_gwql3f_j.mlw", line 1935, characters 15-19: unused variable result
Warning, file "/home/fabrice/git/pycsl/scratchpad/w7/tmp/.pycsl_gwql3f_j.mlw", line 1939, characters 15-19: unused variable result
Warning, file "/home/fabrice/git/pycsl/scratchpad/w7/tmp/.pycsl_gwql3f_j.mlw", line 1976, characters 77-83: unused variable val_ir
Warning, file "/home/fabrice/git/pycsl/scratchpad/w7/tmp/.pycsl_gwql3f_j.mlw", line 1976, characters 95-105: unused variable local_refs
Warning, file "/home/fabrice/git/pycsl/scratchpad/w7/tmp/.pycsl_gwql3f_j.mlw", line 1976, characters 130-136: unused variable target
Warning, file "/home/fabrice/git/pycsl/scratchpad/w7/tmp/.pycsl_gwql3f_j.mlw", line 1978, characters 15-19: unused variable result
Warning, file "/home/fabrice/git/pycsl/scratchpad/w7/tmp/.pycsl_gwql3f_j.mlw", line 1983, characters 15-19: unused variable result
Warning, file "/home/fabrice/git/pycsl/scratchpad/w7/tmp/.pycsl_gwql3f_j.mlw", line 2014, characters 78-83: unused variable stmts
Warning, file "/home/fabrice/git/pycsl/scratchpad/w7/tmp/.pycsl_gwql3f_j.mlw", line 2014, characters 97-107: unused variable local_refs
Warning, file "/home/fabrice/git/pycsl/scratchpad/w7/tmp/.pycsl_gwql3f_j.mlw", line 2014, characters 132-145: unused variable declared_refs
Warning, file "/home/fabrice/git/pycsl/scratchpad/w7/tmp/.pycsl_gwql3f_j.mlw", line 2014, characters 170-176: unused variable indent
Warning, file "/home/fabrice/git/pycsl/scratchpad/w7/tmp/.pycsl_gwql3f_j.mlw", line 2014, characters 187-194: unused variable in_loop
Warning, file "/home/fabrice/git/pycsl/scratchpad/w7/tmp/.pycsl_gwql3f_j.mlw", line 2016, characters 15-19: unused variable result
Warning, file "/home/fabrice/git/pycsl/scratchpad/w7/tmp/.pycsl_gwql3f_j.mlw", line 2022, characters 15-19: unused variable result
Warning, file "/home/fabrice/git/pycsl/scratchpad/w7/tmp/.pycsl_gwql3f_j.mlw", line 2045, characters 58-62: unused variable self
Warning, file "/home/fabrice/git/pycsl/scratchpad/w7/tmp/.pycsl_gwql3f_j.mlw", line 2045, characters 89-95: unused variable target
Warning, file "/home/fabrice/git/pycsl/scratchpad/w7/tmp/.pycsl_gwql3f_j.mlw", line 2045, characters 106-112: unused variable val_ir
Warning, file "/home/fabrice/git/pycsl/scratchpad/w7/tmp/.pycsl_gwql3f_j.mlw", line 2048, characters 80-90: unused variable body_stmts
Warning, file "/home/fabrice/git/pycsl/scratchpad/w7/tmp/.pycsl_gwql3f_j.mlw", line 2050, characters 15-19: unused variable result
Warning, file "/home/fabrice/git/pycsl/scratchpad/w7/tmp/.pycsl_gwql3f_j.mlw", line 2055, characters 15-19: unused variable result
Warning, file "/home/fabrice/git/pycsl/scratchpad/w7/tmp/.pycsl_gwql3f_j.mlw", line 2087, characters 15-19: unused variable result
Warning, file "/home/fabrice/git/pycsl/scratchpad/w7/tmp/.pycsl_gwql3f_j.mlw", line 2133, characters 19-21: unused variable ir

[+] Verification SUCCESS! All contracts formally proven.
