[*] Parsing and Semantic Analysis for 'src/self-annotate/src/frontend/Module5_IREmitter.py'...
[*] Memory model: hoare
/home/fabrice/git/pycsl/src/pycsl/core_ir_semantic.py:1632: UserWarning: Function 'pycsltojsonemitter___collect_class_constants': path condition narrows a Union-typed variable without a recognized guard (is None / isinstance / TypeIs / TypeGuard). The variable retains its Union type on both branches (C8).
  _union_c8_walk(s.get("body", []) or [], union_vars, fname)
[*] Imported class from 'errors': PyCSLIRError (record + 0 method stub(s) + 2 helper(s))
[*] Imported class from 'errors': PyCSLSemanticError (record + 0 method stub(s) + 0 helper(s))
[*] Imported class from 'frontend.Module2_Parser': ContractWrapper (record + 0 method stub(s) + 81 helper(s))
[*] Imported class from 'frontend.Module2_Parser': Requires (record + 0 method stub(s) + 0 helper(s))
[*] Imported class from 'frontend.Module2_Parser': Ensures (record + 0 method stub(s) + 0 helper(s))
[*] Imported class from 'frontend.Module2_Parser': LoopInvariant (record + 0 method stub(s) + 0 helper(s))
[*] Imported class from 'frontend.Module2_Parser': LoopVariant (record + 0 method stub(s) + 0 helper(s))
[*] Imported class from 'frontend.Module2_Parser': CSLBinOp (record + 0 method stub(s) + 0 helper(s))
[*] Imported class from 'frontend.Module2_Parser': CSLUnaryOp (record + 0 method stub(s) + 0 helper(s))
[*] Imported class from 'frontend.Module2_Parser': CSLVar (record + 0 method stub(s) + 0 helper(s))
[*] Imported class from 'frontend.Module2_Parser': CSLNumber (record + 0 method stub(s) + 0 helper(s))
[*] Imported class from 'frontend.Module2_Parser': CSLResult (record + 0 method stub(s) + 0 helper(s))
[*] Imported class from 'frontend.Module2_Parser': CSLOld (record + 0 method stub(s) + 0 helper(s))
[*] Imported class from 'frontend.Module2_Parser': Nothing (record + 0 method stub(s) + 0 helper(s))
[*] Imported class from 'frontend.Module2_Parser': CSLFieldAccess (record + 0 method stub(s) + 0 helper(s))
[*] Imported class from 'frontend.Module2_Parser': CSLFieldSubscript (record + 0 method stub(s) + 0 helper(s))
[*] Imported class from 'frontend.Module2_Parser': CSLGlobalFieldSubscript (record + 0 method stub(s) + 0 helper(s))
[*] Imported class from 'frontend.Module2_Parser': Forall (record + 0 method stub(s) + 0 helper(s))
[*] Imported class from 'frontend.Module2_Parser': Exists (record + 0 method stub(s) + 0 helper(s))
[*] Imported class from 'frontend.Module2_Parser': ArrayLength (record + 0 method stub(s) + 0 helper(s))
[*] Imported class from 'frontend.Module2_Parser': InGlobals (record + 0 method stub(s) + 0 helper(s))
[*] Imported class from 'frontend.Module2_Parser': InScope (record + 0 method stub(s) + 0 helper(s))
[*] Imported class from 'frontend.Module2_Parser': SubscriptAccess (record + 0 method stub(s) + 0 helper(s))
[*] Imported class from 'frontend.Module2_Parser': AssignsRegion (record + 0 method stub(s) + 0 helper(s))
[*] Imported class from 'frontend.Module2_Parser': Valid (record + 0 method stub(s) + 0 helper(s))
[*] Imported class from 'frontend.Module2_Parser': Separated (record + 0 method stub(s) + 0 helper(s))
[*] Imported class from 'frontend.Module2_Parser': CSLAt (record + 0 method stub(s) + 0 helper(s))
[*] Imported class from 'frontend.Module2_Parser': Length2D (record + 0 method stub(s) + 0 helper(s))
[*] Imported class from 'frontend.Module2_Parser': Valid2D (record + 0 method stub(s) + 0 helper(s))
[*] Imported class from 'frontend.Module2_Parser': FunctionVariant (record + 0 method stub(s) + 0 helper(s))
[*] Imported class from 'frontend.Module2_Parser': CSLStringLiteral (record + 0 method stub(s) + 0 helper(s))
[*] Imported class from 'frontend.Module2_Parser': CallExpr (record + 0 method stub(s) + 0 helper(s))
[*] Imported class from 'frontend.Module2_Parser': IsSorted (record + 0 method stub(s) + 0 helper(s))
[*] Imported class from 'frontend.Module2_Parser': ArrayEq (record + 0 method stub(s) + 0 helper(s))
[*] Imported class from 'frontend.Module2_Parser': Permutation (record + 0 method stub(s) + 0 helper(s))
[*] Imported class from 'frontend.Module2_Parser': Sum (record + 0 method stub(s) + 0 helper(s))
[*] Imported class from 'frontend.Module2_Parser': CSLBool (record + 0 method stub(s) + 0 helper(s))
[*] Imported class from 'frontend.Module2_Parser': CSLNone (record + 0 method stub(s) + 0 helper(s))
[*] Imported class from 'frontend.Module2_Parser': CSLIn (record + 0 method stub(s) + 0 helper(s))
[*] Imported class from 'frontend.Module2_Parser': CSLNotIn (record + 0 method stub(s) + 0 helper(s))
[*] Imported class from 'frontend.Module2_Parser': CSLSlice (record + 0 method stub(s) + 0 helper(s))
[*] Imported class from 'frontend.Module2_Parser': DictView (record + 0 method stub(s) + 0 helper(s))
[*] Imported class from 'frontend.Module2_Parser': ForallItems (record + 0 method stub(s) + 0 helper(s))
[*] Imported class from 'frontend.Module2_Parser': ChainedSubscript (record + 0 method stub(s) + 0 helper(s))
[*] Imported class from 'frontend.Module2_Parser': GhostArraySetDecl (record + 0 method stub(s) + 0 helper(s))
[*] Imported class from 'frontend.Module2_Parser': MkTupleExpr (record + 0 method stub(s) + 0 helper(s))
[*] Imported class from 'frontend.Module2_Parser': FstExpr (record + 0 method stub(s) + 0 helper(s))
[*] Imported class from 'frontend.Module2_Parser': SndExpr (record + 0 method stub(s) + 0 helper(s))
[*] Imported class from 'frontend.Module2_Parser': ProjExpr (record + 0 method stub(s) + 0 helper(s))
[*] Imported class from 'frontend.Module2_Parser': CtorTest (record + 0 method stub(s) + 0 helper(s))
[*] Imported class from 'frontend.Module2_Parser': CtorPayload (record + 0 method stub(s) + 0 helper(s))
[*] Imported class from 'frontend.Module2_Parser': StrConcatExpr (record + 0 method stub(s) + 0 helper(s))
[*] Imported class from 'frontend.Module2_Parser': StrLengthExpr (record + 0 method stub(s) + 0 helper(s))
[*] Imported class from 'frontend.Module2_Parser': StrSubExpr (record + 0 method stub(s) + 0 helper(s))
[*] Imported class from 'frontend.Module2_Parser': GhostCopyExpr (record + 0 method stub(s) + 0 helper(s))
[*] Imported class from 'frontend.Module2_Parser': GhostCopyRangeExpr (record + 0 method stub(s) + 0 helper(s))
[*] Imported class from 'frontend.Module2_Parser': GhostMakeExpr (record + 0 method stub(s) + 0 helper(s))
[*] Imported class from 'frontend.Module2_Parser': MapEmptyExpr (record + 0 method stub(s) + 0 helper(s))
[*] Imported class from 'frontend.Module2_Parser': MapGetExpr (record + 0 method stub(s) + 0 helper(s))
[*] Imported class from 'frontend.Module2_Parser': MapSetExpr (record + 0 method stub(s) + 0 helper(s))
[*] Imported class from 'frontend.Module2_Parser': MapEqExpr (record + 0 method stub(s) + 0 helper(s))
[*] Imported class from 'frontend.Module2_Parser': HasKeyExpr (record + 0 method stub(s) + 0 helper(s))
[*] Imported class from 'frontend.Module2_Parser': MapRemoveExpr (record + 0 method stub(s) + 0 helper(s))
[*] Imported class from 'frontend.Module2_Parser': SetEmptyExpr (record + 0 method stub(s) + 0 helper(s))
[*] Imported class from 'frontend.Module2_Parser': SetAddExpr (record + 0 method stub(s) + 0 helper(s))
[*] Imported class from 'frontend.Module2_Parser': SetRemoveExpr (record + 0 method stub(s) + 0 helper(s))
[*] Imported class from 'frontend.Module2_Parser': SetMemExpr (record + 0 method stub(s) + 0 helper(s))
[*] Imported class from 'frontend.Module2_Parser': SetUnionExpr (record + 0 method stub(s) + 0 helper(s))
[*] Imported class from 'frontend.Module2_Parser': SetInterExpr (record + 0 method stub(s) + 0 helper(s))
[*] Imported class from 'frontend.Module2_Parser': SetDiffExpr (record + 0 method stub(s) + 0 helper(s))
[*] Imported class from 'frontend.Module2_Parser': SetCardExpr (record + 0 method stub(s) + 0 helper(s))
[*] Imported class from 'frontend.Module2_Parser': SetSubsetExpr (record + 0 method stub(s) + 0 helper(s))
[*] Imported class from 'frontend.Module2_Parser': SetEqExpr (record + 0 method stub(s) + 0 helper(s))
[*] Imported class from 'frontend.Module2_Parser': NilExpr (record + 0 method stub(s) + 0 helper(s))
[*] Imported class from 'frontend.Module2_Parser': ConsExpr (record + 0 method stub(s) + 0 helper(s))
[*] Imported class from 'frontend.Module2_Parser': HdExpr (record + 0 method stub(s) + 0 helper(s))
[*] Imported class from 'frontend.Module2_Parser': TlExpr (record + 0 method stub(s) + 0 helper(s))
[*] Imported class from 'frontend.Module2_Parser': ListLengthExpr (record + 0 method stub(s) + 0 helper(s))
[*] Imported class from 'frontend.Module2_Parser': NthExpr (record + 0 method stub(s) + 0 helper(s))
[*] Imported class from 'frontend.Module2_Parser': MemExpr (record + 0 method stub(s) + 0 helper(s))
[*] Imported class from 'frontend.Module2_Parser': AppendExpr (record + 0 method stub(s) + 0 helper(s))
[*] Imported class from 'frontend.Module2_Parser': Act (record + 0 method stub(s) + 0 helper(s))
[*] Imported class from 'frontend.Module2_Parser': Given (record + 0 method stub(s) + 0 helper(s))
[*] Imported class from 'frontend.Module2_Parser': Complete (record + 0 method stub(s) + 0 helper(s))
[*] Imported class from 'frontend.Module2_Parser': Disjoint (record + 0 method stub(s) + 0 helper(s))
[*] Imported from 'frontend.Module2_Parser': ['CSLIn'] (trusted stubs)
[*] Running Proof Engine (provers: Alt-Ergo,2.6.3 → Z3,4.13.3,)...

--- Verification Results ---
File "/home/fabrice/git/pycsl/scratchpad/.pycsl_afaljp5k.mlw", line 97, characters 18-37:
Sub-goal variant decrease of goal size_pos'vc.
Prover result is: Valid (0.01s, 17247 steps).

File "/home/fabrice/git/pycsl/scratchpad/.pycsl_afaljp5k.mlw", line 98, characters 18-36:
Sub-goal variant decrease of goal size_pos'vc.
Prover result is: Valid (0.00s, 17166 steps).

File "/home/fabrice/git/pycsl/scratchpad/.pycsl_afaljp5k.mlw", line 95, characters 14-27:
Sub-goal postcondition of goal size_pos'vc.
Prover result is: Valid (0.06s, 302566 steps).

File "/home/fabrice/git/pycsl/scratchpad/.pycsl_afaljp5k.mlw", line 102, characters 41-51:
Sub-goal variant decrease of goal size_list_nonneg'vc.
Prover result is: Valid (0.00s, 4510 steps).

File "/home/fabrice/git/pycsl/scratchpad/.pycsl_afaljp5k.mlw", line 102, characters 53-71:
Sub-goal variant decrease of goal size_list_nonneg'vc.
Prover result is: Valid (0.00s, 5217 steps).

File "/home/fabrice/git/pycsl/scratchpad/.pycsl_afaljp5k.mlw", line 101, characters 14-30:
Sub-goal postcondition of goal size_list_nonneg'vc.
Prover result is: Valid (0.01s, 16925 steps).

File "/home/fabrice/git/pycsl/scratchpad/.pycsl_afaljp5k.mlw", line 105, characters 48-58:
Sub-goal variant decrease of goal size_dict_nonneg'vc.
Prover result is: Valid (0.00s, 4514 steps).

File "/home/fabrice/git/pycsl/scratchpad/.pycsl_afaljp5k.mlw", line 105, characters 60-81:
Sub-goal variant decrease of goal size_dict_nonneg'vc.
Prover result is: Valid (0.00s, 5578 steps).

File "/home/fabrice/git/pycsl/scratchpad/.pycsl_afaljp5k.mlw", line 104, characters 14-30:
Sub-goal postcondition of goal size_dict_nonneg'vc.
Prover result is: Valid (0.01s, 18160 steps).

File "/home/fabrice/git/pycsl/scratchpad/.pycsl_afaljp5k.mlw", line 112, characters 48-68:
Sub-goal variant decrease of goal size_dict_mem'vc.
Prover result is: Valid (0.00s, 5660 steps).

File "/home/fabrice/git/pycsl/scratchpad/.pycsl_afaljp5k.mlw", line 108, characters 29-49:
Sub-goal postcondition of goal size_dict_mem'vc.
Prover result is: Valid (0.01s, 25056 steps).

File "/home/fabrice/git/pycsl/scratchpad/.pycsl_afaljp5k.mlw", line 139, characters 24-42:
Sub-goal variant decrease of goal wf_ir_binds'vc.
Prover result is: Valid (0.00s, 8074 steps).

File "/home/fabrice/git/pycsl/scratchpad/.pycsl_afaljp5k.mlw", line 139, characters 24-42:
Sub-goal precondition of goal wf_ir_binds'vc.
Prover result is: Valid (0.01s, 30628 steps).

File "/home/fabrice/git/pycsl/scratchpad/.pycsl_afaljp5k.mlw", line 135, characters 52-62:
Sub-goal postcondition of goal wf_ir_binds'vc.
Prover result is: Valid (0.13s, 425583 steps).

File "/home/fabrice/git/pycsl/scratchpad/.pycsl_afaljp5k.mlw", line 348, characters 36-42:
Sub-goal variant decrease of goal size'vc.
Prover result is: Valid (0.01s, 30434 steps).

File "/home/fabrice/git/pycsl/scratchpad/.pycsl_afaljp5k.mlw", line 348, characters 27-33:
Sub-goal variant decrease of goal size'vc.
Prover result is: Valid (0.01s, 30456 steps).

File "/home/fabrice/git/pycsl/scratchpad/.pycsl_afaljp5k.mlw", line 349, characters 35-41:
Sub-goal variant decrease of goal size'vc.
Prover result is: Valid (0.00s, 30450 steps).

File "/home/fabrice/git/pycsl/scratchpad/.pycsl_afaljp5k.mlw", line 349, characters 26-32:
Sub-goal variant decrease of goal size'vc.
Prover result is: Valid (0.00s, 30472 steps).

File "/home/fabrice/git/pycsl/scratchpad/.pycsl_afaljp5k.mlw", line 350, characters 32-38:
Sub-goal variant decrease of goal size'vc.
Prover result is: Valid (0.01s, 30422 steps).

File "/home/fabrice/git/pycsl/scratchpad/.pycsl_afaljp5k.mlw", line 350, characters 23-29:
Sub-goal variant decrease of goal size'vc.
Prover result is: Valid (0.00s, 30444 steps).

File "/home/fabrice/git/pycsl/scratchpad/.pycsl_afaljp5k.mlw", line 351, characters 34-40:
Sub-goal variant decrease of goal size'vc.
Prover result is: Valid (0.01s, 30426 steps).

File "/home/fabrice/git/pycsl/scratchpad/.pycsl_afaljp5k.mlw", line 351, characters 25-31:
Sub-goal variant decrease of goal size'vc.
Prover result is: Valid (0.01s, 30448 steps).

File "/home/fabrice/git/pycsl/scratchpad/.pycsl_afaljp5k.mlw", line 352, characters 24-30:
Sub-goal variant decrease of goal size'vc.
Prover result is: Valid (0.01s, 30382 steps).

File "/home/fabrice/git/pycsl/scratchpad/.pycsl_afaljp5k.mlw", line 353, characters 26-32:
Sub-goal variant decrease of goal size'vc.
Prover result is: Valid (0.01s, 30416 steps).

File "/home/fabrice/git/pycsl/scratchpad/.pycsl_afaljp5k.mlw", line 354, characters 44-50:
Sub-goal variant decrease of goal size'vc.
Prover result is: Valid (0.01s, 30462 steps).

File "/home/fabrice/git/pycsl/scratchpad/.pycsl_afaljp5k.mlw", line 354, characters 35-41:
Sub-goal variant decrease of goal size'vc.
Prover result is: Valid (0.01s, 30484 steps).

File "/home/fabrice/git/pycsl/scratchpad/.pycsl_afaljp5k.mlw", line 354, characters 26-32:
Sub-goal variant decrease of goal size'vc.
Prover result is: Valid (0.01s, 30506 steps).

File "/home/fabrice/git/pycsl/scratchpad/.pycsl_afaljp5k.mlw", line 355, characters 27-33:
Sub-goal variant decrease of goal size'vc.
Prover result is: Valid (0.01s, 30452 steps).

File "/home/fabrice/git/pycsl/scratchpad/.pycsl_afaljp5k.mlw", line 356, characters 22-28:
Sub-goal variant decrease of goal size'vc.
Prover result is: Valid (0.01s, 30456 steps).

File "/home/fabrice/git/pycsl/scratchpad/.pycsl_afaljp5k.mlw", line 357, characters 25-31:
Sub-goal variant decrease of goal size'vc.
Prover result is: Valid (0.01s, 30474 steps).

File "/home/fabrice/git/pycsl/scratchpad/.pycsl_afaljp5k.mlw", line 358, characters 45-52:
Sub-goal variant decrease of goal size'vc.
Prover result is: Valid (0.01s, 30492 steps).

File "/home/fabrice/git/pycsl/scratchpad/.pycsl_afaljp5k.mlw", line 358, characters 35-42:
Sub-goal variant decrease of goal size'vc.
Prover result is: Valid (0.01s, 30514 steps).

File "/home/fabrice/git/pycsl/scratchpad/.pycsl_afaljp5k.mlw", line 359, characters 39-45:
Sub-goal variant decrease of goal size'vc.
Prover result is: Valid (0.01s, 30492 steps).

File "/home/fabrice/git/pycsl/scratchpad/.pycsl_afaljp5k.mlw", line 359, characters 30-36:
Sub-goal variant decrease of goal size'vc.
Prover result is: Valid (0.01s, 30514 steps).

File "/home/fabrice/git/pycsl/scratchpad/.pycsl_afaljp5k.mlw", line 360, characters 38-44:
Sub-goal variant decrease of goal size'vc.
Prover result is: Valid (0.00s, 30496 steps).

File "/home/fabrice/git/pycsl/scratchpad/.pycsl_afaljp5k.mlw", line 360, characters 29-35:
Sub-goal variant decrease of goal size'vc.
Prover result is: Valid (0.01s, 30518 steps).

File "/home/fabrice/git/pycsl/scratchpad/.pycsl_afaljp5k.mlw", line 361, characters 39-45:
Sub-goal variant decrease of goal size'vc.
Prover result is: Valid (0.01s, 30500 steps).

File "/home/fabrice/git/pycsl/scratchpad/.pycsl_afaljp5k.mlw", line 361, characters 30-36:
Sub-goal variant decrease of goal size'vc.
Prover result is: Valid (0.01s, 30522 steps).

File "/home/fabrice/git/pycsl/scratchpad/.pycsl_afaljp5k.mlw", line 362, characters 36-42:
Sub-goal variant decrease of goal size'vc.
Prover result is: Valid (0.00s, 30500 steps).

File "/home/fabrice/git/pycsl/scratchpad/.pycsl_afaljp5k.mlw", line 362, characters 27-33:
Sub-goal variant decrease of goal size'vc.
Prover result is: Valid (0.01s, 30522 steps).

File "/home/fabrice/git/pycsl/scratchpad/.pycsl_afaljp5k.mlw", line 363, characters 40-46:
Sub-goal variant decrease of goal size'vc.
Prover result is: Valid (0.00s, 30504 steps).

File "/home/fabrice/git/pycsl/scratchpad/.pycsl_afaljp5k.mlw", line 363, characters 31-37:
Sub-goal variant decrease of goal size'vc.
Prover result is: Valid (0.01s, 30526 steps).

File "/home/fabrice/git/pycsl/scratchpad/.pycsl_afaljp5k.mlw", line 364, characters 34-40:
Sub-goal variant decrease of goal size'vc.
Prover result is: Valid (0.01s, 30512 steps).

File "/home/fabrice/git/pycsl/scratchpad/.pycsl_afaljp5k.mlw", line 364, characters 25-31:
Sub-goal variant decrease of goal size'vc.
Prover result is: Valid (0.00s, 30534 steps).

File "/home/fabrice/git/pycsl/scratchpad/.pycsl_afaljp5k.mlw", line 365, characters 44-50:
Sub-goal variant decrease of goal size'vc.
Prover result is: Valid (0.01s, 30516 steps).

File "/home/fabrice/git/pycsl/scratchpad/.pycsl_afaljp5k.mlw", line 365, characters 35-41:
Sub-goal variant decrease of goal size'vc.
Prover result is: Valid (0.00s, 30538 steps).

File "/home/fabrice/git/pycsl/scratchpad/.pycsl_afaljp5k.mlw", line 366, characters 35-41:
Sub-goal variant decrease of goal size'vc.
Prover result is: Valid (0.01s, 30518 steps).

File "/home/fabrice/git/pycsl/scratchpad/.pycsl_afaljp5k.mlw", line 367, characters 35-41:
Sub-goal variant decrease of goal size'vc.
Prover result is: Valid (0.01s, 30526 steps).

File "/home/fabrice/git/pycsl/scratchpad/.pycsl_afaljp5k.mlw", line 367, characters 26-32:
Sub-goal variant decrease of goal size'vc.
Prover result is: Valid (0.01s, 30548 steps).

File "/home/fabrice/git/pycsl/scratchpad/.pycsl_afaljp5k.mlw", line 368, characters 46-52:
Sub-goal variant decrease of goal size'vc.
Prover result is: Valid (0.01s, 30538 steps).

File "/home/fabrice/git/pycsl/scratchpad/.pycsl_afaljp5k.mlw", line 368, characters 37-43:
Sub-goal variant decrease of goal size'vc.
Prover result is: Valid (0.01s, 30560 steps).

File "/home/fabrice/git/pycsl/scratchpad/.pycsl_afaljp5k.mlw", line 368, characters 28-34:
Sub-goal variant decrease of goal size'vc.
Prover result is: Valid (0.01s, 30582 steps).

File "/home/fabrice/git/pycsl/scratchpad/.pycsl_afaljp5k.mlw", line 369, characters 34-40:
Sub-goal variant decrease of goal size'vc.
Prover result is: Valid (0.00s, 30534 steps).

File "/home/fabrice/git/pycsl/scratchpad/.pycsl_afaljp5k.mlw", line 369, characters 25-31:
Sub-goal variant decrease of goal size'vc.
Prover result is: Valid (0.01s, 30556 steps).

File "/home/fabrice/git/pycsl/scratchpad/.pycsl_afaljp5k.mlw", line 370, characters 35-41:
Sub-goal variant decrease of goal size'vc.
Prover result is: Valid (0.01s, 30538 steps).

File "/home/fabrice/git/pycsl/scratchpad/.pycsl_afaljp5k.mlw", line 370, characters 26-32:
Sub-goal variant decrease of goal size'vc.
Prover result is: Valid (0.00s, 30560 steps).

File "/home/fabrice/git/pycsl/scratchpad/.pycsl_afaljp5k.mlw", line 371, characters 38-44:
Sub-goal variant decrease of goal size'vc.
Prover result is: Valid (0.01s, 30542 steps).

File "/home/fabrice/git/pycsl/scratchpad/.pycsl_afaljp5k.mlw", line 371, characters 29-35:
Sub-goal variant decrease of goal size'vc.
Prover result is: Valid (0.00s, 30564 steps).

File "/home/fabrice/git/pycsl/scratchpad/.pycsl_afaljp5k.mlw", line 372, characters 35-41:
Sub-goal variant decrease of goal size'vc.
Prover result is: Valid (0.01s, 30552 steps).

File "/home/fabrice/git/pycsl/scratchpad/.pycsl_afaljp5k.mlw", line 372, characters 26-32:
Sub-goal variant decrease of goal size'vc.
Prover result is: Valid (0.01s, 30574 steps).

File "/home/fabrice/git/pycsl/scratchpad/.pycsl_afaljp5k.mlw", line 373, characters 38-44:
Sub-goal variant decrease of goal size'vc.
Prover result is: Valid (0.01s, 30556 steps).

File "/home/fabrice/git/pycsl/scratchpad/.pycsl_afaljp5k.mlw", line 373, characters 29-35:
Sub-goal variant decrease of goal size'vc.
Prover result is: Valid (0.00s, 30578 steps).

File "/home/fabrice/git/pycsl/scratchpad/.pycsl_afaljp5k.mlw", line 374, characters 35-41:
Sub-goal variant decrease of goal size'vc.
Prover result is: Valid (0.01s, 30560 steps).

File "/home/fabrice/git/pycsl/scratchpad/.pycsl_afaljp5k.mlw", line 374, characters 26-32:
Sub-goal variant decrease of goal size'vc.
Prover result is: Valid (0.01s, 30582 steps).

File "/home/fabrice/git/pycsl/scratchpad/.pycsl_afaljp5k.mlw", line 375, characters 37-43:
Sub-goal variant decrease of goal size'vc.
Prover result is: Valid (0.00s, 30564 steps).

File "/home/fabrice/git/pycsl/scratchpad/.pycsl_afaljp5k.mlw", line 375, characters 28-34:
Sub-goal variant decrease of goal size'vc.
Prover result is: Valid (0.01s, 30586 steps).

File "/home/fabrice/git/pycsl/scratchpad/.pycsl_afaljp5k.mlw", line 376, characters 37-43:
Sub-goal variant decrease of goal size'vc.
Prover result is: Valid (0.01s, 30568 steps).

File "/home/fabrice/git/pycsl/scratchpad/.pycsl_afaljp5k.mlw", line 376, characters 28-34:
Sub-goal variant decrease of goal size'vc.
Prover result is: Valid (0.01s, 30590 steps).

File "/home/fabrice/git/pycsl/scratchpad/.pycsl_afaljp5k.mlw", line 377, characters 36-42:
Sub-goal variant decrease of goal size'vc.
Prover result is: Valid (0.01s, 30572 steps).

File "/home/fabrice/git/pycsl/scratchpad/.pycsl_afaljp5k.mlw", line 377, characters 27-33:
Sub-goal variant decrease of goal size'vc.
Prover result is: Valid (0.01s, 30594 steps).

File "/home/fabrice/git/pycsl/scratchpad/.pycsl_afaljp5k.mlw", line 378, characters 50-57:
Sub-goal variant decrease of goal size'vc.
Prover result is: Valid (0.01s, 30584 steps).

File "/home/fabrice/git/pycsl/scratchpad/.pycsl_afaljp5k.mlw", line 378, characters 40-47:
Sub-goal variant decrease of goal size'vc.
Prover result is: Valid (0.01s, 30606 steps).

File "/home/fabrice/git/pycsl/scratchpad/.pycsl_afaljp5k.mlw", line 378, characters 31-37:
Sub-goal variant decrease of goal size'vc.
Prover result is: Valid (0.01s, 30628 steps).

File "/home/fabrice/git/pycsl/scratchpad/.pycsl_afaljp5k.mlw", line 379, characters 38-44:
Sub-goal variant decrease of goal size'vc.
Prover result is: Valid (0.01s, 30580 steps).

File "/home/fabrice/git/pycsl/scratchpad/.pycsl_afaljp5k.mlw", line 379, characters 29-35:
Sub-goal variant decrease of goal size'vc.
Prover result is: Valid (0.01s, 30602 steps).

File "/home/fabrice/git/pycsl/scratchpad/.pycsl_afaljp5k.mlw", line 380, characters 34-40:
Sub-goal variant decrease of goal size'vc.
Prover result is: Valid (0.01s, 30584 steps).

File "/home/fabrice/git/pycsl/scratchpad/.pycsl_afaljp5k.mlw", line 380, characters 25-31:
Sub-goal variant decrease of goal size'vc.
Prover result is: Valid (0.01s, 30606 steps).

File "/home/fabrice/git/pycsl/scratchpad/.pycsl_afaljp5k.mlw", line 381, characters 33-39:
Sub-goal variant decrease of goal size'vc.
Prover result is: Valid (0.00s, 30594 steps).

File "/home/fabrice/git/pycsl/scratchpad/.pycsl_afaljp5k.mlw", line 381, characters 24-30:
Sub-goal variant decrease of goal size'vc.
Prover result is: Valid (0.00s, 30616 steps).

File "/home/fabrice/git/pycsl/scratchpad/.pycsl_afaljp5k.mlw", line 382, characters 20-26:
Sub-goal variant decrease of goal size'vc.
Prover result is: Valid (0.01s, 30588 steps).

File "/home/fabrice/git/pycsl/scratchpad/.pycsl_afaljp5k.mlw", line 383, characters 20-26:
Sub-goal variant decrease of goal size'vc.
Prover result is: Valid (0.01s, 30592 steps).

File "/home/fabrice/git/pycsl/scratchpad/.pycsl_afaljp5k.mlw", line 384, characters 28-34:
Sub-goal variant decrease of goal size'vc.
Prover result is: Valid (0.01s, 30596 steps).

File "/home/fabrice/git/pycsl/scratchpad/.pycsl_afaljp5k.mlw", line 385, characters 32-38:
Sub-goal variant decrease of goal size'vc.
Prover result is: Valid (0.01s, 30610 steps).

File "/home/fabrice/git/pycsl/scratchpad/.pycsl_afaljp5k.mlw", line 385, characters 23-29:
Sub-goal variant decrease of goal size'vc.
Prover result is: Valid (0.00s, 30632 steps).

File "/home/fabrice/git/pycsl/scratchpad/.pycsl_afaljp5k.mlw", line 386, characters 32-38:
Sub-goal variant decrease of goal size'vc.
Prover result is: Valid (0.01s, 30614 steps).

File "/home/fabrice/git/pycsl/scratchpad/.pycsl_afaljp5k.mlw", line 386, characters 23-29:
Sub-goal variant decrease of goal size'vc.
Prover result is: Valid (0.01s, 30636 steps).

File "/home/fabrice/git/pycsl/scratchpad/.pycsl_afaljp5k.mlw", line 387, characters 35-41:
Sub-goal variant decrease of goal size'vc.
Prover result is: Valid (0.01s, 30618 steps).

File "/home/fabrice/git/pycsl/scratchpad/.pycsl_afaljp5k.mlw", line 387, characters 26-32:
Sub-goal variant decrease of goal size'vc.
Prover result is: Valid (0.01s, 30640 steps).

File "/home/fabrice/git/pycsl/scratchpad/.pycsl_afaljp5k.mlw", line 388, characters 21-27:
Sub-goal variant decrease of goal size'vc.
Prover result is: Valid (0.01s, 30612 steps).

File "/home/fabrice/git/pycsl/scratchpad/.pycsl_afaljp5k.mlw", line 389, characters 21-27:
Sub-goal variant decrease of goal size'vc.
Prover result is: Valid (0.01s, 30616 steps).

File "/home/fabrice/git/pycsl/scratchpad/.pycsl_afaljp5k.mlw", line 390, characters 24-30:
Sub-goal variant decrease of goal size'vc.
Prover result is: Valid (0.01s, 30778 steps).

File "/home/fabrice/git/pycsl/scratchpad/.pycsl_afaljp5k.mlw", line 391, characters 38-44:
Sub-goal variant decrease of goal size'vc.
Prover result is: Valid (0.01s, 30640 steps).

File "/home/fabrice/git/pycsl/scratchpad/.pycsl_afaljp5k.mlw", line 391, characters 29-35:
Sub-goal variant decrease of goal size'vc.
Prover result is: Valid (0.01s, 30662 steps).

File "/home/fabrice/git/pycsl/scratchpad/.pycsl_afaljp5k.mlw", line 392, characters 27-33:
Sub-goal variant decrease of goal size'vc.
Prover result is: Valid (0.00s, 30634 steps).

File "/home/fabrice/git/pycsl/scratchpad/.pycsl_afaljp5k.mlw", line 393, characters 46-52:
Sub-goal variant decrease of goal size'vc.
Prover result is: Valid (0.01s, 30656 steps).

File "/home/fabrice/git/pycsl/scratchpad/.pycsl_afaljp5k.mlw", line 393, characters 37-43:
Sub-goal variant decrease of goal size'vc.
Prover result is: Valid (0.00s, 30678 steps).

File "/home/fabrice/git/pycsl/scratchpad/.pycsl_afaljp5k.mlw", line 393, characters 28-34:
Sub-goal variant decrease of goal size'vc.
Prover result is: Valid (0.00s, 30700 steps).

File "/home/fabrice/git/pycsl/scratchpad/.pycsl_afaljp5k.mlw", line 394, characters 45-51:
Sub-goal variant decrease of goal size'vc.
Prover result is: Valid (0.01s, 30662 steps).

File "/home/fabrice/git/pycsl/scratchpad/.pycsl_afaljp5k.mlw", line 394, characters 36-42:
Sub-goal variant decrease of goal size'vc.
Prover result is: Valid (0.01s, 30684 steps).

File "/home/fabrice/git/pycsl/scratchpad/.pycsl_afaljp5k.mlw", line 395, characters 40-46:
Sub-goal variant decrease of goal size'vc.
Prover result is: Valid (0.01s, 30662 steps).

File "/home/fabrice/git/pycsl/scratchpad/.pycsl_afaljp5k.mlw", line 395, characters 30-37:
Sub-goal variant decrease of goal size'vc.
Prover result is: Valid (0.01s, 30684 steps).

File "/home/fabrice/git/pycsl/scratchpad/.pycsl_afaljp5k.mlw", line 396, characters 40-46:
Sub-goal variant decrease of goal size'vc.
Prover result is: Valid (0.00s, 30666 steps).

File "/home/fabrice/git/pycsl/scratchpad/.pycsl_afaljp5k.mlw", line 396, characters 31-37:
Sub-goal variant decrease of goal size'vc.
Prover result is: Valid (0.01s, 30688 steps).

File "/home/fabrice/git/pycsl/scratchpad/.pycsl_afaljp5k.mlw", line 397, characters 34-40:
Sub-goal variant decrease of goal size'vc.
Prover result is: Valid (0.01s, 30670 steps).

File "/home/fabrice/git/pycsl/scratchpad/.pycsl_afaljp5k.mlw", line 397, characters 25-31:
Sub-goal variant decrease of goal size'vc.
Prover result is: Valid (0.01s, 30692 steps).

File "/home/fabrice/git/pycsl/scratchpad/.pycsl_afaljp5k.mlw", line 398, characters 25-31:
Sub-goal variant decrease of goal size'vc.
Prover result is: Valid (0.01s, 30678 steps).

File "/home/fabrice/git/pycsl/scratchpad/.pycsl_afaljp5k.mlw", line 399, characters 29-35:
Sub-goal variant decrease of goal size'vc.
Prover result is: Valid (0.00s, 30686 steps).

File "/home/fabrice/git/pycsl/scratchpad/.pycsl_afaljp5k.mlw", line 400, characters 30-36:
Sub-goal variant decrease of goal size'vc.
Prover result is: Valid (0.01s, 30716 steps).

File "/home/fabrice/git/pycsl/scratchpad/.pycsl_afaljp5k.mlw", line 401, characters 30-36:
Sub-goal variant decrease of goal size'vc.
Prover result is: Valid (0.01s, 30720 steps).

File "/home/fabrice/git/pycsl/scratchpad/.pycsl_afaljp5k.mlw", line 402, characters 35-41:
Sub-goal variant decrease of goal size'vc.
Prover result is: Valid (0.00s, 30722 steps).

File "/home/fabrice/git/pycsl/scratchpad/.pycsl_afaljp5k.mlw", line 403, characters 30-36:
Sub-goal variant decrease of goal size'vc.
Prover result is: Valid (0.01s, 30760 steps).

File "/home/fabrice/git/pycsl/scratchpad/.pycsl_afaljp5k.mlw", line 404, characters 32-38:
Sub-goal variant decrease of goal size'vc.
Prover result is: Valid (0.01s, 30758 steps).

File "/home/fabrice/git/pycsl/scratchpad/.pycsl_afaljp5k.mlw", line 405, characters 30-36:
Sub-goal variant decrease of goal size'vc.
Prover result is: Valid (0.01s, 30766 steps).

File "/home/fabrice/git/pycsl/scratchpad/.pycsl_afaljp5k.mlw", line 406, characters 34-40:
Sub-goal variant decrease of goal size'vc.
Prover result is: Valid (0.01s, 30776 steps).

File "/home/fabrice/git/pycsl/scratchpad/.pycsl_afaljp5k.mlw", line 406, characters 25-31:
Sub-goal variant decrease of goal size'vc.
Prover result is: Valid (0.01s, 30798 steps).

File "/home/fabrice/git/pycsl/scratchpad/.pycsl_afaljp5k.mlw", line 407, characters 37-43:
Sub-goal variant decrease of goal size'vc.
Prover result is: Valid (0.01s, 30780 steps).

File "/home/fabrice/git/pycsl/scratchpad/.pycsl_afaljp5k.mlw", line 407, characters 28-34:
Sub-goal variant decrease of goal size'vc.
Prover result is: Valid (0.01s, 30802 steps).

File "/home/fabrice/git/pycsl/scratchpad/.pycsl_afaljp5k.mlw", line 408, characters 31-37:
Sub-goal variant decrease of goal size'vc.
Prover result is: Valid (0.01s, 30778 steps).

File "/home/fabrice/git/pycsl/scratchpad/.pycsl_afaljp5k.mlw", line 409, characters 29-35:
Sub-goal variant decrease of goal size'vc.
Prover result is: Valid (0.01s, 30782 steps).

File "/home/fabrice/git/pycsl/scratchpad/.pycsl_afaljp5k.mlw", line 410, characters 35-41:
Sub-goal variant decrease of goal size'vc.
Prover result is: Valid (0.01s, 30790 steps).

File "/home/fabrice/git/pycsl/scratchpad/.pycsl_afaljp5k.mlw", line 411, characters 25-31:
Sub-goal variant decrease of goal size'vc.
Prover result is: Valid (0.00s, 30790 steps).

File "/home/fabrice/git/pycsl/scratchpad/.pycsl_afaljp5k.mlw", line 412, characters 26-32:
Sub-goal variant decrease of goal size'vc.
Prover result is: Valid (0.00s, 30794 steps).

File "/home/fabrice/git/pycsl/scratchpad/.pycsl_afaljp5k.mlw", line 413, characters 39-45:
Sub-goal variant decrease of goal size'vc.
Prover result is: Valid (0.01s, 30810 steps).

File "/home/fabrice/git/pycsl/scratchpad/.pycsl_afaljp5k.mlw", line 414, characters 48-54:
Sub-goal variant decrease of goal size'vc.
Prover result is: Valid (0.00s, 30816 steps).

File "/home/fabrice/git/pycsl/scratchpad/.pycsl_afaljp5k.mlw", line 414, characters 39-45:
Sub-goal variant decrease of goal size'vc.
Prover result is: Valid (0.01s, 30838 steps).

File "/home/fabrice/git/pycsl/scratchpad/.pycsl_afaljp5k.mlw", line 415, characters 29-35:
Sub-goal variant decrease of goal size'vc.
Prover result is: Valid (0.01s, 30810 steps).

File "/home/fabrice/git/pycsl/scratchpad/.pycsl_afaljp5k.mlw", line 416, characters 34-40:
Sub-goal variant decrease of goal size'vc.
Prover result is: Valid (0.01s, 30814 steps).

File "/home/fabrice/git/pycsl/scratchpad/.pycsl_afaljp5k.mlw", line 345, characters 14-25:
Sub-goal postcondition of goal size'vc.
Prover result is: Valid (0.02s, 215555 steps).

File "/home/fabrice/git/pycsl/scratchpad/.pycsl_afaljp5k.mlw", line 421, characters 58-83:
Sub-goal goal of goal size_left_dec.
Prover result is: Valid (0.02s, 50765 steps).

File "/home/fabrice/git/pycsl/scratchpad/.pycsl_afaljp5k.mlw", line 422, characters 58-84:
Sub-goal goal of goal size_right_dec.
Prover result is: Valid (0.01s, 51582 steps).

File "/home/fabrice/git/pycsl/scratchpad/.pycsl_afaljp5k.mlw", line 425, characters 65-90:
Sub-goal goal of goal size_ifexpr_body_dec.
Prover result is: Valid (0.01s, 52405 steps).

File "/home/fabrice/git/pycsl/scratchpad/.pycsl_afaljp5k.mlw", line 426, characters 67-94:
Sub-goal goal of goal size_ifexpr_orelse_dec.
Prover result is: Valid (0.01s, 53222 steps).

File "/home/fabrice/git/pycsl/scratchpad/.pycsl_afaljp5k.mlw", line 429, characters 59-87:
Sub-goal goal of goal size_ter_fst_dec.
Prover result is: Valid (0.01s, 54118 steps).

File "/home/fabrice/git/pycsl/scratchpad/.pycsl_afaljp5k.mlw", line 430, characters 59-87:
Sub-goal goal of goal size_ter_snd_dec.
Prover result is: Valid (0.01s, 54920 steps).

File "/home/fabrice/git/pycsl/scratchpad/.pycsl_afaljp5k.mlw", line 431, characters 59-87:
Sub-goal goal of goal size_ter_thd_dec.
Prover result is: Valid (0.01s, 55748 steps).

File "/home/fabrice/git/pycsl/scratchpad/.pycsl_afaljp5k.mlw", line 474, characters 42-57:
Sub-goal variant decrease of goal kwl_nth'vc.
Prover result is: Valid (0.01s, 17022 steps).

File "/home/fabrice/git/pycsl/scratchpad/.pycsl_afaljp5k.mlw", line 506, characters 57-84:
Sub-goal goal of goal size_svalue_dec.
Prover result is: Valid (0.01s, 56410 steps).

File "/home/fabrice/git/pycsl/scratchpad/.pycsl_afaljp5k.mlw", line 507, characters 57-84:
Sub-goal goal of goal size_sindex_dec.
Prover result is: Valid (0.01s, 57227 steps).

File "/home/fabrice/git/pycsl/scratchpad/.pycsl_afaljp5k.mlw", line 508, characters 63-90:
Sub-goal goal of goal size_object_dec.
Prover result is: Valid (0.01s, 57975 steps).

File "/home/fabrice/git/pycsl/scratchpad/.pycsl_afaljp5k.mlw", line 509, characters 58-83:
Sub-goal goal of goal size_arg0_dec.
Prover result is: Valid (0.02s, 71103 steps).

File "/home/fabrice/git/pycsl/scratchpad/.pycsl_afaljp5k.mlw", line 510, characters 59-84:
Sub-goal goal of goal size_elt0_dec.
Prover result is: Valid (0.02s, 60125 steps).

File "/home/fabrice/git/pycsl/scratchpad/.pycsl_afaljp5k.mlw", line 511, characters 59-84:
Sub-goal goal of goal size_elt1_dec.
Prover result is: Valid (0.01s, 60942 steps).

File "/home/fabrice/git/pycsl/scratchpad/.pycsl_afaljp5k.mlw", line 517, characters 48-55:
Sub-goal variant decrease of goal irlen'vc.
Prover result is: Valid (0.01s, 18682 steps).

File "/home/fabrice/git/pycsl/scratchpad/.pycsl_afaljp5k.mlw", line 515, characters 14-25:
Sub-goal postcondition of goal irlen'vc.
Prover result is: Valid (0.01s, 66194 steps).

File "/home/fabrice/git/pycsl/scratchpad/.pycsl_afaljp5k.mlw", line 521, characters 75-90:
Sub-goal variant decrease of goal irnth'vc.
Prover result is: Valid (0.01s, 18718 steps).

File "/home/fabrice/git/pycsl/scratchpad/.pycsl_afaljp5k.mlw", line 581, characters 24-36:
Sub-goal variant decrease of goal size_stmt'vc.
Prover result is: Valid (0.01s, 19902 steps).

File "/home/fabrice/git/pycsl/scratchpad/.pycsl_afaljp5k.mlw", line 582, characters 38-50:
Sub-goal variant decrease of goal size_stmt'vc.
Prover result is: Valid (0.01s, 19916 steps).

File "/home/fabrice/git/pycsl/scratchpad/.pycsl_afaljp5k.mlw", line 582, characters 23-35:
Sub-goal variant decrease of goal size_stmt'vc.
Prover result is: Valid (0.01s, 19938 steps).

File "/home/fabrice/git/pycsl/scratchpad/.pycsl_afaljp5k.mlw", line 583, characters 22-34:
Sub-goal variant decrease of goal size_stmt'vc.
Prover result is: Valid (0.00s, 19910 steps).

File "/home/fabrice/git/pycsl/scratchpad/.pycsl_afaljp5k.mlw", line 584, characters 76-89:
Sub-goal variant decrease of goal size_stmt'vc.
Prover result is: Valid (0.01s, 19932 steps).

File "/home/fabrice/git/pycsl/scratchpad/.pycsl_afaljp5k.mlw", line 584, characters 60-73:
Sub-goal variant decrease of goal size_stmt'vc.
Prover result is: Valid (0.01s, 19954 steps).

File "/home/fabrice/git/pycsl/scratchpad/.pycsl_afaljp5k.mlw", line 584, characters 44-57:
Sub-goal variant decrease of goal size_stmt'vc.
Prover result is: Valid (0.01s, 19338 steps).

File "/home/fabrice/git/pycsl/scratchpad/.pycsl_afaljp5k.mlw", line 584, characters 29-41:
Sub-goal variant decrease of goal size_stmt'vc.
Prover result is: Valid (0.01s, 19998 steps).

File "/home/fabrice/git/pycsl/scratchpad/.pycsl_afaljp5k.mlw", line 585, characters 25-39:
Sub-goal variant decrease of goal size_stmt'vc.
Prover result is: Valid (0.01s, 19318 steps).

File "/home/fabrice/git/pycsl/scratchpad/.pycsl_afaljp5k.mlw", line 586, characters 38-50:
Sub-goal variant decrease of goal size_stmt'vc.
Prover result is: Valid (0.01s, 19946 steps).

File "/home/fabrice/git/pycsl/scratchpad/.pycsl_afaljp5k.mlw", line 578, characters 14-25:
Sub-goal postcondition of goal size_stmt'vc.
Prover result is: Valid (0.01s, 63857 steps).

File "/home/fabrice/git/pycsl/scratchpad/.pycsl_afaljp5k.mlw", line 592, characters 58-70:
Sub-goal variant decrease of goal size_slist'vc.
Prover result is: Valid (0.00s, 18682 steps).

File "/home/fabrice/git/pycsl/scratchpad/.pycsl_afaljp5k.mlw", line 592, characters 44-55:
Sub-goal variant decrease of goal size_slist'vc.
Prover result is: Valid (0.00s, 18704 steps).

File "/home/fabrice/git/pycsl/scratchpad/.pycsl_afaljp5k.mlw", line 590, characters 14-25:
Sub-goal postcondition of goal size_slist'vc.
Prover result is: Valid (0.01s, 66285 steps).

File "/home/fabrice/git/pycsl/scratchpad/.pycsl_afaljp5k.mlw", line 596, characters 61-73:
Sub-goal variant decrease of goal size_hlist'vc.
Prover result is: Valid (0.01s, 18682 steps).

File "/home/fabrice/git/pycsl/scratchpad/.pycsl_afaljp5k.mlw", line 596, characters 44-58:
Sub-goal variant decrease of goal size_hlist'vc.
Prover result is: Valid (0.01s, 18704 steps).

File "/home/fabrice/git/pycsl/scratchpad/.pycsl_afaljp5k.mlw", line 594, characters 14-25:
Sub-goal postcondition of goal size_hlist'vc.
Prover result is: Valid (0.02s, 66294 steps).

File "/home/fabrice/git/pycsl/scratchpad/.pycsl_afaljp5k.mlw", line 600, characters 8-28:
Sub-goal variant decrease of goal size_handler'vc.
Prover result is: Valid (0.01s, 7228 steps).

File "/home/fabrice/git/pycsl/scratchpad/.pycsl_afaljp5k.mlw", line 598, characters 14-25:
Sub-goal postcondition of goal size_handler'vc.
Prover result is: Valid (0.01s, 58956 steps).

File "/home/fabrice/git/pycsl/scratchpad/.pycsl_afaljp5k.mlw", line 604, characters 59-72:
Sub-goal variant decrease of goal size_mclist'vc.
Prover result is: Valid (0.01s, 18682 steps).

File "/home/fabrice/git/pycsl/scratchpad/.pycsl_afaljp5k.mlw", line 604, characters 44-56:
Sub-goal variant decrease of goal size_mclist'vc.
Prover result is: Valid (0.00s, 18704 steps).

File "/home/fabrice/git/pycsl/scratchpad/.pycsl_afaljp5k.mlw", line 602, characters 14-25:
Sub-goal postcondition of goal size_mclist'vc.
Prover result is: Valid (0.02s, 66294 steps).

File "/home/fabrice/git/pycsl/scratchpad/.pycsl_afaljp5k.mlw", line 608, characters 8-28:
Sub-goal variant decrease of goal size_mcase'vc.
Prover result is: Valid (0.01s, 7228 steps).

File "/home/fabrice/git/pycsl/scratchpad/.pycsl_afaljp5k.mlw", line 606, characters 14-25:
Sub-goal postcondition of goal size_mcase'vc.
Prover result is: Valid (0.02s, 58956 steps).

File "/home/fabrice/git/pycsl/scratchpad/.pycsl_afaljp5k.mlw", line 614, characters 48-56:
Sub-goal variant decrease of goal sl_len'vc.
Prover result is: Valid (0.01s, 20164 steps).

File "/home/fabrice/git/pycsl/scratchpad/.pycsl_afaljp5k.mlw", line 612, characters 14-25:
Sub-goal postcondition of goal sl_len'vc.
Prover result is: Valid (0.02s, 71464 steps).

File "/home/fabrice/git/pycsl/scratchpad/.pycsl_afaljp5k.mlw", line 621, characters 30-56:
Sub-goal variant decrease of goal seq_to_sl_from'vc.
Prover result is: Valid (0.01s, 33832 steps).

File "/home/fabrice/git/pycsl/scratchpad/.pycsl_afaljp5k.mlw", line 621, characters 30-56:
Sub-goal precondition of goal seq_to_sl_from'vc.
Prover result is: Valid (0.02s, 71527 steps).

File "/home/fabrice/git/pycsl/scratchpad/.pycsl_afaljp5k.mlw", line 622, characters 56-74:
Sub-goal precondition of goal seq_to_sl'vc.
Prover result is: Valid (0.02s, 71127 steps).

File "/home/fabrice/git/pycsl/scratchpad/.pycsl_afaljp5k.mlw", line 628, characters 38-66:
Sub-goal variant decrease of goal seq_to_sl_from_len'vc.
Prover result is: Valid (0.01s, 33832 steps).

File "/home/fabrice/git/pycsl/scratchpad/.pycsl_afaljp5k.mlw", line 628, characters 38-66:
Sub-goal precondition of goal seq_to_sl_from_len'vc.
Prover result is: Valid (0.02s, 71527 steps).

File "/home/fabrice/git/pycsl/scratchpad/.pycsl_afaljp5k.mlw", line 626, characters 15-61:
Sub-goal postcondition of goal seq_to_sl_from_len'vc.
Prover result is: Valid (3.47s, 6786007 steps).

File "/home/fabrice/git/pycsl/scratchpad/.pycsl_afaljp5k.mlw", line 629, characters 47-82:
Sub-goal goal of goal seq_to_sl_len.
Prover result is: Valid (0.02s, 67652 steps).

File "/home/fabrice/git/pycsl/scratchpad/.pycsl_afaljp5k.mlw", line 636, characters 48-56:
Sub-goal variant decrease of goal hl_len'vc.
Prover result is: Valid (0.01s, 21136 steps).

File "/home/fabrice/git/pycsl/scratchpad/.pycsl_afaljp5k.mlw", line 634, characters 14-25:
Sub-goal postcondition of goal hl_len'vc.
Prover result is: Valid (0.02s, 74927 steps).

File "/home/fabrice/git/pycsl/scratchpad/.pycsl_afaljp5k.mlw", line 643, characters 30-56:
Sub-goal variant decrease of goal seq_to_hl_from'vc.
Prover result is: Valid (0.01s, 35480 steps).

File "/home/fabrice/git/pycsl/scratchpad/.pycsl_afaljp5k.mlw", line 643, characters 30-56:
Sub-goal precondition of goal seq_to_hl_from'vc.
Prover result is: Valid (0.02s, 74979 steps).

File "/home/fabrice/git/pycsl/scratchpad/.pycsl_afaljp5k.mlw", line 644, characters 66-84:
Sub-goal precondition of goal seq_to_hl'vc.
Prover result is: Valid (0.02s, 74579 steps).

File "/home/fabrice/git/pycsl/scratchpad/.pycsl_afaljp5k.mlw", line 649, characters 38-66:
Sub-goal variant decrease of goal seq_to_hl_from_len'vc.
Prover result is: Valid (0.01s, 35480 steps).

File "/home/fabrice/git/pycsl/scratchpad/.pycsl_afaljp5k.mlw", line 649, characters 38-66:
Sub-goal precondition of goal seq_to_hl_from_len'vc.
Prover result is: Valid (0.02s, 74979 steps).

File "/home/fabrice/git/pycsl/scratchpad/.pycsl_afaljp5k.mlw", line 647, characters 15-61:
Sub-goal postcondition of goal seq_to_hl_from_len'vc.
Prover result is: Valid (0.20s, 1510 steps).

File "/home/fabrice/git/pycsl/scratchpad/.pycsl_afaljp5k.mlw", line 650, characters 54-89:
Sub-goal goal of goal seq_to_hl_len.
Prover result is: Valid (0.02s, 70659 steps).

File "/home/fabrice/git/pycsl/scratchpad/.pycsl_afaljp5k.mlw", line 656, characters 48-57:
Sub-goal variant decrease of goal mcl_len'vc.
Prover result is: Valid (0.01s, 22064 steps).

File "/home/fabrice/git/pycsl/scratchpad/.pycsl_afaljp5k.mlw", line 654, characters 14-25:
Sub-goal postcondition of goal mcl_len'vc.
Prover result is: Valid (0.02s, 78227 steps).

File "/home/fabrice/git/pycsl/scratchpad/.pycsl_afaljp5k.mlw", line 662, characters 30-57:
Sub-goal variant decrease of goal seq_to_mcl_from'vc.
Prover result is: Valid (0.01s, 37059 steps).

File "/home/fabrice/git/pycsl/scratchpad/.pycsl_afaljp5k.mlw", line 662, characters 30-57:
Sub-goal precondition of goal seq_to_mcl_from'vc.
Prover result is: Valid (0.02s, 78279 steps).

File "/home/fabrice/git/pycsl/scratchpad/.pycsl_afaljp5k.mlw", line 663, characters 66-85:
Sub-goal precondition of goal seq_to_mcl'vc.
Prover result is: Valid (0.02s, 77879 steps).

File "/home/fabrice/git/pycsl/scratchpad/.pycsl_afaljp5k.mlw", line 668, characters 38-67:
Sub-goal variant decrease of goal seq_to_mcl_from_len'vc.
Prover result is: Valid (0.01s, 37059 steps).

File "/home/fabrice/git/pycsl/scratchpad/.pycsl_afaljp5k.mlw", line 668, characters 38-67:
Sub-goal precondition of goal seq_to_mcl_from_len'vc.
Prover result is: Valid (0.02s, 78279 steps).

File "/home/fabrice/git/pycsl/scratchpad/.pycsl_afaljp5k.mlw", line 666, characters 15-63:
Sub-goal postcondition of goal seq_to_mcl_from_len'vc.
Prover result is: Valid (0.20s, 1513 steps).

File "/home/fabrice/git/pycsl/scratchpad/.pycsl_afaljp5k.mlw", line 669, characters 51-88:
Sub-goal goal of goal seq_to_mcl_len.
Prover result is: Valid (0.02s, 73655 steps).

File "/home/fabrice/git/pycsl/scratchpad/.pycsl_afaljp5k.mlw", line 775, characters 21-75:
Sub-goal variant decrease of goal boolop_fold'vc.
Prover result is: Valid (0.01s, 22992 steps).

File "/home/fabrice/git/pycsl/scratchpad/.pycsl_afaljp5k.mlw", line 916, characters 72-102:
Sub-goal goal of goal is_assign_faithful.
Prover result is: Valid (0.02s, 76918 steps).

File "/home/fabrice/git/pycsl/scratchpad/.pycsl_afaljp5k.mlw", line 916, characters 51-67:
Sub-goal goal of goal is_assign_faithful.
Prover result is: Valid (0.02s, 78706 steps).

File "/home/fabrice/git/pycsl/scratchpad/.pycsl_afaljp5k.mlw", line 917, characters 78-111:
Sub-goal goal of goal is_annassign_faithful.
Prover result is: Valid (0.02s, 78009 steps).

File "/home/fabrice/git/pycsl/scratchpad/.pycsl_afaljp5k.mlw", line 917, characters 54-73:
Sub-goal goal of goal is_annassign_faithful.
Prover result is: Valid (0.02s, 79428 steps).

File "/home/fabrice/git/pycsl/scratchpad/.pycsl_afaljp5k.mlw", line 918, characters 76-108:
Sub-goal goal of goal is_classdef_faithful.
Prover result is: Valid (0.02s, 79039 steps).

File "/home/fabrice/git/pycsl/scratchpad/.pycsl_afaljp5k.mlw", line 918, characters 53-71:
Sub-goal goal of goal is_classdef_faithful.
Prover result is: Valid (0.02s, 80198 steps).

File "/home/fabrice/git/pycsl/scratchpad/.pycsl_afaljp5k.mlw", line 919, characters 82-117:
Sub-goal goal of goal is_functiondef_faithful.
Prover result is: Valid (0.02s, 79936 steps).

File "/home/fabrice/git/pycsl/scratchpad/.pycsl_afaljp5k.mlw", line 919, characters 56-77:
Sub-goal goal of goal is_functiondef_faithful.
Prover result is: Valid (0.02s, 81029 steps).

File "/home/fabrice/git/pycsl/scratchpad/.pycsl_afaljp5k.mlw", line 920, characters 68-96:
Sub-goal goal of goal is_pass_faithful.
Prover result is: Valid (0.02s, 80552 steps).

File "/home/fabrice/git/pycsl/scratchpad/.pycsl_afaljp5k.mlw", line 920, characters 49-63:
Sub-goal goal of goal is_pass_faithful.
Prover result is: Valid (0.02s, 81713 steps).

File "/home/fabrice/git/pycsl/scratchpad/.pycsl_afaljp5k.mlw", line 921, characters 86-122:
Sub-goal goal of goal is_expr_ellipsis_faithful.
Prover result is: Valid (0.02s, 81387 steps).

File "/home/fabrice/git/pycsl/scratchpad/.pycsl_afaljp5k.mlw", line 921, characters 58-81:
Sub-goal goal of goal is_expr_ellipsis_faithful.
Prover result is: Valid (0.02s, 82565 steps).

File "/home/fabrice/git/pycsl/scratchpad/.pycsl_afaljp5k.mlw", line 935, characters 74-89:
Sub-goal variant decrease of goal psl_nth'vc.
Prover result is: Valid (0.01s, 24044 steps).

File "/home/fabrice/git/pycsl/scratchpad/.pycsl_afaljp5k.mlw", line 967, characters 67-92:
Sub-goal goal of goal is_typevar_faithful.
Prover result is: Valid (0.02s, 82355 steps).

File "/home/fabrice/git/pycsl/scratchpad/.pycsl_afaljp5k.mlw", line 967, characters 49-62:
Sub-goal goal of goal is_typevar_faithful.
Prover result is: Valid (0.02s, 83452 steps).

File "/home/fabrice/git/pycsl/scratchpad/.pycsl_afaljp5k.mlw", line 968, characters 71-98:
Sub-goal goal of goal is_paramspec_faithful.
Prover result is: Valid (0.02s, 83294 steps).

File "/home/fabrice/git/pycsl/scratchpad/.pycsl_afaljp5k.mlw", line 968, characters 51-66:
Sub-goal goal of goal is_paramspec_faithful.
Prover result is: Valid (0.02s, 84257 steps).

File "/home/fabrice/git/pycsl/scratchpad/.pycsl_afaljp5k.mlw", line 969, characters 77-107:
Sub-goal goal of goal is_typevartuple_faithful.
Prover result is: Valid (0.02s, 84388 steps).

File "/home/fabrice/git/pycsl/scratchpad/.pycsl_afaljp5k.mlw", line 969, characters 54-72:
Sub-goal goal of goal is_typevartuple_faithful.
Prover result is: Valid (0.02s, 85219 steps).

File "/home/fabrice/git/pycsl/scratchpad/.pycsl_afaljp5k.mlw", line 974, characters 79-94:
Sub-goal variant decrease of goal tpl_nth'vc.
Prover result is: Valid (0.01s, 24540 steps).

File "/home/fabrice/git/pycsl/scratchpad/.pycsl_afaljp5k.mlw", line 994, characters 63-76:
Sub-goal variant decrease of goal pairs_get'vc.
Prover result is: Valid (0.01s, 24534 steps).

File "/home/fabrice/git/pycsl/scratchpad/.pycsl_afaljp5k.mlw", line 1014, characters 99-120:
Sub-goal variant decrease of goal hval_list_str_mem'vc.
Prover result is: Valid (0.01s, 28165 steps).

File "/home/fabrice/git/pycsl/scratchpad/.pycsl_afaljp5k.mlw", line 1021, characters 48-63:
Sub-goal variant decrease of goal hval_list_len'vc.
Prover result is: Valid (0.01s, 24504 steps).

File "/home/fabrice/git/pycsl/scratchpad/.pycsl_afaljp5k.mlw", line 1028, characters 43-66:
Sub-goal variant decrease of goal hval_list_nth'vc.
Prover result is: Valid (0.01s, 24540 steps).

File "/home/fabrice/.opam/framac-coq8/share/why3/stdlib/set.mlw", line 538, characters 14-30:
Sub-goal postcondition of goal eq'refn'vc.
Prover result is: Valid (0.01s, 11103 steps).

File "/home/fabrice/git/pycsl/scratchpad/.pycsl_afaljp5k.mlw", line 1832, characters 15-19:
Sub-goal postcondition of goal pycsltojsonemitter___build_overload_param_guard'vc.
Prover result is: Valid (0.01s, 11751 steps).

File "/home/fabrice/git/pycsl/scratchpad/.pycsl_afaljp5k.mlw", line 1837, characters 15-19:
Sub-goal postcondition of goal pycsltojsonemitter___callable_type_tag'vc.
Prover result is: Valid (0.01s, 11224 steps).

File "/home/fabrice/git/pycsl/scratchpad/.pycsl_afaljp5k.mlw", line 1859, characters 15-19:
Sub-goal postcondition of goal pycsltojsonemitter___classify_literal_value'vc.
Prover result is: Valid (0.01s, 11431 steps).

File "/home/fabrice/git/pycsl/scratchpad/.pycsl_afaljp5k.mlw", line 1859, characters 15-19:
Sub-goal postcondition of goal pycsltojsonemitter___classify_literal_value'vc.
Prover result is: Valid (0.01s, 11535 steps).

File "/home/fabrice/git/pycsl/scratchpad/.pycsl_afaljp5k.mlw", line 1859, characters 15-19:
Sub-goal postcondition of goal pycsltojsonemitter___classify_literal_value'vc.
Prover result is: Valid (0.01s, 11523 steps).

File "/home/fabrice/git/pycsl/scratchpad/.pycsl_afaljp5k.mlw", line 1859, characters 15-19:
Sub-goal postcondition of goal pycsltojsonemitter___classify_literal_value'vc.
Prover result is: Valid (0.01s, 11569 steps).

File "/home/fabrice/git/pycsl/scratchpad/.pycsl_afaljp5k.mlw", line 1859, characters 15-19:
Sub-goal postcondition of goal pycsltojsonemitter___classify_literal_value'vc.
Prover result is: Valid (0.01s, 11353 steps).

File "/home/fabrice/git/pycsl/scratchpad/.pycsl_afaljp5k.mlw", line 1859, characters 15-19:
Sub-goal postcondition of goal pycsltojsonemitter___classify_literal_value'vc.
Prover result is: Valid (0.01s, 11364 steps).

File "/home/fabrice/git/pycsl/scratchpad/.pycsl_afaljp5k.mlw", line 1859, characters 15-19:
Sub-goal postcondition of goal pycsltojsonemitter___classify_literal_value'vc.
Prover result is: Valid (0.01s, 11373 steps).

File "/home/fabrice/git/pycsl/scratchpad/.pycsl_afaljp5k.mlw", line 1911, characters 24-72:
Sub-goal variant decrease of goal pycsltojsonemitter___scan_2d_in_expr__gtype'vc.
Prover result is: Valid (0.01s, 30050 steps).

File "/home/fabrice/git/pycsl/scratchpad/.pycsl_afaljp5k.mlw", line 1911, characters 24-72:
Sub-goal variant decrease of goal pycsltojsonemitter___scan_2d_in_expr__gtype'vc.
Prover result is: Valid (0.01s, 29902 steps).

File "/home/fabrice/git/pycsl/scratchpad/.pycsl_afaljp5k.mlw", line 1915, characters 77-125:
Sub-goal variant decrease of goal pycsltojsonemitter___scan_2d_in_expr__gstmt'vc.
Prover result is: Valid (0.01s, 29766 steps).

File "/home/fabrice/git/pycsl/scratchpad/.pycsl_afaljp5k.mlw", line 1916, characters 24-72:
Sub-goal variant decrease of goal pycsltojsonemitter___scan_2d_in_expr__gstmt'vc.
Prover result is: Valid (0.01s, 30038 steps).

File "/home/fabrice/git/pycsl/scratchpad/.pycsl_afaljp5k.mlw", line 1916, characters 24-72:
Sub-goal variant decrease of goal pycsltojsonemitter___scan_2d_in_expr__gstmt'vc.
Prover result is: Valid (0.01s, 29902 steps).

File "/home/fabrice/git/pycsl/scratchpad/.pycsl_afaljp5k.mlw", line 1921, characters 24-72:
Sub-goal variant decrease of goal pycsltojsonemitter___scan_2d_in_expr__gname'vc.
Prover result is: Valid (0.01s, 30050 steps).

File "/home/fabrice/git/pycsl/scratchpad/.pycsl_afaljp5k.mlw", line 1921, characters 24-72:
Sub-goal variant decrease of goal pycsltojsonemitter___scan_2d_in_expr__gname'vc.
Prover result is: Valid (0.01s, 29902 steps).

File "/home/fabrice/git/pycsl/scratchpad/.pycsl_afaljp5k.mlw", line 1927, characters 59-108:
Sub-goal variant decrease of goal pycsltojsonemitter___scan_2d_in_expr__gvalue'vc.
Prover result is: Valid (0.01s, 30124 steps).

File "/home/fabrice/git/pycsl/scratchpad/.pycsl_afaljp5k.mlw", line 1923, characters 14-88:
Sub-goal postcondition of goal pycsltojsonemitter___scan_2d_in_expr__gvalue'vc.
Prover result is: Valid (0.02s, 108395 steps).

File "/home/fabrice/git/pycsl/scratchpad/.pycsl_afaljp5k.mlw", line 1932, characters 106-155:
Sub-goal variant decrease of goal pycsltojsonemitter___scan_2d_in_expr__gindex'vc.
Prover result is: Valid (0.01s, 29840 steps).

File "/home/fabrice/git/pycsl/scratchpad/.pycsl_afaljp5k.mlw", line 1933, characters 59-108:
Sub-goal variant decrease of goal pycsltojsonemitter___scan_2d_in_expr__gindex'vc.
Prover result is: Valid (0.01s, 30112 steps).

File "/home/fabrice/git/pycsl/scratchpad/.pycsl_afaljp5k.mlw", line 1929, characters 14-88:
Sub-goal postcondition of goal pycsltojsonemitter___scan_2d_in_expr__gindex'vc.
Prover result is: Valid (0.02s, 117476 steps).

File "/home/fabrice/git/pycsl/scratchpad/.pycsl_afaljp5k.mlw", line 1938, characters 106-155:
Sub-goal variant decrease of goal pycsltojsonemitter___scan_2d_in_expr__garray'vc.
Prover result is: Valid (0.01s, 29840 steps).

File "/home/fabrice/git/pycsl/scratchpad/.pycsl_afaljp5k.mlw", line 1939, characters 59-108:
Sub-goal variant decrease of goal pycsltojsonemitter___scan_2d_in_expr__garray'vc.
Prover result is: Valid (0.01s, 30112 steps).

File "/home/fabrice/git/pycsl/scratchpad/.pycsl_afaljp5k.mlw", line 1935, characters 14-88:
Sub-goal postcondition of goal pycsltojsonemitter___scan_2d_in_expr__garray'vc.
Prover result is: Valid (0.02s, 117476 steps).

File "/home/fabrice/git/pycsl/scratchpad/.pycsl_afaljp5k.mlw", line 1945, characters 59-107:
Sub-goal variant decrease of goal pycsltojsonemitter___scan_2d_in_expr__gleft'vc.
Prover result is: Valid (0.01s, 30124 steps).

File "/home/fabrice/git/pycsl/scratchpad/.pycsl_afaljp5k.mlw", line 1941, characters 14-88:
Sub-goal postcondition of goal pycsltojsonemitter___scan_2d_in_expr__gleft'vc.
Prover result is: Valid (0.02s, 108395 steps).

File "/home/fabrice/git/pycsl/scratchpad/.pycsl_afaljp5k.mlw", line 1951, characters 59-108:
Sub-goal variant decrease of goal pycsltojsonemitter___scan_2d_in_expr__gright'vc.
Prover result is: Valid (0.01s, 30124 steps).

File "/home/fabrice/git/pycsl/scratchpad/.pycsl_afaljp5k.mlw", line 1947, characters 14-88:
Sub-goal postcondition of goal pycsltojsonemitter___scan_2d_in_expr__gright'vc.
Prover result is: Valid (0.03s, 108395 steps).

File "/home/fabrice/git/pycsl/scratchpad/.pycsl_afaljp5k.mlw", line 1956, characters 105-153:
Sub-goal variant decrease of goal pycsltojsonemitter___scan_2d_in_expr__gexpr'vc.
Prover result is: Valid (0.01s, 29840 steps).

File "/home/fabrice/git/pycsl/scratchpad/.pycsl_afaljp5k.mlw", line 1957, characters 59-107:
Sub-goal variant decrease of goal pycsltojsonemitter___scan_2d_in_expr__gexpr'vc.
Prover result is: Valid (0.01s, 30112 steps).

File "/home/fabrice/git/pycsl/scratchpad/.pycsl_afaljp5k.mlw", line 1953, characters 14-88:
Sub-goal postcondition of goal pycsltojsonemitter___scan_2d_in_expr__gexpr'vc.
Prover result is: Valid (0.02s, 117476 steps).

File "/home/fabrice/git/pycsl/scratchpad/.pycsl_afaljp5k.mlw", line 1962, characters 105-153:
Sub-goal variant decrease of goal pycsltojsonemitter___scan_2d_in_expr__gtest'vc.
Prover result is: Valid (0.01s, 29840 steps).

File "/home/fabrice/git/pycsl/scratchpad/.pycsl_afaljp5k.mlw", line 1963, characters 59-107:
Sub-goal variant decrease of goal pycsltojsonemitter___scan_2d_in_expr__gtest'vc.
Prover result is: Valid (0.01s, 30112 steps).

File "/home/fabrice/git/pycsl/scratchpad/.pycsl_afaljp5k.mlw", line 1959, characters 14-88:
Sub-goal postcondition of goal pycsltojsonemitter___scan_2d_in_expr__gtest'vc.
Prover result is: Valid (0.02s, 117476 steps).

File "/home/fabrice/git/pycsl/scratchpad/.pycsl_afaljp5k.mlw", line 1968, characters 105-155:
Sub-goal variant decrease of goal pycsltojsonemitter___scan_2d_in_expr__Largs_g'vc.
Prover result is: Valid (0.01s, 29840 steps).

File "/home/fabrice/git/pycsl/scratchpad/.pycsl_afaljp5k.mlw", line 1969, characters 59-109:
Sub-goal variant decrease of goal pycsltojsonemitter___scan_2d_in_expr__Largs_g'vc.
Prover result is: Valid (0.01s, 30112 steps).

File "/home/fabrice/git/pycsl/scratchpad/.pycsl_afaljp5k.mlw", line 1965, characters 14-88:
Sub-goal postcondition of goal pycsltojsonemitter___scan_2d_in_expr__Largs_g'vc.
Prover result is: Valid (0.02s, 117476 steps).

File "/home/fabrice/git/pycsl/scratchpad/.pycsl_afaljp5k.mlw", line 1971, characters 14-48:
Sub-goal postcondition of goal pycsltojsonemitter___scan_2d_in_expr__Largs'vc.
Prover result is: Valid (0.02s, 111928 steps).

File "/home/fabrice/git/pycsl/scratchpad/.pycsl_afaljp5k.mlw", line 1971, characters 14-48:
Sub-goal postcondition of goal pycsltojsonemitter___scan_2d_in_expr__Largs'vc.
Prover result is: Valid (0.10s, 138 steps).

File "/home/fabrice/git/pycsl/scratchpad/.pycsl_afaljp5k.mlw", line 1971, characters 14-48:
Sub-goal postcondition of goal pycsltojsonemitter___scan_2d_in_expr__Largs'vc.
Prover result is: Valid (0.08s, 378075 steps).

File "/home/fabrice/git/pycsl/scratchpad/.pycsl_afaljp5k.mlw", line 1979, characters 59-109:
Sub-goal variant decrease of goal pycsltojsonemitter___scan_2d_in_expr__Lbody_g'vc.
Prover result is: Valid (0.01s, 30124 steps).

File "/home/fabrice/git/pycsl/scratchpad/.pycsl_afaljp5k.mlw", line 1975, characters 14-88:
Sub-goal postcondition of goal pycsltojsonemitter___scan_2d_in_expr__Lbody_g'vc.
Prover result is: Valid (0.02s, 108395 steps).

File "/home/fabrice/git/pycsl/scratchpad/.pycsl_afaljp5k.mlw", line 1981, characters 14-48:
Sub-goal postcondition of goal pycsltojsonemitter___scan_2d_in_expr__Lbody'vc.
Prover result is: Valid (0.02s, 111928 steps).

File "/home/fabrice/git/pycsl/scratchpad/.pycsl_afaljp5k.mlw", line 1981, characters 14-48:
Sub-goal postcondition of goal pycsltojsonemitter___scan_2d_in_expr__Lbody'vc.
Prover result is: Valid (0.10s, 138 steps).

File "/home/fabrice/git/pycsl/scratchpad/.pycsl_afaljp5k.mlw", line 1981, characters 14-48:
Sub-goal postcondition of goal pycsltojsonemitter___scan_2d_in_expr__Lbody'vc.
Prover result is: Valid (0.09s, 378075 steps).

File "/home/fabrice/git/pycsl/scratchpad/.pycsl_afaljp5k.mlw", line 1989, characters 59-111:
Sub-goal variant decrease of goal pycsltojsonemitter___scan_2d_in_expr__Lorelse_g'vc.
Prover result is: Valid (0.01s, 30124 steps).

File "/home/fabrice/git/pycsl/scratchpad/.pycsl_afaljp5k.mlw", line 1985, characters 14-88:
Sub-goal postcondition of goal pycsltojsonemitter___scan_2d_in_expr__Lorelse_g'vc.
Prover result is: Valid (0.02s, 108395 steps).

File "/home/fabrice/git/pycsl/scratchpad/.pycsl_afaljp5k.mlw", line 1991, characters 14-48:
Sub-goal postcondition of goal pycsltojsonemitter___scan_2d_in_expr__Lorelse'vc.
Prover result is: Valid (0.02s, 111928 steps).

File "/home/fabrice/git/pycsl/scratchpad/.pycsl_afaljp5k.mlw", line 1991, characters 14-48:
Sub-goal postcondition of goal pycsltojsonemitter___scan_2d_in_expr__Lorelse'vc.
Prover result is: Valid (0.11s, 138 steps).

File "/home/fabrice/git/pycsl/scratchpad/.pycsl_afaljp5k.mlw", line 1991, characters 14-48:
Sub-goal postcondition of goal pycsltojsonemitter___scan_2d_in_expr__Lorelse'vc.
Prover result is: Valid (0.09s, 378075 steps).

File "/home/fabrice/git/pycsl/scratchpad/.pycsl_afaljp5k.mlw", line 2031, characters 20-69:
Sub-goal variant decrease of goal pycsltojsonemitter___scan_2d_in_expr'vc.
Prover result is: Valid (0.02s, 127377 steps).

File "/home/fabrice/git/pycsl/scratchpad/.pycsl_afaljp5k.mlw", line 2031, characters 20-69:
Sub-goal precondition of goal pycsltojsonemitter___scan_2d_in_expr'vc.
Prover result is: Valid (0.00s, 11619 steps).

File "/home/fabrice/git/pycsl/scratchpad/.pycsl_afaljp5k.mlw", line 2033, characters 85-131:
Sub-goal variant decrease of goal pycsltojsonemitter___scan_2d_in_expr'vc.
Prover result is: Valid (0.02s, 127693 steps).

File "/home/fabrice/git/pycsl/scratchpad/.pycsl_afaljp5k.mlw", line 2033, characters 85-131:
Sub-goal precondition of goal pycsltojsonemitter___scan_2d_in_expr'vc.
Prover result is: Valid (0.01s, 11636 steps).

File "/home/fabrice/git/pycsl/scratchpad/.pycsl_afaljp5k.mlw", line 1999, characters 32-36:
Sub-goal postcondition of goal pycsltojsonemitter___scan_2d_in_expr'vc.
Prover result is: Valid (0.01s, 11636 steps).

File "/home/fabrice/git/pycsl/scratchpad/.pycsl_afaljp5k.mlw", line 1999, characters 32-36:
Sub-goal postcondition of goal pycsltojsonemitter___scan_2d_in_expr'vc.
Prover result is: Valid (0.01s, 11620 steps).

File "/home/fabrice/git/pycsl/scratchpad/.pycsl_afaljp5k.mlw", line 2031, characters 20-69:
Sub-goal variant decrease of goal pycsltojsonemitter___scan_2d_in_expr'vc.
Prover result is: Valid (0.02s, 132021 steps).

File "/home/fabrice/git/pycsl/scratchpad/.pycsl_afaljp5k.mlw", line 2031, characters 20-69:
Sub-goal precondition of goal pycsltojsonemitter___scan_2d_in_expr'vc.
Prover result is: Valid (0.01s, 11602 steps).

File "/home/fabrice/git/pycsl/scratchpad/.pycsl_afaljp5k.mlw", line 2033, characters 85-131:
Sub-goal variant decrease of goal pycsltojsonemitter___scan_2d_in_expr'vc.
Prover result is: Valid (0.03s, 132343 steps).

File "/home/fabrice/git/pycsl/scratchpad/.pycsl_afaljp5k.mlw", line 2033, characters 85-131:
Sub-goal precondition of goal pycsltojsonemitter___scan_2d_in_expr'vc.
Prover result is: Valid (0.00s, 11619 steps).

File "/home/fabrice/git/pycsl/scratchpad/.pycsl_afaljp5k.mlw", line 1999, characters 32-36:
Sub-goal postcondition of goal pycsltojsonemitter___scan_2d_in_expr'vc.
Prover result is: Valid (0.01s, 11619 steps).

File "/home/fabrice/git/pycsl/scratchpad/.pycsl_afaljp5k.mlw", line 1999, characters 32-36:
Sub-goal postcondition of goal pycsltojsonemitter___scan_2d_in_expr'vc.
Prover result is: Valid (0.01s, 11603 steps).

File "/home/fabrice/git/pycsl/scratchpad/.pycsl_afaljp5k.mlw", line 2031, characters 20-69:
Sub-goal variant decrease of goal pycsltojsonemitter___scan_2d_in_expr'vc.
Prover result is: Valid (0.02s, 132052 steps).

File "/home/fabrice/git/pycsl/scratchpad/.pycsl_afaljp5k.mlw", line 2031, characters 20-69:
Sub-goal precondition of goal pycsltojsonemitter___scan_2d_in_expr'vc.
Prover result is: Valid (0.01s, 11570 steps).

File "/home/fabrice/git/pycsl/scratchpad/.pycsl_afaljp5k.mlw", line 2033, characters 85-131:
Sub-goal variant decrease of goal pycsltojsonemitter___scan_2d_in_expr'vc.
Prover result is: Valid (0.02s, 132380 steps).

File "/home/fabrice/git/pycsl/scratchpad/.pycsl_afaljp5k.mlw", line 2033, characters 85-131:
Sub-goal precondition of goal pycsltojsonemitter___scan_2d_in_expr'vc.
Prover result is: Valid (0.01s, 11591 steps).

File "/home/fabrice/git/pycsl/scratchpad/.pycsl_afaljp5k.mlw", line 1999, characters 32-36:
Sub-goal postcondition of goal pycsltojsonemitter___scan_2d_in_expr'vc.
Prover result is: Valid (0.01s, 11591 steps).

File "/home/fabrice/git/pycsl/scratchpad/.pycsl_afaljp5k.mlw", line 1999, characters 32-36:
Sub-goal postcondition of goal pycsltojsonemitter___scan_2d_in_expr'vc.
Prover result is: Valid (0.01s, 11571 steps).

File "/home/fabrice/git/pycsl/scratchpad/.pycsl_afaljp5k.mlw", line 2031, characters 20-69:
Sub-goal variant decrease of goal pycsltojsonemitter___scan_2d_in_expr'vc.
Prover result is: Valid (0.02s, 122589 steps).

File "/home/fabrice/git/pycsl/scratchpad/.pycsl_afaljp5k.mlw", line 2031, characters 20-69:
Sub-goal precondition of goal pycsltojsonemitter___scan_2d_in_expr'vc.
Prover result is: Valid (0.01s, 11186 steps).

File "/home/fabrice/git/pycsl/scratchpad/.pycsl_afaljp5k.mlw", line 2033, characters 85-131:
Sub-goal variant decrease of goal pycsltojsonemitter___scan_2d_in_expr'vc.
Prover result is: Valid (0.02s, 122917 steps).

File "/home/fabrice/git/pycsl/scratchpad/.pycsl_afaljp5k.mlw", line 2033, characters 85-131:
Sub-goal precondition of goal pycsltojsonemitter___scan_2d_in_expr'vc.
Prover result is: Valid (0.01s, 11207 steps).

File "/home/fabrice/git/pycsl/scratchpad/.pycsl_afaljp5k.mlw", line 1999, characters 32-36:
Sub-goal postcondition of goal pycsltojsonemitter___scan_2d_in_expr'vc.
Prover result is: Valid (0.01s, 11207 steps).

File "/home/fabrice/git/pycsl/scratchpad/.pycsl_afaljp5k.mlw", line 1999, characters 32-36:
Sub-goal postcondition of goal pycsltojsonemitter___scan_2d_in_expr'vc.
Prover result is: Valid (0.01s, 11187 steps).

File "/home/fabrice/git/pycsl/scratchpad/.pycsl_afaljp5k.mlw", line 2031, characters 20-69:
Sub-goal variant decrease of goal pycsltojsonemitter___scan_2d_in_expr'vc.
Prover result is: Valid (0.02s, 122617 steps).

File "/home/fabrice/git/pycsl/scratchpad/.pycsl_afaljp5k.mlw", line 2031, characters 20-69:
Sub-goal precondition of goal pycsltojsonemitter___scan_2d_in_expr'vc.
Prover result is: Valid (0.01s, 11195 steps).

File "/home/fabrice/git/pycsl/scratchpad/.pycsl_afaljp5k.mlw", line 2033, characters 85-131:
Sub-goal variant decrease of goal pycsltojsonemitter___scan_2d_in_expr'vc.
Prover result is: Valid (0.02s, 122945 steps).

File "/home/fabrice/git/pycsl/scratchpad/.pycsl_afaljp5k.mlw", line 2033, characters 85-131:
Sub-goal precondition of goal pycsltojsonemitter___scan_2d_in_expr'vc.
Prover result is: Valid (0.01s, 11216 steps).

File "/home/fabrice/git/pycsl/scratchpad/.pycsl_afaljp5k.mlw", line 1999, characters 32-36:
Sub-goal postcondition of goal pycsltojsonemitter___scan_2d_in_expr'vc.
Prover result is: Valid (0.01s, 11216 steps).

File "/home/fabrice/git/pycsl/scratchpad/.pycsl_afaljp5k.mlw", line 1999, characters 32-36:
Sub-goal postcondition of goal pycsltojsonemitter___scan_2d_in_expr'vc.
Prover result is: Valid (0.01s, 11196 steps).

File "/home/fabrice/git/pycsl/scratchpad/.pycsl_afaljp5k.mlw", line 2031, characters 20-69:
Sub-goal variant decrease of goal pycsltojsonemitter___scan_2d_in_expr'vc.
Prover result is: Valid (0.02s, 122589 steps).

File "/home/fabrice/git/pycsl/scratchpad/.pycsl_afaljp5k.mlw", line 2031, characters 20-69:
Sub-goal precondition of goal pycsltojsonemitter___scan_2d_in_expr'vc.
Prover result is: Valid (0.01s, 11186 steps).

File "/home/fabrice/git/pycsl/scratchpad/.pycsl_afaljp5k.mlw", line 2033, characters 85-131:
Sub-goal variant decrease of goal pycsltojsonemitter___scan_2d_in_expr'vc.
Prover result is: Valid (0.02s, 122917 steps).

File "/home/fabrice/git/pycsl/scratchpad/.pycsl_afaljp5k.mlw", line 2033, characters 85-131:
Sub-goal precondition of goal pycsltojsonemitter___scan_2d_in_expr'vc.
Prover result is: Valid (0.01s, 11207 steps).

File "/home/fabrice/git/pycsl/scratchpad/.pycsl_afaljp5k.mlw", line 1999, characters 32-36:
Sub-goal postcondition of goal pycsltojsonemitter___scan_2d_in_expr'vc.
Prover result is: Valid (0.01s, 11207 steps).

File "/home/fabrice/git/pycsl/scratchpad/.pycsl_afaljp5k.mlw", line 1999, characters 32-36:
Sub-goal postcondition of goal pycsltojsonemitter___scan_2d_in_expr'vc.
Prover result is: Valid (0.01s, 11187 steps).

File "/home/fabrice/git/pycsl/scratchpad/.pycsl_afaljp5k.mlw", line 2031, characters 20-69:
Sub-goal variant decrease of goal pycsltojsonemitter___scan_2d_in_expr'vc.
Prover result is: Valid (0.02s, 123052 steps).

File "/home/fabrice/git/pycsl/scratchpad/.pycsl_afaljp5k.mlw", line 2031, characters 20-69:
Sub-goal precondition of goal pycsltojsonemitter___scan_2d_in_expr'vc.
Prover result is: Valid (0.01s, 11251 steps).

File "/home/fabrice/git/pycsl/scratchpad/.pycsl_afaljp5k.mlw", line 2033, characters 85-131:
Sub-goal variant decrease of goal pycsltojsonemitter___scan_2d_in_expr'vc.
Prover result is: Valid (0.02s, 123378 steps).

File "/home/fabrice/git/pycsl/scratchpad/.pycsl_afaljp5k.mlw", line 2033, characters 85-131:
Sub-goal precondition of goal pycsltojsonemitter___scan_2d_in_expr'vc.
Prover result is: Valid (0.01s, 11272 steps).

File "/home/fabrice/git/pycsl/scratchpad/.pycsl_afaljp5k.mlw", line 1999, characters 32-36:
Sub-goal postcondition of goal pycsltojsonemitter___scan_2d_in_expr'vc.
Prover result is: Valid (0.00s, 11272 steps).

File "/home/fabrice/git/pycsl/scratchpad/.pycsl_afaljp5k.mlw", line 1999, characters 32-36:
Sub-goal postcondition of goal pycsltojsonemitter___scan_2d_in_expr'vc.
Prover result is: Valid (0.01s, 11252 steps).

File "/home/fabrice/git/pycsl/scratchpad/.pycsl_afaljp5k.mlw", line 2031, characters 20-69:
Sub-goal variant decrease of goal pycsltojsonemitter___scan_2d_in_expr'vc.
Prover result is: Valid (0.02s, 122098 steps).

File "/home/fabrice/git/pycsl/scratchpad/.pycsl_afaljp5k.mlw", line 2031, characters 20-69:
Sub-goal precondition of goal pycsltojsonemitter___scan_2d_in_expr'vc.
Prover result is: Valid (0.01s, 11158 steps).

File "/home/fabrice/git/pycsl/scratchpad/.pycsl_afaljp5k.mlw", line 2033, characters 85-131:
Sub-goal variant decrease of goal pycsltojsonemitter___scan_2d_in_expr'vc.
Prover result is: Valid (0.02s, 122414 steps).

File "/home/fabrice/git/pycsl/scratchpad/.pycsl_afaljp5k.mlw", line 2033, characters 85-131:
Sub-goal precondition of goal pycsltojsonemitter___scan_2d_in_expr'vc.
Prover result is: Valid (0.01s, 11179 steps).

File "/home/fabrice/git/pycsl/scratchpad/.pycsl_afaljp5k.mlw", line 1999, characters 32-36:
Sub-goal postcondition of goal pycsltojsonemitter___scan_2d_in_expr'vc.
Prover result is: Valid (0.01s, 11179 steps).

File "/home/fabrice/git/pycsl/scratchpad/.pycsl_afaljp5k.mlw", line 1999, characters 32-36:
Sub-goal postcondition of goal pycsltojsonemitter___scan_2d_in_expr'vc.
Prover result is: Valid (0.01s, 11159 steps).

File "/home/fabrice/git/pycsl/scratchpad/.pycsl_afaljp5k.mlw", line 2031, characters 20-69:
Sub-goal variant decrease of goal pycsltojsonemitter___scan_2d_in_expr'vc.
Prover result is: Valid (0.02s, 122125 steps).

File "/home/fabrice/git/pycsl/scratchpad/.pycsl_afaljp5k.mlw", line 2031, characters 20-69:
Sub-goal precondition of goal pycsltojsonemitter___scan_2d_in_expr'vc.
Prover result is: Valid (0.01s, 11166 steps).

File "/home/fabrice/git/pycsl/scratchpad/.pycsl_afaljp5k.mlw", line 2033, characters 85-131:
Sub-goal variant decrease of goal pycsltojsonemitter___scan_2d_in_expr'vc.
Prover result is: Valid (0.02s, 122441 steps).

File "/home/fabrice/git/pycsl/scratchpad/.pycsl_afaljp5k.mlw", line 2033, characters 85-131:
Sub-goal precondition of goal pycsltojsonemitter___scan_2d_in_expr'vc.
Prover result is: Valid (0.01s, 11187 steps).

File "/home/fabrice/git/pycsl/scratchpad/.pycsl_afaljp5k.mlw", line 1999, characters 32-36:
Sub-goal postcondition of goal pycsltojsonemitter___scan_2d_in_expr'vc.
Prover result is: Valid (0.01s, 11187 steps).

File "/home/fabrice/git/pycsl/scratchpad/.pycsl_afaljp5k.mlw", line 1999, characters 32-36:
Sub-goal postcondition of goal pycsltojsonemitter___scan_2d_in_expr'vc.
Prover result is: Valid (0.01s, 11167 steps).

File "/home/fabrice/git/pycsl/scratchpad/.pycsl_afaljp5k.mlw", line 2031, characters 20-69:
Sub-goal variant decrease of goal pycsltojsonemitter___scan_2d_in_expr'vc.
Prover result is: Valid (0.02s, 122097 steps).

File "/home/fabrice/git/pycsl/scratchpad/.pycsl_afaljp5k.mlw", line 2031, characters 20-69:
Sub-goal precondition of goal pycsltojsonemitter___scan_2d_in_expr'vc.
Prover result is: Valid (0.01s, 11157 steps).

File "/home/fabrice/git/pycsl/scratchpad/.pycsl_afaljp5k.mlw", line 2033, characters 85-131:
Sub-goal variant decrease of goal pycsltojsonemitter___scan_2d_in_expr'vc.
Prover result is: Valid (0.02s, 122413 steps).

File "/home/fabrice/git/pycsl/scratchpad/.pycsl_afaljp5k.mlw", line 2033, characters 85-131:
Sub-goal precondition of goal pycsltojsonemitter___scan_2d_in_expr'vc.
Prover result is: Valid (0.01s, 11178 steps).

File "/home/fabrice/git/pycsl/scratchpad/.pycsl_afaljp5k.mlw", line 1999, characters 32-36:
Sub-goal postcondition of goal pycsltojsonemitter___scan_2d_in_expr'vc.
Prover result is: Valid (0.01s, 11178 steps).

File "/home/fabrice/git/pycsl/scratchpad/.pycsl_afaljp5k.mlw", line 1999, characters 32-36:
Sub-goal postcondition of goal pycsltojsonemitter___scan_2d_in_expr'vc.
Prover result is: Valid (0.01s, 11158 steps).

File "/home/fabrice/git/pycsl/scratchpad/.pycsl_afaljp5k.mlw", line 2031, characters 20-69:
Sub-goal variant decrease of goal pycsltojsonemitter___scan_2d_in_expr'vc.
Prover result is: Valid (0.02s, 122554 steps).

File "/home/fabrice/git/pycsl/scratchpad/.pycsl_afaljp5k.mlw", line 2031, characters 20-69:
Sub-goal precondition of goal pycsltojsonemitter___scan_2d_in_expr'vc.
Prover result is: Valid (0.01s, 11222 steps).

File "/home/fabrice/git/pycsl/scratchpad/.pycsl_afaljp5k.mlw", line 2033, characters 85-131:
Sub-goal variant decrease of goal pycsltojsonemitter___scan_2d_in_expr'vc.
Prover result is: Valid (0.02s, 122874 steps).

File "/home/fabrice/git/pycsl/scratchpad/.pycsl_afaljp5k.mlw", line 2033, characters 85-131:
Sub-goal precondition of goal pycsltojsonemitter___scan_2d_in_expr'vc.
Prover result is: Valid (0.01s, 11243 steps).

File "/home/fabrice/git/pycsl/scratchpad/.pycsl_afaljp5k.mlw", line 1999, characters 32-36:
Sub-goal postcondition of goal pycsltojsonemitter___scan_2d_in_expr'vc.
Prover result is: Valid (0.01s, 11243 steps).

File "/home/fabrice/git/pycsl/scratchpad/.pycsl_afaljp5k.mlw", line 1999, characters 32-36:
Sub-goal postcondition of goal pycsltojsonemitter___scan_2d_in_expr'vc.
Prover result is: Valid (0.01s, 11223 steps).

File "/home/fabrice/git/pycsl/scratchpad/.pycsl_afaljp5k.mlw", line 2033, characters 85-131:
Sub-goal variant decrease of goal pycsltojsonemitter___scan_2d_in_expr'vc.
Prover result is: Valid (0.02s, 121980 steps).

File "/home/fabrice/git/pycsl/scratchpad/.pycsl_afaljp5k.mlw", line 2033, characters 85-131:
Sub-goal precondition of goal pycsltojsonemitter___scan_2d_in_expr'vc.
Prover result is: Valid (0.01s, 11154 steps).

File "/home/fabrice/git/pycsl/scratchpad/.pycsl_afaljp5k.mlw", line 1999, characters 32-36:
Sub-goal postcondition of goal pycsltojsonemitter___scan_2d_in_expr'vc.
Prover result is: Valid (0.01s, 11154 steps).

File "/home/fabrice/git/pycsl/scratchpad/.pycsl_afaljp5k.mlw", line 1999, characters 32-36:
Sub-goal postcondition of goal pycsltojsonemitter___scan_2d_in_expr'vc.
Prover result is: Valid (0.01s, 11130 steps).

File "/home/fabrice/git/pycsl/scratchpad/.pycsl_afaljp5k.mlw", line 2035, characters 83-128:
Sub-goal variant decrease of goal pycsltojsonemitter___scan_2d_in_expr'vc.
Prover result is: Valid (0.02s, 122007 steps).

File "/home/fabrice/git/pycsl/scratchpad/.pycsl_afaljp5k.mlw", line 2035, characters 83-128:
Sub-goal precondition of goal pycsltojsonemitter___scan_2d_in_expr'vc.
Prover result is: Valid (0.01s, 11162 steps).

File "/home/fabrice/git/pycsl/scratchpad/.pycsl_afaljp5k.mlw", line 2036, characters 84-129:
Sub-goal variant decrease of goal pycsltojsonemitter___scan_2d_in_expr'vc.
Prover result is: Valid (0.02s, 122327 steps).

File "/home/fabrice/git/pycsl/scratchpad/.pycsl_afaljp5k.mlw", line 2036, characters 84-129:
Sub-goal precondition of goal pycsltojsonemitter___scan_2d_in_expr'vc.
Prover result is: Valid (0.01s, 11183 steps).

File "/home/fabrice/git/pycsl/scratchpad/.pycsl_afaljp5k.mlw", line 1999, characters 32-36:
Sub-goal postcondition of goal pycsltojsonemitter___scan_2d_in_expr'vc.
Prover result is: Valid (0.01s, 11183 steps).

File "/home/fabrice/git/pycsl/scratchpad/.pycsl_afaljp5k.mlw", line 1999, characters 32-36:
Sub-goal postcondition of goal pycsltojsonemitter___scan_2d_in_expr'vc.
Prover result is: Valid (0.01s, 11163 steps).

File "/home/fabrice/git/pycsl/scratchpad/.pycsl_afaljp5k.mlw", line 2036, characters 84-129:
Sub-goal variant decrease of goal pycsltojsonemitter___scan_2d_in_expr'vc.
Prover result is: Valid (0.02s, 122008 steps).

File "/home/fabrice/git/pycsl/scratchpad/.pycsl_afaljp5k.mlw", line 2036, characters 84-129:
Sub-goal precondition of goal pycsltojsonemitter___scan_2d_in_expr'vc.
Prover result is: Valid (0.01s, 11163 steps).

File "/home/fabrice/git/pycsl/scratchpad/.pycsl_afaljp5k.mlw", line 1999, characters 32-36:
Sub-goal postcondition of goal pycsltojsonemitter___scan_2d_in_expr'vc.
Prover result is: Valid (0.01s, 11163 steps).

File "/home/fabrice/git/pycsl/scratchpad/.pycsl_afaljp5k.mlw", line 1999, characters 32-36:
Sub-goal postcondition of goal pycsltojsonemitter___scan_2d_in_expr'vc.
Prover result is: Valid (0.01s, 11139 steps).

File "/home/fabrice/git/pycsl/scratchpad/.pycsl_afaljp5k.mlw", line 2038, characters 84-130:
Sub-goal variant decrease of goal pycsltojsonemitter___scan_2d_in_expr'vc.
Prover result is: Valid (0.02s, 122035 steps).

File "/home/fabrice/git/pycsl/scratchpad/.pycsl_afaljp5k.mlw", line 2038, characters 84-130:
Sub-goal precondition of goal pycsltojsonemitter___scan_2d_in_expr'vc.
Prover result is: Valid (0.01s, 11171 steps).

File "/home/fabrice/git/pycsl/scratchpad/.pycsl_afaljp5k.mlw", line 1999, characters 32-36:
Sub-goal postcondition of goal pycsltojsonemitter___scan_2d_in_expr'vc.
Prover result is: Valid (0.01s, 11171 steps).

File "/home/fabrice/git/pycsl/scratchpad/.pycsl_afaljp5k.mlw", line 1999, characters 32-36:
Sub-goal postcondition of goal pycsltojsonemitter___scan_2d_in_expr'vc.
Prover result is: Valid (0.01s, 11147 steps).

File "/home/fabrice/git/pycsl/scratchpad/.pycsl_afaljp5k.mlw", line 2040, characters 15-110:
Sub-goal variant decrease of goal pycsltojsonemitter___scan_2d_in_expr'vc.
Prover result is: Valid (0.02s, 122183 steps).

File "/home/fabrice/git/pycsl/scratchpad/.pycsl_afaljp5k.mlw", line 2040, characters 15-110:
Sub-goal precondition of goal pycsltojsonemitter___scan_2d_in_expr'vc.
Prover result is: Valid (0.01s, 11180 steps).

File "/home/fabrice/git/pycsl/scratchpad/.pycsl_afaljp5k.mlw", line 1999, characters 32-36:
Sub-goal postcondition of goal pycsltojsonemitter___scan_2d_in_expr'vc.
Prover result is: Valid (0.01s, 11180 steps).

File "/home/fabrice/git/pycsl/scratchpad/.pycsl_afaljp5k.mlw", line 1999, characters 32-36:
Sub-goal postcondition of goal pycsltojsonemitter___scan_2d_in_expr'vc.
Prover result is: Valid (0.01s, 11164 steps).

File "/home/fabrice/git/pycsl/scratchpad/.pycsl_afaljp5k.mlw", line 1999, characters 32-36:
Sub-goal postcondition of goal pycsltojsonemitter___scan_2d_in_expr'vc.
Prover result is: Valid (0.01s, 11128 steps).

File "/home/fabrice/git/pycsl/scratchpad/.pycsl_afaljp5k.mlw", line 1999, characters 32-36:
Sub-goal postcondition of goal pycsltojsonemitter___scan_2d_in_expr'vc.
Prover result is: Valid (0.01s, 11188 steps).

File "/home/fabrice/git/pycsl/scratchpad/.pycsl_afaljp5k.mlw", line 2045, characters 32-36:
Sub-goal postcondition of goal pycsltojsonemitter___scan_2d_in_expr__el'vc.
Prover result is: Valid (0.01s, 11051 steps).

File "/home/fabrice/git/pycsl/scratchpad/.pycsl_afaljp5k.mlw", line 2046, characters 52-97:
Sub-goal variant decrease of goal pycsltojsonemitter___scan_2d_in_expr__el'vc.
Prover result is: Valid (0.02s, 120777 steps).

File "/home/fabrice/git/pycsl/scratchpad/.pycsl_afaljp5k.mlw", line 2046, characters 52-97:
Sub-goal precondition of goal pycsltojsonemitter___scan_2d_in_expr__el'vc.
Prover result is: Valid (0.01s, 11055 steps).

File "/home/fabrice/git/pycsl/scratchpad/.pycsl_afaljp5k.mlw", line 2046, characters 99-148:
Sub-goal variant decrease of goal pycsltojsonemitter___scan_2d_in_expr__el'vc.
Prover result is: Valid (0.02s, 120818 steps).

File "/home/fabrice/git/pycsl/scratchpad/.pycsl_afaljp5k.mlw", line 2046, characters 99-148:
Sub-goal precondition of goal pycsltojsonemitter___scan_2d_in_expr__el'vc.
Prover result is: Valid (0.01s, 11055 steps).

File "/home/fabrice/git/pycsl/scratchpad/.pycsl_afaljp5k.mlw", line 2045, characters 32-36:
Sub-goal postcondition of goal pycsltojsonemitter___scan_2d_in_expr__el'vc.
Prover result is: Valid (0.01s, 11055 steps).

File "/home/fabrice/git/pycsl/scratchpad/.pycsl_afaljp5k.mlw", line 2080, characters 20-67:
Sub-goal variant decrease of goal pycsltojsonemitter___scan_2d_in_stmt'vc.
Prover result is: Valid (0.02s, 127377 steps).

File "/home/fabrice/git/pycsl/scratchpad/.pycsl_afaljp5k.mlw", line 2080, characters 20-67:
Sub-goal precondition of goal pycsltojsonemitter___scan_2d_in_stmt'vc.
Prover result is: Valid (0.01s, 11619 steps).

File "/home/fabrice/git/pycsl/scratchpad/.pycsl_afaljp5k.mlw", line 2082, characters 85-131:
Sub-goal variant decrease of goal pycsltojsonemitter___scan_2d_in_stmt'vc.
Prover result is: Valid (0.02s, 127693 steps).

File "/home/fabrice/git/pycsl/scratchpad/.pycsl_afaljp5k.mlw", line 2082, characters 85-131:
Sub-goal precondition of goal pycsltojsonemitter___scan_2d_in_stmt'vc.
Prover result is: Valid (0.01s, 11636 steps).

File "/home/fabrice/git/pycsl/scratchpad/.pycsl_afaljp5k.mlw", line 2083, characters 84-129:
Sub-goal variant decrease of goal pycsltojsonemitter___scan_2d_in_stmt'vc.
Prover result is: Valid (0.02s, 127974 steps).

File "/home/fabrice/git/pycsl/scratchpad/.pycsl_afaljp5k.mlw", line 2083, characters 84-129:
Sub-goal precondition of goal pycsltojsonemitter___scan_2d_in_stmt'vc.
Prover result is: Valid (0.01s, 11653 steps).

File "/home/fabrice/git/pycsl/scratchpad/.pycsl_afaljp5k.mlw", line 2048, characters 32-36:
Sub-goal postcondition of goal pycsltojsonemitter___scan_2d_in_stmt'vc.
Prover result is: Valid (0.01s, 11653 steps).

File "/home/fabrice/git/pycsl/scratchpad/.pycsl_afaljp5k.mlw", line 2048, characters 32-36:
Sub-goal postcondition of goal pycsltojsonemitter___scan_2d_in_stmt'vc.
Prover result is: Valid (0.01s, 11637 steps).

File "/home/fabrice/git/pycsl/scratchpad/.pycsl_afaljp5k.mlw", line 2083, characters 84-129:
Sub-goal variant decrease of goal pycsltojsonemitter___scan_2d_in_stmt'vc.
Prover result is: Valid (0.02s, 127694 steps).

File "/home/fabrice/git/pycsl/scratchpad/.pycsl_afaljp5k.mlw", line 2083, characters 84-129:
Sub-goal precondition of goal pycsltojsonemitter___scan_2d_in_stmt'vc.
Prover result is: Valid (0.01s, 11637 steps).

File "/home/fabrice/git/pycsl/scratchpad/.pycsl_afaljp5k.mlw", line 2048, characters 32-36:
Sub-goal postcondition of goal pycsltojsonemitter___scan_2d_in_stmt'vc.
Prover result is: Valid (0.01s, 11637 steps).

File "/home/fabrice/git/pycsl/scratchpad/.pycsl_afaljp5k.mlw", line 2048, characters 32-36:
Sub-goal postcondition of goal pycsltojsonemitter___scan_2d_in_stmt'vc.
Prover result is: Valid (0.00s, 11621 steps).

File "/home/fabrice/git/pycsl/scratchpad/.pycsl_afaljp5k.mlw", line 2080, characters 20-67:
Sub-goal variant decrease of goal pycsltojsonemitter___scan_2d_in_stmt'vc.
Prover result is: Valid (0.02s, 132021 steps).

File "/home/fabrice/git/pycsl/scratchpad/.pycsl_afaljp5k.mlw", line 2080, characters 20-67:
Sub-goal precondition of goal pycsltojsonemitter___scan_2d_in_stmt'vc.
Prover result is: Valid (0.01s, 11602 steps).

File "/home/fabrice/git/pycsl/scratchpad/.pycsl_afaljp5k.mlw", line 2082, characters 85-131:
Sub-goal variant decrease of goal pycsltojsonemitter___scan_2d_in_stmt'vc.
Prover result is: Valid (0.02s, 132343 steps).

File "/home/fabrice/git/pycsl/scratchpad/.pycsl_afaljp5k.mlw", line 2082, characters 85-131:
Sub-goal precondition of goal pycsltojsonemitter___scan_2d_in_stmt'vc.
Prover result is: Valid (0.01s, 11619 steps).

File "/home/fabrice/git/pycsl/scratchpad/.pycsl_afaljp5k.mlw", line 2083, characters 84-129:
Sub-goal variant decrease of goal pycsltojsonemitter___scan_2d_in_stmt'vc.
Prover result is: Valid (0.02s, 132632 steps).

File "/home/fabrice/git/pycsl/scratchpad/.pycsl_afaljp5k.mlw", line 2083, characters 84-129:
Sub-goal precondition of goal pycsltojsonemitter___scan_2d_in_stmt'vc.
Prover result is: Valid (0.01s, 11636 steps).

File "/home/fabrice/git/pycsl/scratchpad/.pycsl_afaljp5k.mlw", line 2048, characters 32-36:
Sub-goal postcondition of goal pycsltojsonemitter___scan_2d_in_stmt'vc.
Prover result is: Valid (0.01s, 11636 steps).

File "/home/fabrice/git/pycsl/scratchpad/.pycsl_afaljp5k.mlw", line 2048, characters 32-36:
Sub-goal postcondition of goal pycsltojsonemitter___scan_2d_in_stmt'vc.
Prover result is: Valid (0.01s, 11620 steps).

File "/home/fabrice/git/pycsl/scratchpad/.pycsl_afaljp5k.mlw", line 2083, characters 84-129:
Sub-goal variant decrease of goal pycsltojsonemitter___scan_2d_in_stmt'vc.
Prover result is: Valid (0.02s, 132344 steps).

File "/home/fabrice/git/pycsl/scratchpad/.pycsl_afaljp5k.mlw", line 2083, characters 84-129:
Sub-goal precondition of goal pycsltojsonemitter___scan_2d_in_stmt'vc.
Prover result is: Valid (0.00s, 11620 steps).

File "/home/fabrice/git/pycsl/scratchpad/.pycsl_afaljp5k.mlw", line 2048, characters 32-36:
Sub-goal postcondition of goal pycsltojsonemitter___scan_2d_in_stmt'vc.
Prover result is: Valid (0.01s, 11620 steps).

File "/home/fabrice/git/pycsl/scratchpad/.pycsl_afaljp5k.mlw", line 2048, characters 32-36:
Sub-goal postcondition of goal pycsltojsonemitter___scan_2d_in_stmt'vc.
Prover result is: Valid (0.01s, 11604 steps).

File "/home/fabrice/git/pycsl/scratchpad/.pycsl_afaljp5k.mlw", line 2080, characters 20-67:
Sub-goal variant decrease of goal pycsltojsonemitter___scan_2d_in_stmt'vc.
Prover result is: Valid (0.02s, 132052 steps).

File "/home/fabrice/git/pycsl/scratchpad/.pycsl_afaljp5k.mlw", line 2080, characters 20-67:
Sub-goal precondition of goal pycsltojsonemitter___scan_2d_in_stmt'vc.
Prover result is: Valid (0.01s, 11570 steps).

File "/home/fabrice/git/pycsl/scratchpad/.pycsl_afaljp5k.mlw", line 2082, characters 85-131:
Sub-goal variant decrease of goal pycsltojsonemitter___scan_2d_in_stmt'vc.
Prover result is: Valid (0.02s, 132380 steps).

File "/home/fabrice/git/pycsl/scratchpad/.pycsl_afaljp5k.mlw", line 2082, characters 85-131:
Sub-goal precondition of goal pycsltojsonemitter___scan_2d_in_stmt'vc.
Prover result is: Valid (0.01s, 11591 steps).

File "/home/fabrice/git/pycsl/scratchpad/.pycsl_afaljp5k.mlw", line 2083, characters 84-129:
Sub-goal variant decrease of goal pycsltojsonemitter___scan_2d_in_stmt'vc.
Prover result is: Valid (0.02s, 132669 steps).

File "/home/fabrice/git/pycsl/scratchpad/.pycsl_afaljp5k.mlw", line 2083, characters 84-129:
Sub-goal precondition of goal pycsltojsonemitter___scan_2d_in_stmt'vc.
Prover result is: Valid (0.01s, 11608 steps).

File "/home/fabrice/git/pycsl/scratchpad/.pycsl_afaljp5k.mlw", line 2048, characters 32-36:
Sub-goal postcondition of goal pycsltojsonemitter___scan_2d_in_stmt'vc.
Prover result is: Valid (0.00s, 11608 steps).

File "/home/fabrice/git/pycsl/scratchpad/.pycsl_afaljp5k.mlw", line 2048, characters 32-36:
Sub-goal postcondition of goal pycsltojsonemitter___scan_2d_in_stmt'vc.
Prover result is: Valid (0.01s, 11592 steps).

File "/home/fabrice/git/pycsl/scratchpad/.pycsl_afaljp5k.mlw", line 2083, characters 84-129:
Sub-goal variant decrease of goal pycsltojsonemitter___scan_2d_in_stmt'vc.
Prover result is: Valid (0.02s, 132381 steps).

File "/home/fabrice/git/pycsl/scratchpad/.pycsl_afaljp5k.mlw", line 2083, characters 84-129:
Sub-goal precondition of goal pycsltojsonemitter___scan_2d_in_stmt'vc.
Prover result is: Valid (0.01s, 11592 steps).

File "/home/fabrice/git/pycsl/scratchpad/.pycsl_afaljp5k.mlw", line 2048, characters 32-36:
Sub-goal postcondition of goal pycsltojsonemitter___scan_2d_in_stmt'vc.
Prover result is: Valid (0.01s, 11592 steps).

File "/home/fabrice/git/pycsl/scratchpad/.pycsl_afaljp5k.mlw", line 2048, characters 32-36:
Sub-goal postcondition of goal pycsltojsonemitter___scan_2d_in_stmt'vc.
Prover result is: Valid (0.01s, 11572 steps).

File "/home/fabrice/git/pycsl/scratchpad/.pycsl_afaljp5k.mlw", line 2080, characters 20-67:
Sub-goal variant decrease of goal pycsltojsonemitter___scan_2d_in_stmt'vc.
Prover result is: Valid (0.02s, 122589 steps).

File "/home/fabrice/git/pycsl/scratchpad/.pycsl_afaljp5k.mlw", line 2080, characters 20-67:
Sub-goal precondition of goal pycsltojsonemitter___scan_2d_in_stmt'vc.
Prover result is: Valid (0.01s, 11186 steps).

File "/home/fabrice/git/pycsl/scratchpad/.pycsl_afaljp5k.mlw", line 2082, characters 85-131:
Sub-goal variant decrease of goal pycsltojsonemitter___scan_2d_in_stmt'vc.
Prover result is: Valid (0.02s, 122917 steps).

File "/home/fabrice/git/pycsl/scratchpad/.pycsl_afaljp5k.mlw", line 2082, characters 85-131:
Sub-goal precondition of goal pycsltojsonemitter___scan_2d_in_stmt'vc.
Prover result is: Valid (0.01s, 11207 steps).

File "/home/fabrice/git/pycsl/scratchpad/.pycsl_afaljp5k.mlw", line 2083, characters 84-129:
Sub-goal variant decrease of goal pycsltojsonemitter___scan_2d_in_stmt'vc.
Prover result is: Valid (0.02s, 123198 steps).

File "/home/fabrice/git/pycsl/scratchpad/.pycsl_afaljp5k.mlw", line 2083, characters 84-129:
Sub-goal precondition of goal pycsltojsonemitter___scan_2d_in_stmt'vc.
Prover result is: Valid (0.01s, 11224 steps).

File "/home/fabrice/git/pycsl/scratchpad/.pycsl_afaljp5k.mlw", line 2048, characters 32-36:
Sub-goal postcondition of goal pycsltojsonemitter___scan_2d_in_stmt'vc.
Prover result is: Valid (0.01s, 11224 steps).

File "/home/fabrice/git/pycsl/scratchpad/.pycsl_afaljp5k.mlw", line 2048, characters 32-36:
Sub-goal postcondition of goal pycsltojsonemitter___scan_2d_in_stmt'vc.
Prover result is: Valid (0.01s, 11208 steps).

File "/home/fabrice/git/pycsl/scratchpad/.pycsl_afaljp5k.mlw", line 2083, characters 84-129:
Sub-goal variant decrease of goal pycsltojsonemitter___scan_2d_in_stmt'vc.
Prover result is: Valid (0.02s, 122918 steps).

File "/home/fabrice/git/pycsl/scratchpad/.pycsl_afaljp5k.mlw", line 2083, characters 84-129:
Sub-goal precondition of goal pycsltojsonemitter___scan_2d_in_stmt'vc.
Prover result is: Valid (0.01s, 11208 steps).

File "/home/fabrice/git/pycsl/scratchpad/.pycsl_afaljp5k.mlw", line 2048, characters 32-36:
Sub-goal postcondition of goal pycsltojsonemitter___scan_2d_in_stmt'vc.
Prover result is: Valid (0.01s, 11208 steps).

File "/home/fabrice/git/pycsl/scratchpad/.pycsl_afaljp5k.mlw", line 2048, characters 32-36:
Sub-goal postcondition of goal pycsltojsonemitter___scan_2d_in_stmt'vc.
Prover result is: Valid (0.01s, 11188 steps).

File "/home/fabrice/git/pycsl/scratchpad/.pycsl_afaljp5k.mlw", line 2080, characters 20-67:
Sub-goal variant decrease of goal pycsltojsonemitter___scan_2d_in_stmt'vc.
Prover result is: Valid (0.02s, 122617 steps).

File "/home/fabrice/git/pycsl/scratchpad/.pycsl_afaljp5k.mlw", line 2080, characters 20-67:
Sub-goal precondition of goal pycsltojsonemitter___scan_2d_in_stmt'vc.
Prover result is: Valid (0.01s, 11195 steps).

File "/home/fabrice/git/pycsl/scratchpad/.pycsl_afaljp5k.mlw", line 2082, characters 85-131:
Sub-goal variant decrease of goal pycsltojsonemitter___scan_2d_in_stmt'vc.
Prover result is: Valid (0.02s, 122945 steps).

File "/home/fabrice/git/pycsl/scratchpad/.pycsl_afaljp5k.mlw", line 2082, characters 85-131:
Sub-goal precondition of goal pycsltojsonemitter___scan_2d_in_stmt'vc.
Prover result is: Valid (0.01s, 11216 steps).

File "/home/fabrice/git/pycsl/scratchpad/.pycsl_afaljp5k.mlw", line 2083, characters 84-129:
Sub-goal variant decrease of goal pycsltojsonemitter___scan_2d_in_stmt'vc.
Prover result is: Valid (0.02s, 123226 steps).

File "/home/fabrice/git/pycsl/scratchpad/.pycsl_afaljp5k.mlw", line 2083, characters 84-129:
Sub-goal precondition of goal pycsltojsonemitter___scan_2d_in_stmt'vc.
Prover result is: Valid (0.01s, 11233 steps).

File "/home/fabrice/git/pycsl/scratchpad/.pycsl_afaljp5k.mlw", line 2048, characters 32-36:
Sub-goal postcondition of goal pycsltojsonemitter___scan_2d_in_stmt'vc.
Prover result is: Valid (0.01s, 11233 steps).

File "/home/fabrice/git/pycsl/scratchpad/.pycsl_afaljp5k.mlw", line 2048, characters 32-36:
Sub-goal postcondition of goal pycsltojsonemitter___scan_2d_in_stmt'vc.
Prover result is: Valid (0.01s, 11217 steps).

File "/home/fabrice/git/pycsl/scratchpad/.pycsl_afaljp5k.mlw", line 2083, characters 84-129:
Sub-goal variant decrease of goal pycsltojsonemitter___scan_2d_in_stmt'vc.
Prover result is: Valid (0.02s, 122946 steps).

File "/home/fabrice/git/pycsl/scratchpad/.pycsl_afaljp5k.mlw", line 2083, characters 84-129:
Sub-goal precondition of goal pycsltojsonemitter___scan_2d_in_stmt'vc.
Prover result is: Valid (0.01s, 11217 steps).

File "/home/fabrice/git/pycsl/scratchpad/.pycsl_afaljp5k.mlw", line 2048, characters 32-36:
Sub-goal postcondition of goal pycsltojsonemitter___scan_2d_in_stmt'vc.
Prover result is: Valid (0.01s, 11217 steps).

File "/home/fabrice/git/pycsl/scratchpad/.pycsl_afaljp5k.mlw", line 2048, characters 32-36:
Sub-goal postcondition of goal pycsltojsonemitter___scan_2d_in_stmt'vc.
Prover result is: Valid (0.01s, 11197 steps).

File "/home/fabrice/git/pycsl/scratchpad/.pycsl_afaljp5k.mlw", line 2080, characters 20-67:
Sub-goal variant decrease of goal pycsltojsonemitter___scan_2d_in_stmt'vc.
Prover result is: Valid (0.02s, 122589 steps).

File "/home/fabrice/git/pycsl/scratchpad/.pycsl_afaljp5k.mlw", line 2080, characters 20-67:
Sub-goal precondition of goal pycsltojsonemitter___scan_2d_in_stmt'vc.
Prover result is: Valid (0.01s, 11186 steps).

File "/home/fabrice/git/pycsl/scratchpad/.pycsl_afaljp5k.mlw", line 2082, characters 85-131:
Sub-goal variant decrease of goal pycsltojsonemitter___scan_2d_in_stmt'vc.
Prover result is: Valid (0.02s, 122917 steps).

File "/home/fabrice/git/pycsl/scratchpad/.pycsl_afaljp5k.mlw", line 2082, characters 85-131:
Sub-goal precondition of goal pycsltojsonemitter___scan_2d_in_stmt'vc.
Prover result is: Valid (0.01s, 11207 steps).

File "/home/fabrice/git/pycsl/scratchpad/.pycsl_afaljp5k.mlw", line 2083, characters 84-129:
Sub-goal variant decrease of goal pycsltojsonemitter___scan_2d_in_stmt'vc.
Prover result is: Valid (0.02s, 123198 steps).

File "/home/fabrice/git/pycsl/scratchpad/.pycsl_afaljp5k.mlw", line 2083, characters 84-129:
Sub-goal precondition of goal pycsltojsonemitter___scan_2d_in_stmt'vc.
Prover result is: Valid (0.01s, 11224 steps).

File "/home/fabrice/git/pycsl/scratchpad/.pycsl_afaljp5k.mlw", line 2048, characters 32-36:
Sub-goal postcondition of goal pycsltojsonemitter___scan_2d_in_stmt'vc.
Prover result is: Valid (0.01s, 11224 steps).

File "/home/fabrice/git/pycsl/scratchpad/.pycsl_afaljp5k.mlw", line 2048, characters 32-36:
Sub-goal postcondition of goal pycsltojsonemitter___scan_2d_in_stmt'vc.
Prover result is: Valid (0.01s, 11208 steps).

File "/home/fabrice/git/pycsl/scratchpad/.pycsl_afaljp5k.mlw", line 2083, characters 84-129:
Sub-goal variant decrease of goal pycsltojsonemitter___scan_2d_in_stmt'vc.
Prover result is: Valid (0.02s, 122918 steps).

File "/home/fabrice/git/pycsl/scratchpad/.pycsl_afaljp5k.mlw", line 2083, characters 84-129:
Sub-goal precondition of goal pycsltojsonemitter___scan_2d_in_stmt'vc.
Prover result is: Valid (0.01s, 11208 steps).

File "/home/fabrice/git/pycsl/scratchpad/.pycsl_afaljp5k.mlw", line 2048, characters 32-36:
Sub-goal postcondition of goal pycsltojsonemitter___scan_2d_in_stmt'vc.
Prover result is: Valid (0.01s, 11208 steps).

File "/home/fabrice/git/pycsl/scratchpad/.pycsl_afaljp5k.mlw", line 2048, characters 32-36:
Sub-goal postcondition of goal pycsltojsonemitter___scan_2d_in_stmt'vc.
Prover result is: Valid (0.01s, 11188 steps).

File "/home/fabrice/git/pycsl/scratchpad/.pycsl_afaljp5k.mlw", line 2080, characters 20-67:
Sub-goal variant decrease of goal pycsltojsonemitter___scan_2d_in_stmt'vc.
Prover result is: Valid (0.02s, 123052 steps).

File "/home/fabrice/git/pycsl/scratchpad/.pycsl_afaljp5k.mlw", line 2080, characters 20-67:
Sub-goal precondition of goal pycsltojsonemitter___scan_2d_in_stmt'vc.
Prover result is: Valid (0.01s, 11251 steps).

File "/home/fabrice/git/pycsl/scratchpad/.pycsl_afaljp5k.mlw", line 2082, characters 85-131:
Sub-goal variant decrease of goal pycsltojsonemitter___scan_2d_in_stmt'vc.
Prover result is: Valid (0.02s, 123378 steps).

File "/home/fabrice/git/pycsl/scratchpad/.pycsl_afaljp5k.mlw", line 2082, characters 85-131:
Sub-goal precondition of goal pycsltojsonemitter___scan_2d_in_stmt'vc.
Prover result is: Valid (0.01s, 11272 steps).

File "/home/fabrice/git/pycsl/scratchpad/.pycsl_afaljp5k.mlw", line 2083, characters 84-129:
Sub-goal variant decrease of goal pycsltojsonemitter___scan_2d_in_stmt'vc.
Prover result is: Valid (0.03s, 123659 steps).

File "/home/fabrice/git/pycsl/scratchpad/.pycsl_afaljp5k.mlw", line 2083, characters 84-129:
Sub-goal precondition of goal pycsltojsonemitter___scan_2d_in_stmt'vc.
Prover result is: Valid (0.01s, 11289 steps).

File "/home/fabrice/git/pycsl/scratchpad/.pycsl_afaljp5k.mlw", line 2048, characters 32-36:
Sub-goal postcondition of goal pycsltojsonemitter___scan_2d_in_stmt'vc.
Prover result is: Valid (0.01s, 11289 steps).

File "/home/fabrice/git/pycsl/scratchpad/.pycsl_afaljp5k.mlw", line 2048, characters 32-36:
Sub-goal postcondition of goal pycsltojsonemitter___scan_2d_in_stmt'vc.
Prover result is: Valid (0.01s, 11273 steps).

File "/home/fabrice/git/pycsl/scratchpad/.pycsl_afaljp5k.mlw", line 2083, characters 84-129:
Sub-goal variant decrease of goal pycsltojsonemitter___scan_2d_in_stmt'vc.
Prover result is: Valid (0.02s, 123379 steps).

File "/home/fabrice/git/pycsl/scratchpad/.pycsl_afaljp5k.mlw", line 2083, characters 84-129:
Sub-goal precondition of goal pycsltojsonemitter___scan_2d_in_stmt'vc.
Prover result is: Valid (0.01s, 11273 steps).

File "/home/fabrice/git/pycsl/scratchpad/.pycsl_afaljp5k.mlw", line 2048, characters 32-36:
Sub-goal postcondition of goal pycsltojsonemitter___scan_2d_in_stmt'vc.
Prover result is: Valid (0.01s, 11273 steps).

File "/home/fabrice/git/pycsl/scratchpad/.pycsl_afaljp5k.mlw", line 2048, characters 32-36:
Sub-goal postcondition of goal pycsltojsonemitter___scan_2d_in_stmt'vc.
Prover result is: Valid (0.01s, 11253 steps).

File "/home/fabrice/git/pycsl/scratchpad/.pycsl_afaljp5k.mlw", line 2080, characters 20-67:
Sub-goal variant decrease of goal pycsltojsonemitter___scan_2d_in_stmt'vc.
Prover result is: Valid (0.02s, 122098 steps).

File "/home/fabrice/git/pycsl/scratchpad/.pycsl_afaljp5k.mlw", line 2080, characters 20-67:
Sub-goal precondition of goal pycsltojsonemitter___scan_2d_in_stmt'vc.
Prover result is: Valid (0.01s, 11158 steps).

File "/home/fabrice/git/pycsl/scratchpad/.pycsl_afaljp5k.mlw", line 2082, characters 85-131:
Sub-goal variant decrease of goal pycsltojsonemitter___scan_2d_in_stmt'vc.
Prover result is: Valid (0.02s, 122414 steps).

File "/home/fabrice/git/pycsl/scratchpad/.pycsl_afaljp5k.mlw", line 2082, characters 85-131:
Sub-goal precondition of goal pycsltojsonemitter___scan_2d_in_stmt'vc.
Prover result is: Valid (0.01s, 11179 steps).

File "/home/fabrice/git/pycsl/scratchpad/.pycsl_afaljp5k.mlw", line 2083, characters 84-129:
Sub-goal variant decrease of goal pycsltojsonemitter___scan_2d_in_stmt'vc.
Prover result is: Valid (0.02s, 122674 steps).

File "/home/fabrice/git/pycsl/scratchpad/.pycsl_afaljp5k.mlw", line 2083, characters 84-129:
Sub-goal precondition of goal pycsltojsonemitter___scan_2d_in_stmt'vc.
Prover result is: Valid (0.01s, 11196 steps).

File "/home/fabrice/git/pycsl/scratchpad/.pycsl_afaljp5k.mlw", line 2048, characters 32-36:
Sub-goal postcondition of goal pycsltojsonemitter___scan_2d_in_stmt'vc.
Prover result is: Valid (0.01s, 11196 steps).

File "/home/fabrice/git/pycsl/scratchpad/.pycsl_afaljp5k.mlw", line 2048, characters 32-36:
Sub-goal postcondition of goal pycsltojsonemitter___scan_2d_in_stmt'vc.
Prover result is: Valid (0.01s, 11180 steps).

File "/home/fabrice/git/pycsl/scratchpad/.pycsl_afaljp5k.mlw", line 2083, characters 84-129:
Sub-goal variant decrease of goal pycsltojsonemitter___scan_2d_in_stmt'vc.
Prover result is: Valid (0.02s, 122415 steps).

File "/home/fabrice/git/pycsl/scratchpad/.pycsl_afaljp5k.mlw", line 2083, characters 84-129:
Sub-goal precondition of goal pycsltojsonemitter___scan_2d_in_stmt'vc.
Prover result is: Valid (0.01s, 11180 steps).

File "/home/fabrice/git/pycsl/scratchpad/.pycsl_afaljp5k.mlw", line 2048, characters 32-36:
Sub-goal postcondition of goal pycsltojsonemitter___scan_2d_in_stmt'vc.
Prover result is: Valid (0.01s, 11180 steps).

File "/home/fabrice/git/pycsl/scratchpad/.pycsl_afaljp5k.mlw", line 2048, characters 32-36:
Sub-goal postcondition of goal pycsltojsonemitter___scan_2d_in_stmt'vc.
Prover result is: Valid (0.01s, 11160 steps).

File "/home/fabrice/git/pycsl/scratchpad/.pycsl_afaljp5k.mlw", line 2080, characters 20-67:
Sub-goal variant decrease of goal pycsltojsonemitter___scan_2d_in_stmt'vc.
Prover result is: Valid (0.02s, 122125 steps).

File "/home/fabrice/git/pycsl/scratchpad/.pycsl_afaljp5k.mlw", line 2080, characters 20-67:
Sub-goal precondition of goal pycsltojsonemitter___scan_2d_in_stmt'vc.
Prover result is: Valid (0.01s, 11166 steps).

File "/home/fabrice/git/pycsl/scratchpad/.pycsl_afaljp5k.mlw", line 2082, characters 85-131:
Sub-goal variant decrease of goal pycsltojsonemitter___scan_2d_in_stmt'vc.
Prover result is: Valid (0.02s, 122441 steps).

File "/home/fabrice/git/pycsl/scratchpad/.pycsl_afaljp5k.mlw", line 2082, characters 85-131:
Sub-goal precondition of goal pycsltojsonemitter___scan_2d_in_stmt'vc.
Prover result is: Valid (0.01s, 11187 steps).

File "/home/fabrice/git/pycsl/scratchpad/.pycsl_afaljp5k.mlw", line 2083, characters 84-129:
Sub-goal variant decrease of goal pycsltojsonemitter___scan_2d_in_stmt'vc.
Prover result is: Valid (0.02s, 122701 steps).

File "/home/fabrice/git/pycsl/scratchpad/.pycsl_afaljp5k.mlw", line 2083, characters 84-129:
Sub-goal precondition of goal pycsltojsonemitter___scan_2d_in_stmt'vc.
Prover result is: Valid (0.01s, 11204 steps).

File "/home/fabrice/git/pycsl/scratchpad/.pycsl_afaljp5k.mlw", line 2048, characters 32-36:
Sub-goal postcondition of goal pycsltojsonemitter___scan_2d_in_stmt'vc.
Prover result is: Valid (0.00s, 11204 steps).

File "/home/fabrice/git/pycsl/scratchpad/.pycsl_afaljp5k.mlw", line 2048, characters 32-36:
Sub-goal postcondition of goal pycsltojsonemitter___scan_2d_in_stmt'vc.
Prover result is: Valid (0.01s, 11188 steps).

File "/home/fabrice/git/pycsl/scratchpad/.pycsl_afaljp5k.mlw", line 2083, characters 84-129:
Sub-goal variant decrease of goal pycsltojsonemitter___scan_2d_in_stmt'vc.
Prover result is: Valid (0.02s, 122442 steps).

File "/home/fabrice/git/pycsl/scratchpad/.pycsl_afaljp5k.mlw", line 2083, characters 84-129:
Sub-goal precondition of goal pycsltojsonemitter___scan_2d_in_stmt'vc.
Prover result is: Valid (0.01s, 11188 steps).

File "/home/fabrice/git/pycsl/scratchpad/.pycsl_afaljp5k.mlw", line 2048, characters 32-36:
Sub-goal postcondition of goal pycsltojsonemitter___scan_2d_in_stmt'vc.
Prover result is: Valid (0.01s, 11188 steps).

File "/home/fabrice/git/pycsl/scratchpad/.pycsl_afaljp5k.mlw", line 2048, characters 32-36:
Sub-goal postcondition of goal pycsltojsonemitter___scan_2d_in_stmt'vc.
Prover result is: Valid (0.01s, 11168 steps).

File "/home/fabrice/git/pycsl/scratchpad/.pycsl_afaljp5k.mlw", line 2080, characters 20-67:
Sub-goal variant decrease of goal pycsltojsonemitter___scan_2d_in_stmt'vc.
Prover result is: Valid (0.02s, 122097 steps).

File "/home/fabrice/git/pycsl/scratchpad/.pycsl_afaljp5k.mlw", line 2080, characters 20-67:
Sub-goal precondition of goal pycsltojsonemitter___scan_2d_in_stmt'vc.
Prover result is: Valid (0.01s, 11157 steps).

File "/home/fabrice/git/pycsl/scratchpad/.pycsl_afaljp5k.mlw", line 2082, characters 85-131:
Sub-goal variant decrease of goal pycsltojsonemitter___scan_2d_in_stmt'vc.
Prover result is: Valid (0.02s, 122413 steps).

File "/home/fabrice/git/pycsl/scratchpad/.pycsl_afaljp5k.mlw", line 2082, characters 85-131:
Sub-goal precondition of goal pycsltojsonemitter___scan_2d_in_stmt'vc.
Prover result is: Valid (0.01s, 11178 steps).

File "/home/fabrice/git/pycsl/scratchpad/.pycsl_afaljp5k.mlw", line 2083, characters 84-129:
Sub-goal variant decrease of goal pycsltojsonemitter___scan_2d_in_stmt'vc.
Prover result is: Valid (0.02s, 122673 steps).

File "/home/fabrice/git/pycsl/scratchpad/.pycsl_afaljp5k.mlw", line 2083, characters 84-129:
Sub-goal precondition of goal pycsltojsonemitter___scan_2d_in_stmt'vc.
Prover result is: Valid (0.00s, 11195 steps).

File "/home/fabrice/git/pycsl/scratchpad/.pycsl_afaljp5k.mlw", line 2048, characters 32-36:
Sub-goal postcondition of goal pycsltojsonemitter___scan_2d_in_stmt'vc.
Prover result is: Valid (0.01s, 11195 steps).

File "/home/fabrice/git/pycsl/scratchpad/.pycsl_afaljp5k.mlw", line 2048, characters 32-36:
Sub-goal postcondition of goal pycsltojsonemitter___scan_2d_in_stmt'vc.
Prover result is: Valid (0.01s, 11179 steps).

File "/home/fabrice/git/pycsl/scratchpad/.pycsl_afaljp5k.mlw", line 2083, characters 84-129:
Sub-goal variant decrease of goal pycsltojsonemitter___scan_2d_in_stmt'vc.
Prover result is: Valid (0.02s, 122414 steps).

File "/home/fabrice/git/pycsl/scratchpad/.pycsl_afaljp5k.mlw", line 2083, characters 84-129:
Sub-goal precondition of goal pycsltojsonemitter___scan_2d_in_stmt'vc.
Prover result is: Valid (0.01s, 11179 steps).

File "/home/fabrice/git/pycsl/scratchpad/.pycsl_afaljp5k.mlw", line 2048, characters 32-36:
Sub-goal postcondition of goal pycsltojsonemitter___scan_2d_in_stmt'vc.
Prover result is: Valid (0.01s, 11179 steps).

File "/home/fabrice/git/pycsl/scratchpad/.pycsl_afaljp5k.mlw", line 2048, characters 32-36:
Sub-goal postcondition of goal pycsltojsonemitter___scan_2d_in_stmt'vc.
Prover result is: Valid (0.01s, 11159 steps).

File "/home/fabrice/git/pycsl/scratchpad/.pycsl_afaljp5k.mlw", line 2080, characters 20-67:
Sub-goal variant decrease of goal pycsltojsonemitter___scan_2d_in_stmt'vc.
Prover result is: Valid (0.02s, 122554 steps).

File "/home/fabrice/git/pycsl/scratchpad/.pycsl_afaljp5k.mlw", line 2080, characters 20-67:
Sub-goal precondition of goal pycsltojsonemitter___scan_2d_in_stmt'vc.
Prover result is: Valid (0.01s, 11222 steps).

File "/home/fabrice/git/pycsl/scratchpad/.pycsl_afaljp5k.mlw", line 2082, characters 85-131:
Sub-goal variant decrease of goal pycsltojsonemitter___scan_2d_in_stmt'vc.
Prover result is: Valid (0.02s, 122874 steps).

File "/home/fabrice/git/pycsl/scratchpad/.pycsl_afaljp5k.mlw", line 2082, characters 85-131:
Sub-goal precondition of goal pycsltojsonemitter___scan_2d_in_stmt'vc.
Prover result is: Valid (0.01s, 11243 steps).

File "/home/fabrice/git/pycsl/scratchpad/.pycsl_afaljp5k.mlw", line 2083, characters 84-129:
Sub-goal variant decrease of goal pycsltojsonemitter___scan_2d_in_stmt'vc.
Prover result is: Valid (0.02s, 123134 steps).

File "/home/fabrice/git/pycsl/scratchpad/.pycsl_afaljp5k.mlw", line 2083, characters 84-129:
Sub-goal precondition of goal pycsltojsonemitter___scan_2d_in_stmt'vc.
Prover result is: Valid (0.01s, 11260 steps).

File "/home/fabrice/git/pycsl/scratchpad/.pycsl_afaljp5k.mlw", line 2048, characters 32-36:
Sub-goal postcondition of goal pycsltojsonemitter___scan_2d_in_stmt'vc.
Prover result is: Valid (0.01s, 11260 steps).

File "/home/fabrice/git/pycsl/scratchpad/.pycsl_afaljp5k.mlw", line 2048, characters 32-36:
Sub-goal postcondition of goal pycsltojsonemitter___scan_2d_in_stmt'vc.
Prover result is: Valid (0.00s, 11244 steps).

File "/home/fabrice/git/pycsl/scratchpad/.pycsl_afaljp5k.mlw", line 2083, characters 84-129:
Sub-goal variant decrease of goal pycsltojsonemitter___scan_2d_in_stmt'vc.
Prover result is: Valid (0.02s, 122875 steps).

File "/home/fabrice/git/pycsl/scratchpad/.pycsl_afaljp5k.mlw", line 2083, characters 84-129:
Sub-goal precondition of goal pycsltojsonemitter___scan_2d_in_stmt'vc.
Prover result is: Valid (0.01s, 11244 steps).

File "/home/fabrice/git/pycsl/scratchpad/.pycsl_afaljp5k.mlw", line 2048, characters 32-36:
Sub-goal postcondition of goal pycsltojsonemitter___scan_2d_in_stmt'vc.
Prover result is: Valid (0.01s, 11244 steps).

File "/home/fabrice/git/pycsl/scratchpad/.pycsl_afaljp5k.mlw", line 2048, characters 32-36:
Sub-goal postcondition of goal pycsltojsonemitter___scan_2d_in_stmt'vc.
Prover result is: Valid (0.00s, 11224 steps).

File "/home/fabrice/git/pycsl/scratchpad/.pycsl_afaljp5k.mlw", line 2082, characters 85-131:
Sub-goal variant decrease of goal pycsltojsonemitter___scan_2d_in_stmt'vc.
Prover result is: Valid (0.02s, 121980 steps).

File "/home/fabrice/git/pycsl/scratchpad/.pycsl_afaljp5k.mlw", line 2082, characters 85-131:
Sub-goal precondition of goal pycsltojsonemitter___scan_2d_in_stmt'vc.
Prover result is: Valid (0.01s, 11154 steps).

File "/home/fabrice/git/pycsl/scratchpad/.pycsl_afaljp5k.mlw", line 2083, characters 84-129:
Sub-goal variant decrease of goal pycsltojsonemitter___scan_2d_in_stmt'vc.
Prover result is: Valid (0.03s, 122300 steps).

File "/home/fabrice/git/pycsl/scratchpad/.pycsl_afaljp5k.mlw", line 2083, characters 84-129:
Sub-goal precondition of goal pycsltojsonemitter___scan_2d_in_stmt'vc.
Prover result is: Valid (0.01s, 11175 steps).

File "/home/fabrice/git/pycsl/scratchpad/.pycsl_afaljp5k.mlw", line 2048, characters 32-36:
Sub-goal postcondition of goal pycsltojsonemitter___scan_2d_in_stmt'vc.
Prover result is: Valid (0.01s, 11175 steps).

File "/home/fabrice/git/pycsl/scratchpad/.pycsl_afaljp5k.mlw", line 2048, characters 32-36:
Sub-goal postcondition of goal pycsltojsonemitter___scan_2d_in_stmt'vc.
Prover result is: Valid (0.01s, 11155 steps).

File "/home/fabrice/git/pycsl/scratchpad/.pycsl_afaljp5k.mlw", line 2083, characters 84-129:
Sub-goal variant decrease of goal pycsltojsonemitter___scan_2d_in_stmt'vc.
Prover result is: Valid (0.02s, 121981 steps).

File "/home/fabrice/git/pycsl/scratchpad/.pycsl_afaljp5k.mlw", line 2083, characters 84-129:
Sub-goal precondition of goal pycsltojsonemitter___scan_2d_in_stmt'vc.
Prover result is: Valid (0.01s, 11155 steps).

File "/home/fabrice/git/pycsl/scratchpad/.pycsl_afaljp5k.mlw", line 2048, characters 32-36:
Sub-goal postcondition of goal pycsltojsonemitter___scan_2d_in_stmt'vc.
Prover result is: Valid (0.01s, 11155 steps).

File "/home/fabrice/git/pycsl/scratchpad/.pycsl_afaljp5k.mlw", line 2048, characters 32-36:
Sub-goal postcondition of goal pycsltojsonemitter___scan_2d_in_stmt'vc.
Prover result is: Valid (0.01s, 11131 steps).

File "/home/fabrice/git/pycsl/scratchpad/.pycsl_afaljp5k.mlw", line 2085, characters 84-129:
Sub-goal variant decrease of goal pycsltojsonemitter___scan_2d_in_stmt'vc.
Prover result is: Valid (0.02s, 122008 steps).

File "/home/fabrice/git/pycsl/scratchpad/.pycsl_afaljp5k.mlw", line 2085, characters 84-129:
Sub-goal precondition of goal pycsltojsonemitter___scan_2d_in_stmt'vc.
Prover result is: Valid (0.01s, 11163 steps).

File "/home/fabrice/git/pycsl/scratchpad/.pycsl_afaljp5k.mlw", line 2048, characters 32-36:
Sub-goal postcondition of goal pycsltojsonemitter___scan_2d_in_stmt'vc.
Prover result is: Valid (0.01s, 11163 steps).

File "/home/fabrice/git/pycsl/scratchpad/.pycsl_afaljp5k.mlw", line 2048, characters 32-36:
Sub-goal postcondition of goal pycsltojsonemitter___scan_2d_in_stmt'vc.
Prover result is: Valid (0.01s, 11139 steps).

File "/home/fabrice/git/pycsl/scratchpad/.pycsl_afaljp5k.mlw", line 2087, characters 85-132:
Sub-goal variant decrease of goal pycsltojsonemitter___scan_2d_in_stmt'vc.
Prover result is: Valid (0.02s, 126537 steps).

File "/home/fabrice/git/pycsl/scratchpad/.pycsl_afaljp5k.mlw", line 2087, characters 85-132:
Sub-goal precondition of goal pycsltojsonemitter___scan_2d_in_stmt'vc.
Prover result is: Valid (0.01s, 11189 steps).

File "/home/fabrice/git/pycsl/scratchpad/.pycsl_afaljp5k.mlw", line 2088, characters 15-110:
Sub-goal variant decrease of goal pycsltojsonemitter___scan_2d_in_stmt'vc.
Prover result is: Valid (0.02s, 126961 steps).

File "/home/fabrice/git/pycsl/scratchpad/.pycsl_afaljp5k.mlw", line 2088, characters 15-110:
Sub-goal precondition of goal pycsltojsonemitter___scan_2d_in_stmt'vc.
Prover result is: Valid (0.01s, 11210 steps).

File "/home/fabrice/git/pycsl/scratchpad/.pycsl_afaljp5k.mlw", line 2048, characters 32-36:
Sub-goal postcondition of goal pycsltojsonemitter___scan_2d_in_stmt'vc.
Prover result is: Valid (0.01s, 11210 steps).

File "/home/fabrice/git/pycsl/scratchpad/.pycsl_afaljp5k.mlw", line 2088, characters 15-110:
Sub-goal variant decrease of goal pycsltojsonemitter___scan_2d_in_stmt'vc.
Prover result is: Valid (0.02s, 126658 steps).

File "/home/fabrice/git/pycsl/scratchpad/.pycsl_afaljp5k.mlw", line 2088, characters 15-110:
Sub-goal precondition of goal pycsltojsonemitter___scan_2d_in_stmt'vc.
Prover result is: Valid (0.01s, 11190 steps).

File "/home/fabrice/git/pycsl/scratchpad/.pycsl_afaljp5k.mlw", line 2048, characters 32-36:
Sub-goal postcondition of goal pycsltojsonemitter___scan_2d_in_stmt'vc.
Prover result is: Valid (0.01s, 11190 steps).

File "/home/fabrice/git/pycsl/scratchpad/.pycsl_afaljp5k.mlw", line 2090, characters 85-132:
Sub-goal variant decrease of goal pycsltojsonemitter___scan_2d_in_stmt'vc.
Prover result is: Valid (0.02s, 126608 steps).

File "/home/fabrice/git/pycsl/scratchpad/.pycsl_afaljp5k.mlw", line 2090, characters 85-132:
Sub-goal precondition of goal pycsltojsonemitter___scan_2d_in_stmt'vc.
Prover result is: Valid (0.01s, 11208 steps).

File "/home/fabrice/git/pycsl/scratchpad/.pycsl_afaljp5k.mlw", line 2091, characters 15-110:
Sub-goal variant decrease of goal pycsltojsonemitter___scan_2d_in_stmt'vc.
Prover result is: Valid (0.02s, 127032 steps).

File "/home/fabrice/git/pycsl/scratchpad/.pycsl_afaljp5k.mlw", line 2091, characters 15-110:
Sub-goal precondition of goal pycsltojsonemitter___scan_2d_in_stmt'vc.
Prover result is: Valid (0.01s, 11229 steps).

File "/home/fabrice/git/pycsl/scratchpad/.pycsl_afaljp5k.mlw", line 2092, characters 15-112:
Sub-goal variant decrease of goal pycsltojsonemitter___scan_2d_in_stmt'vc.
Prover result is: Valid (0.02s, 127374 steps).

File "/home/fabrice/git/pycsl/scratchpad/.pycsl_afaljp5k.mlw", line 2092, characters 15-112:
Sub-goal precondition of goal pycsltojsonemitter___scan_2d_in_stmt'vc.
Prover result is: Valid (0.01s, 11246 steps).

File "/home/fabrice/git/pycsl/scratchpad/.pycsl_afaljp5k.mlw", line 2048, characters 32-36:
Sub-goal postcondition of goal pycsltojsonemitter___scan_2d_in_stmt'vc.
Prover result is: Valid (0.01s, 11246 steps).

File "/home/fabrice/git/pycsl/scratchpad/.pycsl_afaljp5k.mlw", line 2091, characters 15-110:
Sub-goal variant decrease of goal pycsltojsonemitter___scan_2d_in_stmt'vc.
Prover result is: Valid (0.03s, 126729 steps).

File "/home/fabrice/git/pycsl/scratchpad/.pycsl_afaljp5k.mlw", line 2091, characters 15-110:
Sub-goal precondition of goal pycsltojsonemitter___scan_2d_in_stmt'vc.
Prover result is: Valid (0.01s, 11209 steps).

File "/home/fabrice/git/pycsl/scratchpad/.pycsl_afaljp5k.mlw", line 2092, characters 15-112:
Sub-goal variant decrease of goal pycsltojsonemitter___scan_2d_in_stmt'vc.
Prover result is: Valid (0.02s, 127060 steps).

File "/home/fabrice/git/pycsl/scratchpad/.pycsl_afaljp5k.mlw", line 2092, characters 15-112:
Sub-goal precondition of goal pycsltojsonemitter___scan_2d_in_stmt'vc.
Prover result is: Valid (0.01s, 11230 steps).

File "/home/fabrice/git/pycsl/scratchpad/.pycsl_afaljp5k.mlw", line 2048, characters 32-36:
Sub-goal postcondition of goal pycsltojsonemitter___scan_2d_in_stmt'vc.
Prover result is: Valid (0.00s, 11230 steps).

File "/home/fabrice/git/pycsl/scratchpad/.pycsl_afaljp5k.mlw", line 2048, characters 32-36:
Sub-goal postcondition of goal pycsltojsonemitter___scan_2d_in_stmt'vc.
Prover result is: Valid (0.01s, 11192 steps).

File "/home/fabrice/git/pycsl/scratchpad/.pycsl_afaljp5k.mlw", line 2048, characters 32-36:
Sub-goal postcondition of goal pycsltojsonemitter___scan_2d_in_stmt'vc.
Prover result is: Valid (0.01s, 11128 steps).

File "/home/fabrice/git/pycsl/scratchpad/.pycsl_afaljp5k.mlw", line 2048, characters 32-36:
Sub-goal postcondition of goal pycsltojsonemitter___scan_2d_in_stmt'vc.
Prover result is: Valid (0.01s, 11188 steps).

File "/home/fabrice/git/pycsl/scratchpad/.pycsl_afaljp5k.mlw", line 2097, characters 32-36:
Sub-goal postcondition of goal pycsltojsonemitter___scan_2d_in_expr__sl'vc.
Prover result is: Valid (0.01s, 11051 steps).

File "/home/fabrice/git/pycsl/scratchpad/.pycsl_afaljp5k.mlw", line 2098, characters 52-97:
Sub-goal variant decrease of goal pycsltojsonemitter___scan_2d_in_expr__sl'vc.
Prover result is: Valid (0.02s, 120777 steps).

File "/home/fabrice/git/pycsl/scratchpad/.pycsl_afaljp5k.mlw", line 2098, characters 52-97:
Sub-goal precondition of goal pycsltojsonemitter___scan_2d_in_expr__sl'vc.
Prover result is: Valid (0.01s, 11055 steps).

File "/home/fabrice/git/pycsl/scratchpad/.pycsl_afaljp5k.mlw", line 2098, characters 99-148:
Sub-goal variant decrease of goal pycsltojsonemitter___scan_2d_in_expr__sl'vc.
Prover result is: Valid (0.03s, 120818 steps).

File "/home/fabrice/git/pycsl/scratchpad/.pycsl_afaljp5k.mlw", line 2098, characters 99-148:
Sub-goal precondition of goal pycsltojsonemitter___scan_2d_in_expr__sl'vc.
Prover result is: Valid (0.01s, 11055 steps).

File "/home/fabrice/git/pycsl/scratchpad/.pycsl_afaljp5k.mlw", line 2097, characters 32-36:
Sub-goal postcondition of goal pycsltojsonemitter___scan_2d_in_expr__sl'vc.
Prover result is: Valid (0.01s, 11055 steps).

File "/home/fabrice/git/pycsl/scratchpad/.pycsl_afaljp5k.mlw", line 2102, characters 4-59:
Sub-goal precondition of goal pycsltojsonemitter___collect_2d_params'vc.
Prover result is: Valid (0.01s, 11103 steps).

File "/home/fabrice/git/pycsl/scratchpad/.pycsl_afaljp5k.mlw", line 2100, characters 32-36:
Sub-goal postcondition of goal pycsltojsonemitter___collect_2d_params'vc.
Prover result is: Valid (0.01s, 11121 steps).

File "/home/fabrice/git/pycsl/scratchpad/.pycsl_afaljp5k.mlw", line 2106, characters 15-19:
Sub-goal postcondition of goal pycsltojsonemitter___const_int_value'vc.
Prover result is: Valid (0.01s, 11576 steps).

File "/home/fabrice/git/pycsl/scratchpad/.pycsl_afaljp5k.mlw", line 2106, characters 15-19:
Sub-goal postcondition of goal pycsltojsonemitter___const_int_value'vc.
Prover result is: Valid (0.01s, 11948 steps).

File "/home/fabrice/git/pycsl/scratchpad/.pycsl_afaljp5k.mlw", line 2106, characters 15-19:
Sub-goal postcondition of goal pycsltojsonemitter___const_int_value'vc.
Prover result is: Valid (0.00s, 11946 steps).

File "/home/fabrice/git/pycsl/scratchpad/.pycsl_afaljp5k.mlw", line 2130, characters 18-34:
Sub-goal loop invariant init of goal pycsltojsonemitter___collect_class_constants'vc.
Prover result is: Valid (0.01s, 11125 steps).

File "/home/fabrice/git/pycsl/scratchpad/.pycsl_afaljp5k.mlw", line 2131, characters 16-61:
Sub-goal loop variant decrease of goal pycsltojsonemitter___collect_class_constants'vc.
Prover result is: Valid (0.03s, 160886 steps).

File "/home/fabrice/git/pycsl/scratchpad/.pycsl_afaljp5k.mlw", line 2130, characters 18-34:
Sub-goal loop invariant preservation of goal pycsltojsonemitter___collect_class_constants'vc.
Prover result is: Valid (0.02s, 160675 steps).

File "/home/fabrice/git/pycsl/scratchpad/.pycsl_afaljp5k.mlw", line 2148, characters 19-153:
Sub-goal precondition of goal pycsltojsonemitter___collect_class_constants'vc.
Prover result is: Valid (0.01s, 12148 steps).

File "/home/fabrice/git/pycsl/scratchpad/.pycsl_afaljp5k.mlw", line 2131, characters 16-61:
Sub-goal loop variant decrease of goal pycsltojsonemitter___collect_class_constants'vc.
Prover result is: Valid (0.02s, 151345 steps).

File "/home/fabrice/git/pycsl/scratchpad/.pycsl_afaljp5k.mlw", line 2130, characters 18-34:
Sub-goal loop invariant preservation of goal pycsltojsonemitter___collect_class_constants'vc.
Prover result is: Valid (0.03s, 151134 steps).

File "/home/fabrice/git/pycsl/scratchpad/.pycsl_afaljp5k.mlw", line 2131, characters 16-61:
Sub-goal loop variant decrease of goal pycsltojsonemitter___collect_class_constants'vc.
Prover result is: Valid (0.03s, 150455 steps).

File "/home/fabrice/git/pycsl/scratchpad/.pycsl_afaljp5k.mlw", line 2130, characters 18-34:
Sub-goal loop invariant preservation of goal pycsltojsonemitter___collect_class_constants'vc.
Prover result is: Valid (0.02s, 150243 steps).

File "/home/fabrice/git/pycsl/scratchpad/.pycsl_afaljp5k.mlw", line 2131, characters 16-61:
Sub-goal loop variant decrease of goal pycsltojsonemitter___collect_class_constants'vc.
Prover result is: Valid (0.02s, 177333 steps).

File "/home/fabrice/git/pycsl/scratchpad/.pycsl_afaljp5k.mlw", line 2130, characters 18-34:
Sub-goal loop invariant preservation of goal pycsltojsonemitter___collect_class_constants'vc.
Prover result is: Valid (0.03s, 177111 steps).

File "/home/fabrice/git/pycsl/scratchpad/.pycsl_afaljp5k.mlw", line 2148, characters 19-153:
Sub-goal precondition of goal pycsltojsonemitter___collect_class_constants'vc.
Prover result is: Valid (0.01s, 12199 steps).

File "/home/fabrice/git/pycsl/scratchpad/.pycsl_afaljp5k.mlw", line 2131, characters 16-61:
Sub-goal loop variant decrease of goal pycsltojsonemitter___collect_class_constants'vc.
Prover result is: Valid (0.03s, 157282 steps).

File "/home/fabrice/git/pycsl/scratchpad/.pycsl_afaljp5k.mlw", line 2130, characters 18-34:
Sub-goal loop invariant preservation of goal pycsltojsonemitter___collect_class_constants'vc.
Prover result is: Valid (0.03s, 157072 steps).

File "/home/fabrice/git/pycsl/scratchpad/.pycsl_afaljp5k.mlw", line 2131, characters 16-61:
Sub-goal loop variant decrease of goal pycsltojsonemitter___collect_class_constants'vc.
Prover result is: Valid (0.03s, 156379 steps).

File "/home/fabrice/git/pycsl/scratchpad/.pycsl_afaljp5k.mlw", line 2130, characters 18-34:
Sub-goal loop invariant preservation of goal pycsltojsonemitter___collect_class_constants'vc.
Prover result is: Valid (0.03s, 156169 steps).

File "/home/fabrice/git/pycsl/scratchpad/.pycsl_afaljp5k.mlw", line 2131, characters 16-61:
Sub-goal loop variant decrease of goal pycsltojsonemitter___collect_class_constants'vc.
Prover result is: Valid (0.02s, 143670 steps).

File "/home/fabrice/git/pycsl/scratchpad/.pycsl_afaljp5k.mlw", line 2130, characters 18-34:
Sub-goal loop invariant preservation of goal pycsltojsonemitter___collect_class_constants'vc.
Prover result is: Valid (0.03s, 143484 steps).

File "/home/fabrice/git/pycsl/scratchpad/.pycsl_afaljp5k.mlw", line 2148, characters 19-153:
Sub-goal precondition of goal pycsltojsonemitter___collect_class_constants'vc.
Prover result is: Valid (0.01s, 11994 steps).

File "/home/fabrice/git/pycsl/scratchpad/.pycsl_afaljp5k.mlw", line 2131, characters 16-61:
Sub-goal loop variant decrease of goal pycsltojsonemitter___collect_class_constants'vc.
Prover result is: Valid (0.01s, 16982 steps).

File "/home/fabrice/git/pycsl/scratchpad/.pycsl_afaljp5k.mlw", line 2130, characters 18-34:
Sub-goal loop invariant preservation of goal pycsltojsonemitter___collect_class_constants'vc.
Prover result is: Valid (0.01s, 16928 steps).

File "/home/fabrice/git/pycsl/scratchpad/.pycsl_afaljp5k.mlw", line 2131, characters 16-61:
Sub-goal loop variant decrease of goal pycsltojsonemitter___collect_class_constants'vc.
Prover result is: Valid (0.01s, 16900 steps).

File "/home/fabrice/git/pycsl/scratchpad/.pycsl_afaljp5k.mlw", line 2130, characters 18-34:
Sub-goal loop invariant preservation of goal pycsltojsonemitter___collect_class_constants'vc.
Prover result is: Valid (0.01s, 16846 steps).

File "/home/fabrice/git/pycsl/scratchpad/.pycsl_afaljp5k.mlw", line 2123, characters 15-19:
Sub-goal postcondition of goal pycsltojsonemitter___collect_class_constants'vc.
Prover result is: Valid (0.01s, 11200 steps).

File "/home/fabrice/git/pycsl/scratchpad/.pycsl_afaljp5k.mlw", line 2157, characters 22-80:
Sub-goal goal of goal pycsltojsonemitter___collect_class_constants__union_arm_Arm_3_0_inj.
Prover result is: Valid (0.00s, 11117 steps).

File "/home/fabrice/git/pycsl/scratchpad/.pycsl_afaljp5k.mlw", line 2159, characters 77-82:
Sub-goal goal of goal pycsltojsonemitter___collect_class_constants__union_arm_Arm_3_0_proj.
Prover result is: Valid (0.01s, 11112 steps).

File "/home/fabrice/git/pycsl/scratchpad/.pycsl_afaljp5k.mlw", line 2161, characters 23-81:
Sub-goal goal of goal pycsltojsonemitter___collect_class_constants__union_arm_Arm_4_0_inj.
Prover result is: Valid (0.00s, 11117 steps).

File "/home/fabrice/git/pycsl/scratchpad/.pycsl_afaljp5k.mlw", line 2163, characters 77-82:
Sub-goal goal of goal pycsltojsonemitter___collect_class_constants__union_arm_Arm_4_0_proj.
Prover result is: Valid (0.01s, 11112 steps).

File "/home/fabrice/git/pycsl/scratchpad/.pycsl_afaljp5k.mlw", line 2165, characters 19-69:
Sub-goal goal of goal pycsltojsonemitter___collect_class_constants__union_arm_Arm_2_0_inj.
Prover result is: Valid (0.01s, 11117 steps).

File "/home/fabrice/git/pycsl/scratchpad/.pycsl_afaljp5k.mlw", line 2167, characters 69-74:
Sub-goal goal of goal pycsltojsonemitter___collect_class_constants__union_arm_Arm_2_0_proj.
Prover result is: Valid (0.01s, 11112 steps).

File "/home/fabrice/git/pycsl/scratchpad/.pycsl_afaljp5k.mlw", line 2184, characters 18-33:
Sub-goal loop invariant init of goal pycsltojsonemitter___collect_final_registry'vc.
Prover result is: Valid (0.01s, 11112 steps).

File "/home/fabrice/git/pycsl/scratchpad/.pycsl_afaljp5k.mlw", line 2193, characters 22-38:
Sub-goal loop invariant init of goal pycsltojsonemitter___collect_final_registry'vc.
Prover result is: Valid (0.00s, 13011 steps).

File "/home/fabrice/git/pycsl/scratchpad/.pycsl_afaljp5k.mlw", line 2202, characters 26-40:
Sub-goal loop invariant init of goal pycsltojsonemitter___collect_final_registry'vc.
Prover result is: Valid (0.01s, 13550 steps).

File "/home/fabrice/git/pycsl/scratchpad/.pycsl_afaljp5k.mlw", line 2203, characters 24-63:
Sub-goal loop variant decrease of goal pycsltojsonemitter___collect_final_registry'vc.
Prover result is: Valid (0.03s, 214481 steps).

File "/home/fabrice/git/pycsl/scratchpad/.pycsl_afaljp5k.mlw", line 2202, characters 26-40:
Sub-goal loop invariant preservation of goal pycsltojsonemitter___collect_final_registry'vc.
Prover result is: Valid (0.03s, 214239 steps).

File "/home/fabrice/git/pycsl/scratchpad/.pycsl_afaljp5k.mlw", line 2203, characters 24-63:
Sub-goal loop variant decrease of goal pycsltojsonemitter___collect_final_registry'vc.
Prover result is: Valid (0.03s, 197611 steps).

File "/home/fabrice/git/pycsl/scratchpad/.pycsl_afaljp5k.mlw", line 2202, characters 26-40:
Sub-goal loop invariant preservation of goal pycsltojsonemitter___collect_final_registry'vc.
Prover result is: Valid (0.03s, 197373 steps).

File "/home/fabrice/git/pycsl/scratchpad/.pycsl_afaljp5k.mlw", line 2194, characters 20-61:
Sub-goal loop variant decrease of goal pycsltojsonemitter___collect_final_registry'vc.
Prover result is: Valid (0.03s, 183658 steps).

File "/home/fabrice/git/pycsl/scratchpad/.pycsl_afaljp5k.mlw", line 2193, characters 22-38:
Sub-goal loop invariant preservation of goal pycsltojsonemitter___collect_final_registry'vc.
Prover result is: Valid (0.03s, 183436 steps).

File "/home/fabrice/git/pycsl/scratchpad/.pycsl_afaljp5k.mlw", line 2194, characters 20-61:
Sub-goal loop variant decrease of goal pycsltojsonemitter___collect_final_registry'vc.
Prover result is: Valid (0.03s, 194336 steps).

File "/home/fabrice/git/pycsl/scratchpad/.pycsl_afaljp5k.mlw", line 2193, characters 22-38:
Sub-goal loop invariant preservation of goal pycsltojsonemitter___collect_final_registry'vc.
Prover result is: Valid (0.03s, 194110 steps).

File "/home/fabrice/git/pycsl/scratchpad/.pycsl_afaljp5k.mlw", line 2202, characters 26-40:
Sub-goal loop invariant init of goal pycsltojsonemitter___collect_final_registry'vc.
Prover result is: Valid (0.01s, 13294 steps).

File "/home/fabrice/git/pycsl/scratchpad/.pycsl_afaljp5k.mlw", line 2203, characters 24-63:
Sub-goal loop variant decrease of goal pycsltojsonemitter___collect_final_registry'vc.
Prover result is: Valid (0.03s, 222278 steps).

File "/home/fabrice/git/pycsl/scratchpad/.pycsl_afaljp5k.mlw", line 2202, characters 26-40:
Sub-goal loop invariant preservation of goal pycsltojsonemitter___collect_final_registry'vc.
Prover result is: Valid (0.03s, 222032 steps).

File "/home/fabrice/git/pycsl/scratchpad/.pycsl_afaljp5k.mlw", line 2203, characters 24-63:
Sub-goal loop variant decrease of goal pycsltojsonemitter___collect_final_registry'vc.
Prover result is: Valid (0.03s, 194017 steps).

File "/home/fabrice/git/pycsl/scratchpad/.pycsl_afaljp5k.mlw", line 2202, characters 26-40:
Sub-goal loop invariant preservation of goal pycsltojsonemitter___collect_final_registry'vc.
Prover result is: Valid (0.03s, 193779 steps).

File "/home/fabrice/git/pycsl/scratchpad/.pycsl_afaljp5k.mlw", line 2194, characters 20-61:
Sub-goal loop variant decrease of goal pycsltojsonemitter___collect_final_registry'vc.
Prover result is: Valid (0.03s, 191201 steps).

File "/home/fabrice/git/pycsl/scratchpad/.pycsl_afaljp5k.mlw", line 2193, characters 22-38:
Sub-goal loop invariant preservation of goal pycsltojsonemitter___collect_final_registry'vc.
Prover result is: Valid (0.03s, 190975 steps).

File "/home/fabrice/git/pycsl/scratchpad/.pycsl_afaljp5k.mlw", line 2194, characters 20-61:
Sub-goal loop variant decrease of goal pycsltojsonemitter___collect_final_registry'vc.
Prover result is: Valid (0.03s, 190728 steps).

File "/home/fabrice/git/pycsl/scratchpad/.pycsl_afaljp5k.mlw", line 2193, characters 22-38:
Sub-goal loop invariant preservation of goal pycsltojsonemitter___collect_final_registry'vc.
Prover result is: Valid (0.03s, 190502 steps).

File "/home/fabrice/git/pycsl/scratchpad/.pycsl_afaljp5k.mlw", line 2185, characters 16-68:
Sub-goal loop variant decrease of goal pycsltojsonemitter___collect_final_registry'vc.
Prover result is: Valid (0.03s, 177206 steps).

File "/home/fabrice/git/pycsl/scratchpad/.pycsl_afaljp5k.mlw", line 2184, characters 18-33:
Sub-goal loop invariant preservation of goal pycsltojsonemitter___collect_final_registry'vc.
Prover result is: Valid (0.03s, 176992 steps).

File "/home/fabrice/git/pycsl/scratchpad/.pycsl_afaljp5k.mlw", line 2185, characters 16-68:
Sub-goal loop variant decrease of goal pycsltojsonemitter___collect_final_registry'vc.
Prover result is: Valid (0.03s, 176626 steps).

File "/home/fabrice/git/pycsl/scratchpad/.pycsl_afaljp5k.mlw", line 2184, characters 18-33:
Sub-goal loop invariant preservation of goal pycsltojsonemitter___collect_final_registry'vc.
Prover result is: Valid (0.03s, 176412 steps).

File "/home/fabrice/git/pycsl/scratchpad/.pycsl_afaljp5k.mlw", line 2193, characters 22-38:
Sub-goal loop invariant init of goal pycsltojsonemitter___collect_final_registry'vc.
Prover result is: Valid (0.01s, 11880 steps).

File "/home/fabrice/git/pycsl/scratchpad/.pycsl_afaljp5k.mlw", line 2202, characters 26-40:
Sub-goal loop invariant init of goal pycsltojsonemitter___collect_final_registry'vc.
Prover result is: Valid (0.01s, 13324 steps).

File "/home/fabrice/git/pycsl/scratchpad/.pycsl_afaljp5k.mlw", line 2203, characters 24-63:
Sub-goal loop variant decrease of goal pycsltojsonemitter___collect_final_registry'vc.
Prover result is: Valid (0.03s, 222227 steps).

File "/home/fabrice/git/pycsl/scratchpad/.pycsl_afaljp5k.mlw", line 2202, characters 26-40:
Sub-goal loop invariant preservation of goal pycsltojsonemitter___collect_final_registry'vc.
Prover result is: Valid (0.03s, 221981 steps).

File "/home/fabrice/git/pycsl/scratchpad/.pycsl_afaljp5k.mlw", line 2203, characters 24-63:
Sub-goal loop variant decrease of goal pycsltojsonemitter___collect_final_registry'vc.
Prover result is: Valid (0.03s, 194333 steps).

File "/home/fabrice/git/pycsl/scratchpad/.pycsl_afaljp5k.mlw", line 2202, characters 26-40:
Sub-goal loop invariant preservation of goal pycsltojsonemitter___collect_final_registry'vc.
Prover result is: Valid (0.03s, 194095 steps).

File "/home/fabrice/git/pycsl/scratchpad/.pycsl_afaljp5k.mlw", line 2194, characters 20-61:
Sub-goal loop variant decrease of goal pycsltojsonemitter___collect_final_registry'vc.
Prover result is: Valid (0.03s, 191537 steps).

File "/home/fabrice/git/pycsl/scratchpad/.pycsl_afaljp5k.mlw", line 2193, characters 22-38:
Sub-goal loop invariant preservation of goal pycsltojsonemitter___collect_final_registry'vc.
Prover result is: Valid (0.03s, 191309 steps).

File "/home/fabrice/git/pycsl/scratchpad/.pycsl_afaljp5k.mlw", line 2194, characters 20-61:
Sub-goal loop variant decrease of goal pycsltojsonemitter___collect_final_registry'vc.
Prover result is: Valid (0.03s, 191064 steps).

File "/home/fabrice/git/pycsl/scratchpad/.pycsl_afaljp5k.mlw", line 2193, characters 22-38:
Sub-goal loop invariant preservation of goal pycsltojsonemitter___collect_final_registry'vc.
Prover result is: Valid (0.03s, 190836 steps).

File "/home/fabrice/git/pycsl/scratchpad/.pycsl_afaljp5k.mlw", line 2202, characters 26-40:
Sub-goal loop invariant init of goal pycsltojsonemitter___collect_final_registry'vc.
Prover result is: Valid (0.01s, 12163 steps).

File "/home/fabrice/git/pycsl/scratchpad/.pycsl_afaljp5k.mlw", line 2203, characters 24-63:
Sub-goal loop variant decrease of goal pycsltojsonemitter___collect_final_registry'vc.
Prover result is: Valid (0.03s, 218604 steps).

File "/home/fabrice/git/pycsl/scratchpad/.pycsl_afaljp5k.mlw", line 2202, characters 26-40:
Sub-goal loop invariant preservation of goal pycsltojsonemitter___collect_final_registry'vc.
Prover result is: Valid (0.03s, 218357 steps).

File "/home/fabrice/git/pycsl/scratchpad/.pycsl_afaljp5k.mlw", line 2203, characters 24-63:
Sub-goal loop variant decrease of goal pycsltojsonemitter___collect_final_registry'vc.
Prover result is: Valid (0.03s, 160950 steps).

File "/home/fabrice/git/pycsl/scratchpad/.pycsl_afaljp5k.mlw", line 2202, characters 26-40:
Sub-goal loop invariant preservation of goal pycsltojsonemitter___collect_final_registry'vc.
Prover result is: Valid (0.03s, 160720 steps).

File "/home/fabrice/git/pycsl/scratchpad/.pycsl_afaljp5k.mlw", line 2194, characters 20-61:
Sub-goal loop variant decrease of goal pycsltojsonemitter___collect_final_registry'vc.
Prover result is: Valid (0.03s, 157476 steps).

File "/home/fabrice/git/pycsl/scratchpad/.pycsl_afaljp5k.mlw", line 2193, characters 22-38:
Sub-goal loop invariant preservation of goal pycsltojsonemitter___collect_final_registry'vc.
Prover result is: Valid (0.02s, 157257 steps).

File "/home/fabrice/git/pycsl/scratchpad/.pycsl_afaljp5k.mlw", line 2194, characters 20-61:
Sub-goal loop variant decrease of goal pycsltojsonemitter___collect_final_registry'vc.
Prover result is: Valid (0.03s, 152185 steps).

File "/home/fabrice/git/pycsl/scratchpad/.pycsl_afaljp5k.mlw", line 2193, characters 22-38:
Sub-goal loop invariant preservation of goal pycsltojsonemitter___collect_final_registry'vc.
Prover result is: Valid (0.03s, 151991 steps).

File "/home/fabrice/git/pycsl/scratchpad/.pycsl_afaljp5k.mlw", line 2185, characters 16-68:
Sub-goal loop variant decrease of goal pycsltojsonemitter___collect_final_registry'vc.
Prover result is: Valid (0.03s, 149662 steps).

File "/home/fabrice/git/pycsl/scratchpad/.pycsl_afaljp5k.mlw", line 2184, characters 18-33:
Sub-goal loop invariant preservation of goal pycsltojsonemitter___collect_final_registry'vc.
Prover result is: Valid (0.02s, 149478 steps).

File "/home/fabrice/git/pycsl/scratchpad/.pycsl_afaljp5k.mlw", line 2185, characters 16-68:
Sub-goal loop variant decrease of goal pycsltojsonemitter___collect_final_registry'vc.
Prover result is: Valid (0.03s, 143246 steps).

File "/home/fabrice/git/pycsl/scratchpad/.pycsl_afaljp5k.mlw", line 2184, characters 18-33:
Sub-goal loop invariant preservation of goal pycsltojsonemitter___collect_final_registry'vc.
Prover result is: Valid (0.03s, 143060 steps).

File "/home/fabrice/git/pycsl/scratchpad/.pycsl_afaljp5k.mlw", line 2176, characters 15-19:
Sub-goal postcondition of goal pycsltojsonemitter___collect_final_registry'vc.
Prover result is: Valid (0.01s, 11593 steps).

File "/home/fabrice/git/pycsl/scratchpad/.pycsl_afaljp5k.mlw", line 2221, characters 79-137:
Sub-goal variant decrease of goal pycsltojsonemitter___collect_str_decode_locals__gstmt'vc.
Prover result is: Valid (0.01s, 29766 steps).

File "/home/fabrice/git/pycsl/scratchpad/.pycsl_afaljp5k.mlw", line 2222, characters 24-82:
Sub-goal variant decrease of goal pycsltojsonemitter___collect_str_decode_locals__gstmt'vc.
Prover result is: Valid (0.01s, 30038 steps).

File "/home/fabrice/git/pycsl/scratchpad/.pycsl_afaljp5k.mlw", line 2222, characters 24-82:
Sub-goal variant decrease of goal pycsltojsonemitter___collect_str_decode_locals__gstmt'vc.
Prover result is: Valid (0.01s, 29902 steps).

File "/home/fabrice/git/pycsl/scratchpad/.pycsl_afaljp5k.mlw", line 2229, characters 24-84:
Sub-goal variant decrease of goal pycsltojsonemitter___collect_str_decode_locals__gtarget'vc.
Prover result is: Valid (0.01s, 30034 steps).

File "/home/fabrice/git/pycsl/scratchpad/.pycsl_afaljp5k.mlw", line 2236, characters 24-83:
Sub-goal variant decrease of goal pycsltojsonemitter___collect_str_decode_locals__gvalue'vc.
Prover result is: Valid (0.01s, 30034 steps).

File "/home/fabrice/git/pycsl/scratchpad/.pycsl_afaljp5k.mlw", line 2240, characters 32-36:
Sub-goal postcondition of goal pycsltojsonemitter___collect_str_decode_locals__leaf'vc.
Prover result is: Valid (0.01s, 11112 steps).

File "/home/fabrice/git/pycsl/scratchpad/.pycsl_afaljp5k.mlw", line 2254, characters 84-141:
Sub-goal variant decrease of goal pycsltojsonemitter___collect_str_decode_locals__v'vc.
Prover result is: Valid (0.02s, 113301 steps).

File "/home/fabrice/git/pycsl/scratchpad/.pycsl_afaljp5k.mlw", line 2254, characters 84-141:
Sub-goal precondition of goal pycsltojsonemitter___collect_str_decode_locals__v'vc.
Prover result is: Valid (0.01s, 11112 steps).

File "/home/fabrice/git/pycsl/scratchpad/.pycsl_afaljp5k.mlw", line 2254, characters 27-83:
Sub-goal precondition of goal pycsltojsonemitter___collect_str_decode_locals__v'vc.
Prover result is: Valid (0.01s, 11121 steps).

File "/home/fabrice/git/pycsl/scratchpad/.pycsl_afaljp5k.mlw", line 2255, characters 18-74:
Sub-goal variant decrease of goal pycsltojsonemitter___collect_str_decode_locals__v'vc.
Prover result is: Valid (0.02s, 113301 steps).

File "/home/fabrice/git/pycsl/scratchpad/.pycsl_afaljp5k.mlw", line 2255, characters 18-74:
Sub-goal precondition of goal pycsltojsonemitter___collect_str_decode_locals__v'vc.
Prover result is: Valid (0.01s, 11112 steps).

File "/home/fabrice/git/pycsl/scratchpad/.pycsl_afaljp5k.mlw", line 2252, characters 32-36:
Sub-goal postcondition of goal pycsltojsonemitter___collect_str_decode_locals__v'vc.
Prover result is: Valid (0.01s, 11103 steps).

File "/home/fabrice/git/pycsl/scratchpad/.pycsl_afaljp5k.mlw", line 2263, characters 72-132:
Sub-goal variant decrease of goal pycsltojsonemitter___collect_str_decode_locals__dfold'vc.
Prover result is: Valid (0.02s, 121689 steps).

File "/home/fabrice/git/pycsl/scratchpad/.pycsl_afaljp5k.mlw", line 2263, characters 72-132:
Sub-goal precondition of goal pycsltojsonemitter___collect_str_decode_locals__dfold'vc.
Prover result is: Valid (0.01s, 11129 steps).

File "/home/fabrice/git/pycsl/scratchpad/.pycsl_afaljp5k.mlw", line 2263, characters 18-71:
Sub-goal variant decrease of goal pycsltojsonemitter___collect_str_decode_locals__dfold'vc.
Prover result is: Valid (0.02s, 121904 steps).

File "/home/fabrice/git/pycsl/scratchpad/.pycsl_afaljp5k.mlw", line 2263, characters 18-71:
Sub-goal precondition of goal pycsltojsonemitter___collect_str_decode_locals__dfold'vc.
Prover result is: Valid (0.01s, 11138 steps).

File "/home/fabrice/git/pycsl/scratchpad/.pycsl_afaljp5k.mlw", line 2259, characters 32-36:
Sub-goal postcondition of goal pycsltojsonemitter___collect_str_decode_locals__dfold'vc.
Prover result is: Valid (0.01s, 11103 steps).

File "/home/fabrice/git/pycsl/scratchpad/.pycsl_afaljp5k.mlw", line 2267, characters 87-144:
Sub-goal variant decrease of goal pycsltojsonemitter___collect_str_decode_locals__lfold'vc.
Prover result is: Valid (0.02s, 120818 steps).

File "/home/fabrice/git/pycsl/scratchpad/.pycsl_afaljp5k.mlw", line 2267, characters 87-144:
Sub-goal precondition of goal pycsltojsonemitter___collect_str_decode_locals__lfold'vc.
Prover result is: Valid (0.01s, 11055 steps).

File "/home/fabrice/git/pycsl/scratchpad/.pycsl_afaljp5k.mlw", line 2267, characters 33-86:
Sub-goal variant decrease of goal pycsltojsonemitter___collect_str_decode_locals__lfold'vc.
Prover result is: Valid (0.03s, 121919 steps).

File "/home/fabrice/git/pycsl/scratchpad/.pycsl_afaljp5k.mlw", line 2267, characters 33-86:
Sub-goal precondition of goal pycsltojsonemitter___collect_str_decode_locals__lfold'vc.
Prover result is: Valid (0.01s, 11064 steps).

File "/home/fabrice/git/pycsl/scratchpad/.pycsl_afaljp5k.mlw", line 2265, characters 32-36:
Sub-goal postcondition of goal pycsltojsonemitter___collect_str_decode_locals__lfold'vc.
Prover result is: Valid (0.01s, 11103 steps).

File "/home/fabrice/git/pycsl/scratchpad/.pycsl_afaljp5k.mlw", line 2270, characters 4-60:
Sub-goal precondition of goal pycsltojsonemitter___collect_str_decode_locals'vc.
Prover result is: Valid (0.01s, 11103 steps).

File "/home/fabrice/git/pycsl/scratchpad/.pycsl_afaljp5k.mlw", line 2269, characters 32-36:
Sub-goal postcondition of goal pycsltojsonemitter___collect_str_decode_locals'vc.
Prover result is: Valid (0.01s, 11112 steps).

File "/home/fabrice/git/pycsl/scratchpad/.pycsl_afaljp5k.mlw", line 2273, characters 15-19:
Sub-goal postcondition of goal pycsltojsonemitter___extract_generic_arg_names'vc.
Prover result is: Valid (0.01s, 12439 steps).

File "/home/fabrice/git/pycsl/scratchpad/.pycsl_afaljp5k.mlw", line 2286, characters 22-36:
Sub-goal loop invariant init of goal pycsltojsonemitter___extract_generic_arg_names'vc.
Prover result is: Valid (0.01s, 11195 steps).

File "/home/fabrice/git/pycsl/scratchpad/.pycsl_afaljp5k.mlw", line 2287, characters 20-60:
Sub-goal loop variant decrease of goal pycsltojsonemitter___extract_generic_arg_names'vc.
Prover result is: Valid (0.02s, 124787 steps).

File "/home/fabrice/git/pycsl/scratchpad/.pycsl_afaljp5k.mlw", line 2286, characters 22-36:
Sub-goal loop invariant preservation of goal pycsltojsonemitter___extract_generic_arg_names'vc.
Prover result is: Valid (0.02s, 124631 steps).

File "/home/fabrice/git/pycsl/scratchpad/.pycsl_afaljp5k.mlw", line 2287, characters 20-60:
Sub-goal loop variant decrease of goal pycsltojsonemitter___extract_generic_arg_names'vc.
Prover result is: Valid (0.02s, 114108 steps).

File "/home/fabrice/git/pycsl/scratchpad/.pycsl_afaljp5k.mlw", line 2286, characters 22-36:
Sub-goal loop invariant preservation of goal pycsltojsonemitter___extract_generic_arg_names'vc.
Prover result is: Valid (0.02s, 113952 steps).

File "/home/fabrice/git/pycsl/scratchpad/.pycsl_afaljp5k.mlw", line 2273, characters 15-19:
Sub-goal postcondition of goal pycsltojsonemitter___extract_generic_arg_names'vc.
Prover result is: Valid (0.01s, 11774 steps).

File "/home/fabrice/git/pycsl/scratchpad/.pycsl_afaljp5k.mlw", line 2273, characters 15-19:
Sub-goal postcondition of goal pycsltojsonemitter___extract_generic_arg_names'vc.
Prover result is: Valid (0.01s, 11579 steps).

File "/home/fabrice/git/pycsl/scratchpad/.pycsl_afaljp5k.mlw", line 2317, characters 18-31:
Sub-goal loop invariant init of goal pycsltojsonemitter___collect_type_params'vc.
Prover result is: Valid (0.01s, 11112 steps).

File "/home/fabrice/git/pycsl/scratchpad/.pycsl_afaljp5k.mlw", line 2318, characters 16-58:
Sub-goal loop variant decrease of goal pycsltojsonemitter___collect_type_params'vc.
Prover result is: Valid (0.02s, 137085 steps).

File "/home/fabrice/git/pycsl/scratchpad/.pycsl_afaljp5k.mlw", line 2317, characters 18-31:
Sub-goal loop invariant preservation of goal pycsltojsonemitter___collect_type_params'vc.
Prover result is: Valid (0.03s, 136919 steps).

File "/home/fabrice/git/pycsl/scratchpad/.pycsl_afaljp5k.mlw", line 2318, characters 16-58:
Sub-goal loop variant decrease of goal pycsltojsonemitter___collect_type_params'vc.
Prover result is: Valid (0.03s, 137201 steps).

File "/home/fabrice/git/pycsl/scratchpad/.pycsl_afaljp5k.mlw", line 2317, characters 18-31:
Sub-goal loop invariant preservation of goal pycsltojsonemitter___collect_type_params'vc.
Prover result is: Valid (0.02s, 137035 steps).

File "/home/fabrice/git/pycsl/scratchpad/.pycsl_afaljp5k.mlw", line 2318, characters 16-58:
Sub-goal loop variant decrease of goal pycsltojsonemitter___collect_type_params'vc.
Prover result is: Valid (0.02s, 136679 steps).

File "/home/fabrice/git/pycsl/scratchpad/.pycsl_afaljp5k.mlw", line 2317, characters 18-31:
Sub-goal loop invariant preservation of goal pycsltojsonemitter___collect_type_params'vc.
Prover result is: Valid (0.03s, 136499 steps).

File "/home/fabrice/git/pycsl/scratchpad/.pycsl_afaljp5k.mlw", line 2338, characters 20-32:
Sub-goal loop invariant init of goal pycsltojsonemitter___collect_type_params'vc.
Prover result is: Valid (0.01s, 11316 steps).

File "/home/fabrice/git/pycsl/scratchpad/.pycsl_afaljp5k.mlw", line 2342, characters 36-104:
Sub-goal precondition of goal pycsltojsonemitter___collect_type_params'vc.
Prover result is: Valid (0.01s, 11711 steps).

File "/home/fabrice/git/pycsl/scratchpad/.pycsl_afaljp5k.mlw", line 2346, characters 24-37:
Sub-goal loop invariant init of goal pycsltojsonemitter___collect_type_params'vc.
Prover result is: Valid (0.01s, 12596 steps).

File "/home/fabrice/git/pycsl/scratchpad/.pycsl_afaljp5k.mlw", line 2347, characters 22-52:
Sub-goal loop variant decrease of goal pycsltojsonemitter___collect_type_params'vc.
Prover result is: Valid (0.03s, 186208 steps).

File "/home/fabrice/git/pycsl/scratchpad/.pycsl_afaljp5k.mlw", line 2346, characters 24-37:
Sub-goal loop invariant preservation of goal pycsltojsonemitter___collect_type_params'vc.
Prover result is: Valid (0.03s, 186008 steps).

File "/home/fabrice/git/pycsl/scratchpad/.pycsl_afaljp5k.mlw", line 2303, characters 15-19:
Sub-goal postcondition of goal pycsltojsonemitter___collect_type_params'vc.
Prover result is: Valid (0.01s, 12616 steps).

File "/home/fabrice/git/pycsl/scratchpad/.pycsl_afaljp5k.mlw", line 2339, characters 18-51:
Sub-goal loop variant decrease of goal pycsltojsonemitter___collect_type_params'vc.
Prover result is: Valid (0.02s, 145336 steps).

File "/home/fabrice/git/pycsl/scratchpad/.pycsl_afaljp5k.mlw", line 2338, characters 20-32:
Sub-goal loop invariant preservation of goal pycsltojsonemitter___collect_type_params'vc.
Prover result is: Valid (0.02s, 145130 steps).

File "/home/fabrice/git/pycsl/scratchpad/.pycsl_afaljp5k.mlw", line 2303, characters 15-19:
Sub-goal postcondition of goal pycsltojsonemitter___collect_type_params'vc.
Prover result is: Valid (0.00s, 11409 steps).

File "/home/fabrice/git/pycsl/scratchpad/.pycsl_afaljp5k.mlw", line 2303, characters 15-19:
Sub-goal postcondition of goal pycsltojsonemitter___collect_type_params'vc.
Prover result is: Valid (0.01s, 11310 steps).

File "/home/fabrice/git/pycsl/scratchpad/.pycsl_afaljp5k.mlw", line 2375, characters 18-33:
Sub-goal loop invariant init of goal pycsltojsonemitter___collect_typevar_registry'vc.
Prover result is: Valid (0.01s, 11112 steps).

File "/home/fabrice/git/pycsl/scratchpad/.pycsl_afaljp5k.mlw", line 2376, characters 16-61:
Sub-goal loop variant decrease of goal pycsltojsonemitter___collect_typevar_registry'vc.
Prover result is: Valid (0.02s, 140984 steps).

File "/home/fabrice/git/pycsl/scratchpad/.pycsl_afaljp5k.mlw", line 2375, characters 18-33:
Sub-goal loop invariant preservation of goal pycsltojsonemitter___collect_typevar_registry'vc.
Prover result is: Valid (0.02s, 140768 steps).

File "/home/fabrice/git/pycsl/scratchpad/.pycsl_afaljp5k.mlw", line 2376, characters 16-61:
Sub-goal loop variant decrease of goal pycsltojsonemitter___collect_typevar_registry'vc.
Prover result is: Valid (0.02s, 132543 steps).

File "/home/fabrice/git/pycsl/scratchpad/.pycsl_afaljp5k.mlw", line 2375, characters 18-33:
Sub-goal loop invariant preservation of goal pycsltojsonemitter___collect_typevar_registry'vc.
Prover result is: Valid (0.02s, 132351 steps).

File "/home/fabrice/git/pycsl/scratchpad/.pycsl_afaljp5k.mlw", line 2376, characters 16-61:
Sub-goal loop variant decrease of goal pycsltojsonemitter___collect_typevar_registry'vc.
Prover result is: Valid (0.02s, 133545 steps).

File "/home/fabrice/git/pycsl/scratchpad/.pycsl_afaljp5k.mlw", line 2375, characters 18-33:
Sub-goal loop invariant preservation of goal pycsltojsonemitter___collect_typevar_registry'vc.
Prover result is: Valid (0.02s, 133339 steps).

File "/home/fabrice/git/pycsl/scratchpad/.pycsl_afaljp5k.mlw", line 2376, characters 16-61:
Sub-goal loop variant decrease of goal pycsltojsonemitter___collect_typevar_registry'vc.
Prover result is: Valid (0.02s, 134812 steps).

File "/home/fabrice/git/pycsl/scratchpad/.pycsl_afaljp5k.mlw", line 2375, characters 18-33:
Sub-goal loop invariant preservation of goal pycsltojsonemitter___collect_typevar_registry'vc.
Prover result is: Valid (0.02s, 134606 steps).

File "/home/fabrice/git/pycsl/scratchpad/.pycsl_afaljp5k.mlw", line 2397, characters 20-33:
Sub-goal loop invariant init of goal pycsltojsonemitter___collect_typevar_registry'vc.
Prover result is: Valid (0.01s, 11749 steps).

File "/home/fabrice/git/pycsl/scratchpad/.pycsl_afaljp5k.mlw", line 2398, characters 18-60:
Sub-goal loop variant decrease of goal pycsltojsonemitter___collect_typevar_registry'vc.
Prover result is: Valid (0.02s, 138779 steps).

File "/home/fabrice/git/pycsl/scratchpad/.pycsl_afaljp5k.mlw", line 2397, characters 20-33:
Sub-goal loop invariant preservation of goal pycsltojsonemitter___collect_typevar_registry'vc.
Prover result is: Valid (0.03s, 138581 steps).

File "/home/fabrice/git/pycsl/scratchpad/.pycsl_afaljp5k.mlw", line 2398, characters 18-60:
Sub-goal loop variant decrease of goal pycsltojsonemitter___collect_typevar_registry'vc.
Prover result is: Valid (0.03s, 139153 steps).

File "/home/fabrice/git/pycsl/scratchpad/.pycsl_afaljp5k.mlw", line 2397, characters 20-33:
Sub-goal loop invariant preservation of goal pycsltojsonemitter___collect_typevar_registry'vc.
Prover result is: Valid (0.03s, 138955 steps).

File "/home/fabrice/git/pycsl/scratchpad/.pycsl_afaljp5k.mlw", line 2398, characters 18-60:
Sub-goal loop variant decrease of goal pycsltojsonemitter___collect_typevar_registry'vc.
Prover result is: Valid (0.02s, 138707 steps).

File "/home/fabrice/git/pycsl/scratchpad/.pycsl_afaljp5k.mlw", line 2397, characters 20-33:
Sub-goal loop invariant preservation of goal pycsltojsonemitter___collect_typevar_registry'vc.
Prover result is: Valid (0.03s, 138509 steps).

File "/home/fabrice/git/pycsl/scratchpad/.pycsl_afaljp5k.mlw", line 2398, characters 18-60:
Sub-goal loop variant decrease of goal pycsltojsonemitter___collect_typevar_registry'vc.
Prover result is: Valid (0.03s, 137987 steps).

File "/home/fabrice/git/pycsl/scratchpad/.pycsl_afaljp5k.mlw", line 2397, characters 20-33:
Sub-goal loop invariant preservation of goal pycsltojsonemitter___collect_typevar_registry'vc.
Prover result is: Valid (0.02s, 137789 steps).

File "/home/fabrice/git/pycsl/scratchpad/.pycsl_afaljp5k.mlw", line 2376, characters 16-61:
Sub-goal loop variant decrease of goal pycsltojsonemitter___collect_typevar_registry'vc.
Prover result is: Valid (0.03s, 147504 steps).

File "/home/fabrice/git/pycsl/scratchpad/.pycsl_afaljp5k.mlw", line 2375, characters 18-33:
Sub-goal loop invariant preservation of goal pycsltojsonemitter___collect_typevar_registry'vc.
Prover result is: Valid (0.02s, 147298 steps).

File "/home/fabrice/git/pycsl/scratchpad/.pycsl_afaljp5k.mlw", line 2363, characters 15-19:
Sub-goal postcondition of goal pycsltojsonemitter___collect_typevar_registry'vc.
Prover result is: Valid (0.01s, 11199 steps).

File "/home/fabrice/git/pycsl/scratchpad/.pycsl_afaljp5k.mlw", line 2423, characters 15-19:
Sub-goal postcondition of goal pycsltojsonemitter___py_op_to_str'vc.
Prover result is: Valid (0.01s, 11103 steps).

File "/home/fabrice/git/pycsl/scratchpad/.pycsl_afaljp5k.mlw", line 2434, characters 15-19:
Sub-goal postcondition of goal pycsltojsonemitter___py_expr_constant'vc.
Prover result is: Valid (0.01s, 11145 steps).

File "/home/fabrice/git/pycsl/scratchpad/.pycsl_afaljp5k.mlw", line 2434, characters 15-19:
Sub-goal postcondition of goal pycsltojsonemitter___py_expr_constant'vc.
Prover result is: Valid (0.01s, 11251 steps).

File "/home/fabrice/git/pycsl/scratchpad/.pycsl_afaljp5k.mlw", line 2434, characters 15-19:
Sub-goal postcondition of goal pycsltojsonemitter___py_expr_constant'vc.
Prover result is: Valid (0.01s, 11239 steps).

File "/home/fabrice/git/pycsl/scratchpad/.pycsl_afaljp5k.mlw", line 2434, characters 15-19:
Sub-goal postcondition of goal pycsltojsonemitter___py_expr_constant'vc.
Prover result is: Valid (0.01s, 11712 steps).

File "/home/fabrice/git/pycsl/scratchpad/.pycsl_afaljp5k.mlw", line 2434, characters 15-19:
Sub-goal postcondition of goal pycsltojsonemitter___py_expr_constant'vc.
Prover result is: Valid (0.01s, 11327 steps).

File "/home/fabrice/git/pycsl/scratchpad/.pycsl_afaljp5k.mlw", line 2434, characters 15-19:
Sub-goal postcondition of goal pycsltojsonemitter___py_expr_constant'vc.
Prover result is: Valid (0.01s, 11500 steps).

File "/home/fabrice/git/pycsl/scratchpad/.pycsl_afaljp5k.mlw", line 2434, characters 15-19:
Sub-goal postcondition of goal pycsltojsonemitter___py_expr_constant'vc.
Prover result is: Valid (0.01s, 11377 steps).

File "/home/fabrice/git/pycsl/scratchpad/.pycsl_afaljp5k.mlw", line 2471, characters 15-19:
Sub-goal postcondition of goal pycsltojsonemitter___py_expr_name'vc.
Prover result is: Valid (0.01s, 11112 steps).

File "/home/fabrice/git/pycsl/scratchpad/.pycsl_afaljp5k.mlw", line 2471, characters 15-19:
Sub-goal postcondition of goal pycsltojsonemitter___py_expr_name'vc.
Prover result is: Valid (0.01s, 11123 steps).

File "/home/fabrice/git/pycsl/scratchpad/.pycsl_afaljp5k.mlw", line 2471, characters 15-19:
Sub-goal postcondition of goal pycsltojsonemitter___py_expr_name'vc.
Prover result is: Valid (0.01s, 11127 steps).

File "/home/fabrice/git/pycsl/scratchpad/.pycsl_afaljp5k.mlw", line 2494, characters 30-92:
Sub-goal precondition of goal pycsltojsonemitter___py_expr_walrus'vc.
Prover result is: Valid (0.01s, 11234 steps).

File "/home/fabrice/git/pycsl/scratchpad/.pycsl_afaljp5k.mlw", line 2488, characters 15-19:
Sub-goal postcondition of goal pycsltojsonemitter___py_expr_walrus'vc.
Prover result is: Valid (0.01s, 11234 steps).

File "/home/fabrice/git/pycsl/scratchpad/.pycsl_afaljp5k.mlw", line 2501, characters 72-134:
Sub-goal precondition of goal pycsltojsonemitter___py_expr_unaryop'vc.
Prover result is: Valid (0.01s, 11103 steps).

File "/home/fabrice/git/pycsl/scratchpad/.pycsl_afaljp5k.mlw", line 2501, characters 15-71:
Sub-goal precondition of goal pycsltojsonemitter___py_expr_unaryop'vc.
Prover result is: Valid (0.01s, 11103 steps).

File "/home/fabrice/git/pycsl/scratchpad/.pycsl_afaljp5k.mlw", line 2497, characters 15-19:
Sub-goal postcondition of goal pycsltojsonemitter___py_expr_unaryop'vc.
Prover result is: Valid (0.01s, 11103 steps).

File "/home/fabrice/git/pycsl/scratchpad/.pycsl_afaljp5k.mlw", line 2504, characters 15-19:
Sub-goal postcondition of goal pycsltojsonemitter___py_expr_tuple'vc.
Prover result is: Valid (0.01s, 11616 steps).

File "/home/fabrice/git/pycsl/scratchpad/.pycsl_afaljp5k.mlw", line 2517, characters 13-75:
Sub-goal precondition of goal pycsltojsonemitter___py_expr_subscript'vc.
Prover result is: Valid (0.01s, 11103 steps).

File "/home/fabrice/git/pycsl/scratchpad/.pycsl_afaljp5k.mlw", line 2518, characters 16-68:
Sub-goal precondition of goal pycsltojsonemitter___py_expr_subscript'vc.
Prover result is: Valid (0.01s, 11103 steps).

File "/home/fabrice/git/pycsl/scratchpad/.pycsl_afaljp5k.mlw", line 2510, characters 15-19:
Sub-goal postcondition of goal pycsltojsonemitter___py_expr_subscript'vc.
Prover result is: Valid (0.01s, 15151 steps).

File "/home/fabrice/git/pycsl/scratchpad/.pycsl_afaljp5k.mlw", line 2510, characters 15-19:
Sub-goal postcondition of goal pycsltojsonemitter___py_expr_subscript'vc.
Prover result is: Valid (0.01s, 15155 steps).

File "/home/fabrice/git/pycsl/scratchpad/.pycsl_afaljp5k.mlw", line 2531, characters 15-75:
Sub-goal precondition of goal pycsltojsonemitter___py_expr_starred'vc.
Prover result is: Valid (0.01s, 11103 steps).

File "/home/fabrice/git/pycsl/scratchpad/.pycsl_afaljp5k.mlw", line 2527, characters 15-19:
Sub-goal postcondition of goal pycsltojsonemitter___py_expr_starred'vc.
Prover result is: Valid (0.01s, 11103 steps).

File "/home/fabrice/git/pycsl/scratchpad/.pycsl_afaljp5k.mlw", line 2538, characters 293-337:
Sub-goal precondition of goal pycsltojsonemitter___py_expr_slice'vc.
Prover result is: Valid (0.01s, 11116 steps).

File "/home/fabrice/git/pycsl/scratchpad/.pycsl_afaljp5k.mlw", line 2538, characters 178-222:
Sub-goal precondition of goal pycsltojsonemitter___py_expr_slice'vc.
Prover result is: Valid (0.01s, 11129 steps).

File "/home/fabrice/git/pycsl/scratchpad/.pycsl_afaljp5k.mlw", line 2538, characters 62-106:
Sub-goal precondition of goal pycsltojsonemitter___py_expr_slice'vc.
Prover result is: Valid (0.01s, 11142 steps).

File "/home/fabrice/git/pycsl/scratchpad/.pycsl_afaljp5k.mlw", line 2534, characters 15-19:
Sub-goal postcondition of goal pycsltojsonemitter___py_expr_slice'vc.
Prover result is: Valid (0.01s, 11142 steps).

File "/home/fabrice/git/pycsl/scratchpad/.pycsl_afaljp5k.mlw", line 2534, characters 15-19:
Sub-goal postcondition of goal pycsltojsonemitter___py_expr_slice'vc.
Prover result is: Valid (0.01s, 11138 steps).

File "/home/fabrice/git/pycsl/scratchpad/.pycsl_afaljp5k.mlw", line 2538, characters 62-106:
Sub-goal precondition of goal pycsltojsonemitter___py_expr_slice'vc.
Prover result is: Valid (0.01s, 11138 steps).

File "/home/fabrice/git/pycsl/scratchpad/.pycsl_afaljp5k.mlw", line 2534, characters 15-19:
Sub-goal postcondition of goal pycsltojsonemitter___py_expr_slice'vc.
Prover result is: Valid (0.01s, 11138 steps).

File "/home/fabrice/git/pycsl/scratchpad/.pycsl_afaljp5k.mlw", line 2534, characters 15-19:
Sub-goal postcondition of goal pycsltojsonemitter___py_expr_slice'vc.
Prover result is: Valid (0.01s, 11134 steps).

File "/home/fabrice/git/pycsl/scratchpad/.pycsl_afaljp5k.mlw", line 2538, characters 178-222:
Sub-goal precondition of goal pycsltojsonemitter___py_expr_slice'vc.
Prover result is: Valid (0.00s, 11125 steps).

File "/home/fabrice/git/pycsl/scratchpad/.pycsl_afaljp5k.mlw", line 2538, characters 62-106:
Sub-goal precondition of goal pycsltojsonemitter___py_expr_slice'vc.
Prover result is: Valid (0.00s, 11138 steps).

File "/home/fabrice/git/pycsl/scratchpad/.pycsl_afaljp5k.mlw", line 2534, characters 15-19:
Sub-goal postcondition of goal pycsltojsonemitter___py_expr_slice'vc.
Prover result is: Valid (0.01s, 11138 steps).

File "/home/fabrice/git/pycsl/scratchpad/.pycsl_afaljp5k.mlw", line 2534, characters 15-19:
Sub-goal postcondition of goal pycsltojsonemitter___py_expr_slice'vc.
Prover result is: Valid (0.01s, 11134 steps).

File "/home/fabrice/git/pycsl/scratchpad/.pycsl_afaljp5k.mlw", line 2538, characters 62-106:
Sub-goal precondition of goal pycsltojsonemitter___py_expr_slice'vc.
Prover result is: Valid (0.01s, 11134 steps).

File "/home/fabrice/git/pycsl/scratchpad/.pycsl_afaljp5k.mlw", line 2534, characters 15-19:
Sub-goal postcondition of goal pycsltojsonemitter___py_expr_slice'vc.
Prover result is: Valid (0.01s, 11134 steps).

File "/home/fabrice/git/pycsl/scratchpad/.pycsl_afaljp5k.mlw", line 2534, characters 15-19:
Sub-goal postcondition of goal pycsltojsonemitter___py_expr_slice'vc.
Prover result is: Valid (0.01s, 11130 steps).

File "/home/fabrice/git/pycsl/scratchpad/.pycsl_afaljp5k.mlw", line 2541, characters 15-19:
Sub-goal postcondition of goal pycsltojsonemitter___py_expr_setcomp'vc.
Prover result is: Valid (0.01s, 11108 steps).

File "/home/fabrice/git/pycsl/scratchpad/.pycsl_afaljp5k.mlw", line 2546, characters 15-19:
Sub-goal postcondition of goal pycsltojsonemitter___py_expr_set'vc.
Prover result is: Valid (0.01s, 11608 steps).

File "/home/fabrice/git/pycsl/scratchpad/.pycsl_afaljp5k.mlw", line 2552, characters 15-19:
Sub-goal postcondition of goal pycsltojsonemitter___py_expr_listcomp'vc.
Prover result is: Valid (0.00s, 11108 steps).

File "/home/fabrice/git/pycsl/scratchpad/.pycsl_afaljp5k.mlw", line 2557, characters 15-19:
Sub-goal postcondition of goal pycsltojsonemitter___py_expr_list'vc.
Prover result is: Valid (0.01s, 11616 steps).

File "/home/fabrice/git/pycsl/scratchpad/.pycsl_afaljp5k.mlw", line 2563, characters 15-19:
Sub-goal postcondition of goal pycsltojsonemitter___py_expr_lambda'vc.
Prover result is: Valid (0.01s, 11259 steps).

File "/home/fabrice/git/pycsl/scratchpad/.pycsl_afaljp5k.mlw", line 2572, characters 128-187:
Sub-goal precondition of goal pycsltojsonemitter___py_expr_ifexp'vc.
Prover result is: Valid (0.01s, 11103 steps).

File "/home/fabrice/git/pycsl/scratchpad/.pycsl_afaljp5k.mlw", line 2572, characters 70-127:
Sub-goal precondition of goal pycsltojsonemitter___py_expr_ifexp'vc.
Prover result is: Valid (0.01s, 11103 steps).

File "/home/fabrice/git/pycsl/scratchpad/.pycsl_afaljp5k.mlw", line 2572, characters 12-69:
Sub-goal precondition of goal pycsltojsonemitter___py_expr_ifexp'vc.
Prover result is: Valid (0.00s, 11103 steps).

File "/home/fabrice/git/pycsl/scratchpad/.pycsl_afaljp5k.mlw", line 2568, characters 15-19:
Sub-goal postcondition of goal pycsltojsonemitter___py_expr_ifexp'vc.
Prover result is: Valid (0.01s, 11103 steps).

File "/home/fabrice/git/pycsl/scratchpad/.pycsl_afaljp5k.mlw", line 2575, characters 15-19:
Sub-goal postcondition of goal pycsltojsonemitter___py_expr_genexp'vc.
Prover result is: Valid (0.01s, 11108 steps).

File "/home/fabrice/git/pycsl/scratchpad/.pycsl_afaljp5k.mlw", line 2580, characters 15-19:
Sub-goal postcondition of goal pycsltojsonemitter___py_expr_dictcomp'vc.
Prover result is: Valid (0.00s, 11108 steps).

File "/home/fabrice/git/pycsl/scratchpad/.pycsl_afaljp5k.mlw", line 2585, characters 15-19:
Sub-goal postcondition of goal pycsltojsonemitter___py_expr_dict'vc.
Prover result is: Valid (0.01s, 11328 steps).

File "/home/fabrice/git/pycsl/scratchpad/.pycsl_afaljp5k.mlw", line 2592, characters 13-76:
Sub-goal precondition of goal pycsltojsonemitter___py_expr_compare'vc.
Prover result is: Valid (0.01s, 11108 steps).

File "/home/fabrice/git/pycsl/scratchpad/.pycsl_afaljp5k.mlw", line 2590, characters 15-19:
Sub-goal postcondition of goal pycsltojsonemitter___py_expr_compare'vc.
Prover result is: Valid (0.01s, 11108 steps).

File "/home/fabrice/git/pycsl/scratchpad/.pycsl_afaljp5k.mlw", line 2595, characters 15-19:
Sub-goal postcondition of goal pycsltojsonemitter___py_expr_boolop'vc.
Prover result is: Valid (0.01s, 11117 steps).

File "/home/fabrice/git/pycsl/scratchpad/.pycsl_afaljp5k.mlw", line 2595, characters 15-19:
Sub-goal postcondition of goal pycsltojsonemitter___py_expr_boolop'vc.
Prover result is: Valid (0.01s, 11121 steps).

File "/home/fabrice/git/pycsl/scratchpad/.pycsl_afaljp5k.mlw", line 2605, characters 126-184:
Sub-goal precondition of goal pycsltojsonemitter___py_expr_binop'vc.
Prover result is: Valid (0.01s, 11103 steps).

File "/home/fabrice/git/pycsl/scratchpad/.pycsl_afaljp5k.mlw", line 2605, characters 68-125:
Sub-goal precondition of goal pycsltojsonemitter___py_expr_binop'vc.
Prover result is: Valid (0.01s, 11103 steps).

File "/home/fabrice/git/pycsl/scratchpad/.pycsl_afaljp5k.mlw", line 2605, characters 13-67:
Sub-goal precondition of goal pycsltojsonemitter___py_expr_binop'vc.
Prover result is: Valid (0.01s, 11103 steps).

File "/home/fabrice/git/pycsl/scratchpad/.pycsl_afaljp5k.mlw", line 2601, characters 15-19:
Sub-goal postcondition of goal pycsltojsonemitter___py_expr_binop'vc.
Prover result is: Valid (0.01s, 11103 steps).

File "/home/fabrice/git/pycsl/scratchpad/.pycsl_afaljp5k.mlw", line 2608, characters 15-19:
Sub-goal postcondition of goal pycsltojsonemitter___py_expr_attribute'vc.
Prover result is: Valid (0.01s, 11274 steps).

File "/home/fabrice/git/pycsl/scratchpad/.pycsl_afaljp5k.mlw", line 2617, characters 16-78:
Sub-goal precondition of goal pycsltojsonemitter___py_expr_attribute'vc.
Prover result is: Valid (0.01s, 11272 steps).

File "/home/fabrice/git/pycsl/scratchpad/.pycsl_afaljp5k.mlw", line 2608, characters 15-19:
Sub-goal postcondition of goal pycsltojsonemitter___py_expr_attribute'vc.
Prover result is: Valid (0.01s, 11272 steps).

File "/home/fabrice/git/pycsl/scratchpad/.pycsl_afaljp5k.mlw", line 2626, characters 21-62:
Sub-goal precondition of goal pycsltojsonemitter___py_expr_to_ir'vc.
Prover result is: Valid (0.00s, 11537 steps).

File "/home/fabrice/git/pycsl/scratchpad/.pycsl_afaljp5k.mlw", line 2623, characters 15-19:
Sub-goal postcondition of goal pycsltojsonemitter___py_expr_to_ir'vc.
Prover result is: Valid (0.00s, 11537 steps).

File "/home/fabrice/git/pycsl/scratchpad/.pycsl_afaljp5k.mlw", line 2627, characters 25-70:
Sub-goal precondition of goal pycsltojsonemitter___py_expr_to_ir'vc.
Prover result is: Valid (0.01s, 11537 steps).

File "/home/fabrice/git/pycsl/scratchpad/.pycsl_afaljp5k.mlw", line 2623, characters 15-19:
Sub-goal postcondition of goal pycsltojsonemitter___py_expr_to_ir'vc.
Prover result is: Valid (0.01s, 11537 steps).

File "/home/fabrice/git/pycsl/scratchpad/.pycsl_afaljp5k.mlw", line 2628, characters 24-68:
Sub-goal precondition of goal pycsltojsonemitter___py_expr_to_ir'vc.
Prover result is: Valid (0.01s, 11537 steps).

File "/home/fabrice/git/pycsl/scratchpad/.pycsl_afaljp5k.mlw", line 2628, characters 24-68:
Sub-goal termination of goal pycsltojsonemitter___py_expr_to_ir'vc.
Prover result is: Timeout (30.00s, 60074652 steps).

File "/home/fabrice/git/pycsl/scratchpad/.pycsl_afaljp5k.mlw", line 2623, characters 15-19:
Sub-goal postcondition of goal pycsltojsonemitter___py_expr_to_ir'vc.
Prover result is: Valid (0.01s, 11537 steps).

File "/home/fabrice/git/pycsl/scratchpad/.pycsl_afaljp5k.mlw", line 2629, characters 22-64:
Sub-goal precondition of goal pycsltojsonemitter___py_expr_to_ir'vc.
Prover result is: Valid (0.01s, 11537 steps).

File "/home/fabrice/git/pycsl/scratchpad/.pycsl_afaljp5k.mlw", line 2629, characters 22-64:
Sub-goal termination of goal pycsltojsonemitter___py_expr_to_ir'vc.
Prover result is: Timeout (30.00s, 59788648 steps).

File "/home/fabrice/git/pycsl/scratchpad/.pycsl_afaljp5k.mlw", line 2623, characters 15-19:
Sub-goal postcondition of goal pycsltojsonemitter___py_expr_to_ir'vc.
Prover result is: Valid (0.01s, 11537 steps).

File "/home/fabrice/git/pycsl/scratchpad/.pycsl_afaljp5k.mlw", line 2630, characters 24-68:
Sub-goal precondition of goal pycsltojsonemitter___py_expr_to_ir'vc.
Prover result is: Valid (0.01s, 11537 steps).

File "/home/fabrice/git/pycsl/scratchpad/.pycsl_afaljp5k.mlw", line 2623, characters 15-19:
Sub-goal postcondition of goal pycsltojsonemitter___py_expr_to_ir'vc.
Prover result is: Valid (0.01s, 11537 steps).

File "/home/fabrice/git/pycsl/scratchpad/.pycsl_afaljp5k.mlw", line 2631, characters 23-66:
Sub-goal precondition of goal pycsltojsonemitter___py_expr_to_ir'vc.
Prover result is: Valid (0.01s, 11537 steps).

File "/home/fabrice/git/pycsl/scratchpad/.pycsl_afaljp5k.mlw", line 2623, characters 15-19:
Sub-goal postcondition of goal pycsltojsonemitter___py_expr_to_ir'vc.
Prover result is: Valid (0.01s, 11537 steps).

File "/home/fabrice/git/pycsl/scratchpad/.pycsl_afaljp5k.mlw", line 2632, characters 21-62:
Sub-goal precondition of goal pycsltojsonemitter___py_expr_to_ir'vc.
Prover result is: Valid (0.00s, 11537 steps).

File "/home/fabrice/git/pycsl/scratchpad/.pycsl_afaljp5k.mlw", line 2623, characters 15-19:
Sub-goal postcondition of goal pycsltojsonemitter___py_expr_to_ir'vc.
Prover result is: Valid (0.01s, 11537 steps).

File "/home/fabrice/git/pycsl/scratchpad/.pycsl_afaljp5k.mlw", line 2633, characters 22-64:
Sub-goal precondition of goal pycsltojsonemitter___py_expr_to_ir'vc.
Prover result is: Valid (0.01s, 11537 steps).

File "/home/fabrice/git/pycsl/scratchpad/.pycsl_afaljp5k.mlw", line 2623, characters 15-19:
Sub-goal postcondition of goal pycsltojsonemitter___py_expr_to_ir'vc.
Prover result is: Valid (0.01s, 11537 steps).

File "/home/fabrice/git/pycsl/scratchpad/.pycsl_afaljp5k.mlw", line 2634, characters 26-72:
Sub-goal precondition of goal pycsltojsonemitter___py_expr_to_ir'vc.
Prover result is: Valid (0.01s, 11537 steps).

File "/home/fabrice/git/pycsl/scratchpad/.pycsl_afaljp5k.mlw", line 2634, characters 26-72:
Sub-goal termination of goal pycsltojsonemitter___py_expr_to_ir'vc.
Prover result is: Timeout (30.00s, 60526381 steps).

File "/home/fabrice/git/pycsl/scratchpad/.pycsl_afaljp5k.mlw", line 2623, characters 15-19:
Sub-goal postcondition of goal pycsltojsonemitter___py_expr_to_ir'vc.
Prover result is: Valid (0.01s, 11537 steps).

File "/home/fabrice/git/pycsl/scratchpad/.pycsl_afaljp5k.mlw", line 2635, characters 21-62:
Sub-goal precondition of goal pycsltojsonemitter___py_expr_to_ir'vc.
Prover result is: Valid (0.01s, 11537 steps).

File "/home/fabrice/git/pycsl/scratchpad/.pycsl_afaljp5k.mlw", line 2623, characters 15-19:
Sub-goal postcondition of goal pycsltojsonemitter___py_expr_to_ir'vc.
Prover result is: Valid (0.01s, 11537 steps).

File "/home/fabrice/git/pycsl/scratchpad/.pycsl_afaljp5k.mlw", line 2636, characters 26-72:
Sub-goal precondition of goal pycsltojsonemitter___py_expr_to_ir'vc.
Prover result is: Valid (0.01s, 11537 steps).

File "/home/fabrice/git/pycsl/scratchpad/.pycsl_afaljp5k.mlw", line 2636, characters 26-72:
Sub-goal termination of goal pycsltojsonemitter___py_expr_to_ir'vc.
Prover result is: Timeout (30.00s, 64225099 steps).

File "/home/fabrice/git/pycsl/scratchpad/.pycsl_afaljp5k.mlw", line 2623, characters 15-19:
Sub-goal postcondition of goal pycsltojsonemitter___py_expr_to_ir'vc.
Prover result is: Valid (0.01s, 11537 steps).

File "/home/fabrice/git/pycsl/scratchpad/.pycsl_afaljp5k.mlw", line 2637, characters 21-62:
Sub-goal precondition of goal pycsltojsonemitter___py_expr_to_ir'vc.
Prover result is: Valid (0.01s, 11537 steps).

File "/home/fabrice/git/pycsl/scratchpad/.pycsl_afaljp5k.mlw", line 2623, characters 15-19:
Sub-goal postcondition of goal pycsltojsonemitter___py_expr_to_ir'vc.
Prover result is: Valid (0.01s, 11537 steps).

File "/home/fabrice/git/pycsl/scratchpad/.pycsl_afaljp5k.mlw", line 2638, characters 20-60:
Sub-goal precondition of goal pycsltojsonemitter___py_expr_to_ir'vc.
Prover result is: Valid (0.01s, 11537 steps).

File "/home/fabrice/git/pycsl/scratchpad/.pycsl_afaljp5k.mlw", line 2623, characters 15-19:
Sub-goal postcondition of goal pycsltojsonemitter___py_expr_to_ir'vc.
Prover result is: Valid (0.01s, 11537 steps).

File "/home/fabrice/git/pycsl/scratchpad/.pycsl_afaljp5k.mlw", line 2639, characters 29-72:
Sub-goal precondition of goal pycsltojsonemitter___py_expr_to_ir'vc.
Prover result is: Valid (0.01s, 11537 steps).

File "/home/fabrice/git/pycsl/scratchpad/.pycsl_afaljp5k.mlw", line 2623, characters 15-19:
Sub-goal postcondition of goal pycsltojsonemitter___py_expr_to_ir'vc.
Prover result is: Valid (0.01s, 11537 steps).

File "/home/fabrice/git/pycsl/scratchpad/.pycsl_afaljp5k.mlw", line 2640, characters 25-70:
Sub-goal precondition of goal pycsltojsonemitter___py_expr_to_ir'vc.
Prover result is: Valid (0.01s, 11537 steps).

File "/home/fabrice/git/pycsl/scratchpad/.pycsl_afaljp5k.mlw", line 2623, characters 15-19:
Sub-goal postcondition of goal pycsltojsonemitter___py_expr_to_ir'vc.
Prover result is: Valid (0.01s, 11537 steps).

File "/home/fabrice/git/pycsl/scratchpad/.pycsl_afaljp5k.mlw", line 2641, characters 24-68:
Sub-goal precondition of goal pycsltojsonemitter___py_expr_to_ir'vc.
Prover result is: Valid (0.00s, 11537 steps).

File "/home/fabrice/git/pycsl/scratchpad/.pycsl_afaljp5k.mlw", line 2623, characters 15-19:
Sub-goal postcondition of goal pycsltojsonemitter___py_expr_to_ir'vc.
Prover result is: Valid (0.01s, 11537 steps).

File "/home/fabrice/git/pycsl/scratchpad/.pycsl_afaljp5k.mlw", line 2642, characters 25-70:
Sub-goal precondition of goal pycsltojsonemitter___py_expr_to_ir'vc.
Prover result is: Valid (0.01s, 11537 steps).

File "/home/fabrice/git/pycsl/scratchpad/.pycsl_afaljp5k.mlw", line 2623, characters 15-19:
Sub-goal postcondition of goal pycsltojsonemitter___py_expr_to_ir'vc.
Prover result is: Valid (0.01s, 11537 steps).

File "/home/fabrice/git/pycsl/scratchpad/.pycsl_afaljp5k.mlw", line 2643, characters 26-70:
Sub-goal precondition of goal pycsltojsonemitter___py_expr_to_ir'vc.
Prover result is: Valid (0.01s, 11537 steps).

File "/home/fabrice/git/pycsl/scratchpad/.pycsl_afaljp5k.mlw", line 2623, characters 15-19:
Sub-goal postcondition of goal pycsltojsonemitter___py_expr_to_ir'vc.
Prover result is: Valid (0.01s, 11537 steps).

File "/home/fabrice/git/pycsl/scratchpad/.pycsl_afaljp5k.mlw", line 2644, characters 22-64:
Sub-goal precondition of goal pycsltojsonemitter___py_expr_to_ir'vc.
Prover result is: Valid (0.01s, 11537 steps).

File "/home/fabrice/git/pycsl/scratchpad/.pycsl_afaljp5k.mlw", line 2644, characters 22-64:
Sub-goal termination of goal pycsltojsonemitter___py_expr_to_ir'vc.
Prover result is: Timeout (30.00s, 60592356 steps).

File "/home/fabrice/git/pycsl/scratchpad/.pycsl_afaljp5k.mlw", line 2623, characters 15-19:
Sub-goal postcondition of goal pycsltojsonemitter___py_expr_to_ir'vc.
Prover result is: Valid (0.01s, 11537 steps).

File "/home/fabrice/git/pycsl/scratchpad/.pycsl_afaljp5k.mlw", line 2645, characters 24-68:
Sub-goal precondition of goal pycsltojsonemitter___py_expr_to_ir'vc.
Prover result is: Valid (0.01s, 11537 steps).

File "/home/fabrice/git/pycsl/scratchpad/.pycsl_afaljp5k.mlw", line 2645, characters 24-68:
Sub-goal termination of goal pycsltojsonemitter___py_expr_to_ir'vc.
Prover result is: Timeout (30.00s, 57542604 steps).

File "/home/fabrice/git/pycsl/scratchpad/.pycsl_afaljp5k.mlw", line 2623, characters 15-19:
Sub-goal postcondition of goal pycsltojsonemitter___py_expr_to_ir'vc.
Prover result is: Valid (0.01s, 11537 steps).

File "/home/fabrice/git/pycsl/scratchpad/.pycsl_afaljp5k.mlw", line 2646, characters 26-69:
Sub-goal precondition of goal pycsltojsonemitter___py_expr_to_ir'vc.
Prover result is: Valid (0.01s, 11537 steps).

File "/home/fabrice/git/pycsl/scratchpad/.pycsl_afaljp5k.mlw", line 2646, characters 26-69:
Sub-goal termination of goal pycsltojsonemitter___py_expr_to_ir'vc.
Prover result is: Timeout (30.00s, 59179482 steps).

File "/home/fabrice/git/pycsl/scratchpad/.pycsl_afaljp5k.mlw", line 2623, characters 15-19:
Sub-goal postcondition of goal pycsltojsonemitter___py_expr_to_ir'vc.
Prover result is: Valid (0.01s, 11537 steps).

File "/home/fabrice/git/pycsl/scratchpad/.pycsl_afaljp5k.mlw", line 2647, characters 23-66:
Sub-goal precondition of goal pycsltojsonemitter___py_expr_to_ir'vc.
Prover result is: Valid (0.01s, 11537 steps).

File "/home/fabrice/git/pycsl/scratchpad/.pycsl_afaljp5k.mlw", line 2623, characters 15-19:
Sub-goal postcondition of goal pycsltojsonemitter___py_expr_to_ir'vc.
Prover result is: Valid (0.01s, 11537 steps).

File "/home/fabrice/git/pycsl/scratchpad/.pycsl_afaljp5k.mlw", line 2648, characters 22-64:
Sub-goal precondition of goal pycsltojsonemitter___py_expr_to_ir'vc.
Prover result is: Valid (0.01s, 11537 steps).

File "/home/fabrice/git/pycsl/scratchpad/.pycsl_afaljp5k.mlw", line 2648, characters 22-64:
Sub-goal termination of goal pycsltojsonemitter___py_expr_to_ir'vc.
Prover result is: Timeout (30.00s, 207491389 steps).

File "/home/fabrice/git/pycsl/scratchpad/.pycsl_afaljp5k.mlw", line 2623, characters 15-19:
Sub-goal postcondition of goal pycsltojsonemitter___py_expr_to_ir'vc.
Prover result is: Valid (0.01s, 11537 steps).

File "/home/fabrice/git/pycsl/scratchpad/.pycsl_afaljp5k.mlw", line 2623, characters 15-19:
Sub-goal postcondition of goal pycsltojsonemitter___py_expr_to_ir'vc.
Prover result is: Valid (0.01s, 11533 steps).

File "/home/fabrice/git/pycsl/scratchpad/.pycsl_afaljp5k.mlw", line 2653, characters 15-19:
Sub-goal postcondition of goal pycsltojsonemitter___comprehension_generators_to_ir'vc.
Prover result is: Valid (0.01s, 11283 steps).

File "/home/fabrice/git/pycsl/scratchpad/.pycsl_afaljp5k.mlw", line 2660, characters 15-19:
Sub-goal postcondition of goal pycsltojsonemitter___csl_append'vc.
Prover result is: Valid (0.01s, 11103 steps).

File "/home/fabrice/git/pycsl/scratchpad/.pycsl_afaljp5k.mlw", line 2667, characters 15-19:
Sub-goal postcondition of goal pycsltojsonemitter___csl_array_eq'vc.
Prover result is: Valid (0.01s, 11103 steps).

File "/home/fabrice/git/pycsl/scratchpad/.pycsl_afaljp5k.mlw", line 2674, characters 15-19:
Sub-goal postcondition of goal pycsltojsonemitter___csl_array_length'vc.
Prover result is: Valid (0.01s, 11103 steps).

File "/home/fabrice/git/pycsl/scratchpad/.pycsl_afaljp5k.mlw", line 2681, characters 15-19:
Sub-goal postcondition of goal pycsltojsonemitter___csl_assigns_region'vc.
Prover result is: Valid (0.01s, 11103 steps).

File "/home/fabrice/git/pycsl/scratchpad/.pycsl_afaljp5k.mlw", line 2688, characters 15-19:
Sub-goal postcondition of goal pycsltojsonemitter___csl_at'vc.
Prover result is: Valid (0.01s, 11103 steps).

File "/home/fabrice/git/pycsl/scratchpad/.pycsl_afaljp5k.mlw", line 2695, characters 15-19:
Sub-goal postcondition of goal pycsltojsonemitter___csl_binop'vc.
Prover result is: Valid (0.00s, 11103 steps).

File "/home/fabrice/git/pycsl/scratchpad/.pycsl_afaljp5k.mlw", line 2702, characters 15-19:
Sub-goal postcondition of goal pycsltojsonemitter___csl_bool'vc.
Prover result is: Valid (0.01s, 11103 steps).

File "/home/fabrice/git/pycsl/scratchpad/.pycsl_afaljp5k.mlw", line 2709, characters 15-19:
Sub-goal postcondition of goal pycsltojsonemitter___csl_call_expr'vc.
Prover result is: Valid (0.01s, 11616 steps).

File "/home/fabrice/git/pycsl/scratchpad/.pycsl_afaljp5k.mlw", line 2716, characters 15-19:
Sub-goal postcondition of goal pycsltojsonemitter___csl_chained_subscript'vc.
Prover result is: Valid (0.01s, 11120 steps).

File "/home/fabrice/git/pycsl/scratchpad/.pycsl_afaljp5k.mlw", line 2725, characters 15-19:
Sub-goal postcondition of goal pycsltojsonemitter___csl_cons'vc.
Prover result is: Valid (0.01s, 11103 steps).

File "/home/fabrice/git/pycsl/scratchpad/.pycsl_afaljp5k.mlw", line 2732, characters 15-19:
Sub-goal postcondition of goal pycsltojsonemitter___csl_contract_wrapper'vc.
Prover result is: Valid (0.01s, 11103 steps).

File "/home/fabrice/git/pycsl/scratchpad/.pycsl_afaljp5k.mlw", line 2739, characters 15-19:
Sub-goal postcondition of goal pycsltojsonemitter___csl_ctor_payload'vc.
Prover result is: Valid (0.01s, 11103 steps).

File "/home/fabrice/git/pycsl/scratchpad/.pycsl_afaljp5k.mlw", line 2746, characters 15-19:
Sub-goal postcondition of goal pycsltojsonemitter___csl_ctor_test'vc.
Prover result is: Valid (0.01s, 11103 steps).

File "/home/fabrice/git/pycsl/scratchpad/.pycsl_afaljp5k.mlw", line 2753, characters 15-19:
Sub-goal postcondition of goal pycsltojsonemitter___csl_exists'vc.
Prover result is: Valid (0.01s, 11161 steps).

File "/home/fabrice/git/pycsl/scratchpad/.pycsl_afaljp5k.mlw", line 2760, characters 15-19:
Sub-goal postcondition of goal pycsltojsonemitter___csl_field_access'vc.
Prover result is: Valid (0.01s, 11112 steps).

File "/home/fabrice/git/pycsl/scratchpad/.pycsl_afaljp5k.mlw", line 2760, characters 15-19:
Sub-goal postcondition of goal pycsltojsonemitter___csl_field_access'vc.
Prover result is: Valid (0.01s, 11127 steps).

File "/home/fabrice/git/pycsl/scratchpad/.pycsl_afaljp5k.mlw", line 2760, characters 15-19:
Sub-goal postcondition of goal pycsltojsonemitter___csl_field_access'vc.
Prover result is: Valid (0.01s, 11123 steps).

File "/home/fabrice/git/pycsl/scratchpad/.pycsl_afaljp5k.mlw", line 2777, characters 15-19:
Sub-goal postcondition of goal pycsltojsonemitter___csl_field_subscript'vc.
Prover result is: Valid (0.01s, 11103 steps).

File "/home/fabrice/git/pycsl/scratchpad/.pycsl_afaljp5k.mlw", line 2784, characters 15-19:
Sub-goal postcondition of goal pycsltojsonemitter___csl_forall'vc.
Prover result is: Valid (0.01s, 11161 steps).

File "/home/fabrice/git/pycsl/scratchpad/.pycsl_afaljp5k.mlw", line 2791, characters 15-19:
Sub-goal postcondition of goal pycsltojsonemitter___csl_forall_items'vc.
Prover result is: Valid (0.01s, 11103 steps).

File "/home/fabrice/git/pycsl/scratchpad/.pycsl_afaljp5k.mlw", line 2798, characters 15-19:
Sub-goal postcondition of goal pycsltojsonemitter___csl_fst'vc.
Prover result is: Valid (0.01s, 11103 steps).

File "/home/fabrice/git/pycsl/scratchpad/.pycsl_afaljp5k.mlw", line 2805, characters 15-19:
Sub-goal postcondition of goal pycsltojsonemitter___csl_function_variant'vc.
Prover result is: Valid (0.01s, 11117 steps).

File "/home/fabrice/git/pycsl/scratchpad/.pycsl_afaljp5k.mlw", line 2805, characters 15-19:
Sub-goal postcondition of goal pycsltojsonemitter___csl_function_variant'vc.
Prover result is: Valid (0.01s, 11112 steps).

File "/home/fabrice/git/pycsl/scratchpad/.pycsl_afaljp5k.mlw", line 2812, characters 15-19:
Sub-goal postcondition of goal pycsltojsonemitter___csl_ghost_copy'vc.
Prover result is: Valid (0.01s, 11103 steps).

File "/home/fabrice/git/pycsl/scratchpad/.pycsl_afaljp5k.mlw", line 2819, characters 15-19:
Sub-goal postcondition of goal pycsltojsonemitter___csl_ghost_copy_range'vc.
Prover result is: Valid (0.01s, 11103 steps).

File "/home/fabrice/git/pycsl/scratchpad/.pycsl_afaljp5k.mlw", line 2826, characters 15-19:
Sub-goal postcondition of goal pycsltojsonemitter___csl_ghost_make'vc.
Prover result is: Valid (0.01s, 11103 steps).

File "/home/fabrice/git/pycsl/scratchpad/.pycsl_afaljp5k.mlw", line 2833, characters 15-19:
Sub-goal postcondition of goal pycsltojsonemitter___csl_global_field_subscript'vc.
Prover result is: Valid (0.01s, 11103 steps).

File "/home/fabrice/git/pycsl/scratchpad/.pycsl_afaljp5k.mlw", line 2840, characters 15-19:
Sub-goal postcondition of goal pycsltojsonemitter___csl_has_key'vc.
Prover result is: Valid (0.01s, 11103 steps).

File "/home/fabrice/git/pycsl/scratchpad/.pycsl_afaljp5k.mlw", line 2847, characters 15-19:
Sub-goal postcondition of goal pycsltojsonemitter___csl_hd'vc.
Prover result is: Valid (0.01s, 11103 steps).

File "/home/fabrice/git/pycsl/scratchpad/.pycsl_afaljp5k.mlw", line 2859, characters 15-19:
Sub-goal postcondition of goal pycsltojsonemitter___csl_in_globals'vc.
Prover result is: Valid (0.01s, 11103 steps).

File "/home/fabrice/git/pycsl/scratchpad/.pycsl_afaljp5k.mlw", line 2866, characters 15-19:
Sub-goal postcondition of goal pycsltojsonemitter___csl_in_scope'vc.
Prover result is: Valid (0.01s, 11103 steps).

File "/home/fabrice/git/pycsl/scratchpad/.pycsl_afaljp5k.mlw", line 2873, characters 15-19:
Sub-goal postcondition of goal pycsltojsonemitter___csl_is_sorted'vc.
Prover result is: Valid (0.01s, 11103 steps).

File "/home/fabrice/git/pycsl/scratchpad/.pycsl_afaljp5k.mlw", line 2880, characters 15-19:
Sub-goal postcondition of goal pycsltojsonemitter___csl_length2d'vc.
Prover result is: Valid (0.01s, 11103 steps).

File "/home/fabrice/git/pycsl/scratchpad/.pycsl_afaljp5k.mlw", line 2887, characters 15-19:
Sub-goal postcondition of goal pycsltojsonemitter___csl_list_length'vc.
Prover result is: Valid (0.01s, 11103 steps).

File "/home/fabrice/git/pycsl/scratchpad/.pycsl_afaljp5k.mlw", line 2898, characters 15-19:
Sub-goal postcondition of goal pycsltojsonemitter___csl_map_empty'vc.
Prover result is: Valid (0.01s, 11103 steps).

File "/home/fabrice/git/pycsl/scratchpad/.pycsl_afaljp5k.mlw", line 2905, characters 15-19:
Sub-goal postcondition of goal pycsltojsonemitter___csl_map_eq'vc.
Prover result is: Valid (0.01s, 11103 steps).

File "/home/fabrice/git/pycsl/scratchpad/.pycsl_afaljp5k.mlw", line 2912, characters 15-19:
Sub-goal postcondition of goal pycsltojsonemitter___csl_map_get'vc.
Prover result is: Valid (0.01s, 11103 steps).

File "/home/fabrice/git/pycsl/scratchpad/.pycsl_afaljp5k.mlw", line 2919, characters 15-19:
Sub-goal postcondition of goal pycsltojsonemitter___csl_map_remove'vc.
Prover result is: Valid (0.01s, 11103 steps).

File "/home/fabrice/git/pycsl/scratchpad/.pycsl_afaljp5k.mlw", line 2926, characters 15-19:
Sub-goal postcondition of goal pycsltojsonemitter___csl_map_set'vc.
Prover result is: Valid (0.01s, 11103 steps).

File "/home/fabrice/git/pycsl/scratchpad/.pycsl_afaljp5k.mlw", line 2933, characters 15-19:
Sub-goal postcondition of goal pycsltojsonemitter___csl_mem'vc.
Prover result is: Valid (0.01s, 11103 steps).

File "/home/fabrice/git/pycsl/scratchpad/.pycsl_afaljp5k.mlw", line 2940, characters 15-19:
Sub-goal postcondition of goal pycsltojsonemitter___csl_mktuple'vc.
Prover result is: Valid (0.01s, 11608 steps).

File "/home/fabrice/git/pycsl/scratchpad/.pycsl_afaljp5k.mlw", line 2947, characters 15-19:
Sub-goal postcondition of goal pycsltojsonemitter___csl_nil'vc.
Prover result is: Valid (0.01s, 11103 steps).

File "/home/fabrice/git/pycsl/scratchpad/.pycsl_afaljp5k.mlw", line 2954, characters 15-19:
Sub-goal postcondition of goal pycsltojsonemitter___csl_none'vc.
Prover result is: Valid (0.01s, 11103 steps).

File "/home/fabrice/git/pycsl/scratchpad/.pycsl_afaljp5k.mlw", line 2961, characters 15-19:
Sub-goal postcondition of goal pycsltojsonemitter___csl_not_in'vc.
Prover result is: Valid (0.00s, 11103 steps).

File "/home/fabrice/git/pycsl/scratchpad/.pycsl_afaljp5k.mlw", line 2970, characters 15-19:
Sub-goal postcondition of goal pycsltojsonemitter___csl_nothing'vc.
Prover result is: Valid (0.01s, 11103 steps).

File "/home/fabrice/git/pycsl/scratchpad/.pycsl_afaljp5k.mlw", line 2977, characters 15-19:
Sub-goal postcondition of goal pycsltojsonemitter___csl_nth'vc.
Prover result is: Valid (0.01s, 11103 steps).

File "/home/fabrice/git/pycsl/scratchpad/.pycsl_afaljp5k.mlw", line 2984, characters 15-19:
Sub-goal postcondition of goal pycsltojsonemitter___csl_number'vc.
Prover result is: Valid (0.01s, 11103 steps).

File "/home/fabrice/git/pycsl/scratchpad/.pycsl_afaljp5k.mlw", line 2991, characters 15-19:
Sub-goal postcondition of goal pycsltojsonemitter___csl_old'vc.
Prover result is: Valid (0.01s, 11145 steps).

File "/home/fabrice/git/pycsl/scratchpad/.pycsl_afaljp5k.mlw", line 2991, characters 15-19:
Sub-goal postcondition of goal pycsltojsonemitter___csl_old'vc.
Prover result is: Valid (0.00s, 11149 steps).

File "/home/fabrice/git/pycsl/scratchpad/.pycsl_afaljp5k.mlw", line 3004, characters 15-19:
Sub-goal postcondition of goal pycsltojsonemitter___csl_permutation'vc.
Prover result is: Valid (0.01s, 11103 steps).

File "/home/fabrice/git/pycsl/scratchpad/.pycsl_afaljp5k.mlw", line 3011, characters 15-19:
Sub-goal postcondition of goal pycsltojsonemitter___csl_proj'vc.
Prover result is: Valid (0.01s, 11103 steps).

File "/home/fabrice/git/pycsl/scratchpad/.pycsl_afaljp5k.mlw", line 3022, characters 15-19:
Sub-goal postcondition of goal pycsltojsonemitter___csl_result'vc.
Prover result is: Valid (0.01s, 11103 steps).

File "/home/fabrice/git/pycsl/scratchpad/.pycsl_afaljp5k.mlw", line 3029, characters 15-19:
Sub-goal postcondition of goal pycsltojsonemitter___csl_separated'vc.
Prover result is: Valid (0.01s, 11103 steps).

File "/home/fabrice/git/pycsl/scratchpad/.pycsl_afaljp5k.mlw", line 3036, characters 15-19:
Sub-goal postcondition of goal pycsltojsonemitter___csl_set_add'vc.
Prover result is: Valid (0.01s, 11103 steps).

File "/home/fabrice/git/pycsl/scratchpad/.pycsl_afaljp5k.mlw", line 3043, characters 15-19:
Sub-goal postcondition of goal pycsltojsonemitter___csl_set_card'vc.
Prover result is: Valid (0.01s, 11103 steps).

File "/home/fabrice/git/pycsl/scratchpad/.pycsl_afaljp5k.mlw", line 3050, characters 15-19:
Sub-goal postcondition of goal pycsltojsonemitter___csl_set_diff'vc.
Prover result is: Valid (0.01s, 11103 steps).

File "/home/fabrice/git/pycsl/scratchpad/.pycsl_afaljp5k.mlw", line 3057, characters 15-19:
Sub-goal postcondition of goal pycsltojsonemitter___csl_set_empty'vc.
Prover result is: Valid (0.01s, 11103 steps).

File "/home/fabrice/git/pycsl/scratchpad/.pycsl_afaljp5k.mlw", line 3064, characters 15-19:
Sub-goal postcondition of goal pycsltojsonemitter___csl_set_eq'vc.
Prover result is: Valid (0.00s, 11103 steps).

File "/home/fabrice/git/pycsl/scratchpad/.pycsl_afaljp5k.mlw", line 3071, characters 15-19:
Sub-goal postcondition of goal pycsltojsonemitter___csl_set_inter'vc.
Prover result is: Valid (0.01s, 11103 steps).

File "/home/fabrice/git/pycsl/scratchpad/.pycsl_afaljp5k.mlw", line 3078, characters 15-19:
Sub-goal postcondition of goal pycsltojsonemitter___csl_set_mem'vc.
Prover result is: Valid (0.01s, 11103 steps).

File "/home/fabrice/git/pycsl/scratchpad/.pycsl_afaljp5k.mlw", line 3085, characters 15-19:
Sub-goal postcondition of goal pycsltojsonemitter___csl_set_remove'vc.
Prover result is: Valid (0.00s, 11103 steps).

File "/home/fabrice/git/pycsl/scratchpad/.pycsl_afaljp5k.mlw", line 3092, characters 15-19:
Sub-goal postcondition of goal pycsltojsonemitter___csl_set_subset'vc.
Prover result is: Valid (0.01s, 11103 steps).

File "/home/fabrice/git/pycsl/scratchpad/.pycsl_afaljp5k.mlw", line 3099, characters 15-19:
Sub-goal postcondition of goal pycsltojsonemitter___csl_set_union'vc.
Prover result is: Valid (0.01s, 11103 steps).

File "/home/fabrice/git/pycsl/scratchpad/.pycsl_afaljp5k.mlw", line 3106, characters 15-19:
Sub-goal postcondition of goal pycsltojsonemitter___csl_slice'vc.
Prover result is: Valid (0.01s, 11103 steps).

File "/home/fabrice/git/pycsl/scratchpad/.pycsl_afaljp5k.mlw", line 3113, characters 15-19:
Sub-goal postcondition of goal pycsltojsonemitter___csl_snd'vc.
Prover result is: Valid (0.01s, 11103 steps).

File "/home/fabrice/git/pycsl/scratchpad/.pycsl_afaljp5k.mlw", line 3120, characters 15-19:
Sub-goal postcondition of goal pycsltojsonemitter___csl_str_length'vc.
Prover result is: Valid (0.01s, 11103 steps).

File "/home/fabrice/git/pycsl/scratchpad/.pycsl_afaljp5k.mlw", line 3127, characters 15-19:
Sub-goal postcondition of goal pycsltojsonemitter___csl_str_sub'vc.
Prover result is: Valid (0.00s, 11103 steps).

File "/home/fabrice/git/pycsl/scratchpad/.pycsl_afaljp5k.mlw", line 3134, characters 15-19:
Sub-goal postcondition of goal pycsltojsonemitter___csl_strconcat'vc.
Prover result is: Valid (0.00s, 11103 steps).

File "/home/fabrice/git/pycsl/scratchpad/.pycsl_afaljp5k.mlw", line 3141, characters 15-19:
Sub-goal postcondition of goal pycsltojsonemitter___csl_string'vc.
Prover result is: Valid (0.01s, 11103 steps).

File "/home/fabrice/git/pycsl/scratchpad/.pycsl_afaljp5k.mlw", line 3148, characters 15-19:
Sub-goal postcondition of goal pycsltojsonemitter___csl_subscript'vc.
Prover result is: Valid (0.01s, 11112 steps).

File "/home/fabrice/git/pycsl/scratchpad/.pycsl_afaljp5k.mlw", line 3148, characters 15-19:
Sub-goal postcondition of goal pycsltojsonemitter___csl_subscript'vc.
Prover result is: Valid (0.01s, 11116 steps).

File "/home/fabrice/git/pycsl/scratchpad/.pycsl_afaljp5k.mlw", line 3161, characters 15-19:
Sub-goal postcondition of goal pycsltojsonemitter___csl_sum'vc.
Prover result is: Valid (0.01s, 11103 steps).

File "/home/fabrice/git/pycsl/scratchpad/.pycsl_afaljp5k.mlw", line 3168, characters 15-19:
Sub-goal postcondition of goal pycsltojsonemitter___csl_tl'vc.
Prover result is: Valid (0.01s, 11103 steps).

File "/home/fabrice/git/pycsl/scratchpad/.pycsl_afaljp5k.mlw", line 3175, characters 15-19:
Sub-goal postcondition of goal pycsltojsonemitter___csl_unaryop'vc.
Prover result is: Valid (0.01s, 11103 steps).

File "/home/fabrice/git/pycsl/scratchpad/.pycsl_afaljp5k.mlw", line 3182, characters 15-19:
Sub-goal postcondition of goal pycsltojsonemitter___csl_valid'vc.
Prover result is: Valid (0.01s, 11103 steps).

File "/home/fabrice/git/pycsl/scratchpad/.pycsl_afaljp5k.mlw", line 3189, characters 15-19:
Sub-goal postcondition of goal pycsltojsonemitter___csl_valid2d'vc.
Prover result is: Valid (0.01s, 11103 steps).

File "/home/fabrice/git/pycsl/scratchpad/.pycsl_afaljp5k.mlw", line 3196, characters 15-19:
Sub-goal postcondition of goal pycsltojsonemitter___csl_var'vc.
Prover result is: Valid (0.01s, 11103 steps).

File "/home/fabrice/git/pycsl/scratchpad/.pycsl_afaljp5k.mlw", line 3207, characters 26-64:
Sub-goal precondition of goal pycsltojsonemitter___csl_to_ir'vc.
Prover result is: Valid (0.01s, 12401 steps).

File "/home/fabrice/git/pycsl/scratchpad/.pycsl_afaljp5k.mlw", line 3203, characters 15-19:
Sub-goal postcondition of goal pycsltojsonemitter___csl_to_ir'vc.
Prover result is: Valid (0.01s, 12401 steps).

File "/home/fabrice/git/pycsl/scratchpad/.pycsl_afaljp5k.mlw", line 3208, characters 28-68:
Sub-goal precondition of goal pycsltojsonemitter___csl_to_ir'vc.
Prover result is: Valid (0.01s, 12401 steps).

File "/home/fabrice/git/pycsl/scratchpad/.pycsl_afaljp5k.mlw", line 3203, characters 15-19:
Sub-goal postcondition of goal pycsltojsonemitter___csl_to_ir'vc.
Prover result is: Valid (0.01s, 12401 steps).

File "/home/fabrice/git/pycsl/scratchpad/.pycsl_afaljp5k.mlw", line 3209, characters 32-77:
Sub-goal precondition of goal pycsltojsonemitter___csl_to_ir'vc.
Prover result is: Valid (0.01s, 12401 steps).

File "/home/fabrice/git/pycsl/scratchpad/.pycsl_afaljp5k.mlw", line 3203, characters 15-19:
Sub-goal postcondition of goal pycsltojsonemitter___csl_to_ir'vc.
Prover result is: Valid (0.01s, 12401 steps).

File "/home/fabrice/git/pycsl/scratchpad/.pycsl_afaljp5k.mlw", line 3210, characters 35-83:
Sub-goal precondition of goal pycsltojsonemitter___csl_to_ir'vc.
Prover result is: Valid (0.01s, 12401 steps).

File "/home/fabrice/git/pycsl/scratchpad/.pycsl_afaljp5k.mlw", line 3203, characters 15-19:
Sub-goal postcondition of goal pycsltojsonemitter___csl_to_ir'vc.
Prover result is: Valid (0.01s, 12401 steps).

File "/home/fabrice/git/pycsl/scratchpad/.pycsl_afaljp5k.mlw", line 3211, characters 41-96:
Sub-goal precondition of goal pycsltojsonemitter___csl_to_ir'vc.
Prover result is: Valid (0.01s, 12401 steps).

File "/home/fabrice/git/pycsl/scratchpad/.pycsl_afaljp5k.mlw", line 3203, characters 15-19:
Sub-goal postcondition of goal pycsltojsonemitter___csl_to_ir'vc.
Prover result is: Valid (0.01s, 12401 steps).

File "/home/fabrice/git/pycsl/scratchpad/.pycsl_afaljp5k.mlw", line 3212, characters 24-60:
Sub-goal precondition of goal pycsltojsonemitter___csl_to_ir'vc.
Prover result is: Valid (0.01s, 12401 steps).

File "/home/fabrice/git/pycsl/scratchpad/.pycsl_afaljp5k.mlw", line 3203, characters 15-19:
Sub-goal postcondition of goal pycsltojsonemitter___csl_to_ir'vc.
Prover result is: Valid (0.01s, 12401 steps).

File "/home/fabrice/git/pycsl/scratchpad/.pycsl_afaljp5k.mlw", line 3213, characters 27-66:
Sub-goal precondition of goal pycsltojsonemitter___csl_to_ir'vc.
Prover result is: Valid (0.01s, 12401 steps).

File "/home/fabrice/git/pycsl/scratchpad/.pycsl_afaljp5k.mlw", line 3203, characters 15-19:
Sub-goal postcondition of goal pycsltojsonemitter___csl_to_ir'vc.
Prover result is: Valid (0.01s, 12401 steps).

File "/home/fabrice/git/pycsl/scratchpad/.pycsl_afaljp5k.mlw", line 3214, characters 34-73:
Sub-goal precondition of goal pycsltojsonemitter___csl_to_ir'vc.
Prover result is: Valid (0.01s, 12401 steps).

File "/home/fabrice/git/pycsl/scratchpad/.pycsl_afaljp5k.mlw", line 3203, characters 15-19:
Sub-goal postcondition of goal pycsltojsonemitter___csl_to_ir'vc.
Prover result is: Valid (0.01s, 12401 steps).

File "/home/fabrice/git/pycsl/scratchpad/.pycsl_afaljp5k.mlw", line 3215, characters 25-62:
Sub-goal precondition of goal pycsltojsonemitter___csl_to_ir'vc.
Prover result is: Valid (0.01s, 12401 steps).

File "/home/fabrice/git/pycsl/scratchpad/.pycsl_afaljp5k.mlw", line 3203, characters 15-19:
Sub-goal postcondition of goal pycsltojsonemitter___csl_to_ir'vc.
Prover result is: Valid (0.01s, 12401 steps).

File "/home/fabrice/git/pycsl/scratchpad/.pycsl_afaljp5k.mlw", line 3216, characters 25-62:
Sub-goal precondition of goal pycsltojsonemitter___csl_to_ir'vc.
Prover result is: Valid (0.01s, 12401 steps).

File "/home/fabrice/git/pycsl/scratchpad/.pycsl_afaljp5k.mlw", line 3203, characters 15-19:
Sub-goal postcondition of goal pycsltojsonemitter___csl_to_ir'vc.
Prover result is: Valid (0.01s, 12401 steps).

File "/home/fabrice/git/pycsl/scratchpad/.pycsl_afaljp5k.mlw", line 3217, characters 27-66:
Sub-goal precondition of goal pycsltojsonemitter___csl_to_ir'vc.
Prover result is: Valid (0.01s, 12401 steps).

File "/home/fabrice/git/pycsl/scratchpad/.pycsl_afaljp5k.mlw", line 3203, characters 15-19:
Sub-goal postcondition of goal pycsltojsonemitter___csl_to_ir'vc.
Prover result is: Valid (0.01s, 12401 steps).

File "/home/fabrice/git/pycsl/scratchpad/.pycsl_afaljp5k.mlw", line 3218, characters 24-60:
Sub-goal precondition of goal pycsltojsonemitter___csl_to_ir'vc.
Prover result is: Valid (0.01s, 12401 steps).

File "/home/fabrice/git/pycsl/scratchpad/.pycsl_afaljp5k.mlw", line 3203, characters 15-19:
Sub-goal postcondition of goal pycsltojsonemitter___csl_to_ir'vc.
Prover result is: Valid (0.01s, 12401 steps).

File "/home/fabrice/git/pycsl/scratchpad/.pycsl_afaljp5k.mlw", line 3219, characters 25-65:
Sub-goal precondition of goal pycsltojsonemitter___csl_to_ir'vc.
Prover result is: Valid (0.01s, 12401 steps).

File "/home/fabrice/git/pycsl/scratchpad/.pycsl_afaljp5k.mlw", line 3203, characters 15-19:
Sub-goal postcondition of goal pycsltojsonemitter___csl_to_ir'vc.
Prover result is: Valid (0.01s, 12401 steps).

File "/home/fabrice/git/pycsl/scratchpad/.pycsl_afaljp5k.mlw", line 3220, characters 24-63:
Sub-goal precondition of goal pycsltojsonemitter___csl_to_ir'vc.
Prover result is: Valid (0.01s, 12401 steps).

File "/home/fabrice/git/pycsl/scratchpad/.pycsl_afaljp5k.mlw", line 3203, characters 15-19:
Sub-goal postcondition of goal pycsltojsonemitter___csl_to_ir'vc.
Prover result is: Valid (0.01s, 12401 steps).

File "/home/fabrice/git/pycsl/scratchpad/.pycsl_afaljp5k.mlw", line 3221, characters 29-74:
Sub-goal precondition of goal pycsltojsonemitter___csl_to_ir'vc.
Prover result is: Valid (0.01s, 12401 steps).

File "/home/fabrice/git/pycsl/scratchpad/.pycsl_afaljp5k.mlw", line 3203, characters 15-19:
Sub-goal postcondition of goal pycsltojsonemitter___csl_to_ir'vc.
Prover result is: Valid (0.01s, 12401 steps).

File "/home/fabrice/git/pycsl/scratchpad/.pycsl_afaljp5k.mlw", line 3222, characters 24-63:
Sub-goal precondition of goal pycsltojsonemitter___csl_to_ir'vc.
Prover result is: Valid (0.01s, 12401 steps).

File "/home/fabrice/git/pycsl/scratchpad/.pycsl_afaljp5k.mlw", line 3203, characters 15-19:
Sub-goal postcondition of goal pycsltojsonemitter___csl_to_ir'vc.
Prover result is: Valid (0.01s, 12401 steps).

File "/home/fabrice/git/pycsl/scratchpad/.pycsl_afaljp5k.mlw", line 3223, characters 29-74:
Sub-goal precondition of goal pycsltojsonemitter___csl_to_ir'vc.
Prover result is: Valid (0.01s, 12401 steps).

File "/home/fabrice/git/pycsl/scratchpad/.pycsl_afaljp5k.mlw", line 3203, characters 15-19:
Sub-goal postcondition of goal pycsltojsonemitter___csl_to_ir'vc.
Prover result is: Valid (0.01s, 12401 steps).

File "/home/fabrice/git/pycsl/scratchpad/.pycsl_afaljp5k.mlw", line 3224, characters 27-70:
Sub-goal precondition of goal pycsltojsonemitter___csl_to_ir'vc.
Prover result is: Valid (0.01s, 12401 steps).

File "/home/fabrice/git/pycsl/scratchpad/.pycsl_afaljp5k.mlw", line 3203, characters 15-19:
Sub-goal postcondition of goal pycsltojsonemitter___csl_to_ir'vc.
Prover result is: Valid (0.01s, 12401 steps).

File "/home/fabrice/git/pycsl/scratchpad/.pycsl_afaljp5k.mlw", line 3225, characters 25-66:
Sub-goal precondition of goal pycsltojsonemitter___csl_to_ir'vc.
Prover result is: Valid (0.01s, 12401 steps).

File "/home/fabrice/git/pycsl/scratchpad/.pycsl_afaljp5k.mlw", line 3203, characters 15-19:
Sub-goal postcondition of goal pycsltojsonemitter___csl_to_ir'vc.
Prover result is: Valid (0.01s, 12401 steps).

File "/home/fabrice/git/pycsl/scratchpad/.pycsl_afaljp5k.mlw", line 3226, characters 33-75:
Sub-goal precondition of goal pycsltojsonemitter___csl_to_ir'vc.
Prover result is: Valid (0.01s, 12401 steps).

File "/home/fabrice/git/pycsl/scratchpad/.pycsl_afaljp5k.mlw", line 3203, characters 15-19:
Sub-goal postcondition of goal pycsltojsonemitter___csl_to_ir'vc.
Prover result is: Valid (0.01s, 12401 steps).

File "/home/fabrice/git/pycsl/scratchpad/.pycsl_afaljp5k.mlw", line 3227, characters 31-78:
Sub-goal precondition of goal pycsltojsonemitter___csl_to_ir'vc.
Prover result is: Valid (0.01s, 12401 steps).

File "/home/fabrice/git/pycsl/scratchpad/.pycsl_afaljp5k.mlw", line 3203, characters 15-19:
Sub-goal postcondition of goal pycsltojsonemitter___csl_to_ir'vc.
Prover result is: Valid (0.01s, 12401 steps).

File "/home/fabrice/git/pycsl/scratchpad/.pycsl_afaljp5k.mlw", line 3228, characters 23-61:
Sub-goal precondition of goal pycsltojsonemitter___csl_to_ir'vc.
Prover result is: Valid (0.01s, 12401 steps).

File "/home/fabrice/git/pycsl/scratchpad/.pycsl_afaljp5k.mlw", line 3203, characters 15-19:
Sub-goal postcondition of goal pycsltojsonemitter___csl_to_ir'vc.
Prover result is: Valid (0.01s, 12401 steps).

File "/home/fabrice/git/pycsl/scratchpad/.pycsl_afaljp5k.mlw", line 3229, characters 27-69:
Sub-goal precondition of goal pycsltojsonemitter___csl_to_ir'vc.
Prover result is: Valid (0.01s, 12401 steps).

File "/home/fabrice/git/pycsl/scratchpad/.pycsl_afaljp5k.mlw", line 3203, characters 15-19:
Sub-goal postcondition of goal pycsltojsonemitter___csl_to_ir'vc.
Prover result is: Valid (0.01s, 12401 steps).

File "/home/fabrice/git/pycsl/scratchpad/.pycsl_afaljp5k.mlw", line 3230, characters 23-58:
Sub-goal precondition of goal pycsltojsonemitter___csl_to_ir'vc.
Prover result is: Valid (0.01s, 12401 steps).

File "/home/fabrice/git/pycsl/scratchpad/.pycsl_afaljp5k.mlw", line 3203, characters 15-19:
Sub-goal postcondition of goal pycsltojsonemitter___csl_to_ir'vc.
Prover result is: Valid (0.01s, 12401 steps).

File "/home/fabrice/git/pycsl/scratchpad/.pycsl_afaljp5k.mlw", line 3231, characters 26-67:
Sub-goal precondition of goal pycsltojsonemitter___csl_to_ir'vc.
Prover result is: Valid (0.01s, 12401 steps).

File "/home/fabrice/git/pycsl/scratchpad/.pycsl_afaljp5k.mlw", line 3203, characters 15-19:
Sub-goal postcondition of goal pycsltojsonemitter___csl_to_ir'vc.
Prover result is: Valid (0.01s, 12401 steps).

File "/home/fabrice/git/pycsl/scratchpad/.pycsl_afaljp5k.mlw", line 3232, characters 25-65:
Sub-goal precondition of goal pycsltojsonemitter___csl_to_ir'vc.
Prover result is: Valid (0.01s, 12401 steps).

File "/home/fabrice/git/pycsl/scratchpad/.pycsl_afaljp5k.mlw", line 3203, characters 15-19:
Sub-goal postcondition of goal pycsltojsonemitter___csl_to_ir'vc.
Prover result is: Valid (0.01s, 12401 steps).

File "/home/fabrice/git/pycsl/scratchpad/.pycsl_afaljp5k.mlw", line 3233, characters 33-82:
Sub-goal precondition of goal pycsltojsonemitter___csl_to_ir'vc.
Prover result is: Valid (0.01s, 12401 steps).

File "/home/fabrice/git/pycsl/scratchpad/.pycsl_afaljp5k.mlw", line 3203, characters 15-19:
Sub-goal postcondition of goal pycsltojsonemitter___csl_to_ir'vc.
Prover result is: Valid (0.01s, 12401 steps).

File "/home/fabrice/git/pycsl/scratchpad/.pycsl_afaljp5k.mlw", line 3234, characters 26-75:
Sub-goal precondition of goal pycsltojsonemitter___csl_to_ir'vc.
Prover result is: Valid (0.01s, 12401 steps).

File "/home/fabrice/git/pycsl/scratchpad/.pycsl_afaljp5k.mlw", line 3203, characters 15-19:
Sub-goal postcondition of goal pycsltojsonemitter___csl_to_ir'vc.
Prover result is: Valid (0.01s, 12401 steps).

File "/home/fabrice/git/pycsl/scratchpad/.pycsl_afaljp5k.mlw", line 3235, characters 25-74:
Sub-goal precondition of goal pycsltojsonemitter___csl_to_ir'vc.
Prover result is: Valid (0.01s, 12401 steps).

File "/home/fabrice/git/pycsl/scratchpad/.pycsl_afaljp5k.mlw", line 3203, characters 15-19:
Sub-goal postcondition of goal pycsltojsonemitter___csl_to_ir'vc.
Prover result is: Valid (0.01s, 12401 steps).

File "/home/fabrice/git/pycsl/scratchpad/.pycsl_afaljp5k.mlw", line 3236, characters 31-80:
Sub-goal precondition of goal pycsltojsonemitter___csl_to_ir'vc.
Prover result is: Valid (0.01s, 12401 steps).

File "/home/fabrice/git/pycsl/scratchpad/.pycsl_afaljp5k.mlw", line 3203, characters 15-19:
Sub-goal postcondition of goal pycsltojsonemitter___csl_to_ir'vc.
Prover result is: Valid (0.01s, 12401 steps).

File "/home/fabrice/git/pycsl/scratchpad/.pycsl_afaljp5k.mlw", line 3237, characters 29-78:
Sub-goal precondition of goal pycsltojsonemitter___csl_to_ir'vc.
Prover result is: Valid (0.01s, 12401 steps).

File "/home/fabrice/git/pycsl/scratchpad/.pycsl_afaljp5k.mlw", line 3203, characters 15-19:
Sub-goal postcondition of goal pycsltojsonemitter___csl_to_ir'vc.
Prover result is: Valid (0.01s, 12401 steps).

File "/home/fabrice/git/pycsl/scratchpad/.pycsl_afaljp5k.mlw", line 3238, characters 33-82:
Sub-goal precondition of goal pycsltojsonemitter___csl_to_ir'vc.
Prover result is: Valid (0.01s, 12401 steps).

File "/home/fabrice/git/pycsl/scratchpad/.pycsl_afaljp5k.mlw", line 3203, characters 15-19:
Sub-goal postcondition of goal pycsltojsonemitter___csl_to_ir'vc.
Prover result is: Valid (0.01s, 12401 steps).

File "/home/fabrice/git/pycsl/scratchpad/.pycsl_afaljp5k.mlw", line 3239, characters 26-68:
Sub-goal precondition of goal pycsltojsonemitter___csl_to_ir'vc.
Prover result is: Valid (0.01s, 12401 steps).

File "/home/fabrice/git/pycsl/scratchpad/.pycsl_afaljp5k.mlw", line 3203, characters 15-19:
Sub-goal postcondition of goal pycsltojsonemitter___csl_to_ir'vc.
Prover result is: Valid (0.01s, 12401 steps).

File "/home/fabrice/git/pycsl/scratchpad/.pycsl_afaljp5k.mlw", line 3240, characters 26-68:
Sub-goal precondition of goal pycsltojsonemitter___csl_to_ir'vc.
Prover result is: Valid (0.01s, 12401 steps).

File "/home/fabrice/git/pycsl/scratchpad/.pycsl_afaljp5k.mlw", line 3203, characters 15-19:
Sub-goal postcondition of goal pycsltojsonemitter___csl_to_ir'vc.
Prover result is: Valid (0.01s, 12401 steps).

File "/home/fabrice/git/pycsl/scratchpad/.pycsl_afaljp5k.mlw", line 3241, characters 25-66:
Sub-goal precondition of goal pycsltojsonemitter___csl_to_ir'vc.
Prover result is: Valid (0.01s, 12401 steps).

File "/home/fabrice/git/pycsl/scratchpad/.pycsl_afaljp5k.mlw", line 3203, characters 15-19:
Sub-goal postcondition of goal pycsltojsonemitter___csl_to_ir'vc.
Prover result is: Valid (0.01s, 12401 steps).

File "/home/fabrice/git/pycsl/scratchpad/.pycsl_afaljp5k.mlw", line 3242, characters 29-73:
Sub-goal precondition of goal pycsltojsonemitter___csl_to_ir'vc.
Prover result is: Valid (0.01s, 12401 steps).

File "/home/fabrice/git/pycsl/scratchpad/.pycsl_afaljp5k.mlw", line 3203, characters 15-19:
Sub-goal postcondition of goal pycsltojsonemitter___csl_to_ir'vc.
Prover result is: Valid (0.01s, 12401 steps).

File "/home/fabrice/git/pycsl/scratchpad/.pycsl_afaljp5k.mlw", line 3243, characters 21-57:
Sub-goal precondition of goal pycsltojsonemitter___csl_to_ir'vc.
Prover result is: Valid (0.01s, 12401 steps).

File "/home/fabrice/git/pycsl/scratchpad/.pycsl_afaljp5k.mlw", line 3203, characters 15-19:
Sub-goal postcondition of goal pycsltojsonemitter___csl_to_ir'vc.
Prover result is: Valid (0.01s, 12401 steps).

File "/home/fabrice/git/pycsl/scratchpad/.pycsl_afaljp5k.mlw", line 3244, characters 23-58:
Sub-goal precondition of goal pycsltojsonemitter___csl_to_ir'vc.
Prover result is: Valid (0.01s, 12401 steps).

File "/home/fabrice/git/pycsl/scratchpad/.pycsl_afaljp5k.mlw", line 3203, characters 15-19:
Sub-goal postcondition of goal pycsltojsonemitter___csl_to_ir'vc.
Prover result is: Valid (0.01s, 12401 steps).

File "/home/fabrice/git/pycsl/scratchpad/.pycsl_afaljp5k.mlw", line 3245, characters 26-65:
Sub-goal precondition of goal pycsltojsonemitter___csl_to_ir'vc.
Prover result is: Valid (0.01s, 12401 steps).

File "/home/fabrice/git/pycsl/scratchpad/.pycsl_afaljp5k.mlw", line 3203, characters 15-19:
Sub-goal postcondition of goal pycsltojsonemitter___csl_to_ir'vc.
Prover result is: Valid (0.01s, 12401 steps).

File "/home/fabrice/git/pycsl/scratchpad/.pycsl_afaljp5k.mlw", line 3246, characters 26-64:
Sub-goal precondition of goal pycsltojsonemitter___csl_to_ir'vc.
Prover result is: Valid (0.01s, 12401 steps).

File "/home/fabrice/git/pycsl/scratchpad/.pycsl_afaljp5k.mlw", line 3203, characters 15-19:
Sub-goal postcondition of goal pycsltojsonemitter___csl_to_ir'vc.
Prover result is: Valid (0.01s, 12401 steps).

File "/home/fabrice/git/pycsl/scratchpad/.pycsl_afaljp5k.mlw", line 3247, characters 34-84:
Sub-goal precondition of goal pycsltojsonemitter___csl_to_ir'vc.
Prover result is: Valid (0.01s, 12401 steps).

File "/home/fabrice/git/pycsl/scratchpad/.pycsl_afaljp5k.mlw", line 3203, characters 15-19:
Sub-goal postcondition of goal pycsltojsonemitter___csl_to_ir'vc.
Prover result is: Valid (0.01s, 12401 steps).

File "/home/fabrice/git/pycsl/scratchpad/.pycsl_afaljp5k.mlw", line 3248, characters 29-69:
Sub-goal precondition of goal pycsltojsonemitter___csl_to_ir'vc.
Prover result is: Valid (0.01s, 12401 steps).

File "/home/fabrice/git/pycsl/scratchpad/.pycsl_afaljp5k.mlw", line 3203, characters 15-19:
Sub-goal postcondition of goal pycsltojsonemitter___csl_to_ir'vc.
Prover result is: Valid (0.01s, 12401 steps).

File "/home/fabrice/git/pycsl/scratchpad/.pycsl_afaljp5k.mlw", line 3249, characters 25-61:
Sub-goal precondition of goal pycsltojsonemitter___csl_to_ir'vc.
Prover result is: Valid (0.01s, 12401 steps).

File "/home/fabrice/git/pycsl/scratchpad/.pycsl_afaljp5k.mlw", line 3203, characters 15-19:
Sub-goal postcondition of goal pycsltojsonemitter___csl_to_ir'vc.
Prover result is: Valid (0.01s, 12401 steps).

File "/home/fabrice/git/pycsl/scratchpad/.pycsl_afaljp5k.mlw", line 3250, characters 25-61:
Sub-goal precondition of goal pycsltojsonemitter___csl_to_ir'vc.
Prover result is: Valid (0.01s, 12401 steps).

File "/home/fabrice/git/pycsl/scratchpad/.pycsl_afaljp5k.mlw", line 3203, characters 15-19:
Sub-goal postcondition of goal pycsltojsonemitter___csl_to_ir'vc.
Prover result is: Valid (0.01s, 12401 steps).

File "/home/fabrice/git/pycsl/scratchpad/.pycsl_afaljp5k.mlw", line 3251, characters 26-63:
Sub-goal precondition of goal pycsltojsonemitter___csl_to_ir'vc.
Prover result is: Valid (0.01s, 12401 steps).

File "/home/fabrice/git/pycsl/scratchpad/.pycsl_afaljp5k.mlw", line 3203, characters 15-19:
Sub-goal postcondition of goal pycsltojsonemitter___csl_to_ir'vc.
Prover result is: Valid (0.01s, 12401 steps).

File "/home/fabrice/git/pycsl/scratchpad/.pycsl_afaljp5k.mlw", line 3252, characters 26-68:
Sub-goal precondition of goal pycsltojsonemitter___csl_to_ir'vc.
Prover result is: Valid (0.01s, 12401 steps).

File "/home/fabrice/git/pycsl/scratchpad/.pycsl_afaljp5k.mlw", line 3203, characters 15-19:
Sub-goal postcondition of goal pycsltojsonemitter___csl_to_ir'vc.
Prover result is: Valid (0.01s, 12401 steps).

File "/home/fabrice/git/pycsl/scratchpad/.pycsl_afaljp5k.mlw", line 3253, characters 29-74:
Sub-goal precondition of goal pycsltojsonemitter___csl_to_ir'vc.
Prover result is: Valid (0.01s, 12401 steps).

File "/home/fabrice/git/pycsl/scratchpad/.pycsl_afaljp5k.mlw", line 3203, characters 15-19:
Sub-goal postcondition of goal pycsltojsonemitter___csl_to_ir'vc.
Prover result is: Valid (0.01s, 12401 steps).

File "/home/fabrice/git/pycsl/scratchpad/.pycsl_afaljp5k.mlw", line 3254, characters 31-73:
Sub-goal precondition of goal pycsltojsonemitter___csl_to_ir'vc.
Prover result is: Valid (0.01s, 12401 steps).

File "/home/fabrice/git/pycsl/scratchpad/.pycsl_afaljp5k.mlw", line 3203, characters 15-19:
Sub-goal postcondition of goal pycsltojsonemitter___csl_to_ir'vc.
Prover result is: Valid (0.01s, 12401 steps).

File "/home/fabrice/git/pycsl/scratchpad/.pycsl_afaljp5k.mlw", line 3255, characters 31-74:
Sub-goal precondition of goal pycsltojsonemitter___csl_to_ir'vc.
Prover result is: Valid (0.01s, 12401 steps).

File "/home/fabrice/git/pycsl/scratchpad/.pycsl_afaljp5k.mlw", line 3203, characters 15-19:
Sub-goal postcondition of goal pycsltojsonemitter___csl_to_ir'vc.
Prover result is: Valid (0.01s, 12401 steps).

File "/home/fabrice/git/pycsl/scratchpad/.pycsl_afaljp5k.mlw", line 3256, characters 28-68:
Sub-goal precondition of goal pycsltojsonemitter___csl_to_ir'vc.
Prover result is: Valid (0.01s, 12401 steps).

File "/home/fabrice/git/pycsl/scratchpad/.pycsl_afaljp5k.mlw", line 3203, characters 15-19:
Sub-goal postcondition of goal pycsltojsonemitter___csl_to_ir'vc.
Prover result is: Valid (0.01s, 12401 steps).

File "/home/fabrice/git/pycsl/scratchpad/.pycsl_afaljp5k.mlw", line 3257, characters 31-74:
Sub-goal precondition of goal pycsltojsonemitter___csl_to_ir'vc.
Prover result is: Valid (0.01s, 12401 steps).

File "/home/fabrice/git/pycsl/scratchpad/.pycsl_afaljp5k.mlw", line 3203, characters 15-19:
Sub-goal postcondition of goal pycsltojsonemitter___csl_to_ir'vc.
Prover result is: Valid (0.01s, 12401 steps).

File "/home/fabrice/git/pycsl/scratchpad/.pycsl_afaljp5k.mlw", line 3258, characters 36-85:
Sub-goal precondition of goal pycsltojsonemitter___csl_to_ir'vc.
Prover result is: Valid (0.01s, 12401 steps).

File "/home/fabrice/git/pycsl/scratchpad/.pycsl_afaljp5k.mlw", line 3203, characters 15-19:
Sub-goal postcondition of goal pycsltojsonemitter___csl_to_ir'vc.
Prover result is: Valid (0.01s, 12401 steps).

File "/home/fabrice/git/pycsl/scratchpad/.pycsl_afaljp5k.mlw", line 3259, characters 31-74:
Sub-goal precondition of goal pycsltojsonemitter___csl_to_ir'vc.
Prover result is: Valid (0.01s, 12401 steps).

File "/home/fabrice/git/pycsl/scratchpad/.pycsl_afaljp5k.mlw", line 3203, characters 15-19:
Sub-goal postcondition of goal pycsltojsonemitter___csl_to_ir'vc.
Prover result is: Valid (0.01s, 12401 steps).

File "/home/fabrice/git/pycsl/scratchpad/.pycsl_afaljp5k.mlw", line 3260, characters 30-72:
Sub-goal precondition of goal pycsltojsonemitter___csl_to_ir'vc.
Prover result is: Valid (0.01s, 12401 steps).

File "/home/fabrice/git/pycsl/scratchpad/.pycsl_afaljp5k.mlw", line 3203, characters 15-19:
Sub-goal postcondition of goal pycsltojsonemitter___csl_to_ir'vc.
Prover result is: Valid (0.01s, 12401 steps).

File "/home/fabrice/git/pycsl/scratchpad/.pycsl_afaljp5k.mlw", line 3261, characters 28-68:
Sub-goal precondition of goal pycsltojsonemitter___csl_to_ir'vc.
Prover result is: Valid (0.01s, 12401 steps).

File "/home/fabrice/git/pycsl/scratchpad/.pycsl_afaljp5k.mlw", line 3203, characters 15-19:
Sub-goal postcondition of goal pycsltojsonemitter___csl_to_ir'vc.
Prover result is: Valid (0.01s, 12401 steps).

File "/home/fabrice/git/pycsl/scratchpad/.pycsl_afaljp5k.mlw", line 3262, characters 28-68:
Sub-goal precondition of goal pycsltojsonemitter___csl_to_ir'vc.
Prover result is: Valid (0.01s, 12401 steps).

File "/home/fabrice/git/pycsl/scratchpad/.pycsl_afaljp5k.mlw", line 3203, characters 15-19:
Sub-goal postcondition of goal pycsltojsonemitter___csl_to_ir'vc.
Prover result is: Valid (0.01s, 12401 steps).

File "/home/fabrice/git/pycsl/scratchpad/.pycsl_afaljp5k.mlw", line 3263, characters 27-66:
Sub-goal precondition of goal pycsltojsonemitter___csl_to_ir'vc.
Prover result is: Valid (0.01s, 12401 steps).

File "/home/fabrice/git/pycsl/scratchpad/.pycsl_afaljp5k.mlw", line 3203, characters 15-19:
Sub-goal postcondition of goal pycsltojsonemitter___csl_to_ir'vc.
Prover result is: Valid (0.01s, 12401 steps).

File "/home/fabrice/git/pycsl/scratchpad/.pycsl_afaljp5k.mlw", line 3264, characters 28-68:
Sub-goal precondition of goal pycsltojsonemitter___csl_to_ir'vc.
Prover result is: Valid (0.01s, 12401 steps).

File "/home/fabrice/git/pycsl/scratchpad/.pycsl_afaljp5k.mlw", line 3203, characters 15-19:
Sub-goal postcondition of goal pycsltojsonemitter___csl_to_ir'vc.
Prover result is: Valid (0.01s, 12401 steps).

File "/home/fabrice/git/pycsl/scratchpad/.pycsl_afaljp5k.mlw", line 3265, characters 31-74:
Sub-goal precondition of goal pycsltojsonemitter___csl_to_ir'vc.
Prover result is: Valid (0.01s, 12401 steps).

File "/home/fabrice/git/pycsl/scratchpad/.pycsl_afaljp5k.mlw", line 3203, characters 15-19:
Sub-goal postcondition of goal pycsltojsonemitter___csl_to_ir'vc.
Prover result is: Valid (0.01s, 12401 steps).

File "/home/fabrice/git/pycsl/scratchpad/.pycsl_afaljp5k.mlw", line 3266, characters 30-72:
Sub-goal precondition of goal pycsltojsonemitter___csl_to_ir'vc.
Prover result is: Valid (0.01s, 12401 steps).

File "/home/fabrice/git/pycsl/scratchpad/.pycsl_afaljp5k.mlw", line 3203, characters 15-19:
Sub-goal postcondition of goal pycsltojsonemitter___csl_to_ir'vc.
Prover result is: Valid (0.01s, 12401 steps).

File "/home/fabrice/git/pycsl/scratchpad/.pycsl_afaljp5k.mlw", line 3267, characters 28-68:
Sub-goal precondition of goal pycsltojsonemitter___csl_to_ir'vc.
Prover result is: Valid (0.01s, 12401 steps).

File "/home/fabrice/git/pycsl/scratchpad/.pycsl_afaljp5k.mlw", line 3203, characters 15-19:
Sub-goal postcondition of goal pycsltojsonemitter___csl_to_ir'vc.
Prover result is: Valid (0.01s, 12401 steps).

File "/home/fabrice/git/pycsl/scratchpad/.pycsl_afaljp5k.mlw", line 3268, characters 31-74:
Sub-goal precondition of goal pycsltojsonemitter___csl_to_ir'vc.
Prover result is: Valid (0.01s, 12401 steps).

File "/home/fabrice/git/pycsl/scratchpad/.pycsl_afaljp5k.mlw", line 3203, characters 15-19:
Sub-goal postcondition of goal pycsltojsonemitter___csl_to_ir'vc.
Prover result is: Valid (0.01s, 12401 steps).

File "/home/fabrice/git/pycsl/scratchpad/.pycsl_afaljp5k.mlw", line 3269, characters 28-68:
Sub-goal precondition of goal pycsltojsonemitter___csl_to_ir'vc.
Prover result is: Valid (0.01s, 12401 steps).

File "/home/fabrice/git/pycsl/scratchpad/.pycsl_afaljp5k.mlw", line 3203, characters 15-19:
Sub-goal postcondition of goal pycsltojsonemitter___csl_to_ir'vc.
Prover result is: Valid (0.01s, 12401 steps).

File "/home/fabrice/git/pycsl/scratchpad/.pycsl_afaljp5k.mlw", line 3270, characters 30-72:
Sub-goal precondition of goal pycsltojsonemitter___csl_to_ir'vc.
Prover result is: Valid (0.01s, 12401 steps).

File "/home/fabrice/git/pycsl/scratchpad/.pycsl_afaljp5k.mlw", line 3203, characters 15-19:
Sub-goal postcondition of goal pycsltojsonemitter___csl_to_ir'vc.
Prover result is: Valid (0.01s, 12401 steps).

File "/home/fabrice/git/pycsl/scratchpad/.pycsl_afaljp5k.mlw", line 3271, characters 30-72:
Sub-goal precondition of goal pycsltojsonemitter___csl_to_ir'vc.
Prover result is: Valid (0.01s, 12401 steps).

File "/home/fabrice/git/pycsl/scratchpad/.pycsl_afaljp5k.mlw", line 3203, characters 15-19:
Sub-goal postcondition of goal pycsltojsonemitter___csl_to_ir'vc.
Prover result is: Valid (0.01s, 12401 steps).

File "/home/fabrice/git/pycsl/scratchpad/.pycsl_afaljp5k.mlw", line 3272, characters 29-70:
Sub-goal precondition of goal pycsltojsonemitter___csl_to_ir'vc.
Prover result is: Valid (0.01s, 12401 steps).

File "/home/fabrice/git/pycsl/scratchpad/.pycsl_afaljp5k.mlw", line 3203, characters 15-19:
Sub-goal postcondition of goal pycsltojsonemitter___csl_to_ir'vc.
Prover result is: Valid (0.01s, 12401 steps).

File "/home/fabrice/git/pycsl/scratchpad/.pycsl_afaljp5k.mlw", line 3273, characters 29-70:
Sub-goal precondition of goal pycsltojsonemitter___csl_to_ir'vc.
Prover result is: Valid (0.01s, 12401 steps).

File "/home/fabrice/git/pycsl/scratchpad/.pycsl_afaljp5k.mlw", line 3203, characters 15-19:
Sub-goal postcondition of goal pycsltojsonemitter___csl_to_ir'vc.
Prover result is: Valid (0.01s, 12401 steps).

File "/home/fabrice/git/pycsl/scratchpad/.pycsl_afaljp5k.mlw", line 3274, characters 31-74:
Sub-goal precondition of goal pycsltojsonemitter___csl_to_ir'vc.
Prover result is: Valid (0.01s, 12401 steps).

File "/home/fabrice/git/pycsl/scratchpad/.pycsl_afaljp5k.mlw", line 3203, characters 15-19:
Sub-goal postcondition of goal pycsltojsonemitter___csl_to_ir'vc.
Prover result is: Valid (0.01s, 12401 steps).

File "/home/fabrice/git/pycsl/scratchpad/.pycsl_afaljp5k.mlw", line 3275, characters 27-66:
Sub-goal precondition of goal pycsltojsonemitter___csl_to_ir'vc.
Prover result is: Valid (0.01s, 12401 steps).

File "/home/fabrice/git/pycsl/scratchpad/.pycsl_afaljp5k.mlw", line 3203, characters 15-19:
Sub-goal postcondition of goal pycsltojsonemitter___csl_to_ir'vc.
Prover result is: Valid (0.01s, 12401 steps).

File "/home/fabrice/git/pycsl/scratchpad/.pycsl_afaljp5k.mlw", line 3276, characters 25-61:
Sub-goal precondition of goal pycsltojsonemitter___csl_to_ir'vc.
Prover result is: Valid (0.01s, 12401 steps).

File "/home/fabrice/git/pycsl/scratchpad/.pycsl_afaljp5k.mlw", line 3203, characters 15-19:
Sub-goal postcondition of goal pycsltojsonemitter___csl_to_ir'vc.
Prover result is: Valid (0.01s, 12401 steps).

File "/home/fabrice/git/pycsl/scratchpad/.pycsl_afaljp5k.mlw", line 3277, characters 26-63:
Sub-goal precondition of goal pycsltojsonemitter___csl_to_ir'vc.
Prover result is: Valid (0.01s, 12401 steps).

File "/home/fabrice/git/pycsl/scratchpad/.pycsl_afaljp5k.mlw", line 3203, characters 15-19:
Sub-goal postcondition of goal pycsltojsonemitter___csl_to_ir'vc.
Prover result is: Valid (0.01s, 12401 steps).

File "/home/fabrice/git/pycsl/scratchpad/.pycsl_afaljp5k.mlw", line 3278, characters 24-59:
Sub-goal precondition of goal pycsltojsonemitter___csl_to_ir'vc.
Prover result is: Valid (0.01s, 12401 steps).

File "/home/fabrice/git/pycsl/scratchpad/.pycsl_afaljp5k.mlw", line 3203, characters 15-19:
Sub-goal postcondition of goal pycsltojsonemitter___csl_to_ir'vc.
Prover result is: Valid (0.01s, 12401 steps).

File "/home/fabrice/git/pycsl/scratchpad/.pycsl_afaljp5k.mlw", line 3279, characters 24-59:
Sub-goal precondition of goal pycsltojsonemitter___csl_to_ir'vc.
Prover result is: Valid (0.01s, 12401 steps).

File "/home/fabrice/git/pycsl/scratchpad/.pycsl_afaljp5k.mlw", line 3203, characters 15-19:
Sub-goal postcondition of goal pycsltojsonemitter___csl_to_ir'vc.
Prover result is: Valid (0.01s, 12401 steps).

File "/home/fabrice/git/pycsl/scratchpad/.pycsl_afaljp5k.mlw", line 3280, characters 32-76:
Sub-goal precondition of goal pycsltojsonemitter___csl_to_ir'vc.
Prover result is: Valid (0.01s, 12401 steps).

File "/home/fabrice/git/pycsl/scratchpad/.pycsl_afaljp5k.mlw", line 3203, characters 15-19:
Sub-goal postcondition of goal pycsltojsonemitter___csl_to_ir'vc.
Prover result is: Valid (0.01s, 12401 steps).

File "/home/fabrice/git/pycsl/scratchpad/.pycsl_afaljp5k.mlw", line 3281, characters 25-61:
Sub-goal precondition of goal pycsltojsonemitter___csl_to_ir'vc.
Prover result is: Valid (0.01s, 12401 steps).

File "/home/fabrice/git/pycsl/scratchpad/.pycsl_afaljp5k.mlw", line 3203, characters 15-19:
Sub-goal postcondition of goal pycsltojsonemitter___csl_to_ir'vc.
Prover result is: Valid (0.01s, 12401 steps).

File "/home/fabrice/git/pycsl/scratchpad/.pycsl_afaljp5k.mlw", line 3282, characters 25-61:
Sub-goal precondition of goal pycsltojsonemitter___csl_to_ir'vc.
Prover result is: Valid (0.01s, 12401 steps).

File "/home/fabrice/git/pycsl/scratchpad/.pycsl_afaljp5k.mlw", line 3203, characters 15-19:
Sub-goal postcondition of goal pycsltojsonemitter___csl_to_ir'vc.
Prover result is: Valid (0.01s, 12401 steps).

File "/home/fabrice/git/pycsl/scratchpad/.pycsl_afaljp5k.mlw", line 3283, characters 28-67:
Sub-goal precondition of goal pycsltojsonemitter___csl_to_ir'vc.
Prover result is: Valid (0.01s, 12401 steps).

File "/home/fabrice/git/pycsl/scratchpad/.pycsl_afaljp5k.mlw", line 3203, characters 15-19:
Sub-goal postcondition of goal pycsltojsonemitter___csl_to_ir'vc.
Prover result is: Valid (0.01s, 12401 steps).

File "/home/fabrice/git/pycsl/scratchpad/.pycsl_afaljp5k.mlw", line 3296, characters 15-19:
Sub-goal postcondition of goal pycsltojsonemitter___emit_ghost_assign'vc.
Prover result is: Valid (0.01s, 11108 steps).

File "/home/fabrice/git/pycsl/scratchpad/.pycsl_afaljp5k.mlw", line 3323, characters 15-19:
Sub-goal postcondition of goal pycsltojsonemitter___field_type_from_annotation'vc.
Prover result is: Valid (0.01s, 6289 steps).

File "/home/fabrice/git/pycsl/scratchpad/.pycsl_afaljp5k.mlw", line 3323, characters 15-19:
Sub-goal postcondition of goal pycsltojsonemitter___field_type_from_annotation'vc.
Prover result is: Valid (0.01s, 11264 steps).

File "/home/fabrice/git/pycsl/scratchpad/.pycsl_afaljp5k.mlw", line 3323, characters 15-19:
Sub-goal postcondition of goal pycsltojsonemitter___field_type_from_annotation'vc.
Prover result is: Valid (0.01s, 11402 steps).

File "/home/fabrice/git/pycsl/scratchpad/.pycsl_afaljp5k.mlw", line 3323, characters 15-19:
Sub-goal postcondition of goal pycsltojsonemitter___field_type_from_annotation'vc.
Prover result is: Valid (0.01s, 11431 steps).

File "/home/fabrice/git/pycsl/scratchpad/.pycsl_afaljp5k.mlw", line 3323, characters 15-19:
Sub-goal postcondition of goal pycsltojsonemitter___field_type_from_annotation'vc.
Prover result is: Valid (0.01s, 11443 steps).

File "/home/fabrice/git/pycsl/scratchpad/.pycsl_afaljp5k.mlw", line 3323, characters 15-19:
Sub-goal postcondition of goal pycsltojsonemitter___field_type_from_annotation'vc.
Prover result is: Valid (0.01s, 11452 steps).

File "/home/fabrice/git/pycsl/scratchpad/.pycsl_afaljp5k.mlw", line 3323, characters 15-19:
Sub-goal postcondition of goal pycsltojsonemitter___field_type_from_annotation'vc.
Prover result is: Valid (0.01s, 11481 steps).

File "/home/fabrice/git/pycsl/scratchpad/.pycsl_afaljp5k.mlw", line 3323, characters 15-19:
Sub-goal postcondition of goal pycsltojsonemitter___field_type_from_annotation'vc.
Prover result is: Valid (0.01s, 11488 steps).

File "/home/fabrice/git/pycsl/scratchpad/.pycsl_afaljp5k.mlw", line 3323, characters 15-19:
Sub-goal postcondition of goal pycsltojsonemitter___field_type_from_annotation'vc.
Prover result is: Valid (0.01s, 11471 steps).

File "/home/fabrice/git/pycsl/scratchpad/.pycsl_afaljp5k.mlw", line 3323, characters 15-19:
Sub-goal postcondition of goal pycsltojsonemitter___field_type_from_annotation'vc.
Prover result is: Valid (0.01s, 11355 steps).

File "/home/fabrice/git/pycsl/scratchpad/.pycsl_afaljp5k.mlw", line 3377, characters 32-46:
Sub-goal loop invariant init of goal pycsltojsonemitter___field_type_from_annotation'vc.
Prover result is: Valid (0.01s, 11351 steps).

File "/home/fabrice/git/pycsl/scratchpad/.pycsl_afaljp5k.mlw", line 3323, characters 15-19:
Sub-goal postcondition of goal pycsltojsonemitter___field_type_from_annotation'vc.
Prover result is: Valid (0.01s, 11737 steps).

File "/home/fabrice/git/pycsl/scratchpad/.pycsl_afaljp5k.mlw", line 3378, characters 30-66:
Sub-goal loop variant decrease of goal pycsltojsonemitter___field_type_from_annotation'vc.
Prover result is: Valid (0.02s, 134560 steps).

File "/home/fabrice/git/pycsl/scratchpad/.pycsl_afaljp5k.mlw", line 3377, characters 32-46:
Sub-goal loop invariant preservation of goal pycsltojsonemitter___field_type_from_annotation'vc.
Prover result is: Valid (0.02s, 134366 steps).

File "/home/fabrice/git/pycsl/scratchpad/.pycsl_afaljp5k.mlw", line 3323, characters 15-19:
Sub-goal postcondition of goal pycsltojsonemitter___field_type_from_annotation'vc.
Prover result is: Valid (0.01s, 11481 steps).

File "/home/fabrice/git/pycsl/scratchpad/.pycsl_afaljp5k.mlw", line 3323, characters 15-19:
Sub-goal postcondition of goal pycsltojsonemitter___field_type_from_annotation'vc.
Prover result is: Valid (0.01s, 11351 steps).

File "/home/fabrice/git/pycsl/scratchpad/.pycsl_afaljp5k.mlw", line 3323, characters 15-19:
Sub-goal postcondition of goal pycsltojsonemitter___field_type_from_annotation'vc.
Prover result is: Valid (0.01s, 11408 steps).

File "/home/fabrice/git/pycsl/scratchpad/.pycsl_afaljp5k.mlw", line 3323, characters 15-19:
Sub-goal postcondition of goal pycsltojsonemitter___field_type_from_annotation'vc.
Prover result is: Valid (0.01s, 11208 steps).

File "/home/fabrice/git/pycsl/scratchpad/.pycsl_afaljp5k.mlw", line 3405, characters 15-19:
Sub-goal postcondition of goal pycsltojsonemitter___fresh_var'vc.
Prover result is: Valid (0.01s, 11176 steps).

File "/home/fabrice/git/pycsl/scratchpad/.pycsl_afaljp5k.mlw", line 3423, characters 24-74:
Sub-goal variant decrease of goal pycsltojsonemitter___is_decode_call__g_K_type'vc.
Prover result is: Valid (0.01s, 30034 steps).

File "/home/fabrice/git/pycsl/scratchpad/.pycsl_afaljp5k.mlw", line 3430, characters 24-74:
Sub-goal variant decrease of goal pycsltojsonemitter___is_decode_call__g_K_func'vc.
Prover result is: Valid (0.01s, 30034 steps).

File "/home/fabrice/git/pycsl/scratchpad/.pycsl_afaljp5k.mlw", line 3433, characters 32-36:
Sub-goal postcondition of goal pycsltojsonemitter___is_decode_call'vc.
Prover result is: Valid (0.01s, 11103 steps).

File "/home/fabrice/git/pycsl/scratchpad/.pycsl_afaljp5k.mlw", line 3446, characters 15-19:
Sub-goal postcondition of goal pycsltojsonemitter___is_final_annotation'vc.
Prover result is: Valid (0.01s, 11308 steps).

File "/home/fabrice/git/pycsl/scratchpad/.pycsl_afaljp5k.mlw", line 3451, characters 15-19:
Sub-goal postcondition of goal pycsltojsonemitter___is_namedtuple_class'vc.
Prover result is: Valid (0.00s, 11334 steps).

File "/home/fabrice/git/pycsl/scratchpad/.pycsl_afaljp5k.mlw", line 3456, characters 15-19:
Sub-goal postcondition of goal pycsltojsonemitter___is_overload_stub'vc.
Prover result is: Valid (0.01s, 11334 steps).

File "/home/fabrice/git/pycsl/scratchpad/.pycsl_afaljp5k.mlw", line 3467, characters 15-19:
Sub-goal postcondition of goal pycsltojsonemitter___is_protocol_class'vc.
Prover result is: Valid (0.01s, 11334 steps).

File "/home/fabrice/git/pycsl/scratchpad/.pycsl_afaljp5k.mlw", line 3472, characters 15-19:
Sub-goal postcondition of goal pycsltojsonemitter___is_typeddict_class'vc.
Prover result is: Valid (0.01s, 11334 steps).

File "/home/fabrice/git/pycsl/scratchpad/.pycsl_afaljp5k.mlw", line 3477, characters 15-19:
Sub-goal postcondition of goal pycsltojsonemitter___m5_get_dict_key_type'vc.
Prover result is: Valid (0.01s, 11777 steps).

File "/home/fabrice/git/pycsl/scratchpad/.pycsl_afaljp5k.mlw", line 3477, characters 15-19:
Sub-goal postcondition of goal pycsltojsonemitter___m5_get_dict_key_type'vc.
Prover result is: Valid (0.01s, 11775 steps).

File "/home/fabrice/git/pycsl/scratchpad/.pycsl_afaljp5k.mlw", line 3477, characters 15-19:
Sub-goal postcondition of goal pycsltojsonemitter___m5_get_dict_key_type'vc.
Prover result is: Valid (0.01s, 11618 steps).

File "/home/fabrice/git/pycsl/scratchpad/.pycsl_afaljp5k.mlw", line 3493, characters 15-19:
Sub-goal postcondition of goal pycsltojsonemitter___m5_get_dict_value_type'vc.
Prover result is: Valid (0.01s, 11777 steps).

File "/home/fabrice/git/pycsl/scratchpad/.pycsl_afaljp5k.mlw", line 3493, characters 15-19:
Sub-goal postcondition of goal pycsltojsonemitter___m5_get_dict_value_type'vc.
Prover result is: Valid (0.00s, 11834 steps).

File "/home/fabrice/git/pycsl/scratchpad/.pycsl_afaljp5k.mlw", line 3493, characters 15-19:
Sub-goal postcondition of goal pycsltojsonemitter___m5_get_dict_value_type'vc.
Prover result is: Valid (0.01s, 12216 steps).

File "/home/fabrice/git/pycsl/scratchpad/.pycsl_afaljp5k.mlw", line 3493, characters 15-19:
Sub-goal postcondition of goal pycsltojsonemitter___m5_get_dict_value_type'vc.
Prover result is: Valid (0.01s, 12489 steps).

File "/home/fabrice/git/pycsl/scratchpad/.pycsl_afaljp5k.mlw", line 3493, characters 15-19:
Sub-goal postcondition of goal pycsltojsonemitter___m5_get_dict_value_type'vc.
Prover result is: Valid (0.01s, 12341 steps).

File "/home/fabrice/git/pycsl/scratchpad/.pycsl_afaljp5k.mlw", line 3493, characters 15-19:
Sub-goal postcondition of goal pycsltojsonemitter___m5_get_dict_value_type'vc.
Prover result is: Valid (0.01s, 12318 steps).

File "/home/fabrice/git/pycsl/scratchpad/.pycsl_afaljp5k.mlw", line 3493, characters 15-19:
Sub-goal postcondition of goal pycsltojsonemitter___m5_get_dict_value_type'vc.
Prover result is: Valid (0.01s, 11618 steps).

File "/home/fabrice/git/pycsl/scratchpad/.pycsl_afaljp5k.mlw", line 3538, characters 15-19:
Sub-goal postcondition of goal pycsltojsonemitter___m5_get_type_name_legacy'vc.
Prover result is: Valid (0.01s, 11145 steps).

File "/home/fabrice/git/pycsl/scratchpad/.pycsl_afaljp5k.mlw", line 3538, characters 15-19:
Sub-goal postcondition of goal pycsltojsonemitter___m5_get_type_name_legacy'vc.
Prover result is: Valid (0.01s, 11305 steps).

File "/home/fabrice/git/pycsl/scratchpad/.pycsl_afaljp5k.mlw", line 3538, characters 15-19:
Sub-goal postcondition of goal pycsltojsonemitter___m5_get_type_name_legacy'vc.
Prover result is: Valid (0.00s, 11484 steps).

File "/home/fabrice/git/pycsl/scratchpad/.pycsl_afaljp5k.mlw", line 3538, characters 15-19:
Sub-goal postcondition of goal pycsltojsonemitter___m5_get_type_name_legacy'vc.
Prover result is: Valid (0.01s, 11368 steps).

File "/home/fabrice/git/pycsl/scratchpad/.pycsl_afaljp5k.mlw", line 3567, characters 30-44:
Sub-goal loop invariant init of goal pycsltojsonemitter___m5_get_type_name_legacy'vc.
Prover result is: Valid (0.01s, 11351 steps).

File "/home/fabrice/git/pycsl/scratchpad/.pycsl_afaljp5k.mlw", line 3568, characters 28-64:
Sub-goal loop variant decrease of goal pycsltojsonemitter___m5_get_type_name_legacy'vc.
Prover result is: Valid (0.02s, 124934 steps).

File "/home/fabrice/git/pycsl/scratchpad/.pycsl_afaljp5k.mlw", line 3567, characters 30-44:
Sub-goal loop invariant preservation of goal pycsltojsonemitter___m5_get_type_name_legacy'vc.
Prover result is: Valid (0.03s, 124746 steps).

File "/home/fabrice/git/pycsl/scratchpad/.pycsl_afaljp5k.mlw", line 3538, characters 15-19:
Sub-goal postcondition of goal pycsltojsonemitter___m5_get_type_name_legacy'vc.
Prover result is: Valid (0.01s, 11692 steps).

File "/home/fabrice/git/pycsl/scratchpad/.pycsl_afaljp5k.mlw", line 3538, characters 15-19:
Sub-goal postcondition of goal pycsltojsonemitter___m5_get_type_name_legacy'vc.
Prover result is: Valid (0.01s, 11865 steps).

File "/home/fabrice/git/pycsl/scratchpad/.pycsl_afaljp5k.mlw", line 3568, characters 28-64:
Sub-goal loop variant decrease of goal pycsltojsonemitter___m5_get_type_name_legacy'vc.
Prover result is: Valid (0.02s, 135728 steps).

File "/home/fabrice/git/pycsl/scratchpad/.pycsl_afaljp5k.mlw", line 3567, characters 30-44:
Sub-goal loop invariant preservation of goal pycsltojsonemitter___m5_get_type_name_legacy'vc.
Prover result is: Valid (0.02s, 135534 steps).

File "/home/fabrice/git/pycsl/scratchpad/.pycsl_afaljp5k.mlw", line 3538, characters 15-19:
Sub-goal postcondition of goal pycsltojsonemitter___m5_get_type_name_legacy'vc.
Prover result is: Valid (0.01s, 11481 steps).

File "/home/fabrice/git/pycsl/scratchpad/.pycsl_afaljp5k.mlw", line 3538, characters 15-19:
Sub-goal postcondition of goal pycsltojsonemitter___m5_get_type_name_legacy'vc.
Prover result is: Valid (0.01s, 11351 steps).

File "/home/fabrice/git/pycsl/scratchpad/.pycsl_afaljp5k.mlw", line 3538, characters 15-19:
Sub-goal postcondition of goal pycsltojsonemitter___m5_get_type_name_legacy'vc.
Prover result is: Valid (0.01s, 11305 steps).

File "/home/fabrice/git/pycsl/scratchpad/.pycsl_afaljp5k.mlw", line 3538, characters 15-19:
Sub-goal postcondition of goal pycsltojsonemitter___m5_get_type_name_legacy'vc.
Prover result is: Valid (0.01s, 11417 steps).

File "/home/fabrice/git/pycsl/scratchpad/.pycsl_afaljp5k.mlw", line 3538, characters 15-19:
Sub-goal postcondition of goal pycsltojsonemitter___m5_get_type_name_legacy'vc.
Prover result is: Valid (0.01s, 11208 steps).

File "/home/fabrice/git/pycsl/scratchpad/.pycsl_afaljp5k.mlw", line 3606, characters 15-19:
Sub-goal postcondition of goal pycsltojsonemitter___mixin_field_type'vc.
Prover result is: Valid (0.01s, 11241 steps).

File "/home/fabrice/git/pycsl/scratchpad/.pycsl_afaljp5k.mlw", line 3606, characters 15-19:
Sub-goal postcondition of goal pycsltojsonemitter___mixin_field_type'vc.
Prover result is: Valid (0.01s, 11459 steps).

File "/home/fabrice/git/pycsl/scratchpad/.pycsl_afaljp5k.mlw", line 3621, characters 15-19:
Sub-goal postcondition of goal pycsltojsonemitter___normalize_final_annotation'vc.
Prover result is: Valid (0.01s, 11262 steps).

File "/home/fabrice/git/pycsl/scratchpad/.pycsl_afaljp5k.mlw", line 3629, characters 68-140:
Sub-goal precondition of goal pycsltojsonemitter___normalize_final_annotation'vc.
Prover result is: Valid (0.01s, 11387 steps).

File "/home/fabrice/git/pycsl/scratchpad/.pycsl_afaljp5k.mlw", line 3621, characters 15-19:
Sub-goal postcondition of goal pycsltojsonemitter___normalize_final_annotation'vc.
Prover result is: Valid (0.01s, 11387 steps).

File "/home/fabrice/git/pycsl/scratchpad/.pycsl_afaljp5k.mlw", line 3621, characters 15-19:
Sub-goal postcondition of goal pycsltojsonemitter___normalize_final_annotation'vc.
Prover result is: Valid (0.01s, 11385 steps).

File "/home/fabrice/git/pycsl/scratchpad/.pycsl_afaljp5k.mlw", line 3647, characters 15-19:
Sub-goal postcondition of goal pycsltojsonemitter___overload_type_name'vc.
Prover result is: Valid (0.01s, 11318 steps).

File "/home/fabrice/git/pycsl/scratchpad/.pycsl_afaljp5k.mlw", line 3647, characters 15-19:
Sub-goal postcondition of goal pycsltojsonemitter___overload_type_name'vc.
Prover result is: Valid (0.01s, 11331 steps).

File "/home/fabrice/git/pycsl/scratchpad/.pycsl_afaljp5k.mlw", line 3647, characters 15-19:
Sub-goal postcondition of goal pycsltojsonemitter___overload_type_name'vc.
Prover result is: Valid (0.01s, 11162 steps).

File "/home/fabrice/git/pycsl/scratchpad/.pycsl_afaljp5k.mlw", line 3672, characters 10-61:
Sub-goal precondition of goal pycsltojsonemitter___process_for'vc.
Prover result is: Valid (0.01s, 11103 steps).

File "/home/fabrice/git/pycsl/scratchpad/.pycsl_afaljp5k.mlw", line 3672, characters 10-61:
Sub-goal termination of goal pycsltojsonemitter___process_for'vc.
Prover result is: Timeout (30.00s, 62548909 steps).

File "/home/fabrice/git/pycsl/scratchpad/.pycsl_afaljp5k.mlw", line 3669, characters 15-19:
Sub-goal postcondition of goal pycsltojsonemitter___process_for'vc.
Prover result is: Valid (0.00s, 11103 steps).

File "/home/fabrice/git/pycsl/scratchpad/.pycsl_afaljp5k.mlw", line 3679, characters 9-66:
Sub-goal precondition of goal pycsltojsonemitter___process_if'vc.
Prover result is: Valid (0.01s, 11103 steps).

File "/home/fabrice/git/pycsl/scratchpad/.pycsl_afaljp5k.mlw", line 3679, characters 9-66:
Sub-goal termination of goal pycsltojsonemitter___process_if'vc.
Prover result is: Timeout (30.00s, 62265357 steps).

File "/home/fabrice/git/pycsl/scratchpad/.pycsl_afaljp5k.mlw", line 3676, characters 15-19:
Sub-goal postcondition of goal pycsltojsonemitter___process_if'vc.
Prover result is: Valid (0.01s, 11103 steps).

File "/home/fabrice/git/pycsl/scratchpad/.pycsl_afaljp5k.mlw", line 3686, characters 12-72:
Sub-goal precondition of goal pycsltojsonemitter___process_while'vc.
Prover result is: Valid (0.01s, 11103 steps).

File "/home/fabrice/git/pycsl/scratchpad/.pycsl_afaljp5k.mlw", line 3686, characters 12-72:
Sub-goal termination of goal pycsltojsonemitter___process_while'vc.
Prover result is: Timeout (30.00s, 62168518 steps).

File "/home/fabrice/git/pycsl/scratchpad/.pycsl_afaljp5k.mlw", line 3683, characters 15-19:
Sub-goal postcondition of goal pycsltojsonemitter___process_while'vc.
Prover result is: Valid (0.01s, 11103 steps).

File "/home/fabrice/git/pycsl/scratchpad/.pycsl_afaljp5k.mlw", line 3695, characters 122-166:
Sub-goal precondition of goal pycsltojsonemitter___py_stmt_annassign'vc.
Prover result is: Valid (0.01s, 11240 steps).

File "/home/fabrice/git/pycsl/scratchpad/.pycsl_afaljp5k.mlw", line 3695, characters 122-166:
Sub-goal termination of goal pycsltojsonemitter___py_stmt_annassign'vc.
Prover result is: Timeout (30.00s, 68114035 steps).

File "/home/fabrice/git/pycsl/scratchpad/.pycsl_afaljp5k.mlw", line 3690, characters 15-19:
Sub-goal postcondition of goal pycsltojsonemitter___py_stmt_annassign'vc.
Prover result is: Valid (0.01s, 12132 steps).

File "/home/fabrice/git/pycsl/scratchpad/.pycsl_afaljp5k.mlw", line 3690, characters 15-19:
Sub-goal postcondition of goal pycsltojsonemitter___py_stmt_annassign'vc.
Prover result is: Valid (0.01s, 12136 steps).

File "/home/fabrice/git/pycsl/scratchpad/.pycsl_afaljp5k.mlw", line 3690, characters 15-19:
Sub-goal postcondition of goal pycsltojsonemitter___py_stmt_annassign'vc.
Prover result is: Valid (0.01s, 11227 steps).

File "/home/fabrice/git/pycsl/scratchpad/.pycsl_afaljp5k.mlw", line 3704, characters 44-105:
Sub-goal precondition of goal pycsltojsonemitter___py_stmt_assert'vc.
Prover result is: Valid (0.01s, 11272 steps).

File "/home/fabrice/git/pycsl/scratchpad/.pycsl_afaljp5k.mlw", line 3704, characters 44-105:
Sub-goal termination of goal pycsltojsonemitter___py_stmt_assert'vc.
Prover result is: Timeout (30.00s, 61699833 steps).

File "/home/fabrice/git/pycsl/scratchpad/.pycsl_afaljp5k.mlw", line 3700, characters 15-19:
Sub-goal postcondition of goal pycsltojsonemitter___py_stmt_assert'vc.
Prover result is: Valid (0.01s, 12087 steps).

File "/home/fabrice/git/pycsl/scratchpad/.pycsl_afaljp5k.mlw", line 3708, characters 15-19:
Sub-goal postcondition of goal pycsltojsonemitter___py_stmt_assign'vc.
Prover result is: Valid (0.01s, 12051 steps).

File "/home/fabrice/git/pycsl/scratchpad/.pycsl_afaljp5k.mlw", line 3708, characters 15-19:
Sub-goal postcondition of goal pycsltojsonemitter___py_stmt_assign'vc.
Prover result is: Valid (0.01s, 12182 steps).

File "/home/fabrice/git/pycsl/scratchpad/.pycsl_afaljp5k.mlw", line 3708, characters 15-19:
Sub-goal postcondition of goal pycsltojsonemitter___py_stmt_assign'vc.
Prover result is: Valid (0.01s, 12246 steps).

File "/home/fabrice/git/pycsl/scratchpad/.pycsl_afaljp5k.mlw", line 3708, characters 15-19:
Sub-goal postcondition of goal pycsltojsonemitter___py_stmt_assign'vc.
Prover result is: Valid (0.01s, 11398 steps).

File "/home/fabrice/git/pycsl/scratchpad/.pycsl_afaljp5k.mlw", line 3708, characters 15-19:
Sub-goal postcondition of goal pycsltojsonemitter___py_stmt_assign'vc.
Prover result is: Valid (0.01s, 12202 steps).

File "/home/fabrice/git/pycsl/scratchpad/.pycsl_afaljp5k.mlw", line 3708, characters 15-19:
Sub-goal postcondition of goal pycsltojsonemitter___py_stmt_assign'vc.
Prover result is: Valid (0.00s, 12064 steps).

File "/home/fabrice/git/pycsl/scratchpad/.pycsl_afaljp5k.mlw", line 3708, characters 15-19:
Sub-goal postcondition of goal pycsltojsonemitter___py_stmt_assign'vc.
Prover result is: Valid (0.01s, 12273 steps).

File "/home/fabrice/git/pycsl/scratchpad/.pycsl_afaljp5k.mlw", line 3708, characters 15-19:
Sub-goal postcondition of goal pycsltojsonemitter___py_stmt_assign'vc.
Prover result is: Valid (0.01s, 11227 steps).

File "/home/fabrice/git/pycsl/scratchpad/.pycsl_afaljp5k.mlw", line 3747, characters 140-202:
Sub-goal precondition of goal pycsltojsonemitter___py_stmt_augassign'vc.
Prover result is: Valid (0.01s, 11149 steps).

File "/home/fabrice/git/pycsl/scratchpad/.pycsl_afaljp5k.mlw", line 3747, characters 140-202:
Sub-goal termination of goal pycsltojsonemitter___py_stmt_augassign'vc.
Prover result is: Timeout (30.00s, 59906633 steps).

File "/home/fabrice/git/pycsl/scratchpad/.pycsl_afaljp5k.mlw", line 3747, characters 81-139:
Sub-goal precondition of goal pycsltojsonemitter___py_stmt_augassign'vc.
Prover result is: Valid (0.01s, 11149 steps).

File "/home/fabrice/git/pycsl/scratchpad/.pycsl_afaljp5k.mlw", line 3740, characters 15-19:
Sub-goal postcondition of goal pycsltojsonemitter___py_stmt_augassign'vc.
Prover result is: Valid (0.01s, 12041 steps).

File "/home/fabrice/git/pycsl/scratchpad/.pycsl_afaljp5k.mlw", line 3750, characters 147-209:
Sub-goal precondition of goal pycsltojsonemitter___py_stmt_augassign'vc.
Prover result is: Valid (0.01s, 11422 steps).

File "/home/fabrice/git/pycsl/scratchpad/.pycsl_afaljp5k.mlw", line 3750, characters 147-209:
Sub-goal termination of goal pycsltojsonemitter___py_stmt_augassign'vc.
Prover result is: Timeout (30.00s, 37348783 steps).

File "/home/fabrice/git/pycsl/scratchpad/.pycsl_afaljp5k.mlw", line 3750, characters 88-146:
Sub-goal precondition of goal pycsltojsonemitter___py_stmt_augassign'vc.
Prover result is: Valid (0.01s, 11422 steps).

File "/home/fabrice/git/pycsl/scratchpad/.pycsl_afaljp5k.mlw", line 3740, characters 15-19:
Sub-goal postcondition of goal pycsltojsonemitter___py_stmt_augassign'vc.
Prover result is: Valid (0.01s, 12251 steps).

File "/home/fabrice/git/pycsl/scratchpad/.pycsl_afaljp5k.mlw", line 3753, characters 22-97:
Sub-goal precondition of goal pycsltojsonemitter___py_stmt_augassign'vc.
Prover result is: Valid (0.01s, 11429 steps).

File "/home/fabrice/git/pycsl/scratchpad/.pycsl_afaljp5k.mlw", line 3753, characters 22-97:
Sub-goal termination of goal pycsltojsonemitter___py_stmt_augassign'vc.
Prover result is: Timeout (30.00s, 50233233 steps).

File "/home/fabrice/git/pycsl/scratchpad/.pycsl_afaljp5k.mlw", line 3755, characters 23-86:
Sub-goal precondition of goal pycsltojsonemitter___py_stmt_augassign'vc.
Prover result is: Valid (0.01s, 15481 steps).

File "/home/fabrice/git/pycsl/scratchpad/.pycsl_afaljp5k.mlw", line 3755, characters 23-86:
Sub-goal termination of goal pycsltojsonemitter___py_stmt_augassign'vc.
Prover result is: Timeout (30.00s, 59138711 steps).

File "/home/fabrice/git/pycsl/scratchpad/.pycsl_afaljp5k.mlw", line 3756, characters 217-279:
Sub-goal precondition of goal pycsltojsonemitter___py_stmt_augassign'vc.
Prover result is: Valid (0.01s, 15481 steps).

File "/home/fabrice/git/pycsl/scratchpad/.pycsl_afaljp5k.mlw", line 3756, characters 217-279:
Sub-goal termination of goal pycsltojsonemitter___py_stmt_augassign'vc.
Prover result is: Timeout (30.00s, 59176560 steps).

File "/home/fabrice/git/pycsl/scratchpad/.pycsl_afaljp5k.mlw", line 3756, characters 149-207:
Sub-goal precondition of goal pycsltojsonemitter___py_stmt_augassign'vc.
Prover result is: Valid (0.01s, 15481 steps).

File "/home/fabrice/git/pycsl/scratchpad/.pycsl_afaljp5k.mlw", line 3756, characters 54-129:
Sub-goal precondition of goal pycsltojsonemitter___py_stmt_augassign'vc.
Prover result is: Valid (0.01s, 15481 steps).

File "/home/fabrice/git/pycsl/scratchpad/.pycsl_afaljp5k.mlw", line 3756, characters 54-129:
Sub-goal termination of goal pycsltojsonemitter___py_stmt_augassign'vc.
Prover result is: Timeout (30.00s, 59254921 steps).

File "/home/fabrice/git/pycsl/scratchpad/.pycsl_afaljp5k.mlw", line 3740, characters 15-19:
Sub-goal postcondition of goal pycsltojsonemitter___py_stmt_augassign'vc.
Prover result is: Valid (0.01s, 16306 steps).

File "/home/fabrice/git/pycsl/scratchpad/.pycsl_afaljp5k.mlw", line 3740, characters 15-19:
Sub-goal postcondition of goal pycsltojsonemitter___py_stmt_augassign'vc.
Prover result is: Valid (0.01s, 15477 steps).

File "/home/fabrice/git/pycsl/scratchpad/.pycsl_afaljp5k.mlw", line 3740, characters 15-19:
Sub-goal postcondition of goal pycsltojsonemitter___py_stmt_augassign'vc.
Prover result is: Valid (0.01s, 11433 steps).

File "/home/fabrice/git/pycsl/scratchpad/.pycsl_afaljp5k.mlw", line 3764, characters 15-19:
Sub-goal postcondition of goal pycsltojsonemitter___py_stmt_break'vc.
Prover result is: Valid (0.01s, 11908 steps).

File "/home/fabrice/git/pycsl/scratchpad/.pycsl_afaljp5k.mlw", line 3772, characters 15-19:
Sub-goal postcondition of goal pycsltojsonemitter___py_stmt_continue'vc.
Prover result is: Valid (0.01s, 11908 steps).

File "/home/fabrice/git/pycsl/scratchpad/.pycsl_afaljp5k.mlw", line 3786, characters 18-43:
Sub-goal loop invariant init of goal pycsltojsonemitter___py_stmt_delete'vc.
Prover result is: Valid (0.02s, 112285 steps).

File "/home/fabrice/git/pycsl/scratchpad/.pycsl_afaljp5k.mlw", line 3787, characters 16-35:
Sub-goal loop variant decrease of goal pycsltojsonemitter___py_stmt_delete'vc.
Prover result is: Valid (0.01s, 74150 steps).

File "/home/fabrice/git/pycsl/scratchpad/.pycsl_afaljp5k.mlw", line 3786, characters 18-43:
Sub-goal loop invariant preservation of goal pycsltojsonemitter___py_stmt_delete'vc.
Prover result is: Valid (0.02s, 143494 steps).

File "/home/fabrice/git/pycsl/scratchpad/.pycsl_afaljp5k.mlw", line 3787, characters 16-35:
Sub-goal loop variant decrease of goal pycsltojsonemitter___py_stmt_delete'vc.
Prover result is: Valid (0.01s, 84749 steps).

File "/home/fabrice/git/pycsl/scratchpad/.pycsl_afaljp5k.mlw", line 3786, characters 18-43:
Sub-goal loop invariant preservation of goal pycsltojsonemitter___py_stmt_delete'vc.
Prover result is: Valid (0.03s, 153971 steps).

File "/home/fabrice/git/pycsl/scratchpad/.pycsl_afaljp5k.mlw", line 3780, characters 15-19:
Sub-goal postcondition of goal pycsltojsonemitter___py_stmt_delete'vc.
Prover result is: Valid (0.01s, 11227 steps).

File "/home/fabrice/git/pycsl/scratchpad/.pycsl_afaljp5k.mlw", line 3797, characters 15-19:
Sub-goal postcondition of goal pycsltojsonemitter___py_stmt_expr'vc.
Prover result is: Valid (0.01s, 11164 steps).

File "/home/fabrice/git/pycsl/scratchpad/.pycsl_afaljp5k.mlw", line 3805, characters 44-101:
Sub-goal precondition of goal pycsltojsonemitter___py_stmt_expr'vc.
Prover result is: Valid (0.01s, 11162 steps).

File "/home/fabrice/git/pycsl/scratchpad/.pycsl_afaljp5k.mlw", line 3805, characters 44-101:
Sub-goal termination of goal pycsltojsonemitter___py_stmt_expr'vc.
Prover result is: Timeout (30.00s, 65916960 steps).

File "/home/fabrice/git/pycsl/scratchpad/.pycsl_afaljp5k.mlw", line 3797, characters 15-19:
Sub-goal postcondition of goal pycsltojsonemitter___py_stmt_expr'vc.
Prover result is: Valid (0.01s, 11977 steps).

File "/home/fabrice/git/pycsl/scratchpad/.pycsl_afaljp5k.mlw", line 3815, characters 35-79:
Sub-goal precondition of goal pycsltojsonemitter___py_stmt_for'vc.
Prover result is: Valid (0.01s, 11103 steps).

File "/home/fabrice/git/pycsl/scratchpad/.pycsl_afaljp5k.mlw", line 3815, characters 35-79:
Sub-goal termination of goal pycsltojsonemitter___py_stmt_for'vc.
Prover result is: Timeout (30.00s, 62199850 steps).

File "/home/fabrice/git/pycsl/scratchpad/.pycsl_afaljp5k.mlw", line 3811, characters 15-19:
Sub-goal postcondition of goal pycsltojsonemitter___py_stmt_for'vc.
Prover result is: Valid (0.01s, 11908 steps).

File "/home/fabrice/git/pycsl/scratchpad/.pycsl_afaljp5k.mlw", line 3823, characters 35-78:
Sub-goal precondition of goal pycsltojsonemitter___py_stmt_if'vc.
Prover result is: Valid (0.01s, 11103 steps).

File "/home/fabrice/git/pycsl/scratchpad/.pycsl_afaljp5k.mlw", line 3823, characters 35-78:
Sub-goal termination of goal pycsltojsonemitter___py_stmt_if'vc.
Prover result is: Timeout (30.00s, 61466605 steps).

File "/home/fabrice/git/pycsl/scratchpad/.pycsl_afaljp5k.mlw", line 3819, characters 15-19:
Sub-goal postcondition of goal pycsltojsonemitter___py_stmt_if'vc.
Prover result is: Valid (0.01s, 11908 steps).

File "/home/fabrice/git/pycsl/scratchpad/.pycsl_afaljp5k.mlw", line 3834, characters 18-43:
Sub-goal loop invariant init of goal pycsltojsonemitter___py_stmt_match'vc.
Prover result is: Valid (0.02s, 112285 steps).

File "/home/fabrice/git/pycsl/scratchpad/.pycsl_afaljp5k.mlw", line 3835, characters 16-35:
Sub-goal loop variant decrease of goal pycsltojsonemitter___py_stmt_match'vc.
Prover result is: Valid (0.01s, 69287 steps).

File "/home/fabrice/git/pycsl/scratchpad/.pycsl_afaljp5k.mlw", line 3834, characters 18-43:
Sub-goal loop invariant preservation of goal pycsltojsonemitter___py_stmt_match'vc.
Prover result is: Valid (0.03s, 138817 steps).

File "/home/fabrice/git/pycsl/scratchpad/.pycsl_afaljp5k.mlw", line 3827, characters 15-19:
Sub-goal postcondition of goal pycsltojsonemitter___py_stmt_match'vc.
Prover result is: Valid (0.01s, 12448 steps).

File "/home/fabrice/git/pycsl/scratchpad/.pycsl_afaljp5k.mlw", line 3850, characters 15-19:
Sub-goal postcondition of goal pycsltojsonemitter___py_stmt_pass'vc.
Prover result is: Valid (0.01s, 11908 steps).

File "/home/fabrice/git/pycsl/scratchpad/.pycsl_afaljp5k.mlw", line 3870, characters 32-88:
Sub-goal precondition of goal pycsltojsonemitter___py_stmt_raise'vc.
Prover result is: Valid (0.00s, 11327 steps).

File "/home/fabrice/git/pycsl/scratchpad/.pycsl_afaljp5k.mlw", line 3870, characters 32-88:
Sub-goal termination of goal pycsltojsonemitter___py_stmt_raise'vc.
Prover result is: Timeout (30.00s, 71025529 steps).

File "/home/fabrice/git/pycsl/scratchpad/.pycsl_afaljp5k.mlw", line 3858, characters 15-19:
Sub-goal postcondition of goal pycsltojsonemitter___py_stmt_raise'vc.
Prover result is: Valid (0.00s, 12209 steps).

File "/home/fabrice/git/pycsl/scratchpad/.pycsl_afaljp5k.mlw", line 3858, characters 15-19:
Sub-goal postcondition of goal pycsltojsonemitter___py_stmt_raise'vc.
Prover result is: Valid (0.01s, 12167 steps).

File "/home/fabrice/git/pycsl/scratchpad/.pycsl_afaljp5k.mlw", line 3858, characters 15-19:
Sub-goal postcondition of goal pycsltojsonemitter___py_stmt_raise'vc.
Prover result is: Valid (0.00s, 12161 steps).

File "/home/fabrice/git/pycsl/scratchpad/.pycsl_afaljp5k.mlw", line 3858, characters 15-19:
Sub-goal postcondition of goal pycsltojsonemitter___py_stmt_raise'vc.
Prover result is: Valid (0.01s, 12062 steps).

File "/home/fabrice/git/pycsl/scratchpad/.pycsl_afaljp5k.mlw", line 3858, characters 15-19:
Sub-goal postcondition of goal pycsltojsonemitter___py_stmt_raise'vc.
Prover result is: Valid (0.01s, 11944 steps).

File "/home/fabrice/git/pycsl/scratchpad/.pycsl_afaljp5k.mlw", line 3880, characters 22-70:
Sub-goal goal of goal pycsltojsonemitter___py_stmt_raise__union_arm_Arm_0_0_inj.
Prover result is: Valid (0.01s, 11117 steps).

File "/home/fabrice/git/pycsl/scratchpad/.pycsl_afaljp5k.mlw", line 3882, characters 67-72:
Sub-goal goal of goal pycsltojsonemitter___py_stmt_raise__union_arm_Arm_0_0_proj.
Prover result is: Valid (0.01s, 11112 steps).

File "/home/fabrice/git/pycsl/scratchpad/.pycsl_afaljp5k.mlw", line 3884, characters 23-71:
Sub-goal goal of goal pycsltojsonemitter___py_stmt_raise__union_arm_Arm_1_0_inj.
Prover result is: Valid (0.01s, 11117 steps).

File "/home/fabrice/git/pycsl/scratchpad/.pycsl_afaljp5k.mlw", line 3886, characters 67-72:
Sub-goal goal of goal pycsltojsonemitter___py_stmt_raise__union_arm_Arm_1_0_proj.
Prover result is: Valid (0.01s, 11112 steps).

File "/home/fabrice/git/pycsl/scratchpad/.pycsl_afaljp5k.mlw", line 3894, characters 96-140:
Sub-goal precondition of goal pycsltojsonemitter___py_stmt_return'vc.
Prover result is: Valid (0.01s, 11112 steps).

File "/home/fabrice/git/pycsl/scratchpad/.pycsl_afaljp5k.mlw", line 3894, characters 96-140:
Sub-goal termination of goal pycsltojsonemitter___py_stmt_return'vc.
Prover result is: Timeout (30.00s, 64160958 steps).

File "/home/fabrice/git/pycsl/scratchpad/.pycsl_afaljp5k.mlw", line 3890, characters 15-19:
Sub-goal postcondition of goal pycsltojsonemitter___py_stmt_return'vc.
Prover result is: Valid (0.01s, 11937 steps).

File "/home/fabrice/git/pycsl/scratchpad/.pycsl_afaljp5k.mlw", line 3890, characters 15-19:
Sub-goal postcondition of goal pycsltojsonemitter___py_stmt_return'vc.
Prover result is: Valid (0.01s, 11923 steps).

File "/home/fabrice/git/pycsl/scratchpad/.pycsl_afaljp5k.mlw", line 3905, characters 18-43:
Sub-goal loop invariant init of goal pycsltojsonemitter___py_stmt_try'vc.
Prover result is: Valid (0.02s, 112285 steps).

File "/home/fabrice/git/pycsl/scratchpad/.pycsl_afaljp5k.mlw", line 3906, characters 16-35:
Sub-goal loop variant decrease of goal pycsltojsonemitter___py_stmt_try'vc.
Prover result is: Valid (0.01s, 72086 steps).

File "/home/fabrice/git/pycsl/scratchpad/.pycsl_afaljp5k.mlw", line 3905, characters 18-43:
Sub-goal loop invariant preservation of goal pycsltojsonemitter___py_stmt_try'vc.
Prover result is: Valid (0.03s, 143675 steps).

File "/home/fabrice/git/pycsl/scratchpad/.pycsl_afaljp5k.mlw", line 3898, characters 15-19:
Sub-goal postcondition of goal pycsltojsonemitter___py_stmt_try'vc.
Prover result is: Valid (0.01s, 12478 steps).

File "/home/fabrice/git/pycsl/scratchpad/.pycsl_afaljp5k.mlw", line 3931, characters 35-81:
Sub-goal precondition of goal pycsltojsonemitter___py_stmt_while'vc.
Prover result is: Valid (0.01s, 11103 steps).

File "/home/fabrice/git/pycsl/scratchpad/.pycsl_afaljp5k.mlw", line 3931, characters 35-81:
Sub-goal termination of goal pycsltojsonemitter___py_stmt_while'vc.
Prover result is: Timeout (30.00s, 61453146 steps).

File "/home/fabrice/git/pycsl/scratchpad/.pycsl_afaljp5k.mlw", line 3927, characters 15-19:
Sub-goal postcondition of goal pycsltojsonemitter___py_stmt_while'vc.
Prover result is: Valid (0.01s, 11908 steps).

File "/home/fabrice/git/pycsl/scratchpad/.pycsl_afaljp5k.mlw", line 3935, characters 15-19:
Sub-goal postcondition of goal pycsltojsonemitter___py_stmt_with'vc.
Prover result is: Valid (0.01s, 11949 steps).

File "/home/fabrice/git/pycsl/scratchpad/.pycsl_afaljp5k.mlw", line 3935, characters 15-19:
Sub-goal postcondition of goal pycsltojsonemitter___py_stmt_with'vc.
Prover result is: Valid (0.01s, 12109 steps).

File "/home/fabrice/git/pycsl/scratchpad/.pycsl_afaljp5k.mlw", line 3952, characters 15-19:
Sub-goal postcondition of goal pycsltojsonemitter___should_skip_method'vc.
Prover result is: Valid (0.01s, 11108 steps).

File "/home/fabrice/git/pycsl/scratchpad/.pycsl_afaljp5k.mlw", line 3964, characters 15-19:
Sub-goal postcondition of goal pycsltojsonemitter___synthesize_overload_guard'vc.
Prover result is: Valid (0.01s, 11751 steps).

File "/home/fabrice/git/pycsl/scratchpad/.pycsl_afaljp5k.mlw", line 3978, characters 15-19:
Sub-goal postcondition of goal pycsltojsonemitter___wrap_optional'vc.
Prover result is: Valid (0.01s, 11103 steps).

File "/home/fabrice/git/pycsl/scratchpad/.pycsl_afaljp5k.mlw", line 3991, characters 15-19:
Sub-goal postcondition of goal pycsltojsonemitter___typeddict_field_type'vc.
Prover result is: Valid (0.01s, 11324 steps).

File "/home/fabrice/git/pycsl/scratchpad/.pycsl_afaljp5k.mlw", line 3999, characters 26-101:
Sub-goal precondition of goal pycsltojsonemitter___typeddict_field_type'vc.
Prover result is: Valid (0.01s, 11439 steps).

File "/home/fabrice/git/pycsl/scratchpad/.pycsl_afaljp5k.mlw", line 3991, characters 15-19:
Sub-goal postcondition of goal pycsltojsonemitter___typeddict_field_type'vc.
Prover result is: Valid (0.01s, 11439 steps).

File "/home/fabrice/git/pycsl/scratchpad/.pycsl_afaljp5k.mlw", line 4002, characters 28-91:
Sub-goal precondition of goal pycsltojsonemitter___typeddict_field_type'vc.
Prover result is: Valid (0.01s, 11442 steps).

File "/home/fabrice/git/pycsl/scratchpad/.pycsl_afaljp5k.mlw", line 3991, characters 15-19:
Sub-goal postcondition of goal pycsltojsonemitter___typeddict_field_type'vc.
Prover result is: Valid (0.01s, 11442 steps).

File "/home/fabrice/git/pycsl/scratchpad/.pycsl_afaljp5k.mlw", line 3991, characters 15-19:
Sub-goal postcondition of goal pycsltojsonemitter___typeddict_field_type'vc.
Prover result is: Valid (0.01s, 11446 steps).

File "/home/fabrice/git/pycsl/scratchpad/.pycsl_afaljp5k.mlw", line 4012, characters 15-19:
Sub-goal postcondition of goal pycsltojsonemitter___union_arm_tag'vc.
Prover result is: Valid (0.01s, 11160 steps).

File "/home/fabrice/git/pycsl/scratchpad/.pycsl_afaljp5k.mlw", line 4012, characters 15-19:
Sub-goal postcondition of goal pycsltojsonemitter___union_arm_tag'vc.
Prover result is: Valid (0.01s, 11270 steps).

File "/home/fabrice/git/pycsl/scratchpad/.pycsl_afaljp5k.mlw", line 4012, characters 15-19:
Sub-goal postcondition of goal pycsltojsonemitter___union_arm_tag'vc.
Prover result is: Valid (0.01s, 11281 steps).

File "/home/fabrice/git/pycsl/scratchpad/.pycsl_afaljp5k.mlw", line 4012, characters 15-19:
Sub-goal postcondition of goal pycsltojsonemitter___union_arm_tag'vc.
Prover result is: Valid (0.01s, 11544 steps).

File "/home/fabrice/git/pycsl/scratchpad/.pycsl_afaljp5k.mlw", line 4030, characters 24-40:
Sub-goal array creation size of goal pycsltojsonemitter___union_arm_tag'vc.
Prover result is: Valid (0.01s, 11471 steps).

File "/home/fabrice/git/pycsl/scratchpad/.pycsl_afaljp5k.mlw", line 4012, characters 15-19:
Sub-goal postcondition of goal pycsltojsonemitter___union_arm_tag'vc.
Prover result is: Valid (0.01s, 11768 steps).

File "/home/fabrice/git/pycsl/scratchpad/.pycsl_afaljp5k.mlw", line 4012, characters 15-19:
Sub-goal postcondition of goal pycsltojsonemitter___union_arm_tag'vc.
Prover result is: Valid (0.01s, 12726 steps).

File "/home/fabrice/git/pycsl/scratchpad/.pycsl_afaljp5k.mlw", line 4012, characters 15-19:
Sub-goal postcondition of goal pycsltojsonemitter___union_arm_tag'vc.
Prover result is: Valid (0.01s, 12724 steps).

File "/home/fabrice/git/pycsl/scratchpad/.pycsl_afaljp5k.mlw", line 4012, characters 15-19:
Sub-goal postcondition of goal pycsltojsonemitter___union_arm_tag'vc.
Prover result is: Valid (0.01s, 11480 steps).

File "/home/fabrice/git/pycsl/scratchpad/.pycsl_afaljp5k.mlw", line 4012, characters 15-19:
Sub-goal postcondition of goal pycsltojsonemitter___union_arm_tag'vc.
Prover result is: Valid (0.01s, 11569 steps).

File "/home/fabrice/git/pycsl/scratchpad/.pycsl_afaljp5k.mlw", line 4012, characters 15-19:
Sub-goal postcondition of goal pycsltojsonemitter___union_arm_tag'vc.
Prover result is: Valid (0.00s, 11601 steps).

File "/home/fabrice/git/pycsl/scratchpad/.pycsl_afaljp5k.mlw", line 4012, characters 15-19:
Sub-goal postcondition of goal pycsltojsonemitter___union_arm_tag'vc.
Prover result is: Valid (0.01s, 11657 steps).

File "/home/fabrice/git/pycsl/scratchpad/.pycsl_afaljp5k.mlw", line 4012, characters 15-19:
Sub-goal postcondition of goal pycsltojsonemitter___union_arm_tag'vc.
Prover result is: Valid (0.01s, 11803 steps).

File "/home/fabrice/git/pycsl/scratchpad/.pycsl_afaljp5k.mlw", line 4012, characters 15-19:
Sub-goal postcondition of goal pycsltojsonemitter___union_arm_tag'vc.
Prover result is: Valid (0.00s, 11859 steps).

File "/home/fabrice/git/pycsl/scratchpad/.pycsl_afaljp5k.mlw", line 4012, characters 15-19:
Sub-goal postcondition of goal pycsltojsonemitter___union_arm_tag'vc.
Prover result is: Valid (0.01s, 11974 steps).

File "/home/fabrice/git/pycsl/scratchpad/.pycsl_afaljp5k.mlw", line 4012, characters 15-19:
Sub-goal postcondition of goal pycsltojsonemitter___union_arm_tag'vc.
Prover result is: Valid (0.00s, 11533 steps).

Warnings/Errors from Why3:
Warning, file "/home/fabrice/git/pycsl/scratchpad/.pycsl_afaljp5k.mlw", line 1567, characters 17-19: unused variable x0
Warning, file "/home/fabrice/git/pycsl/scratchpad/.pycsl_afaljp5k.mlw", line 1637, characters 29-33: unused variable self
Warning, file "/home/fabrice/git/pycsl/scratchpad/.pycsl_afaljp5k.mlw", line 1637, characters 53-56: unused variable msg
Warning, file "/home/fabrice/git/pycsl/scratchpad/.pycsl_afaljp5k.mlw", line 1662, characters 41-45: unused variable self
Warning, file "/home/fabrice/git/pycsl/scratchpad/.pycsl_afaljp5k.mlw", line 1751, characters 42-46: unused variable self
Warning, file "/home/fabrice/git/pycsl/scratchpad/.pycsl_afaljp5k.mlw", line 1796, characters 21-27: unused variable source
Warning, file "/home/fabrice/git/pycsl/scratchpad/.pycsl_afaljp5k.mlw", line 1799, characters 38-42: unused variable self
Warning, file "/home/fabrice/git/pycsl/scratchpad/.pycsl_afaljp5k.mlw", line 1799, characters 61-73: unused variable contract_str
Warning, file "/home/fabrice/git/pycsl/scratchpad/.pycsl_afaljp5k.mlw", line 1799, characters 84-95: unused variable line_number
Warning, file "/home/fabrice/git/pycsl/scratchpad/.pycsl_afaljp5k.mlw", line 1804, characters 40-44: unused variable self
Warning, file "/home/fabrice/git/pycsl/scratchpad/.pycsl_afaljp5k.mlw", line 1804, characters 66-72: unused variable indent
Warning, file "/home/fabrice/git/pycsl/scratchpad/.pycsl_afaljp5k.mlw", line 1806, characters 15-19: unused variable result
Warning, file "/home/fabrice/git/pycsl/scratchpad/.pycsl_afaljp5k.mlw", line 1816, characters 44-48: unused variable self
Warning, file "/home/fabrice/git/pycsl/scratchpad/.pycsl_afaljp5k.mlw", line 1816, characters 71-74: unused variable rhs
Warning, file "/home/fabrice/git/pycsl/scratchpad/.pycsl_afaljp5k.mlw", line 1818, characters 15-19: unused variable result
Warning, file "/home/fabrice/git/pycsl/scratchpad/.pycsl_afaljp5k.mlw", line 1820, characters 73-77: unused variable node
Warning, file "/home/fabrice/git/pycsl/scratchpad/.pycsl_afaljp5k.mlw", line 1822, characters 15-19: unused variable result
Warning, file "/home/fabrice/git/pycsl/scratchpad/.pycsl_afaljp5k.mlw", line 1825, characters 83-87: unused variable node
Warning, file "/home/fabrice/git/pycsl/scratchpad/.pycsl_afaljp5k.mlw", line 1827, characters 15-19: unused variable result
Warning, file "/home/fabrice/git/pycsl/scratchpad/.pycsl_afaljp5k.mlw", line 1830, characters 55-59: unused variable self
Warning, file "/home/fabrice/git/pycsl/scratchpad/.pycsl_afaljp5k.mlw", line 1832, characters 15-19: unused variable result
Warning, file "/home/fabrice/git/pycsl/scratchpad/.pycsl_afaljp5k.mlw", line 1835, characters 46-50: unused variable self
Warning, file "/home/fabrice/git/pycsl/scratchpad/.pycsl_afaljp5k.mlw", line 1837, characters 15-19: unused variable result
Warning, file "/home/fabrice/git/pycsl/scratchpad/.pycsl_afaljp5k.mlw", line 1857, characters 51-55: unused variable self
Warning, file "/home/fabrice/git/pycsl/scratchpad/.pycsl_afaljp5k.mlw", line 1859, characters 15-19: unused variable result
Warning, file "/home/fabrice/git/pycsl/scratchpad/.pycsl_afaljp5k.mlw", line 2100, characters 32-36: unused variable result
Warning, file "/home/fabrice/git/pycsl/scratchpad/.pycsl_afaljp5k.mlw", line 2104, characters 44-48: unused variable self
Warning, file "/home/fabrice/git/pycsl/scratchpad/.pycsl_afaljp5k.mlw", line 2106, characters 15-19: unused variable result
Warning, file "/home/fabrice/git/pycsl/scratchpad/.pycsl_afaljp5k.mlw", line 2126, characters 8-13: unused variable child
Warning, file "/home/fabrice/git/pycsl/scratchpad/.pycsl_afaljp5k.mlw", line 2123, characters 15-19: unused variable result
Warning, file "/home/fabrice/git/pycsl/scratchpad/.pycsl_afaljp5k.mlw", line 2169, characters 76-80: unused variable node
Warning, file "/home/fabrice/git/pycsl/scratchpad/.pycsl_afaljp5k.mlw", line 2171, characters 15-19: unused variable result
Warning, file "/home/fabrice/git/pycsl/scratchpad/.pycsl_afaljp5k.mlw", line 2181, characters 8-13: unused variable cstmt
Warning, file "/home/fabrice/git/pycsl/scratchpad/.pycsl_afaljp5k.mlw", line 2180, characters 8-12: unused variable stmt
Warning, file "/home/fabrice/git/pycsl/scratchpad/.pycsl_afaljp5k.mlw", line 2179, characters 8-11: unused variable sub
Warning, file "/home/fabrice/git/pycsl/scratchpad/.pycsl_afaljp5k.mlw", line 2240, characters 32-36: unused variable result
Warning, file "/home/fabrice/git/pycsl/scratchpad/.pycsl_afaljp5k.mlw", line 2265, characters 32-36: unused variable result
Warning, file "/home/fabrice/git/pycsl/scratchpad/.pycsl_afaljp5k.mlw", line 2259, characters 32-36: unused variable result
Warning, file "/home/fabrice/git/pycsl/scratchpad/.pycsl_afaljp5k.mlw", line 2252, characters 32-36: unused variable result
Warning, file "/home/fabrice/git/pycsl/scratchpad/.pycsl_afaljp5k.mlw", line 2269, characters 32-36: unused variable result
Warning, file "/home/fabrice/git/pycsl/scratchpad/.pycsl_afaljp5k.mlw", line 2278, characters 8-11: unused variable elt
Warning, file "/home/fabrice/git/pycsl/scratchpad/.pycsl_afaljp5k.mlw", line 2277, characters 8-17: unused variable names_len
Warning, file "/home/fabrice/git/pycsl/scratchpad/.pycsl_afaljp5k.mlw", line 2271, characters 54-58: unused variable self
Warning, file "/home/fabrice/git/pycsl/scratchpad/.pycsl_afaljp5k.mlw", line 2273, characters 15-19: unused variable result
Warning, file "/home/fabrice/git/pycsl/scratchpad/.pycsl_afaljp5k.mlw", line 2343, characters 137-141: unused variable m_or
Warning, file "/home/fabrice/git/pycsl/scratchpad/.pycsl_afaljp5k.mlw", line 2313, characters 8-9: unused variable b
Warning, file "/home/fabrice/git/pycsl/scratchpad/.pycsl_afaljp5k.mlw", line 2308, characters 8-10: unused variable nm
Warning, file "/home/fabrice/git/pycsl/scratchpad/.pycsl_afaljp5k.mlw", line 2307, characters 8-10: unused variable tp
Warning, file "/home/fabrice/git/pycsl/scratchpad/.pycsl_afaljp5k.mlw", line 2306, characters 8-15: unused variable out_len
Warning, file "/home/fabrice/git/pycsl/scratchpad/.pycsl_afaljp5k.mlw", line 2303, characters 15-19: unused variable result
Warning, file "/home/fabrice/git/pycsl/scratchpad/.pycsl_afaljp5k.mlw", line 2369, characters 8-10: unused variable kw
Warning, file "/home/fabrice/git/pycsl/scratchpad/.pycsl_afaljp5k.mlw", line 2367, characters 8-12: unused variable stmt
Warning, file "/home/fabrice/git/pycsl/scratchpad/.pycsl_afaljp5k.mlw", line 2361, characters 53-57: unused variable self
Warning, file "/home/fabrice/git/pycsl/scratchpad/.pycsl_afaljp5k.mlw", line 2363, characters 15-19: unused variable result
Warning, file "/home/fabrice/git/pycsl/scratchpad/.pycsl_afaljp5k.mlw", line 2417, characters 47-51: unused variable self
Warning, file "/home/fabrice/git/pycsl/scratchpad/.pycsl_afaljp5k.mlw", line 2417, characters 74-82: unused variable ann_expr
Warning, file "/home/fabrice/git/pycsl/scratchpad/.pycsl_afaljp5k.mlw", line 2419, characters 15-19: unused variable result
Warning, file "/home/fabrice/git/pycsl/scratchpad/.pycsl_afaljp5k.mlw", line 2421, characters 41-45: unused variable self
Warning, file "/home/fabrice/git/pycsl/scratchpad/.pycsl_afaljp5k.mlw", line 2423, characters 15-19: unused variable result
Warning, file "/home/fabrice/git/pycsl/scratchpad/.pycsl_afaljp5k.mlw", line 2428, characters 41-45: unused variable self
Warning, file "/home/fabrice/git/pycsl/scratchpad/.pycsl_afaljp5k.mlw", line 2428, characters 68-72: unused variable expr
Warning, file "/home/fabrice/git/pycsl/scratchpad/.pycsl_afaljp5k.mlw", line 2430, characters 15-19: unused variable result
Warning, file "/home/fabrice/git/pycsl/scratchpad/.pycsl_afaljp5k.mlw", line 2432, characters 45-49: unused variable self
Warning, file "/home/fabrice/git/pycsl/scratchpad/.pycsl_afaljp5k.mlw", line 2434, characters 15-19: unused variable result
Warning, file "/home/fabrice/git/pycsl/scratchpad/.pycsl_afaljp5k.mlw", line 2465, characters 44-48: unused variable self
Warning, file "/home/fabrice/git/pycsl/scratchpad/.pycsl_afaljp5k.mlw", line 2465, characters 71-75: unused variable expr
Warning, file "/home/fabrice/git/pycsl/scratchpad/.pycsl_afaljp5k.mlw", line 2467, characters 15-19: unused variable result
Warning, file "/home/fabrice/git/pycsl/scratchpad/.pycsl_afaljp5k.mlw", line 2469, characters 41-45: unused variable self
Warning, file "/home/fabrice/git/pycsl/scratchpad/.pycsl_afaljp5k.mlw", line 2471, characters 15-19: unused variable result
Warning, file "/home/fabrice/git/pycsl/scratchpad/.pycsl_afaljp5k.mlw", line 2623, characters 15-19: unused variable result
Warning, file "/home/fabrice/git/pycsl/scratchpad/.pycsl_afaljp5k.mlw", line 2608, characters 15-19: unused variable result
Warning, file "/home/fabrice/git/pycsl/scratchpad/.pycsl_afaljp5k.mlw", line 2601, characters 15-19: unused variable result
Warning, file "/home/fabrice/git/pycsl/scratchpad/.pycsl_afaljp5k.mlw", line 2593, characters 44-48: unused variable self
Warning, file "/home/fabrice/git/pycsl/scratchpad/.pycsl_afaljp5k.mlw", line 2595, characters 15-19: unused variable result
Warning, file "/home/fabrice/git/pycsl/scratchpad/.pycsl_afaljp5k.mlw", line 2590, characters 15-19: unused variable result
Warning, file "/home/fabrice/git/pycsl/scratchpad/.pycsl_afaljp5k.mlw", line 2583, characters 42-46: unused variable self
Warning, file "/home/fabrice/git/pycsl/scratchpad/.pycsl_afaljp5k.mlw", line 2585, characters 15-19: unused variable result
Warning, file "/home/fabrice/git/pycsl/scratchpad/.pycsl_afaljp5k.mlw", line 2578, characters 46-50: unused variable self
Warning, file "/home/fabrice/git/pycsl/scratchpad/.pycsl_afaljp5k.mlw", line 2580, characters 15-19: unused variable result
Warning, file "/home/fabrice/git/pycsl/scratchpad/.pycsl_afaljp5k.mlw", line 2573, characters 44-48: unused variable self
Warning, file "/home/fabrice/git/pycsl/scratchpad/.pycsl_afaljp5k.mlw", line 2575, characters 15-19: unused variable result
Warning, file "/home/fabrice/git/pycsl/scratchpad/.pycsl_afaljp5k.mlw", line 2568, characters 15-19: unused variable result
Warning, file "/home/fabrice/git/pycsl/scratchpad/.pycsl_afaljp5k.mlw", line 2561, characters 44-48: unused variable self
Warning, file "/home/fabrice/git/pycsl/scratchpad/.pycsl_afaljp5k.mlw", line 2563, characters 15-19: unused variable result
Warning, file "/home/fabrice/git/pycsl/scratchpad/.pycsl_afaljp5k.mlw", line 2555, characters 42-46: unused variable self
Warning, file "/home/fabrice/git/pycsl/scratchpad/.pycsl_afaljp5k.mlw", line 2557, characters 15-19: unused variable result
Warning, file "/home/fabrice/git/pycsl/scratchpad/.pycsl_afaljp5k.mlw", line 2550, characters 46-50: unused variable self
Warning, file "/home/fabrice/git/pycsl/scratchpad/.pycsl_afaljp5k.mlw", line 2552, characters 15-19: unused variable result
Warning, file "/home/fabrice/git/pycsl/scratchpad/.pycsl_afaljp5k.mlw", line 2544, characters 41-45: unused variable self
Warning, file "/home/fabrice/git/pycsl/scratchpad/.pycsl_afaljp5k.mlw", line 2546, characters 15-19: unused variable result
Warning, file "/home/fabrice/git/pycsl/scratchpad/.pycsl_afaljp5k.mlw", line 2539, characters 45-49: unused variable self
Warning, file "/home/fabrice/git/pycsl/scratchpad/.pycsl_afaljp5k.mlw", line 2541, characters 15-19: unused variable result
Warning, file "/home/fabrice/git/pycsl/scratchpad/.pycsl_afaljp5k.mlw", line 2534, characters 15-19: unused variable result
Warning, file "/home/fabrice/git/pycsl/scratchpad/.pycsl_afaljp5k.mlw", line 2527, characters 15-19: unused variable result
Warning, file "/home/fabrice/git/pycsl/scratchpad/.pycsl_afaljp5k.mlw", line 2510, characters 15-19: unused variable result
Warning, file "/home/fabrice/git/pycsl/scratchpad/.pycsl_afaljp5k.mlw", line 2502, characters 43-47: unused variable self
Warning, file "/home/fabrice/git/pycsl/scratchpad/.pycsl_afaljp5k.mlw", line 2504, characters 15-19: unused variable result
Warning, file "/home/fabrice/git/pycsl/scratchpad/.pycsl_afaljp5k.mlw", line 2497, characters 15-19: unused variable result
Warning, file "/home/fabrice/git/pycsl/scratchpad/.pycsl_afaljp5k.mlw", line 2488, characters 15-19: unused variable result
Warning, file "/home/fabrice/git/pycsl/scratchpad/.pycsl_afaljp5k.mlw", line 2628, characters 24-68: termination of this expression cannot be proved, but there is no `diverges' clause in the outer specification
Warning, file "/home/fabrice/git/pycsl/scratchpad/.pycsl_afaljp5k.mlw", line 2629, characters 22-64: termination of this expression cannot be proved, but there is no `diverges' clause in the outer specification
Warning, file "/home/fabrice/git/pycsl/scratchpad/.pycsl_afaljp5k.mlw", line 2634, characters 26-72: termination of this expression cannot be proved, but there is no `diverges' clause in the outer specification
Warning, file "/home/fabrice/git/pycsl/scratchpad/.pycsl_afaljp5k.mlw", line 2636, characters 26-72: termination of this expression cannot be proved, but there is no `diverges' clause in the outer specification
Warning, file "/home/fabrice/git/pycsl/scratchpad/.pycsl_afaljp5k.mlw", line 2644, characters 22-64: termination of this expression cannot be proved, but there is no `diverges' clause in the outer specification
Warning, file "/home/fabrice/git/pycsl/scratchpad/.pycsl_afaljp5k.mlw", line 2645, characters 24-68: termination of this expression cannot be proved, but there is no `diverges' clause in the outer specification
Warning, file "/home/fabrice/git/pycsl/scratchpad/.pycsl_afaljp5k.mlw", line 2646, characters 26-69: termination of this expression cannot be proved, but there is no `diverges' clause in the outer specification
Warning, file "/home/fabrice/git/pycsl/scratchpad/.pycsl_afaljp5k.mlw", line 2648, characters 22-64: termination of this expression cannot be proved, but there is no `diverges' clause in the outer specification
Warning, file "/home/fabrice/git/pycsl/scratchpad/.pycsl_afaljp5k.mlw", line 2651, characters 59-63: unused variable self
Warning, file "/home/fabrice/git/pycsl/scratchpad/.pycsl_afaljp5k.mlw", line 2653, characters 15-19: unused variable result
Warning, file "/home/fabrice/git/pycsl/scratchpad/.pycsl_afaljp5k.mlw", line 2658, characters 39-43: unused variable self
Warning, file "/home/fabrice/git/pycsl/scratchpad/.pycsl_afaljp5k.mlw", line 2660, characters 15-19: unused variable result
Warning, file "/home/fabrice/git/pycsl/scratchpad/.pycsl_afaljp5k.mlw", line 2665, characters 41-45: unused variable self
Warning, file "/home/fabrice/git/pycsl/scratchpad/.pycsl_afaljp5k.mlw", line 2667, characters 15-19: unused variable result
Warning, file "/home/fabrice/git/pycsl/scratchpad/.pycsl_afaljp5k.mlw", line 2672, characters 45-49: unused variable self
Warning, file "/home/fabrice/git/pycsl/scratchpad/.pycsl_afaljp5k.mlw", line 2674, characters 15-19: unused variable result
Warning, file "/home/fabrice/git/pycsl/scratchpad/.pycsl_afaljp5k.mlw", line 2679, characters 47-51: unused variable self
Warning, file "/home/fabrice/git/pycsl/scratchpad/.pycsl_afaljp5k.mlw", line 2681, characters 15-19: unused variable result
Warning, file "/home/fabrice/git/pycsl/scratchpad/.pycsl_afaljp5k.mlw", line 2686, characters 35-39: unused variable self
Warning, file "/home/fabrice/git/pycsl/scratchpad/.pycsl_afaljp5k.mlw", line 2688, characters 15-19: unused variable result
Warning, file "/home/fabrice/git/pycsl/scratchpad/.pycsl_afaljp5k.mlw", line 2693, characters 38-42: unused variable self
Warning, file "/home/fabrice/git/pycsl/scratchpad/.pycsl_afaljp5k.mlw", line 2695, characters 15-19: unused variable result
Warning, file "/home/fabrice/git/pycsl/scratchpad/.pycsl_afaljp5k.mlw", line 2700, characters 37-41: unused variable self
Warning, file "/home/fabrice/git/pycsl/scratchpad/.pycsl_afaljp5k.mlw", line 2702, characters 15-19: unused variable result
Warning, file "/home/fabrice/git/pycsl/scratchpad/.pycsl_afaljp5k.mlw", line 2707, characters 42-46: unused variable self
Warning, file "/home/fabrice/git/pycsl/scratchpad/.pycsl_afaljp5k.mlw", line 2709, characters 15-19: unused variable result
Warning, file "/home/fabrice/git/pycsl/scratchpad/.pycsl_afaljp5k.mlw", line 2714, characters 50-54: unused variable self
Warning, file "/home/fabrice/git/pycsl/scratchpad/.pycsl_afaljp5k.mlw", line 2716, characters 15-19: unused variable result
Warning, file "/home/fabrice/git/pycsl/scratchpad/.pycsl_afaljp5k.mlw", line 2723, characters 37-41: unused variable self
Warning, file "/home/fabrice/git/pycsl/scratchpad/.pycsl_afaljp5k.mlw", line 2725, characters 15-19: unused variable result
Warning, file "/home/fabrice/git/pycsl/scratchpad/.pycsl_afaljp5k.mlw", line 2730, characters 49-53: unused variable self
Warning, file "/home/fabrice/git/pycsl/scratchpad/.pycsl_afaljp5k.mlw", line 2732, characters 15-19: unused variable result
Warning, file "/home/fabrice/git/pycsl/scratchpad/.pycsl_afaljp5k.mlw", line 2737, characters 45-49: unused variable self
Warning, file "/home/fabrice/git/pycsl/scratchpad/.pycsl_afaljp5k.mlw", line 2739, characters 15-19: unused variable result
Warning, file "/home/fabrice/git/pycsl/scratchpad/.pycsl_afaljp5k.mlw", line 2744, characters 42-46: unused variable self
Warning, file "/home/fabrice/git/pycsl/scratchpad/.pycsl_afaljp5k.mlw", line 2746, characters 15-19: unused variable result
Warning, file "/home/fabrice/git/pycsl/scratchpad/.pycsl_afaljp5k.mlw", line 2751, characters 39-43: unused variable self
Warning, file "/home/fabrice/git/pycsl/scratchpad/.pycsl_afaljp5k.mlw", line 2753, characters 15-19: unused variable result
Warning, file "/home/fabrice/git/pycsl/scratchpad/.pycsl_afaljp5k.mlw", line 2758, characters 45-49: unused variable self
Warning, file "/home/fabrice/git/pycsl/scratchpad/.pycsl_afaljp5k.mlw", line 2760, characters 15-19: unused variable result
Warning, file "/home/fabrice/git/pycsl/scratchpad/.pycsl_afaljp5k.mlw", line 2775, characters 48-52: unused variable self
Warning, file "/home/fabrice/git/pycsl/scratchpad/.pycsl_afaljp5k.mlw", line 2777, characters 15-19: unused variable result
Warning, file "/home/fabrice/git/pycsl/scratchpad/.pycsl_afaljp5k.mlw", line 2782, characters 39-43: unused variable self
Warning, file "/home/fabrice/git/pycsl/scratchpad/.pycsl_afaljp5k.mlw", line 2784, characters 15-19: unused variable result
Warning, file "/home/fabrice/git/pycsl/scratchpad/.pycsl_afaljp5k.mlw", line 2789, characters 45-49: unused variable self
Warning, file "/home/fabrice/git/pycsl/scratchpad/.pycsl_afaljp5k.mlw", line 2791, characters 15-19: unused variable result
Warning, file "/home/fabrice/git/pycsl/scratchpad/.pycsl_afaljp5k.mlw", line 2796, characters 36-40: unused variable self
Warning, file "/home/fabrice/git/pycsl/scratchpad/.pycsl_afaljp5k.mlw", line 2798, characters 15-19: unused variable result
Warning, file "/home/fabrice/git/pycsl/scratchpad/.pycsl_afaljp5k.mlw", line 2803, characters 49-53: unused variable self
Warning, file "/home/fabrice/git/pycsl/scratchpad/.pycsl_afaljp5k.mlw", line 2805, characters 15-19: unused variable result
Warning, file "/home/fabrice/git/pycsl/scratchpad/.pycsl_afaljp5k.mlw", line 2810, characters 43-47: unused variable self
Warning, file "/home/fabrice/git/pycsl/scratchpad/.pycsl_afaljp5k.mlw", line 2812, characters 15-19: unused variable result
Warning, file "/home/fabrice/git/pycsl/scratchpad/.pycsl_afaljp5k.mlw", line 2817, characters 49-53: unused variable self
Warning, file "/home/fabrice/git/pycsl/scratchpad/.pycsl_afaljp5k.mlw", line 2819, characters 15-19: unused variable result
Warning, file "/home/fabrice/git/pycsl/scratchpad/.pycsl_afaljp5k.mlw", line 2824, characters 43-47: unused variable self
Warning, file "/home/fabrice/git/pycsl/scratchpad/.pycsl_afaljp5k.mlw", line 2826, characters 15-19: unused variable result
Warning, file "/home/fabrice/git/pycsl/scratchpad/.pycsl_afaljp5k.mlw", line 2831, characters 55-59: unused variable self
Warning, file "/home/fabrice/git/pycsl/scratchpad/.pycsl_afaljp5k.mlw", line 2833, characters 15-19: unused variable result
Warning, file "/home/fabrice/git/pycsl/scratchpad/.pycsl_afaljp5k.mlw", line 2838, characters 40-44: unused variable self
Warning, file "/home/fabrice/git/pycsl/scratchpad/.pycsl_afaljp5k.mlw", line 2840, characters 15-19: unused variable result
Warning, file "/home/fabrice/git/pycsl/scratchpad/.pycsl_afaljp5k.mlw", line 2845, characters 35-39: unused variable self
Warning, file "/home/fabrice/git/pycsl/scratchpad/.pycsl_afaljp5k.mlw", line 2847, characters 15-19: unused variable result
Warning, file "/home/fabrice/git/pycsl/scratchpad/.pycsl_afaljp5k.mlw", line 2852, characters 62-66: unused variable node
Warning, file "/home/fabrice/git/pycsl/scratchpad/.pycsl_afaljp5k.mlw", line 2854, characters 15-19: unused variable result
Warning, file "/home/fabrice/git/pycsl/scratchpad/.pycsl_afaljp5k.mlw", line 2857, characters 43-47: unused variable self
Warning, file "/home/fabrice/git/pycsl/scratchpad/.pycsl_afaljp5k.mlw", line 2859, characters 15-19: unused variable result
Warning, file "/home/fabrice/git/pycsl/scratchpad/.pycsl_afaljp5k.mlw", line 2864, characters 41-45: unused variable self
Warning, file "/home/fabrice/git/pycsl/scratchpad/.pycsl_afaljp5k.mlw", line 2866, characters 15-19: unused variable result
Warning, file "/home/fabrice/git/pycsl/scratchpad/.pycsl_afaljp5k.mlw", line 2871, characters 42-46: unused variable self
Warning, file "/home/fabrice/git/pycsl/scratchpad/.pycsl_afaljp5k.mlw", line 2873, characters 15-19: unused variable result
Warning, file "/home/fabrice/git/pycsl/scratchpad/.pycsl_afaljp5k.mlw", line 2878, characters 41-45: unused variable self
Warning, file "/home/fabrice/git/pycsl/scratchpad/.pycsl_afaljp5k.mlw", line 2880, characters 15-19: unused variable result
Warning, file "/home/fabrice/git/pycsl/scratchpad/.pycsl_afaljp5k.mlw", line 2885, characters 44-48: unused variable self
Warning, file "/home/fabrice/git/pycsl/scratchpad/.pycsl_afaljp5k.mlw", line 2887, characters 15-19: unused variable result
Warning, file "/home/fabrice/git/pycsl/scratchpad/.pycsl_afaljp5k.mlw", line 2892, characters 43-47: unused variable self
Warning, file "/home/fabrice/git/pycsl/scratchpad/.pycsl_afaljp5k.mlw", line 2892, characters 70-78: unused variable csl_list
Warning, file "/home/fabrice/git/pycsl/scratchpad/.pycsl_afaljp5k.mlw", line 2894, characters 15-19: unused variable result
Warning, file "/home/fabrice/git/pycsl/scratchpad/.pycsl_afaljp5k.mlw", line 2896, characters 42-46: unused variable self
Warning, file "/home/fabrice/git/pycsl/scratchpad/.pycsl_afaljp5k.mlw", line 2896, characters 69-73: unused variable node
Warning, file "/home/fabrice/git/pycsl/scratchpad/.pycsl_afaljp5k.mlw", line 2898, characters 15-19: unused variable result
Warning, file "/home/fabrice/git/pycsl/scratchpad/.pycsl_afaljp5k.mlw", line 2903, characters 39-43: unused variable self
Warning, file "/home/fabrice/git/pycsl/scratchpad/.pycsl_afaljp5k.mlw", line 2905, characters 15-19: unused variable result
Warning, file "/home/fabrice/git/pycsl/scratchpad/.pycsl_afaljp5k.mlw", line 2910, characters 40-44: unused variable self
Warning, file "/home/fabrice/git/pycsl/scratchpad/.pycsl_afaljp5k.mlw", line 2912, characters 15-19: unused variable result
Warning, file "/home/fabrice/git/pycsl/scratchpad/.pycsl_afaljp5k.mlw", line 2917, characters 43-47: unused variable self
Warning, file "/home/fabrice/git/pycsl/scratchpad/.pycsl_afaljp5k.mlw", line 2919, characters 15-19: unused variable result
Warning, file "/home/fabrice/git/pycsl/scratchpad/.pycsl_afaljp5k.mlw", line 2924, characters 40-44: unused variable self
Warning, file "/home/fabrice/git/pycsl/scratchpad/.pycsl_afaljp5k.mlw", line 2926, characters 15-19: unused variable result
Warning, file "/home/fabrice/git/pycsl/scratchpad/.pycsl_afaljp5k.mlw", line 2931, characters 36-40: unused variable self
Warning, file "/home/fabrice/git/pycsl/scratchpad/.pycsl_afaljp5k.mlw", line 2933, characters 15-19: unused variable result
Warning, file "/home/fabrice/git/pycsl/scratchpad/.pycsl_afaljp5k.mlw", line 2938, characters 40-44: unused variable self
Warning, file "/home/fabrice/git/pycsl/scratchpad/.pycsl_afaljp5k.mlw", line 2940, characters 15-19: unused variable result
Warning, file "/home/fabrice/git/pycsl/scratchpad/.pycsl_afaljp5k.mlw", line 2945, characters 36-40: unused variable self
Warning, file "/home/fabrice/git/pycsl/scratchpad/.pycsl_afaljp5k.mlw", line 2945, characters 63-67: unused variable node
Warning, file "/home/fabrice/git/pycsl/scratchpad/.pycsl_afaljp5k.mlw", line 2947, characters 15-19: unused variable result
Warning, file "/home/fabrice/git/pycsl/scratchpad/.pycsl_afaljp5k.mlw", line 2952, characters 37-41: unused variable self
Warning, file "/home/fabrice/git/pycsl/scratchpad/.pycsl_afaljp5k.mlw", line 2952, characters 64-68: unused variable node
Warning, file "/home/fabrice/git/pycsl/scratchpad/.pycsl_afaljp5k.mlw", line 2954, characters 15-19: unused variable result
Warning, file "/home/fabrice/git/pycsl/scratchpad/.pycsl_afaljp5k.mlw", line 2959, characters 39-43: unused variable self
Warning, file "/home/fabrice/git/pycsl/scratchpad/.pycsl_afaljp5k.mlw", line 2961, characters 15-19: unused variable result
Warning, file "/home/fabrice/git/pycsl/scratchpad/.pycsl_afaljp5k.mlw", line 2968, characters 40-44: unused variable self
Warning, file "/home/fabrice/git/pycsl/scratchpad/.pycsl_afaljp5k.mlw", line 2968, characters 67-71: unused variable node
Warning, file "/home/fabrice/git/pycsl/scratchpad/.pycsl_afaljp5k.mlw", line 2970, characters 15-19: unused variable result
Warning, file "/home/fabrice/git/pycsl/scratchpad/.pycsl_afaljp5k.mlw", line 2975, characters 36-40: unused variable self
Warning, file "/home/fabrice/git/pycsl/scratchpad/.pycsl_afaljp5k.mlw", line 2977, characters 15-19: unused variable result
Warning, file "/home/fabrice/git/pycsl/scratchpad/.pycsl_afaljp5k.mlw", line 2982, characters 39-43: unused variable self
Warning, file "/home/fabrice/git/pycsl/scratchpad/.pycsl_afaljp5k.mlw", line 2984, characters 15-19: unused variable result
Warning, file "/home/fabrice/git/pycsl/scratchpad/.pycsl_afaljp5k.mlw", line 2989, characters 36-40: unused variable self
Warning, file "/home/fabrice/git/pycsl/scratchpad/.pycsl_afaljp5k.mlw", line 2991, characters 15-19: unused variable result
Warning, file "/home/fabrice/git/pycsl/scratchpad/.pycsl_afaljp5k.mlw", line 3002, characters 44-48: unused variable self
Warning, file "/home/fabrice/git/pycsl/scratchpad/.pycsl_afaljp5k.mlw", line 3004, characters 15-19: unused variable result
Warning, file "/home/fabrice/git/pycsl/scratchpad/.pycsl_afaljp5k.mlw", line 3009, characters 37-41: unused variable self
Warning, file "/home/fabrice/git/pycsl/scratchpad/.pycsl_afaljp5k.mlw", line 3011, characters 15-19: unused variable result
Warning, file "/home/fabrice/git/pycsl/scratchpad/.pycsl_afaljp5k.mlw", line 3020, characters 39-43: unused variable self
Warning, file "/home/fabrice/git/pycsl/scratchpad/.pycsl_afaljp5k.mlw", line 3020, characters 66-70: unused variable node
Warning, file "/home/fabrice/git/pycsl/scratchpad/.pycsl_afaljp5k.mlw", line 3022, characters 15-19: unused variable result
Warning, file "/home/fabrice/git/pycsl/scratchpad/.pycsl_afaljp5k.mlw", line 3027, characters 42-46: unused variable self
Warning, file "/home/fabrice/git/pycsl/scratchpad/.pycsl_afaljp5k.mlw", line 3029, characters 15-19: unused variable result
Warning, file "/home/fabrice/git/pycsl/scratchpad/.pycsl_afaljp5k.mlw", line 3034, characters 40-44: unused variable self
Warning, file "/home/fabrice/git/pycsl/scratchpad/.pycsl_afaljp5k.mlw", line 3036, characters 15-19: unused variable result
Warning, file "/home/fabrice/git/pycsl/scratchpad/.pycsl_afaljp5k.mlw", line 3041, characters 41-45: unused variable self
Warning, file "/home/fabrice/git/pycsl/scratchpad/.pycsl_afaljp5k.mlw", line 3043, characters 15-19: unused variable result
Warning, file "/home/fabrice/git/pycsl/scratchpad/.pycsl_afaljp5k.mlw", line 3048, characters 41-45: unused variable self
Warning, file "/home/fabrice/git/pycsl/scratchpad/.pycsl_afaljp5k.mlw", line 3050, characters 15-19: unused variable result
Warning, file "/home/fabrice/git/pycsl/scratchpad/.pycsl_afaljp5k.mlw", line 3055, characters 42-46: unused variable self
Warning, file "/home/fabrice/git/pycsl/scratchpad/.pycsl_afaljp5k.mlw", line 3055, characters 69-73: unused variable node
Warning, file "/home/fabrice/git/pycsl/scratchpad/.pycsl_afaljp5k.mlw", line 3057, characters 15-19: unused variable result
Warning, file "/home/fabrice/git/pycsl/scratchpad/.pycsl_afaljp5k.mlw", line 3062, characters 39-43: unused variable self
Warning, file "/home/fabrice/git/pycsl/scratchpad/.pycsl_afaljp5k.mlw", line 3064, characters 15-19: unused variable result
Warning, file "/home/fabrice/git/pycsl/scratchpad/.pycsl_afaljp5k.mlw", line 3069, characters 42-46: unused variable self
Warning, file "/home/fabrice/git/pycsl/scratchpad/.pycsl_afaljp5k.mlw", line 3071, characters 15-19: unused variable result
Warning, file "/home/fabrice/git/pycsl/scratchpad/.pycsl_afaljp5k.mlw", line 3076, characters 40-44: unused variable self
Warning, file "/home/fabrice/git/pycsl/scratchpad/.pycsl_afaljp5k.mlw", line 3078, characters 15-19: unused variable result
Warning, file "/home/fabrice/git/pycsl/scratchpad/.pycsl_afaljp5k.mlw", line 3083, characters 43-47: unused variable self
Warning, file "/home/fabrice/git/pycsl/scratchpad/.pycsl_afaljp5k.mlw", line 3085, characters 15-19: unused variable result
Warning, file "/home/fabrice/git/pycsl/scratchpad/.pycsl_afaljp5k.mlw", line 3090, characters 43-47: unused variable self
Warning, file "/home/fabrice/git/pycsl/scratchpad/.pycsl_afaljp5k.mlw", line 3092, characters 15-19: unused variable result
Warning, file "/home/fabrice/git/pycsl/scratchpad/.pycsl_afaljp5k.mlw", line 3097, characters 42-46: unused variable self
Warning, file "/home/fabrice/git/pycsl/scratchpad/.pycsl_afaljp5k.mlw", line 3099, characters 15-19: unused variable result
Warning, file "/home/fabrice/git/pycsl/scratchpad/.pycsl_afaljp5k.mlw", line 3104, characters 38-42: unused variable self
Warning, file "/home/fabrice/git/pycsl/scratchpad/.pycsl_afaljp5k.mlw", line 3106, characters 15-19: unused variable result
Warning, file "/home/fabrice/git/pycsl/scratchpad/.pycsl_afaljp5k.mlw", line 3111, characters 36-40: unused variable self
Warning, file "/home/fabrice/git/pycsl/scratchpad/.pycsl_afaljp5k.mlw", line 3113, characters 15-19: unused variable result
Warning, file "/home/fabrice/git/pycsl/scratchpad/.pycsl_afaljp5k.mlw", line 3118, characters 43-47: unused variable self
Warning, file "/home/fabrice/git/pycsl/scratchpad/.pycsl_afaljp5k.mlw", line 3120, characters 15-19: unused variable result
Warning, file "/home/fabrice/git/pycsl/scratchpad/.pycsl_afaljp5k.mlw", line 3125, characters 40-44: unused variable self
Warning, file "/home/fabrice/git/pycsl/scratchpad/.pycsl_afaljp5k.mlw", line 3127, characters 15-19: unused variable result
Warning, file "/home/fabrice/git/pycsl/scratchpad/.pycsl_afaljp5k.mlw", line 3132, characters 42-46: unused variable self
Warning, file "/home/fabrice/git/pycsl/scratchpad/.pycsl_afaljp5k.mlw", line 3134, characters 15-19: unused variable result
Warning, file "/home/fabrice/git/pycsl/scratchpad/.pycsl_afaljp5k.mlw", line 3139, characters 39-43: unused variable self
Warning, file "/home/fabrice/git/pycsl/scratchpad/.pycsl_afaljp5k.mlw", line 3141, characters 15-19: unused variable result
Warning, file "/home/fabrice/git/pycsl/scratchpad/.pycsl_afaljp5k.mlw", line 3146, characters 42-46: unused variable self
Warning, file "/home/fabrice/git/pycsl/scratchpad/.pycsl_afaljp5k.mlw", line 3148, characters 15-19: unused variable result
Warning, file "/home/fabrice/git/pycsl/scratchpad/.pycsl_afaljp5k.mlw", line 3159, characters 36-40: unused variable self
Warning, file "/home/fabrice/git/pycsl/scratchpad/.pycsl_afaljp5k.mlw", line 3161, characters 15-19: unused variable result
Warning, file "/home/fabrice/git/pycsl/scratchpad/.pycsl_afaljp5k.mlw", line 3166, characters 35-39: unused variable self
Warning, file "/home/fabrice/git/pycsl/scratchpad/.pycsl_afaljp5k.mlw", line 3168, characters 15-19: unused variable result
Warning, file "/home/fabrice/git/pycsl/scratchpad/.pycsl_afaljp5k.mlw", line 3173, characters 40-44: unused variable self
Warning, file "/home/fabrice/git/pycsl/scratchpad/.pycsl_afaljp5k.mlw", line 3175, characters 15-19: unused variable result
Warning, file "/home/fabrice/git/pycsl/scratchpad/.pycsl_afaljp5k.mlw", line 3180, characters 38-42: unused variable self
Warning, file "/home/fabrice/git/pycsl/scratchpad/.pycsl_afaljp5k.mlw", line 3182, characters 15-19: unused variable result
Warning, file "/home/fabrice/git/pycsl/scratchpad/.pycsl_afaljp5k.mlw", line 3187, characters 40-44: unused variable self
Warning, file "/home/fabrice/git/pycsl/scratchpad/.pycsl_afaljp5k.mlw", line 3189, characters 15-19: unused variable result
Warning, file "/home/fabrice/git/pycsl/scratchpad/.pycsl_afaljp5k.mlw", line 3194, characters 36-40: unused variable self
Warning, file "/home/fabrice/git/pycsl/scratchpad/.pycsl_afaljp5k.mlw", line 3196, characters 15-19: unused variable result
Warning, file "/home/fabrice/git/pycsl/scratchpad/.pycsl_afaljp5k.mlw", line 3203, characters 15-19: unused variable result
Warning, file "/home/fabrice/git/pycsl/scratchpad/.pycsl_afaljp5k.mlw", line 3286, characters 52-56: unused variable self
Warning, file "/home/fabrice/git/pycsl/scratchpad/.pycsl_afaljp5k.mlw", line 3286, characters 79-86: unused variable func_ir
Warning, file "/home/fabrice/git/pycsl/scratchpad/.pycsl_afaljp5k.mlw", line 3290, characters 49-53: unused variable self
Warning, file "/home/fabrice/git/pycsl/scratchpad/.pycsl_afaljp5k.mlw", line 3290, characters 76-83: unused variable func_ir
Warning, file "/home/fabrice/git/pycsl/scratchpad/.pycsl_afaljp5k.mlw", line 3294, characters 46-50: unused variable self
Warning, file "/home/fabrice/git/pycsl/scratchpad/.pycsl_afaljp5k.mlw", line 3296, characters 15-19: unused variable result
Warning, file "/home/fabrice/git/pycsl/scratchpad/.pycsl_afaljp5k.mlw", line 3302, characters 78-82: unused variable node
Warning, file "/home/fabrice/git/pycsl/scratchpad/.pycsl_afaljp5k.mlw", line 3307, characters 79-83: unused variable node
Warning, file "/home/fabrice/git/pycsl/scratchpad/.pycsl_afaljp5k.mlw", line 3312, characters 77-81: unused variable node
Warning, file "/home/fabrice/git/pycsl/scratchpad/.pycsl_afaljp5k.mlw", line 3317, characters 55-59: unused variable self
Warning, file "/home/fabrice/git/pycsl/scratchpad/.pycsl_afaljp5k.mlw", line 3317, characters 82-92: unused variable annotation
Warning, file "/home/fabrice/git/pycsl/scratchpad/.pycsl_afaljp5k.mlw", line 3319, characters 15-19: unused variable result
Warning, file "/home/fabrice/git/pycsl/scratchpad/.pycsl_afaljp5k.mlw", line 3330, characters 8-11: unused variable elt
Warning, file "/home/fabrice/git/pycsl/scratchpad/.pycsl_afaljp5k.mlw", line 3321, characters 55-59: unused variable self
Warning, file "/home/fabrice/git/pycsl/scratchpad/.pycsl_afaljp5k.mlw", line 3323, characters 15-19: unused variable result
Warning, file "/home/fabrice/git/pycsl/scratchpad/.pycsl_afaljp5k.mlw", line 3398, characters 87-97: unused variable annotation
Warning, file "/home/fabrice/git/pycsl/scratchpad/.pycsl_afaljp5k.mlw", line 3398, characters 109-119: unused variable scope_name
Warning, file "/home/fabrice/git/pycsl/scratchpad/.pycsl_afaljp5k.mlw", line 3400, characters 15-19: unused variable result
Warning, file "/home/fabrice/git/pycsl/scratchpad/.pycsl_afaljp5k.mlw", line 3405, characters 15-19: unused variable result
Warning, file "/home/fabrice/git/pycsl/scratchpad/.pycsl_afaljp5k.mlw", line 3413, characters 51-55: unused variable self
Warning, file "/home/fabrice/git/pycsl/scratchpad/.pycsl_afaljp5k.mlw", line 3413, characters 78-83: unused variable mutex
Warning, file "/home/fabrice/git/pycsl/scratchpad/.pycsl_afaljp5k.mlw", line 3415, characters 15-19: unused variable result
Warning, file "/home/fabrice/git/pycsl/scratchpad/.pycsl_afaljp5k.mlw", line 3433, characters 32-36: unused variable result
Warning, file "/home/fabrice/git/pycsl/scratchpad/.pycsl_afaljp5k.mlw", line 3444, characters 48-52: unused variable self
Warning, file "/home/fabrice/git/pycsl/scratchpad/.pycsl_afaljp5k.mlw", line 3446, characters 15-19: unused variable result
Warning, file "/home/fabrice/git/pycsl/scratchpad/.pycsl_afaljp5k.mlw", line 3449, characters 48-52: unused variable self
Warning, file "/home/fabrice/git/pycsl/scratchpad/.pycsl_afaljp5k.mlw", line 3451, characters 15-19: unused variable result
Warning, file "/home/fabrice/git/pycsl/scratchpad/.pycsl_afaljp5k.mlw", line 3454, characters 45-49: unused variable self
Warning, file "/home/fabrice/git/pycsl/scratchpad/.pycsl_afaljp5k.mlw", line 3456, characters 15-19: unused variable result
Warning, file "/home/fabrice/git/pycsl/scratchpad/.pycsl_afaljp5k.mlw", line 3465, characters 46-50: unused variable self
Warning, file "/home/fabrice/git/pycsl/scratchpad/.pycsl_afaljp5k.mlw", line 3467, characters 15-19: unused variable result
Warning, file "/home/fabrice/git/pycsl/scratchpad/.pycsl_afaljp5k.mlw", line 3470, characters 47-51: unused variable self
Warning, file "/home/fabrice/git/pycsl/scratchpad/.pycsl_afaljp5k.mlw", line 3472, characters 15-19: unused variable result
Warning, file "/home/fabrice/git/pycsl/scratchpad/.pycsl_afaljp5k.mlw", line 3475, characters 49-53: unused variable self
Warning, file "/home/fabrice/git/pycsl/scratchpad/.pycsl_afaljp5k.mlw", line 3477, characters 15-19: unused variable result
Warning, file "/home/fabrice/git/pycsl/scratchpad/.pycsl_afaljp5k.mlw", line 3491, characters 51-55: unused variable self
Warning, file "/home/fabrice/git/pycsl/scratchpad/.pycsl_afaljp5k.mlw", line 3493, characters 15-19: unused variable result
Warning, file "/home/fabrice/git/pycsl/scratchpad/.pycsl_afaljp5k.mlw", line 3531, characters 72-82: unused variable annotation
Warning, file "/home/fabrice/git/pycsl/scratchpad/.pycsl_afaljp5k.mlw", line 3531, characters 90-100: unused variable scope_name
Warning, file "/home/fabrice/git/pycsl/scratchpad/.pycsl_afaljp5k.mlw", line 3531, characters 111-121: unused variable param_name
Warning, file "/home/fabrice/git/pycsl/scratchpad/.pycsl_afaljp5k.mlw", line 3533, characters 15-19: unused variable result
Warning, file "/home/fabrice/git/pycsl/scratchpad/.pycsl_afaljp5k.mlw", line 3544, characters 8-11: unused variable elt
Warning, file "/home/fabrice/git/pycsl/scratchpad/.pycsl_afaljp5k.mlw", line 3536, characters 52-56: unused variable self
Warning, file "/home/fabrice/git/pycsl/scratchpad/.pycsl_afaljp5k.mlw", line 3538, characters 15-19: unused variable result
Warning, file "/home/fabrice/git/pycsl/scratchpad/.pycsl_afaljp5k.mlw", line 3600, characters 48-52: unused variable self
Warning, file "/home/fabrice/git/pycsl/scratchpad/.pycsl_afaljp5k.mlw", line 3600, characters 75-82: unused variable pattern
Warning, file "/home/fabrice/git/pycsl/scratchpad/.pycsl_afaljp5k.mlw", line 3602, characters 15-19: unused variable result
Warning, file "/home/fabrice/git/pycsl/scratchpad/.pycsl_afaljp5k.mlw", line 3604, characters 45-49: unused variable self
Warning, file "/home/fabrice/git/pycsl/scratchpad/.pycsl_afaljp5k.mlw", line 3606, characters 15-19: unused variable result
Warning, file "/home/fabrice/git/pycsl/scratchpad/.pycsl_afaljp5k.mlw", line 3621, characters 15-19: unused variable result
Warning, file "/home/fabrice/git/pycsl/scratchpad/.pycsl_afaljp5k.mlw", line 3636, characters 57-61: unused variable self
Warning, file "/home/fabrice/git/pycsl/scratchpad/.pycsl_afaljp5k.mlw", line 3636, characters 84-92: unused variable ann_expr
Warning, file "/home/fabrice/git/pycsl/scratchpad/.pycsl_afaljp5k.mlw", line 3636, characters 100-110: unused variable param_name
Warning, file "/home/fabrice/git/pycsl/scratchpad/.pycsl_afaljp5k.mlw", line 3638, characters 15-19: unused variable result
Warning, file "/home/fabrice/git/pycsl/scratchpad/.pycsl_afaljp5k.mlw", line 3640, characters 82-90: unused variable ann_expr
Warning, file "/home/fabrice/git/pycsl/scratchpad/.pycsl_afaljp5k.mlw", line 3640, characters 98-108: unused variable scope_name
Warning, file "/home/fabrice/git/pycsl/scratchpad/.pycsl_afaljp5k.mlw", line 3642, characters 15-19: unused variable result
Warning, file "/home/fabrice/git/pycsl/scratchpad/.pycsl_afaljp5k.mlw", line 3645, characters 47-51: unused variable self
Warning, file "/home/fabrice/git/pycsl/scratchpad/.pycsl_afaljp5k.mlw", line 3647, characters 15-19: unused variable result
Warning, file "/home/fabrice/git/pycsl/scratchpad/.pycsl_afaljp5k.mlw", line 3662, characters 85-89: unused variable node
Warning, file "/home/fabrice/git/pycsl/scratchpad/.pycsl_afaljp5k.mlw", line 3669, characters 15-19: unused variable result
Warning, file "/home/fabrice/git/pycsl/scratchpad/.pycsl_afaljp5k.mlw", line 3672, characters 10-61: termination of this expression cannot be proved, but there is no `diverges' clause in the outer specification
Warning, file "/home/fabrice/git/pycsl/scratchpad/.pycsl_afaljp5k.mlw", line 3676, characters 15-19: unused variable result
Warning, file "/home/fabrice/git/pycsl/scratchpad/.pycsl_afaljp5k.mlw", line 3679, characters 9-66: termination of this expression cannot be proved, but there is no `diverges' clause in the outer specification
Warning, file "/home/fabrice/git/pycsl/scratchpad/.pycsl_afaljp5k.mlw", line 3683, characters 15-19: unused variable result
Warning, file "/home/fabrice/git/pycsl/scratchpad/.pycsl_afaljp5k.mlw", line 3686, characters 12-72: termination of this expression cannot be proved, but there is no `diverges' clause in the outer specification
Warning, file "/home/fabrice/git/pycsl/scratchpad/.pycsl_afaljp5k.mlw", line 3695, characters 122-166: termination of this expression cannot be proved, but there is no `diverges' clause in the outer specification
Warning, file "/home/fabrice/git/pycsl/scratchpad/.pycsl_afaljp5k.mlw", line 3704, characters 44-105: termination of this expression cannot be proved, but there is no `diverges' clause in the outer specification
Warning, file "/home/fabrice/git/pycsl/scratchpad/.pycsl_afaljp5k.mlw", line 3706, characters 43-47: unused variable self
Warning, file "/home/fabrice/git/pycsl/scratchpad/.pycsl_afaljp5k.mlw", line 3747, characters 140-202: termination of this expression cannot be proved, but there is no `diverges' clause in the outer specification
Warning, file "/home/fabrice/git/pycsl/scratchpad/.pycsl_afaljp5k.mlw", line 3750, characters 147-209: termination of this expression cannot be proved, but there is no `diverges' clause in the outer specification
Warning, file "/home/fabrice/git/pycsl/scratchpad/.pycsl_afaljp5k.mlw", line 3756, characters 54-129: termination of this expression cannot be proved, but there is no `diverges' clause in the outer specification
Warning, file "/home/fabrice/git/pycsl/scratchpad/.pycsl_afaljp5k.mlw", line 3756, characters 217-279: termination of this expression cannot be proved, but there is no `diverges' clause in the outer specification
Warning, file "/home/fabrice/git/pycsl/scratchpad/.pycsl_afaljp5k.mlw", line 3755, characters 23-86: termination of this expression cannot be proved, but there is no `diverges' clause in the outer specification
Warning, file "/home/fabrice/git/pycsl/scratchpad/.pycsl_afaljp5k.mlw", line 3753, characters 22-97: termination of this expression cannot be proved, but there is no `diverges' clause in the outer specification
Warning, file "/home/fabrice/git/pycsl/scratchpad/.pycsl_afaljp5k.mlw", line 3762, characters 42-46: unused variable self
Warning, file "/home/fabrice/git/pycsl/scratchpad/.pycsl_afaljp5k.mlw", line 3762, characters 69-73: unused variable stmt
Warning, file "/home/fabrice/git/pycsl/scratchpad/.pycsl_afaljp5k.mlw", line 3770, characters 45-49: unused variable self
Warning, file "/home/fabrice/git/pycsl/scratchpad/.pycsl_afaljp5k.mlw", line 3770, characters 72-76: unused variable stmt
Warning, file "/home/fabrice/git/pycsl/scratchpad/.pycsl_afaljp5k.mlw", line 3778, characters 43-47: unused variable self
Warning, file "/home/fabrice/git/pycsl/scratchpad/.pycsl_afaljp5k.mlw", line 3805, characters 44-101: termination of this expression cannot be proved, but there is no `diverges' clause in the outer specification
Warning, file "/home/fabrice/git/pycsl/scratchpad/.pycsl_afaljp5k.mlw", line 3815, characters 35-79: termination of this expression cannot be proved, but there is no `diverges' clause in the outer specification
Warning, file "/home/fabrice/git/pycsl/scratchpad/.pycsl_afaljp5k.mlw", line 3823, characters 35-78: termination of this expression cannot be proved, but there is no `diverges' clause in the outer specification
Warning, file "/home/fabrice/git/pycsl/scratchpad/.pycsl_afaljp5k.mlw", line 3825, characters 42-46: unused variable self
Warning, file "/home/fabrice/git/pycsl/scratchpad/.pycsl_afaljp5k.mlw", line 3848, characters 41-45: unused variable self
Warning, file "/home/fabrice/git/pycsl/scratchpad/.pycsl_afaljp5k.mlw", line 3848, characters 68-72: unused variable stmt
Warning, file "/home/fabrice/git/pycsl/scratchpad/.pycsl_afaljp5k.mlw", line 3870, characters 32-88: termination of this expression cannot be proved, but there is no `diverges' clause in the outer specification
Warning, file "/home/fabrice/git/pycsl/scratchpad/.pycsl_afaljp5k.mlw", line 3894, characters 96-140: termination of this expression cannot be proved, but there is no `diverges' clause in the outer specification
Warning, file "/home/fabrice/git/pycsl/scratchpad/.pycsl_afaljp5k.mlw", line 3896, characters 40-44: unused variable self
Warning, file "/home/fabrice/git/pycsl/scratchpad/.pycsl_afaljp5k.mlw", line 3931, characters 35-81: termination of this expression cannot be proved, but there is no `diverges' clause in the outer specification
Warning, file "/home/fabrice/git/pycsl/scratchpad/.pycsl_afaljp5k.mlw", line 3933, characters 41-45: unused variable self
Warning, file "/home/fabrice/git/pycsl/scratchpad/.pycsl_afaljp5k.mlw", line 3946, characters 43-47: unused variable self
Warning, file "/home/fabrice/git/pycsl/scratchpad/.pycsl_afaljp5k.mlw", line 3946, characters 70-75: unused variable stmts
Warning, file "/home/fabrice/git/pycsl/scratchpad/.pycsl_afaljp5k.mlw", line 3948, characters 15-19: unused variable result
Warning, file "/home/fabrice/git/pycsl/scratchpad/.pycsl_afaljp5k.mlw", line 3950, characters 47-51: unused variable self
Warning, file "/home/fabrice/git/pycsl/scratchpad/.pycsl_afaljp5k.mlw", line 3952, characters 15-19: unused variable result
Warning, file "/home/fabrice/git/pycsl/scratchpad/.pycsl_afaljp5k.mlw", line 3957, characters 88-92: unused variable node
Warning, file "/home/fabrice/git/pycsl/scratchpad/.pycsl_afaljp5k.mlw", line 3962, characters 54-58: unused variable self
Warning, file "/home/fabrice/git/pycsl/scratchpad/.pycsl_afaljp5k.mlw", line 3964, characters 15-19: unused variable result
Warning, file "/home/fabrice/git/pycsl/scratchpad/.pycsl_afaljp5k.mlw", line 3971, characters 87-91: unused variable node
Warning, file "/home/fabrice/git/pycsl/scratchpad/.pycsl_afaljp5k.mlw", line 3978, characters 15-19: unused variable result
Warning, file "/home/fabrice/git/pycsl/scratchpad/.pycsl_afaljp5k.mlw", line 3991, characters 15-19: unused variable result
Warning, file "/home/fabrice/git/pycsl/scratchpad/.pycsl_afaljp5k.mlw", line 4010, characters 42-46: unused variable self
Warning, file "/home/fabrice/git/pycsl/scratchpad/.pycsl_afaljp5k.mlw", line 4012, characters 15-19: unused variable result
Warning, file "/home/fabrice/git/pycsl/scratchpad/.pycsl_afaljp5k.mlw", line 4077, characters 69-73: unused variable node
Warning, file "/home/fabrice/git/pycsl/scratchpad/.pycsl_afaljp5k.mlw", line 4082, characters 72-76: unused variable node
Warning, file "/home/fabrice/git/pycsl/scratchpad/.pycsl_afaljp5k.mlw", line 4087, characters 67-71: unused variable node
Warning, file "/home/fabrice/git/pycsl/scratchpad/.pycsl_afaljp5k.mlw", line 1567, characters 17-19: unused variable x0
Warning, file "/home/fabrice/git/pycsl/scratchpad/.pycsl_afaljp5k.mlw", line 1637, characters 29-33: unused variable self
Warning, file "/home/fabrice/git/pycsl/scratchpad/.pycsl_afaljp5k.mlw", line 1637, characters 53-56: unused variable msg
Warning, file "/home/fabrice/git/pycsl/scratchpad/.pycsl_afaljp5k.mlw", line 1662, characters 41-45: unused variable self
Warning, file "/home/fabrice/git/pycsl/scratchpad/.pycsl_afaljp5k.mlw", line 1751, characters 42-46: unused variable self
Warning, file "/home/fabrice/git/pycsl/scratchpad/.pycsl_afaljp5k.mlw", line 1796, characters 21-27: unused variable source
Warning, file "/home/fabrice/git/pycsl/scratchpad/.pycsl_afaljp5k.mlw", line 1799, characters 38-42: unused variable self
Warning, file "/home/fabrice/git/pycsl/scratchpad/.pycsl_afaljp5k.mlw", line 1799, characters 61-73: unused variable contract_str
Warning, file "/home/fabrice/git/pycsl/scratchpad/.pycsl_afaljp5k.mlw", line 1799, characters 84-95: unused variable line_number
Warning, file "/home/fabrice/git/pycsl/scratchpad/.pycsl_afaljp5k.mlw", line 1804, characters 40-44: unused variable self
Warning, file "/home/fabrice/git/pycsl/scratchpad/.pycsl_afaljp5k.mlw", line 1804, characters 66-72: unused variable indent
Warning, file "/home/fabrice/git/pycsl/scratchpad/.pycsl_afaljp5k.mlw", line 1806, characters 15-19: unused variable result
Warning, file "/home/fabrice/git/pycsl/scratchpad/.pycsl_afaljp5k.mlw", line 1816, characters 44-48: unused variable self
Warning, file "/home/fabrice/git/pycsl/scratchpad/.pycsl_afaljp5k.mlw", line 1816, characters 71-74: unused variable rhs
Warning, file "/home/fabrice/git/pycsl/scratchpad/.pycsl_afaljp5k.mlw", line 1818, characters 15-19: unused variable result
Warning, file "/home/fabrice/git/pycsl/scratchpad/.pycsl_afaljp5k.mlw", line 1820, characters 73-77: unused variable node
Warning, file "/home/fabrice/git/pycsl/scratchpad/.pycsl_afaljp5k.mlw", line 1822, characters 15-19: unused variable result
Warning, file "/home/fabrice/git/pycsl/scratchpad/.pycsl_afaljp5k.mlw", line 1825, characters 83-87: unused variable node
Warning, file "/home/fabrice/git/pycsl/scratchpad/.pycsl_afaljp5k.mlw", line 1827, characters 15-19: unused variable result
Warning, file "/home/fabrice/git/pycsl/scratchpad/.pycsl_afaljp5k.mlw", line 1830, characters 55-59: unused variable self
Warning, file "/home/fabrice/git/pycsl/scratchpad/.pycsl_afaljp5k.mlw", line 1832, characters 15-19: unused variable result
Warning, file "/home/fabrice/git/pycsl/scratchpad/.pycsl_afaljp5k.mlw", line 1835, characters 46-50: unused variable self
Warning, file "/home/fabrice/git/pycsl/scratchpad/.pycsl_afaljp5k.mlw", line 1837, characters 15-19: unused variable result
Warning, file "/home/fabrice/git/pycsl/scratchpad/.pycsl_afaljp5k.mlw", line 1857, characters 51-55: unused variable self
Warning, file "/home/fabrice/git/pycsl/scratchpad/.pycsl_afaljp5k.mlw", line 1859, characters 15-19: unused variable result
Warning, file "/home/fabrice/git/pycsl/scratchpad/.pycsl_afaljp5k.mlw", line 2100, characters 32-36: unused variable result
Warning, file "/home/fabrice/git/pycsl/scratchpad/.pycsl_afaljp5k.mlw", line 2104, characters 44-48: unused variable self
Warning, file "/home/fabrice/git/pycsl/scratchpad/.pycsl_afaljp5k.mlw", line 2106, characters 15-19: unused variable result
Warning, file "/home/fabrice/git/pycsl/scratchpad/.pycsl_afaljp5k.mlw", line 2126, characters 8-13: unused variable child
Warning, file "/home/fabrice/git/pycsl/scratchpad/.pycsl_afaljp5k.mlw", line 2123, characters 15-19: unused variable result
Warning, file "/home/fabrice/git/pycsl/scratchpad/.pycsl_afaljp5k.mlw", line 2169, characters 76-80: unused variable node
Warning, file "/home/fabrice/git/pycsl/scratchpad/.pycsl_afaljp5k.mlw", line 2171, characters 15-19: unused variable result
Warning, file "/home/fabrice/git/pycsl/scratchpad/.pycsl_afaljp5k.mlw", line 2181, characters 8-13: unused variable cstmt
Warning, file "/home/fabrice/git/pycsl/scratchpad/.pycsl_afaljp5k.mlw", line 2180, characters 8-12: unused variable stmt
Warning, file "/home/fabrice/git/pycsl/scratchpad/.pycsl_afaljp5k.mlw", line 2179, characters 8-11: unused variable sub
Warning, file "/home/fabrice/git/pycsl/scratchpad/.pycsl_afaljp5k.mlw", line 2240, characters 32-36: unused variable result
Warning, file "/home/fabrice/git/pycsl/scratchpad/.pycsl_afaljp5k.mlw", line 2265, characters 32-36: unused variable result
Warning, file "/home/fabrice/git/pycsl/scratchpad/.pycsl_afaljp5k.mlw", line 2259, characters 32-36: unused variable result
Warning, file "/home/fabrice/git/pycsl/scratchpad/.pycsl_afaljp5k.mlw", line 2252, characters 32-36: unused variable result
Warning, file "/home/fabrice/git/pycsl/scratchpad/.pycsl_afaljp5k.mlw", line 2269, characters 32-36: unused variable result
Warning, file "/home/fabrice/git/pycsl/scratchpad/.pycsl_afaljp5k.mlw", line 2278, characters 8-11: unused variable elt
Warning, file "/home/fabrice/git/pycsl/scratchpad/.pycsl_afaljp5k.mlw", line 2277, characters 8-17: unused variable names_len
Warning, file "/home/fabrice/git/pycsl/scratchpad/.pycsl_afaljp5k.mlw", line 2271, characters 54-58: unused variable self
Warning, file "/home/fabrice/git/pycsl/scratchpad/.pycsl_afaljp5k.mlw", line 2273, characters 15-19: unused variable result
Warning, file "/home/fabrice/git/pycsl/scratchpad/.pycsl_afaljp5k.mlw", line 2343, characters 137-141: unused variable m_or
Warning, file "/home/fabrice/git/pycsl/scratchpad/.pycsl_afaljp5k.mlw", line 2313, characters 8-9: unused variable b
Warning, file "/home/fabrice/git/pycsl/scratchpad/.pycsl_afaljp5k.mlw", line 2308, characters 8-10: unused variable nm
Warning, file "/home/fabrice/git/pycsl/scratchpad/.pycsl_afaljp5k.mlw", line 2307, characters 8-10: unused variable tp
Warning, file "/home/fabrice/git/pycsl/scratchpad/.pycsl_afaljp5k.mlw", line 2306, characters 8-15: unused variable out_len
Warning, file "/home/fabrice/git/pycsl/scratchpad/.pycsl_afaljp5k.mlw", line 2303, characters 15-19: unused variable result
Warning, file "/home/fabrice/git/pycsl/scratchpad/.pycsl_afaljp5k.mlw", line 2369, characters 8-10: unused variable kw
Warning, file "/home/fabrice/git/pycsl/scratchpad/.pycsl_afaljp5k.mlw", line 2367, characters 8-12: unused variable stmt
Warning, file "/home/fabrice/git/pycsl/scratchpad/.pycsl_afaljp5k.mlw", line 2361, characters 53-57: unused variable self
Warning, file "/home/fabrice/git/pycsl/scratchpad/.pycsl_afaljp5k.mlw", line 2363, characters 15-19: unused variable result
Warning, file "/home/fabrice/git/pycsl/scratchpad/.pycsl_afaljp5k.mlw", line 2417, characters 47-51: unused variable self
Warning, file "/home/fabrice/git/pycsl/scratchpad/.pycsl_afaljp5k.mlw", line 2417, characters 74-82: unused variable ann_expr
Warning, file "/home/fabrice/git/pycsl/scratchpad/.pycsl_afaljp5k.mlw", line 2419, characters 15-19: unused variable result
Warning, file "/home/fabrice/git/pycsl/scratchpad/.pycsl_afaljp5k.mlw", line 2421, characters 41-45: unused variable self
Warning, file "/home/fabrice/git/pycsl/scratchpad/.pycsl_afaljp5k.mlw", line 2423, characters 15-19: unused variable result
Warning, file "/home/fabrice/git/pycsl/scratchpad/.pycsl_afaljp5k.mlw", line 2428, characters 41-45: unused variable self
Warning, file "/home/fabrice/git/pycsl/scratchpad/.pycsl_afaljp5k.mlw", line 2428, characters 68-72: unused variable expr
Warning, file "/home/fabrice/git/pycsl/scratchpad/.pycsl_afaljp5k.mlw", line 2430, characters 15-19: unused variable result
Warning, file "/home/fabrice/git/pycsl/scratchpad/.pycsl_afaljp5k.mlw", line 2432, characters 45-49: unused variable self
Warning, file "/home/fabrice/git/pycsl/scratchpad/.pycsl_afaljp5k.mlw", line 2434, characters 15-19: unused variable result
Warning, file "/home/fabrice/git/pycsl/scratchpad/.pycsl_afaljp5k.mlw", line 2465, characters 44-48: unused variable self
Warning, file "/home/fabrice/git/pycsl/scratchpad/.pycsl_afaljp5k.mlw", line 2465, characters 71-75: unused variable expr
Warning, file "/home/fabrice/git/pycsl/scratchpad/.pycsl_afaljp5k.mlw", line 2467, characters 15-19: unused variable result
Warning, file "/home/fabrice/git/pycsl/scratchpad/.pycsl_afaljp5k.mlw", line 2469, characters 41-45: unused variable self
Warning, file "/home/fabrice/git/pycsl/scratchpad/.pycsl_afaljp5k.mlw", line 2471, characters 15-19: unused variable result
Warning, file "/home/fabrice/git/pycsl/scratchpad/.pycsl_afaljp5k.mlw", line 2623, characters 15-19: unused variable result
Warning, file "/home/fabrice/git/pycsl/scratchpad/.pycsl_afaljp5k.mlw", line 2608, characters 15-19: unused variable result
Warning, file "/home/fabrice/git/pycsl/scratchpad/.pycsl_afaljp5k.mlw", line 2601, characters 15-19: unused variable result
Warning, file "/home/fabrice/git/pycsl/scratchpad/.pycsl_afaljp5k.mlw", line 2593, characters 44-48: unused variable self
Warning, file "/home/fabrice/git/pycsl/scratchpad/.pycsl_afaljp5k.mlw", line 2595, characters 15-19: unused variable result
Warning, file "/home/fabrice/git/pycsl/scratchpad/.pycsl_afaljp5k.mlw", line 2590, characters 15-19: unused variable result
Warning, file "/home/fabrice/git/pycsl/scratchpad/.pycsl_afaljp5k.mlw", line 2583, characters 42-46: unused variable self
Warning, file "/home/fabrice/git/pycsl/scratchpad/.pycsl_afaljp5k.mlw", line 2585, characters 15-19: unused variable result
Warning, file "/home/fabrice/git/pycsl/scratchpad/.pycsl_afaljp5k.mlw", line 2578, characters 46-50: unused variable self
Warning, file "/home/fabrice/git/pycsl/scratchpad/.pycsl_afaljp5k.mlw", line 2580, characters 15-19: unused variable result
Warning, file "/home/fabrice/git/pycsl/scratchpad/.pycsl_afaljp5k.mlw", line 2573, characters 44-48: unused variable self
Warning, file "/home/fabrice/git/pycsl/scratchpad/.pycsl_afaljp5k.mlw", line 2575, characters 15-19: unused variable result
Warning, file "/home/fabrice/git/pycsl/scratchpad/.pycsl_afaljp5k.mlw", line 2568, characters 15-19: unused variable result
Warning, file "/home/fabrice/git/pycsl/scratchpad/.pycsl_afaljp5k.mlw", line 2561, characters 44-48: unused variable self
Warning, file "/home/fabrice/git/pycsl/scratchpad/.pycsl_afaljp5k.mlw", line 2563, characters 15-19: unused variable result
Warning, file "/home/fabrice/git/pycsl/scratchpad/.pycsl_afaljp5k.mlw", line 2555, characters 42-46: unused variable self
Warning, file "/home/fabrice/git/pycsl/scratchpad/.pycsl_afaljp5k.mlw", line 2557, characters 15-19: unused variable result
Warning, file "/home/fabrice/git/pycsl/scratchpad/.pycsl_afaljp5k.mlw", line 2550, characters 46-50: unused variable self
Warning, file "/home/fabrice/git/pycsl/scratchpad/.pycsl_afaljp5k.mlw", line 2552, characters 15-19: unused variable result
Warning, file "/home/fabrice/git/pycsl/scratchpad/.pycsl_afaljp5k.mlw", line 2544, characters 41-45: unused variable self
Warning, file "/home/fabrice/git/pycsl/scratchpad/.pycsl_afaljp5k.mlw", line 2546, characters 15-19: unused variable result
Warning, file "/home/fabrice/git/pycsl/scratchpad/.pycsl_afaljp5k.mlw", line 2539, characters 45-49: unused variable self
Warning, file "/home/fabrice/git/pycsl/scratchpad/.pycsl_afaljp5k.mlw", line 2541, characters 15-19: unused variable result
Warning, file "/home/fabrice/git/pycsl/scratchpad/.pycsl_afaljp5k.mlw", line 2534, characters 15-19: unused variable result
Warning, file "/home/fabrice/git/pycsl/scratchpad/.pycsl_afaljp5k.mlw", line 2527, characters 15-19: unused variable result
Warning, file "/home/fabrice/git/pycsl/scratchpad/.pycsl_afaljp5k.mlw", line 2510, characters 15-19: unused variable result
Warning, file "/home/fabrice/git/pycsl/scratchpad/.pycsl_afaljp5k.mlw", line 2502, characters 43-47: unused variable self
Warning, file "/home/fabrice/git/pycsl/scratchpad/.pycsl_afaljp5k.mlw", line 2504, characters 15-19: unused variable result
Warning, file "/home/fabrice/git/pycsl/scratchpad/.pycsl_afaljp5k.mlw", line 2497, characters 15-19: unused variable result
Warning, file "/home/fabrice/git/pycsl/scratchpad/.pycsl_afaljp5k.mlw", line 2488, characters 15-19: unused variable result
Warning, file "/home/fabrice/git/pycsl/scratchpad/.pycsl_afaljp5k.mlw", line 2628, characters 24-68: termination of this expression cannot be proved, but there is no `diverges' clause in the outer specification
Warning, file "/home/fabrice/git/pycsl/scratchpad/.pycsl_afaljp5k.mlw", line 2629, characters 22-64: termination of this expression cannot be proved, but there is no `diverges' clause in the outer specification
Warning, file "/home/fabrice/git/pycsl/scratchpad/.pycsl_afaljp5k.mlw", line 2634, characters 26-72: termination of this expression cannot be proved, but there is no `diverges' clause in the outer specification
Warning, file "/home/fabrice/git/pycsl/scratchpad/.pycsl_afaljp5k.mlw", line 2636, characters 26-72: termination of this expression cannot be proved, but there is no `diverges' clause in the outer specification
Warning, file "/home/fabrice/git/pycsl/scratchpad/.pycsl_afaljp5k.mlw", line 2644, characters 22-64: termination of this expression cannot be proved, but there is no `diverges' clause in the outer specification
Warning, file "/home/fabrice/git/pycsl/scratchpad/.pycsl_afaljp5k.mlw", line 2645, characters 24-68: termination of this expression cannot be proved, but there is no `diverges' clause in the outer specification
Warning, file "/home/fabrice/git/pycsl/scratchpad/.pycsl_afaljp5k.mlw", line 2646, characters 26-69: termination of this expression cannot be proved, but there is no `diverges' clause in the outer specification
Warning, file "/home/fabrice/git/pycsl/scratchpad/.pycsl_afaljp5k.mlw", line 2648, characters 22-64: termination of this expression cannot be proved, but there is no `diverges' clause in the outer specification
Warning, file "/home/fabrice/git/pycsl/scratchpad/.pycsl_afaljp5k.mlw", line 2651, characters 59-63: unused variable self
Warning, file "/home/fabrice/git/pycsl/scratchpad/.pycsl_afaljp5k.mlw", line 2653, characters 15-19: unused variable result
Warning, file "/home/fabrice/git/pycsl/scratchpad/.pycsl_afaljp5k.mlw", line 2658, characters 39-43: unused variable self
Warning, file "/home/fabrice/git/pycsl/scratchpad/.pycsl_afaljp5k.mlw", line 2660, characters 15-19: unused variable result
Warning, file "/home/fabrice/git/pycsl/scratchpad/.pycsl_afaljp5k.mlw", line 2665, characters 41-45: unused variable self
Warning, file "/home/fabrice/git/pycsl/scratchpad/.pycsl_afaljp5k.mlw", line 2667, characters 15-19: unused variable result
Warning, file "/home/fabrice/git/pycsl/scratchpad/.pycsl_afaljp5k.mlw", line 2672, characters 45-49: unused variable self
Warning, file "/home/fabrice/git/pycsl/scratchpad/.pycsl_afaljp5k.mlw", line 2674, characters 15-19: unused variable result
Warning, file "/home/fabrice/git/pycsl/scratchpad/.pycsl_afaljp5k.mlw", line 2679, characters 47-51: unused variable self
Warning, file "/home/fabrice/git/pycsl/scratchpad/.pycsl_afaljp5k.mlw", line 2681, characters 15-19: unused variable result
Warning, file "/home/fabrice/git/pycsl/scratchpad/.pycsl_afaljp5k.mlw", line 2686, characters 35-39: unused variable self
Warning, file "/home/fabrice/git/pycsl/scratchpad/.pycsl_afaljp5k.mlw", line 2688, characters 15-19: unused variable result
Warning, file "/home/fabrice/git/pycsl/scratchpad/.pycsl_afaljp5k.mlw", line 2693, characters 38-42: unused variable self
Warning, file "/home/fabrice/git/pycsl/scratchpad/.pycsl_afaljp5k.mlw", line 2695, characters 15-19: unused variable result
Warning, file "/home/fabrice/git/pycsl/scratchpad/.pycsl_afaljp5k.mlw", line 2700, characters 37-41: unused variable self
Warning, file "/home/fabrice/git/pycsl/scratchpad/.pycsl_afaljp5k.mlw", line 2702, characters 15-19: unused variable result
Warning, file "/home/fabrice/git/pycsl/scratchpad/.pycsl_afaljp5k.mlw", line 2707, characters 42-46: unused variable self
Warning, file "/home/fabrice/git/pycsl/scratchpad/.pycsl_afaljp5k.mlw", line 2709, characters 15-19: unused variable result
Warning, file "/home/fabrice/git/pycsl/scratchpad/.pycsl_afaljp5k.mlw", line 2714, characters 50-54: unused variable self
Warning, file "/home/fabrice/git/pycsl/scratchpad/.pycsl_afaljp5k.mlw", line 2716, characters 15-19: unused variable result
Warning, file "/home/fabrice/git/pycsl/scratchpad/.pycsl_afaljp5k.mlw", line 2723, characters 37-41: unused variable self
Warning, file "/home/fabrice/git/pycsl/scratchpad/.pycsl_afaljp5k.mlw", line 2725, characters 15-19: unused variable result
Warning, file "/home/fabrice/git/pycsl/scratchpad/.pycsl_afaljp5k.mlw", line 2730, characters 49-53: unused variable self
Warning, file "/home/fabrice/git/pycsl/scratchpad/.pycsl_afaljp5k.mlw", line 2732, characters 15-19: unused variable result
Warning, file "/home/fabrice/git/pycsl/scratchpad/.pycsl_afaljp5k.mlw", line 2737, characters 45-49: unused variable self
Warning, file "/home/fabrice/git/pycsl/scratchpad/.pycsl_afaljp5k.mlw", line 2739, characters 15-19: unused variable result
Warning, file "/home/fabrice/git/pycsl/scratchpad/.pycsl_afaljp5k.mlw", line 2744, characters 42-46: unused variable self
Warning, file "/home/fabrice/git/pycsl/scratchpad/.pycsl_afaljp5k.mlw", line 2746, characters 15-19: unused variable result
Warning, file "/home/fabrice/git/pycsl/scratchpad/.pycsl_afaljp5k.mlw", line 2751, characters 39-43: unused variable self
Warning, file "/home/fabrice/git/pycsl/scratchpad/.pycsl_afaljp5k.mlw", line 2753, characters 15-19: unused variable result
Warning, file "/home/fabrice/git/pycsl/scratchpad/.pycsl_afaljp5k.mlw", line 2758, characters 45-49: unused variable self
Warning, file "/home/fabrice/git/pycsl/scratchpad/.pycsl_afaljp5k.mlw", line 2760, characters 15-19: unused variable result
Warning, file "/home/fabrice/git/pycsl/scratchpad/.pycsl_afaljp5k.mlw", line 2775, characters 48-52: unused variable self
Warning, file "/home/fabrice/git/pycsl/scratchpad/.pycsl_afaljp5k.mlw", line 2777, characters 15-19: unused variable result
Warning, file "/home/fabrice/git/pycsl/scratchpad/.pycsl_afaljp5k.mlw", line 2782, characters 39-43: unused variable self
Warning, file "/home/fabrice/git/pycsl/scratchpad/.pycsl_afaljp5k.mlw", line 2784, characters 15-19: unused variable result
Warning, file "/home/fabrice/git/pycsl/scratchpad/.pycsl_afaljp5k.mlw", line 2789, characters 45-49: unused variable self
Warning, file "/home/fabrice/git/pycsl/scratchpad/.pycsl_afaljp5k.mlw", line 2791, characters 15-19: unused variable result
Warning, file "/home/fabrice/git/pycsl/scratchpad/.pycsl_afaljp5k.mlw", line 2796, characters 36-40: unused variable self
Warning, file "/home/fabrice/git/pycsl/scratchpad/.pycsl_afaljp5k.mlw", line 2798, characters 15-19: unused variable result
Warning, file "/home/fabrice/git/pycsl/scratchpad/.pycsl_afaljp5k.mlw", line 2803, characters 49-53: unused variable self
Warning, file "/home/fabrice/git/pycsl/scratchpad/.pycsl_afaljp5k.mlw", line 2805, characters 15-19: unused variable result
Warning, file "/home/fabrice/git/pycsl/scratchpad/.pycsl_afaljp5k.mlw", line 2810, characters 43-47: unused variable self
Warning, file "/home/fabrice/git/pycsl/scratchpad/.pycsl_afaljp5k.mlw", line 2812, characters 15-19: unused variable result
Warning, file "/home/fabrice/git/pycsl/scratchpad/.pycsl_afaljp5k.mlw", line 2817, characters 49-53: unused variable self
Warning, file "/home/fabrice/git/pycsl/scratchpad/.pycsl_afaljp5k.mlw", line 2819, characters 15-19: unused variable result
Warning, file "/home/fabrice/git/pycsl/scratchpad/.pycsl_afaljp5k.mlw", line 2824, characters 43-47: unused variable self
Warning, file "/home/fabrice/git/pycsl/scratchpad/.pycsl_afaljp5k.mlw", line 2826, characters 15-19: unused variable result
Warning, file "/home/fabrice/git/pycsl/scratchpad/.pycsl_afaljp5k.mlw", line 2831, characters 55-59: unused variable self
Warning, file "/home/fabrice/git/pycsl/scratchpad/.pycsl_afaljp5k.mlw", line 2833, characters 15-19: unused variable result
Warning, file "/home/fabrice/git/pycsl/scratchpad/.pycsl_afaljp5k.mlw", line 2838, characters 40-44: unused variable self
Warning, file "/home/fabrice/git/pycsl/scratchpad/.pycsl_afaljp5k.mlw", line 2840, characters 15-19: unused variable result
Warning, file "/home/fabrice/git/pycsl/scratchpad/.pycsl_afaljp5k.mlw", line 2845, characters 35-39: unused variable self
Warning, file "/home/fabrice/git/pycsl/scratchpad/.pycsl_afaljp5k.mlw", line 2847, characters 15-19: unused variable result
Warning, file "/home/fabrice/git/pycsl/scratchpad/.pycsl_afaljp5k.mlw", line 2852, characters 62-66: unused variable node
Warning, file "/home/fabrice/git/pycsl/scratchpad/.pycsl_afaljp5k.mlw", line 2854, characters 15-19: unused variable result
Warning, file "/home/fabrice/git/pycsl/scratchpad/.pycsl_afaljp5k.mlw", line 2857, characters 43-47: unused variable self
Warning, file "/home/fabrice/git/pycsl/scratchpad/.pycsl_afaljp5k.mlw", line 2859, characters 15-19: unused variable result
Warning, file "/home/fabrice/git/pycsl/scratchpad/.pycsl_afaljp5k.mlw", line 2864, characters 41-45: unused variable self
Warning, file "/home/fabrice/git/pycsl/scratchpad/.pycsl_afaljp5k.mlw", line 2866, characters 15-19: unused variable result
Warning, file "/home/fabrice/git/pycsl/scratchpad/.pycsl_afaljp5k.mlw", line 2871, characters 42-46: unused variable self
Warning, file "/home/fabrice/git/pycsl/scratchpad/.pycsl_afaljp5k.mlw", line 2873, characters 15-19: unused variable result
Warning, file "/home/fabrice/git/pycsl/scratchpad/.pycsl_afaljp5k.mlw", line 2878, characters 41-45: unused variable self
Warning, file "/home/fabrice/git/pycsl/scratchpad/.pycsl_afaljp5k.mlw", line 2880, characters 15-19: unused variable result
Warning, file "/home/fabrice/git/pycsl/scratchpad/.pycsl_afaljp5k.mlw", line 2885, characters 44-48: unused variable self
Warning, file "/home/fabrice/git/pycsl/scratchpad/.pycsl_afaljp5k.mlw", line 2887, characters 15-19: unused variable result
Warning, file "/home/fabrice/git/pycsl/scratchpad/.pycsl_afaljp5k.mlw", line 2892, characters 43-47: unused variable self
Warning, file "/home/fabrice/git/pycsl/scratchpad/.pycsl_afaljp5k.mlw", line 2892, characters 70-78: unused variable csl_list
Warning, file "/home/fabrice/git/pycsl/scratchpad/.pycsl_afaljp5k.mlw", line 2894, characters 15-19: unused variable result
Warning, file "/home/fabrice/git/pycsl/scratchpad/.pycsl_afaljp5k.mlw", line 2896, characters 42-46: unused variable self
Warning, file "/home/fabrice/git/pycsl/scratchpad/.pycsl_afaljp5k.mlw", line 2896, characters 69-73: unused variable node
Warning, file "/home/fabrice/git/pycsl/scratchpad/.pycsl_afaljp5k.mlw", line 2898, characters 15-19: unused variable result
Warning, file "/home/fabrice/git/pycsl/scratchpad/.pycsl_afaljp5k.mlw", line 2903, characters 39-43: unused variable self
Warning, file "/home/fabrice/git/pycsl/scratchpad/.pycsl_afaljp5k.mlw", line 2905, characters 15-19: unused variable result
Warning, file "/home/fabrice/git/pycsl/scratchpad/.pycsl_afaljp5k.mlw", line 2910, characters 40-44: unused variable self
Warning, file "/home/fabrice/git/pycsl/scratchpad/.pycsl_afaljp5k.mlw", line 2912, characters 15-19: unused variable result
Warning, file "/home/fabrice/git/pycsl/scratchpad/.pycsl_afaljp5k.mlw", line 2917, characters 43-47: unused variable self
Warning, file "/home/fabrice/git/pycsl/scratchpad/.pycsl_afaljp5k.mlw", line 2919, characters 15-19: unused variable result
Warning, file "/home/fabrice/git/pycsl/scratchpad/.pycsl_afaljp5k.mlw", line 2924, characters 40-44: unused variable self
Warning, file "/home/fabrice/git/pycsl/scratchpad/.pycsl_afaljp5k.mlw", line 2926, characters 15-19: unused variable result
Warning, file "/home/fabrice/git/pycsl/scratchpad/.pycsl_afaljp5k.mlw", line 2931, characters 36-40: unused variable self
Warning, file "/home/fabrice/git/pycsl/scratchpad/.pycsl_afaljp5k.mlw", line 2933, characters 15-19: unused variable result
Warning, file "/home/fabrice/git/pycsl/scratchpad/.pycsl_afaljp5k.mlw", line 2938, characters 40-44: unused variable self
Warning, file "/home/fabrice/git/pycsl/scratchpad/.pycsl_afaljp5k.mlw", line 2940, characters 15-19: unused variable result
Warning, file "/home/fabrice/git/pycsl/scratchpad/.pycsl_afaljp5k.mlw", line 2945, characters 36-40: unused variable self
Warning, file "/home/fabrice/git/pycsl/scratchpad/.pycsl_afaljp5k.mlw", line 2945, characters 63-67: unused variable node
Warning, file "/home/fabrice/git/pycsl/scratchpad/.pycsl_afaljp5k.mlw", line 2947, characters 15-19: unused variable result
Warning, file "/home/fabrice/git/pycsl/scratchpad/.pycsl_afaljp5k.mlw", line 2952, characters 37-41: unused variable self
Warning, file "/home/fabrice/git/pycsl/scratchpad/.pycsl_afaljp5k.mlw", line 2952, characters 64-68: unused variable node
Warning, file "/home/fabrice/git/pycsl/scratchpad/.pycsl_afaljp5k.mlw", line 2954, characters 15-19: unused variable result
Warning, file "/home/fabrice/git/pycsl/scratchpad/.pycsl_afaljp5k.mlw", line 2959, characters 39-43: unused variable self
Warning, file "/home/fabrice/git/pycsl/scratchpad/.pycsl_afaljp5k.mlw", line 2961, characters 15-19: unused variable result
Warning, file "/home/fabrice/git/pycsl/scratchpad/.pycsl_afaljp5k.mlw", line 2968, characters 40-44: unused variable self
Warning, file "/home/fabrice/git/pycsl/scratchpad/.pycsl_afaljp5k.mlw", line 2968, characters 67-71: unused variable node
Warning, file "/home/fabrice/git/pycsl/scratchpad/.pycsl_afaljp5k.mlw", line 2970, characters 15-19: unused variable result
Warning, file "/home/fabrice/git/pycsl/scratchpad/.pycsl_afaljp5k.mlw", line 2975, characters 36-40: unused variable self
Warning, file "/home/fabrice/git/pycsl/scratchpad/.pycsl_afaljp5k.mlw", line 2977, characters 15-19: unused variable result
Warning, file "/home/fabrice/git/pycsl/scratchpad/.pycsl_afaljp5k.mlw", line 2982, characters 39-43: unused variable self
Warning, file "/home/fabrice/git/pycsl/scratchpad/.pycsl_afaljp5k.mlw", line 2984, characters 15-19: unused variable result
Warning, file "/home/fabrice/git/pycsl/scratchpad/.pycsl_afaljp5k.mlw", line 2989, characters 36-40: unused variable self
Warning, file "/home/fabrice/git/pycsl/scratchpad/.pycsl_afaljp5k.mlw", line 2991, characters 15-19: unused variable result
Warning, file "/home/fabrice/git/pycsl/scratchpad/.pycsl_afaljp5k.mlw", line 3002, characters 44-48: unused variable self
Warning, file "/home/fabrice/git/pycsl/scratchpad/.pycsl_afaljp5k.mlw", line 3004, characters 15-19: unused variable result
Warning, file "/home/fabrice/git/pycsl/scratchpad/.pycsl_afaljp5k.mlw", line 3009, characters 37-41: unused variable self
Warning, file "/home/fabrice/git/pycsl/scratchpad/.pycsl_afaljp5k.mlw", line 3011, characters 15-19: unused variable result
Warning, file "/home/fabrice/git/pycsl/scratchpad/.pycsl_afaljp5k.mlw", line 3020, characters 39-43: unused variable self
Warning, file "/home/fabrice/git/pycsl/scratchpad/.pycsl_afaljp5k.mlw", line 3020, characters 66-70: unused variable node
Warning, file "/home/fabrice/git/pycsl/scratchpad/.pycsl_afaljp5k.mlw", line 3022, characters 15-19: unused variable result
Warning, file "/home/fabrice/git/pycsl/scratchpad/.pycsl_afaljp5k.mlw", line 3027, characters 42-46: unused variable self
Warning, file "/home/fabrice/git/pycsl/scratchpad/.pycsl_afaljp5k.mlw", line 3029, characters 15-19: unused variable result
Warning, file "/home/fabrice/git/pycsl/scratchpad/.pycsl_afaljp5k.mlw", line 3034, characters 40-44: unused variable self
Warning, file "/home/fabrice/git/pycsl/scratchpad/.pycsl_afaljp5k.mlw", line 3036, characters 15-19: unused variable result
Warning, file "/home/fabrice/git/pycsl/scratchpad/.pycsl_afaljp5k.mlw", line 3041, characters 41-45: unused variable self
Warning, file "/home/fabrice/git/pycsl/scratchpad/.pycsl_afaljp5k.mlw", line 3043, characters 15-19: unused variable result
Warning, file "/home/fabrice/git/pycsl/scratchpad/.pycsl_afaljp5k.mlw", line 3048, characters 41-45: unused variable self
Warning, file "/home/fabrice/git/pycsl/scratchpad/.pycsl_afaljp5k.mlw", line 3050, characters 15-19: unused variable result
Warning, file "/home/fabrice/git/pycsl/scratchpad/.pycsl_afaljp5k.mlw", line 3055, characters 42-46: unused variable self
Warning, file "/home/fabrice/git/pycsl/scratchpad/.pycsl_afaljp5k.mlw", line 3055, characters 69-73: unused variable node
Warning, file "/home/fabrice/git/pycsl/scratchpad/.pycsl_afaljp5k.mlw", line 3057, characters 15-19: unused variable result
Warning, file "/home/fabrice/git/pycsl/scratchpad/.pycsl_afaljp5k.mlw", line 3062, characters 39-43: unused variable self
Warning, file "/home/fabrice/git/pycsl/scratchpad/.pycsl_afaljp5k.mlw", line 3064, characters 15-19: unused variable result
Warning, file "/home/fabrice/git/pycsl/scratchpad/.pycsl_afaljp5k.mlw", line 3069, characters 42-46: unused variable self
Warning, file "/home/fabrice/git/pycsl/scratchpad/.pycsl_afaljp5k.mlw", line 3071, characters 15-19: unused variable result
Warning, file "/home/fabrice/git/pycsl/scratchpad/.pycsl_afaljp5k.mlw", line 3076, characters 40-44: unused variable self
Warning, file "/home/fabrice/git/pycsl/scratchpad/.pycsl_afaljp5k.mlw", line 3078, characters 15-19: unused variable result
Warning, file "/home/fabrice/git/pycsl/scratchpad/.pycsl_afaljp5k.mlw", line 3083, characters 43-47: unused variable self
Warning, file "/home/fabrice/git/pycsl/scratchpad/.pycsl_afaljp5k.mlw", line 3085, characters 15-19: unused variable result
Warning, file "/home/fabrice/git/pycsl/scratchpad/.pycsl_afaljp5k.mlw", line 3090, characters 43-47: unused variable self
Warning, file "/home/fabrice/git/pycsl/scratchpad/.pycsl_afaljp5k.mlw", line 3092, characters 15-19: unused variable result
Warning, file "/home/fabrice/git/pycsl/scratchpad/.pycsl_afaljp5k.mlw", line 3097, characters 42-46: unused variable self
Warning, file "/home/fabrice/git/pycsl/scratchpad/.pycsl_afaljp5k.mlw", line 3099, characters 15-19: unused variable result
Warning, file "/home/fabrice/git/pycsl/scratchpad/.pycsl_afaljp5k.mlw", line 3104, characters 38-42: unused variable self
Warning, file "/home/fabrice/git/pycsl/scratchpad/.pycsl_afaljp5k.mlw", line 3106, characters 15-19: unused variable result
Warning, file "/home/fabrice/git/pycsl/scratchpad/.pycsl_afaljp5k.mlw", line 3111, characters 36-40: unused variable self
Warning, file "/home/fabrice/git/pycsl/scratchpad/.pycsl_afaljp5k.mlw", line 3113, characters 15-19: unused variable result
Warning, file "/home/fabrice/git/pycsl/scratchpad/.pycsl_afaljp5k.mlw", line 3118, characters 43-47: unused variable self
Warning, file "/home/fabrice/git/pycsl/scratchpad/.pycsl_afaljp5k.mlw", line 3120, characters 15-19: unused variable result
Warning, file "/home/fabrice/git/pycsl/scratchpad/.pycsl_afaljp5k.mlw", line 3125, characters 40-44: unused variable self
Warning, file "/home/fabrice/git/pycsl/scratchpad/.pycsl_afaljp5k.mlw", line 3127, characters 15-19: unused variable result
Warning, file "/home/fabrice/git/pycsl/scratchpad/.pycsl_afaljp5k.mlw", line 3132, characters 42-46: unused variable self
Warning, file "/home/fabrice/git/pycsl/scratchpad/.pycsl_afaljp5k.mlw", line 3134, characters 15-19: unused variable result
Warning, file "/home/fabrice/git/pycsl/scratchpad/.pycsl_afaljp5k.mlw", line 3139, characters 39-43: unused variable self
Warning, file "/home/fabrice/git/pycsl/scratchpad/.pycsl_afaljp5k.mlw", line 3141, characters 15-19: unused variable result
Warning, file "/home/fabrice/git/pycsl/scratchpad/.pycsl_afaljp5k.mlw", line 3146, characters 42-46: unused variable self
Warning, file "/home/fabrice/git/pycsl/scratchpad/.pycsl_afaljp5k.mlw", line 3148, characters 15-19: unused variable result
Warning, file "/home/fabrice/git/pycsl/scratchpad/.pycsl_afaljp5k.mlw", line 3159, characters 36-40: unused variable self
Warning, file "/home/fabrice/git/pycsl/scratchpad/.pycsl_afaljp5k.mlw", line 3161, characters 15-19: unused variable result
Warning, file "/home/fabrice/git/pycsl/scratchpad/.pycsl_afaljp5k.mlw", line 3166, characters 35-39: unused variable self
Warning, file "/home/fabrice/git/pycsl/scratchpad/.pycsl_afaljp5k.mlw", line 3168, characters 15-19: unused variable result
Warning, file "/home/fabrice/git/pycsl/scratchpad/.pycsl_afaljp5k.mlw", line 3173, characters 40-44: unused variable self
Warning, file "/home/fabrice/git/pycsl/scratchpad/.pycsl_afaljp5k.mlw", line 3175, characters 15-19: unused variable result
Warning, file "/home/fabrice/git/pycsl/scratchpad/.pycsl_afaljp5k.mlw", line 3180, characters 38-42: unused variable self
Warning, file "/home/fabrice/git/pycsl/scratchpad/.pycsl_afaljp5k.mlw", line 3182, characters 15-19: unused variable result
Warning, file "/home/fabrice/git/pycsl/scratchpad/.pycsl_afaljp5k.mlw", line 3187, characters 40-44: unused variable self
Warning, file "/home/fabrice/git/pycsl/scratchpad/.pycsl_afaljp5k.mlw", line 3189, characters 15-19: unused variable result
Warning, file "/home/fabrice/git/pycsl/scratchpad/.pycsl_afaljp5k.mlw", line 3194, characters 36-40: unused variable self
Warning, file "/home/fabrice/git/pycsl/scratchpad/.pycsl_afaljp5k.mlw", line 3196, characters 15-19: unused variable result
Warning, file "/home/fabrice/git/pycsl/scratchpad/.pycsl_afaljp5k.mlw", line 3203, characters 15-19: unused variable result
Warning, file "/home/fabrice/git/pycsl/scratchpad/.pycsl_afaljp5k.mlw", line 3286, characters 52-56: unused variable self
Warning, file "/home/fabrice/git/pycsl/scratchpad/.pycsl_afaljp5k.mlw", line 3286, characters 79-86: unused variable func_ir
Warning, file "/home/fabrice/git/pycsl/scratchpad/.pycsl_afaljp5k.mlw", line 3290, characters 49-53: unused variable self
Warning, file "/home/fabrice/git/pycsl/scratchpad/.pycsl_afaljp5k.mlw", line 3290, characters 76-83: unused variable func_ir
Warning, file "/home/fabrice/git/pycsl/scratchpad/.pycsl_afaljp5k.mlw", line 3294, characters 46-50: unused variable self
Warning, file "/home/fabrice/git/pycsl/scratchpad/.pycsl_afaljp5k.mlw", line 3296, characters 15-19: unused variable result
Warning, file "/home/fabrice/git/pycsl/scratchpad/.pycsl_afaljp5k.mlw", line 3302, characters 78-82: unused variable node
Warning, file "/home/fabrice/git/pycsl/scratchpad/.pycsl_afaljp5k.mlw", line 3307, characters 79-83: unused variable node
Warning, file "/home/fabrice/git/pycsl/scratchpad/.pycsl_afaljp5k.mlw", line 3312, characters 77-81: unused variable node
Warning, file "/home/fabrice/git/pycsl/scratchpad/.pycsl_afaljp5k.mlw", line 3317, characters 55-59: unused variable self
Warning, file "/home/fabrice/git/pycsl/scratchpad/.pycsl_afaljp5k.mlw", line 3317, characters 82-92: unused variable annotation
Warning, file "/home/fabrice/git/pycsl/scratchpad/.pycsl_afaljp5k.mlw", line 3319, characters 15-19: unused variable result
Warning, file "/home/fabrice/git/pycsl/scratchpad/.pycsl_afaljp5k.mlw", line 3330, characters 8-11: unused variable elt
Warning, file "/home/fabrice/git/pycsl/scratchpad/.pycsl_afaljp5k.mlw", line 3321, characters 55-59: unused variable self
Warning, file "/home/fabrice/git/pycsl/scratchpad/.pycsl_afaljp5k.mlw", line 3323, characters 15-19: unused variable result
Warning, file "/home/fabrice/git/pycsl/scratchpad/.pycsl_afaljp5k.mlw", line 3398, characters 87-97: unused variable annotation
Warning, file "/home/fabrice/git/pycsl/scratchpad/.pycsl_afaljp5k.mlw", line 3398, characters 109-119: unused variable scope_name
Warning, file "/home/fabrice/git/pycsl/scratchpad/.pycsl_afaljp5k.mlw", line 3400, characters 15-19: unused variable result
Warning, file "/home/fabrice/git/pycsl/scratchpad/.pycsl_afaljp5k.mlw", line 3405, characters 15-19: unused variable result
Warning, file "/home/fabrice/git/pycsl/scratchpad/.pycsl_afaljp5k.mlw", line 3413, characters 51-55: unused variable self
Warning, file "/home/fabrice/git/pycsl/scratchpad/.pycsl_afaljp5k.mlw", line 3413, characters 78-83: unused variable mutex
Warning, file "/home/fabrice/git/pycsl/scratchpad/.pycsl_afaljp5k.mlw", line 3415, characters 15-19: unused variable result
Warning, file "/home/fabrice/git/pycsl/scratchpad/.pycsl_afaljp5k.mlw", line 3433, characters 32-36: unused variable result
Warning, file "/home/fabrice/git/pycsl/scratchpad/.pycsl_afaljp5k.mlw", line 3444, characters 48-52: unused variable self
Warning, file "/home/fabrice/git/pycsl/scratchpad/.pycsl_afaljp5k.mlw", line 3446, characters 15-19: unused variable result
Warning, file "/home/fabrice/git/pycsl/scratchpad/.pycsl_afaljp5k.mlw", line 3449, characters 48-52: unused variable self
Warning, file "/home/fabrice/git/pycsl/scratchpad/.pycsl_afaljp5k.mlw", line 3451, characters 15-19: unused variable result
Warning, file "/home/fabrice/git/pycsl/scratchpad/.pycsl_afaljp5k.mlw", line 3454, characters 45-49: unused variable self
Warning, file "/home/fabrice/git/pycsl/scratchpad/.pycsl_afaljp5k.mlw", line 3456, characters 15-19: unused variable result
Warning, file "/home/fabrice/git/pycsl/scratchpad/.pycsl_afaljp5k.mlw", line 3465, characters 46-50: unused variable self
Warning, file "/home/fabrice/git/pycsl/scratchpad/.pycsl_afaljp5k.mlw", line 3467, characters 15-19: unused variable result
Warning, file "/home/fabrice/git/pycsl/scratchpad/.pycsl_afaljp5k.mlw", line 3470, characters 47-51: unused variable self
Warning, file "/home/fabrice/git/pycsl/scratchpad/.pycsl_afaljp5k.mlw", line 3472, characters 15-19: unused variable result
Warning, file "/home/fabrice/git/pycsl/scratchpad/.pycsl_afaljp5k.mlw", line 3475, characters 49-53: unused variable self
Warning, file "/home/fabrice/git/pycsl/scratchpad/.pycsl_afaljp5k.mlw", line 3477, characters 15-19: unused variable result
Warning, file "/home/fabrice/git/pycsl/scratchpad/.pycsl_afaljp5k.mlw", line 3491, characters 51-55: unused variable self
Warning, file "/home/fabrice/git/pycsl/scratchpad/.pycsl_afaljp5k.mlw", line 3493, characters 15-19: unused variable result
Warning, file "/home/fabrice/git/pycsl/scratchpad/.pycsl_afaljp5k.mlw", line 3531, characters 72-82: unused variable annotation
Warning, file "/home/fabrice/git/pycsl/scratchpad/.pycsl_afaljp5k.mlw", line 3531, characters 90-100: unused variable scope_name
Warning, file "/home/fabrice/git/pycsl/scratchpad/.pycsl_afaljp5k.mlw", line 3531, characters 111-121: unused variable param_name
Warning, file "/home/fabrice/git/pycsl/scratchpad/.pycsl_afaljp5k.mlw", line 3533, characters 15-19: unused variable result
Warning, file "/home/fabrice/git/pycsl/scratchpad/.pycsl_afaljp5k.mlw", line 3544, characters 8-11: unused variable elt
Warning, file "/home/fabrice/git/pycsl/scratchpad/.pycsl_afaljp5k.mlw", line 3536, characters 52-56: unused variable self
Warning, file "/home/fabrice/git/pycsl/scratchpad/.pycsl_afaljp5k.mlw", line 3538, characters 15-19: unused variable result
Warning, file "/home/fabrice/git/pycsl/scratchpad/.pycsl_afaljp5k.mlw", line 3600, characters 48-52: unused variable self
Warning, file "/home/fabrice/git/pycsl/scratchpad/.pycsl_afaljp5k.mlw", line 3600, characters 75-82: unused variable pattern
Warning, file "/home/fabrice/git/pycsl/scratchpad/.pycsl_afaljp5k.mlw", line 3602, characters 15-19: unused variable result
Warning, file "/home/fabrice/git/pycsl/scratchpad/.pycsl_afaljp5k.mlw", line 3604, characters 45-49: unused variable self
Warning, file "/home/fabrice/git/pycsl/scratchpad/.pycsl_afaljp5k.mlw", line 3606, characters 15-19: unused variable result
Warning, file "/home/fabrice/git/pycsl/scratchpad/.pycsl_afaljp5k.mlw", line 3621, characters 15-19: unused variable result
Warning, file "/home/fabrice/git/pycsl/scratchpad/.pycsl_afaljp5k.mlw", line 3636, characters 57-61: unused variable self
Warning, file "/home/fabrice/git/pycsl/scratchpad/.pycsl_afaljp5k.mlw", line 3636, characters 84-92: unused variable ann_expr
Warning, file "/home/fabrice/git/pycsl/scratchpad/.pycsl_afaljp5k.mlw", line 3636, characters 100-110: unused variable param_name
Warning, file "/home/fabrice/git/pycsl/scratchpad/.pycsl_afaljp5k.mlw", line 3638, characters 15-19: unused variable result
Warning, file "/home/fabrice/git/pycsl/scratchpad/.pycsl_afaljp5k.mlw", line 3640, characters 82-90: unused variable ann_expr
Warning, file "/home/fabrice/git/pycsl/scratchpad/.pycsl_afaljp5k.mlw", line 3640, characters 98-108: unused variable scope_name
Warning, file "/home/fabrice/git/pycsl/scratchpad/.pycsl_afaljp5k.mlw", line 3642, characters 15-19: unused variable result
Warning, file "/home/fabrice/git/pycsl/scratchpad/.pycsl_afaljp5k.mlw", line 3645, characters 47-51: unused variable self
Warning, file "/home/fabrice/git/pycsl/scratchpad/.pycsl_afaljp5k.mlw", line 3647, characters 15-19: unused variable result
Warning, file "/home/fabrice/git/pycsl/scratchpad/.pycsl_afaljp5k.mlw", line 3662, characters 85-89: unused variable node
Warning, file "/home/fabrice/git/pycsl/scratchpad/.pycsl_afaljp5k.mlw", line 3669, characters 15-19: unused variable result
Warning, file "/home/fabrice/git/pycsl/scratchpad/.pycsl_afaljp5k.mlw", line 3672, characters 10-61: termination of this expression cannot be proved, but there is no `diverges' clause in the outer specification
Warning, file "/home/fabrice/git/pycsl/scratchpad/.pycsl_afaljp5k.mlw", line 3676, characters 15-19: unused variable result
Warning, file "/home/fabrice/git/pycsl/scratchpad/.pycsl_afaljp5k.mlw", line 3679, characters 9-66: termination of this expression cannot be proved, but there is no `diverges' clause in the outer specification
Warning, file "/home/fabrice/git/pycsl/scratchpad/.pycsl_afaljp5k.mlw", line 3683, characters 15-19: unused variable result
Warning, file "/home/fabrice/git/pycsl/scratchpad/.pycsl_afaljp5k.mlw", line 3686, characters 12-72: termination of this expression cannot be proved, but there is no `diverges' clause in the outer specification
Warning, file "/home/fabrice/git/pycsl/scratchpad/.pycsl_afaljp5k.mlw", line 3695, characters 122-166: termination of this expression cannot be proved, but there is no `diverges' clause in the outer specification
Warning, file "/home/fabrice/git/pycsl/scratchpad/.pycsl_afaljp5k.mlw", line 3704, characters 44-105: termination of this expression cannot be proved, but there is no `diverges' clause in the outer specification
Warning, file "/home/fabrice/git/pycsl/scratchpad/.pycsl_afaljp5k.mlw", line 3706, characters 43-47: unused variable self
Warning, file "/home/fabrice/git/pycsl/scratchpad/.pycsl_afaljp5k.mlw", line 3747, characters 140-202: termination of this expression cannot be proved, but there is no `diverges' clause in the outer specification
Warning, file "/home/fabrice/git/pycsl/scratchpad/.pycsl_afaljp5k.mlw", line 3750, characters 147-209: termination of this expression cannot be proved, but there is no `diverges' clause in the outer specification
Warning, file "/home/fabrice/git/pycsl/scratchpad/.pycsl_afaljp5k.mlw", line 3756, characters 54-129: termination of this expression cannot be proved, but there is no `diverges' clause in the outer specification
Warning, file "/home/fabrice/git/pycsl/scratchpad/.pycsl_afaljp5k.mlw", line 3756, characters 217-279: termination of this expression cannot be proved, but there is no `diverges' clause in the outer specification
Warning, file "/home/fabrice/git/pycsl/scratchpad/.pycsl_afaljp5k.mlw", line 3755, characters 23-86: termination of this expression cannot be proved, but there is no `diverges' clause in the outer specification
Warning, file "/home/fabrice/git/pycsl/scratchpad/.pycsl_afaljp5k.mlw", line 3753, characters 22-97: termination of this expression cannot be proved, but there is no `diverges' clause in the outer specification
Warning, file "/home/fabrice/git/pycsl/scratchpad/.pycsl_afaljp5k.mlw", line 3762, characters 42-46: unused variable self
Warning, file "/home/fabrice/git/pycsl/scratchpad/.pycsl_afaljp5k.mlw", line 3762, characters 69-73: unused variable stmt
Warning, file "/home/fabrice/git/pycsl/scratchpad/.pycsl_afaljp5k.mlw", line 3770, characters 45-49: unused variable self
Warning, file "/home/fabrice/git/pycsl/scratchpad/.pycsl_afaljp5k.mlw", line 3770, characters 72-76: unused variable stmt
Warning, file "/home/fabrice/git/pycsl/scratchpad/.pycsl_afaljp5k.mlw", line 3778, characters 43-47: unused variable self
Warning, file "/home/fabrice/git/pycsl/scratchpad/.pycsl_afaljp5k.mlw", line 3805, characters 44-101: termination of this expression cannot be proved, but there is no `diverges' clause in the outer specification
Warning, file "/home/fabrice/git/pycsl/scratchpad/.pycsl_afaljp5k.mlw", line 3815, characters 35-79: termination of this expression cannot be proved, but there is no `diverges' clause in the outer specification
Warning, file "/home/fabrice/git/pycsl/scratchpad/.pycsl_afaljp5k.mlw", line 3823, characters 35-78: termination of this expression cannot be proved, but there is no `diverges' clause in the outer specification
Warning, file "/home/fabrice/git/pycsl/scratchpad/.pycsl_afaljp5k.mlw", line 3825, characters 42-46: unused variable self
Warning, file "/home/fabrice/git/pycsl/scratchpad/.pycsl_afaljp5k.mlw", line 3848, characters 41-45: unused variable self
Warning, file "/home/fabrice/git/pycsl/scratchpad/.pycsl_afaljp5k.mlw", line 3848, characters 68-72: unused variable stmt
Warning, file "/home/fabrice/git/pycsl/scratchpad/.pycsl_afaljp5k.mlw", line 3870, characters 32-88: termination of this expression cannot be proved, but there is no `diverges' clause in the outer specification
Warning, file "/home/fabrice/git/pycsl/scratchpad/.pycsl_afaljp5k.mlw", line 3894, characters 96-140: termination of this expression cannot be proved, but there is no `diverges' clause in the outer specification
Warning, file "/home/fabrice/git/pycsl/scratchpad/.pycsl_afaljp5k.mlw", line 3896, characters 40-44: unused variable self
Warning, file "/home/fabrice/git/pycsl/scratchpad/.pycsl_afaljp5k.mlw", line 3931, characters 35-81: termination of this expression cannot be proved, but there is no `diverges' clause in the outer specification
Warning, file "/home/fabrice/git/pycsl/scratchpad/.pycsl_afaljp5k.mlw", line 3933, characters 41-45: unused variable self
Warning, file "/home/fabrice/git/pycsl/scratchpad/.pycsl_afaljp5k.mlw", line 3946, characters 43-47: unused variable self
Warning, file "/home/fabrice/git/pycsl/scratchpad/.pycsl_afaljp5k.mlw", line 3946, characters 70-75: unused variable stmts
Warning, file "/home/fabrice/git/pycsl/scratchpad/.pycsl_afaljp5k.mlw", line 3948, characters 15-19: unused variable result
Warning, file "/home/fabrice/git/pycsl/scratchpad/.pycsl_afaljp5k.mlw", line 3950, characters 47-51: unused variable self
Warning, file "/home/fabrice/git/pycsl/scratchpad/.pycsl_afaljp5k.mlw", line 3952, characters 15-19: unused variable result
Warning, file "/home/fabrice/git/pycsl/scratchpad/.pycsl_afaljp5k.mlw", line 3957, characters 88-92: unused variable node
Warning, file "/home/fabrice/git/pycsl/scratchpad/.pycsl_afaljp5k.mlw", line 3962, characters 54-58: unused variable self
Warning, file "/home/fabrice/git/pycsl/scratchpad/.pycsl_afaljp5k.mlw", line 3964, characters 15-19: unused variable result
Warning, file "/home/fabrice/git/pycsl/scratchpad/.pycsl_afaljp5k.mlw", line 3971, characters 87-91: unused variable node
Warning, file "/home/fabrice/git/pycsl/scratchpad/.pycsl_afaljp5k.mlw", line 3978, characters 15-19: unused variable result
Warning, file "/home/fabrice/git/pycsl/scratchpad/.pycsl_afaljp5k.mlw", line 3991, characters 15-19: unused variable result
Warning, file "/home/fabrice/git/pycsl/scratchpad/.pycsl_afaljp5k.mlw", line 4010, characters 42-46: unused variable self
Warning, file "/home/fabrice/git/pycsl/scratchpad/.pycsl_afaljp5k.mlw", line 4012, characters 15-19: unused variable result
Warning, file "/home/fabrice/git/pycsl/scratchpad/.pycsl_afaljp5k.mlw", line 4077, characters 69-73: unused variable node
Warning, file "/home/fabrice/git/pycsl/scratchpad/.pycsl_afaljp5k.mlw", line 4082, characters 72-76: unused variable node
Warning, file "/home/fabrice/git/pycsl/scratchpad/.pycsl_afaljp5k.mlw", line 4087, characters 67-71: unused variable node

[-] 25 goal(s) remain unproven after all provers:
    Prover result is: Timeout (30.00s, 60074652 steps).
    Prover result is: Timeout (30.00s, 59788648 steps).
    Prover result is: Timeout (30.00s, 60526381 steps).
    Prover result is: Timeout (30.00s, 64225099 steps).
    Prover result is: Timeout (30.00s, 60592356 steps).
    Prover result is: Timeout (30.00s, 57542604 steps).
    Prover result is: Timeout (30.00s, 59179482 steps).
    Prover result is: Timeout (30.00s, 207491389 steps).
    Prover result is: Timeout (30.00s, 62548909 steps).
    Prover result is: Timeout (30.00s, 62265357 steps).
    Prover result is: Timeout (30.00s, 62168518 steps).
    Prover result is: Timeout (30.00s, 68114035 steps).
    Prover result is: Timeout (30.00s, 61699833 steps).
    Prover result is: Timeout (30.00s, 59906633 steps).
    Prover result is: Timeout (30.00s, 37348783 steps).
    Prover result is: Timeout (30.00s, 50233233 steps).
    Prover result is: Timeout (30.00s, 59138711 steps).
    Prover result is: Timeout (30.00s, 59176560 steps).
    Prover result is: Timeout (30.00s, 59254921 steps).
    Prover result is: Timeout (30.00s, 65916960 steps).
    Prover result is: Timeout (30.00s, 62199850 steps).
    Prover result is: Timeout (30.00s, 61466605 steps).
    Prover result is: Timeout (30.00s, 71025529 steps).
    Prover result is: Timeout (30.00s, 64160958 steps).
    Prover result is: Timeout (30.00s, 61453146 steps).

[-] Verification FAILED or INCOMPLETE. Check the solver output.
