/home/fabrice/git/pycsl/src/pycsl/core_ir_semantic.py:1604: UserWarning: Function 'statementemissionmixin___dv_store_value': path condition narrows a Union-typed variable without a recognized guard (is None / isinstance / TypeIs / TypeGuard). The variable retains its Union type on both branches (C8).
  _union_c8_walk(func.get("body", []) or [], union_vars, func.get("name", "?"))
[*] Parsing and Semantic Analysis for 'src/self-annotate/src/module6_whyml/statements.py'...
[*] Memory model: hoare
[*] Imported class from 'ir_schema': AssignStmt (record + 0 method stub(s) + 18 helper(s))
[*] Imported class from 'ir_schema': AugAssignStmt (record + 0 method stub(s) + 0 helper(s))
[*] Imported class from 'ir_schema': ArraySetStmt (record + 0 method stub(s) + 0 helper(s))
[*] Imported class from 'ir_schema': ArraySliceSetStmt (record + 0 method stub(s) + 0 helper(s))
[*] Imported class from 'ir_schema': GhostAssignStmt (record + 0 method stub(s) + 0 helper(s))
[*] Imported class from 'ir_schema': GhostArraySetStmt (record + 0 method stub(s) + 0 helper(s))
[*] Imported class from 'ir_schema': TupleUnpackStmt (record + 0 method stub(s) + 0 helper(s))
[*] Imported class from 'ir_schema': FieldAssignStmt (record + 0 method stub(s) + 0 helper(s))
[*] Imported class from 'ir_schema': FieldAugAssignStmt (record + 0 method stub(s) + 0 helper(s))
[*] Imported class from 'ir_schema': ExprStmt (record + 0 method stub(s) + 0 helper(s))
[*] Imported class from 'ir_schema': CriticalSectionStmt (record + 0 method stub(s) + 0 helper(s))
[*] Imported class from 'ir_schema': ReturnStmt (record + 0 method stub(s) + 0 helper(s))
[*] Imported class from 'ir_schema': IfStmt (record + 0 method stub(s) + 0 helper(s))
[*] Imported class from 'ir_schema': WhileStmt (record + 0 method stub(s) + 0 helper(s))
[*] Imported class from 'ir_schema': ForStmt (record + 0 method stub(s) + 0 helper(s))
[*] Imported class from 'ir_schema': TryStmt (record + 0 method stub(s) + 0 helper(s))
[*] Imported class from 'ir_schema': MatchStmt (record + 0 method stub(s) + 0 helper(s))
[*] Imported class from 'ir_schema': LabelStmt (record + 0 method stub(s) + 0 helper(s))
[*] Imported class from 'ir_schema': RaiseStmt (record + 0 method stub(s) + 0 helper(s))
[*] Imported class from 'ir_schema': ProofAssertStmt (record + 0 method stub(s) + 0 helper(s))
[*] Imported class from 'ir_schema': AssertStmt (record + 0 method stub(s) + 0 helper(s))
[*] Imported class from 'ir_schema': PassStmt (record + 0 method stub(s) + 0 helper(s))
[*] Imported class from 'ir_schema': BreakStmt (record + 0 method stub(s) + 0 helper(s))
[*] Imported class from 'ir_schema': ContinueStmt (record + 0 method stub(s) + 0 helper(s))
[*] Imported class from 'ir_schema': OpaqueStmt (record + 0 method stub(s) + 0 helper(s))
[*] Imported class from 'errors': PyCSLSemanticError (record + 0 method stub(s) + 2 helper(s))
[*] Imported from 'module6_whyml.identifiers': ['op_translate', 'whyml_ident', 'safe_mutex_name', 'safe_exc_name', 'stable_hash'] (trusted stubs)
[*] Imported from 'ir_schema': ['stmt_from_dict'] (trusted stubs)
[*] Running Proof Engine (provers: Alt-Ergo,2.6.3 → Z3,4.13.3,)...

--- Verification Results ---
File "/home/fabrice/git/pycsl/scratchpad/tmp/.pycsl_y6og56hk.mlw", line 33, characters 7-14:
Sub-goal precondition of goal pycsl_div'vc.
Prover result is: Valid (0.00s, 1377 steps).

File "/home/fabrice/git/pycsl/scratchpad/tmp/.pycsl_y6og56hk.mlw", line 33, characters 34-41:
Sub-goal precondition of goal pycsl_div'vc.
Prover result is: Valid (0.00s, 1568 steps).

File "/home/fabrice/git/pycsl/scratchpad/tmp/.pycsl_y6og56hk.mlw", line 33, characters 51-58:
Sub-goal precondition of goal pycsl_div'vc.
Prover result is: Valid (0.01s, 1581 steps).

File "/home/fabrice/git/pycsl/scratchpad/tmp/.pycsl_y6og56hk.mlw", line 32, characters 14-79:
Sub-goal postcondition of goal pycsl_div'vc.
Prover result is: Valid (0.05s, 19 steps).

File "/home/fabrice/git/pycsl/scratchpad/tmp/.pycsl_y6og56hk.mlw", line 38, characters 7-14:
Sub-goal precondition of goal pycsl_mod'vc.
Prover result is: Valid (0.01s, 1377 steps).

File "/home/fabrice/git/pycsl/scratchpad/tmp/.pycsl_y6og56hk.mlw", line 38, characters 34-41:
Sub-goal precondition of goal pycsl_mod'vc.
Prover result is: Valid (0.01s, 1568 steps).

File "/home/fabrice/git/pycsl/scratchpad/tmp/.pycsl_y6og56hk.mlw", line 38, characters 51-58:
Sub-goal precondition of goal pycsl_mod'vc.
Prover result is: Valid (0.01s, 1581 steps).

File "/home/fabrice/git/pycsl/scratchpad/tmp/.pycsl_y6og56hk.mlw", line 37, characters 14-79:
Sub-goal postcondition of goal pycsl_mod'vc.
Prover result is: Valid (0.01s, 17220 steps).

File "/home/fabrice/git/pycsl/scratchpad/tmp/.pycsl_y6og56hk.mlw", line 101, characters 18-37:
Sub-goal variant decrease of goal size_pos'vc.
Prover result is: Valid (0.01s, 23676 steps).

File "/home/fabrice/git/pycsl/scratchpad/tmp/.pycsl_y6og56hk.mlw", line 102, characters 18-36:
Sub-goal variant decrease of goal size_pos'vc.
Prover result is: Valid (0.01s, 23704 steps).

File "/home/fabrice/git/pycsl/scratchpad/tmp/.pycsl_y6og56hk.mlw", line 99, characters 14-27:
Sub-goal postcondition of goal size_pos'vc.
Prover result is: Valid (0.13s, 336149 steps).

File "/home/fabrice/git/pycsl/scratchpad/tmp/.pycsl_y6og56hk.mlw", line 106, characters 41-51:
Sub-goal variant decrease of goal size_list_nonneg'vc.
Prover result is: Valid (0.01s, 6210 steps).

File "/home/fabrice/git/pycsl/scratchpad/tmp/.pycsl_y6og56hk.mlw", line 106, characters 53-71:
Sub-goal variant decrease of goal size_list_nonneg'vc.
Prover result is: Valid (0.01s, 6917 steps).

File "/home/fabrice/git/pycsl/scratchpad/tmp/.pycsl_y6og56hk.mlw", line 105, characters 14-30:
Sub-goal postcondition of goal size_list_nonneg'vc.
Prover result is: Valid (0.01s, 22745 steps).

File "/home/fabrice/git/pycsl/scratchpad/tmp/.pycsl_y6og56hk.mlw", line 109, characters 48-58:
Sub-goal variant decrease of goal size_dict_nonneg'vc.
Prover result is: Valid (0.01s, 6214 steps).

File "/home/fabrice/git/pycsl/scratchpad/tmp/.pycsl_y6og56hk.mlw", line 109, characters 60-81:
Sub-goal variant decrease of goal size_dict_nonneg'vc.
Prover result is: Valid (0.01s, 7278 steps).

File "/home/fabrice/git/pycsl/scratchpad/tmp/.pycsl_y6og56hk.mlw", line 108, characters 14-30:
Sub-goal postcondition of goal size_dict_nonneg'vc.
Prover result is: Valid (0.02s, 23980 steps).

File "/home/fabrice/git/pycsl/scratchpad/tmp/.pycsl_y6og56hk.mlw", line 116, characters 48-68:
Sub-goal variant decrease of goal size_dict_mem'vc.
Prover result is: Valid (0.01s, 7360 steps).

File "/home/fabrice/git/pycsl/scratchpad/tmp/.pycsl_y6og56hk.mlw", line 112, characters 29-49:
Sub-goal postcondition of goal size_dict_mem'vc.
Prover result is: Valid (0.02s, 30876 steps).

File "/home/fabrice/git/pycsl/scratchpad/tmp/.pycsl_y6og56hk.mlw", line 143, characters 24-42:
Sub-goal variant decrease of goal wf_ir_binds'vc.
Prover result is: Valid (0.01s, 9774 steps).

File "/home/fabrice/git/pycsl/scratchpad/tmp/.pycsl_y6og56hk.mlw", line 143, characters 24-42:
Sub-goal precondition of goal wf_ir_binds'vc.
Prover result is: Valid (0.02s, 37589 steps).

File "/home/fabrice/git/pycsl/scratchpad/tmp/.pycsl_y6og56hk.mlw", line 139, characters 52-62:
Sub-goal postcondition of goal wf_ir_binds'vc.
Prover result is: Valid (0.56s, 693315 steps).

File "/home/fabrice/git/pycsl/scratchpad/tmp/.pycsl_y6og56hk.mlw", line 315, characters 36-42:
Sub-goal variant decrease of goal size'vc.
Prover result is: Valid (0.01s, 30922 steps).

File "/home/fabrice/git/pycsl/scratchpad/tmp/.pycsl_y6og56hk.mlw", line 315, characters 27-33:
Sub-goal variant decrease of goal size'vc.
Prover result is: Valid (0.01s, 30944 steps).

File "/home/fabrice/git/pycsl/scratchpad/tmp/.pycsl_y6og56hk.mlw", line 316, characters 35-41:
Sub-goal variant decrease of goal size'vc.
Prover result is: Valid (0.01s, 30938 steps).

File "/home/fabrice/git/pycsl/scratchpad/tmp/.pycsl_y6og56hk.mlw", line 316, characters 26-32:
Sub-goal variant decrease of goal size'vc.
Prover result is: Valid (0.01s, 30960 steps).

File "/home/fabrice/git/pycsl/scratchpad/tmp/.pycsl_y6og56hk.mlw", line 317, characters 32-38:
Sub-goal variant decrease of goal size'vc.
Prover result is: Valid (0.01s, 30910 steps).

File "/home/fabrice/git/pycsl/scratchpad/tmp/.pycsl_y6og56hk.mlw", line 317, characters 23-29:
Sub-goal variant decrease of goal size'vc.
Prover result is: Valid (0.02s, 30932 steps).

File "/home/fabrice/git/pycsl/scratchpad/tmp/.pycsl_y6og56hk.mlw", line 318, characters 34-40:
Sub-goal variant decrease of goal size'vc.
Prover result is: Valid (0.01s, 30914 steps).

File "/home/fabrice/git/pycsl/scratchpad/tmp/.pycsl_y6og56hk.mlw", line 318, characters 25-31:
Sub-goal variant decrease of goal size'vc.
Prover result is: Valid (0.01s, 30936 steps).

File "/home/fabrice/git/pycsl/scratchpad/tmp/.pycsl_y6og56hk.mlw", line 319, characters 24-30:
Sub-goal variant decrease of goal size'vc.
Prover result is: Valid (0.01s, 30870 steps).

File "/home/fabrice/git/pycsl/scratchpad/tmp/.pycsl_y6og56hk.mlw", line 320, characters 26-32:
Sub-goal variant decrease of goal size'vc.
Prover result is: Valid (0.01s, 30904 steps).

File "/home/fabrice/git/pycsl/scratchpad/tmp/.pycsl_y6og56hk.mlw", line 321, characters 44-50:
Sub-goal variant decrease of goal size'vc.
Prover result is: Valid (0.01s, 30950 steps).

File "/home/fabrice/git/pycsl/scratchpad/tmp/.pycsl_y6og56hk.mlw", line 321, characters 35-41:
Sub-goal variant decrease of goal size'vc.
Prover result is: Valid (0.01s, 30972 steps).

File "/home/fabrice/git/pycsl/scratchpad/tmp/.pycsl_y6og56hk.mlw", line 321, characters 26-32:
Sub-goal variant decrease of goal size'vc.
Prover result is: Valid (0.01s, 30994 steps).

File "/home/fabrice/git/pycsl/scratchpad/tmp/.pycsl_y6og56hk.mlw", line 322, characters 27-33:
Sub-goal variant decrease of goal size'vc.
Prover result is: Valid (0.01s, 30940 steps).

File "/home/fabrice/git/pycsl/scratchpad/tmp/.pycsl_y6og56hk.mlw", line 323, characters 22-28:
Sub-goal variant decrease of goal size'vc.
Prover result is: Valid (0.01s, 30944 steps).

File "/home/fabrice/git/pycsl/scratchpad/tmp/.pycsl_y6og56hk.mlw", line 324, characters 25-31:
Sub-goal variant decrease of goal size'vc.
Prover result is: Valid (0.01s, 30962 steps).

File "/home/fabrice/git/pycsl/scratchpad/tmp/.pycsl_y6og56hk.mlw", line 325, characters 45-52:
Sub-goal variant decrease of goal size'vc.
Prover result is: Valid (0.01s, 30980 steps).

File "/home/fabrice/git/pycsl/scratchpad/tmp/.pycsl_y6og56hk.mlw", line 325, characters 35-42:
Sub-goal variant decrease of goal size'vc.
Prover result is: Valid (0.01s, 31002 steps).

File "/home/fabrice/git/pycsl/scratchpad/tmp/.pycsl_y6og56hk.mlw", line 326, characters 39-45:
Sub-goal variant decrease of goal size'vc.
Prover result is: Valid (0.01s, 30980 steps).

File "/home/fabrice/git/pycsl/scratchpad/tmp/.pycsl_y6og56hk.mlw", line 326, characters 30-36:
Sub-goal variant decrease of goal size'vc.
Prover result is: Valid (0.01s, 31002 steps).

File "/home/fabrice/git/pycsl/scratchpad/tmp/.pycsl_y6og56hk.mlw", line 327, characters 38-44:
Sub-goal variant decrease of goal size'vc.
Prover result is: Valid (0.01s, 30984 steps).

File "/home/fabrice/git/pycsl/scratchpad/tmp/.pycsl_y6og56hk.mlw", line 327, characters 29-35:
Sub-goal variant decrease of goal size'vc.
Prover result is: Valid (0.01s, 31006 steps).

File "/home/fabrice/git/pycsl/scratchpad/tmp/.pycsl_y6og56hk.mlw", line 328, characters 39-45:
Sub-goal variant decrease of goal size'vc.
Prover result is: Valid (0.01s, 30988 steps).

File "/home/fabrice/git/pycsl/scratchpad/tmp/.pycsl_y6og56hk.mlw", line 328, characters 30-36:
Sub-goal variant decrease of goal size'vc.
Prover result is: Valid (0.01s, 31010 steps).

File "/home/fabrice/git/pycsl/scratchpad/tmp/.pycsl_y6og56hk.mlw", line 329, characters 36-42:
Sub-goal variant decrease of goal size'vc.
Prover result is: Valid (0.01s, 30988 steps).

File "/home/fabrice/git/pycsl/scratchpad/tmp/.pycsl_y6og56hk.mlw", line 329, characters 27-33:
Sub-goal variant decrease of goal size'vc.
Prover result is: Valid (0.01s, 31010 steps).

File "/home/fabrice/git/pycsl/scratchpad/tmp/.pycsl_y6og56hk.mlw", line 330, characters 40-46:
Sub-goal variant decrease of goal size'vc.
Prover result is: Valid (0.01s, 30992 steps).

File "/home/fabrice/git/pycsl/scratchpad/tmp/.pycsl_y6og56hk.mlw", line 330, characters 31-37:
Sub-goal variant decrease of goal size'vc.
Prover result is: Valid (0.01s, 31014 steps).

File "/home/fabrice/git/pycsl/scratchpad/tmp/.pycsl_y6og56hk.mlw", line 331, characters 34-40:
Sub-goal variant decrease of goal size'vc.
Prover result is: Valid (0.01s, 31000 steps).

File "/home/fabrice/git/pycsl/scratchpad/tmp/.pycsl_y6og56hk.mlw", line 331, characters 25-31:
Sub-goal variant decrease of goal size'vc.
Prover result is: Valid (0.01s, 31022 steps).

File "/home/fabrice/git/pycsl/scratchpad/tmp/.pycsl_y6og56hk.mlw", line 332, characters 44-50:
Sub-goal variant decrease of goal size'vc.
Prover result is: Valid (0.01s, 31004 steps).

File "/home/fabrice/git/pycsl/scratchpad/tmp/.pycsl_y6og56hk.mlw", line 332, characters 35-41:
Sub-goal variant decrease of goal size'vc.
Prover result is: Valid (0.01s, 31026 steps).

File "/home/fabrice/git/pycsl/scratchpad/tmp/.pycsl_y6og56hk.mlw", line 333, characters 35-41:
Sub-goal variant decrease of goal size'vc.
Prover result is: Valid (0.01s, 31006 steps).

File "/home/fabrice/git/pycsl/scratchpad/tmp/.pycsl_y6og56hk.mlw", line 334, characters 35-41:
Sub-goal variant decrease of goal size'vc.
Prover result is: Valid (0.01s, 31014 steps).

File "/home/fabrice/git/pycsl/scratchpad/tmp/.pycsl_y6og56hk.mlw", line 334, characters 26-32:
Sub-goal variant decrease of goal size'vc.
Prover result is: Valid (0.01s, 31036 steps).

File "/home/fabrice/git/pycsl/scratchpad/tmp/.pycsl_y6og56hk.mlw", line 335, characters 46-52:
Sub-goal variant decrease of goal size'vc.
Prover result is: Valid (0.01s, 31026 steps).

File "/home/fabrice/git/pycsl/scratchpad/tmp/.pycsl_y6og56hk.mlw", line 335, characters 37-43:
Sub-goal variant decrease of goal size'vc.
Prover result is: Valid (0.01s, 31048 steps).

File "/home/fabrice/git/pycsl/scratchpad/tmp/.pycsl_y6og56hk.mlw", line 335, characters 28-34:
Sub-goal variant decrease of goal size'vc.
Prover result is: Valid (0.01s, 31070 steps).

File "/home/fabrice/git/pycsl/scratchpad/tmp/.pycsl_y6og56hk.mlw", line 336, characters 34-40:
Sub-goal variant decrease of goal size'vc.
Prover result is: Valid (0.01s, 31022 steps).

File "/home/fabrice/git/pycsl/scratchpad/tmp/.pycsl_y6og56hk.mlw", line 336, characters 25-31:
Sub-goal variant decrease of goal size'vc.
Prover result is: Valid (0.01s, 31044 steps).

File "/home/fabrice/git/pycsl/scratchpad/tmp/.pycsl_y6og56hk.mlw", line 337, characters 35-41:
Sub-goal variant decrease of goal size'vc.
Prover result is: Valid (0.02s, 31026 steps).

File "/home/fabrice/git/pycsl/scratchpad/tmp/.pycsl_y6og56hk.mlw", line 337, characters 26-32:
Sub-goal variant decrease of goal size'vc.
Prover result is: Valid (0.01s, 31048 steps).

File "/home/fabrice/git/pycsl/scratchpad/tmp/.pycsl_y6og56hk.mlw", line 338, characters 38-44:
Sub-goal variant decrease of goal size'vc.
Prover result is: Valid (0.01s, 31030 steps).

File "/home/fabrice/git/pycsl/scratchpad/tmp/.pycsl_y6og56hk.mlw", line 338, characters 29-35:
Sub-goal variant decrease of goal size'vc.
Prover result is: Valid (0.01s, 31052 steps).

File "/home/fabrice/git/pycsl/scratchpad/tmp/.pycsl_y6og56hk.mlw", line 339, characters 35-41:
Sub-goal variant decrease of goal size'vc.
Prover result is: Valid (0.01s, 31040 steps).

File "/home/fabrice/git/pycsl/scratchpad/tmp/.pycsl_y6og56hk.mlw", line 339, characters 26-32:
Sub-goal variant decrease of goal size'vc.
Prover result is: Valid (0.01s, 31062 steps).

File "/home/fabrice/git/pycsl/scratchpad/tmp/.pycsl_y6og56hk.mlw", line 340, characters 38-44:
Sub-goal variant decrease of goal size'vc.
Prover result is: Valid (0.01s, 31044 steps).

File "/home/fabrice/git/pycsl/scratchpad/tmp/.pycsl_y6og56hk.mlw", line 340, characters 29-35:
Sub-goal variant decrease of goal size'vc.
Prover result is: Valid (0.01s, 31066 steps).

File "/home/fabrice/git/pycsl/scratchpad/tmp/.pycsl_y6og56hk.mlw", line 341, characters 35-41:
Sub-goal variant decrease of goal size'vc.
Prover result is: Valid (0.01s, 31048 steps).

File "/home/fabrice/git/pycsl/scratchpad/tmp/.pycsl_y6og56hk.mlw", line 341, characters 26-32:
Sub-goal variant decrease of goal size'vc.
Prover result is: Valid (0.01s, 31070 steps).

File "/home/fabrice/git/pycsl/scratchpad/tmp/.pycsl_y6og56hk.mlw", line 342, characters 37-43:
Sub-goal variant decrease of goal size'vc.
Prover result is: Valid (0.01s, 31052 steps).

File "/home/fabrice/git/pycsl/scratchpad/tmp/.pycsl_y6og56hk.mlw", line 342, characters 28-34:
Sub-goal variant decrease of goal size'vc.
Prover result is: Valid (0.01s, 31074 steps).

File "/home/fabrice/git/pycsl/scratchpad/tmp/.pycsl_y6og56hk.mlw", line 343, characters 37-43:
Sub-goal variant decrease of goal size'vc.
Prover result is: Valid (0.01s, 31056 steps).

File "/home/fabrice/git/pycsl/scratchpad/tmp/.pycsl_y6og56hk.mlw", line 343, characters 28-34:
Sub-goal variant decrease of goal size'vc.
Prover result is: Valid (0.01s, 31078 steps).

File "/home/fabrice/git/pycsl/scratchpad/tmp/.pycsl_y6og56hk.mlw", line 344, characters 36-42:
Sub-goal variant decrease of goal size'vc.
Prover result is: Valid (0.01s, 31060 steps).

File "/home/fabrice/git/pycsl/scratchpad/tmp/.pycsl_y6og56hk.mlw", line 344, characters 27-33:
Sub-goal variant decrease of goal size'vc.
Prover result is: Valid (0.01s, 31082 steps).

File "/home/fabrice/git/pycsl/scratchpad/tmp/.pycsl_y6og56hk.mlw", line 345, characters 50-57:
Sub-goal variant decrease of goal size'vc.
Prover result is: Valid (0.01s, 31072 steps).

File "/home/fabrice/git/pycsl/scratchpad/tmp/.pycsl_y6og56hk.mlw", line 345, characters 40-47:
Sub-goal variant decrease of goal size'vc.
Prover result is: Valid (0.02s, 31094 steps).

File "/home/fabrice/git/pycsl/scratchpad/tmp/.pycsl_y6og56hk.mlw", line 345, characters 31-37:
Sub-goal variant decrease of goal size'vc.
Prover result is: Valid (0.01s, 31116 steps).

File "/home/fabrice/git/pycsl/scratchpad/tmp/.pycsl_y6og56hk.mlw", line 346, characters 38-44:
Sub-goal variant decrease of goal size'vc.
Prover result is: Valid (0.01s, 31068 steps).

File "/home/fabrice/git/pycsl/scratchpad/tmp/.pycsl_y6og56hk.mlw", line 346, characters 29-35:
Sub-goal variant decrease of goal size'vc.
Prover result is: Valid (0.01s, 31090 steps).

File "/home/fabrice/git/pycsl/scratchpad/tmp/.pycsl_y6og56hk.mlw", line 347, characters 34-40:
Sub-goal variant decrease of goal size'vc.
Prover result is: Valid (0.01s, 31072 steps).

File "/home/fabrice/git/pycsl/scratchpad/tmp/.pycsl_y6og56hk.mlw", line 347, characters 25-31:
Sub-goal variant decrease of goal size'vc.
Prover result is: Valid (0.01s, 31094 steps).

File "/home/fabrice/git/pycsl/scratchpad/tmp/.pycsl_y6og56hk.mlw", line 348, characters 33-39:
Sub-goal variant decrease of goal size'vc.
Prover result is: Valid (0.01s, 31082 steps).

File "/home/fabrice/git/pycsl/scratchpad/tmp/.pycsl_y6og56hk.mlw", line 348, characters 24-30:
Sub-goal variant decrease of goal size'vc.
Prover result is: Valid (0.01s, 31104 steps).

File "/home/fabrice/git/pycsl/scratchpad/tmp/.pycsl_y6og56hk.mlw", line 349, characters 20-26:
Sub-goal variant decrease of goal size'vc.
Prover result is: Valid (0.01s, 31076 steps).

File "/home/fabrice/git/pycsl/scratchpad/tmp/.pycsl_y6og56hk.mlw", line 350, characters 20-26:
Sub-goal variant decrease of goal size'vc.
Prover result is: Valid (0.01s, 31080 steps).

File "/home/fabrice/git/pycsl/scratchpad/tmp/.pycsl_y6og56hk.mlw", line 351, characters 28-34:
Sub-goal variant decrease of goal size'vc.
Prover result is: Valid (0.01s, 31084 steps).

File "/home/fabrice/git/pycsl/scratchpad/tmp/.pycsl_y6og56hk.mlw", line 352, characters 32-38:
Sub-goal variant decrease of goal size'vc.
Prover result is: Valid (0.01s, 31098 steps).

File "/home/fabrice/git/pycsl/scratchpad/tmp/.pycsl_y6og56hk.mlw", line 352, characters 23-29:
Sub-goal variant decrease of goal size'vc.
Prover result is: Valid (0.01s, 31120 steps).

File "/home/fabrice/git/pycsl/scratchpad/tmp/.pycsl_y6og56hk.mlw", line 353, characters 32-38:
Sub-goal variant decrease of goal size'vc.
Prover result is: Valid (0.01s, 31102 steps).

File "/home/fabrice/git/pycsl/scratchpad/tmp/.pycsl_y6og56hk.mlw", line 353, characters 23-29:
Sub-goal variant decrease of goal size'vc.
Prover result is: Valid (0.01s, 31124 steps).

File "/home/fabrice/git/pycsl/scratchpad/tmp/.pycsl_y6og56hk.mlw", line 354, characters 35-41:
Sub-goal variant decrease of goal size'vc.
Prover result is: Valid (0.01s, 31106 steps).

File "/home/fabrice/git/pycsl/scratchpad/tmp/.pycsl_y6og56hk.mlw", line 354, characters 26-32:
Sub-goal variant decrease of goal size'vc.
Prover result is: Valid (0.01s, 31128 steps).

File "/home/fabrice/git/pycsl/scratchpad/tmp/.pycsl_y6og56hk.mlw", line 355, characters 21-27:
Sub-goal variant decrease of goal size'vc.
Prover result is: Valid (0.01s, 31100 steps).

File "/home/fabrice/git/pycsl/scratchpad/tmp/.pycsl_y6og56hk.mlw", line 356, characters 21-27:
Sub-goal variant decrease of goal size'vc.
Prover result is: Valid (0.01s, 31104 steps).

File "/home/fabrice/git/pycsl/scratchpad/tmp/.pycsl_y6og56hk.mlw", line 357, characters 38-44:
Sub-goal variant decrease of goal size'vc.
Prover result is: Valid (0.01s, 31128 steps).

File "/home/fabrice/git/pycsl/scratchpad/tmp/.pycsl_y6og56hk.mlw", line 357, characters 29-35:
Sub-goal variant decrease of goal size'vc.
Prover result is: Valid (0.01s, 31150 steps).

File "/home/fabrice/git/pycsl/scratchpad/tmp/.pycsl_y6og56hk.mlw", line 358, characters 27-33:
Sub-goal variant decrease of goal size'vc.
Prover result is: Valid (0.01s, 31122 steps).

File "/home/fabrice/git/pycsl/scratchpad/tmp/.pycsl_y6og56hk.mlw", line 359, characters 46-52:
Sub-goal variant decrease of goal size'vc.
Prover result is: Valid (0.01s, 31144 steps).

File "/home/fabrice/git/pycsl/scratchpad/tmp/.pycsl_y6og56hk.mlw", line 359, characters 37-43:
Sub-goal variant decrease of goal size'vc.
Prover result is: Valid (0.01s, 31166 steps).

File "/home/fabrice/git/pycsl/scratchpad/tmp/.pycsl_y6og56hk.mlw", line 359, characters 28-34:
Sub-goal variant decrease of goal size'vc.
Prover result is: Valid (0.02s, 31188 steps).

File "/home/fabrice/git/pycsl/scratchpad/tmp/.pycsl_y6og56hk.mlw", line 360, characters 45-51:
Sub-goal variant decrease of goal size'vc.
Prover result is: Valid (0.01s, 31150 steps).

File "/home/fabrice/git/pycsl/scratchpad/tmp/.pycsl_y6og56hk.mlw", line 360, characters 36-42:
Sub-goal variant decrease of goal size'vc.
Prover result is: Valid (0.01s, 31172 steps).

File "/home/fabrice/git/pycsl/scratchpad/tmp/.pycsl_y6og56hk.mlw", line 361, characters 40-46:
Sub-goal variant decrease of goal size'vc.
Prover result is: Valid (0.01s, 31150 steps).

File "/home/fabrice/git/pycsl/scratchpad/tmp/.pycsl_y6og56hk.mlw", line 361, characters 30-37:
Sub-goal variant decrease of goal size'vc.
Prover result is: Valid (0.01s, 31172 steps).

File "/home/fabrice/git/pycsl/scratchpad/tmp/.pycsl_y6og56hk.mlw", line 362, characters 40-46:
Sub-goal variant decrease of goal size'vc.
Prover result is: Valid (0.01s, 31154 steps).

File "/home/fabrice/git/pycsl/scratchpad/tmp/.pycsl_y6og56hk.mlw", line 362, characters 31-37:
Sub-goal variant decrease of goal size'vc.
Prover result is: Valid (0.01s, 31176 steps).

File "/home/fabrice/git/pycsl/scratchpad/tmp/.pycsl_y6og56hk.mlw", line 363, characters 34-40:
Sub-goal variant decrease of goal size'vc.
Prover result is: Valid (0.01s, 31158 steps).

File "/home/fabrice/git/pycsl/scratchpad/tmp/.pycsl_y6og56hk.mlw", line 363, characters 25-31:
Sub-goal variant decrease of goal size'vc.
Prover result is: Valid (0.01s, 31180 steps).

File "/home/fabrice/git/pycsl/scratchpad/tmp/.pycsl_y6og56hk.mlw", line 364, characters 25-31:
Sub-goal variant decrease of goal size'vc.
Prover result is: Valid (0.01s, 31166 steps).

File "/home/fabrice/git/pycsl/scratchpad/tmp/.pycsl_y6og56hk.mlw", line 365, characters 29-35:
Sub-goal variant decrease of goal size'vc.
Prover result is: Valid (0.01s, 31174 steps).

File "/home/fabrice/git/pycsl/scratchpad/tmp/.pycsl_y6og56hk.mlw", line 366, characters 30-36:
Sub-goal variant decrease of goal size'vc.
Prover result is: Valid (0.01s, 31204 steps).

File "/home/fabrice/git/pycsl/scratchpad/tmp/.pycsl_y6og56hk.mlw", line 367, characters 30-36:
Sub-goal variant decrease of goal size'vc.
Prover result is: Valid (0.01s, 31208 steps).

File "/home/fabrice/git/pycsl/scratchpad/tmp/.pycsl_y6og56hk.mlw", line 368, characters 35-41:
Sub-goal variant decrease of goal size'vc.
Prover result is: Valid (0.01s, 31206 steps).

File "/home/fabrice/git/pycsl/scratchpad/tmp/.pycsl_y6og56hk.mlw", line 312, characters 14-25:
Sub-goal postcondition of goal size'vc.
Prover result is: Valid (0.04s, 152952 steps).

File "/home/fabrice/git/pycsl/scratchpad/tmp/.pycsl_y6og56hk.mlw", line 373, characters 58-83:
Sub-goal goal of goal size_left_dec.
Prover result is: Valid (0.03s, 52226 steps).

File "/home/fabrice/git/pycsl/scratchpad/tmp/.pycsl_y6og56hk.mlw", line 374, characters 58-84:
Sub-goal goal of goal size_right_dec.
Prover result is: Valid (0.03s, 53043 steps).

File "/home/fabrice/git/pycsl/scratchpad/tmp/.pycsl_y6og56hk.mlw", line 377, characters 65-90:
Sub-goal goal of goal size_ifexpr_body_dec.
Prover result is: Valid (0.03s, 53866 steps).

File "/home/fabrice/git/pycsl/scratchpad/tmp/.pycsl_y6og56hk.mlw", line 378, characters 67-94:
Sub-goal goal of goal size_ifexpr_orelse_dec.
Prover result is: Valid (0.03s, 54683 steps).

File "/home/fabrice/git/pycsl/scratchpad/tmp/.pycsl_y6og56hk.mlw", line 381, characters 59-87:
Sub-goal goal of goal size_ter_fst_dec.
Prover result is: Valid (0.02s, 55579 steps).

File "/home/fabrice/git/pycsl/scratchpad/tmp/.pycsl_y6og56hk.mlw", line 382, characters 59-87:
Sub-goal goal of goal size_ter_snd_dec.
Prover result is: Valid (0.03s, 56381 steps).

File "/home/fabrice/git/pycsl/scratchpad/tmp/.pycsl_y6og56hk.mlw", line 383, characters 59-87:
Sub-goal goal of goal size_ter_thd_dec.
Prover result is: Valid (0.03s, 57209 steps).

File "/home/fabrice/git/pycsl/scratchpad/tmp/.pycsl_y6og56hk.mlw", line 432, characters 57-84:
Sub-goal goal of goal size_svalue_dec.
Prover result is: Valid (0.03s, 57871 steps).

File "/home/fabrice/git/pycsl/scratchpad/tmp/.pycsl_y6og56hk.mlw", line 433, characters 57-84:
Sub-goal goal of goal size_sindex_dec.
Prover result is: Valid (0.03s, 58688 steps).

File "/home/fabrice/git/pycsl/scratchpad/tmp/.pycsl_y6og56hk.mlw", line 434, characters 63-90:
Sub-goal goal of goal size_object_dec.
Prover result is: Valid (0.03s, 59436 steps).

File "/home/fabrice/git/pycsl/scratchpad/tmp/.pycsl_y6og56hk.mlw", line 435, characters 58-83:
Sub-goal goal of goal size_arg0_dec.
Prover result is: Valid (0.03s, 60359 steps).

File "/home/fabrice/git/pycsl/scratchpad/tmp/.pycsl_y6og56hk.mlw", line 436, characters 59-84:
Sub-goal goal of goal size_elt0_dec.
Prover result is: Valid (0.03s, 61346 steps).

File "/home/fabrice/git/pycsl/scratchpad/tmp/.pycsl_y6og56hk.mlw", line 437, characters 59-84:
Sub-goal goal of goal size_elt1_dec.
Prover result is: Valid (0.03s, 62163 steps).

File "/home/fabrice/git/pycsl/scratchpad/tmp/.pycsl_y6og56hk.mlw", line 443, characters 48-55:
Sub-goal variant decrease of goal irlen'vc.
Prover result is: Valid (0.01s, 19006 steps).

File "/home/fabrice/git/pycsl/scratchpad/tmp/.pycsl_y6og56hk.mlw", line 441, characters 14-25:
Sub-goal postcondition of goal irlen'vc.
Prover result is: Valid (0.03s, 67787 steps).

File "/home/fabrice/git/pycsl/scratchpad/tmp/.pycsl_y6og56hk.mlw", line 447, characters 75-90:
Sub-goal variant decrease of goal irnth'vc.
Prover result is: Valid (0.01s, 19042 steps).

File "/home/fabrice/git/pycsl/scratchpad/tmp/.pycsl_y6og56hk.mlw", line 498, characters 63-76:
Sub-goal variant decrease of goal pairs_get'vc.
Prover result is: Valid (0.01s, 19036 steps).

File "/home/fabrice/git/pycsl/scratchpad/tmp/.pycsl_y6og56hk.mlw", line 518, characters 99-120:
Sub-goal variant decrease of goal hval_list_str_mem'vc.
Prover result is: Valid (0.01s, 21857 steps).

File "/home/fabrice/git/pycsl/scratchpad/tmp/.pycsl_y6og56hk.mlw", line 525, characters 48-63:
Sub-goal variant decrease of goal hval_list_len'vc.
Prover result is: Valid (0.02s, 19006 steps).

File "/home/fabrice/git/pycsl/scratchpad/tmp/.pycsl_y6og56hk.mlw", line 532, characters 43-66:
Sub-goal variant decrease of goal hval_list_nth'vc.
Prover result is: Valid (0.01s, 19042 steps).

File "/home/fabrice/.opam/framac-coq8/share/why3/stdlib/set.mlw", line 538, characters 14-30:
Sub-goal postcondition of goal eq'refn'vc.
Prover result is: Valid (0.01s, 9026 steps).

File "/home/fabrice/git/pycsl/scratchpad/tmp/.pycsl_y6og56hk.mlw", line 780, characters 15-19:
Sub-goal postcondition of goal statementemissionmixin___array_coerce_arg'vc.
Prover result is: Valid (0.01s, 9044 steps).

File "/home/fabrice/git/pycsl/scratchpad/tmp/.pycsl_y6og56hk.mlw", line 780, characters 15-19:
Sub-goal postcondition of goal statementemissionmixin___array_coerce_arg'vc.
Prover result is: Valid (0.01s, 9547 steps).

File "/home/fabrice/git/pycsl/scratchpad/tmp/.pycsl_y6og56hk.mlw", line 780, characters 15-19:
Sub-goal postcondition of goal statementemissionmixin___array_coerce_arg'vc.
Prover result is: Valid (0.01s, 9925 steps).

File "/home/fabrice/git/pycsl/scratchpad/tmp/.pycsl_y6og56hk.mlw", line 780, characters 15-19:
Sub-goal postcondition of goal statementemissionmixin___array_coerce_arg'vc.
Prover result is: Valid (0.01s, 10434 steps).

File "/home/fabrice/git/pycsl/scratchpad/tmp/.pycsl_y6og56hk.mlw", line 780, characters 15-19:
Sub-goal postcondition of goal statementemissionmixin___array_coerce_arg'vc.
Prover result is: Valid (0.02s, 10432 steps).

File "/home/fabrice/git/pycsl/scratchpad/tmp/.pycsl_y6og56hk.mlw", line 780, characters 15-19:
Sub-goal postcondition of goal statementemissionmixin___array_coerce_arg'vc.
Prover result is: Valid (0.01s, 9972 steps).

File "/home/fabrice/git/pycsl/scratchpad/tmp/.pycsl_y6og56hk.mlw", line 814, characters 15-19:
Sub-goal postcondition of goal statementemissionmixin___call_returns_string_collection'vc.
Prover result is: Valid (0.01s, 5050 steps).

File "/home/fabrice/git/pycsl/scratchpad/tmp/.pycsl_y6og56hk.mlw", line 814, characters 15-19:
Sub-goal postcondition of goal statementemissionmixin___call_returns_string_collection'vc.
Prover result is: Valid (0.01s, 9169 steps).

File "/home/fabrice/git/pycsl/scratchpad/tmp/.pycsl_y6og56hk.mlw", line 814, characters 15-19:
Sub-goal postcondition of goal statementemissionmixin___call_returns_string_collection'vc.
Prover result is: Valid (0.01s, 9221 steps).

File "/home/fabrice/git/pycsl/scratchpad/tmp/.pycsl_y6og56hk.mlw", line 848, characters 79-147:
Sub-goal variant decrease of goal statementemissionmixin___collect_field_decode_str_locals__gstmt'vc.
Prover result is: Valid (0.01s, 24268 steps).

File "/home/fabrice/git/pycsl/scratchpad/tmp/.pycsl_y6og56hk.mlw", line 849, characters 24-92:
Sub-goal variant decrease of goal statementemissionmixin___collect_field_decode_str_locals__gstmt'vc.
Prover result is: Valid (0.01s, 24540 steps).

File "/home/fabrice/git/pycsl/scratchpad/tmp/.pycsl_y6og56hk.mlw", line 849, characters 24-92:
Sub-goal variant decrease of goal statementemissionmixin___collect_field_decode_str_locals__gstmt'vc.
Prover result is: Valid (0.02s, 24404 steps).

File "/home/fabrice/git/pycsl/scratchpad/tmp/.pycsl_y6og56hk.mlw", line 856, characters 24-94:
Sub-goal variant decrease of goal statementemissionmixin___collect_field_decode_str_locals__gtarget'vc.
Prover result is: Valid (0.02s, 24536 steps).

File "/home/fabrice/git/pycsl/scratchpad/tmp/.pycsl_y6og56hk.mlw", line 863, characters 24-93:
Sub-goal variant decrease of goal statementemissionmixin___collect_field_decode_str_locals__gvalue'vc.
Prover result is: Valid (0.01s, 24536 steps).

File "/home/fabrice/git/pycsl/scratchpad/tmp/.pycsl_y6og56hk.mlw", line 870, characters 24-93:
Sub-goal variant decrease of goal statementemissionmixin___collect_field_decode_str_locals__gvtype'vc.
Prover result is: Valid (0.01s, 24552 steps).

File "/home/fabrice/git/pycsl/scratchpad/tmp/.pycsl_y6og56hk.mlw", line 870, characters 24-93:
Sub-goal variant decrease of goal statementemissionmixin___collect_field_decode_str_locals__gvtype'vc.
Prover result is: Valid (0.02s, 24404 steps).

File "/home/fabrice/git/pycsl/scratchpad/tmp/.pycsl_y6og56hk.mlw", line 877, characters 24-93:
Sub-goal variant decrease of goal statementemissionmixin___collect_field_decode_str_locals__gvfunc'vc.
Prover result is: Valid (0.02s, 24552 steps).

File "/home/fabrice/git/pycsl/scratchpad/tmp/.pycsl_y6og56hk.mlw", line 877, characters 24-93:
Sub-goal variant decrease of goal statementemissionmixin___collect_field_decode_str_locals__gvfunc'vc.
Prover result is: Valid (0.02s, 24404 steps).

File "/home/fabrice/git/pycsl/scratchpad/tmp/.pycsl_y6og56hk.mlw", line 881, characters 32-36:
Sub-goal postcondition of goal statementemissionmixin___collect_field_decode_str_locals__leaf'vc.
Prover result is: Valid (0.01s, 9035 steps).

File "/home/fabrice/git/pycsl/scratchpad/tmp/.pycsl_y6og56hk.mlw", line 905, characters 94-161:
Sub-goal variant decrease of goal statementemissionmixin___collect_field_decode_str_locals__v'vc.
Prover result is: Valid (0.03s, 88656 steps).

File "/home/fabrice/git/pycsl/scratchpad/tmp/.pycsl_y6og56hk.mlw", line 905, characters 94-161:
Sub-goal precondition of goal statementemissionmixin___collect_field_decode_str_locals__v'vc.
Prover result is: Valid (0.01s, 9035 steps).

File "/home/fabrice/git/pycsl/scratchpad/tmp/.pycsl_y6og56hk.mlw", line 905, characters 27-93:
Sub-goal precondition of goal statementemissionmixin___collect_field_decode_str_locals__v'vc.
Prover result is: Valid (0.01s, 9044 steps).

File "/home/fabrice/git/pycsl/scratchpad/tmp/.pycsl_y6og56hk.mlw", line 906, characters 18-84:
Sub-goal variant decrease of goal statementemissionmixin___collect_field_decode_str_locals__v'vc.
Prover result is: Valid (0.03s, 88656 steps).

File "/home/fabrice/git/pycsl/scratchpad/tmp/.pycsl_y6og56hk.mlw", line 906, characters 18-84:
Sub-goal precondition of goal statementemissionmixin___collect_field_decode_str_locals__v'vc.
Prover result is: Valid (0.01s, 9035 steps).

File "/home/fabrice/git/pycsl/scratchpad/tmp/.pycsl_y6og56hk.mlw", line 903, characters 32-36:
Sub-goal postcondition of goal statementemissionmixin___collect_field_decode_str_locals__v'vc.
Prover result is: Valid (0.01s, 9026 steps).

File "/home/fabrice/git/pycsl/scratchpad/tmp/.pycsl_y6og56hk.mlw", line 914, characters 82-152:
Sub-goal variant decrease of goal statementemissionmixin___collect_field_decode_str_locals__dfold'vc.
Prover result is: Valid (0.04s, 95380 steps).

File "/home/fabrice/git/pycsl/scratchpad/tmp/.pycsl_y6og56hk.mlw", line 914, characters 82-152:
Sub-goal precondition of goal statementemissionmixin___collect_field_decode_str_locals__dfold'vc.
Prover result is: Valid (0.01s, 9052 steps).

File "/home/fabrice/git/pycsl/scratchpad/tmp/.pycsl_y6og56hk.mlw", line 914, characters 18-81:
Sub-goal variant decrease of goal statementemissionmixin___collect_field_decode_str_locals__dfold'vc.
Prover result is: Valid (0.04s, 95595 steps).

File "/home/fabrice/git/pycsl/scratchpad/tmp/.pycsl_y6og56hk.mlw", line 914, characters 18-81:
Sub-goal precondition of goal statementemissionmixin___collect_field_decode_str_locals__dfold'vc.
Prover result is: Valid (0.01s, 9061 steps).

File "/home/fabrice/git/pycsl/scratchpad/tmp/.pycsl_y6og56hk.mlw", line 910, characters 32-36:
Sub-goal postcondition of goal statementemissionmixin___collect_field_decode_str_locals__dfold'vc.
Prover result is: Valid (0.01s, 9026 steps).

File "/home/fabrice/git/pycsl/scratchpad/tmp/.pycsl_y6og56hk.mlw", line 918, characters 92-159:
Sub-goal variant decrease of goal statementemissionmixin___collect_field_decode_str_locals__lfold'vc.
Prover result is: Valid (0.03s, 94509 steps).

File "/home/fabrice/git/pycsl/scratchpad/tmp/.pycsl_y6og56hk.mlw", line 918, characters 92-159:
Sub-goal precondition of goal statementemissionmixin___collect_field_decode_str_locals__lfold'vc.
Prover result is: Valid (0.01s, 8978 steps).

File "/home/fabrice/git/pycsl/scratchpad/tmp/.pycsl_y6og56hk.mlw", line 918, characters 28-91:
Sub-goal variant decrease of goal statementemissionmixin___collect_field_decode_str_locals__lfold'vc.
Prover result is: Valid (0.03s, 95610 steps).

File "/home/fabrice/git/pycsl/scratchpad/tmp/.pycsl_y6og56hk.mlw", line 918, characters 28-91:
Sub-goal precondition of goal statementemissionmixin___collect_field_decode_str_locals__lfold'vc.
Prover result is: Valid (0.01s, 8987 steps).

File "/home/fabrice/git/pycsl/scratchpad/tmp/.pycsl_y6og56hk.mlw", line 916, characters 32-36:
Sub-goal postcondition of goal statementemissionmixin___collect_field_decode_str_locals__lfold'vc.
Prover result is: Valid (0.01s, 9026 steps).

File "/home/fabrice/git/pycsl/scratchpad/tmp/.pycsl_y6og56hk.mlw", line 921, characters 4-76:
Sub-goal precondition of goal statementemissionmixin___collect_field_decode_str_locals'vc.
Prover result is: Valid (0.01s, 9026 steps).

File "/home/fabrice/git/pycsl/scratchpad/tmp/.pycsl_y6og56hk.mlw", line 920, characters 32-36:
Sub-goal postcondition of goal statementemissionmixin___collect_field_decode_str_locals'vc.
Prover result is: Valid (0.01s, 9035 steps).

File "/home/fabrice/git/pycsl/scratchpad/tmp/.pycsl_y6og56hk.mlw", line 926, characters 79-147:
Sub-goal variant decrease of goal statementemissionmixin___collect_string_elem_read_locals__gstmt'vc.
Prover result is: Valid (0.02s, 24268 steps).

File "/home/fabrice/git/pycsl/scratchpad/tmp/.pycsl_y6og56hk.mlw", line 927, characters 24-92:
Sub-goal variant decrease of goal statementemissionmixin___collect_string_elem_read_locals__gstmt'vc.
Prover result is: Valid (0.01s, 24540 steps).

File "/home/fabrice/git/pycsl/scratchpad/tmp/.pycsl_y6og56hk.mlw", line 927, characters 24-92:
Sub-goal variant decrease of goal statementemissionmixin___collect_string_elem_read_locals__gstmt'vc.
Prover result is: Valid (0.01s, 24404 steps).

File "/home/fabrice/git/pycsl/scratchpad/tmp/.pycsl_y6og56hk.mlw", line 934, characters 24-94:
Sub-goal variant decrease of goal statementemissionmixin___collect_string_elem_read_locals__gtarget'vc.
Prover result is: Valid (0.02s, 24536 steps).

File "/home/fabrice/git/pycsl/scratchpad/tmp/.pycsl_y6og56hk.mlw", line 941, characters 24-93:
Sub-goal variant decrease of goal statementemissionmixin___collect_string_elem_read_locals__gvalue'vc.
Prover result is: Valid (0.02s, 24536 steps).

File "/home/fabrice/git/pycsl/scratchpad/tmp/.pycsl_y6og56hk.mlw", line 948, characters 24-93:
Sub-goal variant decrease of goal statementemissionmixin___collect_string_elem_read_locals__gvtype'vc.
Prover result is: Valid (0.02s, 24552 steps).

File "/home/fabrice/git/pycsl/scratchpad/tmp/.pycsl_y6og56hk.mlw", line 948, characters 24-93:
Sub-goal variant decrease of goal statementemissionmixin___collect_string_elem_read_locals__gvtype'vc.
Prover result is: Valid (0.01s, 24404 steps).

File "/home/fabrice/git/pycsl/scratchpad/tmp/.pycsl_y6og56hk.mlw", line 955, characters 24-93:
Sub-goal variant decrease of goal statementemissionmixin___collect_string_elem_read_locals__gvfunc'vc.
Prover result is: Valid (0.01s, 24552 steps).

File "/home/fabrice/git/pycsl/scratchpad/tmp/.pycsl_y6og56hk.mlw", line 955, characters 24-93:
Sub-goal variant decrease of goal statementemissionmixin___collect_string_elem_read_locals__gvfunc'vc.
Prover result is: Valid (0.01s, 24404 steps).

File "/home/fabrice/git/pycsl/scratchpad/tmp/.pycsl_y6og56hk.mlw", line 962, characters 24-94:
Sub-goal variant decrease of goal statementemissionmixin___collect_string_elem_read_locals__gvvalue'vc.
Prover result is: Valid (0.01s, 24536 steps).

File "/home/fabrice/git/pycsl/scratchpad/tmp/.pycsl_y6og56hk.mlw", line 969, characters 24-94:
Sub-goal variant decrease of goal statementemissionmixin___collect_string_elem_read_locals__givtype'vc.
Prover result is: Valid (0.01s, 24552 steps).

File "/home/fabrice/git/pycsl/scratchpad/tmp/.pycsl_y6og56hk.mlw", line 969, characters 24-94:
Sub-goal variant decrease of goal statementemissionmixin___collect_string_elem_read_locals__givtype'vc.
Prover result is: Valid (0.02s, 24404 steps).

File "/home/fabrice/git/pycsl/scratchpad/tmp/.pycsl_y6og56hk.mlw", line 976, characters 24-94:
Sub-goal variant decrease of goal statementemissionmixin___collect_string_elem_read_locals__givname'vc.
Prover result is: Valid (0.02s, 24552 steps).

File "/home/fabrice/git/pycsl/scratchpad/tmp/.pycsl_y6og56hk.mlw", line 976, characters 24-94:
Sub-goal variant decrease of goal statementemissionmixin___collect_string_elem_read_locals__givname'vc.
Prover result is: Valid (0.01s, 24404 steps).

File "/home/fabrice/git/pycsl/scratchpad/tmp/.pycsl_y6og56hk.mlw", line 980, characters 32-36:
Sub-goal postcondition of goal statementemissionmixin___collect_string_elem_read_locals__leaf1'vc.
Prover result is: Valid (0.01s, 9035 steps).

File "/home/fabrice/git/pycsl/scratchpad/tmp/.pycsl_y6og56hk.mlw", line 1002, characters 32-36:
Sub-goal postcondition of goal statementemissionmixin___collect_string_elem_read_locals__leaf2'vc.
Prover result is: Valid (0.01s, 9044 steps).

File "/home/fabrice/git/pycsl/scratchpad/tmp/.pycsl_y6og56hk.mlw", line 1033, characters 95-160:
Sub-goal variant decrease of goal statementemissionmixin___collect_string_elem_read_locals__f1'vc.
Prover result is: Valid (0.04s, 88656 steps).

File "/home/fabrice/git/pycsl/scratchpad/tmp/.pycsl_y6og56hk.mlw", line 1033, characters 95-160:
Sub-goal precondition of goal statementemissionmixin___collect_string_elem_read_locals__f1'vc.
Prover result is: Valid (0.01s, 9035 steps).

File "/home/fabrice/git/pycsl/scratchpad/tmp/.pycsl_y6og56hk.mlw", line 1033, characters 27-94:
Sub-goal precondition of goal statementemissionmixin___collect_string_elem_read_locals__f1'vc.
Prover result is: Valid (0.01s, 9044 steps).

File "/home/fabrice/git/pycsl/scratchpad/tmp/.pycsl_y6og56hk.mlw", line 1034, characters 18-82:
Sub-goal variant decrease of goal statementemissionmixin___collect_string_elem_read_locals__f1'vc.
Prover result is: Valid (0.04s, 88656 steps).

File "/home/fabrice/git/pycsl/scratchpad/tmp/.pycsl_y6og56hk.mlw", line 1034, characters 18-82:
Sub-goal precondition of goal statementemissionmixin___collect_string_elem_read_locals__f1'vc.
Prover result is: Valid (0.01s, 9035 steps).

File "/home/fabrice/git/pycsl/scratchpad/tmp/.pycsl_y6og56hk.mlw", line 1031, characters 32-36:
Sub-goal postcondition of goal statementemissionmixin___collect_string_elem_read_locals__f1'vc.
Prover result is: Valid (0.01s, 9026 steps).

File "/home/fabrice/git/pycsl/scratchpad/tmp/.pycsl_y6og56hk.mlw", line 1042, characters 83-151:
Sub-goal variant decrease of goal statementemissionmixin___collect_string_elem_read_locals__f1d'vc.
Prover result is: Valid (0.03s, 95380 steps).

File "/home/fabrice/git/pycsl/scratchpad/tmp/.pycsl_y6og56hk.mlw", line 1042, characters 83-151:
Sub-goal precondition of goal statementemissionmixin___collect_string_elem_read_locals__f1d'vc.
Prover result is: Valid (0.01s, 9052 steps).

File "/home/fabrice/git/pycsl/scratchpad/tmp/.pycsl_y6og56hk.mlw", line 1042, characters 18-82:
Sub-goal variant decrease of goal statementemissionmixin___collect_string_elem_read_locals__f1d'vc.
Prover result is: Valid (0.04s, 95595 steps).

File "/home/fabrice/git/pycsl/scratchpad/tmp/.pycsl_y6og56hk.mlw", line 1042, characters 18-82:
Sub-goal precondition of goal statementemissionmixin___collect_string_elem_read_locals__f1d'vc.
Prover result is: Valid (0.01s, 9061 steps).

File "/home/fabrice/git/pycsl/scratchpad/tmp/.pycsl_y6og56hk.mlw", line 1038, characters 32-36:
Sub-goal postcondition of goal statementemissionmixin___collect_string_elem_read_locals__f1d'vc.
Prover result is: Valid (0.01s, 9026 steps).

File "/home/fabrice/git/pycsl/scratchpad/tmp/.pycsl_y6og56hk.mlw", line 1046, characters 93-158:
Sub-goal variant decrease of goal statementemissionmixin___collect_string_elem_read_locals__f1l'vc.
Prover result is: Valid (0.03s, 94509 steps).

File "/home/fabrice/git/pycsl/scratchpad/tmp/.pycsl_y6og56hk.mlw", line 1046, characters 93-158:
Sub-goal precondition of goal statementemissionmixin___collect_string_elem_read_locals__f1l'vc.
Prover result is: Valid (0.01s, 8978 steps).

File "/home/fabrice/git/pycsl/scratchpad/tmp/.pycsl_y6og56hk.mlw", line 1046, characters 28-92:
Sub-goal variant decrease of goal statementemissionmixin___collect_string_elem_read_locals__f1l'vc.
Prover result is: Valid (0.03s, 95610 steps).

File "/home/fabrice/git/pycsl/scratchpad/tmp/.pycsl_y6og56hk.mlw", line 1046, characters 28-92:
Sub-goal precondition of goal statementemissionmixin___collect_string_elem_read_locals__f1l'vc.
Prover result is: Valid (0.01s, 8987 steps).

File "/home/fabrice/git/pycsl/scratchpad/tmp/.pycsl_y6og56hk.mlw", line 1044, characters 32-36:
Sub-goal postcondition of goal statementemissionmixin___collect_string_elem_read_locals__f1l'vc.
Prover result is: Valid (0.01s, 9026 steps).

File "/home/fabrice/git/pycsl/scratchpad/tmp/.pycsl_y6og56hk.mlw", line 1050, characters 98-166:
Sub-goal variant decrease of goal statementemissionmixin___collect_string_elem_read_locals__f2'vc.
Prover result is: Valid (0.03s, 88656 steps).

File "/home/fabrice/git/pycsl/scratchpad/tmp/.pycsl_y6og56hk.mlw", line 1050, characters 98-166:
Sub-goal precondition of goal statementemissionmixin___collect_string_elem_read_locals__f2'vc.
Prover result is: Valid (0.01s, 9035 steps).

File "/home/fabrice/git/pycsl/scratchpad/tmp/.pycsl_y6og56hk.mlw", line 1050, characters 27-97:
Sub-goal precondition of goal statementemissionmixin___collect_string_elem_read_locals__f2'vc.
Prover result is: Valid (0.01s, 9044 steps).

File "/home/fabrice/git/pycsl/scratchpad/tmp/.pycsl_y6og56hk.mlw", line 1051, characters 18-85:
Sub-goal variant decrease of goal statementemissionmixin___collect_string_elem_read_locals__f2'vc.
Prover result is: Valid (0.03s, 88656 steps).

File "/home/fabrice/git/pycsl/scratchpad/tmp/.pycsl_y6og56hk.mlw", line 1051, characters 18-85:
Sub-goal precondition of goal statementemissionmixin___collect_string_elem_read_locals__f2'vc.
Prover result is: Valid (0.01s, 9035 steps).

File "/home/fabrice/git/pycsl/scratchpad/tmp/.pycsl_y6og56hk.mlw", line 1048, characters 32-36:
Sub-goal postcondition of goal statementemissionmixin___collect_string_elem_read_locals__f2'vc.
Prover result is: Valid (0.01s, 9026 steps).

File "/home/fabrice/git/pycsl/scratchpad/tmp/.pycsl_y6og56hk.mlw", line 1059, characters 86-157:
Sub-goal variant decrease of goal statementemissionmixin___collect_string_elem_read_locals__f2d'vc.
Prover result is: Valid (0.03s, 95380 steps).

File "/home/fabrice/git/pycsl/scratchpad/tmp/.pycsl_y6og56hk.mlw", line 1059, characters 86-157:
Sub-goal precondition of goal statementemissionmixin___collect_string_elem_read_locals__f2d'vc.
Prover result is: Valid (0.01s, 9052 steps).

File "/home/fabrice/git/pycsl/scratchpad/tmp/.pycsl_y6og56hk.mlw", line 1059, characters 18-85:
Sub-goal variant decrease of goal statementemissionmixin___collect_string_elem_read_locals__f2d'vc.
Prover result is: Valid (0.03s, 95595 steps).

File "/home/fabrice/git/pycsl/scratchpad/tmp/.pycsl_y6og56hk.mlw", line 1059, characters 18-85:
Sub-goal precondition of goal statementemissionmixin___collect_string_elem_read_locals__f2d'vc.
Prover result is: Valid (0.01s, 9061 steps).

File "/home/fabrice/git/pycsl/scratchpad/tmp/.pycsl_y6og56hk.mlw", line 1055, characters 32-36:
Sub-goal postcondition of goal statementemissionmixin___collect_string_elem_read_locals__f2d'vc.
Prover result is: Valid (0.01s, 9026 steps).

File "/home/fabrice/git/pycsl/scratchpad/tmp/.pycsl_y6og56hk.mlw", line 1063, characters 96-164:
Sub-goal variant decrease of goal statementemissionmixin___collect_string_elem_read_locals__f2l'vc.
Prover result is: Valid (0.03s, 94509 steps).

File "/home/fabrice/git/pycsl/scratchpad/tmp/.pycsl_y6og56hk.mlw", line 1063, characters 96-164:
Sub-goal precondition of goal statementemissionmixin___collect_string_elem_read_locals__f2l'vc.
Prover result is: Valid (0.01s, 8978 steps).

File "/home/fabrice/git/pycsl/scratchpad/tmp/.pycsl_y6og56hk.mlw", line 1063, characters 28-95:
Sub-goal variant decrease of goal statementemissionmixin___collect_string_elem_read_locals__f2l'vc.
Prover result is: Valid (0.03s, 95610 steps).

File "/home/fabrice/git/pycsl/scratchpad/tmp/.pycsl_y6og56hk.mlw", line 1063, characters 28-95:
Sub-goal precondition of goal statementemissionmixin___collect_string_elem_read_locals__f2l'vc.
Prover result is: Valid (0.01s, 8987 steps).

File "/home/fabrice/git/pycsl/scratchpad/tmp/.pycsl_y6og56hk.mlw", line 1061, characters 32-36:
Sub-goal postcondition of goal statementemissionmixin___collect_string_elem_read_locals__f2l'vc.
Prover result is: Valid (0.01s, 9026 steps).

File "/home/fabrice/git/pycsl/scratchpad/tmp/.pycsl_y6og56hk.mlw", line 1066, characters 78-153:
Sub-goal precondition of goal statementemissionmixin___collect_string_elem_read_locals'vc.
Prover result is: Valid (0.01s, 9026 steps).

File "/home/fabrice/git/pycsl/scratchpad/tmp/.pycsl_y6og56hk.mlw", line 1066, characters 4-153:
Sub-goal precondition of goal statementemissionmixin___collect_string_elem_read_locals'vc.
Prover result is: Valid (0.01s, 9035 steps).

File "/home/fabrice/git/pycsl/scratchpad/tmp/.pycsl_y6og56hk.mlw", line 1065, characters 32-36:
Sub-goal postcondition of goal statementemissionmixin___collect_string_elem_read_locals'vc.
Prover result is: Valid (0.01s, 9042 steps).

File "/home/fabrice/git/pycsl/scratchpad/tmp/.pycsl_y6og56hk.mlw", line 1075, characters 71-128:
Sub-goal precondition of goal statementemissionmixin___dv_store_value'vc.
Prover result is: Valid (0.01s, 9065 steps).

File "/home/fabrice/git/pycsl/scratchpad/tmp/.pycsl_y6og56hk.mlw", line 1069, characters 15-19:
Sub-goal postcondition of goal statementemissionmixin___dv_store_value'vc.
Prover result is: Valid (0.01s, 9259 steps).

File "/home/fabrice/git/pycsl/scratchpad/tmp/.pycsl_y6og56hk.mlw", line 1069, characters 15-19:
Sub-goal postcondition of goal statementemissionmixin___dv_store_value'vc.
Prover result is: Valid (0.01s, 9368 steps).

File "/home/fabrice/git/pycsl/scratchpad/tmp/.pycsl_y6og56hk.mlw", line 1069, characters 15-19:
Sub-goal postcondition of goal statementemissionmixin___dv_store_value'vc.
Prover result is: Valid (0.01s, 9366 steps).

File "/home/fabrice/git/pycsl/scratchpad/tmp/.pycsl_y6og56hk.mlw", line 1085, characters 22-71:
Sub-goal goal of goal statementemissionmixin___dv_store_value__union_arm_Arm_2_0_inj.
Prover result is: Valid (0.01s, 9040 steps).

File "/home/fabrice/git/pycsl/scratchpad/tmp/.pycsl_y6og56hk.mlw", line 1087, characters 68-73:
Sub-goal goal of goal statementemissionmixin___dv_store_value__union_arm_Arm_2_0_proj.
Prover result is: Valid (0.01s, 9035 steps).

File "/home/fabrice/git/pycsl/scratchpad/tmp/.pycsl_y6og56hk.mlw", line 1094, characters 15-19:
Sub-goal postcondition of goal statementemissionmixin___emit_array_local_reassign'vc.
Prover result is: Valid (0.01s, 11991 steps).

File "/home/fabrice/git/pycsl/scratchpad/tmp/.pycsl_y6og56hk.mlw", line 1110, characters 20-34:
Sub-goal loop invariant init of goal statementemissionmixin___emit_array_local_reassign'vc.
Prover result is: Valid (0.02s, 13031 steps).

File "/home/fabrice/git/pycsl/scratchpad/tmp/.pycsl_y6og56hk.mlw", line 1112, characters 22-38:
Sub-goal index in array bounds of goal statementemissionmixin___emit_array_local_reassign'vc.
Prover result is: Valid (0.01s, 21402 steps).

File "/home/fabrice/git/pycsl/scratchpad/tmp/.pycsl_y6og56hk.mlw", line 1111, characters 18-48:
Sub-goal loop variant decrease of goal statementemissionmixin___emit_array_local_reassign'vc.
Prover result is: Valid (0.05s, 147650 steps).

File "/home/fabrice/git/pycsl/scratchpad/tmp/.pycsl_y6og56hk.mlw", line 1110, characters 20-34:
Sub-goal loop invariant preservation of goal statementemissionmixin___emit_array_local_reassign'vc.
Prover result is: Valid (0.05s, 147476 steps).

File "/home/fabrice/git/pycsl/scratchpad/tmp/.pycsl_y6og56hk.mlw", line 1094, characters 15-19:
Sub-goal postcondition of goal statementemissionmixin___emit_array_local_reassign'vc.
Prover result is: Valid (0.02s, 13271 steps).

File "/home/fabrice/git/pycsl/scratchpad/tmp/.pycsl_y6og56hk.mlw", line 1139, characters 15-19:
Sub-goal postcondition of goal statementemissionmixin___emit_new_ghost_ref'vc.
Prover result is: Valid (0.01s, 9591 steps).

File "/home/fabrice/git/pycsl/scratchpad/tmp/.pycsl_y6og56hk.mlw", line 1139, characters 15-19:
Sub-goal postcondition of goal statementemissionmixin___emit_new_ghost_ref'vc.
Prover result is: Valid (0.01s, 9563 steps).

File "/home/fabrice/git/pycsl/scratchpad/tmp/.pycsl_y6og56hk.mlw", line 1160, characters 15-19:
Sub-goal postcondition of goal statementemissionmixin___field_label'vc.
Prover result is: Valid (0.01s, 9153 steps).

File "/home/fabrice/git/pycsl/scratchpad/tmp/.pycsl_y6og56hk.mlw", line 1160, characters 15-19:
Sub-goal postcondition of goal statementemissionmixin___field_label'vc.
Prover result is: Valid (0.01s, 9085 steps).

File "/home/fabrice/git/pycsl/scratchpad/tmp/.pycsl_y6og56hk.mlw", line 1175, characters 15-19:
Sub-goal postcondition of goal statementemissionmixin___field_type_for'vc.
Prover result is: Valid (0.01s, 9035 steps).

File "/home/fabrice/git/pycsl/scratchpad/tmp/.pycsl_y6og56hk.mlw", line 1175, characters 15-19:
Sub-goal postcondition of goal statementemissionmixin___field_type_for'vc.
Prover result is: Valid (0.01s, 10004 steps).

File "/home/fabrice/git/pycsl/scratchpad/tmp/.pycsl_y6og56hk.mlw", line 1190, characters 24-39:
Sub-goal loop invariant init of goal statementemissionmixin___field_type_for'vc.
Prover result is: Valid (0.02s, 10012 steps).

File "/home/fabrice/git/pycsl/scratchpad/tmp/.pycsl_y6og56hk.mlw", line 1175, characters 15-19:
Sub-goal postcondition of goal statementemissionmixin___field_type_for'vc.
Prover result is: Valid (0.01s, 10316 steps).

File "/home/fabrice/git/pycsl/scratchpad/tmp/.pycsl_y6og56hk.mlw", line 1191, characters 22-71:
Sub-goal loop variant decrease of goal statementemissionmixin___field_type_for'vc.
Prover result is: Valid (0.03s, 109019 steps).

File "/home/fabrice/git/pycsl/scratchpad/tmp/.pycsl_y6og56hk.mlw", line 1190, characters 24-39:
Sub-goal loop invariant preservation of goal statementemissionmixin___field_type_for'vc.
Prover result is: Valid (0.04s, 108853 steps).

File "/home/fabrice/git/pycsl/scratchpad/tmp/.pycsl_y6og56hk.mlw", line 1175, characters 15-19:
Sub-goal postcondition of goal statementemissionmixin___field_type_for'vc.
Prover result is: Valid (0.01s, 10038 steps).

File "/home/fabrice/git/pycsl/scratchpad/tmp/.pycsl_y6og56hk.mlw", line 1205, characters 15-19:
Sub-goal postcondition of goal statementemissionmixin___field_type_of'vc.
Prover result is: Valid (0.01s, 12150 steps).

File "/home/fabrice/git/pycsl/scratchpad/tmp/.pycsl_y6og56hk.mlw", line 1205, characters 15-19:
Sub-goal postcondition of goal statementemissionmixin___field_type_of'vc.
Prover result is: Valid (0.02s, 13133 steps).

File "/home/fabrice/git/pycsl/scratchpad/tmp/.pycsl_y6og56hk.mlw", line 1258, characters 24-39:
Sub-goal loop invariant init of goal statementemissionmixin___field_type_of'vc.
Prover result is: Valid (0.02s, 13141 steps).

File "/home/fabrice/git/pycsl/scratchpad/tmp/.pycsl_y6og56hk.mlw", line 1205, characters 15-19:
Sub-goal postcondition of goal statementemissionmixin___field_type_of'vc.
Prover result is: Valid (0.01s, 13445 steps).

File "/home/fabrice/git/pycsl/scratchpad/tmp/.pycsl_y6og56hk.mlw", line 1259, characters 22-71:
Sub-goal loop variant decrease of goal statementemissionmixin___field_type_of'vc.
Prover result is: Valid (0.05s, 144728 steps).

File "/home/fabrice/git/pycsl/scratchpad/tmp/.pycsl_y6og56hk.mlw", line 1258, characters 24-39:
Sub-goal loop invariant preservation of goal statementemissionmixin___field_type_of'vc.
Prover result is: Valid (0.05s, 144526 steps).

File "/home/fabrice/git/pycsl/scratchpad/tmp/.pycsl_y6og56hk.mlw", line 1205, characters 15-19:
Sub-goal postcondition of goal statementemissionmixin___field_type_of'vc.
Prover result is: Valid (0.02s, 13167 steps).

File "/home/fabrice/git/pycsl/scratchpad/tmp/.pycsl_y6og56hk.mlw", line 1205, characters 15-19:
Sub-goal postcondition of goal statementemissionmixin___field_type_of'vc.
Prover result is: Valid (0.02s, 13363 steps).

File "/home/fabrice/git/pycsl/scratchpad/tmp/.pycsl_y6og56hk.mlw", line 1258, characters 24-39:
Sub-goal loop invariant init of goal statementemissionmixin___field_type_of'vc.
Prover result is: Valid (0.01s, 13369 steps).

File "/home/fabrice/git/pycsl/scratchpad/tmp/.pycsl_y6og56hk.mlw", line 1205, characters 15-19:
Sub-goal postcondition of goal statementemissionmixin___field_type_of'vc.
Prover result is: Valid (0.01s, 13665 steps).

File "/home/fabrice/git/pycsl/scratchpad/tmp/.pycsl_y6og56hk.mlw", line 1259, characters 22-71:
Sub-goal loop variant decrease of goal statementemissionmixin___field_type_of'vc.
Prover result is: Valid (0.06s, 153132 steps).

File "/home/fabrice/git/pycsl/scratchpad/tmp/.pycsl_y6og56hk.mlw", line 1258, characters 24-39:
Sub-goal loop invariant preservation of goal statementemissionmixin___field_type_of'vc.
Prover result is: Valid (0.05s, 152932 steps).

File "/home/fabrice/git/pycsl/scratchpad/tmp/.pycsl_y6og56hk.mlw", line 1205, characters 15-19:
Sub-goal postcondition of goal statementemissionmixin___field_type_of'vc.
Prover result is: Valid (0.02s, 13391 steps).

File "/home/fabrice/git/pycsl/scratchpad/tmp/.pycsl_y6og56hk.mlw", line 1205, characters 15-19:
Sub-goal postcondition of goal statementemissionmixin___field_type_of'vc.
Prover result is: Valid (0.02s, 13449 steps).

File "/home/fabrice/git/pycsl/scratchpad/tmp/.pycsl_y6og56hk.mlw", line 1258, characters 24-39:
Sub-goal loop invariant init of goal statementemissionmixin___field_type_of'vc.
Prover result is: Valid (0.02s, 13455 steps).

File "/home/fabrice/git/pycsl/scratchpad/tmp/.pycsl_y6og56hk.mlw", line 1205, characters 15-19:
Sub-goal postcondition of goal statementemissionmixin___field_type_of'vc.
Prover result is: Valid (0.01s, 13751 steps).

File "/home/fabrice/git/pycsl/scratchpad/tmp/.pycsl_y6og56hk.mlw", line 1259, characters 22-71:
Sub-goal loop variant decrease of goal statementemissionmixin___field_type_of'vc.
Prover result is: Valid (0.05s, 153996 steps).

File "/home/fabrice/git/pycsl/scratchpad/tmp/.pycsl_y6og56hk.mlw", line 1258, characters 24-39:
Sub-goal loop invariant preservation of goal statementemissionmixin___field_type_of'vc.
Prover result is: Valid (0.05s, 153796 steps).

File "/home/fabrice/git/pycsl/scratchpad/tmp/.pycsl_y6og56hk.mlw", line 1205, characters 15-19:
Sub-goal postcondition of goal statementemissionmixin___field_type_of'vc.
Prover result is: Valid (0.01s, 13477 steps).

File "/home/fabrice/git/pycsl/scratchpad/tmp/.pycsl_y6og56hk.mlw", line 1205, characters 15-19:
Sub-goal postcondition of goal statementemissionmixin___field_type_of'vc.
Prover result is: Valid (0.01s, 13344 steps).

File "/home/fabrice/git/pycsl/scratchpad/tmp/.pycsl_y6og56hk.mlw", line 1258, characters 24-39:
Sub-goal loop invariant init of goal statementemissionmixin___field_type_of'vc.
Prover result is: Valid (0.02s, 13352 steps).

File "/home/fabrice/git/pycsl/scratchpad/tmp/.pycsl_y6og56hk.mlw", line 1205, characters 15-19:
Sub-goal postcondition of goal statementemissionmixin___field_type_of'vc.
Prover result is: Valid (0.01s, 13650 steps).

File "/home/fabrice/git/pycsl/scratchpad/tmp/.pycsl_y6og56hk.mlw", line 1259, characters 22-71:
Sub-goal loop variant decrease of goal statementemissionmixin___field_type_of'vc.
Prover result is: Valid (0.06s, 153072 steps).

File "/home/fabrice/git/pycsl/scratchpad/tmp/.pycsl_y6og56hk.mlw", line 1258, characters 24-39:
Sub-goal loop invariant preservation of goal statementemissionmixin___field_type_of'vc.
Prover result is: Valid (0.05s, 152872 steps).

File "/home/fabrice/git/pycsl/scratchpad/tmp/.pycsl_y6og56hk.mlw", line 1205, characters 15-19:
Sub-goal postcondition of goal statementemissionmixin___field_type_of'vc.
Prover result is: Valid (0.02s, 13374 steps).

File "/home/fabrice/git/pycsl/scratchpad/tmp/.pycsl_y6og56hk.mlw", line 1205, characters 15-19:
Sub-goal postcondition of goal statementemissionmixin___field_type_of'vc.
Prover result is: Valid (0.01s, 7949 steps).

File "/home/fabrice/git/pycsl/scratchpad/tmp/.pycsl_y6og56hk.mlw", line 1258, characters 24-39:
Sub-goal loop invariant init of goal statementemissionmixin___field_type_of'vc.
Prover result is: Valid (0.01s, 7949 steps).

File "/home/fabrice/git/pycsl/scratchpad/tmp/.pycsl_y6og56hk.mlw", line 1205, characters 15-19:
Sub-goal postcondition of goal statementemissionmixin___field_type_of'vc.
Prover result is: Valid (0.01s, 8017 steps).

File "/home/fabrice/git/pycsl/scratchpad/tmp/.pycsl_y6og56hk.mlw", line 1259, characters 22-71:
Sub-goal loop variant decrease of goal statementemissionmixin___field_type_of'vc.
Prover result is: Valid (0.02s, 7985 steps).

File "/home/fabrice/git/pycsl/scratchpad/tmp/.pycsl_y6og56hk.mlw", line 1258, characters 24-39:
Sub-goal loop invariant preservation of goal statementemissionmixin___field_type_of'vc.
Prover result is: Valid (0.01s, 7985 steps).

File "/home/fabrice/git/pycsl/scratchpad/tmp/.pycsl_y6og56hk.mlw", line 1205, characters 15-19:
Sub-goal postcondition of goal statementemissionmixin___field_type_of'vc.
Prover result is: Valid (0.01s, 7951 steps).

File "/home/fabrice/git/pycsl/scratchpad/tmp/.pycsl_y6og56hk.mlw", line 1205, characters 15-19:
Sub-goal postcondition of goal statementemissionmixin___field_type_of'vc.
Prover result is: Valid (0.01s, 12139 steps).

File "/home/fabrice/git/pycsl/scratchpad/tmp/.pycsl_y6og56hk.mlw", line 1205, characters 15-19:
Sub-goal postcondition of goal statementemissionmixin___field_type_of'vc.
Prover result is: Valid (0.01s, 13122 steps).

File "/home/fabrice/git/pycsl/scratchpad/tmp/.pycsl_y6og56hk.mlw", line 1258, characters 24-39:
Sub-goal loop invariant init of goal statementemissionmixin___field_type_of'vc.
Prover result is: Valid (0.01s, 13130 steps).

File "/home/fabrice/git/pycsl/scratchpad/tmp/.pycsl_y6og56hk.mlw", line 1205, characters 15-19:
Sub-goal postcondition of goal statementemissionmixin___field_type_of'vc.
Prover result is: Valid (0.02s, 13434 steps).

File "/home/fabrice/git/pycsl/scratchpad/tmp/.pycsl_y6og56hk.mlw", line 1259, characters 22-71:
Sub-goal loop variant decrease of goal statementemissionmixin___field_type_of'vc.
Prover result is: Valid (0.02s, 18034 steps).

File "/home/fabrice/git/pycsl/scratchpad/tmp/.pycsl_y6og56hk.mlw", line 1258, characters 24-39:
Sub-goal loop invariant preservation of goal statementemissionmixin___field_type_of'vc.
Prover result is: Valid (0.02s, 17980 steps).

File "/home/fabrice/git/pycsl/scratchpad/tmp/.pycsl_y6og56hk.mlw", line 1205, characters 15-19:
Sub-goal postcondition of goal statementemissionmixin___field_type_of'vc.
Prover result is: Valid (0.02s, 13156 steps).

File "/home/fabrice/git/pycsl/scratchpad/tmp/.pycsl_y6og56hk.mlw", line 1205, characters 15-19:
Sub-goal postcondition of goal statementemissionmixin___field_type_of'vc.
Prover result is: Valid (0.01s, 13352 steps).

File "/home/fabrice/git/pycsl/scratchpad/tmp/.pycsl_y6og56hk.mlw", line 1258, characters 24-39:
Sub-goal loop invariant init of goal statementemissionmixin___field_type_of'vc.
Prover result is: Valid (0.02s, 13358 steps).

File "/home/fabrice/git/pycsl/scratchpad/tmp/.pycsl_y6og56hk.mlw", line 1205, characters 15-19:
Sub-goal postcondition of goal statementemissionmixin___field_type_of'vc.
Prover result is: Valid (0.02s, 13654 steps).

File "/home/fabrice/git/pycsl/scratchpad/tmp/.pycsl_y6og56hk.mlw", line 1259, characters 22-71:
Sub-goal loop variant decrease of goal statementemissionmixin___field_type_of'vc.
Prover result is: Valid (0.05s, 152765 steps).

File "/home/fabrice/git/pycsl/scratchpad/tmp/.pycsl_y6og56hk.mlw", line 1258, characters 24-39:
Sub-goal loop invariant preservation of goal statementemissionmixin___field_type_of'vc.
Prover result is: Valid (0.05s, 152565 steps).

File "/home/fabrice/git/pycsl/scratchpad/tmp/.pycsl_y6og56hk.mlw", line 1205, characters 15-19:
Sub-goal postcondition of goal statementemissionmixin___field_type_of'vc.
Prover result is: Valid (0.02s, 13380 steps).

File "/home/fabrice/git/pycsl/scratchpad/tmp/.pycsl_y6og56hk.mlw", line 1205, characters 15-19:
Sub-goal postcondition of goal statementemissionmixin___field_type_of'vc.
Prover result is: Valid (0.01s, 13438 steps).

File "/home/fabrice/git/pycsl/scratchpad/tmp/.pycsl_y6og56hk.mlw", line 1258, characters 24-39:
Sub-goal loop invariant init of goal statementemissionmixin___field_type_of'vc.
Prover result is: Valid (0.01s, 13444 steps).

File "/home/fabrice/git/pycsl/scratchpad/tmp/.pycsl_y6og56hk.mlw", line 1205, characters 15-19:
Sub-goal postcondition of goal statementemissionmixin___field_type_of'vc.
Prover result is: Valid (0.02s, 13740 steps).

File "/home/fabrice/git/pycsl/scratchpad/tmp/.pycsl_y6og56hk.mlw", line 1259, characters 22-71:
Sub-goal loop variant decrease of goal statementemissionmixin___field_type_of'vc.
Prover result is: Valid (0.05s, 153601 steps).

File "/home/fabrice/git/pycsl/scratchpad/tmp/.pycsl_y6og56hk.mlw", line 1258, characters 24-39:
Sub-goal loop invariant preservation of goal statementemissionmixin___field_type_of'vc.
Prover result is: Valid (0.06s, 153401 steps).

File "/home/fabrice/git/pycsl/scratchpad/tmp/.pycsl_y6og56hk.mlw", line 1205, characters 15-19:
Sub-goal postcondition of goal statementemissionmixin___field_type_of'vc.
Prover result is: Valid (0.02s, 13466 steps).

File "/home/fabrice/git/pycsl/scratchpad/tmp/.pycsl_y6og56hk.mlw", line 1205, characters 15-19:
Sub-goal postcondition of goal statementemissionmixin___field_type_of'vc.
Prover result is: Valid (0.02s, 13333 steps).

File "/home/fabrice/git/pycsl/scratchpad/tmp/.pycsl_y6og56hk.mlw", line 1258, characters 24-39:
Sub-goal loop invariant init of goal statementemissionmixin___field_type_of'vc.
Prover result is: Valid (0.02s, 13341 steps).

File "/home/fabrice/git/pycsl/scratchpad/tmp/.pycsl_y6og56hk.mlw", line 1205, characters 15-19:
Sub-goal postcondition of goal statementemissionmixin___field_type_of'vc.
Prover result is: Valid (0.02s, 13639 steps).

File "/home/fabrice/git/pycsl/scratchpad/tmp/.pycsl_y6og56hk.mlw", line 1259, characters 22-71:
Sub-goal loop variant decrease of goal statementemissionmixin___field_type_of'vc.
Prover result is: Valid (0.05s, 147854 steps).

File "/home/fabrice/git/pycsl/scratchpad/tmp/.pycsl_y6og56hk.mlw", line 1258, characters 24-39:
Sub-goal loop invariant preservation of goal statementemissionmixin___field_type_of'vc.
Prover result is: Valid (0.05s, 147678 steps).

File "/home/fabrice/git/pycsl/scratchpad/tmp/.pycsl_y6og56hk.mlw", line 1205, characters 15-19:
Sub-goal postcondition of goal statementemissionmixin___field_type_of'vc.
Prover result is: Valid (0.02s, 13363 steps).

File "/home/fabrice/git/pycsl/scratchpad/tmp/.pycsl_y6og56hk.mlw", line 1205, characters 15-19:
Sub-goal postcondition of goal statementemissionmixin___field_type_of'vc.
Prover result is: Valid (0.01s, 7942 steps).

File "/home/fabrice/git/pycsl/scratchpad/tmp/.pycsl_y6og56hk.mlw", line 1258, characters 24-39:
Sub-goal loop invariant init of goal statementemissionmixin___field_type_of'vc.
Prover result is: Valid (0.01s, 7942 steps).

File "/home/fabrice/git/pycsl/scratchpad/tmp/.pycsl_y6og56hk.mlw", line 1205, characters 15-19:
Sub-goal postcondition of goal statementemissionmixin___field_type_of'vc.
Prover result is: Valid (0.01s, 8010 steps).

File "/home/fabrice/git/pycsl/scratchpad/tmp/.pycsl_y6og56hk.mlw", line 1259, characters 22-71:
Sub-goal loop variant decrease of goal statementemissionmixin___field_type_of'vc.
Prover result is: Valid (0.01s, 7978 steps).

File "/home/fabrice/git/pycsl/scratchpad/tmp/.pycsl_y6og56hk.mlw", line 1258, characters 24-39:
Sub-goal loop invariant preservation of goal statementemissionmixin___field_type_of'vc.
Prover result is: Valid (0.01s, 7978 steps).

File "/home/fabrice/git/pycsl/scratchpad/tmp/.pycsl_y6og56hk.mlw", line 1205, characters 15-19:
Sub-goal postcondition of goal statementemissionmixin___field_type_of'vc.
Prover result is: Valid (0.01s, 7944 steps).

File "/home/fabrice/git/pycsl/scratchpad/tmp/.pycsl_y6og56hk.mlw", line 1205, characters 15-19:
Sub-goal postcondition of goal statementemissionmixin___field_type_of'vc.
Prover result is: Valid (0.01s, 12065 steps).

File "/home/fabrice/git/pycsl/scratchpad/tmp/.pycsl_y6og56hk.mlw", line 1205, characters 15-19:
Sub-goal postcondition of goal statementemissionmixin___field_type_of'vc.
Prover result is: Valid (0.01s, 13048 steps).

File "/home/fabrice/git/pycsl/scratchpad/tmp/.pycsl_y6og56hk.mlw", line 1258, characters 24-39:
Sub-goal loop invariant init of goal statementemissionmixin___field_type_of'vc.
Prover result is: Valid (0.01s, 13056 steps).

File "/home/fabrice/git/pycsl/scratchpad/tmp/.pycsl_y6og56hk.mlw", line 1205, characters 15-19:
Sub-goal postcondition of goal statementemissionmixin___field_type_of'vc.
Prover result is: Valid (0.02s, 13360 steps).

File "/home/fabrice/git/pycsl/scratchpad/tmp/.pycsl_y6og56hk.mlw", line 1259, characters 22-71:
Sub-goal loop variant decrease of goal statementemissionmixin___field_type_of'vc.
Prover result is: Valid (0.05s, 139059 steps).

File "/home/fabrice/git/pycsl/scratchpad/tmp/.pycsl_y6og56hk.mlw", line 1258, characters 24-39:
Sub-goal loop invariant preservation of goal statementemissionmixin___field_type_of'vc.
Prover result is: Valid (0.04s, 138881 steps).

File "/home/fabrice/git/pycsl/scratchpad/tmp/.pycsl_y6og56hk.mlw", line 1205, characters 15-19:
Sub-goal postcondition of goal statementemissionmixin___field_type_of'vc.
Prover result is: Valid (0.01s, 13082 steps).

File "/home/fabrice/git/pycsl/scratchpad/tmp/.pycsl_y6og56hk.mlw", line 1205, characters 15-19:
Sub-goal postcondition of goal statementemissionmixin___field_type_of'vc.
Prover result is: Valid (0.01s, 13278 steps).

File "/home/fabrice/git/pycsl/scratchpad/tmp/.pycsl_y6og56hk.mlw", line 1258, characters 24-39:
Sub-goal loop invariant init of goal statementemissionmixin___field_type_of'vc.
Prover result is: Valid (0.01s, 13284 steps).

File "/home/fabrice/git/pycsl/scratchpad/tmp/.pycsl_y6og56hk.mlw", line 1205, characters 15-19:
Sub-goal postcondition of goal statementemissionmixin___field_type_of'vc.
Prover result is: Valid (0.02s, 13580 steps).

File "/home/fabrice/git/pycsl/scratchpad/tmp/.pycsl_y6og56hk.mlw", line 1259, characters 22-71:
Sub-goal loop variant decrease of goal statementemissionmixin___field_type_of'vc.
Prover result is: Valid (0.05s, 152126 steps).

File "/home/fabrice/git/pycsl/scratchpad/tmp/.pycsl_y6og56hk.mlw", line 1258, characters 24-39:
Sub-goal loop invariant preservation of goal statementemissionmixin___field_type_of'vc.
Prover result is: Valid (0.05s, 151926 steps).

File "/home/fabrice/git/pycsl/scratchpad/tmp/.pycsl_y6og56hk.mlw", line 1205, characters 15-19:
Sub-goal postcondition of goal statementemissionmixin___field_type_of'vc.
Prover result is: Valid (0.01s, 13306 steps).

File "/home/fabrice/git/pycsl/scratchpad/tmp/.pycsl_y6og56hk.mlw", line 1205, characters 15-19:
Sub-goal postcondition of goal statementemissionmixin___field_type_of'vc.
Prover result is: Valid (0.01s, 13364 steps).

File "/home/fabrice/git/pycsl/scratchpad/tmp/.pycsl_y6og56hk.mlw", line 1258, characters 24-39:
Sub-goal loop invariant init of goal statementemissionmixin___field_type_of'vc.
Prover result is: Valid (0.01s, 13370 steps).

File "/home/fabrice/git/pycsl/scratchpad/tmp/.pycsl_y6og56hk.mlw", line 1205, characters 15-19:
Sub-goal postcondition of goal statementemissionmixin___field_type_of'vc.
Prover result is: Valid (0.01s, 13666 steps).

File "/home/fabrice/git/pycsl/scratchpad/tmp/.pycsl_y6og56hk.mlw", line 1259, characters 22-71:
Sub-goal loop variant decrease of goal statementemissionmixin___field_type_of'vc.
Prover result is: Valid (0.05s, 152962 steps).

File "/home/fabrice/git/pycsl/scratchpad/tmp/.pycsl_y6og56hk.mlw", line 1258, characters 24-39:
Sub-goal loop invariant preservation of goal statementemissionmixin___field_type_of'vc.
Prover result is: Valid (0.04s, 152762 steps).

File "/home/fabrice/git/pycsl/scratchpad/tmp/.pycsl_y6og56hk.mlw", line 1205, characters 15-19:
Sub-goal postcondition of goal statementemissionmixin___field_type_of'vc.
Prover result is: Valid (0.02s, 13392 steps).

File "/home/fabrice/git/pycsl/scratchpad/tmp/.pycsl_y6og56hk.mlw", line 1205, characters 15-19:
Sub-goal postcondition of goal statementemissionmixin___field_type_of'vc.
Prover result is: Valid (0.01s, 13259 steps).

File "/home/fabrice/git/pycsl/scratchpad/tmp/.pycsl_y6og56hk.mlw", line 1258, characters 24-39:
Sub-goal loop invariant init of goal statementemissionmixin___field_type_of'vc.
Prover result is: Valid (0.02s, 13267 steps).

File "/home/fabrice/git/pycsl/scratchpad/tmp/.pycsl_y6og56hk.mlw", line 1205, characters 15-19:
Sub-goal postcondition of goal statementemissionmixin___field_type_of'vc.
Prover result is: Valid (0.02s, 13565 steps).

File "/home/fabrice/git/pycsl/scratchpad/tmp/.pycsl_y6og56hk.mlw", line 1259, characters 22-71:
Sub-goal loop variant decrease of goal statementemissionmixin___field_type_of'vc.
Prover result is: Valid (0.05s, 147242 steps).

File "/home/fabrice/git/pycsl/scratchpad/tmp/.pycsl_y6og56hk.mlw", line 1258, characters 24-39:
Sub-goal loop invariant preservation of goal statementemissionmixin___field_type_of'vc.
Prover result is: Valid (0.04s, 147066 steps).

File "/home/fabrice/git/pycsl/scratchpad/tmp/.pycsl_y6og56hk.mlw", line 1205, characters 15-19:
Sub-goal postcondition of goal statementemissionmixin___field_type_of'vc.
Prover result is: Valid (0.01s, 13289 steps).

File "/home/fabrice/git/pycsl/scratchpad/tmp/.pycsl_y6og56hk.mlw", line 1205, characters 15-19:
Sub-goal postcondition of goal statementemissionmixin___field_type_of'vc.
Prover result is: Valid (0.02s, 7900 steps).

File "/home/fabrice/git/pycsl/scratchpad/tmp/.pycsl_y6og56hk.mlw", line 1258, characters 24-39:
Sub-goal loop invariant init of goal statementemissionmixin___field_type_of'vc.
Prover result is: Valid (0.01s, 7900 steps).

File "/home/fabrice/git/pycsl/scratchpad/tmp/.pycsl_y6og56hk.mlw", line 1205, characters 15-19:
Sub-goal postcondition of goal statementemissionmixin___field_type_of'vc.
Prover result is: Valid (0.02s, 7968 steps).

File "/home/fabrice/git/pycsl/scratchpad/tmp/.pycsl_y6og56hk.mlw", line 1259, characters 22-71:
Sub-goal loop variant decrease of goal statementemissionmixin___field_type_of'vc.
Prover result is: Valid (0.01s, 7936 steps).

File "/home/fabrice/git/pycsl/scratchpad/tmp/.pycsl_y6og56hk.mlw", line 1258, characters 24-39:
Sub-goal loop invariant preservation of goal statementemissionmixin___field_type_of'vc.
Prover result is: Valid (0.01s, 7936 steps).

File "/home/fabrice/git/pycsl/scratchpad/tmp/.pycsl_y6og56hk.mlw", line 1205, characters 15-19:
Sub-goal postcondition of goal statementemissionmixin___field_type_of'vc.
Prover result is: Valid (0.01s, 7902 steps).

File "/home/fabrice/git/pycsl/scratchpad/tmp/.pycsl_y6og56hk.mlw", line 1205, characters 15-19:
Sub-goal postcondition of goal statementemissionmixin___field_type_of'vc.
Prover result is: Valid (0.02s, 11969 steps).

File "/home/fabrice/git/pycsl/scratchpad/tmp/.pycsl_y6og56hk.mlw", line 1205, characters 15-19:
Sub-goal postcondition of goal statementemissionmixin___field_type_of'vc.
Prover result is: Valid (0.01s, 12952 steps).

File "/home/fabrice/git/pycsl/scratchpad/tmp/.pycsl_y6og56hk.mlw", line 1258, characters 24-39:
Sub-goal loop invariant init of goal statementemissionmixin___field_type_of'vc.
Prover result is: Valid (0.01s, 12960 steps).

File "/home/fabrice/git/pycsl/scratchpad/tmp/.pycsl_y6og56hk.mlw", line 1205, characters 15-19:
Sub-goal postcondition of goal statementemissionmixin___field_type_of'vc.
Prover result is: Valid (0.02s, 13264 steps).

File "/home/fabrice/git/pycsl/scratchpad/tmp/.pycsl_y6og56hk.mlw", line 1259, characters 22-71:
Sub-goal loop variant decrease of goal statementemissionmixin___field_type_of'vc.
Prover result is: Valid (0.02s, 17782 steps).

File "/home/fabrice/git/pycsl/scratchpad/tmp/.pycsl_y6og56hk.mlw", line 1258, characters 24-39:
Sub-goal loop invariant preservation of goal statementemissionmixin___field_type_of'vc.
Prover result is: Valid (0.02s, 17728 steps).

File "/home/fabrice/git/pycsl/scratchpad/tmp/.pycsl_y6og56hk.mlw", line 1205, characters 15-19:
Sub-goal postcondition of goal statementemissionmixin___field_type_of'vc.
Prover result is: Valid (0.02s, 12986 steps).

File "/home/fabrice/git/pycsl/scratchpad/tmp/.pycsl_y6og56hk.mlw", line 1205, characters 15-19:
Sub-goal postcondition of goal statementemissionmixin___field_type_of'vc.
Prover result is: Valid (0.02s, 13182 steps).

File "/home/fabrice/git/pycsl/scratchpad/tmp/.pycsl_y6og56hk.mlw", line 1258, characters 24-39:
Sub-goal loop invariant init of goal statementemissionmixin___field_type_of'vc.
Prover result is: Valid (0.02s, 13188 steps).

File "/home/fabrice/git/pycsl/scratchpad/tmp/.pycsl_y6og56hk.mlw", line 1205, characters 15-19:
Sub-goal postcondition of goal statementemissionmixin___field_type_of'vc.
Prover result is: Valid (0.02s, 13484 steps).

File "/home/fabrice/git/pycsl/scratchpad/tmp/.pycsl_y6og56hk.mlw", line 1259, characters 22-71:
Sub-goal loop variant decrease of goal statementemissionmixin___field_type_of'vc.
Prover result is: Valid (0.05s, 151517 steps).

File "/home/fabrice/git/pycsl/scratchpad/tmp/.pycsl_y6og56hk.mlw", line 1258, characters 24-39:
Sub-goal loop invariant preservation of goal statementemissionmixin___field_type_of'vc.
Prover result is: Valid (0.05s, 151317 steps).

File "/home/fabrice/git/pycsl/scratchpad/tmp/.pycsl_y6og56hk.mlw", line 1205, characters 15-19:
Sub-goal postcondition of goal statementemissionmixin___field_type_of'vc.
Prover result is: Valid (0.02s, 13210 steps).

File "/home/fabrice/git/pycsl/scratchpad/tmp/.pycsl_y6og56hk.mlw", line 1205, characters 15-19:
Sub-goal postcondition of goal statementemissionmixin___field_type_of'vc.
Prover result is: Valid (0.02s, 13268 steps).

File "/home/fabrice/git/pycsl/scratchpad/tmp/.pycsl_y6og56hk.mlw", line 1258, characters 24-39:
Sub-goal loop invariant init of goal statementemissionmixin___field_type_of'vc.
Prover result is: Valid (0.02s, 13274 steps).

File "/home/fabrice/git/pycsl/scratchpad/tmp/.pycsl_y6og56hk.mlw", line 1205, characters 15-19:
Sub-goal postcondition of goal statementemissionmixin___field_type_of'vc.
Prover result is: Valid (0.02s, 13570 steps).

File "/home/fabrice/git/pycsl/scratchpad/tmp/.pycsl_y6og56hk.mlw", line 1259, characters 22-71:
Sub-goal loop variant decrease of goal statementemissionmixin___field_type_of'vc.
Prover result is: Valid (0.04s, 152353 steps).

File "/home/fabrice/git/pycsl/scratchpad/tmp/.pycsl_y6og56hk.mlw", line 1258, characters 24-39:
Sub-goal loop invariant preservation of goal statementemissionmixin___field_type_of'vc.
Prover result is: Valid (0.06s, 152153 steps).

File "/home/fabrice/git/pycsl/scratchpad/tmp/.pycsl_y6og56hk.mlw", line 1205, characters 15-19:
Sub-goal postcondition of goal statementemissionmixin___field_type_of'vc.
Prover result is: Valid (0.01s, 13296 steps).

File "/home/fabrice/git/pycsl/scratchpad/tmp/.pycsl_y6og56hk.mlw", line 1205, characters 15-19:
Sub-goal postcondition of goal statementemissionmixin___field_type_of'vc.
Prover result is: Valid (0.01s, 13163 steps).

File "/home/fabrice/git/pycsl/scratchpad/tmp/.pycsl_y6og56hk.mlw", line 1258, characters 24-39:
Sub-goal loop invariant init of goal statementemissionmixin___field_type_of'vc.
Prover result is: Valid (0.02s, 13171 steps).

File "/home/fabrice/git/pycsl/scratchpad/tmp/.pycsl_y6og56hk.mlw", line 1205, characters 15-19:
Sub-goal postcondition of goal statementemissionmixin___field_type_of'vc.
Prover result is: Valid (0.01s, 13469 steps).

File "/home/fabrice/git/pycsl/scratchpad/tmp/.pycsl_y6og56hk.mlw", line 1259, characters 22-71:
Sub-goal loop variant decrease of goal statementemissionmixin___field_type_of'vc.
Prover result is: Valid (0.05s, 146667 steps).

File "/home/fabrice/git/pycsl/scratchpad/tmp/.pycsl_y6og56hk.mlw", line 1258, characters 24-39:
Sub-goal loop invariant preservation of goal statementemissionmixin___field_type_of'vc.
Prover result is: Valid (0.05s, 146491 steps).

File "/home/fabrice/git/pycsl/scratchpad/tmp/.pycsl_y6og56hk.mlw", line 1205, characters 15-19:
Sub-goal postcondition of goal statementemissionmixin___field_type_of'vc.
Prover result is: Valid (0.01s, 13193 steps).

File "/home/fabrice/git/pycsl/scratchpad/tmp/.pycsl_y6og56hk.mlw", line 1205, characters 15-19:
Sub-goal postcondition of goal statementemissionmixin___field_type_of'vc.
Prover result is: Valid (0.01s, 7842 steps).

File "/home/fabrice/git/pycsl/scratchpad/tmp/.pycsl_y6og56hk.mlw", line 1258, characters 24-39:
Sub-goal loop invariant init of goal statementemissionmixin___field_type_of'vc.
Prover result is: Valid (0.02s, 7842 steps).

File "/home/fabrice/git/pycsl/scratchpad/tmp/.pycsl_y6og56hk.mlw", line 1205, characters 15-19:
Sub-goal postcondition of goal statementemissionmixin___field_type_of'vc.
Prover result is: Valid (0.02s, 7910 steps).

File "/home/fabrice/git/pycsl/scratchpad/tmp/.pycsl_y6og56hk.mlw", line 1259, characters 22-71:
Sub-goal loop variant decrease of goal statementemissionmixin___field_type_of'vc.
Prover result is: Valid (0.02s, 7878 steps).

File "/home/fabrice/git/pycsl/scratchpad/tmp/.pycsl_y6og56hk.mlw", line 1258, characters 24-39:
Sub-goal loop invariant preservation of goal statementemissionmixin___field_type_of'vc.
Prover result is: Valid (0.01s, 7878 steps).

File "/home/fabrice/git/pycsl/scratchpad/tmp/.pycsl_y6og56hk.mlw", line 1205, characters 15-19:
Sub-goal postcondition of goal statementemissionmixin___field_type_of'vc.
Prover result is: Valid (0.01s, 7844 steps).

File "/home/fabrice/git/pycsl/scratchpad/tmp/.pycsl_y6og56hk.mlw", line 1273, characters 15-19:
Sub-goal postcondition of goal statementemissionmixin___rhs_yields_array'vc.
Prover result is: Valid (0.01s, 5050 steps).

File "/home/fabrice/git/pycsl/scratchpad/tmp/.pycsl_y6og56hk.mlw", line 1273, characters 15-19:
Sub-goal postcondition of goal statementemissionmixin___rhs_yields_array'vc.
Prover result is: Valid (0.01s, 13044 steps).

File "/home/fabrice/git/pycsl/scratchpad/tmp/.pycsl_y6og56hk.mlw", line 1273, characters 15-19:
Sub-goal postcondition of goal statementemissionmixin___rhs_yields_array'vc.
Prover result is: Valid (0.01s, 13270 steps).

File "/home/fabrice/git/pycsl/scratchpad/tmp/.pycsl_y6og56hk.mlw", line 1273, characters 15-19:
Sub-goal postcondition of goal statementemissionmixin___rhs_yields_array'vc.
Prover result is: Valid (0.01s, 13267 steps).

File "/home/fabrice/git/pycsl/scratchpad/tmp/.pycsl_y6og56hk.mlw", line 1300, characters 35-87:
Sub-goal precondition of goal statementemissionmixin___rhs_yields_array'vc.
Prover result is: Valid (0.02s, 11956 steps).

File "/home/fabrice/git/pycsl/scratchpad/tmp/.pycsl_y6og56hk.mlw", line 1273, characters 15-19:
Sub-goal postcondition of goal statementemissionmixin___rhs_yields_array'vc.
Prover result is: Valid (0.01s, 12180 steps).

File "/home/fabrice/git/pycsl/scratchpad/tmp/.pycsl_y6og56hk.mlw", line 1273, characters 15-19:
Sub-goal postcondition of goal statementemissionmixin___rhs_yields_array'vc.
Prover result is: Valid (0.01s, 13234 steps).

File "/home/fabrice/git/pycsl/scratchpad/tmp/.pycsl_y6og56hk.mlw", line 1273, characters 15-19:
Sub-goal postcondition of goal statementemissionmixin___rhs_yields_array'vc.
Prover result is: Valid (0.01s, 13077 steps).

File "/home/fabrice/git/pycsl/scratchpad/tmp/.pycsl_y6og56hk.mlw", line 1273, characters 15-19:
Sub-goal postcondition of goal statementemissionmixin___rhs_yields_array'vc.
Prover result is: Valid (0.02s, 11972 steps).

File "/home/fabrice/git/pycsl/scratchpad/tmp/.pycsl_y6og56hk.mlw", line 1322, characters 15-19:
Sub-goal postcondition of goal statementemissionmixin___rhs_yields_map'vc.
Prover result is: Valid (0.01s, 5050 steps).

File "/home/fabrice/git/pycsl/scratchpad/tmp/.pycsl_y6og56hk.mlw", line 1322, characters 15-19:
Sub-goal postcondition of goal statementemissionmixin___rhs_yields_map'vc.
Prover result is: Valid (0.02s, 13010 steps).

File "/home/fabrice/git/pycsl/scratchpad/tmp/.pycsl_y6og56hk.mlw", line 1322, characters 15-19:
Sub-goal postcondition of goal statementemissionmixin___rhs_yields_map'vc.
Prover result is: Valid (0.02s, 13189 steps).

File "/home/fabrice/git/pycsl/scratchpad/tmp/.pycsl_y6og56hk.mlw", line 1322, characters 15-19:
Sub-goal postcondition of goal statementemissionmixin___rhs_yields_map'vc.
Prover result is: Valid (0.01s, 13190 steps).

File "/home/fabrice/git/pycsl/scratchpad/tmp/.pycsl_y6og56hk.mlw", line 1350, characters 35-87:
Sub-goal precondition of goal statementemissionmixin___rhs_yields_map'vc.
Prover result is: Valid (0.02s, 11993 steps).

File "/home/fabrice/git/pycsl/scratchpad/tmp/.pycsl_y6og56hk.mlw", line 1322, characters 15-19:
Sub-goal postcondition of goal statementemissionmixin___rhs_yields_map'vc.
Prover result is: Valid (0.02s, 12137 steps).

File "/home/fabrice/git/pycsl/scratchpad/tmp/.pycsl_y6og56hk.mlw", line 1322, characters 15-19:
Sub-goal postcondition of goal statementemissionmixin___rhs_yields_map'vc.
Prover result is: Valid (0.02s, 13275 steps).

File "/home/fabrice/git/pycsl/scratchpad/tmp/.pycsl_y6og56hk.mlw", line 1322, characters 15-19:
Sub-goal postcondition of goal statementemissionmixin___rhs_yields_map'vc.
Prover result is: Valid (0.01s, 13118 steps).

File "/home/fabrice/git/pycsl/scratchpad/tmp/.pycsl_y6og56hk.mlw", line 1364, characters 33-96:
Sub-goal variant decrease of goal statementemissionmixin___rhs_yields_map'vc.
Prover result is: Valid (0.05s, 121207 steps).

File "/home/fabrice/git/pycsl/scratchpad/tmp/.pycsl_y6og56hk.mlw", line 1364, characters 33-96:
Sub-goal precondition of goal statementemissionmixin___rhs_yields_map'vc.
Prover result is: Valid (0.02s, 12022 steps).

File "/home/fabrice/git/pycsl/scratchpad/tmp/.pycsl_y6og56hk.mlw", line 1364, characters 107-172:
Sub-goal variant decrease of goal statementemissionmixin___rhs_yields_map'vc.
Prover result is: Valid (0.05s, 121207 steps).

File "/home/fabrice/git/pycsl/scratchpad/tmp/.pycsl_y6og56hk.mlw", line 1364, characters 107-172:
Sub-goal precondition of goal statementemissionmixin___rhs_yields_map'vc.
Prover result is: Valid (0.01s, 12022 steps).

File "/home/fabrice/git/pycsl/scratchpad/tmp/.pycsl_y6og56hk.mlw", line 1322, characters 15-19:
Sub-goal postcondition of goal statementemissionmixin___rhs_yields_map'vc.
Prover result is: Valid (0.01s, 12074 steps).

File "/home/fabrice/git/pycsl/scratchpad/tmp/.pycsl_y6og56hk.mlw", line 1367, characters 35-98:
Sub-goal variant decrease of goal statementemissionmixin___rhs_yields_map'vc.
Prover result is: Valid (0.05s, 136789 steps).

File "/home/fabrice/git/pycsl/scratchpad/tmp/.pycsl_y6og56hk.mlw", line 1367, characters 35-98:
Sub-goal precondition of goal statementemissionmixin___rhs_yields_map'vc.
Prover result is: Valid (0.02s, 12180 steps).

File "/home/fabrice/git/pycsl/scratchpad/tmp/.pycsl_y6og56hk.mlw", line 1367, characters 109-173:
Sub-goal variant decrease of goal statementemissionmixin___rhs_yields_map'vc.
Prover result is: Valid (0.05s, 136789 steps).

File "/home/fabrice/git/pycsl/scratchpad/tmp/.pycsl_y6og56hk.mlw", line 1367, characters 109-173:
Sub-goal precondition of goal statementemissionmixin___rhs_yields_map'vc.
Prover result is: Valid (0.01s, 12180 steps).

File "/home/fabrice/git/pycsl/scratchpad/tmp/.pycsl_y6og56hk.mlw", line 1322, characters 15-19:
Sub-goal postcondition of goal statementemissionmixin___rhs_yields_map'vc.
Prover result is: Valid (0.01s, 12232 steps).

File "/home/fabrice/git/pycsl/scratchpad/tmp/.pycsl_y6og56hk.mlw", line 1322, characters 15-19:
Sub-goal postcondition of goal statementemissionmixin___rhs_yields_map'vc.
Prover result is: Valid (0.01s, 12178 steps).

File "/home/fabrice/git/pycsl/scratchpad/tmp/.pycsl_y6og56hk.mlw", line 1380, characters 15-19:
Sub-goal postcondition of goal statementemissionmixin___first_assign_kind'vc.
Prover result is: Valid (0.01s, 13001 steps).

File "/home/fabrice/git/pycsl/scratchpad/tmp/.pycsl_y6og56hk.mlw", line 1380, characters 15-19:
Sub-goal postcondition of goal statementemissionmixin___first_assign_kind'vc.
Prover result is: Valid (0.01s, 13004 steps).

File "/home/fabrice/git/pycsl/scratchpad/tmp/.pycsl_y6og56hk.mlw", line 1380, characters 15-19:
Sub-goal postcondition of goal statementemissionmixin___first_assign_kind'vc.
Prover result is: Valid (0.02s, 13013 steps).

File "/home/fabrice/git/pycsl/scratchpad/tmp/.pycsl_y6og56hk.mlw", line 1380, characters 15-19:
Sub-goal postcondition of goal statementemissionmixin___first_assign_kind'vc.
Prover result is: Valid (0.02s, 13042 steps).

File "/home/fabrice/git/pycsl/scratchpad/tmp/.pycsl_y6og56hk.mlw", line 1380, characters 15-19:
Sub-goal postcondition of goal statementemissionmixin___first_assign_kind'vc.
Prover result is: Valid (0.01s, 13324 steps).

File "/home/fabrice/git/pycsl/scratchpad/tmp/.pycsl_y6og56hk.mlw", line 1380, characters 15-19:
Sub-goal postcondition of goal statementemissionmixin___first_assign_kind'vc.
Prover result is: Valid (0.02s, 13660 steps).

File "/home/fabrice/git/pycsl/scratchpad/tmp/.pycsl_y6og56hk.mlw", line 1412, characters 18-73:
Sub-goal precondition of goal statementemissionmixin___first_assign_kind'vc.
Prover result is: Valid (0.01s, 13635 steps).

File "/home/fabrice/git/pycsl/scratchpad/tmp/.pycsl_y6og56hk.mlw", line 1380, characters 15-19:
Sub-goal postcondition of goal statementemissionmixin___first_assign_kind'vc.
Prover result is: Valid (0.01s, 13644 steps).

File "/home/fabrice/git/pycsl/scratchpad/tmp/.pycsl_y6og56hk.mlw", line 1380, characters 15-19:
Sub-goal postcondition of goal statementemissionmixin___first_assign_kind'vc.
Prover result is: Valid (0.02s, 14147 steps).

File "/home/fabrice/git/pycsl/scratchpad/tmp/.pycsl_y6og56hk.mlw", line 1418, characters 22-75:
Sub-goal precondition of goal statementemissionmixin___first_assign_kind'vc.
Prover result is: Valid (0.01s, 14145 steps).

File "/home/fabrice/git/pycsl/scratchpad/tmp/.pycsl_y6og56hk.mlw", line 1380, characters 15-19:
Sub-goal postcondition of goal statementemissionmixin___first_assign_kind'vc.
Prover result is: Valid (0.01s, 14154 steps).

File "/home/fabrice/git/pycsl/scratchpad/tmp/.pycsl_y6og56hk.mlw", line 1380, characters 15-19:
Sub-goal postcondition of goal statementemissionmixin___first_assign_kind'vc.
Prover result is: Valid (0.02s, 14163 steps).

File "/home/fabrice/git/pycsl/scratchpad/tmp/.pycsl_y6og56hk.mlw", line 1380, characters 15-19:
Sub-goal postcondition of goal statementemissionmixin___first_assign_kind'vc.
Prover result is: Valid (0.02s, 14159 steps).

File "/home/fabrice/git/pycsl/scratchpad/tmp/.pycsl_y6og56hk.mlw", line 1412, characters 18-73:
Sub-goal precondition of goal statementemissionmixin___first_assign_kind'vc.
Prover result is: Valid (0.01s, 13429 steps).

File "/home/fabrice/git/pycsl/scratchpad/tmp/.pycsl_y6og56hk.mlw", line 1380, characters 15-19:
Sub-goal postcondition of goal statementemissionmixin___first_assign_kind'vc.
Prover result is: Valid (0.02s, 13438 steps).

File "/home/fabrice/git/pycsl/scratchpad/tmp/.pycsl_y6og56hk.mlw", line 1380, characters 15-19:
Sub-goal postcondition of goal statementemissionmixin___first_assign_kind'vc.
Prover result is: Valid (0.02s, 13941 steps).

File "/home/fabrice/git/pycsl/scratchpad/tmp/.pycsl_y6og56hk.mlw", line 1418, characters 22-75:
Sub-goal precondition of goal statementemissionmixin___first_assign_kind'vc.
Prover result is: Valid (0.02s, 13939 steps).

File "/home/fabrice/git/pycsl/scratchpad/tmp/.pycsl_y6og56hk.mlw", line 1380, characters 15-19:
Sub-goal postcondition of goal statementemissionmixin___first_assign_kind'vc.
Prover result is: Valid (0.02s, 13948 steps).

File "/home/fabrice/git/pycsl/scratchpad/tmp/.pycsl_y6og56hk.mlw", line 1380, characters 15-19:
Sub-goal postcondition of goal statementemissionmixin___first_assign_kind'vc.
Prover result is: Valid (0.01s, 13957 steps).

File "/home/fabrice/git/pycsl/scratchpad/tmp/.pycsl_y6og56hk.mlw", line 1380, characters 15-19:
Sub-goal postcondition of goal statementemissionmixin___first_assign_kind'vc.
Prover result is: Valid (0.02s, 13953 steps).

File "/home/fabrice/git/pycsl/scratchpad/tmp/.pycsl_y6og56hk.mlw", line 1443, characters 15-19:
Sub-goal postcondition of goal statementemissionmixin___handle_array_slice_set_stmt'vc.
Prover result is: Valid (0.02s, 17058 steps).

File "/home/fabrice/git/pycsl/scratchpad/tmp/.pycsl_y6og56hk.mlw", line 1443, characters 15-19:
Sub-goal postcondition of goal statementemissionmixin___handle_array_slice_set_stmt'vc.
Prover result is: Valid (0.02s, 16971 steps).

File "/home/fabrice/git/pycsl/scratchpad/tmp/.pycsl_y6og56hk.mlw", line 1443, characters 15-19:
Sub-goal postcondition of goal statementemissionmixin___handle_array_slice_set_stmt'vc.
Prover result is: Valid (0.02s, 16653 steps).

File "/home/fabrice/git/pycsl/scratchpad/tmp/.pycsl_y6og56hk.mlw", line 1443, characters 15-19:
Sub-goal postcondition of goal statementemissionmixin___handle_array_slice_set_stmt'vc.
Prover result is: Valid (0.02s, 16566 steps).

File "/home/fabrice/git/pycsl/scratchpad/tmp/.pycsl_y6og56hk.mlw", line 1443, characters 15-19:
Sub-goal postcondition of goal statementemissionmixin___handle_array_slice_set_stmt'vc.
Prover result is: Valid (0.02s, 6305 steps).

File "/home/fabrice/git/pycsl/scratchpad/tmp/.pycsl_y6og56hk.mlw", line 1443, characters 15-19:
Sub-goal postcondition of goal statementemissionmixin___handle_array_slice_set_stmt'vc.
Prover result is: Valid (0.01s, 6302 steps).

File "/home/fabrice/git/pycsl/scratchpad/tmp/.pycsl_y6og56hk.mlw", line 1443, characters 15-19:
Sub-goal postcondition of goal statementemissionmixin___handle_array_slice_set_stmt'vc.
Prover result is: Valid (0.01s, 6296 steps).

File "/home/fabrice/git/pycsl/scratchpad/tmp/.pycsl_y6og56hk.mlw", line 1443, characters 15-19:
Sub-goal postcondition of goal statementemissionmixin___handle_array_slice_set_stmt'vc.
Prover result is: Valid (0.01s, 6293 steps).

File "/home/fabrice/git/pycsl/scratchpad/tmp/.pycsl_y6og56hk.mlw", line 1523, characters 20-34:
Sub-goal loop invariant init of goal statementemissionmixin___handle_critical_section_stmt'vc.
Prover result is: Valid (0.02s, 11628 steps).

File "/home/fabrice/git/pycsl/scratchpad/tmp/.pycsl_y6og56hk.mlw", line 1524, characters 18-60:
Sub-goal loop variant decrease of goal statementemissionmixin___handle_critical_section_stmt'vc.
Prover result is: Valid (0.05s, 167455 steps).

File "/home/fabrice/git/pycsl/scratchpad/tmp/.pycsl_y6og56hk.mlw", line 1523, characters 20-34:
Sub-goal loop invariant preservation of goal statementemissionmixin___handle_critical_section_stmt'vc.
Prover result is: Valid (0.05s, 167261 steps).

File "/home/fabrice/git/pycsl/scratchpad/tmp/.pycsl_y6og56hk.mlw", line 1570, characters 77-96:
Sub-goal array creation size of goal statementemissionmixin___handle_critical_section_stmt'vc.
Prover result is: Valid (0.01s, 14210 steps).

File "/home/fabrice/git/pycsl/scratchpad/tmp/.pycsl_y6og56hk.mlw", line 1493, characters 15-19:
Sub-goal postcondition of goal statementemissionmixin___handle_critical_section_stmt'vc.
Prover result is: Valid (0.02s, 15620 steps).

File "/home/fabrice/git/pycsl/scratchpad/tmp/.pycsl_y6og56hk.mlw", line 1493, characters 15-19:
Sub-goal postcondition of goal statementemissionmixin___handle_critical_section_stmt'vc.
Prover result is: Valid (0.02s, 15529 steps).

File "/home/fabrice/git/pycsl/scratchpad/tmp/.pycsl_y6og56hk.mlw", line 1493, characters 15-19:
Sub-goal postcondition of goal statementemissionmixin___handle_critical_section_stmt'vc.
Prover result is: Valid (0.01s, 14792 steps).

File "/home/fabrice/git/pycsl/scratchpad/tmp/.pycsl_y6og56hk.mlw", line 1493, characters 15-19:
Sub-goal postcondition of goal statementemissionmixin___handle_critical_section_stmt'vc.
Prover result is: Valid (0.01s, 14701 steps).

File "/home/fabrice/git/pycsl/scratchpad/tmp/.pycsl_y6og56hk.mlw", line 1493, characters 15-19:
Sub-goal postcondition of goal statementemissionmixin___handle_critical_section_stmt'vc.
Prover result is: Valid (0.02s, 8492 steps).

File "/home/fabrice/git/pycsl/scratchpad/tmp/.pycsl_y6og56hk.mlw", line 1493, characters 15-19:
Sub-goal postcondition of goal statementemissionmixin___handle_critical_section_stmt'vc.
Prover result is: Valid (0.01s, 8489 steps).

File "/home/fabrice/git/pycsl/scratchpad/tmp/.pycsl_y6og56hk.mlw", line 1493, characters 15-19:
Sub-goal postcondition of goal statementemissionmixin___handle_critical_section_stmt'vc.
Prover result is: Valid (0.02s, 8124 steps).

File "/home/fabrice/git/pycsl/scratchpad/tmp/.pycsl_y6og56hk.mlw", line 1493, characters 15-19:
Sub-goal postcondition of goal statementemissionmixin___handle_critical_section_stmt'vc.
Prover result is: Valid (0.02s, 8121 steps).

File "/home/fabrice/git/pycsl/scratchpad/tmp/.pycsl_y6og56hk.mlw", line 1570, characters 77-96:
Sub-goal array creation size of goal statementemissionmixin___handle_critical_section_stmt'vc.
Prover result is: Valid (0.02s, 14208 steps).

File "/home/fabrice/git/pycsl/scratchpad/tmp/.pycsl_y6og56hk.mlw", line 1493, characters 15-19:
Sub-goal postcondition of goal statementemissionmixin___handle_critical_section_stmt'vc.
Prover result is: Valid (0.02s, 15618 steps).

File "/home/fabrice/git/pycsl/scratchpad/tmp/.pycsl_y6og56hk.mlw", line 1493, characters 15-19:
Sub-goal postcondition of goal statementemissionmixin___handle_critical_section_stmt'vc.
Prover result is: Valid (0.02s, 15527 steps).

File "/home/fabrice/git/pycsl/scratchpad/tmp/.pycsl_y6og56hk.mlw", line 1493, characters 15-19:
Sub-goal postcondition of goal statementemissionmixin___handle_critical_section_stmt'vc.
Prover result is: Valid (0.02s, 14790 steps).

File "/home/fabrice/git/pycsl/scratchpad/tmp/.pycsl_y6og56hk.mlw", line 1493, characters 15-19:
Sub-goal postcondition of goal statementemissionmixin___handle_critical_section_stmt'vc.
Prover result is: Valid (0.02s, 14699 steps).

File "/home/fabrice/git/pycsl/scratchpad/tmp/.pycsl_y6og56hk.mlw", line 1493, characters 15-19:
Sub-goal postcondition of goal statementemissionmixin___handle_critical_section_stmt'vc.
Prover result is: Valid (0.02s, 8490 steps).

File "/home/fabrice/git/pycsl/scratchpad/tmp/.pycsl_y6og56hk.mlw", line 1493, characters 15-19:
Sub-goal postcondition of goal statementemissionmixin___handle_critical_section_stmt'vc.
Prover result is: Valid (0.01s, 8487 steps).

File "/home/fabrice/git/pycsl/scratchpad/tmp/.pycsl_y6og56hk.mlw", line 1493, characters 15-19:
Sub-goal postcondition of goal statementemissionmixin___handle_critical_section_stmt'vc.
Prover result is: Valid (0.01s, 8122 steps).

File "/home/fabrice/git/pycsl/scratchpad/tmp/.pycsl_y6og56hk.mlw", line 1493, characters 15-19:
Sub-goal postcondition of goal statementemissionmixin___handle_critical_section_stmt'vc.
Prover result is: Valid (0.01s, 8119 steps).

File "/home/fabrice/git/pycsl/scratchpad/tmp/.pycsl_y6og56hk.mlw", line 1570, characters 77-96:
Sub-goal array creation size of goal statementemissionmixin___handle_critical_section_stmt'vc.
Prover result is: Valid (0.02s, 7767 steps).

File "/home/fabrice/git/pycsl/scratchpad/tmp/.pycsl_y6og56hk.mlw", line 1493, characters 15-19:
Sub-goal postcondition of goal statementemissionmixin___handle_critical_section_stmt'vc.
Prover result is: Valid (0.01s, 8275 steps).

File "/home/fabrice/git/pycsl/scratchpad/tmp/.pycsl_y6og56hk.mlw", line 1493, characters 15-19:
Sub-goal postcondition of goal statementemissionmixin___handle_critical_section_stmt'vc.
Prover result is: Valid (0.02s, 8272 steps).

File "/home/fabrice/git/pycsl/scratchpad/tmp/.pycsl_y6og56hk.mlw", line 1493, characters 15-19:
Sub-goal postcondition of goal statementemissionmixin___handle_critical_section_stmt'vc.
Prover result is: Valid (0.02s, 7907 steps).

File "/home/fabrice/git/pycsl/scratchpad/tmp/.pycsl_y6og56hk.mlw", line 1493, characters 15-19:
Sub-goal postcondition of goal statementemissionmixin___handle_critical_section_stmt'vc.
Prover result is: Valid (0.02s, 7904 steps).

File "/home/fabrice/git/pycsl/scratchpad/tmp/.pycsl_y6og56hk.mlw", line 1493, characters 15-19:
Sub-goal postcondition of goal statementemissionmixin___handle_critical_section_stmt'vc.
Prover result is: Valid (0.01s, 8222 steps).

File "/home/fabrice/git/pycsl/scratchpad/tmp/.pycsl_y6og56hk.mlw", line 1493, characters 15-19:
Sub-goal postcondition of goal statementemissionmixin___handle_critical_section_stmt'vc.
Prover result is: Valid (0.01s, 8219 steps).

File "/home/fabrice/git/pycsl/scratchpad/tmp/.pycsl_y6og56hk.mlw", line 1493, characters 15-19:
Sub-goal postcondition of goal statementemissionmixin___handle_critical_section_stmt'vc.
Prover result is: Valid (0.02s, 7854 steps).

File "/home/fabrice/git/pycsl/scratchpad/tmp/.pycsl_y6og56hk.mlw", line 1493, characters 15-19:
Sub-goal postcondition of goal statementemissionmixin___handle_critical_section_stmt'vc.
Prover result is: Valid (0.01s, 7851 steps).

File "/home/fabrice/git/pycsl/scratchpad/tmp/.pycsl_y6og56hk.mlw", line 1570, characters 77-96:
Sub-goal array creation size of goal statementemissionmixin___handle_critical_section_stmt'vc.
Prover result is: Valid (0.02s, 14118 steps).

File "/home/fabrice/git/pycsl/scratchpad/tmp/.pycsl_y6og56hk.mlw", line 1493, characters 15-19:
Sub-goal postcondition of goal statementemissionmixin___handle_critical_section_stmt'vc.
Prover result is: Valid (0.02s, 15528 steps).

File "/home/fabrice/git/pycsl/scratchpad/tmp/.pycsl_y6og56hk.mlw", line 1493, characters 15-19:
Sub-goal postcondition of goal statementemissionmixin___handle_critical_section_stmt'vc.
Prover result is: Valid (0.02s, 15437 steps).

File "/home/fabrice/git/pycsl/scratchpad/tmp/.pycsl_y6og56hk.mlw", line 1493, characters 15-19:
Sub-goal postcondition of goal statementemissionmixin___handle_critical_section_stmt'vc.
Prover result is: Valid (0.01s, 14700 steps).

File "/home/fabrice/git/pycsl/scratchpad/tmp/.pycsl_y6og56hk.mlw", line 1493, characters 15-19:
Sub-goal postcondition of goal statementemissionmixin___handle_critical_section_stmt'vc.
Prover result is: Valid (0.02s, 14609 steps).

File "/home/fabrice/git/pycsl/scratchpad/tmp/.pycsl_y6og56hk.mlw", line 1493, characters 15-19:
Sub-goal postcondition of goal statementemissionmixin___handle_critical_section_stmt'vc.
Prover result is: Valid (0.02s, 8442 steps).

File "/home/fabrice/git/pycsl/scratchpad/tmp/.pycsl_y6og56hk.mlw", line 1493, characters 15-19:
Sub-goal postcondition of goal statementemissionmixin___handle_critical_section_stmt'vc.
Prover result is: Valid (0.01s, 8439 steps).

File "/home/fabrice/git/pycsl/scratchpad/tmp/.pycsl_y6og56hk.mlw", line 1493, characters 15-19:
Sub-goal postcondition of goal statementemissionmixin___handle_critical_section_stmt'vc.
Prover result is: Valid (0.01s, 8074 steps).

File "/home/fabrice/git/pycsl/scratchpad/tmp/.pycsl_y6og56hk.mlw", line 1493, characters 15-19:
Sub-goal postcondition of goal statementemissionmixin___handle_critical_section_stmt'vc.
Prover result is: Valid (0.01s, 8071 steps).

File "/home/fabrice/git/pycsl/scratchpad/tmp/.pycsl_y6og56hk.mlw", line 1570, characters 77-96:
Sub-goal array creation size of goal statementemissionmixin___handle_critical_section_stmt'vc.
Prover result is: Valid (0.02s, 14116 steps).

File "/home/fabrice/git/pycsl/scratchpad/tmp/.pycsl_y6og56hk.mlw", line 1493, characters 15-19:
Sub-goal postcondition of goal statementemissionmixin___handle_critical_section_stmt'vc.
Prover result is: Valid (0.02s, 15526 steps).

File "/home/fabrice/git/pycsl/scratchpad/tmp/.pycsl_y6og56hk.mlw", line 1493, characters 15-19:
Sub-goal postcondition of goal statementemissionmixin___handle_critical_section_stmt'vc.
Prover result is: Valid (0.02s, 15435 steps).

File "/home/fabrice/git/pycsl/scratchpad/tmp/.pycsl_y6og56hk.mlw", line 1493, characters 15-19:
Sub-goal postcondition of goal statementemissionmixin___handle_critical_section_stmt'vc.
Prover result is: Valid (0.02s, 14698 steps).

File "/home/fabrice/git/pycsl/scratchpad/tmp/.pycsl_y6og56hk.mlw", line 1493, characters 15-19:
Sub-goal postcondition of goal statementemissionmixin___handle_critical_section_stmt'vc.
Prover result is: Valid (0.02s, 14607 steps).

File "/home/fabrice/git/pycsl/scratchpad/tmp/.pycsl_y6og56hk.mlw", line 1493, characters 15-19:
Sub-goal postcondition of goal statementemissionmixin___handle_critical_section_stmt'vc.
Prover result is: Valid (0.01s, 8440 steps).

File "/home/fabrice/git/pycsl/scratchpad/tmp/.pycsl_y6og56hk.mlw", line 1493, characters 15-19:
Sub-goal postcondition of goal statementemissionmixin___handle_critical_section_stmt'vc.
Prover result is: Valid (0.01s, 8437 steps).

File "/home/fabrice/git/pycsl/scratchpad/tmp/.pycsl_y6og56hk.mlw", line 1493, characters 15-19:
Sub-goal postcondition of goal statementemissionmixin___handle_critical_section_stmt'vc.
Prover result is: Valid (0.02s, 8072 steps).

File "/home/fabrice/git/pycsl/scratchpad/tmp/.pycsl_y6og56hk.mlw", line 1493, characters 15-19:
Sub-goal postcondition of goal statementemissionmixin___handle_critical_section_stmt'vc.
Prover result is: Valid (0.02s, 8069 steps).

File "/home/fabrice/git/pycsl/scratchpad/tmp/.pycsl_y6og56hk.mlw", line 1570, characters 77-96:
Sub-goal array creation size of goal statementemissionmixin___handle_critical_section_stmt'vc.
Prover result is: Valid (0.01s, 7717 steps).

File "/home/fabrice/git/pycsl/scratchpad/tmp/.pycsl_y6og56hk.mlw", line 1493, characters 15-19:
Sub-goal postcondition of goal statementemissionmixin___handle_critical_section_stmt'vc.
Prover result is: Valid (0.02s, 8225 steps).

File "/home/fabrice/git/pycsl/scratchpad/tmp/.pycsl_y6og56hk.mlw", line 1493, characters 15-19:
Sub-goal postcondition of goal statementemissionmixin___handle_critical_section_stmt'vc.
Prover result is: Valid (0.02s, 8222 steps).

File "/home/fabrice/git/pycsl/scratchpad/tmp/.pycsl_y6og56hk.mlw", line 1493, characters 15-19:
Sub-goal postcondition of goal statementemissionmixin___handle_critical_section_stmt'vc.
Prover result is: Valid (0.01s, 7857 steps).

File "/home/fabrice/git/pycsl/scratchpad/tmp/.pycsl_y6og56hk.mlw", line 1493, characters 15-19:
Sub-goal postcondition of goal statementemissionmixin___handle_critical_section_stmt'vc.
Prover result is: Valid (0.01s, 7854 steps).

File "/home/fabrice/git/pycsl/scratchpad/tmp/.pycsl_y6og56hk.mlw", line 1493, characters 15-19:
Sub-goal postcondition of goal statementemissionmixin___handle_critical_section_stmt'vc.
Prover result is: Valid (0.02s, 8172 steps).

File "/home/fabrice/git/pycsl/scratchpad/tmp/.pycsl_y6og56hk.mlw", line 1493, characters 15-19:
Sub-goal postcondition of goal statementemissionmixin___handle_critical_section_stmt'vc.
Prover result is: Valid (0.01s, 8169 steps).

File "/home/fabrice/git/pycsl/scratchpad/tmp/.pycsl_y6og56hk.mlw", line 1493, characters 15-19:
Sub-goal postcondition of goal statementemissionmixin___handle_critical_section_stmt'vc.
Prover result is: Valid (0.01s, 7804 steps).

File "/home/fabrice/git/pycsl/scratchpad/tmp/.pycsl_y6og56hk.mlw", line 1493, characters 15-19:
Sub-goal postcondition of goal statementemissionmixin___handle_critical_section_stmt'vc.
Prover result is: Valid (0.01s, 7801 steps).

File "/home/fabrice/git/pycsl/scratchpad/tmp/.pycsl_y6og56hk.mlw", line 1570, characters 77-96:
Sub-goal array creation size of goal statementemissionmixin___handle_critical_section_stmt'vc.
Prover result is: Valid (0.02s, 14148 steps).

File "/home/fabrice/git/pycsl/scratchpad/tmp/.pycsl_y6og56hk.mlw", line 1493, characters 15-19:
Sub-goal postcondition of goal statementemissionmixin___handle_critical_section_stmt'vc.
Prover result is: Valid (0.02s, 15558 steps).

File "/home/fabrice/git/pycsl/scratchpad/tmp/.pycsl_y6og56hk.mlw", line 1493, characters 15-19:
Sub-goal postcondition of goal statementemissionmixin___handle_critical_section_stmt'vc.
Prover result is: Valid (0.02s, 15467 steps).

File "/home/fabrice/git/pycsl/scratchpad/tmp/.pycsl_y6og56hk.mlw", line 1493, characters 15-19:
Sub-goal postcondition of goal statementemissionmixin___handle_critical_section_stmt'vc.
Prover result is: Valid (0.02s, 14730 steps).

File "/home/fabrice/git/pycsl/scratchpad/tmp/.pycsl_y6og56hk.mlw", line 1493, characters 15-19:
Sub-goal postcondition of goal statementemissionmixin___handle_critical_section_stmt'vc.
Prover result is: Valid (0.01s, 14639 steps).

File "/home/fabrice/git/pycsl/scratchpad/tmp/.pycsl_y6og56hk.mlw", line 1493, characters 15-19:
Sub-goal postcondition of goal statementemissionmixin___handle_critical_section_stmt'vc.
Prover result is: Valid (0.01s, 8458 steps).

File "/home/fabrice/git/pycsl/scratchpad/tmp/.pycsl_y6og56hk.mlw", line 1493, characters 15-19:
Sub-goal postcondition of goal statementemissionmixin___handle_critical_section_stmt'vc.
Prover result is: Valid (0.02s, 8455 steps).

File "/home/fabrice/git/pycsl/scratchpad/tmp/.pycsl_y6og56hk.mlw", line 1493, characters 15-19:
Sub-goal postcondition of goal statementemissionmixin___handle_critical_section_stmt'vc.
Prover result is: Valid (0.01s, 8090 steps).

File "/home/fabrice/git/pycsl/scratchpad/tmp/.pycsl_y6og56hk.mlw", line 1493, characters 15-19:
Sub-goal postcondition of goal statementemissionmixin___handle_critical_section_stmt'vc.
Prover result is: Valid (0.02s, 8087 steps).

File "/home/fabrice/git/pycsl/scratchpad/tmp/.pycsl_y6og56hk.mlw", line 1570, characters 77-96:
Sub-goal array creation size of goal statementemissionmixin___handle_critical_section_stmt'vc.
Prover result is: Valid (0.02s, 14146 steps).

File "/home/fabrice/git/pycsl/scratchpad/tmp/.pycsl_y6og56hk.mlw", line 1493, characters 15-19:
Sub-goal postcondition of goal statementemissionmixin___handle_critical_section_stmt'vc.
Prover result is: Valid (0.02s, 15556 steps).

File "/home/fabrice/git/pycsl/scratchpad/tmp/.pycsl_y6og56hk.mlw", line 1493, characters 15-19:
Sub-goal postcondition of goal statementemissionmixin___handle_critical_section_stmt'vc.
Prover result is: Valid (0.02s, 15465 steps).

File "/home/fabrice/git/pycsl/scratchpad/tmp/.pycsl_y6og56hk.mlw", line 1493, characters 15-19:
Sub-goal postcondition of goal statementemissionmixin___handle_critical_section_stmt'vc.
Prover result is: Valid (0.02s, 14728 steps).

File "/home/fabrice/git/pycsl/scratchpad/tmp/.pycsl_y6og56hk.mlw", line 1493, characters 15-19:
Sub-goal postcondition of goal statementemissionmixin___handle_critical_section_stmt'vc.
Prover result is: Valid (0.02s, 14637 steps).

File "/home/fabrice/git/pycsl/scratchpad/tmp/.pycsl_y6og56hk.mlw", line 1493, characters 15-19:
Sub-goal postcondition of goal statementemissionmixin___handle_critical_section_stmt'vc.
Prover result is: Valid (0.01s, 8456 steps).

File "/home/fabrice/git/pycsl/scratchpad/tmp/.pycsl_y6og56hk.mlw", line 1493, characters 15-19:
Sub-goal postcondition of goal statementemissionmixin___handle_critical_section_stmt'vc.
Prover result is: Valid (0.01s, 8453 steps).

File "/home/fabrice/git/pycsl/scratchpad/tmp/.pycsl_y6og56hk.mlw", line 1493, characters 15-19:
Sub-goal postcondition of goal statementemissionmixin___handle_critical_section_stmt'vc.
Prover result is: Valid (0.02s, 8088 steps).

File "/home/fabrice/git/pycsl/scratchpad/tmp/.pycsl_y6og56hk.mlw", line 1493, characters 15-19:
Sub-goal postcondition of goal statementemissionmixin___handle_critical_section_stmt'vc.
Prover result is: Valid (0.01s, 8085 steps).

File "/home/fabrice/git/pycsl/scratchpad/tmp/.pycsl_y6og56hk.mlw", line 1570, characters 77-96:
Sub-goal array creation size of goal statementemissionmixin___handle_critical_section_stmt'vc.
Prover result is: Valid (0.02s, 7733 steps).

File "/home/fabrice/git/pycsl/scratchpad/tmp/.pycsl_y6og56hk.mlw", line 1493, characters 15-19:
Sub-goal postcondition of goal statementemissionmixin___handle_critical_section_stmt'vc.
Prover result is: Valid (0.01s, 8241 steps).

File "/home/fabrice/git/pycsl/scratchpad/tmp/.pycsl_y6og56hk.mlw", line 1493, characters 15-19:
Sub-goal postcondition of goal statementemissionmixin___handle_critical_section_stmt'vc.
Prover result is: Valid (0.01s, 8238 steps).

File "/home/fabrice/git/pycsl/scratchpad/tmp/.pycsl_y6og56hk.mlw", line 1493, characters 15-19:
Sub-goal postcondition of goal statementemissionmixin___handle_critical_section_stmt'vc.
Prover result is: Valid (0.01s, 7873 steps).

File "/home/fabrice/git/pycsl/scratchpad/tmp/.pycsl_y6og56hk.mlw", line 1493, characters 15-19:
Sub-goal postcondition of goal statementemissionmixin___handle_critical_section_stmt'vc.
Prover result is: Valid (0.01s, 7870 steps).

File "/home/fabrice/git/pycsl/scratchpad/tmp/.pycsl_y6og56hk.mlw", line 1493, characters 15-19:
Sub-goal postcondition of goal statementemissionmixin___handle_critical_section_stmt'vc.
Prover result is: Valid (0.01s, 8188 steps).

File "/home/fabrice/git/pycsl/scratchpad/tmp/.pycsl_y6og56hk.mlw", line 1493, characters 15-19:
Sub-goal postcondition of goal statementemissionmixin___handle_critical_section_stmt'vc.
Prover result is: Valid (0.01s, 8185 steps).

File "/home/fabrice/git/pycsl/scratchpad/tmp/.pycsl_y6og56hk.mlw", line 1493, characters 15-19:
Sub-goal postcondition of goal statementemissionmixin___handle_critical_section_stmt'vc.
Prover result is: Valid (0.01s, 7820 steps).

File "/home/fabrice/git/pycsl/scratchpad/tmp/.pycsl_y6og56hk.mlw", line 1493, characters 15-19:
Sub-goal postcondition of goal statementemissionmixin___handle_critical_section_stmt'vc.
Prover result is: Valid (0.02s, 7817 steps).

File "/home/fabrice/git/pycsl/scratchpad/tmp/.pycsl_y6og56hk.mlw", line 1570, characters 77-96:
Sub-goal array creation size of goal statementemissionmixin___handle_critical_section_stmt'vc.
Prover result is: Valid (0.02s, 14056 steps).

File "/home/fabrice/git/pycsl/scratchpad/tmp/.pycsl_y6og56hk.mlw", line 1493, characters 15-19:
Sub-goal postcondition of goal statementemissionmixin___handle_critical_section_stmt'vc.
Prover result is: Valid (0.02s, 15466 steps).

File "/home/fabrice/git/pycsl/scratchpad/tmp/.pycsl_y6og56hk.mlw", line 1493, characters 15-19:
Sub-goal postcondition of goal statementemissionmixin___handle_critical_section_stmt'vc.
Prover result is: Valid (0.02s, 15375 steps).

File "/home/fabrice/git/pycsl/scratchpad/tmp/.pycsl_y6og56hk.mlw", line 1493, characters 15-19:
Sub-goal postcondition of goal statementemissionmixin___handle_critical_section_stmt'vc.
Prover result is: Valid (0.02s, 14638 steps).

File "/home/fabrice/git/pycsl/scratchpad/tmp/.pycsl_y6og56hk.mlw", line 1493, characters 15-19:
Sub-goal postcondition of goal statementemissionmixin___handle_critical_section_stmt'vc.
Prover result is: Valid (0.02s, 14547 steps).

File "/home/fabrice/git/pycsl/scratchpad/tmp/.pycsl_y6og56hk.mlw", line 1493, characters 15-19:
Sub-goal postcondition of goal statementemissionmixin___handle_critical_section_stmt'vc.
Prover result is: Valid (0.02s, 8408 steps).

File "/home/fabrice/git/pycsl/scratchpad/tmp/.pycsl_y6og56hk.mlw", line 1493, characters 15-19:
Sub-goal postcondition of goal statementemissionmixin___handle_critical_section_stmt'vc.
Prover result is: Valid (0.02s, 8405 steps).

File "/home/fabrice/git/pycsl/scratchpad/tmp/.pycsl_y6og56hk.mlw", line 1493, characters 15-19:
Sub-goal postcondition of goal statementemissionmixin___handle_critical_section_stmt'vc.
Prover result is: Valid (0.01s, 8040 steps).

File "/home/fabrice/git/pycsl/scratchpad/tmp/.pycsl_y6og56hk.mlw", line 1493, characters 15-19:
Sub-goal postcondition of goal statementemissionmixin___handle_critical_section_stmt'vc.
Prover result is: Valid (0.01s, 8037 steps).

File "/home/fabrice/git/pycsl/scratchpad/tmp/.pycsl_y6og56hk.mlw", line 1570, characters 77-96:
Sub-goal array creation size of goal statementemissionmixin___handle_critical_section_stmt'vc.
Prover result is: Valid (0.01s, 14054 steps).

File "/home/fabrice/git/pycsl/scratchpad/tmp/.pycsl_y6og56hk.mlw", line 1493, characters 15-19:
Sub-goal postcondition of goal statementemissionmixin___handle_critical_section_stmt'vc.
Prover result is: Valid (0.02s, 15464 steps).

File "/home/fabrice/git/pycsl/scratchpad/tmp/.pycsl_y6og56hk.mlw", line 1493, characters 15-19:
Sub-goal postcondition of goal statementemissionmixin___handle_critical_section_stmt'vc.
Prover result is: Valid (0.02s, 15373 steps).

File "/home/fabrice/git/pycsl/scratchpad/tmp/.pycsl_y6og56hk.mlw", line 1493, characters 15-19:
Sub-goal postcondition of goal statementemissionmixin___handle_critical_section_stmt'vc.
Prover result is: Valid (0.02s, 14636 steps).

File "/home/fabrice/git/pycsl/scratchpad/tmp/.pycsl_y6og56hk.mlw", line 1493, characters 15-19:
Sub-goal postcondition of goal statementemissionmixin___handle_critical_section_stmt'vc.
Prover result is: Valid (0.02s, 14545 steps).

File "/home/fabrice/git/pycsl/scratchpad/tmp/.pycsl_y6og56hk.mlw", line 1493, characters 15-19:
Sub-goal postcondition of goal statementemissionmixin___handle_critical_section_stmt'vc.
Prover result is: Valid (0.02s, 8406 steps).

File "/home/fabrice/git/pycsl/scratchpad/tmp/.pycsl_y6og56hk.mlw", line 1493, characters 15-19:
Sub-goal postcondition of goal statementemissionmixin___handle_critical_section_stmt'vc.
Prover result is: Valid (0.01s, 8403 steps).

File "/home/fabrice/git/pycsl/scratchpad/tmp/.pycsl_y6og56hk.mlw", line 1493, characters 15-19:
Sub-goal postcondition of goal statementemissionmixin___handle_critical_section_stmt'vc.
Prover result is: Valid (0.01s, 8038 steps).

File "/home/fabrice/git/pycsl/scratchpad/tmp/.pycsl_y6og56hk.mlw", line 1493, characters 15-19:
Sub-goal postcondition of goal statementemissionmixin___handle_critical_section_stmt'vc.
Prover result is: Valid (0.01s, 8035 steps).

File "/home/fabrice/git/pycsl/scratchpad/tmp/.pycsl_y6og56hk.mlw", line 1570, characters 77-96:
Sub-goal array creation size of goal statementemissionmixin___handle_critical_section_stmt'vc.
Prover result is: Valid (0.02s, 7683 steps).

File "/home/fabrice/git/pycsl/scratchpad/tmp/.pycsl_y6og56hk.mlw", line 1493, characters 15-19:
Sub-goal postcondition of goal statementemissionmixin___handle_critical_section_stmt'vc.
Prover result is: Valid (0.02s, 8191 steps).

File "/home/fabrice/git/pycsl/scratchpad/tmp/.pycsl_y6og56hk.mlw", line 1493, characters 15-19:
Sub-goal postcondition of goal statementemissionmixin___handle_critical_section_stmt'vc.
Prover result is: Valid (0.01s, 8188 steps).

File "/home/fabrice/git/pycsl/scratchpad/tmp/.pycsl_y6og56hk.mlw", line 1493, characters 15-19:
Sub-goal postcondition of goal statementemissionmixin___handle_critical_section_stmt'vc.
Prover result is: Valid (0.01s, 7823 steps).

File "/home/fabrice/git/pycsl/scratchpad/tmp/.pycsl_y6og56hk.mlw", line 1493, characters 15-19:
Sub-goal postcondition of goal statementemissionmixin___handle_critical_section_stmt'vc.
Prover result is: Valid (0.01s, 7820 steps).

File "/home/fabrice/git/pycsl/scratchpad/tmp/.pycsl_y6og56hk.mlw", line 1493, characters 15-19:
Sub-goal postcondition of goal statementemissionmixin___handle_critical_section_stmt'vc.
Prover result is: Valid (0.02s, 8138 steps).

File "/home/fabrice/git/pycsl/scratchpad/tmp/.pycsl_y6og56hk.mlw", line 1493, characters 15-19:
Sub-goal postcondition of goal statementemissionmixin___handle_critical_section_stmt'vc.
Prover result is: Valid (0.02s, 8135 steps).

File "/home/fabrice/git/pycsl/scratchpad/tmp/.pycsl_y6og56hk.mlw", line 1493, characters 15-19:
Sub-goal postcondition of goal statementemissionmixin___handle_critical_section_stmt'vc.
Prover result is: Valid (0.01s, 7770 steps).

File "/home/fabrice/git/pycsl/scratchpad/tmp/.pycsl_y6og56hk.mlw", line 1493, characters 15-19:
Sub-goal postcondition of goal statementemissionmixin___handle_critical_section_stmt'vc.
Prover result is: Valid (0.02s, 7767 steps).

File "/home/fabrice/git/pycsl/scratchpad/tmp/.pycsl_y6og56hk.mlw", line 1570, characters 77-96:
Sub-goal array creation size of goal statementemissionmixin___handle_critical_section_stmt'vc.
Prover result is: Valid (0.02s, 12736 steps).

File "/home/fabrice/git/pycsl/scratchpad/tmp/.pycsl_y6og56hk.mlw", line 1493, characters 15-19:
Sub-goal postcondition of goal statementemissionmixin___handle_critical_section_stmt'vc.
Prover result is: Valid (0.02s, 14142 steps).

File "/home/fabrice/git/pycsl/scratchpad/tmp/.pycsl_y6og56hk.mlw", line 1493, characters 15-19:
Sub-goal postcondition of goal statementemissionmixin___handle_critical_section_stmt'vc.
Prover result is: Valid (0.02s, 14051 steps).

File "/home/fabrice/git/pycsl/scratchpad/tmp/.pycsl_y6og56hk.mlw", line 1493, characters 15-19:
Sub-goal postcondition of goal statementemissionmixin___handle_critical_section_stmt'vc.
Prover result is: Valid (0.02s, 13314 steps).

File "/home/fabrice/git/pycsl/scratchpad/tmp/.pycsl_y6og56hk.mlw", line 1493, characters 15-19:
Sub-goal postcondition of goal statementemissionmixin___handle_critical_section_stmt'vc.
Prover result is: Valid (0.01s, 13223 steps).

File "/home/fabrice/git/pycsl/scratchpad/tmp/.pycsl_y6og56hk.mlw", line 1493, characters 15-19:
Sub-goal postcondition of goal statementemissionmixin___handle_critical_section_stmt'vc.
Prover result is: Valid (0.01s, 7694 steps).

File "/home/fabrice/git/pycsl/scratchpad/tmp/.pycsl_y6og56hk.mlw", line 1493, characters 15-19:
Sub-goal postcondition of goal statementemissionmixin___handle_critical_section_stmt'vc.
Prover result is: Valid (0.01s, 7691 steps).

File "/home/fabrice/git/pycsl/scratchpad/tmp/.pycsl_y6og56hk.mlw", line 1493, characters 15-19:
Sub-goal postcondition of goal statementemissionmixin___handle_critical_section_stmt'vc.
Prover result is: Valid (0.02s, 7326 steps).

File "/home/fabrice/git/pycsl/scratchpad/tmp/.pycsl_y6og56hk.mlw", line 1493, characters 15-19:
Sub-goal postcondition of goal statementemissionmixin___handle_critical_section_stmt'vc.
Prover result is: Valid (0.01s, 7323 steps).

File "/home/fabrice/git/pycsl/scratchpad/tmp/.pycsl_y6og56hk.mlw", line 1570, characters 77-96:
Sub-goal array creation size of goal statementemissionmixin___handle_critical_section_stmt'vc.
Prover result is: Valid (0.02s, 12734 steps).

File "/home/fabrice/git/pycsl/scratchpad/tmp/.pycsl_y6og56hk.mlw", line 1493, characters 15-19:
Sub-goal postcondition of goal statementemissionmixin___handle_critical_section_stmt'vc.
Prover result is: Valid (0.02s, 14140 steps).

File "/home/fabrice/git/pycsl/scratchpad/tmp/.pycsl_y6og56hk.mlw", line 1493, characters 15-19:
Sub-goal postcondition of goal statementemissionmixin___handle_critical_section_stmt'vc.
Prover result is: Valid (0.02s, 14049 steps).

File "/home/fabrice/git/pycsl/scratchpad/tmp/.pycsl_y6og56hk.mlw", line 1493, characters 15-19:
Sub-goal postcondition of goal statementemissionmixin___handle_critical_section_stmt'vc.
Prover result is: Valid (0.02s, 13312 steps).

File "/home/fabrice/git/pycsl/scratchpad/tmp/.pycsl_y6og56hk.mlw", line 1493, characters 15-19:
Sub-goal postcondition of goal statementemissionmixin___handle_critical_section_stmt'vc.
Prover result is: Valid (0.02s, 13221 steps).

File "/home/fabrice/git/pycsl/scratchpad/tmp/.pycsl_y6og56hk.mlw", line 1493, characters 15-19:
Sub-goal postcondition of goal statementemissionmixin___handle_critical_section_stmt'vc.
Prover result is: Valid (0.01s, 7692 steps).

File "/home/fabrice/git/pycsl/scratchpad/tmp/.pycsl_y6og56hk.mlw", line 1493, characters 15-19:
Sub-goal postcondition of goal statementemissionmixin___handle_critical_section_stmt'vc.
Prover result is: Valid (0.01s, 7689 steps).

File "/home/fabrice/git/pycsl/scratchpad/tmp/.pycsl_y6og56hk.mlw", line 1493, characters 15-19:
Sub-goal postcondition of goal statementemissionmixin___handle_critical_section_stmt'vc.
Prover result is: Valid (0.02s, 7324 steps).

File "/home/fabrice/git/pycsl/scratchpad/tmp/.pycsl_y6og56hk.mlw", line 1493, characters 15-19:
Sub-goal postcondition of goal statementemissionmixin___handle_critical_section_stmt'vc.
Prover result is: Valid (0.02s, 7321 steps).

File "/home/fabrice/git/pycsl/scratchpad/tmp/.pycsl_y6og56hk.mlw", line 1570, characters 77-96:
Sub-goal array creation size of goal statementemissionmixin___handle_critical_section_stmt'vc.
Prover result is: Valid (0.01s, 6969 steps).

File "/home/fabrice/git/pycsl/scratchpad/tmp/.pycsl_y6og56hk.mlw", line 1493, characters 15-19:
Sub-goal postcondition of goal statementemissionmixin___handle_critical_section_stmt'vc.
Prover result is: Valid (0.01s, 7477 steps).

File "/home/fabrice/git/pycsl/scratchpad/tmp/.pycsl_y6og56hk.mlw", line 1493, characters 15-19:
Sub-goal postcondition of goal statementemissionmixin___handle_critical_section_stmt'vc.
Prover result is: Valid (0.01s, 7474 steps).

File "/home/fabrice/git/pycsl/scratchpad/tmp/.pycsl_y6og56hk.mlw", line 1493, characters 15-19:
Sub-goal postcondition of goal statementemissionmixin___handle_critical_section_stmt'vc.
Prover result is: Valid (0.01s, 7109 steps).

File "/home/fabrice/git/pycsl/scratchpad/tmp/.pycsl_y6og56hk.mlw", line 1493, characters 15-19:
Sub-goal postcondition of goal statementemissionmixin___handle_critical_section_stmt'vc.
Prover result is: Valid (0.02s, 7106 steps).

File "/home/fabrice/git/pycsl/scratchpad/tmp/.pycsl_y6og56hk.mlw", line 1493, characters 15-19:
Sub-goal postcondition of goal statementemissionmixin___handle_critical_section_stmt'vc.
Prover result is: Valid (0.02s, 7424 steps).

File "/home/fabrice/git/pycsl/scratchpad/tmp/.pycsl_y6og56hk.mlw", line 1493, characters 15-19:
Sub-goal postcondition of goal statementemissionmixin___handle_critical_section_stmt'vc.
Prover result is: Valid (0.01s, 7421 steps).

File "/home/fabrice/git/pycsl/scratchpad/tmp/.pycsl_y6og56hk.mlw", line 1493, characters 15-19:
Sub-goal postcondition of goal statementemissionmixin___handle_critical_section_stmt'vc.
Prover result is: Valid (0.01s, 7056 steps).

File "/home/fabrice/git/pycsl/scratchpad/tmp/.pycsl_y6og56hk.mlw", line 1493, characters 15-19:
Sub-goal postcondition of goal statementemissionmixin___handle_critical_section_stmt'vc.
Prover result is: Valid (0.01s, 7053 steps).

File "/home/fabrice/git/pycsl/scratchpad/tmp/.pycsl_y6og56hk.mlw", line 1570, characters 77-96:
Sub-goal array creation size of goal statementemissionmixin___handle_critical_section_stmt'vc.
Prover result is: Valid (0.02s, 12644 steps).

File "/home/fabrice/git/pycsl/scratchpad/tmp/.pycsl_y6og56hk.mlw", line 1493, characters 15-19:
Sub-goal postcondition of goal statementemissionmixin___handle_critical_section_stmt'vc.
Prover result is: Valid (0.02s, 14050 steps).

File "/home/fabrice/git/pycsl/scratchpad/tmp/.pycsl_y6og56hk.mlw", line 1493, characters 15-19:
Sub-goal postcondition of goal statementemissionmixin___handle_critical_section_stmt'vc.
Prover result is: Valid (0.01s, 13959 steps).

File "/home/fabrice/git/pycsl/scratchpad/tmp/.pycsl_y6og56hk.mlw", line 1493, characters 15-19:
Sub-goal postcondition of goal statementemissionmixin___handle_critical_section_stmt'vc.
Prover result is: Valid (0.02s, 13222 steps).

File "/home/fabrice/git/pycsl/scratchpad/tmp/.pycsl_y6og56hk.mlw", line 1493, characters 15-19:
Sub-goal postcondition of goal statementemissionmixin___handle_critical_section_stmt'vc.
Prover result is: Valid (0.01s, 13131 steps).

File "/home/fabrice/git/pycsl/scratchpad/tmp/.pycsl_y6og56hk.mlw", line 1493, characters 15-19:
Sub-goal postcondition of goal statementemissionmixin___handle_critical_section_stmt'vc.
Prover result is: Valid (0.02s, 7644 steps).

File "/home/fabrice/git/pycsl/scratchpad/tmp/.pycsl_y6og56hk.mlw", line 1493, characters 15-19:
Sub-goal postcondition of goal statementemissionmixin___handle_critical_section_stmt'vc.
Prover result is: Valid (0.01s, 7641 steps).

File "/home/fabrice/git/pycsl/scratchpad/tmp/.pycsl_y6og56hk.mlw", line 1493, characters 15-19:
Sub-goal postcondition of goal statementemissionmixin___handle_critical_section_stmt'vc.
Prover result is: Valid (0.01s, 7276 steps).

File "/home/fabrice/git/pycsl/scratchpad/tmp/.pycsl_y6og56hk.mlw", line 1493, characters 15-19:
Sub-goal postcondition of goal statementemissionmixin___handle_critical_section_stmt'vc.
Prover result is: Valid (0.02s, 7273 steps).

File "/home/fabrice/git/pycsl/scratchpad/tmp/.pycsl_y6og56hk.mlw", line 1570, characters 77-96:
Sub-goal array creation size of goal statementemissionmixin___handle_critical_section_stmt'vc.
Prover result is: Valid (0.01s, 12642 steps).

File "/home/fabrice/git/pycsl/scratchpad/tmp/.pycsl_y6og56hk.mlw", line 1493, characters 15-19:
Sub-goal postcondition of goal statementemissionmixin___handle_critical_section_stmt'vc.
Prover result is: Valid (0.02s, 14048 steps).

File "/home/fabrice/git/pycsl/scratchpad/tmp/.pycsl_y6og56hk.mlw", line 1493, characters 15-19:
Sub-goal postcondition of goal statementemissionmixin___handle_critical_section_stmt'vc.
Prover result is: Valid (0.02s, 13957 steps).

File "/home/fabrice/git/pycsl/scratchpad/tmp/.pycsl_y6og56hk.mlw", line 1493, characters 15-19:
Sub-goal postcondition of goal statementemissionmixin___handle_critical_section_stmt'vc.
Prover result is: Valid (0.01s, 13220 steps).

File "/home/fabrice/git/pycsl/scratchpad/tmp/.pycsl_y6og56hk.mlw", line 1493, characters 15-19:
Sub-goal postcondition of goal statementemissionmixin___handle_critical_section_stmt'vc.
Prover result is: Valid (0.02s, 13129 steps).

File "/home/fabrice/git/pycsl/scratchpad/tmp/.pycsl_y6og56hk.mlw", line 1493, characters 15-19:
Sub-goal postcondition of goal statementemissionmixin___handle_critical_section_stmt'vc.
Prover result is: Valid (0.01s, 7642 steps).

File "/home/fabrice/git/pycsl/scratchpad/tmp/.pycsl_y6og56hk.mlw", line 1493, characters 15-19:
Sub-goal postcondition of goal statementemissionmixin___handle_critical_section_stmt'vc.
Prover result is: Valid (0.02s, 7639 steps).

File "/home/fabrice/git/pycsl/scratchpad/tmp/.pycsl_y6og56hk.mlw", line 1493, characters 15-19:
Sub-goal postcondition of goal statementemissionmixin___handle_critical_section_stmt'vc.
Prover result is: Valid (0.01s, 7274 steps).

File "/home/fabrice/git/pycsl/scratchpad/tmp/.pycsl_y6og56hk.mlw", line 1493, characters 15-19:
Sub-goal postcondition of goal statementemissionmixin___handle_critical_section_stmt'vc.
Prover result is: Valid (0.01s, 7271 steps).

File "/home/fabrice/git/pycsl/scratchpad/tmp/.pycsl_y6og56hk.mlw", line 1570, characters 77-96:
Sub-goal array creation size of goal statementemissionmixin___handle_critical_section_stmt'vc.
Prover result is: Valid (0.01s, 6919 steps).

File "/home/fabrice/git/pycsl/scratchpad/tmp/.pycsl_y6og56hk.mlw", line 1493, characters 15-19:
Sub-goal postcondition of goal statementemissionmixin___handle_critical_section_stmt'vc.
Prover result is: Valid (0.01s, 7427 steps).

File "/home/fabrice/git/pycsl/scratchpad/tmp/.pycsl_y6og56hk.mlw", line 1493, characters 15-19:
Sub-goal postcondition of goal statementemissionmixin___handle_critical_section_stmt'vc.
Prover result is: Valid (0.01s, 7424 steps).

File "/home/fabrice/git/pycsl/scratchpad/tmp/.pycsl_y6og56hk.mlw", line 1493, characters 15-19:
Sub-goal postcondition of goal statementemissionmixin___handle_critical_section_stmt'vc.
Prover result is: Valid (0.01s, 7059 steps).

File "/home/fabrice/git/pycsl/scratchpad/tmp/.pycsl_y6og56hk.mlw", line 1493, characters 15-19:
Sub-goal postcondition of goal statementemissionmixin___handle_critical_section_stmt'vc.
Prover result is: Valid (0.01s, 7056 steps).

File "/home/fabrice/git/pycsl/scratchpad/tmp/.pycsl_y6og56hk.mlw", line 1493, characters 15-19:
Sub-goal postcondition of goal statementemissionmixin___handle_critical_section_stmt'vc.
Prover result is: Valid (0.01s, 7374 steps).

File "/home/fabrice/git/pycsl/scratchpad/tmp/.pycsl_y6og56hk.mlw", line 1493, characters 15-19:
Sub-goal postcondition of goal statementemissionmixin___handle_critical_section_stmt'vc.
Prover result is: Valid (0.02s, 7371 steps).

File "/home/fabrice/git/pycsl/scratchpad/tmp/.pycsl_y6og56hk.mlw", line 1493, characters 15-19:
Sub-goal postcondition of goal statementemissionmixin___handle_critical_section_stmt'vc.
Prover result is: Valid (0.01s, 7006 steps).

File "/home/fabrice/git/pycsl/scratchpad/tmp/.pycsl_y6og56hk.mlw", line 1493, characters 15-19:
Sub-goal postcondition of goal statementemissionmixin___handle_critical_section_stmt'vc.
Prover result is: Valid (0.01s, 7003 steps).

File "/home/fabrice/git/pycsl/scratchpad/tmp/.pycsl_y6og56hk.mlw", line 1570, characters 77-96:
Sub-goal array creation size of goal statementemissionmixin___handle_critical_section_stmt'vc.
Prover result is: Valid (0.01s, 12674 steps).

File "/home/fabrice/git/pycsl/scratchpad/tmp/.pycsl_y6og56hk.mlw", line 1493, characters 15-19:
Sub-goal postcondition of goal statementemissionmixin___handle_critical_section_stmt'vc.
Prover result is: Valid (0.02s, 14080 steps).

File "/home/fabrice/git/pycsl/scratchpad/tmp/.pycsl_y6og56hk.mlw", line 1493, characters 15-19:
Sub-goal postcondition of goal statementemissionmixin___handle_critical_section_stmt'vc.
Prover result is: Valid (0.02s, 13989 steps).

File "/home/fabrice/git/pycsl/scratchpad/tmp/.pycsl_y6og56hk.mlw", line 1493, characters 15-19:
Sub-goal postcondition of goal statementemissionmixin___handle_critical_section_stmt'vc.
Prover result is: Valid (0.02s, 13252 steps).

File "/home/fabrice/git/pycsl/scratchpad/tmp/.pycsl_y6og56hk.mlw", line 1493, characters 15-19:
Sub-goal postcondition of goal statementemissionmixin___handle_critical_section_stmt'vc.
Prover result is: Valid (0.02s, 13161 steps).

File "/home/fabrice/git/pycsl/scratchpad/tmp/.pycsl_y6og56hk.mlw", line 1493, characters 15-19:
Sub-goal postcondition of goal statementemissionmixin___handle_critical_section_stmt'vc.
Prover result is: Valid (0.02s, 7660 steps).

File "/home/fabrice/git/pycsl/scratchpad/tmp/.pycsl_y6og56hk.mlw", line 1493, characters 15-19:
Sub-goal postcondition of goal statementemissionmixin___handle_critical_section_stmt'vc.
Prover result is: Valid (0.02s, 7657 steps).

File "/home/fabrice/git/pycsl/scratchpad/tmp/.pycsl_y6og56hk.mlw", line 1493, characters 15-19:
Sub-goal postcondition of goal statementemissionmixin___handle_critical_section_stmt'vc.
Prover result is: Valid (0.02s, 7292 steps).

File "/home/fabrice/git/pycsl/scratchpad/tmp/.pycsl_y6og56hk.mlw", line 1493, characters 15-19:
Sub-goal postcondition of goal statementemissionmixin___handle_critical_section_stmt'vc.
Prover result is: Valid (0.01s, 7289 steps).

File "/home/fabrice/git/pycsl/scratchpad/tmp/.pycsl_y6og56hk.mlw", line 1570, characters 77-96:
Sub-goal array creation size of goal statementemissionmixin___handle_critical_section_stmt'vc.
Prover result is: Valid (0.01s, 12672 steps).

File "/home/fabrice/git/pycsl/scratchpad/tmp/.pycsl_y6og56hk.mlw", line 1493, characters 15-19:
Sub-goal postcondition of goal statementemissionmixin___handle_critical_section_stmt'vc.
Prover result is: Valid (0.02s, 14078 steps).

File "/home/fabrice/git/pycsl/scratchpad/tmp/.pycsl_y6og56hk.mlw", line 1493, characters 15-19:
Sub-goal postcondition of goal statementemissionmixin___handle_critical_section_stmt'vc.
Prover result is: Valid (0.02s, 13987 steps).

File "/home/fabrice/git/pycsl/scratchpad/tmp/.pycsl_y6og56hk.mlw", line 1493, characters 15-19:
Sub-goal postcondition of goal statementemissionmixin___handle_critical_section_stmt'vc.
Prover result is: Valid (0.02s, 13250 steps).

File "/home/fabrice/git/pycsl/scratchpad/tmp/.pycsl_y6og56hk.mlw", line 1493, characters 15-19:
Sub-goal postcondition of goal statementemissionmixin___handle_critical_section_stmt'vc.
Prover result is: Valid (0.02s, 13159 steps).

File "/home/fabrice/git/pycsl/scratchpad/tmp/.pycsl_y6og56hk.mlw", line 1493, characters 15-19:
Sub-goal postcondition of goal statementemissionmixin___handle_critical_section_stmt'vc.
Prover result is: Valid (0.01s, 7658 steps).

File "/home/fabrice/git/pycsl/scratchpad/tmp/.pycsl_y6og56hk.mlw", line 1493, characters 15-19:
Sub-goal postcondition of goal statementemissionmixin___handle_critical_section_stmt'vc.
Prover result is: Valid (0.02s, 7655 steps).

File "/home/fabrice/git/pycsl/scratchpad/tmp/.pycsl_y6og56hk.mlw", line 1493, characters 15-19:
Sub-goal postcondition of goal statementemissionmixin___handle_critical_section_stmt'vc.
Prover result is: Valid (0.01s, 7290 steps).

File "/home/fabrice/git/pycsl/scratchpad/tmp/.pycsl_y6og56hk.mlw", line 1493, characters 15-19:
Sub-goal postcondition of goal statementemissionmixin___handle_critical_section_stmt'vc.
Prover result is: Valid (0.02s, 7287 steps).

File "/home/fabrice/git/pycsl/scratchpad/tmp/.pycsl_y6og56hk.mlw", line 1570, characters 77-96:
Sub-goal array creation size of goal statementemissionmixin___handle_critical_section_stmt'vc.
Prover result is: Valid (0.02s, 6935 steps).

File "/home/fabrice/git/pycsl/scratchpad/tmp/.pycsl_y6og56hk.mlw", line 1493, characters 15-19:
Sub-goal postcondition of goal statementemissionmixin___handle_critical_section_stmt'vc.
Prover result is: Valid (0.01s, 7443 steps).

File "/home/fabrice/git/pycsl/scratchpad/tmp/.pycsl_y6og56hk.mlw", line 1493, characters 15-19:
Sub-goal postcondition of goal statementemissionmixin___handle_critical_section_stmt'vc.
Prover result is: Valid (0.01s, 7440 steps).

File "/home/fabrice/git/pycsl/scratchpad/tmp/.pycsl_y6og56hk.mlw", line 1493, characters 15-19:
Sub-goal postcondition of goal statementemissionmixin___handle_critical_section_stmt'vc.
Prover result is: Valid (0.01s, 7075 steps).

File "/home/fabrice/git/pycsl/scratchpad/tmp/.pycsl_y6og56hk.mlw", line 1493, characters 15-19:
Sub-goal postcondition of goal statementemissionmixin___handle_critical_section_stmt'vc.
Prover result is: Valid (0.02s, 7072 steps).

File "/home/fabrice/git/pycsl/scratchpad/tmp/.pycsl_y6og56hk.mlw", line 1493, characters 15-19:
Sub-goal postcondition of goal statementemissionmixin___handle_critical_section_stmt'vc.
Prover result is: Valid (0.01s, 7390 steps).

File "/home/fabrice/git/pycsl/scratchpad/tmp/.pycsl_y6og56hk.mlw", line 1493, characters 15-19:
Sub-goal postcondition of goal statementemissionmixin___handle_critical_section_stmt'vc.
Prover result is: Valid (0.01s, 7387 steps).

File "/home/fabrice/git/pycsl/scratchpad/tmp/.pycsl_y6og56hk.mlw", line 1493, characters 15-19:
Sub-goal postcondition of goal statementemissionmixin___handle_critical_section_stmt'vc.
Prover result is: Valid (0.01s, 7022 steps).

File "/home/fabrice/git/pycsl/scratchpad/tmp/.pycsl_y6og56hk.mlw", line 1493, characters 15-19:
Sub-goal postcondition of goal statementemissionmixin___handle_critical_section_stmt'vc.
Prover result is: Valid (0.01s, 7019 steps).

File "/home/fabrice/git/pycsl/scratchpad/tmp/.pycsl_y6og56hk.mlw", line 1570, characters 77-96:
Sub-goal array creation size of goal statementemissionmixin___handle_critical_section_stmt'vc.
Prover result is: Valid (0.01s, 12582 steps).

File "/home/fabrice/git/pycsl/scratchpad/tmp/.pycsl_y6og56hk.mlw", line 1493, characters 15-19:
Sub-goal postcondition of goal statementemissionmixin___handle_critical_section_stmt'vc.
Prover result is: Valid (0.01s, 13988 steps).

File "/home/fabrice/git/pycsl/scratchpad/tmp/.pycsl_y6og56hk.mlw", line 1493, characters 15-19:
Sub-goal postcondition of goal statementemissionmixin___handle_critical_section_stmt'vc.
Prover result is: Valid (0.02s, 13897 steps).

File "/home/fabrice/git/pycsl/scratchpad/tmp/.pycsl_y6og56hk.mlw", line 1493, characters 15-19:
Sub-goal postcondition of goal statementemissionmixin___handle_critical_section_stmt'vc.
Prover result is: Valid (0.02s, 13160 steps).

File "/home/fabrice/git/pycsl/scratchpad/tmp/.pycsl_y6og56hk.mlw", line 1493, characters 15-19:
Sub-goal postcondition of goal statementemissionmixin___handle_critical_section_stmt'vc.
Prover result is: Valid (0.01s, 13069 steps).

File "/home/fabrice/git/pycsl/scratchpad/tmp/.pycsl_y6og56hk.mlw", line 1493, characters 15-19:
Sub-goal postcondition of goal statementemissionmixin___handle_critical_section_stmt'vc.
Prover result is: Valid (0.02s, 7610 steps).

File "/home/fabrice/git/pycsl/scratchpad/tmp/.pycsl_y6og56hk.mlw", line 1493, characters 15-19:
Sub-goal postcondition of goal statementemissionmixin___handle_critical_section_stmt'vc.
Prover result is: Valid (0.01s, 7607 steps).

File "/home/fabrice/git/pycsl/scratchpad/tmp/.pycsl_y6og56hk.mlw", line 1493, characters 15-19:
Sub-goal postcondition of goal statementemissionmixin___handle_critical_section_stmt'vc.
Prover result is: Valid (0.02s, 7242 steps).

File "/home/fabrice/git/pycsl/scratchpad/tmp/.pycsl_y6og56hk.mlw", line 1493, characters 15-19:
Sub-goal postcondition of goal statementemissionmixin___handle_critical_section_stmt'vc.
Prover result is: Valid (0.01s, 7239 steps).

File "/home/fabrice/git/pycsl/scratchpad/tmp/.pycsl_y6og56hk.mlw", line 1570, characters 77-96:
Sub-goal array creation size of goal statementemissionmixin___handle_critical_section_stmt'vc.
Prover result is: Valid (0.02s, 12580 steps).

File "/home/fabrice/git/pycsl/scratchpad/tmp/.pycsl_y6og56hk.mlw", line 1493, characters 15-19:
Sub-goal postcondition of goal statementemissionmixin___handle_critical_section_stmt'vc.
Prover result is: Valid (0.02s, 13986 steps).

File "/home/fabrice/git/pycsl/scratchpad/tmp/.pycsl_y6og56hk.mlw", line 1493, characters 15-19:
Sub-goal postcondition of goal statementemissionmixin___handle_critical_section_stmt'vc.
Prover result is: Valid (0.01s, 13895 steps).

File "/home/fabrice/git/pycsl/scratchpad/tmp/.pycsl_y6og56hk.mlw", line 1493, characters 15-19:
Sub-goal postcondition of goal statementemissionmixin___handle_critical_section_stmt'vc.
Prover result is: Valid (0.02s, 13158 steps).

File "/home/fabrice/git/pycsl/scratchpad/tmp/.pycsl_y6og56hk.mlw", line 1493, characters 15-19:
Sub-goal postcondition of goal statementemissionmixin___handle_critical_section_stmt'vc.
Prover result is: Valid (0.01s, 13067 steps).

File "/home/fabrice/git/pycsl/scratchpad/tmp/.pycsl_y6og56hk.mlw", line 1493, characters 15-19:
Sub-goal postcondition of goal statementemissionmixin___handle_critical_section_stmt'vc.
Prover result is: Valid (0.02s, 7608 steps).

File "/home/fabrice/git/pycsl/scratchpad/tmp/.pycsl_y6og56hk.mlw", line 1493, characters 15-19:
Sub-goal postcondition of goal statementemissionmixin___handle_critical_section_stmt'vc.
Prover result is: Valid (0.02s, 7605 steps).

File "/home/fabrice/git/pycsl/scratchpad/tmp/.pycsl_y6og56hk.mlw", line 1493, characters 15-19:
Sub-goal postcondition of goal statementemissionmixin___handle_critical_section_stmt'vc.
Prover result is: Valid (0.01s, 7240 steps).

File "/home/fabrice/git/pycsl/scratchpad/tmp/.pycsl_y6og56hk.mlw", line 1493, characters 15-19:
Sub-goal postcondition of goal statementemissionmixin___handle_critical_section_stmt'vc.
Prover result is: Valid (0.01s, 7237 steps).

File "/home/fabrice/git/pycsl/scratchpad/tmp/.pycsl_y6og56hk.mlw", line 1570, characters 77-96:
Sub-goal array creation size of goal statementemissionmixin___handle_critical_section_stmt'vc.
Prover result is: Valid (0.01s, 6885 steps).

File "/home/fabrice/git/pycsl/scratchpad/tmp/.pycsl_y6og56hk.mlw", line 1493, characters 15-19:
Sub-goal postcondition of goal statementemissionmixin___handle_critical_section_stmt'vc.
Prover result is: Valid (0.02s, 7393 steps).

File "/home/fabrice/git/pycsl/scratchpad/tmp/.pycsl_y6og56hk.mlw", line 1493, characters 15-19:
Sub-goal postcondition of goal statementemissionmixin___handle_critical_section_stmt'vc.
Prover result is: Valid (0.01s, 7390 steps).

File "/home/fabrice/git/pycsl/scratchpad/tmp/.pycsl_y6og56hk.mlw", line 1493, characters 15-19:
Sub-goal postcondition of goal statementemissionmixin___handle_critical_section_stmt'vc.
Prover result is: Valid (0.01s, 7025 steps).

File "/home/fabrice/git/pycsl/scratchpad/tmp/.pycsl_y6og56hk.mlw", line 1493, characters 15-19:
Sub-goal postcondition of goal statementemissionmixin___handle_critical_section_stmt'vc.
Prover result is: Valid (0.01s, 7022 steps).

File "/home/fabrice/git/pycsl/scratchpad/tmp/.pycsl_y6og56hk.mlw", line 1493, characters 15-19:
Sub-goal postcondition of goal statementemissionmixin___handle_critical_section_stmt'vc.
Prover result is: Valid (0.01s, 7340 steps).

File "/home/fabrice/git/pycsl/scratchpad/tmp/.pycsl_y6og56hk.mlw", line 1493, characters 15-19:
Sub-goal postcondition of goal statementemissionmixin___handle_critical_section_stmt'vc.
Prover result is: Valid (0.01s, 7337 steps).

File "/home/fabrice/git/pycsl/scratchpad/tmp/.pycsl_y6og56hk.mlw", line 1493, characters 15-19:
Sub-goal postcondition of goal statementemissionmixin___handle_critical_section_stmt'vc.
Prover result is: Valid (0.02s, 6972 steps).

File "/home/fabrice/git/pycsl/scratchpad/tmp/.pycsl_y6og56hk.mlw", line 1493, characters 15-19:
Sub-goal postcondition of goal statementemissionmixin___handle_critical_section_stmt'vc.
Prover result is: Valid (0.01s, 6969 steps).

File "/home/fabrice/git/pycsl/scratchpad/tmp/.pycsl_y6og56hk.mlw", line 1570, characters 77-96:
Sub-goal array creation size of goal statementemissionmixin___handle_critical_section_stmt'vc.
Prover result is: Valid (0.01s, 6521 steps).

File "/home/fabrice/git/pycsl/scratchpad/tmp/.pycsl_y6og56hk.mlw", line 1493, characters 15-19:
Sub-goal postcondition of goal statementemissionmixin___handle_critical_section_stmt'vc.
Prover result is: Valid (0.02s, 7033 steps).

File "/home/fabrice/git/pycsl/scratchpad/tmp/.pycsl_y6og56hk.mlw", line 1493, characters 15-19:
Sub-goal postcondition of goal statementemissionmixin___handle_critical_section_stmt'vc.
Prover result is: Valid (0.01s, 7030 steps).

File "/home/fabrice/git/pycsl/scratchpad/tmp/.pycsl_y6og56hk.mlw", line 1493, characters 15-19:
Sub-goal postcondition of goal statementemissionmixin___handle_critical_section_stmt'vc.
Prover result is: Valid (0.01s, 6665 steps).

File "/home/fabrice/git/pycsl/scratchpad/tmp/.pycsl_y6og56hk.mlw", line 1493, characters 15-19:
Sub-goal postcondition of goal statementemissionmixin___handle_critical_section_stmt'vc.
Prover result is: Valid (0.01s, 6662 steps).

File "/home/fabrice/git/pycsl/scratchpad/tmp/.pycsl_y6og56hk.mlw", line 1493, characters 15-19:
Sub-goal postcondition of goal statementemissionmixin___handle_critical_section_stmt'vc.
Prover result is: Valid (0.01s, 6980 steps).

File "/home/fabrice/git/pycsl/scratchpad/tmp/.pycsl_y6og56hk.mlw", line 1493, characters 15-19:
Sub-goal postcondition of goal statementemissionmixin___handle_critical_section_stmt'vc.
Prover result is: Valid (0.01s, 6977 steps).

File "/home/fabrice/git/pycsl/scratchpad/tmp/.pycsl_y6og56hk.mlw", line 1493, characters 15-19:
Sub-goal postcondition of goal statementemissionmixin___handle_critical_section_stmt'vc.
Prover result is: Valid (0.01s, 6612 steps).

File "/home/fabrice/git/pycsl/scratchpad/tmp/.pycsl_y6og56hk.mlw", line 1493, characters 15-19:
Sub-goal postcondition of goal statementemissionmixin___handle_critical_section_stmt'vc.
Prover result is: Valid (0.01s, 6609 steps).

File "/home/fabrice/git/pycsl/scratchpad/tmp/.pycsl_y6og56hk.mlw", line 1570, characters 77-96:
Sub-goal array creation size of goal statementemissionmixin___handle_critical_section_stmt'vc.
Prover result is: Valid (0.01s, 6521 steps).

File "/home/fabrice/git/pycsl/scratchpad/tmp/.pycsl_y6og56hk.mlw", line 1493, characters 15-19:
Sub-goal postcondition of goal statementemissionmixin___handle_critical_section_stmt'vc.
Prover result is: Valid (0.02s, 7033 steps).

File "/home/fabrice/git/pycsl/scratchpad/tmp/.pycsl_y6og56hk.mlw", line 1493, characters 15-19:
Sub-goal postcondition of goal statementemissionmixin___handle_critical_section_stmt'vc.
Prover result is: Valid (0.02s, 7030 steps).

File "/home/fabrice/git/pycsl/scratchpad/tmp/.pycsl_y6og56hk.mlw", line 1493, characters 15-19:
Sub-goal postcondition of goal statementemissionmixin___handle_critical_section_stmt'vc.
Prover result is: Valid (0.01s, 6665 steps).

File "/home/fabrice/git/pycsl/scratchpad/tmp/.pycsl_y6og56hk.mlw", line 1493, characters 15-19:
Sub-goal postcondition of goal statementemissionmixin___handle_critical_section_stmt'vc.
Prover result is: Valid (0.01s, 6662 steps).

File "/home/fabrice/git/pycsl/scratchpad/tmp/.pycsl_y6og56hk.mlw", line 1493, characters 15-19:
Sub-goal postcondition of goal statementemissionmixin___handle_critical_section_stmt'vc.
Prover result is: Valid (0.01s, 6980 steps).

File "/home/fabrice/git/pycsl/scratchpad/tmp/.pycsl_y6og56hk.mlw", line 1493, characters 15-19:
Sub-goal postcondition of goal statementemissionmixin___handle_critical_section_stmt'vc.
Prover result is: Valid (0.02s, 6977 steps).

File "/home/fabrice/git/pycsl/scratchpad/tmp/.pycsl_y6og56hk.mlw", line 1493, characters 15-19:
Sub-goal postcondition of goal statementemissionmixin___handle_critical_section_stmt'vc.
Prover result is: Valid (0.01s, 6612 steps).

File "/home/fabrice/git/pycsl/scratchpad/tmp/.pycsl_y6og56hk.mlw", line 1493, characters 15-19:
Sub-goal postcondition of goal statementemissionmixin___handle_critical_section_stmt'vc.
Prover result is: Valid (0.02s, 6609 steps).

File "/home/fabrice/git/pycsl/scratchpad/tmp/.pycsl_y6og56hk.mlw", line 1570, characters 77-96:
Sub-goal array creation size of goal statementemissionmixin___handle_critical_section_stmt'vc.
Prover result is: Valid (0.01s, 6515 steps).

File "/home/fabrice/git/pycsl/scratchpad/tmp/.pycsl_y6og56hk.mlw", line 1493, characters 15-19:
Sub-goal postcondition of goal statementemissionmixin___handle_critical_section_stmt'vc.
Prover result is: Valid (0.01s, 7027 steps).

File "/home/fabrice/git/pycsl/scratchpad/tmp/.pycsl_y6og56hk.mlw", line 1493, characters 15-19:
Sub-goal postcondition of goal statementemissionmixin___handle_critical_section_stmt'vc.
Prover result is: Valid (0.02s, 7024 steps).

File "/home/fabrice/git/pycsl/scratchpad/tmp/.pycsl_y6og56hk.mlw", line 1493, characters 15-19:
Sub-goal postcondition of goal statementemissionmixin___handle_critical_section_stmt'vc.
Prover result is: Valid (0.01s, 6659 steps).

File "/home/fabrice/git/pycsl/scratchpad/tmp/.pycsl_y6og56hk.mlw", line 1493, characters 15-19:
Sub-goal postcondition of goal statementemissionmixin___handle_critical_section_stmt'vc.
Prover result is: Valid (0.01s, 6656 steps).

File "/home/fabrice/git/pycsl/scratchpad/tmp/.pycsl_y6og56hk.mlw", line 1493, characters 15-19:
Sub-goal postcondition of goal statementemissionmixin___handle_critical_section_stmt'vc.
Prover result is: Valid (0.01s, 6974 steps).

File "/home/fabrice/git/pycsl/scratchpad/tmp/.pycsl_y6og56hk.mlw", line 1493, characters 15-19:
Sub-goal postcondition of goal statementemissionmixin___handle_critical_section_stmt'vc.
Prover result is: Valid (0.02s, 6971 steps).

File "/home/fabrice/git/pycsl/scratchpad/tmp/.pycsl_y6og56hk.mlw", line 1493, characters 15-19:
Sub-goal postcondition of goal statementemissionmixin___handle_critical_section_stmt'vc.
Prover result is: Valid (0.01s, 6606 steps).

File "/home/fabrice/git/pycsl/scratchpad/tmp/.pycsl_y6og56hk.mlw", line 1493, characters 15-19:
Sub-goal postcondition of goal statementemissionmixin___handle_critical_section_stmt'vc.
Prover result is: Valid (0.01s, 6603 steps).

File "/home/fabrice/git/pycsl/scratchpad/tmp/.pycsl_y6og56hk.mlw", line 1570, characters 77-96:
Sub-goal array creation size of goal statementemissionmixin___handle_critical_section_stmt'vc.
Prover result is: Valid (0.01s, 6517 steps).

File "/home/fabrice/git/pycsl/scratchpad/tmp/.pycsl_y6og56hk.mlw", line 1493, characters 15-19:
Sub-goal postcondition of goal statementemissionmixin___handle_critical_section_stmt'vc.
Prover result is: Valid (0.02s, 7029 steps).

File "/home/fabrice/git/pycsl/scratchpad/tmp/.pycsl_y6og56hk.mlw", line 1493, characters 15-19:
Sub-goal postcondition of goal statementemissionmixin___handle_critical_section_stmt'vc.
Prover result is: Valid (0.01s, 7026 steps).

File "/home/fabrice/git/pycsl/scratchpad/tmp/.pycsl_y6og56hk.mlw", line 1493, characters 15-19:
Sub-goal postcondition of goal statementemissionmixin___handle_critical_section_stmt'vc.
Prover result is: Valid (0.02s, 6661 steps).

File "/home/fabrice/git/pycsl/scratchpad/tmp/.pycsl_y6og56hk.mlw", line 1493, characters 15-19:
Sub-goal postcondition of goal statementemissionmixin___handle_critical_section_stmt'vc.
Prover result is: Valid (0.01s, 6658 steps).

File "/home/fabrice/git/pycsl/scratchpad/tmp/.pycsl_y6og56hk.mlw", line 1493, characters 15-19:
Sub-goal postcondition of goal statementemissionmixin___handle_critical_section_stmt'vc.
Prover result is: Valid (0.02s, 6976 steps).

File "/home/fabrice/git/pycsl/scratchpad/tmp/.pycsl_y6og56hk.mlw", line 1493, characters 15-19:
Sub-goal postcondition of goal statementemissionmixin___handle_critical_section_stmt'vc.
Prover result is: Valid (0.01s, 6973 steps).

File "/home/fabrice/git/pycsl/scratchpad/tmp/.pycsl_y6og56hk.mlw", line 1493, characters 15-19:
Sub-goal postcondition of goal statementemissionmixin___handle_critical_section_stmt'vc.
Prover result is: Valid (0.01s, 6608 steps).

File "/home/fabrice/git/pycsl/scratchpad/tmp/.pycsl_y6og56hk.mlw", line 1493, characters 15-19:
Sub-goal postcondition of goal statementemissionmixin___handle_critical_section_stmt'vc.
Prover result is: Valid (0.01s, 6605 steps).

File "/home/fabrice/git/pycsl/scratchpad/tmp/.pycsl_y6og56hk.mlw", line 1570, characters 77-96:
Sub-goal array creation size of goal statementemissionmixin___handle_critical_section_stmt'vc.
Prover result is: Valid (0.01s, 6517 steps).

File "/home/fabrice/git/pycsl/scratchpad/tmp/.pycsl_y6og56hk.mlw", line 1493, characters 15-19:
Sub-goal postcondition of goal statementemissionmixin___handle_critical_section_stmt'vc.
Prover result is: Valid (0.02s, 7029 steps).

File "/home/fabrice/git/pycsl/scratchpad/tmp/.pycsl_y6og56hk.mlw", line 1493, characters 15-19:
Sub-goal postcondition of goal statementemissionmixin___handle_critical_section_stmt'vc.
Prover result is: Valid (0.01s, 7026 steps).

File "/home/fabrice/git/pycsl/scratchpad/tmp/.pycsl_y6og56hk.mlw", line 1493, characters 15-19:
Sub-goal postcondition of goal statementemissionmixin___handle_critical_section_stmt'vc.
Prover result is: Valid (0.02s, 6661 steps).

File "/home/fabrice/git/pycsl/scratchpad/tmp/.pycsl_y6og56hk.mlw", line 1493, characters 15-19:
Sub-goal postcondition of goal statementemissionmixin___handle_critical_section_stmt'vc.
Prover result is: Valid (0.01s, 6658 steps).

File "/home/fabrice/git/pycsl/scratchpad/tmp/.pycsl_y6og56hk.mlw", line 1493, characters 15-19:
Sub-goal postcondition of goal statementemissionmixin___handle_critical_section_stmt'vc.
Prover result is: Valid (0.01s, 6976 steps).

File "/home/fabrice/git/pycsl/scratchpad/tmp/.pycsl_y6og56hk.mlw", line 1493, characters 15-19:
Sub-goal postcondition of goal statementemissionmixin___handle_critical_section_stmt'vc.
Prover result is: Valid (0.01s, 6973 steps).

File "/home/fabrice/git/pycsl/scratchpad/tmp/.pycsl_y6og56hk.mlw", line 1493, characters 15-19:
Sub-goal postcondition of goal statementemissionmixin___handle_critical_section_stmt'vc.
Prover result is: Valid (0.01s, 6608 steps).

File "/home/fabrice/git/pycsl/scratchpad/tmp/.pycsl_y6og56hk.mlw", line 1493, characters 15-19:
Sub-goal postcondition of goal statementemissionmixin___handle_critical_section_stmt'vc.
Prover result is: Valid (0.01s, 6605 steps).

File "/home/fabrice/git/pycsl/scratchpad/tmp/.pycsl_y6og56hk.mlw", line 1570, characters 77-96:
Sub-goal array creation size of goal statementemissionmixin___handle_critical_section_stmt'vc.
Prover result is: Valid (0.01s, 6511 steps).

File "/home/fabrice/git/pycsl/scratchpad/tmp/.pycsl_y6og56hk.mlw", line 1493, characters 15-19:
Sub-goal postcondition of goal statementemissionmixin___handle_critical_section_stmt'vc.
Prover result is: Valid (0.01s, 7023 steps).

File "/home/fabrice/git/pycsl/scratchpad/tmp/.pycsl_y6og56hk.mlw", line 1493, characters 15-19:
Sub-goal postcondition of goal statementemissionmixin___handle_critical_section_stmt'vc.
Prover result is: Valid (0.01s, 7020 steps).

File "/home/fabrice/git/pycsl/scratchpad/tmp/.pycsl_y6og56hk.mlw", line 1493, characters 15-19:
Sub-goal postcondition of goal statementemissionmixin___handle_critical_section_stmt'vc.
Prover result is: Valid (0.01s, 6655 steps).

File "/home/fabrice/git/pycsl/scratchpad/tmp/.pycsl_y6og56hk.mlw", line 1493, characters 15-19:
Sub-goal postcondition of goal statementemissionmixin___handle_critical_section_stmt'vc.
Prover result is: Valid (0.01s, 6652 steps).

File "/home/fabrice/git/pycsl/scratchpad/tmp/.pycsl_y6og56hk.mlw", line 1493, characters 15-19:
Sub-goal postcondition of goal statementemissionmixin___handle_critical_section_stmt'vc.
Prover result is: Valid (0.01s, 6970 steps).

File "/home/fabrice/git/pycsl/scratchpad/tmp/.pycsl_y6og56hk.mlw", line 1493, characters 15-19:
Sub-goal postcondition of goal statementemissionmixin___handle_critical_section_stmt'vc.
Prover result is: Valid (0.01s, 6967 steps).

File "/home/fabrice/git/pycsl/scratchpad/tmp/.pycsl_y6og56hk.mlw", line 1493, characters 15-19:
Sub-goal postcondition of goal statementemissionmixin___handle_critical_section_stmt'vc.
Prover result is: Valid (0.01s, 6602 steps).

File "/home/fabrice/git/pycsl/scratchpad/tmp/.pycsl_y6og56hk.mlw", line 1493, characters 15-19:
Sub-goal postcondition of goal statementemissionmixin___handle_critical_section_stmt'vc.
Prover result is: Valid (0.02s, 6599 steps).

File "/home/fabrice/git/pycsl/scratchpad/tmp/.pycsl_y6og56hk.mlw", line 1570, characters 77-96:
Sub-goal array creation size of goal statementemissionmixin___handle_critical_section_stmt'vc.
Prover result is: Valid (0.01s, 6519 steps).

File "/home/fabrice/git/pycsl/scratchpad/tmp/.pycsl_y6og56hk.mlw", line 1493, characters 15-19:
Sub-goal postcondition of goal statementemissionmixin___handle_critical_section_stmt'vc.
Prover result is: Valid (0.01s, 7031 steps).

File "/home/fabrice/git/pycsl/scratchpad/tmp/.pycsl_y6og56hk.mlw", line 1493, characters 15-19:
Sub-goal postcondition of goal statementemissionmixin___handle_critical_section_stmt'vc.
Prover result is: Valid (0.02s, 7028 steps).

File "/home/fabrice/git/pycsl/scratchpad/tmp/.pycsl_y6og56hk.mlw", line 1493, characters 15-19:
Sub-goal postcondition of goal statementemissionmixin___handle_critical_section_stmt'vc.
Prover result is: Valid (0.01s, 6663 steps).

File "/home/fabrice/git/pycsl/scratchpad/tmp/.pycsl_y6og56hk.mlw", line 1493, characters 15-19:
Sub-goal postcondition of goal statementemissionmixin___handle_critical_section_stmt'vc.
Prover result is: Valid (0.02s, 6660 steps).

File "/home/fabrice/git/pycsl/scratchpad/tmp/.pycsl_y6og56hk.mlw", line 1493, characters 15-19:
Sub-goal postcondition of goal statementemissionmixin___handle_critical_section_stmt'vc.
Prover result is: Valid (0.02s, 6978 steps).

File "/home/fabrice/git/pycsl/scratchpad/tmp/.pycsl_y6og56hk.mlw", line 1493, characters 15-19:
Sub-goal postcondition of goal statementemissionmixin___handle_critical_section_stmt'vc.
Prover result is: Valid (0.01s, 6975 steps).

File "/home/fabrice/git/pycsl/scratchpad/tmp/.pycsl_y6og56hk.mlw", line 1493, characters 15-19:
Sub-goal postcondition of goal statementemissionmixin___handle_critical_section_stmt'vc.
Prover result is: Valid (0.02s, 6610 steps).

File "/home/fabrice/git/pycsl/scratchpad/tmp/.pycsl_y6og56hk.mlw", line 1493, characters 15-19:
Sub-goal postcondition of goal statementemissionmixin___handle_critical_section_stmt'vc.
Prover result is: Valid (0.02s, 6607 steps).

File "/home/fabrice/git/pycsl/scratchpad/tmp/.pycsl_y6og56hk.mlw", line 1570, characters 77-96:
Sub-goal array creation size of goal statementemissionmixin___handle_critical_section_stmt'vc.
Prover result is: Valid (0.01s, 6519 steps).

File "/home/fabrice/git/pycsl/scratchpad/tmp/.pycsl_y6og56hk.mlw", line 1493, characters 15-19:
Sub-goal postcondition of goal statementemissionmixin___handle_critical_section_stmt'vc.
Prover result is: Valid (0.01s, 7031 steps).

File "/home/fabrice/git/pycsl/scratchpad/tmp/.pycsl_y6og56hk.mlw", line 1493, characters 15-19:
Sub-goal postcondition of goal statementemissionmixin___handle_critical_section_stmt'vc.
Prover result is: Valid (0.01s, 7028 steps).

File "/home/fabrice/git/pycsl/scratchpad/tmp/.pycsl_y6og56hk.mlw", line 1493, characters 15-19:
Sub-goal postcondition of goal statementemissionmixin___handle_critical_section_stmt'vc.
Prover result is: Valid (0.01s, 6663 steps).

File "/home/fabrice/git/pycsl/scratchpad/tmp/.pycsl_y6og56hk.mlw", line 1493, characters 15-19:
Sub-goal postcondition of goal statementemissionmixin___handle_critical_section_stmt'vc.
Prover result is: Valid (0.01s, 6660 steps).

File "/home/fabrice/git/pycsl/scratchpad/tmp/.pycsl_y6og56hk.mlw", line 1493, characters 15-19:
Sub-goal postcondition of goal statementemissionmixin___handle_critical_section_stmt'vc.
Prover result is: Valid (0.01s, 6978 steps).

File "/home/fabrice/git/pycsl/scratchpad/tmp/.pycsl_y6og56hk.mlw", line 1493, characters 15-19:
Sub-goal postcondition of goal statementemissionmixin___handle_critical_section_stmt'vc.
Prover result is: Valid (0.02s, 6975 steps).

File "/home/fabrice/git/pycsl/scratchpad/tmp/.pycsl_y6og56hk.mlw", line 1493, characters 15-19:
Sub-goal postcondition of goal statementemissionmixin___handle_critical_section_stmt'vc.
Prover result is: Valid (0.01s, 6610 steps).

File "/home/fabrice/git/pycsl/scratchpad/tmp/.pycsl_y6og56hk.mlw", line 1493, characters 15-19:
Sub-goal postcondition of goal statementemissionmixin___handle_critical_section_stmt'vc.
Prover result is: Valid (0.01s, 6607 steps).

File "/home/fabrice/git/pycsl/scratchpad/tmp/.pycsl_y6og56hk.mlw", line 1570, characters 77-96:
Sub-goal array creation size of goal statementemissionmixin___handle_critical_section_stmt'vc.
Prover result is: Valid (0.01s, 6513 steps).

File "/home/fabrice/git/pycsl/scratchpad/tmp/.pycsl_y6og56hk.mlw", line 1493, characters 15-19:
Sub-goal postcondition of goal statementemissionmixin___handle_critical_section_stmt'vc.
Prover result is: Valid (0.01s, 7025 steps).

File "/home/fabrice/git/pycsl/scratchpad/tmp/.pycsl_y6og56hk.mlw", line 1493, characters 15-19:
Sub-goal postcondition of goal statementemissionmixin___handle_critical_section_stmt'vc.
Prover result is: Valid (0.02s, 7022 steps).

File "/home/fabrice/git/pycsl/scratchpad/tmp/.pycsl_y6og56hk.mlw", line 1493, characters 15-19:
Sub-goal postcondition of goal statementemissionmixin___handle_critical_section_stmt'vc.
Prover result is: Valid (0.01s, 6657 steps).

File "/home/fabrice/git/pycsl/scratchpad/tmp/.pycsl_y6og56hk.mlw", line 1493, characters 15-19:
Sub-goal postcondition of goal statementemissionmixin___handle_critical_section_stmt'vc.
Prover result is: Valid (0.01s, 6654 steps).

File "/home/fabrice/git/pycsl/scratchpad/tmp/.pycsl_y6og56hk.mlw", line 1493, characters 15-19:
Sub-goal postcondition of goal statementemissionmixin___handle_critical_section_stmt'vc.
Prover result is: Valid (0.01s, 6972 steps).

File "/home/fabrice/git/pycsl/scratchpad/tmp/.pycsl_y6og56hk.mlw", line 1493, characters 15-19:
Sub-goal postcondition of goal statementemissionmixin___handle_critical_section_stmt'vc.
Prover result is: Valid (0.01s, 6969 steps).

File "/home/fabrice/git/pycsl/scratchpad/tmp/.pycsl_y6og56hk.mlw", line 1493, characters 15-19:
Sub-goal postcondition of goal statementemissionmixin___handle_critical_section_stmt'vc.
Prover result is: Valid (0.01s, 6604 steps).

File "/home/fabrice/git/pycsl/scratchpad/tmp/.pycsl_y6og56hk.mlw", line 1493, characters 15-19:
Sub-goal postcondition of goal statementemissionmixin___handle_critical_section_stmt'vc.
Prover result is: Valid (0.01s, 6601 steps).

File "/home/fabrice/git/pycsl/scratchpad/tmp/.pycsl_y6og56hk.mlw", line 1570, characters 77-96:
Sub-goal array creation size of goal statementemissionmixin___handle_critical_section_stmt'vc.
Prover result is: Valid (0.01s, 6515 steps).

File "/home/fabrice/git/pycsl/scratchpad/tmp/.pycsl_y6og56hk.mlw", line 1493, characters 15-19:
Sub-goal postcondition of goal statementemissionmixin___handle_critical_section_stmt'vc.
Prover result is: Valid (0.01s, 7027 steps).

File "/home/fabrice/git/pycsl/scratchpad/tmp/.pycsl_y6og56hk.mlw", line 1493, characters 15-19:
Sub-goal postcondition of goal statementemissionmixin___handle_critical_section_stmt'vc.
Prover result is: Valid (0.01s, 7024 steps).

File "/home/fabrice/git/pycsl/scratchpad/tmp/.pycsl_y6og56hk.mlw", line 1493, characters 15-19:
Sub-goal postcondition of goal statementemissionmixin___handle_critical_section_stmt'vc.
Prover result is: Valid (0.01s, 6659 steps).

File "/home/fabrice/git/pycsl/scratchpad/tmp/.pycsl_y6og56hk.mlw", line 1493, characters 15-19:
Sub-goal postcondition of goal statementemissionmixin___handle_critical_section_stmt'vc.
Prover result is: Valid (0.01s, 6656 steps).

File "/home/fabrice/git/pycsl/scratchpad/tmp/.pycsl_y6og56hk.mlw", line 1493, characters 15-19:
Sub-goal postcondition of goal statementemissionmixin___handle_critical_section_stmt'vc.
Prover result is: Valid (0.01s, 6974 steps).

File "/home/fabrice/git/pycsl/scratchpad/tmp/.pycsl_y6og56hk.mlw", line 1493, characters 15-19:
Sub-goal postcondition of goal statementemissionmixin___handle_critical_section_stmt'vc.
Prover result is: Valid (0.01s, 6971 steps).

File "/home/fabrice/git/pycsl/scratchpad/tmp/.pycsl_y6og56hk.mlw", line 1493, characters 15-19:
Sub-goal postcondition of goal statementemissionmixin___handle_critical_section_stmt'vc.
Prover result is: Valid (0.01s, 6606 steps).

File "/home/fabrice/git/pycsl/scratchpad/tmp/.pycsl_y6og56hk.mlw", line 1493, characters 15-19:
Sub-goal postcondition of goal statementemissionmixin___handle_critical_section_stmt'vc.
Prover result is: Valid (0.01s, 6603 steps).

File "/home/fabrice/git/pycsl/scratchpad/tmp/.pycsl_y6og56hk.mlw", line 1570, characters 77-96:
Sub-goal array creation size of goal statementemissionmixin___handle_critical_section_stmt'vc.
Prover result is: Valid (0.02s, 6515 steps).

File "/home/fabrice/git/pycsl/scratchpad/tmp/.pycsl_y6og56hk.mlw", line 1493, characters 15-19:
Sub-goal postcondition of goal statementemissionmixin___handle_critical_section_stmt'vc.
Prover result is: Valid (0.01s, 7027 steps).

File "/home/fabrice/git/pycsl/scratchpad/tmp/.pycsl_y6og56hk.mlw", line 1493, characters 15-19:
Sub-goal postcondition of goal statementemissionmixin___handle_critical_section_stmt'vc.
Prover result is: Valid (0.01s, 7024 steps).

File "/home/fabrice/git/pycsl/scratchpad/tmp/.pycsl_y6og56hk.mlw", line 1493, characters 15-19:
Sub-goal postcondition of goal statementemissionmixin___handle_critical_section_stmt'vc.
Prover result is: Valid (0.01s, 6659 steps).

File "/home/fabrice/git/pycsl/scratchpad/tmp/.pycsl_y6og56hk.mlw", line 1493, characters 15-19:
Sub-goal postcondition of goal statementemissionmixin___handle_critical_section_stmt'vc.
Prover result is: Valid (0.01s, 6656 steps).

File "/home/fabrice/git/pycsl/scratchpad/tmp/.pycsl_y6og56hk.mlw", line 1493, characters 15-19:
Sub-goal postcondition of goal statementemissionmixin___handle_critical_section_stmt'vc.
Prover result is: Valid (0.01s, 6974 steps).

File "/home/fabrice/git/pycsl/scratchpad/tmp/.pycsl_y6og56hk.mlw", line 1493, characters 15-19:
Sub-goal postcondition of goal statementemissionmixin___handle_critical_section_stmt'vc.
Prover result is: Valid (0.01s, 6971 steps).

File "/home/fabrice/git/pycsl/scratchpad/tmp/.pycsl_y6og56hk.mlw", line 1493, characters 15-19:
Sub-goal postcondition of goal statementemissionmixin___handle_critical_section_stmt'vc.
Prover result is: Valid (0.01s, 6606 steps).

File "/home/fabrice/git/pycsl/scratchpad/tmp/.pycsl_y6og56hk.mlw", line 1493, characters 15-19:
Sub-goal postcondition of goal statementemissionmixin___handle_critical_section_stmt'vc.
Prover result is: Valid (0.02s, 6603 steps).

File "/home/fabrice/git/pycsl/scratchpad/tmp/.pycsl_y6og56hk.mlw", line 1570, characters 77-96:
Sub-goal array creation size of goal statementemissionmixin___handle_critical_section_stmt'vc.
Prover result is: Valid (0.01s, 6509 steps).

File "/home/fabrice/git/pycsl/scratchpad/tmp/.pycsl_y6og56hk.mlw", line 1493, characters 15-19:
Sub-goal postcondition of goal statementemissionmixin___handle_critical_section_stmt'vc.
Prover result is: Valid (0.01s, 7021 steps).

File "/home/fabrice/git/pycsl/scratchpad/tmp/.pycsl_y6og56hk.mlw", line 1493, characters 15-19:
Sub-goal postcondition of goal statementemissionmixin___handle_critical_section_stmt'vc.
Prover result is: Valid (0.01s, 7018 steps).

File "/home/fabrice/git/pycsl/scratchpad/tmp/.pycsl_y6og56hk.mlw", line 1493, characters 15-19:
Sub-goal postcondition of goal statementemissionmixin___handle_critical_section_stmt'vc.
Prover result is: Valid (0.01s, 6653 steps).

File "/home/fabrice/git/pycsl/scratchpad/tmp/.pycsl_y6og56hk.mlw", line 1493, characters 15-19:
Sub-goal postcondition of goal statementemissionmixin___handle_critical_section_stmt'vc.
Prover result is: Valid (0.02s, 6650 steps).

File "/home/fabrice/git/pycsl/scratchpad/tmp/.pycsl_y6og56hk.mlw", line 1493, characters 15-19:
Sub-goal postcondition of goal statementemissionmixin___handle_critical_section_stmt'vc.
Prover result is: Valid (0.01s, 6968 steps).

File "/home/fabrice/git/pycsl/scratchpad/tmp/.pycsl_y6og56hk.mlw", line 1493, characters 15-19:
Sub-goal postcondition of goal statementemissionmixin___handle_critical_section_stmt'vc.
Prover result is: Valid (0.02s, 6965 steps).

File "/home/fabrice/git/pycsl/scratchpad/tmp/.pycsl_y6og56hk.mlw", line 1493, characters 15-19:
Sub-goal postcondition of goal statementemissionmixin___handle_critical_section_stmt'vc.
Prover result is: Valid (0.01s, 6600 steps).

File "/home/fabrice/git/pycsl/scratchpad/tmp/.pycsl_y6og56hk.mlw", line 1493, characters 15-19:
Sub-goal postcondition of goal statementemissionmixin___handle_critical_section_stmt'vc.
Prover result is: Valid (0.01s, 6597 steps).

File "/home/fabrice/git/pycsl/scratchpad/tmp/.pycsl_y6og56hk.mlw", line 1622, characters 18-80:
Sub-goal precondition of goal statementemissionmixin___handle_fieldassign_stmt'vc.
Prover result is: Valid (0.01s, 11061 steps).

File "/home/fabrice/git/pycsl/scratchpad/tmp/.pycsl_y6og56hk.mlw", line 1626, characters 18-74:
Sub-goal precondition of goal statementemissionmixin___handle_fieldassign_stmt'vc.
Prover result is: Valid (0.01s, 11105 steps).

File "/home/fabrice/git/pycsl/scratchpad/tmp/.pycsl_y6og56hk.mlw", line 1589, characters 15-19:
Sub-goal postcondition of goal statementemissionmixin___handle_fieldassign_stmt'vc.
Prover result is: Valid (0.01s, 11617 steps).

File "/home/fabrice/git/pycsl/scratchpad/tmp/.pycsl_y6og56hk.mlw", line 1589, characters 15-19:
Sub-goal postcondition of goal statementemissionmixin___handle_fieldassign_stmt'vc.
Prover result is: Valid (0.02s, 11524 steps).

File "/home/fabrice/git/pycsl/scratchpad/tmp/.pycsl_y6og56hk.mlw", line 1631, characters 25-41:
Sub-goal array creation size of goal statementemissionmixin___handle_fieldassign_stmt'vc.
Prover result is: Valid (0.01s, 11171 steps).

File "/home/fabrice/git/pycsl/scratchpad/tmp/.pycsl_y6og56hk.mlw", line 1589, characters 15-19:
Sub-goal postcondition of goal statementemissionmixin___handle_fieldassign_stmt'vc.
Prover result is: Valid (0.02s, 12100 steps).

File "/home/fabrice/git/pycsl/scratchpad/tmp/.pycsl_y6og56hk.mlw", line 1589, characters 15-19:
Sub-goal postcondition of goal statementemissionmixin___handle_fieldassign_stmt'vc.
Prover result is: Valid (0.01s, 12007 steps).

File "/home/fabrice/git/pycsl/scratchpad/tmp/.pycsl_y6og56hk.mlw", line 1589, characters 15-19:
Sub-goal postcondition of goal statementemissionmixin___handle_fieldassign_stmt'vc.
Prover result is: Valid (0.02s, 12112 steps).

File "/home/fabrice/git/pycsl/scratchpad/tmp/.pycsl_y6og56hk.mlw", line 1589, characters 15-19:
Sub-goal postcondition of goal statementemissionmixin___handle_fieldassign_stmt'vc.
Prover result is: Valid (0.02s, 12019 steps).

File "/home/fabrice/git/pycsl/scratchpad/tmp/.pycsl_y6og56hk.mlw", line 1589, characters 15-19:
Sub-goal postcondition of goal statementemissionmixin___handle_fieldassign_stmt'vc.
Prover result is: Valid (0.02s, 11816 steps).

File "/home/fabrice/git/pycsl/scratchpad/tmp/.pycsl_y6og56hk.mlw", line 1589, characters 15-19:
Sub-goal postcondition of goal statementemissionmixin___handle_fieldassign_stmt'vc.
Prover result is: Valid (0.02s, 11723 steps).

File "/home/fabrice/git/pycsl/scratchpad/tmp/.pycsl_y6og56hk.mlw", line 1589, characters 15-19:
Sub-goal postcondition of goal statementemissionmixin___handle_fieldassign_stmt'vc.
Prover result is: Valid (0.01s, 11680 steps).

File "/home/fabrice/git/pycsl/scratchpad/tmp/.pycsl_y6og56hk.mlw", line 1589, characters 15-19:
Sub-goal postcondition of goal statementemissionmixin___handle_fieldassign_stmt'vc.
Prover result is: Valid (0.02s, 11587 steps).

File "/home/fabrice/git/pycsl/scratchpad/tmp/.pycsl_y6og56hk.mlw", line 1589, characters 15-19:
Sub-goal postcondition of goal statementemissionmixin___handle_fieldassign_stmt'vc.
Prover result is: Valid (0.02s, 12682 steps).

File "/home/fabrice/git/pycsl/scratchpad/tmp/.pycsl_y6og56hk.mlw", line 1589, characters 15-19:
Sub-goal postcondition of goal statementemissionmixin___handle_fieldassign_stmt'vc.
Prover result is: Valid (0.01s, 12591 steps).

File "/home/fabrice/git/pycsl/scratchpad/tmp/.pycsl_y6og56hk.mlw", line 1589, characters 15-19:
Sub-goal postcondition of goal statementemissionmixin___handle_fieldassign_stmt'vc.
Prover result is: Valid (0.02s, 12579 steps).

File "/home/fabrice/git/pycsl/scratchpad/tmp/.pycsl_y6og56hk.mlw", line 1589, characters 15-19:
Sub-goal postcondition of goal statementemissionmixin___handle_fieldassign_stmt'vc.
Prover result is: Valid (0.01s, 12488 steps).

File "/home/fabrice/git/pycsl/scratchpad/tmp/.pycsl_y6og56hk.mlw", line 1589, characters 15-19:
Sub-goal postcondition of goal statementemissionmixin___handle_fieldassign_stmt'vc.
Prover result is: Valid (0.02s, 11906 steps).

File "/home/fabrice/git/pycsl/scratchpad/tmp/.pycsl_y6og56hk.mlw", line 1589, characters 15-19:
Sub-goal postcondition of goal statementemissionmixin___handle_fieldassign_stmt'vc.
Prover result is: Valid (0.02s, 11813 steps).

File "/home/fabrice/git/pycsl/scratchpad/tmp/.pycsl_y6og56hk.mlw", line 1589, characters 15-19:
Sub-goal postcondition of goal statementemissionmixin___handle_fieldassign_stmt'vc.
Prover result is: Valid (0.01s, 12355 steps).

File "/home/fabrice/git/pycsl/scratchpad/tmp/.pycsl_y6og56hk.mlw", line 1589, characters 15-19:
Sub-goal postcondition of goal statementemissionmixin___handle_fieldassign_stmt'vc.
Prover result is: Valid (0.01s, 12262 steps).

File "/home/fabrice/git/pycsl/scratchpad/tmp/.pycsl_y6og56hk.mlw", line 1622, characters 18-80:
Sub-goal precondition of goal statementemissionmixin___handle_fieldassign_stmt'vc.
Prover result is: Valid (0.01s, 11070 steps).

File "/home/fabrice/git/pycsl/scratchpad/tmp/.pycsl_y6og56hk.mlw", line 1626, characters 18-74:
Sub-goal precondition of goal statementemissionmixin___handle_fieldassign_stmt'vc.
Prover result is: Valid (0.01s, 11114 steps).

File "/home/fabrice/git/pycsl/scratchpad/tmp/.pycsl_y6og56hk.mlw", line 1589, characters 15-19:
Sub-goal postcondition of goal statementemissionmixin___handle_fieldassign_stmt'vc.
Prover result is: Valid (0.01s, 11626 steps).

File "/home/fabrice/git/pycsl/scratchpad/tmp/.pycsl_y6og56hk.mlw", line 1589, characters 15-19:
Sub-goal postcondition of goal statementemissionmixin___handle_fieldassign_stmt'vc.
Prover result is: Valid (0.01s, 11533 steps).

File "/home/fabrice/git/pycsl/scratchpad/tmp/.pycsl_y6og56hk.mlw", line 1631, characters 25-41:
Sub-goal array creation size of goal statementemissionmixin___handle_fieldassign_stmt'vc.
Prover result is: Valid (0.01s, 11180 steps).

File "/home/fabrice/git/pycsl/scratchpad/tmp/.pycsl_y6og56hk.mlw", line 1589, characters 15-19:
Sub-goal postcondition of goal statementemissionmixin___handle_fieldassign_stmt'vc.
Prover result is: Valid (0.01s, 12109 steps).

File "/home/fabrice/git/pycsl/scratchpad/tmp/.pycsl_y6og56hk.mlw", line 1589, characters 15-19:
Sub-goal postcondition of goal statementemissionmixin___handle_fieldassign_stmt'vc.
Prover result is: Valid (0.01s, 12016 steps).

File "/home/fabrice/git/pycsl/scratchpad/tmp/.pycsl_y6og56hk.mlw", line 1589, characters 15-19:
Sub-goal postcondition of goal statementemissionmixin___handle_fieldassign_stmt'vc.
Prover result is: Valid (0.01s, 12121 steps).

File "/home/fabrice/git/pycsl/scratchpad/tmp/.pycsl_y6og56hk.mlw", line 1589, characters 15-19:
Sub-goal postcondition of goal statementemissionmixin___handle_fieldassign_stmt'vc.
Prover result is: Valid (0.02s, 12028 steps).

File "/home/fabrice/git/pycsl/scratchpad/tmp/.pycsl_y6og56hk.mlw", line 1589, characters 15-19:
Sub-goal postcondition of goal statementemissionmixin___handle_fieldassign_stmt'vc.
Prover result is: Valid (0.02s, 11825 steps).

File "/home/fabrice/git/pycsl/scratchpad/tmp/.pycsl_y6og56hk.mlw", line 1589, characters 15-19:
Sub-goal postcondition of goal statementemissionmixin___handle_fieldassign_stmt'vc.
Prover result is: Valid (0.01s, 11732 steps).

File "/home/fabrice/git/pycsl/scratchpad/tmp/.pycsl_y6og56hk.mlw", line 1589, characters 15-19:
Sub-goal postcondition of goal statementemissionmixin___handle_fieldassign_stmt'vc.
Prover result is: Valid (0.01s, 11689 steps).

File "/home/fabrice/git/pycsl/scratchpad/tmp/.pycsl_y6og56hk.mlw", line 1589, characters 15-19:
Sub-goal postcondition of goal statementemissionmixin___handle_fieldassign_stmt'vc.
Prover result is: Valid (0.01s, 11596 steps).

File "/home/fabrice/git/pycsl/scratchpad/tmp/.pycsl_y6og56hk.mlw", line 1589, characters 15-19:
Sub-goal postcondition of goal statementemissionmixin___handle_fieldassign_stmt'vc.
Prover result is: Valid (0.01s, 12691 steps).

File "/home/fabrice/git/pycsl/scratchpad/tmp/.pycsl_y6og56hk.mlw", line 1589, characters 15-19:
Sub-goal postcondition of goal statementemissionmixin___handle_fieldassign_stmt'vc.
Prover result is: Valid (0.01s, 12600 steps).

File "/home/fabrice/git/pycsl/scratchpad/tmp/.pycsl_y6og56hk.mlw", line 1589, characters 15-19:
Sub-goal postcondition of goal statementemissionmixin___handle_fieldassign_stmt'vc.
Prover result is: Valid (0.01s, 12588 steps).

File "/home/fabrice/git/pycsl/scratchpad/tmp/.pycsl_y6og56hk.mlw", line 1589, characters 15-19:
Sub-goal postcondition of goal statementemissionmixin___handle_fieldassign_stmt'vc.
Prover result is: Valid (0.01s, 12497 steps).

File "/home/fabrice/git/pycsl/scratchpad/tmp/.pycsl_y6og56hk.mlw", line 1589, characters 15-19:
Sub-goal postcondition of goal statementemissionmixin___handle_fieldassign_stmt'vc.
Prover result is: Valid (0.02s, 11915 steps).

File "/home/fabrice/git/pycsl/scratchpad/tmp/.pycsl_y6og56hk.mlw", line 1589, characters 15-19:
Sub-goal postcondition of goal statementemissionmixin___handle_fieldassign_stmt'vc.
Prover result is: Valid (0.01s, 11822 steps).

File "/home/fabrice/git/pycsl/scratchpad/tmp/.pycsl_y6og56hk.mlw", line 1589, characters 15-19:
Sub-goal postcondition of goal statementemissionmixin___handle_fieldassign_stmt'vc.
Prover result is: Valid (0.02s, 12364 steps).

File "/home/fabrice/git/pycsl/scratchpad/tmp/.pycsl_y6og56hk.mlw", line 1589, characters 15-19:
Sub-goal postcondition of goal statementemissionmixin___handle_fieldassign_stmt'vc.
Prover result is: Valid (0.02s, 12271 steps).

File "/home/fabrice/git/pycsl/scratchpad/tmp/.pycsl_y6og56hk.mlw", line 1622, characters 18-80:
Sub-goal precondition of goal statementemissionmixin___handle_fieldassign_stmt'vc.
Prover result is: Valid (0.02s, 11074 steps).

File "/home/fabrice/git/pycsl/scratchpad/tmp/.pycsl_y6og56hk.mlw", line 1626, characters 18-74:
Sub-goal precondition of goal statementemissionmixin___handle_fieldassign_stmt'vc.
Prover result is: Valid (0.01s, 11118 steps).

File "/home/fabrice/git/pycsl/scratchpad/tmp/.pycsl_y6og56hk.mlw", line 1589, characters 15-19:
Sub-goal postcondition of goal statementemissionmixin___handle_fieldassign_stmt'vc.
Prover result is: Valid (0.01s, 11630 steps).

File "/home/fabrice/git/pycsl/scratchpad/tmp/.pycsl_y6og56hk.mlw", line 1589, characters 15-19:
Sub-goal postcondition of goal statementemissionmixin___handle_fieldassign_stmt'vc.
Prover result is: Valid (0.01s, 11537 steps).

File "/home/fabrice/git/pycsl/scratchpad/tmp/.pycsl_y6og56hk.mlw", line 1631, characters 25-41:
Sub-goal array creation size of goal statementemissionmixin___handle_fieldassign_stmt'vc.
Prover result is: Valid (0.02s, 11184 steps).

File "/home/fabrice/git/pycsl/scratchpad/tmp/.pycsl_y6og56hk.mlw", line 1589, characters 15-19:
Sub-goal postcondition of goal statementemissionmixin___handle_fieldassign_stmt'vc.
Prover result is: Valid (0.02s, 12113 steps).

File "/home/fabrice/git/pycsl/scratchpad/tmp/.pycsl_y6og56hk.mlw", line 1589, characters 15-19:
Sub-goal postcondition of goal statementemissionmixin___handle_fieldassign_stmt'vc.
Prover result is: Valid (0.02s, 12020 steps).

File "/home/fabrice/git/pycsl/scratchpad/tmp/.pycsl_y6og56hk.mlw", line 1589, characters 15-19:
Sub-goal postcondition of goal statementemissionmixin___handle_fieldassign_stmt'vc.
Prover result is: Valid (0.02s, 12125 steps).

File "/home/fabrice/git/pycsl/scratchpad/tmp/.pycsl_y6og56hk.mlw", line 1589, characters 15-19:
Sub-goal postcondition of goal statementemissionmixin___handle_fieldassign_stmt'vc.
Prover result is: Valid (0.02s, 12032 steps).

File "/home/fabrice/git/pycsl/scratchpad/tmp/.pycsl_y6og56hk.mlw", line 1589, characters 15-19:
Sub-goal postcondition of goal statementemissionmixin___handle_fieldassign_stmt'vc.
Prover result is: Valid (0.02s, 11829 steps).

File "/home/fabrice/git/pycsl/scratchpad/tmp/.pycsl_y6og56hk.mlw", line 1589, characters 15-19:
Sub-goal postcondition of goal statementemissionmixin___handle_fieldassign_stmt'vc.
Prover result is: Valid (0.01s, 11736 steps).

File "/home/fabrice/git/pycsl/scratchpad/tmp/.pycsl_y6og56hk.mlw", line 1589, characters 15-19:
Sub-goal postcondition of goal statementemissionmixin___handle_fieldassign_stmt'vc.
Prover result is: Valid (0.02s, 11693 steps).

File "/home/fabrice/git/pycsl/scratchpad/tmp/.pycsl_y6og56hk.mlw", line 1589, characters 15-19:
Sub-goal postcondition of goal statementemissionmixin___handle_fieldassign_stmt'vc.
Prover result is: Valid (0.01s, 11600 steps).

File "/home/fabrice/git/pycsl/scratchpad/tmp/.pycsl_y6og56hk.mlw", line 1589, characters 15-19:
Sub-goal postcondition of goal statementemissionmixin___handle_fieldassign_stmt'vc.
Prover result is: Valid (0.02s, 12695 steps).

File "/home/fabrice/git/pycsl/scratchpad/tmp/.pycsl_y6og56hk.mlw", line 1589, characters 15-19:
Sub-goal postcondition of goal statementemissionmixin___handle_fieldassign_stmt'vc.
Prover result is: Valid (0.01s, 12604 steps).

File "/home/fabrice/git/pycsl/scratchpad/tmp/.pycsl_y6og56hk.mlw", line 1589, characters 15-19:
Sub-goal postcondition of goal statementemissionmixin___handle_fieldassign_stmt'vc.
Prover result is: Valid (0.01s, 12592 steps).

File "/home/fabrice/git/pycsl/scratchpad/tmp/.pycsl_y6og56hk.mlw", line 1589, characters 15-19:
Sub-goal postcondition of goal statementemissionmixin___handle_fieldassign_stmt'vc.
Prover result is: Valid (0.01s, 12501 steps).

File "/home/fabrice/git/pycsl/scratchpad/tmp/.pycsl_y6og56hk.mlw", line 1589, characters 15-19:
Sub-goal postcondition of goal statementemissionmixin___handle_fieldassign_stmt'vc.
Prover result is: Valid (0.01s, 11919 steps).

File "/home/fabrice/git/pycsl/scratchpad/tmp/.pycsl_y6og56hk.mlw", line 1589, characters 15-19:
Sub-goal postcondition of goal statementemissionmixin___handle_fieldassign_stmt'vc.
Prover result is: Valid (0.02s, 11826 steps).

File "/home/fabrice/git/pycsl/scratchpad/tmp/.pycsl_y6og56hk.mlw", line 1589, characters 15-19:
Sub-goal postcondition of goal statementemissionmixin___handle_fieldassign_stmt'vc.
Prover result is: Valid (0.01s, 12368 steps).

File "/home/fabrice/git/pycsl/scratchpad/tmp/.pycsl_y6og56hk.mlw", line 1589, characters 15-19:
Sub-goal postcondition of goal statementemissionmixin___handle_fieldassign_stmt'vc.
Prover result is: Valid (0.02s, 12275 steps).

File "/home/fabrice/git/pycsl/scratchpad/tmp/.pycsl_y6og56hk.mlw", line 1622, characters 18-80:
Sub-goal precondition of goal statementemissionmixin___handle_fieldassign_stmt'vc.
Prover result is: Valid (0.01s, 10968 steps).

File "/home/fabrice/git/pycsl/scratchpad/tmp/.pycsl_y6og56hk.mlw", line 1626, characters 18-74:
Sub-goal precondition of goal statementemissionmixin___handle_fieldassign_stmt'vc.
Prover result is: Valid (0.02s, 11012 steps).

File "/home/fabrice/git/pycsl/scratchpad/tmp/.pycsl_y6og56hk.mlw", line 1589, characters 15-19:
Sub-goal postcondition of goal statementemissionmixin___handle_fieldassign_stmt'vc.
Prover result is: Valid (0.02s, 11524 steps).

File "/home/fabrice/git/pycsl/scratchpad/tmp/.pycsl_y6og56hk.mlw", line 1589, characters 15-19:
Sub-goal postcondition of goal statementemissionmixin___handle_fieldassign_stmt'vc.
Prover result is: Valid (0.01s, 11431 steps).

File "/home/fabrice/git/pycsl/scratchpad/tmp/.pycsl_y6og56hk.mlw", line 1631, characters 25-41:
Sub-goal array creation size of goal statementemissionmixin___handle_fieldassign_stmt'vc.
Prover result is: Valid (0.01s, 11078 steps).

File "/home/fabrice/git/pycsl/scratchpad/tmp/.pycsl_y6og56hk.mlw", line 1589, characters 15-19:
Sub-goal postcondition of goal statementemissionmixin___handle_fieldassign_stmt'vc.
Prover result is: Valid (0.01s, 12007 steps).

File "/home/fabrice/git/pycsl/scratchpad/tmp/.pycsl_y6og56hk.mlw", line 1589, characters 15-19:
Sub-goal postcondition of goal statementemissionmixin___handle_fieldassign_stmt'vc.
Prover result is: Valid (0.01s, 11914 steps).

File "/home/fabrice/git/pycsl/scratchpad/tmp/.pycsl_y6og56hk.mlw", line 1589, characters 15-19:
Sub-goal postcondition of goal statementemissionmixin___handle_fieldassign_stmt'vc.
Prover result is: Valid (0.01s, 12019 steps).

File "/home/fabrice/git/pycsl/scratchpad/tmp/.pycsl_y6og56hk.mlw", line 1589, characters 15-19:
Sub-goal postcondition of goal statementemissionmixin___handle_fieldassign_stmt'vc.
Prover result is: Valid (0.02s, 11926 steps).

File "/home/fabrice/git/pycsl/scratchpad/tmp/.pycsl_y6og56hk.mlw", line 1589, characters 15-19:
Sub-goal postcondition of goal statementemissionmixin___handle_fieldassign_stmt'vc.
Prover result is: Valid (0.02s, 11723 steps).

File "/home/fabrice/git/pycsl/scratchpad/tmp/.pycsl_y6og56hk.mlw", line 1589, characters 15-19:
Sub-goal postcondition of goal statementemissionmixin___handle_fieldassign_stmt'vc.
Prover result is: Valid (0.01s, 11630 steps).

File "/home/fabrice/git/pycsl/scratchpad/tmp/.pycsl_y6og56hk.mlw", line 1589, characters 15-19:
Sub-goal postcondition of goal statementemissionmixin___handle_fieldassign_stmt'vc.
Prover result is: Valid (0.01s, 11587 steps).

File "/home/fabrice/git/pycsl/scratchpad/tmp/.pycsl_y6og56hk.mlw", line 1589, characters 15-19:
Sub-goal postcondition of goal statementemissionmixin___handle_fieldassign_stmt'vc.
Prover result is: Valid (0.01s, 11494 steps).

File "/home/fabrice/git/pycsl/scratchpad/tmp/.pycsl_y6og56hk.mlw", line 1589, characters 15-19:
Sub-goal postcondition of goal statementemissionmixin___handle_fieldassign_stmt'vc.
Prover result is: Valid (0.02s, 12589 steps).

File "/home/fabrice/git/pycsl/scratchpad/tmp/.pycsl_y6og56hk.mlw", line 1589, characters 15-19:
Sub-goal postcondition of goal statementemissionmixin___handle_fieldassign_stmt'vc.
Prover result is: Valid (0.02s, 12498 steps).

File "/home/fabrice/git/pycsl/scratchpad/tmp/.pycsl_y6og56hk.mlw", line 1589, characters 15-19:
Sub-goal postcondition of goal statementemissionmixin___handle_fieldassign_stmt'vc.
Prover result is: Valid (0.02s, 12486 steps).

File "/home/fabrice/git/pycsl/scratchpad/tmp/.pycsl_y6og56hk.mlw", line 1589, characters 15-19:
Sub-goal postcondition of goal statementemissionmixin___handle_fieldassign_stmt'vc.
Prover result is: Valid (0.01s, 12395 steps).

File "/home/fabrice/git/pycsl/scratchpad/tmp/.pycsl_y6og56hk.mlw", line 1589, characters 15-19:
Sub-goal postcondition of goal statementemissionmixin___handle_fieldassign_stmt'vc.
Prover result is: Valid (0.01s, 11813 steps).

File "/home/fabrice/git/pycsl/scratchpad/tmp/.pycsl_y6og56hk.mlw", line 1589, characters 15-19:
Sub-goal postcondition of goal statementemissionmixin___handle_fieldassign_stmt'vc.
Prover result is: Valid (0.01s, 11720 steps).

File "/home/fabrice/git/pycsl/scratchpad/tmp/.pycsl_y6og56hk.mlw", line 1589, characters 15-19:
Sub-goal postcondition of goal statementemissionmixin___handle_fieldassign_stmt'vc.
Prover result is: Valid (0.02s, 12262 steps).

File "/home/fabrice/git/pycsl/scratchpad/tmp/.pycsl_y6og56hk.mlw", line 1589, characters 15-19:
Sub-goal postcondition of goal statementemissionmixin___handle_fieldassign_stmt'vc.
Prover result is: Valid (0.02s, 12169 steps).

File "/home/fabrice/git/pycsl/scratchpad/tmp/.pycsl_y6og56hk.mlw", line 1622, characters 18-80:
Sub-goal precondition of goal statementemissionmixin___handle_fieldassign_stmt'vc.
Prover result is: Valid (0.01s, 10977 steps).

File "/home/fabrice/git/pycsl/scratchpad/tmp/.pycsl_y6og56hk.mlw", line 1626, characters 18-74:
Sub-goal precondition of goal statementemissionmixin___handle_fieldassign_stmt'vc.
Prover result is: Valid (0.01s, 11021 steps).

File "/home/fabrice/git/pycsl/scratchpad/tmp/.pycsl_y6og56hk.mlw", line 1589, characters 15-19:
Sub-goal postcondition of goal statementemissionmixin___handle_fieldassign_stmt'vc.
Prover result is: Valid (0.01s, 11533 steps).

File "/home/fabrice/git/pycsl/scratchpad/tmp/.pycsl_y6og56hk.mlw", line 1589, characters 15-19:
Sub-goal postcondition of goal statementemissionmixin___handle_fieldassign_stmt'vc.
Prover result is: Valid (0.01s, 11440 steps).

File "/home/fabrice/git/pycsl/scratchpad/tmp/.pycsl_y6og56hk.mlw", line 1631, characters 25-41:
Sub-goal array creation size of goal statementemissionmixin___handle_fieldassign_stmt'vc.
Prover result is: Valid (0.01s, 11087 steps).

File "/home/fabrice/git/pycsl/scratchpad/tmp/.pycsl_y6og56hk.mlw", line 1589, characters 15-19:
Sub-goal postcondition of goal statementemissionmixin___handle_fieldassign_stmt'vc.
Prover result is: Valid (0.01s, 12016 steps).

File "/home/fabrice/git/pycsl/scratchpad/tmp/.pycsl_y6og56hk.mlw", line 1589, characters 15-19:
Sub-goal postcondition of goal statementemissionmixin___handle_fieldassign_stmt'vc.
Prover result is: Valid (0.01s, 11923 steps).

File "/home/fabrice/git/pycsl/scratchpad/tmp/.pycsl_y6og56hk.mlw", line 1589, characters 15-19:
Sub-goal postcondition of goal statementemissionmixin___handle_fieldassign_stmt'vc.
Prover result is: Valid (0.01s, 12028 steps).

File "/home/fabrice/git/pycsl/scratchpad/tmp/.pycsl_y6og56hk.mlw", line 1589, characters 15-19:
Sub-goal postcondition of goal statementemissionmixin___handle_fieldassign_stmt'vc.
Prover result is: Valid (0.01s, 11935 steps).

File "/home/fabrice/git/pycsl/scratchpad/tmp/.pycsl_y6og56hk.mlw", line 1589, characters 15-19:
Sub-goal postcondition of goal statementemissionmixin___handle_fieldassign_stmt'vc.
Prover result is: Valid (0.01s, 11732 steps).

File "/home/fabrice/git/pycsl/scratchpad/tmp/.pycsl_y6og56hk.mlw", line 1589, characters 15-19:
Sub-goal postcondition of goal statementemissionmixin___handle_fieldassign_stmt'vc.
Prover result is: Valid (0.01s, 11639 steps).

File "/home/fabrice/git/pycsl/scratchpad/tmp/.pycsl_y6og56hk.mlw", line 1589, characters 15-19:
Sub-goal postcondition of goal statementemissionmixin___handle_fieldassign_stmt'vc.
Prover result is: Valid (0.01s, 11596 steps).

File "/home/fabrice/git/pycsl/scratchpad/tmp/.pycsl_y6og56hk.mlw", line 1589, characters 15-19:
Sub-goal postcondition of goal statementemissionmixin___handle_fieldassign_stmt'vc.
Prover result is: Valid (0.01s, 11503 steps).

File "/home/fabrice/git/pycsl/scratchpad/tmp/.pycsl_y6og56hk.mlw", line 1589, characters 15-19:
Sub-goal postcondition of goal statementemissionmixin___handle_fieldassign_stmt'vc.
Prover result is: Valid (0.02s, 12598 steps).

File "/home/fabrice/git/pycsl/scratchpad/tmp/.pycsl_y6og56hk.mlw", line 1589, characters 15-19:
Sub-goal postcondition of goal statementemissionmixin___handle_fieldassign_stmt'vc.
Prover result is: Valid (0.02s, 12507 steps).

File "/home/fabrice/git/pycsl/scratchpad/tmp/.pycsl_y6og56hk.mlw", line 1589, characters 15-19:
Sub-goal postcondition of goal statementemissionmixin___handle_fieldassign_stmt'vc.
Prover result is: Valid (0.01s, 12495 steps).

File "/home/fabrice/git/pycsl/scratchpad/tmp/.pycsl_y6og56hk.mlw", line 1589, characters 15-19:
Sub-goal postcondition of goal statementemissionmixin___handle_fieldassign_stmt'vc.
Prover result is: Valid (0.01s, 12404 steps).

File "/home/fabrice/git/pycsl/scratchpad/tmp/.pycsl_y6og56hk.mlw", line 1589, characters 15-19:
Sub-goal postcondition of goal statementemissionmixin___handle_fieldassign_stmt'vc.
Prover result is: Valid (0.01s, 11822 steps).

File "/home/fabrice/git/pycsl/scratchpad/tmp/.pycsl_y6og56hk.mlw", line 1589, characters 15-19:
Sub-goal postcondition of goal statementemissionmixin___handle_fieldassign_stmt'vc.
Prover result is: Valid (0.01s, 11729 steps).

File "/home/fabrice/git/pycsl/scratchpad/tmp/.pycsl_y6og56hk.mlw", line 1589, characters 15-19:
Sub-goal postcondition of goal statementemissionmixin___handle_fieldassign_stmt'vc.
Prover result is: Valid (0.01s, 12271 steps).

File "/home/fabrice/git/pycsl/scratchpad/tmp/.pycsl_y6og56hk.mlw", line 1589, characters 15-19:
Sub-goal postcondition of goal statementemissionmixin___handle_fieldassign_stmt'vc.
Prover result is: Valid (0.01s, 12178 steps).

File "/home/fabrice/git/pycsl/scratchpad/tmp/.pycsl_y6og56hk.mlw", line 1622, characters 18-80:
Sub-goal precondition of goal statementemissionmixin___handle_fieldassign_stmt'vc.
Prover result is: Valid (0.02s, 10981 steps).

File "/home/fabrice/git/pycsl/scratchpad/tmp/.pycsl_y6og56hk.mlw", line 1626, characters 18-74:
Sub-goal precondition of goal statementemissionmixin___handle_fieldassign_stmt'vc.
Prover result is: Valid (0.01s, 11025 steps).

File "/home/fabrice/git/pycsl/scratchpad/tmp/.pycsl_y6og56hk.mlw", line 1589, characters 15-19:
Sub-goal postcondition of goal statementemissionmixin___handle_fieldassign_stmt'vc.
Prover result is: Valid (0.01s, 11537 steps).

File "/home/fabrice/git/pycsl/scratchpad/tmp/.pycsl_y6og56hk.mlw", line 1589, characters 15-19:
Sub-goal postcondition of goal statementemissionmixin___handle_fieldassign_stmt'vc.
Prover result is: Valid (0.02s, 11444 steps).

File "/home/fabrice/git/pycsl/scratchpad/tmp/.pycsl_y6og56hk.mlw", line 1631, characters 25-41:
Sub-goal array creation size of goal statementemissionmixin___handle_fieldassign_stmt'vc.
Prover result is: Valid (0.01s, 11091 steps).

File "/home/fabrice/git/pycsl/scratchpad/tmp/.pycsl_y6og56hk.mlw", line 1589, characters 15-19:
Sub-goal postcondition of goal statementemissionmixin___handle_fieldassign_stmt'vc.
Prover result is: Valid (0.01s, 12020 steps).

File "/home/fabrice/git/pycsl/scratchpad/tmp/.pycsl_y6og56hk.mlw", line 1589, characters 15-19:
Sub-goal postcondition of goal statementemissionmixin___handle_fieldassign_stmt'vc.
Prover result is: Valid (0.02s, 11927 steps).

File "/home/fabrice/git/pycsl/scratchpad/tmp/.pycsl_y6og56hk.mlw", line 1589, characters 15-19:
Sub-goal postcondition of goal statementemissionmixin___handle_fieldassign_stmt'vc.
Prover result is: Valid (0.01s, 12032 steps).

File "/home/fabrice/git/pycsl/scratchpad/tmp/.pycsl_y6og56hk.mlw", line 1589, characters 15-19:
Sub-goal postcondition of goal statementemissionmixin___handle_fieldassign_stmt'vc.
Prover result is: Valid (0.02s, 11939 steps).

File "/home/fabrice/git/pycsl/scratchpad/tmp/.pycsl_y6og56hk.mlw", line 1589, characters 15-19:
Sub-goal postcondition of goal statementemissionmixin___handle_fieldassign_stmt'vc.
Prover result is: Valid (0.01s, 11736 steps).

File "/home/fabrice/git/pycsl/scratchpad/tmp/.pycsl_y6og56hk.mlw", line 1589, characters 15-19:
Sub-goal postcondition of goal statementemissionmixin___handle_fieldassign_stmt'vc.
Prover result is: Valid (0.01s, 11643 steps).

File "/home/fabrice/git/pycsl/scratchpad/tmp/.pycsl_y6og56hk.mlw", line 1589, characters 15-19:
Sub-goal postcondition of goal statementemissionmixin___handle_fieldassign_stmt'vc.
Prover result is: Valid (0.02s, 11600 steps).

File "/home/fabrice/git/pycsl/scratchpad/tmp/.pycsl_y6og56hk.mlw", line 1589, characters 15-19:
Sub-goal postcondition of goal statementemissionmixin___handle_fieldassign_stmt'vc.
Prover result is: Valid (0.02s, 11507 steps).

File "/home/fabrice/git/pycsl/scratchpad/tmp/.pycsl_y6og56hk.mlw", line 1589, characters 15-19:
Sub-goal postcondition of goal statementemissionmixin___handle_fieldassign_stmt'vc.
Prover result is: Valid (0.01s, 12602 steps).

File "/home/fabrice/git/pycsl/scratchpad/tmp/.pycsl_y6og56hk.mlw", line 1589, characters 15-19:
Sub-goal postcondition of goal statementemissionmixin___handle_fieldassign_stmt'vc.
Prover result is: Valid (0.01s, 12511 steps).

File "/home/fabrice/git/pycsl/scratchpad/tmp/.pycsl_y6og56hk.mlw", line 1589, characters 15-19:
Sub-goal postcondition of goal statementemissionmixin___handle_fieldassign_stmt'vc.
Prover result is: Valid (0.01s, 12499 steps).

File "/home/fabrice/git/pycsl/scratchpad/tmp/.pycsl_y6og56hk.mlw", line 1589, characters 15-19:
Sub-goal postcondition of goal statementemissionmixin___handle_fieldassign_stmt'vc.
Prover result is: Valid (0.01s, 12408 steps).

File "/home/fabrice/git/pycsl/scratchpad/tmp/.pycsl_y6og56hk.mlw", line 1589, characters 15-19:
Sub-goal postcondition of goal statementemissionmixin___handle_fieldassign_stmt'vc.
Prover result is: Valid (0.01s, 11826 steps).

File "/home/fabrice/git/pycsl/scratchpad/tmp/.pycsl_y6og56hk.mlw", line 1589, characters 15-19:
Sub-goal postcondition of goal statementemissionmixin___handle_fieldassign_stmt'vc.
Prover result is: Valid (0.02s, 11733 steps).

File "/home/fabrice/git/pycsl/scratchpad/tmp/.pycsl_y6og56hk.mlw", line 1589, characters 15-19:
Sub-goal postcondition of goal statementemissionmixin___handle_fieldassign_stmt'vc.
Prover result is: Valid (0.02s, 12275 steps).

File "/home/fabrice/git/pycsl/scratchpad/tmp/.pycsl_y6og56hk.mlw", line 1589, characters 15-19:
Sub-goal postcondition of goal statementemissionmixin___handle_fieldassign_stmt'vc.
Prover result is: Valid (0.01s, 12182 steps).

File "/home/fabrice/git/pycsl/scratchpad/tmp/.pycsl_y6og56hk.mlw", line 1666, characters 15-19:
Sub-goal postcondition of goal statementemissionmixin___handle_fieldaugassign_stmt'vc.
Prover result is: Valid (0.01s, 11645 steps).

File "/home/fabrice/git/pycsl/scratchpad/tmp/.pycsl_y6og56hk.mlw", line 1666, characters 15-19:
Sub-goal postcondition of goal statementemissionmixin___handle_fieldaugassign_stmt'vc.
Prover result is: Valid (0.01s, 11552 steps).

File "/home/fabrice/git/pycsl/scratchpad/tmp/.pycsl_y6og56hk.mlw", line 1666, characters 15-19:
Sub-goal postcondition of goal statementemissionmixin___handle_fieldaugassign_stmt'vc.
Prover result is: Valid (0.02s, 12961 steps).

File "/home/fabrice/git/pycsl/scratchpad/tmp/.pycsl_y6og56hk.mlw", line 1666, characters 15-19:
Sub-goal postcondition of goal statementemissionmixin___handle_fieldaugassign_stmt'vc.
Prover result is: Valid (0.02s, 12870 steps).

File "/home/fabrice/git/pycsl/scratchpad/tmp/.pycsl_y6og56hk.mlw", line 1666, characters 15-19:
Sub-goal postcondition of goal statementemissionmixin___handle_fieldaugassign_stmt'vc.
Prover result is: Valid (0.01s, 12736 steps).

File "/home/fabrice/git/pycsl/scratchpad/tmp/.pycsl_y6og56hk.mlw", line 1666, characters 15-19:
Sub-goal postcondition of goal statementemissionmixin___handle_fieldaugassign_stmt'vc.
Prover result is: Valid (0.01s, 12643 steps).

File "/home/fabrice/git/pycsl/scratchpad/tmp/.pycsl_y6og56hk.mlw", line 1710, characters 15-19:
Sub-goal postcondition of goal statementemissionmixin___handle_ghost_array_set_stmt'vc.
Prover result is: Valid (0.02s, 9553 steps).

File "/home/fabrice/git/pycsl/scratchpad/tmp/.pycsl_y6og56hk.mlw", line 1710, characters 15-19:
Sub-goal postcondition of goal statementemissionmixin___handle_ghost_array_set_stmt'vc.
Prover result is: Valid (0.01s, 9460 steps).

File "/home/fabrice/git/pycsl/scratchpad/tmp/.pycsl_y6og56hk.mlw", line 1736, characters 15-19:
Sub-goal postcondition of goal statementemissionmixin___handle_seq_assign'vc.
Prover result is: Valid (0.01s, 10026 steps).

File "/home/fabrice/git/pycsl/scratchpad/tmp/.pycsl_y6og56hk.mlw", line 1736, characters 15-19:
Sub-goal postcondition of goal statementemissionmixin___handle_seq_assign'vc.
Prover result is: Valid (0.01s, 9998 steps).

File "/home/fabrice/git/pycsl/scratchpad/tmp/.pycsl_y6og56hk.mlw", line 1736, characters 15-19:
Sub-goal postcondition of goal statementemissionmixin___handle_seq_assign'vc.
Prover result is: Valid (0.01s, 9918 steps).

File "/home/fabrice/git/pycsl/scratchpad/tmp/.pycsl_y6og56hk.mlw", line 1736, characters 15-19:
Sub-goal postcondition of goal statementemissionmixin___handle_seq_assign'vc.
Prover result is: Valid (0.01s, 9825 steps).

File "/home/fabrice/git/pycsl/scratchpad/tmp/.pycsl_y6og56hk.mlw", line 1778, characters 15-19:
Sub-goal postcondition of goal statementemissionmixin___materialize_bridge'vc.
Prover result is: Valid (0.01s, 9026 steps).

File "/home/fabrice/git/pycsl/scratchpad/tmp/.pycsl_y6og56hk.mlw", line 1785, characters 15-19:
Sub-goal postcondition of goal statementemissionmixin___materialize_str_bridge'vc.
Prover result is: Valid (0.01s, 9026 steps).

File "/home/fabrice/git/pycsl/scratchpad/tmp/.pycsl_y6og56hk.mlw", line 1801, characters 15-19:
Sub-goal postcondition of goal statementemissionmixin___resolve_effective_ghost_type'vc.
Prover result is: Valid (0.01s, 10059 steps).

File "/home/fabrice/git/pycsl/scratchpad/tmp/.pycsl_y6og56hk.mlw", line 1801, characters 15-19:
Sub-goal postcondition of goal statementemissionmixin___resolve_effective_ghost_type'vc.
Prover result is: Valid (0.02s, 10091 steps).

File "/home/fabrice/git/pycsl/scratchpad/tmp/.pycsl_y6og56hk.mlw", line 1801, characters 15-19:
Sub-goal postcondition of goal statementemissionmixin___resolve_effective_ghost_type'vc.
Prover result is: Valid (0.02s, 10123 steps).

File "/home/fabrice/git/pycsl/scratchpad/tmp/.pycsl_y6og56hk.mlw", line 1801, characters 15-19:
Sub-goal postcondition of goal statementemissionmixin___resolve_effective_ghost_type'vc.
Prover result is: Valid (0.01s, 10219 steps).

File "/home/fabrice/git/pycsl/scratchpad/tmp/.pycsl_y6og56hk.mlw", line 1801, characters 15-19:
Sub-goal postcondition of goal statementemissionmixin___resolve_effective_ghost_type'vc.
Prover result is: Valid (0.01s, 10187 steps).

File "/home/fabrice/git/pycsl/scratchpad/tmp/.pycsl_y6og56hk.mlw", line 1801, characters 15-19:
Sub-goal postcondition of goal statementemissionmixin___resolve_effective_ghost_type'vc.
Prover result is: Valid (0.01s, 10198 steps).

File "/home/fabrice/git/pycsl/scratchpad/tmp/.pycsl_y6og56hk.mlw", line 1801, characters 15-19:
Sub-goal postcondition of goal statementemissionmixin___resolve_effective_ghost_type'vc.
Prover result is: Valid (0.01s, 9081 steps).

File "/home/fabrice/git/pycsl/scratchpad/tmp/.pycsl_y6og56hk.mlw", line 1836, characters 15-19:
Sub-goal postcondition of goal statementemissionmixin___seq_operand'vc.
Prover result is: Valid (0.01s, 13096 steps).

File "/home/fabrice/git/pycsl/scratchpad/tmp/.pycsl_y6og56hk.mlw", line 1836, characters 15-19:
Sub-goal postcondition of goal statementemissionmixin___seq_operand'vc.
Prover result is: Valid (0.02s, 13225 steps).

File "/home/fabrice/git/pycsl/scratchpad/tmp/.pycsl_y6og56hk.mlw", line 1836, characters 15-19:
Sub-goal postcondition of goal statementemissionmixin___seq_operand'vc.
Prover result is: Valid (0.02s, 13252 steps).

File "/home/fabrice/git/pycsl/scratchpad/tmp/.pycsl_y6og56hk.mlw", line 1836, characters 15-19:
Sub-goal postcondition of goal statementemissionmixin___seq_operand'vc.
Prover result is: Valid (0.01s, 7898 steps).

File "/home/fabrice/git/pycsl/scratchpad/tmp/.pycsl_y6og56hk.mlw", line 1836, characters 15-19:
Sub-goal postcondition of goal statementemissionmixin___seq_operand'vc.
Prover result is: Valid (0.01s, 13408 steps).

File "/home/fabrice/git/pycsl/scratchpad/tmp/.pycsl_y6og56hk.mlw", line 1868, characters 15-19:
Sub-goal postcondition of goal statementemissionmixin___str_operand_to_int'vc.
Prover result is: Valid (0.01s, 9186 steps).

File "/home/fabrice/git/pycsl/scratchpad/tmp/.pycsl_y6og56hk.mlw", line 1868, characters 15-19:
Sub-goal postcondition of goal statementemissionmixin___str_operand_to_int'vc.
Prover result is: Valid (0.02s, 9366 steps).

File "/home/fabrice/git/pycsl/scratchpad/tmp/.pycsl_y6og56hk.mlw", line 1892, characters 15-19:
Sub-goal postcondition of goal statementemissionmixin___val_is_bool'vc.
Prover result is: Valid (0.01s, 9060 steps).

File "/home/fabrice/git/pycsl/scratchpad/tmp/.pycsl_y6og56hk.mlw", line 1892, characters 15-19:
Sub-goal postcondition of goal statementemissionmixin___val_is_bool'vc.
Prover result is: Valid (0.01s, 9128 steps).

File "/home/fabrice/git/pycsl/scratchpad/tmp/.pycsl_y6og56hk.mlw", line 1892, characters 15-19:
Sub-goal postcondition of goal statementemissionmixin___val_is_bool'vc.
Prover result is: Valid (0.01s, 9167 steps).

File "/home/fabrice/git/pycsl/scratchpad/tmp/.pycsl_y6og56hk.mlw", line 1892, characters 15-19:
Sub-goal postcondition of goal statementemissionmixin___val_is_bool'vc.
Prover result is: Valid (0.01s, 9165 steps).

File "/home/fabrice/git/pycsl/scratchpad/tmp/.pycsl_y6og56hk.mlw", line 1915, characters 15-19:
Sub-goal postcondition of goal statementemissionmixin___wrap_body_with_return_catch'vc.
Prover result is: Valid (0.01s, 9193 steps).

File "/home/fabrice/git/pycsl/scratchpad/tmp/.pycsl_y6og56hk.mlw", line 1915, characters 15-19:
Sub-goal postcondition of goal statementemissionmixin___wrap_body_with_return_catch'vc.
Prover result is: Valid (0.01s, 9556 steps).

File "/home/fabrice/git/pycsl/scratchpad/tmp/.pycsl_y6og56hk.mlw", line 1915, characters 15-19:
Sub-goal postcondition of goal statementemissionmixin___wrap_body_with_return_catch'vc.
Prover result is: Valid (0.01s, 9219 steps).

File "/home/fabrice/git/pycsl/scratchpad/tmp/.pycsl_y6og56hk.mlw", line 1931, characters 20-74:
Sub-goal precondition of goal statementemissionmixin___wrap_body_with_return_catch'vc.
Prover result is: Valid (0.01s, 9066 steps).

File "/home/fabrice/git/pycsl/scratchpad/tmp/.pycsl_y6og56hk.mlw", line 1915, characters 15-19:
Sub-goal postcondition of goal statementemissionmixin___wrap_body_with_return_catch'vc.
Prover result is: Valid (0.01s, 9228 steps).

File "/home/fabrice/git/pycsl/scratchpad/tmp/.pycsl_y6og56hk.mlw", line 1915, characters 15-19:
Sub-goal postcondition of goal statementemissionmixin___wrap_body_with_return_catch'vc.
Prover result is: Valid (0.02s, 9237 steps).

File "/home/fabrice/git/pycsl/scratchpad/tmp/.pycsl_y6og56hk.mlw", line 1915, characters 15-19:
Sub-goal postcondition of goal statementemissionmixin___wrap_body_with_return_catch'vc.
Prover result is: Valid (0.02s, 9246 steps).

File "/home/fabrice/git/pycsl/scratchpad/tmp/.pycsl_y6og56hk.mlw", line 1915, characters 15-19:
Sub-goal postcondition of goal statementemissionmixin___wrap_body_with_return_catch'vc.
Prover result is: Valid (0.02s, 9250 steps).

Warnings/Errors from Why3:
Warning, file "/home/fabrice/git/pycsl/scratchpad/tmp/.pycsl_y6og56hk.mlw", line 640, characters 17-19: unused variable x0
Warning, file "/home/fabrice/git/pycsl/scratchpad/tmp/.pycsl_y6og56hk.mlw", line 641, characters 17-19: unused variable x0
Warning, file "/home/fabrice/git/pycsl/scratchpad/tmp/.pycsl_y6og56hk.mlw", line 645, characters 26-27: unused variable s
Warning, file "/home/fabrice/git/pycsl/scratchpad/tmp/.pycsl_y6og56hk.mlw", line 693, characters 20-23: unused variable sep
Warning, file "/home/fabrice/git/pycsl/scratchpad/tmp/.pycsl_y6og56hk.mlw", line 693, characters 34-36: unused variable xs
Warning, file "/home/fabrice/git/pycsl/scratchpad/tmp/.pycsl_y6og56hk.mlw", line 701, characters 27-30: unused variable sep
Warning, file "/home/fabrice/git/pycsl/scratchpad/tmp/.pycsl_y6og56hk.mlw", line 701, characters 41-42: unused variable i
Warning, file "/home/fabrice/git/pycsl/scratchpad/tmp/.pycsl_y6og56hk.mlw", line 751, characters 23-27: unused variable self
Warning, file "/home/fabrice/git/pycsl/scratchpad/tmp/.pycsl_y6og56hk.mlw", line 774, characters 79-83: unused variable decl
Warning, file "/home/fabrice/git/pycsl/scratchpad/tmp/.pycsl_y6og56hk.mlw", line 778, characters 49-53: unused variable self
Warning, file "/home/fabrice/git/pycsl/scratchpad/tmp/.pycsl_y6og56hk.mlw", line 780, characters 15-19: unused variable result
Warning, file "/home/fabrice/git/pycsl/scratchpad/tmp/.pycsl_y6og56hk.mlw", line 831, characters 14-29: unused variable py_underscore_2
Warning, file "/home/fabrice/git/pycsl/scratchpad/tmp/.pycsl_y6og56hk.mlw", line 830, characters 14-29: unused variable py_underscore_1
Warning, file "/home/fabrice/git/pycsl/scratchpad/tmp/.pycsl_y6og56hk.mlw", line 829, characters 14-27: unused variable py_underscore
Warning, file "/home/fabrice/git/pycsl/scratchpad/tmp/.pycsl_y6og56hk.mlw", line 825, characters 12-25: unused variable py_underscore
Warning, file "/home/fabrice/git/pycsl/scratchpad/tmp/.pycsl_y6og56hk.mlw", line 812, characters 63-67: unused variable self
Warning, file "/home/fabrice/git/pycsl/scratchpad/tmp/.pycsl_y6og56hk.mlw", line 814, characters 15-19: unused variable result
Warning, file "/home/fabrice/git/pycsl/scratchpad/tmp/.pycsl_y6og56hk.mlw", line 841, characters 46-50: unused variable self
Warning, file "/home/fabrice/git/pycsl/scratchpad/tmp/.pycsl_y6og56hk.mlw", line 841, characters 77-83: unused variable py_val
Warning, file "/home/fabrice/git/pycsl/scratchpad/tmp/.pycsl_y6og56hk.mlw", line 842, characters 15-19: unused variable result
Warning, file "/home/fabrice/git/pycsl/scratchpad/tmp/.pycsl_y6og56hk.mlw", line 881, characters 32-36: unused variable result
Warning, file "/home/fabrice/git/pycsl/scratchpad/tmp/.pycsl_y6og56hk.mlw", line 916, characters 32-36: unused variable result
Warning, file "/home/fabrice/git/pycsl/scratchpad/tmp/.pycsl_y6og56hk.mlw", line 910, characters 32-36: unused variable result
Warning, file "/home/fabrice/git/pycsl/scratchpad/tmp/.pycsl_y6og56hk.mlw", line 903, characters 32-36: unused variable result
Warning, file "/home/fabrice/git/pycsl/scratchpad/tmp/.pycsl_y6og56hk.mlw", line 920, characters 32-36: unused variable result
Warning, file "/home/fabrice/git/pycsl/scratchpad/tmp/.pycsl_y6og56hk.mlw", line 980, characters 32-36: unused variable result
Warning, file "/home/fabrice/git/pycsl/scratchpad/tmp/.pycsl_y6og56hk.mlw", line 1002, characters 32-36: unused variable result
Warning, file "/home/fabrice/git/pycsl/scratchpad/tmp/.pycsl_y6og56hk.mlw", line 1044, characters 32-36: unused variable result
Warning, file "/home/fabrice/git/pycsl/scratchpad/tmp/.pycsl_y6og56hk.mlw", line 1038, characters 32-36: unused variable result
Warning, file "/home/fabrice/git/pycsl/scratchpad/tmp/.pycsl_y6og56hk.mlw", line 1031, characters 32-36: unused variable result
Warning, file "/home/fabrice/git/pycsl/scratchpad/tmp/.pycsl_y6og56hk.mlw", line 1061, characters 32-36: unused variable result
Warning, file "/home/fabrice/git/pycsl/scratchpad/tmp/.pycsl_y6og56hk.mlw", line 1055, characters 32-36: unused variable result
Warning, file "/home/fabrice/git/pycsl/scratchpad/tmp/.pycsl_y6og56hk.mlw", line 1048, characters 32-36: unused variable result
Warning, file "/home/fabrice/git/pycsl/scratchpad/tmp/.pycsl_y6og56hk.mlw", line 1065, characters 32-36: unused variable result
Warning, file "/home/fabrice/git/pycsl/scratchpad/tmp/.pycsl_y6og56hk.mlw", line 1069, characters 15-19: unused variable result
Warning, file "/home/fabrice/git/pycsl/scratchpad/tmp/.pycsl_y6og56hk.mlw", line 1089, characters 34-38: unused variable self
Warning, file "/home/fabrice/git/pycsl/scratchpad/tmp/.pycsl_y6og56hk.mlw", line 1089, characters 65-67: unused variable ir
Warning, file "/home/fabrice/git/pycsl/scratchpad/tmp/.pycsl_y6og56hk.mlw", line 1089, characters 79-89: unused variable local_refs
Warning, file "/home/fabrice/git/pycsl/scratchpad/tmp/.pycsl_y6og56hk.mlw", line 1090, characters 15-19: unused variable result
Warning, file "/home/fabrice/git/pycsl/scratchpad/tmp/.pycsl_y6og56hk.mlw", line 1101, characters 8-11: unused variable elt
Warning, file "/home/fabrice/git/pycsl/scratchpad/tmp/.pycsl_y6og56hk.mlw", line 1098, characters 8-17: unused variable parts_len
Warning, file "/home/fabrice/git/pycsl/scratchpad/tmp/.pycsl_y6og56hk.mlw", line 1092, characters 89-95: unused variable target
Warning, file "/home/fabrice/git/pycsl/scratchpad/tmp/.pycsl_y6og56hk.mlw", line 1094, characters 15-19: unused variable result
Warning, file "/home/fabrice/git/pycsl/scratchpad/tmp/.pycsl_y6og56hk.mlw", line 1122, characters 78-82: unused variable func
Warning, file "/home/fabrice/git/pycsl/scratchpad/tmp/.pycsl_y6og56hk.mlw", line 1122, characters 110-120: unused variable body_stmts
Warning, file "/home/fabrice/git/pycsl/scratchpad/tmp/.pycsl_y6og56hk.mlw", line 1122, characters 134-144: unused variable local_refs
Warning, file "/home/fabrice/git/pycsl/scratchpad/tmp/.pycsl_y6og56hk.mlw", line 1122, characters 169-179: unused variable ghost_vars
Warning, file "/home/fabrice/git/pycsl/scratchpad/tmp/.pycsl_y6og56hk.mlw", line 1122, characters 204-214: unused variable ref_params
Warning, file "/home/fabrice/git/pycsl/scratchpad/tmp/.pycsl_y6og56hk.mlw", line 1122, characters 239-248: unused variable is_method
Warning, file "/home/fabrice/git/pycsl/scratchpad/tmp/.pycsl_y6og56hk.mlw", line 1122, characters 256-267: unused variable return_type
Warning, file "/home/fabrice/git/pycsl/scratchpad/tmp/.pycsl_y6og56hk.mlw", line 1124, characters 15-19: unused variable result
Warning, file "/home/fabrice/git/pycsl/scratchpad/tmp/.pycsl_y6og56hk.mlw", line 1127, characters 81-85: unused variable kind
Warning, file "/home/fabrice/git/pycsl/scratchpad/tmp/.pycsl_y6og56hk.mlw", line 1127, characters 96-102: unused variable indent
Warning, file "/home/fabrice/git/pycsl/scratchpad/tmp/.pycsl_y6og56hk.mlw", line 1127, characters 113-124: unused variable safe_target
Warning, file "/home/fabrice/git/pycsl/scratchpad/tmp/.pycsl_y6og56hk.mlw", line 1127, characters 135-141: unused variable target
Warning, file "/home/fabrice/git/pycsl/scratchpad/tmp/.pycsl_y6og56hk.mlw", line 1127, characters 152-158: unused variable py_val
Warning, file "/home/fabrice/git/pycsl/scratchpad/tmp/.pycsl_y6og56hk.mlw", line 1127, characters 169-175: unused variable val_ir
Warning, file "/home/fabrice/git/pycsl/scratchpad/tmp/.pycsl_y6og56hk.mlw", line 1127, characters 187-197: unused variable local_refs
Warning, file "/home/fabrice/git/pycsl/scratchpad/tmp/.pycsl_y6og56hk.mlw", line 1129, characters 15-19: unused variable result
Warning, file "/home/fabrice/git/pycsl/scratchpad/tmp/.pycsl_y6og56hk.mlw", line 1132, characters 84-96: unused variable assigns_list
Warning, file "/home/fabrice/git/pycsl/scratchpad/tmp/.pycsl_y6og56hk.mlw", line 1132, characters 110-119: unused variable spec_refs
Warning, file "/home/fabrice/git/pycsl/scratchpad/tmp/.pycsl_y6og56hk.mlw", line 1134, characters 15-19: unused variable result
Warning, file "/home/fabrice/git/pycsl/scratchpad/tmp/.pycsl_y6og56hk.mlw", line 1137, characters 104-110: unused variable target
Warning, file "/home/fabrice/git/pycsl/scratchpad/tmp/.pycsl_y6og56hk.mlw", line 1139, characters 15-19: unused variable result
Warning, file "/home/fabrice/git/pycsl/scratchpad/tmp/.pycsl_y6og56hk.mlw", line 1151, characters 77-81: unused variable expr
Warning, file "/home/fabrice/git/pycsl/scratchpad/tmp/.pycsl_y6og56hk.mlw", line 1151, characters 93-103: unused variable local_refs
Warning, file "/home/fabrice/git/pycsl/scratchpad/tmp/.pycsl_y6og56hk.mlw", line 1151, characters 128-141: unused variable invariant_ctx
Warning, file "/home/fabrice/git/pycsl/scratchpad/tmp/.pycsl_y6og56hk.mlw", line 1151, characters 149-154: unused variable subst
Warning, file "/home/fabrice/git/pycsl/scratchpad/tmp/.pycsl_y6og56hk.mlw", line 1152, characters 15-19: unused variable result
Warning, file "/home/fabrice/git/pycsl/scratchpad/tmp/.pycsl_y6og56hk.mlw", line 1155, characters 57-61: unused variable self
Warning, file "/home/fabrice/git/pycsl/scratchpad/tmp/.pycsl_y6og56hk.mlw", line 1155, characters 88-90: unused variable ir
Warning, file "/home/fabrice/git/pycsl/scratchpad/tmp/.pycsl_y6og56hk.mlw", line 1155, characters 102-112: unused variable local_refs
Warning, file "/home/fabrice/git/pycsl/scratchpad/tmp/.pycsl_y6og56hk.mlw", line 1156, characters 15-19: unused variable result
Warning, file "/home/fabrice/git/pycsl/scratchpad/tmp/.pycsl_y6og56hk.mlw", line 1158, characters 44-48: unused variable self
Warning, file "/home/fabrice/git/pycsl/scratchpad/tmp/.pycsl_y6og56hk.mlw", line 1160, characters 15-19: unused variable result
Warning, file "/home/fabrice/git/pycsl/scratchpad/tmp/.pycsl_y6og56hk.mlw", line 1179, characters 8-12: unused variable info
Warning, file "/home/fabrice/git/pycsl/scratchpad/tmp/.pycsl_y6og56hk.mlw", line 1175, characters 15-19: unused variable result
Warning, file "/home/fabrice/git/pycsl/scratchpad/tmp/.pycsl_y6og56hk.mlw", line 1213, characters 8-12: unused variable info
Warning, file "/home/fabrice/git/pycsl/scratchpad/tmp/.pycsl_y6og56hk.mlw", line 1205, characters 15-19: unused variable result
Warning, file "/home/fabrice/git/pycsl/scratchpad/tmp/.pycsl_y6og56hk.mlw", line 1273, characters 15-19: unused variable result
Warning, file "/home/fabrice/git/pycsl/scratchpad/tmp/.pycsl_y6og56hk.mlw", line 1322, characters 15-19: unused variable result
Warning, file "/home/fabrice/git/pycsl/scratchpad/tmp/.pycsl_y6og56hk.mlw", line 1380, characters 15-19: unused variable result
Warning, file "/home/fabrice/git/pycsl/scratchpad/tmp/.pycsl_y6og56hk.mlw", line 1436, characters 85-89: unused variable stmt
Warning, file "/home/fabrice/git/pycsl/scratchpad/tmp/.pycsl_y6og56hk.mlw", line 1436, characters 106-110: unused variable rest
Warning, file "/home/fabrice/git/pycsl/scratchpad/tmp/.pycsl_y6og56hk.mlw", line 1436, characters 124-134: unused variable local_refs
Warning, file "/home/fabrice/git/pycsl/scratchpad/tmp/.pycsl_y6og56hk.mlw", line 1436, characters 159-172: unused variable declared_refs
Warning, file "/home/fabrice/git/pycsl/scratchpad/tmp/.pycsl_y6og56hk.mlw", line 1436, characters 197-203: unused variable indent
Warning, file "/home/fabrice/git/pycsl/scratchpad/tmp/.pycsl_y6og56hk.mlw", line 1436, characters 214-221: unused variable in_loop
Warning, file "/home/fabrice/git/pycsl/scratchpad/tmp/.pycsl_y6og56hk.mlw", line 1438, characters 15-19: unused variable result
Warning, file "/home/fabrice/git/pycsl/scratchpad/tmp/.pycsl_y6og56hk.mlw", line 1455, characters 8-11: unused variable arr
Warning, file "/home/fabrice/git/pycsl/scratchpad/tmp/.pycsl_y6og56hk.mlw", line 1443, characters 15-19: unused variable result
Warning, file "/home/fabrice/git/pycsl/scratchpad/tmp/.pycsl_y6og56hk.mlw", line 1481, characters 82-86: unused variable stmt
Warning, file "/home/fabrice/git/pycsl/scratchpad/tmp/.pycsl_y6og56hk.mlw", line 1481, characters 101-105: unused variable rest
Warning, file "/home/fabrice/git/pycsl/scratchpad/tmp/.pycsl_y6og56hk.mlw", line 1481, characters 119-129: unused variable local_refs
Warning, file "/home/fabrice/git/pycsl/scratchpad/tmp/.pycsl_y6og56hk.mlw", line 1481, characters 154-167: unused variable declared_refs
Warning, file "/home/fabrice/git/pycsl/scratchpad/tmp/.pycsl_y6og56hk.mlw", line 1481, characters 192-198: unused variable indent
Warning, file "/home/fabrice/git/pycsl/scratchpad/tmp/.pycsl_y6og56hk.mlw", line 1481, characters 209-216: unused variable in_loop
Warning, file "/home/fabrice/git/pycsl/scratchpad/tmp/.pycsl_y6og56hk.mlw", line 1483, characters 15-19: unused variable result
Warning, file "/home/fabrice/git/pycsl/scratchpad/tmp/.pycsl_y6og56hk.mlw", line 1486, characters 85-89: unused variable stmt
Warning, file "/home/fabrice/git/pycsl/scratchpad/tmp/.pycsl_y6og56hk.mlw", line 1486, characters 107-111: unused variable rest
Warning, file "/home/fabrice/git/pycsl/scratchpad/tmp/.pycsl_y6og56hk.mlw", line 1486, characters 125-135: unused variable local_refs
Warning, file "/home/fabrice/git/pycsl/scratchpad/tmp/.pycsl_y6og56hk.mlw", line 1486, characters 160-173: unused variable declared_refs
Warning, file "/home/fabrice/git/pycsl/scratchpad/tmp/.pycsl_y6og56hk.mlw", line 1486, characters 198-204: unused variable indent
Warning, file "/home/fabrice/git/pycsl/scratchpad/tmp/.pycsl_y6og56hk.mlw", line 1486, characters 215-222: unused variable in_loop
Warning, file "/home/fabrice/git/pycsl/scratchpad/tmp/.pycsl_y6og56hk.mlw", line 1488, characters 15-19: unused variable result
Warning, file "/home/fabrice/git/pycsl/scratchpad/tmp/.pycsl_y6og56hk.mlw", line 1498, characters 8-11: unused variable var
Warning, file "/home/fabrice/git/pycsl/scratchpad/tmp/.pycsl_y6og56hk.mlw", line 1497, characters 8-24: unused variable let_bindings_len
Warning, file "/home/fabrice/git/pycsl/scratchpad/tmp/.pycsl_y6og56hk.mlw", line 1496, characters 8-21: unused variable seq_parts_len
Warning, file "/home/fabrice/git/pycsl/scratchpad/tmp/.pycsl_y6og56hk.mlw", line 1493, characters 15-19: unused variable result
Warning, file "/home/fabrice/git/pycsl/scratchpad/tmp/.pycsl_y6og56hk.mlw", line 1582, characters 80-84: unused variable stmt
Warning, file "/home/fabrice/git/pycsl/scratchpad/tmp/.pycsl_y6og56hk.mlw", line 1582, characters 97-101: unused variable rest
Warning, file "/home/fabrice/git/pycsl/scratchpad/tmp/.pycsl_y6og56hk.mlw", line 1582, characters 115-125: unused variable local_refs
Warning, file "/home/fabrice/git/pycsl/scratchpad/tmp/.pycsl_y6og56hk.mlw", line 1582, characters 150-163: unused variable declared_refs
Warning, file "/home/fabrice/git/pycsl/scratchpad/tmp/.pycsl_y6og56hk.mlw", line 1582, characters 188-194: unused variable indent
Warning, file "/home/fabrice/git/pycsl/scratchpad/tmp/.pycsl_y6og56hk.mlw", line 1582, characters 205-212: unused variable in_loop
Warning, file "/home/fabrice/git/pycsl/scratchpad/tmp/.pycsl_y6og56hk.mlw", line 1584, characters 15-19: unused variable result
Warning, file "/home/fabrice/git/pycsl/scratchpad/tmp/.pycsl_y6og56hk.mlw", line 1593, characters 8-14: unused variable py_val
Warning, file "/home/fabrice/git/pycsl/scratchpad/tmp/.pycsl_y6og56hk.mlw", line 1589, characters 15-19: unused variable result
Warning, file "/home/fabrice/git/pycsl/scratchpad/tmp/.pycsl_y6og56hk.mlw", line 1669, characters 8-14: unused variable py_val
Warning, file "/home/fabrice/git/pycsl/scratchpad/tmp/.pycsl_y6og56hk.mlw", line 1666, characters 15-19: unused variable result
Warning, file "/home/fabrice/git/pycsl/scratchpad/tmp/.pycsl_y6og56hk.mlw", line 1713, characters 8-14: unused variable py_val
Warning, file "/home/fabrice/git/pycsl/scratchpad/tmp/.pycsl_y6og56hk.mlw", line 1710, characters 15-19: unused variable result
Warning, file "/home/fabrice/git/pycsl/scratchpad/tmp/.pycsl_y6og56hk.mlw", line 1726, characters 88-92: unused variable stmt
Warning, file "/home/fabrice/git/pycsl/scratchpad/tmp/.pycsl_y6og56hk.mlw", line 1726, characters 112-116: unused variable rest
Warning, file "/home/fabrice/git/pycsl/scratchpad/tmp/.pycsl_y6og56hk.mlw", line 1726, characters 130-140: unused variable local_refs
Warning, file "/home/fabrice/git/pycsl/scratchpad/tmp/.pycsl_y6og56hk.mlw", line 1726, characters 165-178: unused variable declared_refs
Warning, file "/home/fabrice/git/pycsl/scratchpad/tmp/.pycsl_y6og56hk.mlw", line 1726, characters 203-209: unused variable indent
Warning, file "/home/fabrice/git/pycsl/scratchpad/tmp/.pycsl_y6og56hk.mlw", line 1726, characters 220-227: unused variable in_loop
Warning, file "/home/fabrice/git/pycsl/scratchpad/tmp/.pycsl_y6og56hk.mlw", line 1728, characters 15-19: unused variable result
Warning, file "/home/fabrice/git/pycsl/scratchpad/tmp/.pycsl_y6og56hk.mlw", line 1731, characters 51-55: unused variable self
Warning, file "/home/fabrice/git/pycsl/scratchpad/tmp/.pycsl_y6og56hk.mlw", line 1731, characters 82-86: unused variable stmt
Warning, file "/home/fabrice/git/pycsl/scratchpad/tmp/.pycsl_y6og56hk.mlw", line 1731, characters 98-102: unused variable rest
Warning, file "/home/fabrice/git/pycsl/scratchpad/tmp/.pycsl_y6og56hk.mlw", line 1731, characters 116-126: unused variable local_refs
Warning, file "/home/fabrice/git/pycsl/scratchpad/tmp/.pycsl_y6og56hk.mlw", line 1731, characters 151-164: unused variable declared_refs
Warning, file "/home/fabrice/git/pycsl/scratchpad/tmp/.pycsl_y6og56hk.mlw", line 1731, characters 189-195: unused variable indent
Warning, file "/home/fabrice/git/pycsl/scratchpad/tmp/.pycsl_y6og56hk.mlw", line 1731, characters 206-213: unused variable in_loop
Warning, file "/home/fabrice/git/pycsl/scratchpad/tmp/.pycsl_y6og56hk.mlw", line 1732, characters 15-19: unused variable result
Warning, file "/home/fabrice/git/pycsl/scratchpad/tmp/.pycsl_y6og56hk.mlw", line 1736, characters 15-19: unused variable result
Warning, file "/home/fabrice/git/pycsl/scratchpad/tmp/.pycsl_y6og56hk.mlw", line 1765, characters 88-92: unused variable stmt
Warning, file "/home/fabrice/git/pycsl/scratchpad/tmp/.pycsl_y6og56hk.mlw", line 1765, characters 112-116: unused variable rest
Warning, file "/home/fabrice/git/pycsl/scratchpad/tmp/.pycsl_y6og56hk.mlw", line 1765, characters 130-140: unused variable local_refs
Warning, file "/home/fabrice/git/pycsl/scratchpad/tmp/.pycsl_y6og56hk.mlw", line 1765, characters 165-178: unused variable declared_refs
Warning, file "/home/fabrice/git/pycsl/scratchpad/tmp/.pycsl_y6og56hk.mlw", line 1765, characters 203-209: unused variable indent
Warning, file "/home/fabrice/git/pycsl/scratchpad/tmp/.pycsl_y6og56hk.mlw", line 1765, characters 220-227: unused variable in_loop
Warning, file "/home/fabrice/git/pycsl/scratchpad/tmp/.pycsl_y6og56hk.mlw", line 1767, characters 15-19: unused variable result
Warning, file "/home/fabrice/git/pycsl/scratchpad/tmp/.pycsl_y6og56hk.mlw", line 1770, characters 48-52: unused variable self
Warning, file "/home/fabrice/git/pycsl/scratchpad/tmp/.pycsl_y6og56hk.mlw", line 1770, characters 79-81: unused variable ir
Warning, file "/home/fabrice/git/pycsl/scratchpad/tmp/.pycsl_y6og56hk.mlw", line 1771, characters 15-19: unused variable result
Warning, file "/home/fabrice/git/pycsl/scratchpad/tmp/.pycsl_y6og56hk.mlw", line 1773, characters 47-51: unused variable self
Warning, file "/home/fabrice/git/pycsl/scratchpad/tmp/.pycsl_y6og56hk.mlw", line 1773, characters 78-80: unused variable ir
Warning, file "/home/fabrice/git/pycsl/scratchpad/tmp/.pycsl_y6og56hk.mlw", line 1774, characters 15-19: unused variable result
Warning, file "/home/fabrice/git/pycsl/scratchpad/tmp/.pycsl_y6og56hk.mlw", line 1790, characters 63-67: unused variable self
Warning, file "/home/fabrice/git/pycsl/scratchpad/tmp/.pycsl_y6og56hk.mlw", line 1790, characters 94-98: unused variable kind
Warning, file "/home/fabrice/git/pycsl/scratchpad/tmp/.pycsl_y6og56hk.mlw", line 1790, characters 106-110: unused variable args
Warning, file "/home/fabrice/git/pycsl/scratchpad/tmp/.pycsl_y6og56hk.mlw", line 1791, characters 15-19: unused variable result
Warning, file "/home/fabrice/git/pycsl/scratchpad/tmp/.pycsl_y6og56hk.mlw", line 1793, characters 54-58: unused variable self
Warning, file "/home/fabrice/git/pycsl/scratchpad/tmp/.pycsl_y6og56hk.mlw", line 1793, characters 85-90: unused variable mutex
Warning, file "/home/fabrice/git/pycsl/scratchpad/tmp/.pycsl_y6og56hk.mlw", line 1793, characters 101-108: unused variable inv_str
Warning, file "/home/fabrice/git/pycsl/scratchpad/tmp/.pycsl_y6og56hk.mlw", line 1794, characters 15-19: unused variable result
Warning, file "/home/fabrice/git/pycsl/scratchpad/tmp/.pycsl_y6og56hk.mlw", line 1796, characters 57-61: unused variable self
Warning, file "/home/fabrice/git/pycsl/scratchpad/tmp/.pycsl_y6og56hk.mlw", line 1796, characters 88-97: unused variable func_name
Warning, file "/home/fabrice/git/pycsl/scratchpad/tmp/.pycsl_y6og56hk.mlw", line 1797, characters 15-19: unused variable result
Warning, file "/home/fabrice/git/pycsl/scratchpad/tmp/.pycsl_y6og56hk.mlw", line 1801, characters 15-19: unused variable result
Warning, file "/home/fabrice/git/pycsl/scratchpad/tmp/.pycsl_y6og56hk.mlw", line 1829, characters 77-83: unused variable val_ir
Warning, file "/home/fabrice/git/pycsl/scratchpad/tmp/.pycsl_y6og56hk.mlw", line 1829, characters 95-105: unused variable local_refs
Warning, file "/home/fabrice/git/pycsl/scratchpad/tmp/.pycsl_y6og56hk.mlw", line 1829, characters 130-136: unused variable target
Warning, file "/home/fabrice/git/pycsl/scratchpad/tmp/.pycsl_y6og56hk.mlw", line 1831, characters 15-19: unused variable result
Warning, file "/home/fabrice/git/pycsl/scratchpad/tmp/.pycsl_y6og56hk.mlw", line 1836, characters 15-19: unused variable result
Warning, file "/home/fabrice/git/pycsl/scratchpad/tmp/.pycsl_y6og56hk.mlw", line 1860, characters 78-83: unused variable stmts
Warning, file "/home/fabrice/git/pycsl/scratchpad/tmp/.pycsl_y6og56hk.mlw", line 1860, characters 97-107: unused variable local_refs
Warning, file "/home/fabrice/git/pycsl/scratchpad/tmp/.pycsl_y6og56hk.mlw", line 1860, characters 132-145: unused variable declared_refs
Warning, file "/home/fabrice/git/pycsl/scratchpad/tmp/.pycsl_y6og56hk.mlw", line 1860, characters 170-176: unused variable indent
Warning, file "/home/fabrice/git/pycsl/scratchpad/tmp/.pycsl_y6og56hk.mlw", line 1860, characters 187-194: unused variable in_loop
Warning, file "/home/fabrice/git/pycsl/scratchpad/tmp/.pycsl_y6og56hk.mlw", line 1862, characters 15-19: unused variable result
Warning, file "/home/fabrice/git/pycsl/scratchpad/tmp/.pycsl_y6og56hk.mlw", line 1868, characters 15-19: unused variable result
Warning, file "/home/fabrice/git/pycsl/scratchpad/tmp/.pycsl_y6og56hk.mlw", line 1882, characters 58-62: unused variable self
Warning, file "/home/fabrice/git/pycsl/scratchpad/tmp/.pycsl_y6og56hk.mlw", line 1882, characters 89-95: unused variable target
Warning, file "/home/fabrice/git/pycsl/scratchpad/tmp/.pycsl_y6og56hk.mlw", line 1882, characters 106-112: unused variable val_ir
Warning, file "/home/fabrice/git/pycsl/scratchpad/tmp/.pycsl_y6og56hk.mlw", line 1885, characters 80-90: unused variable body_stmts
Warning, file "/home/fabrice/git/pycsl/scratchpad/tmp/.pycsl_y6og56hk.mlw", line 1887, characters 15-19: unused variable result
Warning, file "/home/fabrice/git/pycsl/scratchpad/tmp/.pycsl_y6og56hk.mlw", line 1890, characters 44-48: unused variable self
Warning, file "/home/fabrice/git/pycsl/scratchpad/tmp/.pycsl_y6og56hk.mlw", line 1892, characters 15-19: unused variable result
Warning, file "/home/fabrice/git/pycsl/scratchpad/tmp/.pycsl_y6og56hk.mlw", line 1915, characters 15-19: unused variable result
Warning, file "/home/fabrice/git/pycsl/scratchpad/tmp/.pycsl_y6og56hk.mlw", line 1952, characters 19-21: unused variable ir
Warning, file "/home/fabrice/git/pycsl/scratchpad/tmp/.pycsl_y6og56hk.mlw", line 640, characters 17-19: unused variable x0
Warning, file "/home/fabrice/git/pycsl/scratchpad/tmp/.pycsl_y6og56hk.mlw", line 641, characters 17-19: unused variable x0
Warning, file "/home/fabrice/git/pycsl/scratchpad/tmp/.pycsl_y6og56hk.mlw", line 645, characters 26-27: unused variable s
Warning, file "/home/fabrice/git/pycsl/scratchpad/tmp/.pycsl_y6og56hk.mlw", line 693, characters 20-23: unused variable sep
Warning, file "/home/fabrice/git/pycsl/scratchpad/tmp/.pycsl_y6og56hk.mlw", line 693, characters 34-36: unused variable xs
Warning, file "/home/fabrice/git/pycsl/scratchpad/tmp/.pycsl_y6og56hk.mlw", line 701, characters 27-30: unused variable sep
Warning, file "/home/fabrice/git/pycsl/scratchpad/tmp/.pycsl_y6og56hk.mlw", line 701, characters 41-42: unused variable i
Warning, file "/home/fabrice/git/pycsl/scratchpad/tmp/.pycsl_y6og56hk.mlw", line 751, characters 23-27: unused variable self
Warning, file "/home/fabrice/git/pycsl/scratchpad/tmp/.pycsl_y6og56hk.mlw", line 774, characters 79-83: unused variable decl
Warning, file "/home/fabrice/git/pycsl/scratchpad/tmp/.pycsl_y6og56hk.mlw", line 778, characters 49-53: unused variable self
Warning, file "/home/fabrice/git/pycsl/scratchpad/tmp/.pycsl_y6og56hk.mlw", line 780, characters 15-19: unused variable result
Warning, file "/home/fabrice/git/pycsl/scratchpad/tmp/.pycsl_y6og56hk.mlw", line 831, characters 14-29: unused variable py_underscore_2
Warning, file "/home/fabrice/git/pycsl/scratchpad/tmp/.pycsl_y6og56hk.mlw", line 830, characters 14-29: unused variable py_underscore_1
Warning, file "/home/fabrice/git/pycsl/scratchpad/tmp/.pycsl_y6og56hk.mlw", line 829, characters 14-27: unused variable py_underscore
Warning, file "/home/fabrice/git/pycsl/scratchpad/tmp/.pycsl_y6og56hk.mlw", line 825, characters 12-25: unused variable py_underscore
Warning, file "/home/fabrice/git/pycsl/scratchpad/tmp/.pycsl_y6og56hk.mlw", line 812, characters 63-67: unused variable self
Warning, file "/home/fabrice/git/pycsl/scratchpad/tmp/.pycsl_y6og56hk.mlw", line 814, characters 15-19: unused variable result
Warning, file "/home/fabrice/git/pycsl/scratchpad/tmp/.pycsl_y6og56hk.mlw", line 841, characters 46-50: unused variable self
Warning, file "/home/fabrice/git/pycsl/scratchpad/tmp/.pycsl_y6og56hk.mlw", line 841, characters 77-83: unused variable py_val
Warning, file "/home/fabrice/git/pycsl/scratchpad/tmp/.pycsl_y6og56hk.mlw", line 842, characters 15-19: unused variable result
Warning, file "/home/fabrice/git/pycsl/scratchpad/tmp/.pycsl_y6og56hk.mlw", line 881, characters 32-36: unused variable result
Warning, file "/home/fabrice/git/pycsl/scratchpad/tmp/.pycsl_y6og56hk.mlw", line 916, characters 32-36: unused variable result
Warning, file "/home/fabrice/git/pycsl/scratchpad/tmp/.pycsl_y6og56hk.mlw", line 910, characters 32-36: unused variable result
Warning, file "/home/fabrice/git/pycsl/scratchpad/tmp/.pycsl_y6og56hk.mlw", line 903, characters 32-36: unused variable result
Warning, file "/home/fabrice/git/pycsl/scratchpad/tmp/.pycsl_y6og56hk.mlw", line 920, characters 32-36: unused variable result
Warning, file "/home/fabrice/git/pycsl/scratchpad/tmp/.pycsl_y6og56hk.mlw", line 980, characters 32-36: unused variable result
Warning, file "/home/fabrice/git/pycsl/scratchpad/tmp/.pycsl_y6og56hk.mlw", line 1002, characters 32-36: unused variable result
Warning, file "/home/fabrice/git/pycsl/scratchpad/tmp/.pycsl_y6og56hk.mlw", line 1044, characters 32-36: unused variable result
Warning, file "/home/fabrice/git/pycsl/scratchpad/tmp/.pycsl_y6og56hk.mlw", line 1038, characters 32-36: unused variable result
Warning, file "/home/fabrice/git/pycsl/scratchpad/tmp/.pycsl_y6og56hk.mlw", line 1031, characters 32-36: unused variable result
Warning, file "/home/fabrice/git/pycsl/scratchpad/tmp/.pycsl_y6og56hk.mlw", line 1061, characters 32-36: unused variable result
Warning, file "/home/fabrice/git/pycsl/scratchpad/tmp/.pycsl_y6og56hk.mlw", line 1055, characters 32-36: unused variable result
Warning, file "/home/fabrice/git/pycsl/scratchpad/tmp/.pycsl_y6og56hk.mlw", line 1048, characters 32-36: unused variable result
Warning, file "/home/fabrice/git/pycsl/scratchpad/tmp/.pycsl_y6og56hk.mlw", line 1065, characters 32-36: unused variable result
Warning, file "/home/fabrice/git/pycsl/scratchpad/tmp/.pycsl_y6og56hk.mlw", line 1069, characters 15-19: unused variable result
Warning, file "/home/fabrice/git/pycsl/scratchpad/tmp/.pycsl_y6og56hk.mlw", line 1089, characters 34-38: unused variable self
Warning, file "/home/fabrice/git/pycsl/scratchpad/tmp/.pycsl_y6og56hk.mlw", line 1089, characters 65-67: unused variable ir
Warning, file "/home/fabrice/git/pycsl/scratchpad/tmp/.pycsl_y6og56hk.mlw", line 1089, characters 79-89: unused variable local_refs
Warning, file "/home/fabrice/git/pycsl/scratchpad/tmp/.pycsl_y6og56hk.mlw", line 1090, characters 15-19: unused variable result
Warning, file "/home/fabrice/git/pycsl/scratchpad/tmp/.pycsl_y6og56hk.mlw", line 1101, characters 8-11: unused variable elt
Warning, file "/home/fabrice/git/pycsl/scratchpad/tmp/.pycsl_y6og56hk.mlw", line 1098, characters 8-17: unused variable parts_len
Warning, file "/home/fabrice/git/pycsl/scratchpad/tmp/.pycsl_y6og56hk.mlw", line 1092, characters 89-95: unused variable target
Warning, file "/home/fabrice/git/pycsl/scratchpad/tmp/.pycsl_y6og56hk.mlw", line 1094, characters 15-19: unused variable result
Warning, file "/home/fabrice/git/pycsl/scratchpad/tmp/.pycsl_y6og56hk.mlw", line 1122, characters 78-82: unused variable func
Warning, file "/home/fabrice/git/pycsl/scratchpad/tmp/.pycsl_y6og56hk.mlw", line 1122, characters 110-120: unused variable body_stmts
Warning, file "/home/fabrice/git/pycsl/scratchpad/tmp/.pycsl_y6og56hk.mlw", line 1122, characters 134-144: unused variable local_refs
Warning, file "/home/fabrice/git/pycsl/scratchpad/tmp/.pycsl_y6og56hk.mlw", line 1122, characters 169-179: unused variable ghost_vars
Warning, file "/home/fabrice/git/pycsl/scratchpad/tmp/.pycsl_y6og56hk.mlw", line 1122, characters 204-214: unused variable ref_params
Warning, file "/home/fabrice/git/pycsl/scratchpad/tmp/.pycsl_y6og56hk.mlw", line 1122, characters 239-248: unused variable is_method
Warning, file "/home/fabrice/git/pycsl/scratchpad/tmp/.pycsl_y6og56hk.mlw", line 1122, characters 256-267: unused variable return_type
Warning, file "/home/fabrice/git/pycsl/scratchpad/tmp/.pycsl_y6og56hk.mlw", line 1124, characters 15-19: unused variable result
Warning, file "/home/fabrice/git/pycsl/scratchpad/tmp/.pycsl_y6og56hk.mlw", line 1127, characters 81-85: unused variable kind
Warning, file "/home/fabrice/git/pycsl/scratchpad/tmp/.pycsl_y6og56hk.mlw", line 1127, characters 96-102: unused variable indent
Warning, file "/home/fabrice/git/pycsl/scratchpad/tmp/.pycsl_y6og56hk.mlw", line 1127, characters 113-124: unused variable safe_target
Warning, file "/home/fabrice/git/pycsl/scratchpad/tmp/.pycsl_y6og56hk.mlw", line 1127, characters 135-141: unused variable target
Warning, file "/home/fabrice/git/pycsl/scratchpad/tmp/.pycsl_y6og56hk.mlw", line 1127, characters 152-158: unused variable py_val
Warning, file "/home/fabrice/git/pycsl/scratchpad/tmp/.pycsl_y6og56hk.mlw", line 1127, characters 169-175: unused variable val_ir
Warning, file "/home/fabrice/git/pycsl/scratchpad/tmp/.pycsl_y6og56hk.mlw", line 1127, characters 187-197: unused variable local_refs
Warning, file "/home/fabrice/git/pycsl/scratchpad/tmp/.pycsl_y6og56hk.mlw", line 1129, characters 15-19: unused variable result
Warning, file "/home/fabrice/git/pycsl/scratchpad/tmp/.pycsl_y6og56hk.mlw", line 1132, characters 84-96: unused variable assigns_list
Warning, file "/home/fabrice/git/pycsl/scratchpad/tmp/.pycsl_y6og56hk.mlw", line 1132, characters 110-119: unused variable spec_refs
Warning, file "/home/fabrice/git/pycsl/scratchpad/tmp/.pycsl_y6og56hk.mlw", line 1134, characters 15-19: unused variable result
Warning, file "/home/fabrice/git/pycsl/scratchpad/tmp/.pycsl_y6og56hk.mlw", line 1137, characters 104-110: unused variable target
Warning, file "/home/fabrice/git/pycsl/scratchpad/tmp/.pycsl_y6og56hk.mlw", line 1139, characters 15-19: unused variable result
Warning, file "/home/fabrice/git/pycsl/scratchpad/tmp/.pycsl_y6og56hk.mlw", line 1151, characters 77-81: unused variable expr
Warning, file "/home/fabrice/git/pycsl/scratchpad/tmp/.pycsl_y6og56hk.mlw", line 1151, characters 93-103: unused variable local_refs
Warning, file "/home/fabrice/git/pycsl/scratchpad/tmp/.pycsl_y6og56hk.mlw", line 1151, characters 128-141: unused variable invariant_ctx
Warning, file "/home/fabrice/git/pycsl/scratchpad/tmp/.pycsl_y6og56hk.mlw", line 1151, characters 149-154: unused variable subst
Warning, file "/home/fabrice/git/pycsl/scratchpad/tmp/.pycsl_y6og56hk.mlw", line 1152, characters 15-19: unused variable result
Warning, file "/home/fabrice/git/pycsl/scratchpad/tmp/.pycsl_y6og56hk.mlw", line 1155, characters 57-61: unused variable self
Warning, file "/home/fabrice/git/pycsl/scratchpad/tmp/.pycsl_y6og56hk.mlw", line 1155, characters 88-90: unused variable ir
Warning, file "/home/fabrice/git/pycsl/scratchpad/tmp/.pycsl_y6og56hk.mlw", line 1155, characters 102-112: unused variable local_refs
Warning, file "/home/fabrice/git/pycsl/scratchpad/tmp/.pycsl_y6og56hk.mlw", line 1156, characters 15-19: unused variable result
Warning, file "/home/fabrice/git/pycsl/scratchpad/tmp/.pycsl_y6og56hk.mlw", line 1158, characters 44-48: unused variable self
Warning, file "/home/fabrice/git/pycsl/scratchpad/tmp/.pycsl_y6og56hk.mlw", line 1160, characters 15-19: unused variable result
Warning, file "/home/fabrice/git/pycsl/scratchpad/tmp/.pycsl_y6og56hk.mlw", line 1179, characters 8-12: unused variable info
Warning, file "/home/fabrice/git/pycsl/scratchpad/tmp/.pycsl_y6og56hk.mlw", line 1175, characters 15-19: unused variable result
Warning, file "/home/fabrice/git/pycsl/scratchpad/tmp/.pycsl_y6og56hk.mlw", line 1213, characters 8-12: unused variable info
Warning, file "/home/fabrice/git/pycsl/scratchpad/tmp/.pycsl_y6og56hk.mlw", line 1205, characters 15-19: unused variable result
Warning, file "/home/fabrice/git/pycsl/scratchpad/tmp/.pycsl_y6og56hk.mlw", line 1273, characters 15-19: unused variable result
Warning, file "/home/fabrice/git/pycsl/scratchpad/tmp/.pycsl_y6og56hk.mlw", line 1322, characters 15-19: unused variable result
Warning, file "/home/fabrice/git/pycsl/scratchpad/tmp/.pycsl_y6og56hk.mlw", line 1380, characters 15-19: unused variable result
Warning, file "/home/fabrice/git/pycsl/scratchpad/tmp/.pycsl_y6og56hk.mlw", line 1436, characters 85-89: unused variable stmt
Warning, file "/home/fabrice/git/pycsl/scratchpad/tmp/.pycsl_y6og56hk.mlw", line 1436, characters 106-110: unused variable rest
Warning, file "/home/fabrice/git/pycsl/scratchpad/tmp/.pycsl_y6og56hk.mlw", line 1436, characters 124-134: unused variable local_refs
Warning, file "/home/fabrice/git/pycsl/scratchpad/tmp/.pycsl_y6og56hk.mlw", line 1436, characters 159-172: unused variable declared_refs
Warning, file "/home/fabrice/git/pycsl/scratchpad/tmp/.pycsl_y6og56hk.mlw", line 1436, characters 197-203: unused variable indent
Warning, file "/home/fabrice/git/pycsl/scratchpad/tmp/.pycsl_y6og56hk.mlw", line 1436, characters 214-221: unused variable in_loop
Warning, file "/home/fabrice/git/pycsl/scratchpad/tmp/.pycsl_y6og56hk.mlw", line 1438, characters 15-19: unused variable result
Warning, file "/home/fabrice/git/pycsl/scratchpad/tmp/.pycsl_y6og56hk.mlw", line 1455, characters 8-11: unused variable arr
Warning, file "/home/fabrice/git/pycsl/scratchpad/tmp/.pycsl_y6og56hk.mlw", line 1443, characters 15-19: unused variable result
Warning, file "/home/fabrice/git/pycsl/scratchpad/tmp/.pycsl_y6og56hk.mlw", line 1481, characters 82-86: unused variable stmt
Warning, file "/home/fabrice/git/pycsl/scratchpad/tmp/.pycsl_y6og56hk.mlw", line 1481, characters 101-105: unused variable rest
Warning, file "/home/fabrice/git/pycsl/scratchpad/tmp/.pycsl_y6og56hk.mlw", line 1481, characters 119-129: unused variable local_refs
Warning, file "/home/fabrice/git/pycsl/scratchpad/tmp/.pycsl_y6og56hk.mlw", line 1481, characters 154-167: unused variable declared_refs
Warning, file "/home/fabrice/git/pycsl/scratchpad/tmp/.pycsl_y6og56hk.mlw", line 1481, characters 192-198: unused variable indent
Warning, file "/home/fabrice/git/pycsl/scratchpad/tmp/.pycsl_y6og56hk.mlw", line 1481, characters 209-216: unused variable in_loop
Warning, file "/home/fabrice/git/pycsl/scratchpad/tmp/.pycsl_y6og56hk.mlw", line 1483, characters 15-19: unused variable result
Warning, file "/home/fabrice/git/pycsl/scratchpad/tmp/.pycsl_y6og56hk.mlw", line 1486, characters 85-89: unused variable stmt
Warning, file "/home/fabrice/git/pycsl/scratchpad/tmp/.pycsl_y6og56hk.mlw", line 1486, characters 107-111: unused variable rest
Warning, file "/home/fabrice/git/pycsl/scratchpad/tmp/.pycsl_y6og56hk.mlw", line 1486, characters 125-135: unused variable local_refs
Warning, file "/home/fabrice/git/pycsl/scratchpad/tmp/.pycsl_y6og56hk.mlw", line 1486, characters 160-173: unused variable declared_refs
Warning, file "/home/fabrice/git/pycsl/scratchpad/tmp/.pycsl_y6og56hk.mlw", line 1486, characters 198-204: unused variable indent
Warning, file "/home/fabrice/git/pycsl/scratchpad/tmp/.pycsl_y6og56hk.mlw", line 1486, characters 215-222: unused variable in_loop
Warning, file "/home/fabrice/git/pycsl/scratchpad/tmp/.pycsl_y6og56hk.mlw", line 1488, characters 15-19: unused variable result
Warning, file "/home/fabrice/git/pycsl/scratchpad/tmp/.pycsl_y6og56hk.mlw", line 1498, characters 8-11: unused variable var
Warning, file "/home/fabrice/git/pycsl/scratchpad/tmp/.pycsl_y6og56hk.mlw", line 1497, characters 8-24: unused variable let_bindings_len
Warning, file "/home/fabrice/git/pycsl/scratchpad/tmp/.pycsl_y6og56hk.mlw", line 1496, characters 8-21: unused variable seq_parts_len
Warning, file "/home/fabrice/git/pycsl/scratchpad/tmp/.pycsl_y6og56hk.mlw", line 1493, characters 15-19: unused variable result
Warning, file "/home/fabrice/git/pycsl/scratchpad/tmp/.pycsl_y6og56hk.mlw", line 1582, characters 80-84: unused variable stmt
Warning, file "/home/fabrice/git/pycsl/scratchpad/tmp/.pycsl_y6og56hk.mlw", line 1582, characters 97-101: unused variable rest
Warning, file "/home/fabrice/git/pycsl/scratchpad/tmp/.pycsl_y6og56hk.mlw", line 1582, characters 115-125: unused variable local_refs
Warning, file "/home/fabrice/git/pycsl/scratchpad/tmp/.pycsl_y6og56hk.mlw", line 1582, characters 150-163: unused variable declared_refs
Warning, file "/home/fabrice/git/pycsl/scratchpad/tmp/.pycsl_y6og56hk.mlw", line 1582, characters 188-194: unused variable indent
Warning, file "/home/fabrice/git/pycsl/scratchpad/tmp/.pycsl_y6og56hk.mlw", line 1582, characters 205-212: unused variable in_loop
Warning, file "/home/fabrice/git/pycsl/scratchpad/tmp/.pycsl_y6og56hk.mlw", line 1584, characters 15-19: unused variable result
Warning, file "/home/fabrice/git/pycsl/scratchpad/tmp/.pycsl_y6og56hk.mlw", line 1593, characters 8-14: unused variable py_val
Warning, file "/home/fabrice/git/pycsl/scratchpad/tmp/.pycsl_y6og56hk.mlw", line 1589, characters 15-19: unused variable result
Warning, file "/home/fabrice/git/pycsl/scratchpad/tmp/.pycsl_y6og56hk.mlw", line 1669, characters 8-14: unused variable py_val
Warning, file "/home/fabrice/git/pycsl/scratchpad/tmp/.pycsl_y6og56hk.mlw", line 1666, characters 15-19: unused variable result
Warning, file "/home/fabrice/git/pycsl/scratchpad/tmp/.pycsl_y6og56hk.mlw", line 1713, characters 8-14: unused variable py_val
Warning, file "/home/fabrice/git/pycsl/scratchpad/tmp/.pycsl_y6og56hk.mlw", line 1710, characters 15-19: unused variable result
Warning, file "/home/fabrice/git/pycsl/scratchpad/tmp/.pycsl_y6og56hk.mlw", line 1726, characters 88-92: unused variable stmt
Warning, file "/home/fabrice/git/pycsl/scratchpad/tmp/.pycsl_y6og56hk.mlw", line 1726, characters 112-116: unused variable rest
Warning, file "/home/fabrice/git/pycsl/scratchpad/tmp/.pycsl_y6og56hk.mlw", line 1726, characters 130-140: unused variable local_refs
Warning, file "/home/fabrice/git/pycsl/scratchpad/tmp/.pycsl_y6og56hk.mlw", line 1726, characters 165-178: unused variable declared_refs
Warning, file "/home/fabrice/git/pycsl/scratchpad/tmp/.pycsl_y6og56hk.mlw", line 1726, characters 203-209: unused variable indent
Warning, file "/home/fabrice/git/pycsl/scratchpad/tmp/.pycsl_y6og56hk.mlw", line 1726, characters 220-227: unused variable in_loop
Warning, file "/home/fabrice/git/pycsl/scratchpad/tmp/.pycsl_y6og56hk.mlw", line 1728, characters 15-19: unused variable result
Warning, file "/home/fabrice/git/pycsl/scratchpad/tmp/.pycsl_y6og56hk.mlw", line 1731, characters 51-55: unused variable self
Warning, file "/home/fabrice/git/pycsl/scratchpad/tmp/.pycsl_y6og56hk.mlw", line 1731, characters 82-86: unused variable stmt
Warning, file "/home/fabrice/git/pycsl/scratchpad/tmp/.pycsl_y6og56hk.mlw", line 1731, characters 98-102: unused variable rest
Warning, file "/home/fabrice/git/pycsl/scratchpad/tmp/.pycsl_y6og56hk.mlw", line 1731, characters 116-126: unused variable local_refs
Warning, file "/home/fabrice/git/pycsl/scratchpad/tmp/.pycsl_y6og56hk.mlw", line 1731, characters 151-164: unused variable declared_refs
Warning, file "/home/fabrice/git/pycsl/scratchpad/tmp/.pycsl_y6og56hk.mlw", line 1731, characters 189-195: unused variable indent
Warning, file "/home/fabrice/git/pycsl/scratchpad/tmp/.pycsl_y6og56hk.mlw", line 1731, characters 206-213: unused variable in_loop
Warning, file "/home/fabrice/git/pycsl/scratchpad/tmp/.pycsl_y6og56hk.mlw", line 1732, characters 15-19: unused variable result
Warning, file "/home/fabrice/git/pycsl/scratchpad/tmp/.pycsl_y6og56hk.mlw", line 1736, characters 15-19: unused variable result
Warning, file "/home/fabrice/git/pycsl/scratchpad/tmp/.pycsl_y6og56hk.mlw", line 1765, characters 88-92: unused variable stmt
Warning, file "/home/fabrice/git/pycsl/scratchpad/tmp/.pycsl_y6og56hk.mlw", line 1765, characters 112-116: unused variable rest
Warning, file "/home/fabrice/git/pycsl/scratchpad/tmp/.pycsl_y6og56hk.mlw", line 1765, characters 130-140: unused variable local_refs
Warning, file "/home/fabrice/git/pycsl/scratchpad/tmp/.pycsl_y6og56hk.mlw", line 1765, characters 165-178: unused variable declared_refs
Warning, file "/home/fabrice/git/pycsl/scratchpad/tmp/.pycsl_y6og56hk.mlw", line 1765, characters 203-209: unused variable indent
Warning, file "/home/fabrice/git/pycsl/scratchpad/tmp/.pycsl_y6og56hk.mlw", line 1765, characters 220-227: unused variable in_loop
Warning, file "/home/fabrice/git/pycsl/scratchpad/tmp/.pycsl_y6og56hk.mlw", line 1767, characters 15-19: unused variable result
Warning, file "/home/fabrice/git/pycsl/scratchpad/tmp/.pycsl_y6og56hk.mlw", line 1770, characters 48-52: unused variable self
Warning, file "/home/fabrice/git/pycsl/scratchpad/tmp/.pycsl_y6og56hk.mlw", line 1770, characters 79-81: unused variable ir
Warning, file "/home/fabrice/git/pycsl/scratchpad/tmp/.pycsl_y6og56hk.mlw", line 1771, characters 15-19: unused variable result
Warning, file "/home/fabrice/git/pycsl/scratchpad/tmp/.pycsl_y6og56hk.mlw", line 1773, characters 47-51: unused variable self
Warning, file "/home/fabrice/git/pycsl/scratchpad/tmp/.pycsl_y6og56hk.mlw", line 1773, characters 78-80: unused variable ir
Warning, file "/home/fabrice/git/pycsl/scratchpad/tmp/.pycsl_y6og56hk.mlw", line 1774, characters 15-19: unused variable result
Warning, file "/home/fabrice/git/pycsl/scratchpad/tmp/.pycsl_y6og56hk.mlw", line 1790, characters 63-67: unused variable self
Warning, file "/home/fabrice/git/pycsl/scratchpad/tmp/.pycsl_y6og56hk.mlw", line 1790, characters 94-98: unused variable kind
Warning, file "/home/fabrice/git/pycsl/scratchpad/tmp/.pycsl_y6og56hk.mlw", line 1790, characters 106-110: unused variable args
Warning, file "/home/fabrice/git/pycsl/scratchpad/tmp/.pycsl_y6og56hk.mlw", line 1791, characters 15-19: unused variable result
Warning, file "/home/fabrice/git/pycsl/scratchpad/tmp/.pycsl_y6og56hk.mlw", line 1793, characters 54-58: unused variable self
Warning, file "/home/fabrice/git/pycsl/scratchpad/tmp/.pycsl_y6og56hk.mlw", line 1793, characters 85-90: unused variable mutex
Warning, file "/home/fabrice/git/pycsl/scratchpad/tmp/.pycsl_y6og56hk.mlw", line 1793, characters 101-108: unused variable inv_str
Warning, file "/home/fabrice/git/pycsl/scratchpad/tmp/.pycsl_y6og56hk.mlw", line 1794, characters 15-19: unused variable result
Warning, file "/home/fabrice/git/pycsl/scratchpad/tmp/.pycsl_y6og56hk.mlw", line 1796, characters 57-61: unused variable self
Warning, file "/home/fabrice/git/pycsl/scratchpad/tmp/.pycsl_y6og56hk.mlw", line 1796, characters 88-97: unused variable func_name
Warning, file "/home/fabrice/git/pycsl/scratchpad/tmp/.pycsl_y6og56hk.mlw", line 1797, characters 15-19: unused variable result
Warning, file "/home/fabrice/git/pycsl/scratchpad/tmp/.pycsl_y6og56hk.mlw", line 1801, characters 15-19: unused variable result
Warning, file "/home/fabrice/git/pycsl/scratchpad/tmp/.pycsl_y6og56hk.mlw", line 1829, characters 77-83: unused variable val_ir
Warning, file "/home/fabrice/git/pycsl/scratchpad/tmp/.pycsl_y6og56hk.mlw", line 1829, characters 95-105: unused variable local_refs
Warning, file "/home/fabrice/git/pycsl/scratchpad/tmp/.pycsl_y6og56hk.mlw", line 1829, characters 130-136: unused variable target
Warning, file "/home/fabrice/git/pycsl/scratchpad/tmp/.pycsl_y6og56hk.mlw", line 1831, characters 15-19: unused variable result
Warning, file "/home/fabrice/git/pycsl/scratchpad/tmp/.pycsl_y6og56hk.mlw", line 1836, characters 15-19: unused variable result
Warning, file "/home/fabrice/git/pycsl/scratchpad/tmp/.pycsl_y6og56hk.mlw", line 1860, characters 78-83: unused variable stmts
Warning, file "/home/fabrice/git/pycsl/scratchpad/tmp/.pycsl_y6og56hk.mlw", line 1860, characters 97-107: unused variable local_refs
Warning, file "/home/fabrice/git/pycsl/scratchpad/tmp/.pycsl_y6og56hk.mlw", line 1860, characters 132-145: unused variable declared_refs
Warning, file "/home/fabrice/git/pycsl/scratchpad/tmp/.pycsl_y6og56hk.mlw", line 1860, characters 170-176: unused variable indent
Warning, file "/home/fabrice/git/pycsl/scratchpad/tmp/.pycsl_y6og56hk.mlw", line 1860, characters 187-194: unused variable in_loop
Warning, file "/home/fabrice/git/pycsl/scratchpad/tmp/.pycsl_y6og56hk.mlw", line 1862, characters 15-19: unused variable result
Warning, file "/home/fabrice/git/pycsl/scratchpad/tmp/.pycsl_y6og56hk.mlw", line 1868, characters 15-19: unused variable result
Warning, file "/home/fabrice/git/pycsl/scratchpad/tmp/.pycsl_y6og56hk.mlw", line 1882, characters 58-62: unused variable self
Warning, file "/home/fabrice/git/pycsl/scratchpad/tmp/.pycsl_y6og56hk.mlw", line 1882, characters 89-95: unused variable target
Warning, file "/home/fabrice/git/pycsl/scratchpad/tmp/.pycsl_y6og56hk.mlw", line 1882, characters 106-112: unused variable val_ir
Warning, file "/home/fabrice/git/pycsl/scratchpad/tmp/.pycsl_y6og56hk.mlw", line 1885, characters 80-90: unused variable body_stmts
Warning, file "/home/fabrice/git/pycsl/scratchpad/tmp/.pycsl_y6og56hk.mlw", line 1887, characters 15-19: unused variable result
Warning, file "/home/fabrice/git/pycsl/scratchpad/tmp/.pycsl_y6og56hk.mlw", line 1890, characters 44-48: unused variable self
Warning, file "/home/fabrice/git/pycsl/scratchpad/tmp/.pycsl_y6og56hk.mlw", line 1892, characters 15-19: unused variable result
Warning, file "/home/fabrice/git/pycsl/scratchpad/tmp/.pycsl_y6og56hk.mlw", line 1915, characters 15-19: unused variable result
Warning, file "/home/fabrice/git/pycsl/scratchpad/tmp/.pycsl_y6og56hk.mlw", line 1952, characters 19-21: unused variable ir

[+] Verification SUCCESS! All contracts formally proven.
