[*] Parsing and Semantic Analysis for 'src/self-annotate/src/module6_whyml/functions.py'...
[*] Memory model: hoare
[*] Imported from 'module6_whyml.identifiers': ['whyml_ident'] (trusted stubs)
[*] Running Proof Engine (provers: Alt-Ergo,2.6.3 → Z3,4.13.3,)...

--- Verification Results ---
File "/home/fabrice/git/pycsl/scratchpad/tmp/.pycsl_te8_arn7.mlw", line 85, characters 18-37:
Sub-goal variant decrease of goal size_pos'vc.
Prover result is: Valid (0.01s, 23676 steps).

File "/home/fabrice/git/pycsl/scratchpad/tmp/.pycsl_te8_arn7.mlw", line 86, characters 18-36:
Sub-goal variant decrease of goal size_pos'vc.
Prover result is: Valid (0.01s, 23704 steps).

File "/home/fabrice/git/pycsl/scratchpad/tmp/.pycsl_te8_arn7.mlw", line 83, characters 14-27:
Sub-goal postcondition of goal size_pos'vc.
Prover result is: Valid (0.06s, 336149 steps).

File "/home/fabrice/git/pycsl/scratchpad/tmp/.pycsl_te8_arn7.mlw", line 90, characters 41-51:
Sub-goal variant decrease of goal size_list_nonneg'vc.
Prover result is: Valid (0.00s, 6210 steps).

File "/home/fabrice/git/pycsl/scratchpad/tmp/.pycsl_te8_arn7.mlw", line 90, characters 53-71:
Sub-goal variant decrease of goal size_list_nonneg'vc.
Prover result is: Valid (0.00s, 6917 steps).

File "/home/fabrice/git/pycsl/scratchpad/tmp/.pycsl_te8_arn7.mlw", line 89, characters 14-30:
Sub-goal postcondition of goal size_list_nonneg'vc.
Prover result is: Valid (0.01s, 22745 steps).

File "/home/fabrice/git/pycsl/scratchpad/tmp/.pycsl_te8_arn7.mlw", line 93, characters 48-58:
Sub-goal variant decrease of goal size_dict_nonneg'vc.
Prover result is: Valid (0.00s, 6214 steps).

File "/home/fabrice/git/pycsl/scratchpad/tmp/.pycsl_te8_arn7.mlw", line 93, characters 60-81:
Sub-goal variant decrease of goal size_dict_nonneg'vc.
Prover result is: Valid (0.00s, 7278 steps).

File "/home/fabrice/git/pycsl/scratchpad/tmp/.pycsl_te8_arn7.mlw", line 92, characters 14-30:
Sub-goal postcondition of goal size_dict_nonneg'vc.
Prover result is: Valid (0.01s, 23980 steps).

File "/home/fabrice/git/pycsl/scratchpad/tmp/.pycsl_te8_arn7.mlw", line 100, characters 48-68:
Sub-goal variant decrease of goal size_dict_mem'vc.
Prover result is: Valid (0.00s, 7360 steps).

File "/home/fabrice/git/pycsl/scratchpad/tmp/.pycsl_te8_arn7.mlw", line 96, characters 29-49:
Sub-goal postcondition of goal size_dict_mem'vc.
Prover result is: Valid (0.01s, 30876 steps).

File "/home/fabrice/git/pycsl/scratchpad/tmp/.pycsl_te8_arn7.mlw", line 127, characters 24-42:
Sub-goal variant decrease of goal wf_ir_binds'vc.
Prover result is: Valid (0.01s, 9774 steps).

File "/home/fabrice/git/pycsl/scratchpad/tmp/.pycsl_te8_arn7.mlw", line 127, characters 24-42:
Sub-goal precondition of goal wf_ir_binds'vc.
Prover result is: Valid (0.01s, 37589 steps).

File "/home/fabrice/git/pycsl/scratchpad/tmp/.pycsl_te8_arn7.mlw", line 123, characters 52-62:
Sub-goal postcondition of goal wf_ir_binds'vc.
Prover result is: Valid (0.28s, 693315 steps).

File "/home/fabrice/git/pycsl/scratchpad/tmp/.pycsl_te8_arn7.mlw", line 168, characters 59-73:
Sub-goal variant decrease of goal slookup'vc.
Prover result is: Valid (0.01s, 9932 steps).

File "/home/fabrice/git/pycsl/scratchpad/tmp/.pycsl_te8_arn7.mlw", line 179, characters 34-50:
Sub-goal variant decrease of goal sappend'vc.
Prover result is: Valid (0.00s, 9906 steps).

File "/home/fabrice/git/pycsl/scratchpad/tmp/.pycsl_te8_arn7.mlw", line 189, characters 68-86:
Sub-goal variant decrease of goal pget_dyn'vc.
Prover result is: Valid (0.00s, 9952 steps).

File "/home/fabrice/git/pycsl/scratchpad/tmp/.pycsl_te8_arn7.mlw", line 190, characters 24-42:
Sub-goal variant decrease of goal pget_dyn'vc.
Prover result is: Valid (0.01s, 10224 steps).

File "/home/fabrice/git/pycsl/scratchpad/tmp/.pycsl_te8_arn7.mlw", line 186, characters 14-85:
Sub-goal postcondition of goal pget_dyn'vc.
Prover result is: Valid (0.01s, 37492 steps).

File "/home/fabrice/git/pycsl/scratchpad/tmp/.pycsl_te8_arn7.mlw", line 194, characters 14-45:
Sub-goal postcondition of goal pget_list'vc.
Prover result is: Valid (0.01s, 35198 steps).

File "/home/fabrice/git/pycsl/scratchpad/tmp/.pycsl_te8_arn7.mlw", line 194, characters 14-45:
Sub-goal postcondition of goal pget_list'vc.
Prover result is: Valid (0.02s, 64 steps).

File "/home/fabrice/git/pycsl/scratchpad/tmp/.pycsl_te8_arn7.mlw", line 194, characters 14-45:
Sub-goal postcondition of goal pget_list'vc.
Prover result is: Valid (0.05s, 278853 steps).

File "/home/fabrice/git/pycsl/scratchpad/tmp/.pycsl_te8_arn7.mlw", line 213, characters 52-73:
Sub-goal variant decrease of goal pdict_to_sdict'vc.
Prover result is: Valid (0.00s, 9906 steps).

File "/home/fabrice/git/pycsl/scratchpad/tmp/.pycsl_te8_arn7.mlw", line 226, characters 63-76:
Sub-goal variant decrease of goal pairs_get'vc.
Prover result is: Valid (0.01s, 9932 steps).

File "/home/fabrice/git/pycsl/scratchpad/tmp/.pycsl_te8_arn7.mlw", line 246, characters 99-120:
Sub-goal variant decrease of goal hval_list_str_mem'vc.
Prover result is: Valid (0.00s, 11431 steps).

File "/home/fabrice/git/pycsl/scratchpad/tmp/.pycsl_te8_arn7.mlw", line 253, characters 48-63:
Sub-goal variant decrease of goal hval_list_len'vc.
Prover result is: Valid (0.00s, 9902 steps).

File "/home/fabrice/git/pycsl/scratchpad/tmp/.pycsl_te8_arn7.mlw", line 260, characters 43-66:
Sub-goal variant decrease of goal hval_list_nth'vc.
Prover result is: Valid (0.00s, 9938 steps).

File "/home/fabrice/.opam/framac-coq8/share/why3/stdlib/set.mlw", line 538, characters 14-30:
Sub-goal postcondition of goal eq'refn'vc.
Prover result is: Valid (0.01s, 5315 steps).

File "/home/fabrice/git/pycsl/scratchpad/tmp/.pycsl_te8_arn7.mlw", line 400, characters 24-94:
Sub-goal variant decrease of goal functionemissionmixin___build_method_field_old_ensures_map__gtype'vc.
Prover result is: Valid (0.01s, 15448 steps).

File "/home/fabrice/git/pycsl/scratchpad/tmp/.pycsl_te8_arn7.mlw", line 400, characters 24-94:
Sub-goal variant decrease of goal functionemissionmixin___build_method_field_old_ensures_map__gtype'vc.
Prover result is: Valid (0.00s, 15300 steps).

File "/home/fabrice/git/pycsl/scratchpad/tmp/.pycsl_te8_arn7.mlw", line 406, characters 81-153:
Sub-goal variant decrease of goal functionemissionmixin___build_method_field_old_ensures_map__gobject'vc.
Prover result is: Valid (0.01s, 15164 steps).

File "/home/fabrice/git/pycsl/scratchpad/tmp/.pycsl_te8_arn7.mlw", line 407, characters 24-96:
Sub-goal variant decrease of goal functionemissionmixin___build_method_field_old_ensures_map__gobject'vc.
Prover result is: Valid (0.00s, 15436 steps).

File "/home/fabrice/git/pycsl/scratchpad/tmp/.pycsl_te8_arn7.mlw", line 407, characters 24-96:
Sub-goal variant decrease of goal functionemissionmixin___build_method_field_old_ensures_map__gobject'vc.
Prover result is: Valid (0.00s, 15300 steps).

File "/home/fabrice/git/pycsl/scratchpad/tmp/.pycsl_te8_arn7.mlw", line 413, characters 71-140:
Sub-goal variant decrease of goal functionemissionmixin___build_method_field_old_ensures_map__gvar'vc.
Prover result is: Valid (0.00s, 15148 steps).

File "/home/fabrice/git/pycsl/scratchpad/tmp/.pycsl_te8_arn7.mlw", line 414, characters 24-93:
Sub-goal variant decrease of goal functionemissionmixin___build_method_field_old_ensures_map__gvar'vc.
Prover result is: Valid (0.00s, 15420 steps).

File "/home/fabrice/git/pycsl/scratchpad/tmp/.pycsl_te8_arn7.mlw", line 425, characters 113-178:
Sub-goal variant decrease of goal functionemissionmixin___build_method_field_old_ensures_map__cv'vc.
Prover result is: Valid (0.01s, 59180 steps).

File "/home/fabrice/git/pycsl/scratchpad/tmp/.pycsl_te8_arn7.mlw", line 425, characters 113-178:
Sub-goal precondition of goal functionemissionmixin___build_method_field_old_ensures_map__cv'vc.
Prover result is: Valid (0.00s, 5353 steps).

File "/home/fabrice/git/pycsl/scratchpad/tmp/.pycsl_te8_arn7.mlw", line 428, characters 32-97:
Sub-goal variant decrease of goal functionemissionmixin___build_method_field_old_ensures_map__cv'vc.
Prover result is: Valid (0.01s, 61752 steps).

File "/home/fabrice/git/pycsl/scratchpad/tmp/.pycsl_te8_arn7.mlw", line 428, characters 32-97:
Sub-goal precondition of goal functionemissionmixin___build_method_field_old_ensures_map__cv'vc.
Prover result is: Valid (0.00s, 5401 steps).

File "/home/fabrice/git/pycsl/scratchpad/tmp/.pycsl_te8_arn7.mlw", line 429, characters 18-83:
Sub-goal variant decrease of goal functionemissionmixin___build_method_field_old_ensures_map__cv'vc.
Prover result is: Valid (0.01s, 59312 steps).

File "/home/fabrice/git/pycsl/scratchpad/tmp/.pycsl_te8_arn7.mlw", line 429, characters 18-83:
Sub-goal precondition of goal functionemissionmixin___build_method_field_old_ensures_map__cv'vc.
Prover result is: Valid (0.01s, 5387 steps).

File "/home/fabrice/git/pycsl/scratchpad/tmp/.pycsl_te8_arn7.mlw", line 430, characters 19-84:
Sub-goal variant decrease of goal functionemissionmixin___build_method_field_old_ensures_map__cv'vc.
Prover result is: Valid (0.01s, 56796 steps).

File "/home/fabrice/git/pycsl/scratchpad/tmp/.pycsl_te8_arn7.mlw", line 430, characters 19-84:
Sub-goal precondition of goal functionemissionmixin___build_method_field_old_ensures_map__cv'vc.
Prover result is: Valid (0.00s, 5324 steps).

File "/home/fabrice/git/pycsl/scratchpad/tmp/.pycsl_te8_arn7.mlw", line 431, characters 18-84:
Sub-goal variant decrease of goal functionemissionmixin___build_method_field_old_ensures_map__cv'vc.
Prover result is: Valid (0.01s, 56796 steps).

File "/home/fabrice/git/pycsl/scratchpad/tmp/.pycsl_te8_arn7.mlw", line 431, characters 18-84:
Sub-goal precondition of goal functionemissionmixin___build_method_field_old_ensures_map__cv'vc.
Prover result is: Valid (0.00s, 5324 steps).

File "/home/fabrice/git/pycsl/scratchpad/tmp/.pycsl_te8_arn7.mlw", line 418, characters 32-36:
Sub-goal postcondition of goal functionemissionmixin___build_method_field_old_ensures_map__cv'vc.
Prover result is: Valid (0.00s, 5315 steps).

File "/home/fabrice/git/pycsl/scratchpad/tmp/.pycsl_te8_arn7.mlw", line 438, characters 23-87:
Sub-goal variant decrease of goal functionemissionmixin___build_method_field_old_ensures_map__cdf'vc.
Prover result is: Valid (0.01s, 60910 steps).

File "/home/fabrice/git/pycsl/scratchpad/tmp/.pycsl_te8_arn7.mlw", line 438, characters 23-87:
Sub-goal precondition of goal functionemissionmixin___build_method_field_old_ensures_map__cdf'vc.
Prover result is: Valid (0.00s, 5341 steps).

File "/home/fabrice/git/pycsl/scratchpad/tmp/.pycsl_te8_arn7.mlw", line 438, characters 106-174:
Sub-goal variant decrease of goal functionemissionmixin___build_method_field_old_ensures_map__cdf'vc.
Prover result is: Valid (0.01s, 60876 steps).

File "/home/fabrice/git/pycsl/scratchpad/tmp/.pycsl_te8_arn7.mlw", line 438, characters 106-174:
Sub-goal precondition of goal functionemissionmixin___build_method_field_old_ensures_map__cdf'vc.
Prover result is: Valid (0.00s, 5341 steps).

File "/home/fabrice/git/pycsl/scratchpad/tmp/.pycsl_te8_arn7.mlw", line 435, characters 32-36:
Sub-goal postcondition of goal functionemissionmixin___build_method_field_old_ensures_map__cdf'vc.
Prover result is: Valid (0.01s, 5315 steps).

File "/home/fabrice/git/pycsl/scratchpad/tmp/.pycsl_te8_arn7.mlw", line 442, characters 33-97:
Sub-goal variant decrease of goal functionemissionmixin___build_method_field_old_ensures_map__clf'vc.
Prover result is: Valid (0.01s, 59964 steps).

File "/home/fabrice/git/pycsl/scratchpad/tmp/.pycsl_te8_arn7.mlw", line 442, characters 33-97:
Sub-goal precondition of goal functionemissionmixin___build_method_field_old_ensures_map__clf'vc.
Prover result is: Valid (0.00s, 5267 steps).

File "/home/fabrice/git/pycsl/scratchpad/tmp/.pycsl_te8_arn7.mlw", line 442, characters 116-181:
Sub-goal variant decrease of goal functionemissionmixin___build_method_field_old_ensures_map__clf'vc.
Prover result is: Valid (0.01s, 60005 steps).

File "/home/fabrice/git/pycsl/scratchpad/tmp/.pycsl_te8_arn7.mlw", line 442, characters 116-181:
Sub-goal precondition of goal functionemissionmixin___build_method_field_old_ensures_map__clf'vc.
Prover result is: Valid (0.00s, 5267 steps).

File "/home/fabrice/git/pycsl/scratchpad/tmp/.pycsl_te8_arn7.mlw", line 440, characters 32-36:
Sub-goal postcondition of goal functionemissionmixin___build_method_field_old_ensures_map__clf'vc.
Prover result is: Valid (0.01s, 5315 steps).

File "/home/fabrice/git/pycsl/scratchpad/tmp/.pycsl_te8_arn7.mlw", line 447, characters 77-152:
Sub-goal variant decrease of goal functionemissionmixin___build_method_field_old_ensures_map__gcontracts'vc.
Prover result is: Valid (0.00s, 15148 steps).

File "/home/fabrice/git/pycsl/scratchpad/tmp/.pycsl_te8_arn7.mlw", line 448, characters 24-99:
Sub-goal variant decrease of goal functionemissionmixin___build_method_field_old_ensures_map__gcontracts'vc.
Prover result is: Valid (0.01s, 15420 steps).

File "/home/fabrice/git/pycsl/scratchpad/tmp/.pycsl_te8_arn7.mlw", line 454, characters 75-148:
Sub-goal variant decrease of goal functionemissionmixin___build_method_field_old_ensures_map__gensures'vc.
Prover result is: Valid (0.01s, 15148 steps).

File "/home/fabrice/git/pycsl/scratchpad/tmp/.pycsl_te8_arn7.mlw", line 455, characters 24-97:
Sub-goal variant decrease of goal functionemissionmixin___build_method_field_old_ensures_map__gensures'vc.
Prover result is: Valid (0.00s, 15420 steps).

File "/home/fabrice/git/pycsl/scratchpad/tmp/.pycsl_te8_arn7.mlw", line 462, characters 24-94:
Sub-goal variant decrease of goal functionemissionmixin___build_method_field_old_ensures_map__gname'vc.
Prover result is: Valid (0.00s, 15448 steps).

File "/home/fabrice/git/pycsl/scratchpad/tmp/.pycsl_te8_arn7.mlw", line 462, characters 24-94:
Sub-goal variant decrease of goal functionemissionmixin___build_method_field_old_ensures_map__gname'vc.
Prover result is: Valid (0.00s, 15300 steps).

File "/home/fabrice/git/pycsl/scratchpad/tmp/.pycsl_te8_arn7.mlw", line 470, characters 38-102:
Sub-goal precondition of goal functionemissionmixin___build_method_field_old_ensures_map__filt'vc.
Prover result is: Valid (0.00s, 5267 steps).

File "/home/fabrice/git/pycsl/scratchpad/tmp/.pycsl_te8_arn7.mlw", line 470, characters 126-197:
Sub-goal variant decrease of goal functionemissionmixin___build_method_field_old_ensures_map__filt'vc.
Prover result is: Valid (0.01s, 60048 steps).

File "/home/fabrice/git/pycsl/scratchpad/tmp/.pycsl_te8_arn7.mlw", line 470, characters 126-197:
Sub-goal precondition of goal functionemissionmixin___build_method_field_old_ensures_map__filt'vc.
Prover result is: Valid (0.00s, 5284 steps).

File "/home/fabrice/git/pycsl/scratchpad/tmp/.pycsl_te8_arn7.mlw", line 470, characters 203-272:
Sub-goal variant decrease of goal functionemissionmixin___build_method_field_old_ensures_map__filt'vc.
Prover result is: Valid (0.01s, 62384 steps).

File "/home/fabrice/git/pycsl/scratchpad/tmp/.pycsl_te8_arn7.mlw", line 470, characters 203-272:
Sub-goal precondition of goal functionemissionmixin___build_method_field_old_ensures_map__filt'vc.
Prover result is: Valid (0.00s, 5288 steps).

File "/home/fabrice/git/pycsl/scratchpad/tmp/.pycsl_te8_arn7.mlw", line 467, characters 32-36:
Sub-goal postcondition of goal functionemissionmixin___build_method_field_old_ensures_map__filt'vc.
Prover result is: Valid (0.00s, 5315 steps).

File "/home/fabrice/git/pycsl/scratchpad/tmp/.pycsl_te8_arn7.mlw", line 473, characters 32-36:
Sub-goal postcondition of goal functionemissionmixin___build_method_field_old_ensures_map__f'vc.
Prover result is: Valid (0.00s, 5276 steps).

File "/home/fabrice/git/pycsl/scratchpad/tmp/.pycsl_te8_arn7.mlw", line 480, characters 149-216:
Sub-goal precondition of goal functionemissionmixin___build_method_field_old_ensures_map__f'vc.
Prover result is: Valid (0.00s, 5284 steps).

File "/home/fabrice/git/pycsl/scratchpad/tmp/.pycsl_te8_arn7.mlw", line 490, characters 8-78:
Sub-goal variant decrease of goal functionemissionmixin___build_method_field_old_ensures_map__f'vc.
Prover result is: Valid (0.01s, 17344 steps).

File "/home/fabrice/git/pycsl/scratchpad/tmp/.pycsl_te8_arn7.mlw", line 490, characters 8-78:
Sub-goal precondition of goal functionemissionmixin___build_method_field_old_ensures_map__f'vc.
Prover result is: Valid (0.00s, 5448 steps).

File "/home/fabrice/git/pycsl/scratchpad/tmp/.pycsl_te8_arn7.mlw", line 473, characters 32-36:
Sub-goal postcondition of goal functionemissionmixin___build_method_field_old_ensures_map__f'vc.
Prover result is: Valid (0.01s, 5448 steps).

File "/home/fabrice/git/pycsl/scratchpad/tmp/.pycsl_te8_arn7.mlw", line 490, characters 8-78:
Sub-goal variant decrease of goal functionemissionmixin___build_method_field_old_ensures_map__f'vc.
Prover result is: Valid (0.01s, 16819 steps).

File "/home/fabrice/git/pycsl/scratchpad/tmp/.pycsl_te8_arn7.mlw", line 490, characters 8-78:
Sub-goal precondition of goal functionemissionmixin___build_method_field_old_ensures_map__f'vc.
Prover result is: Valid (0.01s, 5858 steps).

File "/home/fabrice/git/pycsl/scratchpad/tmp/.pycsl_te8_arn7.mlw", line 473, characters 32-36:
Sub-goal postcondition of goal functionemissionmixin___build_method_field_old_ensures_map__f'vc.
Prover result is: Valid (0.01s, 5858 steps).

File "/home/fabrice/git/pycsl/scratchpad/tmp/.pycsl_te8_arn7.mlw", line 490, characters 8-78:
Sub-goal variant decrease of goal functionemissionmixin___build_method_field_old_ensures_map__f'vc.
Prover result is: Valid (0.01s, 15608 steps).

File "/home/fabrice/git/pycsl/scratchpad/tmp/.pycsl_te8_arn7.mlw", line 490, characters 8-78:
Sub-goal precondition of goal functionemissionmixin___build_method_field_old_ensures_map__f'vc.
Prover result is: Valid (0.00s, 5452 steps).

File "/home/fabrice/git/pycsl/scratchpad/tmp/.pycsl_te8_arn7.mlw", line 473, characters 32-36:
Sub-goal postcondition of goal functionemissionmixin___build_method_field_old_ensures_map__f'vc.
Prover result is: Valid (0.01s, 5452 steps).

File "/home/fabrice/git/pycsl/scratchpad/tmp/.pycsl_te8_arn7.mlw", line 490, characters 8-78:
Sub-goal variant decrease of goal functionemissionmixin___build_method_field_old_ensures_map__f'vc.
Prover result is: Valid (0.01s, 15143 steps).

File "/home/fabrice/git/pycsl/scratchpad/tmp/.pycsl_te8_arn7.mlw", line 490, characters 8-78:
Sub-goal precondition of goal functionemissionmixin___build_method_field_old_ensures_map__f'vc.
Prover result is: Valid (0.00s, 5349 steps).

File "/home/fabrice/git/pycsl/scratchpad/tmp/.pycsl_te8_arn7.mlw", line 473, characters 32-36:
Sub-goal postcondition of goal functionemissionmixin___build_method_field_old_ensures_map__f'vc.
Prover result is: Valid (0.00s, 5349 steps).

File "/home/fabrice/git/pycsl/scratchpad/tmp/.pycsl_te8_arn7.mlw", line 495, characters 40-108:
Sub-goal precondition of goal functionemissionmixin___build_method_field_old_ensures_map'vc.
Prover result is: Valid (0.01s, 5324 steps).

File "/home/fabrice/git/pycsl/scratchpad/tmp/.pycsl_te8_arn7.mlw", line 493, characters 32-36:
Sub-goal postcondition of goal functionemissionmixin___build_method_field_old_ensures_map'vc.
Prover result is: Valid (0.01s, 5337 steps).

File "/home/fabrice/git/pycsl/scratchpad/tmp/.pycsl_te8_arn7.mlw", line 493, characters 32-36:
Sub-goal postcondition of goal functionemissionmixin___build_method_field_old_ensures_map'vc.
Prover result is: Valid (0.00s, 5384 steps).

File "/home/fabrice/git/pycsl/scratchpad/tmp/.pycsl_te8_arn7.mlw", line 500, characters 57-133:
Sub-goal variant decrease of goal functionemissionmixin___build_method_field_param_frame_ensures_map__lmem'vc.
Prover result is: Valid (0.01s, 14935 steps).

File "/home/fabrice/git/pycsl/scratchpad/tmp/.pycsl_te8_arn7.mlw", line 500, characters 57-133:
Sub-goal precondition of goal functionemissionmixin___build_method_field_param_frame_ensures_map__lmem'vc.
Prover result is: Valid (0.00s, 5280 steps).

File "/home/fabrice/git/pycsl/scratchpad/tmp/.pycsl_te8_arn7.mlw", line 501, characters 18-94:
Sub-goal variant decrease of goal functionemissionmixin___build_method_field_param_frame_ensures_map__lmem'vc.
Prover result is: Valid (0.01s, 15091 steps).

File "/home/fabrice/git/pycsl/scratchpad/tmp/.pycsl_te8_arn7.mlw", line 501, characters 18-94:
Sub-goal precondition of goal functionemissionmixin___build_method_field_param_frame_ensures_map__lmem'vc.
Prover result is: Valid (0.01s, 5336 steps).

File "/home/fabrice/git/pycsl/scratchpad/tmp/.pycsl_te8_arn7.mlw", line 498, characters 32-36:
Sub-goal postcondition of goal functionemissionmixin___build_method_field_param_frame_ensures_map__lmem'vc.
Prover result is: Valid (0.00s, 5315 steps).

File "/home/fabrice/git/pycsl/scratchpad/tmp/.pycsl_te8_arn7.mlw", line 507, characters 24-102:
Sub-goal variant decrease of goal functionemissionmixin___build_method_field_param_frame_ensures_map__gtype'vc.
Prover result is: Valid (0.00s, 15448 steps).

File "/home/fabrice/git/pycsl/scratchpad/tmp/.pycsl_te8_arn7.mlw", line 507, characters 24-102:
Sub-goal variant decrease of goal functionemissionmixin___build_method_field_param_frame_ensures_map__gtype'vc.
Prover result is: Valid (0.01s, 15300 steps).

File "/home/fabrice/git/pycsl/scratchpad/tmp/.pycsl_te8_arn7.mlw", line 514, characters 24-100:
Sub-goal variant decrease of goal functionemissionmixin___build_method_field_param_frame_ensures_map__gnm'vc.
Prover result is: Valid (0.00s, 15448 steps).

File "/home/fabrice/git/pycsl/scratchpad/tmp/.pycsl_te8_arn7.mlw", line 514, characters 24-100:
Sub-goal variant decrease of goal functionemissionmixin___build_method_field_param_frame_ensures_map__gnm'vc.
Prover result is: Valid (0.00s, 15300 steps).

File "/home/fabrice/git/pycsl/scratchpad/tmp/.pycsl_te8_arn7.mlw", line 520, characters 78-155:
Sub-goal variant decrease of goal functionemissionmixin___build_method_field_param_frame_ensures_map__gvar'vc.
Prover result is: Valid (0.00s, 15164 steps).

File "/home/fabrice/git/pycsl/scratchpad/tmp/.pycsl_te8_arn7.mlw", line 521, characters 24-101:
Sub-goal variant decrease of goal functionemissionmixin___build_method_field_param_frame_ensures_map__gvar'vc.
Prover result is: Valid (0.01s, 15436 steps).

File "/home/fabrice/git/pycsl/scratchpad/tmp/.pycsl_te8_arn7.mlw", line 521, characters 24-101:
Sub-goal variant decrease of goal functionemissionmixin___build_method_field_param_frame_ensures_map__gvar'vc.
Prover result is: Valid (0.00s, 15300 steps).

File "/home/fabrice/git/pycsl/scratchpad/tmp/.pycsl_te8_arn7.mlw", line 527, characters 81-161:
Sub-goal variant decrease of goal functionemissionmixin___build_method_field_param_frame_ensures_map__gobject'vc.
Prover result is: Valid (0.01s, 15164 steps).

File "/home/fabrice/git/pycsl/scratchpad/tmp/.pycsl_te8_arn7.mlw", line 528, characters 24-104:
Sub-goal variant decrease of goal functionemissionmixin___build_method_field_param_frame_ensures_map__gobject'vc.
Prover result is: Valid (0.01s, 15436 steps).

File "/home/fabrice/git/pycsl/scratchpad/tmp/.pycsl_te8_arn7.mlw", line 528, characters 24-104:
Sub-goal variant decrease of goal functionemissionmixin___build_method_field_param_frame_ensures_map__gobject'vc.
Prover result is: Valid (0.01s, 15300 steps).

File "/home/fabrice/git/pycsl/scratchpad/tmp/.pycsl_te8_arn7.mlw", line 535, characters 24-100:
Sub-goal variant decrease of goal functionemissionmixin___build_method_field_param_frame_ensures_map__gop'vc.
Prover result is: Valid (0.01s, 15448 steps).

File "/home/fabrice/git/pycsl/scratchpad/tmp/.pycsl_te8_arn7.mlw", line 535, characters 24-100:
Sub-goal variant decrease of goal functionemissionmixin___build_method_field_param_frame_ensures_map__gop'vc.
Prover result is: Valid (0.00s, 15300 steps).

File "/home/fabrice/git/pycsl/scratchpad/tmp/.pycsl_te8_arn7.mlw", line 542, characters 24-103:
Sub-goal variant decrease of goal functionemissionmixin___build_method_field_param_frame_ensures_map__gvalue'vc.
Prover result is: Valid (0.01s, 15432 steps).

File "/home/fabrice/git/pycsl/scratchpad/tmp/.pycsl_te8_arn7.mlw", line 548, characters 71-150:
Sub-goal variant decrease of goal functionemissionmixin___build_method_field_param_frame_ensures_map__gvarpv'vc.
Prover result is: Valid (0.01s, 15148 steps).

File "/home/fabrice/git/pycsl/scratchpad/tmp/.pycsl_te8_arn7.mlw", line 549, characters 24-103:
Sub-goal variant decrease of goal functionemissionmixin___build_method_field_param_frame_ensures_map__gvarpv'vc.
Prover result is: Valid (0.00s, 15420 steps).

File "/home/fabrice/git/pycsl/scratchpad/tmp/.pycsl_te8_arn7.mlw", line 556, characters 24-102:
Sub-goal variant decrease of goal functionemissionmixin___build_method_field_param_frame_ensures_map__gleft'vc.
Prover result is: Valid (0.01s, 15432 steps).

File "/home/fabrice/git/pycsl/scratchpad/tmp/.pycsl_te8_arn7.mlw", line 563, characters 24-103:
Sub-goal variant decrease of goal functionemissionmixin___build_method_field_param_frame_ensures_map__gright'vc.
Prover result is: Valid (0.00s, 15432 steps).

File "/home/fabrice/git/pycsl/scratchpad/tmp/.pycsl_te8_arn7.mlw", line 577, characters 125-203:
Sub-goal precondition of goal functionemissionmixin___build_method_field_param_frame_ensures_map__cv'vc.
Prover result is: Valid (0.00s, 5372 steps).

File "/home/fabrice/git/pycsl/scratchpad/tmp/.pycsl_te8_arn7.mlw", line 578, characters 125-203:
Sub-goal precondition of goal functionemissionmixin___build_method_field_param_frame_ensures_map__cv'vc.
Prover result is: Valid (0.00s, 5386 steps).

File "/home/fabrice/git/pycsl/scratchpad/tmp/.pycsl_te8_arn7.mlw", line 582, characters 48-125:
Sub-goal precondition of goal functionemissionmixin___build_method_field_param_frame_ensures_map__cv'vc.
Prover result is: Valid (0.01s, 5381 steps).

File "/home/fabrice/git/pycsl/scratchpad/tmp/.pycsl_te8_arn7.mlw", line 583, characters 77-154:
Sub-goal precondition of goal functionemissionmixin___build_method_field_param_frame_ensures_map__cv'vc.
Prover result is: Valid (0.01s, 5381 steps).

File "/home/fabrice/git/pycsl/scratchpad/tmp/.pycsl_te8_arn7.mlw", line 590, characters 113-192:
Sub-goal variant decrease of goal functionemissionmixin___build_method_field_param_frame_ensures_map__cv'vc.
Prover result is: Valid (0.01s, 59343 steps).

File "/home/fabrice/git/pycsl/scratchpad/tmp/.pycsl_te8_arn7.mlw", line 590, characters 113-192:
Sub-goal precondition of goal functionemissionmixin___build_method_field_param_frame_ensures_map__cv'vc.
Prover result is: Valid (0.00s, 5399 steps).

File "/home/fabrice/git/pycsl/scratchpad/tmp/.pycsl_te8_arn7.mlw", line 591, characters 50-129:
Sub-goal variant decrease of goal functionemissionmixin___build_method_field_param_frame_ensures_map__cv'vc.
Prover result is: Valid (0.01s, 59313 steps).

File "/home/fabrice/git/pycsl/scratchpad/tmp/.pycsl_te8_arn7.mlw", line 591, characters 50-129:
Sub-goal precondition of goal functionemissionmixin___build_method_field_param_frame_ensures_map__cv'vc.
Prover result is: Valid (0.00s, 5390 steps).

File "/home/fabrice/git/pycsl/scratchpad/tmp/.pycsl_te8_arn7.mlw", line 592, characters 25-104:
Sub-goal variant decrease of goal functionemissionmixin___build_method_field_param_frame_ensures_map__cv'vc.
Prover result is: Valid (0.01s, 59860 steps).

File "/home/fabrice/git/pycsl/scratchpad/tmp/.pycsl_te8_arn7.mlw", line 592, characters 25-104:
Sub-goal precondition of goal functionemissionmixin___build_method_field_param_frame_ensures_map__cv'vc.
Prover result is: Valid (0.00s, 5459 steps).

File "/home/fabrice/git/pycsl/scratchpad/tmp/.pycsl_te8_arn7.mlw", line 592, characters 25-104:
Sub-goal variant decrease of goal functionemissionmixin___build_method_field_param_frame_ensures_map__cv'vc.
Prover result is: Valid (0.01s, 59313 steps).

File "/home/fabrice/git/pycsl/scratchpad/tmp/.pycsl_te8_arn7.mlw", line 592, characters 25-104:
Sub-goal precondition of goal functionemissionmixin___build_method_field_param_frame_ensures_map__cv'vc.
Prover result is: Valid (0.00s, 5390 steps).

File "/home/fabrice/git/pycsl/scratchpad/tmp/.pycsl_te8_arn7.mlw", line 596, characters 36-115:
Sub-goal variant decrease of goal functionemissionmixin___build_method_field_param_frame_ensures_map__cv'vc.
Prover result is: Valid (0.01s, 64284 steps).

File "/home/fabrice/git/pycsl/scratchpad/tmp/.pycsl_te8_arn7.mlw", line 596, characters 36-115:
Sub-goal precondition of goal functionemissionmixin___build_method_field_param_frame_ensures_map__cv'vc.
Prover result is: Valid (0.00s, 5427 steps).

File "/home/fabrice/git/pycsl/scratchpad/tmp/.pycsl_te8_arn7.mlw", line 597, characters 18-97:
Sub-goal variant decrease of goal functionemissionmixin___build_method_field_param_frame_ensures_map__cv'vc.
Prover result is: Valid (0.01s, 59453 steps).

File "/home/fabrice/git/pycsl/scratchpad/tmp/.pycsl_te8_arn7.mlw", line 597, characters 18-97:
Sub-goal precondition of goal functionemissionmixin___build_method_field_param_frame_ensures_map__cv'vc.
Prover result is: Valid (0.00s, 5426 steps).

File "/home/fabrice/git/pycsl/scratchpad/tmp/.pycsl_te8_arn7.mlw", line 598, characters 19-98:
Sub-goal variant decrease of goal functionemissionmixin___build_method_field_param_frame_ensures_map__cv'vc.
Prover result is: Valid (0.01s, 56796 steps).

File "/home/fabrice/git/pycsl/scratchpad/tmp/.pycsl_te8_arn7.mlw", line 598, characters 19-98:
Sub-goal precondition of goal functionemissionmixin___build_method_field_param_frame_ensures_map__cv'vc.
Prover result is: Valid (0.00s, 5324 steps).

File "/home/fabrice/git/pycsl/scratchpad/tmp/.pycsl_te8_arn7.mlw", line 599, characters 18-98:
Sub-goal variant decrease of goal functionemissionmixin___build_method_field_param_frame_ensures_map__cv'vc.
Prover result is: Valid (0.01s, 56796 steps).

File "/home/fabrice/git/pycsl/scratchpad/tmp/.pycsl_te8_arn7.mlw", line 599, characters 18-98:
Sub-goal precondition of goal functionemissionmixin___build_method_field_param_frame_ensures_map__cv'vc.
Prover result is: Valid (0.00s, 5324 steps).

File "/home/fabrice/git/pycsl/scratchpad/tmp/.pycsl_te8_arn7.mlw", line 567, characters 32-36:
Sub-goal postcondition of goal functionemissionmixin___build_method_field_param_frame_ensures_map__cv'vc.
Prover result is: Valid (0.00s, 5315 steps).

File "/home/fabrice/git/pycsl/scratchpad/tmp/.pycsl_te8_arn7.mlw", line 606, characters 31-109:
Sub-goal variant decrease of goal functionemissionmixin___build_method_field_param_frame_ensures_map__cdf'vc.
Prover result is: Valid (0.01s, 60910 steps).

File "/home/fabrice/git/pycsl/scratchpad/tmp/.pycsl_te8_arn7.mlw", line 606, characters 31-109:
Sub-goal precondition of goal functionemissionmixin___build_method_field_param_frame_ensures_map__cdf'vc.
Prover result is: Valid (0.01s, 5341 steps).

File "/home/fabrice/git/pycsl/scratchpad/tmp/.pycsl_te8_arn7.mlw", line 606, characters 136-218:
Sub-goal variant decrease of goal functionemissionmixin___build_method_field_param_frame_ensures_map__cdf'vc.
Prover result is: Valid (0.01s, 60876 steps).

File "/home/fabrice/git/pycsl/scratchpad/tmp/.pycsl_te8_arn7.mlw", line 606, characters 136-218:
Sub-goal precondition of goal functionemissionmixin___build_method_field_param_frame_ensures_map__cdf'vc.
Prover result is: Valid (0.00s, 5341 steps).

File "/home/fabrice/git/pycsl/scratchpad/tmp/.pycsl_te8_arn7.mlw", line 603, characters 32-36:
Sub-goal postcondition of goal functionemissionmixin___build_method_field_param_frame_ensures_map__cdf'vc.
Prover result is: Valid (0.00s, 5315 steps).

File "/home/fabrice/git/pycsl/scratchpad/tmp/.pycsl_te8_arn7.mlw", line 610, characters 41-119:
Sub-goal variant decrease of goal functionemissionmixin___build_method_field_param_frame_ensures_map__clf'vc.
Prover result is: Valid (0.01s, 59964 steps).

File "/home/fabrice/git/pycsl/scratchpad/tmp/.pycsl_te8_arn7.mlw", line 610, characters 41-119:
Sub-goal precondition of goal functionemissionmixin___build_method_field_param_frame_ensures_map__clf'vc.
Prover result is: Valid (0.01s, 5267 steps).

File "/home/fabrice/git/pycsl/scratchpad/tmp/.pycsl_te8_arn7.mlw", line 610, characters 146-225:
Sub-goal variant decrease of goal functionemissionmixin___build_method_field_param_frame_ensures_map__clf'vc.
Prover result is: Valid (0.01s, 60005 steps).

File "/home/fabrice/git/pycsl/scratchpad/tmp/.pycsl_te8_arn7.mlw", line 610, characters 146-225:
Sub-goal precondition of goal functionemissionmixin___build_method_field_param_frame_ensures_map__clf'vc.
Prover result is: Valid (0.00s, 5267 steps).

File "/home/fabrice/git/pycsl/scratchpad/tmp/.pycsl_te8_arn7.mlw", line 608, characters 32-36:
Sub-goal postcondition of goal functionemissionmixin___build_method_field_param_frame_ensures_map__clf'vc.
Prover result is: Valid (0.00s, 5315 steps).

File "/home/fabrice/git/pycsl/scratchpad/tmp/.pycsl_te8_arn7.mlw", line 626, characters 22-99:
Sub-goal variant decrease of goal functionemissionmixin___build_method_field_param_frame_ensures_map__ftt'vc.
Prover result is: Valid (0.01s, 64207 steps).

File "/home/fabrice/git/pycsl/scratchpad/tmp/.pycsl_te8_arn7.mlw", line 626, characters 22-99:
Sub-goal precondition of goal functionemissionmixin___build_method_field_param_frame_ensures_map__ftt'vc.
Prover result is: Valid (0.00s, 5430 steps).

File "/home/fabrice/git/pycsl/scratchpad/tmp/.pycsl_te8_arn7.mlw", line 627, characters 18-95:
Sub-goal variant decrease of goal functionemissionmixin___build_method_field_param_frame_ensures_map__ftt'vc.
Prover result is: Valid (0.01s, 59148 steps).

File "/home/fabrice/git/pycsl/scratchpad/tmp/.pycsl_te8_arn7.mlw", line 627, characters 18-95:
Sub-goal precondition of goal functionemissionmixin___build_method_field_param_frame_ensures_map__ftt'vc.
Prover result is: Valid (0.01s, 5355 steps).

File "/home/fabrice/git/pycsl/scratchpad/tmp/.pycsl_te8_arn7.mlw", line 628, characters 19-96:
Sub-goal variant decrease of goal functionemissionmixin___build_method_field_param_frame_ensures_map__ftt'vc.
Prover result is: Valid (0.01s, 56796 steps).

File "/home/fabrice/git/pycsl/scratchpad/tmp/.pycsl_te8_arn7.mlw", line 628, characters 19-96:
Sub-goal precondition of goal functionemissionmixin___build_method_field_param_frame_ensures_map__ftt'vc.
Prover result is: Valid (0.00s, 5324 steps).

File "/home/fabrice/git/pycsl/scratchpad/tmp/.pycsl_te8_arn7.mlw", line 629, characters 18-96:
Sub-goal variant decrease of goal functionemissionmixin___build_method_field_param_frame_ensures_map__ftt'vc.
Prover result is: Valid (0.01s, 56796 steps).

File "/home/fabrice/git/pycsl/scratchpad/tmp/.pycsl_te8_arn7.mlw", line 629, characters 18-96:
Sub-goal precondition of goal functionemissionmixin___build_method_field_param_frame_ensures_map__ftt'vc.
Prover result is: Valid (0.00s, 5324 steps).

File "/home/fabrice/git/pycsl/scratchpad/tmp/.pycsl_te8_arn7.mlw", line 616, characters 32-36:
Sub-goal postcondition of goal functionemissionmixin___build_method_field_param_frame_ensures_map__ftt'vc.
Prover result is: Valid (0.00s, 5315 steps).

File "/home/fabrice/git/pycsl/scratchpad/tmp/.pycsl_te8_arn7.mlw", line 636, characters 15-88:
Sub-goal variant decrease of goal functionemissionmixin___build_method_field_param_frame_ensures_map__ftt_cdf'vc.
Prover result is: Valid (0.01s, 60910 steps).

File "/home/fabrice/git/pycsl/scratchpad/tmp/.pycsl_te8_arn7.mlw", line 636, characters 15-88:
Sub-goal precondition of goal functionemissionmixin___build_method_field_param_frame_ensures_map__ftt_cdf'vc.
Prover result is: Valid (0.00s, 5341 steps).

File "/home/fabrice/git/pycsl/scratchpad/tmp/.pycsl_te8_arn7.mlw", line 636, characters 121-201:
Sub-goal variant decrease of goal functionemissionmixin___build_method_field_param_frame_ensures_map__ftt_cdf'vc.
Prover result is: Valid (0.02s, 60876 steps).

File "/home/fabrice/git/pycsl/scratchpad/tmp/.pycsl_te8_arn7.mlw", line 636, characters 121-201:
Sub-goal precondition of goal functionemissionmixin___build_method_field_param_frame_ensures_map__ftt_cdf'vc.
Prover result is: Valid (0.00s, 5341 steps).

File "/home/fabrice/git/pycsl/scratchpad/tmp/.pycsl_te8_arn7.mlw", line 633, characters 32-36:
Sub-goal postcondition of goal functionemissionmixin___build_method_field_param_frame_ensures_map__ftt_cdf'vc.
Prover result is: Valid (0.01s, 5315 steps).

File "/home/fabrice/git/pycsl/scratchpad/tmp/.pycsl_te8_arn7.mlw", line 640, characters 25-98:
Sub-goal variant decrease of goal functionemissionmixin___build_method_field_param_frame_ensures_map__ftt_clf'vc.
Prover result is: Valid (0.01s, 59964 steps).

File "/home/fabrice/git/pycsl/scratchpad/tmp/.pycsl_te8_arn7.mlw", line 640, characters 25-98:
Sub-goal precondition of goal functionemissionmixin___build_method_field_param_frame_ensures_map__ftt_clf'vc.
Prover result is: Valid (0.01s, 5267 steps).

File "/home/fabrice/git/pycsl/scratchpad/tmp/.pycsl_te8_arn7.mlw", line 640, characters 131-208:
Sub-goal variant decrease of goal functionemissionmixin___build_method_field_param_frame_ensures_map__ftt_clf'vc.
Prover result is: Valid (0.01s, 60005 steps).

File "/home/fabrice/git/pycsl/scratchpad/tmp/.pycsl_te8_arn7.mlw", line 640, characters 131-208:
Sub-goal precondition of goal functionemissionmixin___build_method_field_param_frame_ensures_map__ftt_clf'vc.
Prover result is: Valid (0.01s, 5267 steps).

File "/home/fabrice/git/pycsl/scratchpad/tmp/.pycsl_te8_arn7.mlw", line 638, characters 32-36:
Sub-goal postcondition of goal functionemissionmixin___build_method_field_param_frame_ensures_map__ftt_clf'vc.
Prover result is: Valid (0.00s, 5315 steps).

File "/home/fabrice/git/pycsl/scratchpad/tmp/.pycsl_te8_arn7.mlw", line 645, characters 77-160:
Sub-goal variant decrease of goal functionemissionmixin___build_method_field_param_frame_ensures_map__gcontracts'vc.
Prover result is: Valid (0.01s, 15148 steps).

File "/home/fabrice/git/pycsl/scratchpad/tmp/.pycsl_te8_arn7.mlw", line 646, characters 24-107:
Sub-goal variant decrease of goal functionemissionmixin___build_method_field_param_frame_ensures_map__gcontracts'vc.
Prover result is: Valid (0.00s, 15420 steps).

File "/home/fabrice/git/pycsl/scratchpad/tmp/.pycsl_te8_arn7.mlw", line 652, characters 75-156:
Sub-goal variant decrease of goal functionemissionmixin___build_method_field_param_frame_ensures_map__gensures'vc.
Prover result is: Valid (0.01s, 15148 steps).

File "/home/fabrice/git/pycsl/scratchpad/tmp/.pycsl_te8_arn7.mlw", line 653, characters 24-105:
Sub-goal variant decrease of goal functionemissionmixin___build_method_field_param_frame_ensures_map__gensures'vc.
Prover result is: Valid (0.00s, 15420 steps).

File "/home/fabrice/git/pycsl/scratchpad/tmp/.pycsl_te8_arn7.mlw", line 660, characters 24-102:
Sub-goal variant decrease of goal functionemissionmixin___build_method_field_param_frame_ensures_map__gname'vc.
Prover result is: Valid (0.00s, 15448 steps).

File "/home/fabrice/git/pycsl/scratchpad/tmp/.pycsl_te8_arn7.mlw", line 660, characters 24-102:
Sub-goal variant decrease of goal functionemissionmixin___build_method_field_param_frame_ensures_map__gname'vc.
Prover result is: Valid (0.01s, 15300 steps).

File "/home/fabrice/git/pycsl/scratchpad/tmp/.pycsl_te8_arn7.mlw", line 666, characters 81-161:
Sub-goal variant decrease of goal functionemissionmixin___build_method_field_param_frame_ensures_map__gparams'vc.
Prover result is: Valid (0.00s, 15148 steps).

File "/home/fabrice/git/pycsl/scratchpad/tmp/.pycsl_te8_arn7.mlw", line 667, characters 24-104:
Sub-goal variant decrease of goal functionemissionmixin___build_method_field_param_frame_ensures_map__gparams'vc.
Prover result is: Valid (0.01s, 15420 steps).

File "/home/fabrice/git/pycsl/scratchpad/tmp/.pycsl_te8_arn7.mlw", line 673, characters 83-159:
Sub-goal variant decrease of goal functionemissionmixin___build_method_field_param_frame_ensures_map__gpf'vc.
Prover result is: Valid (0.01s, 15148 steps).

File "/home/fabrice/git/pycsl/scratchpad/tmp/.pycsl_te8_arn7.mlw", line 674, characters 24-100:
Sub-goal variant decrease of goal functionemissionmixin___build_method_field_param_frame_ensures_map__gpf'vc.
Prover result is: Valid (0.00s, 15420 steps).

File "/home/fabrice/git/pycsl/scratchpad/tmp/.pycsl_te8_arn7.mlw", line 682, characters 44-123:
Sub-goal precondition of goal functionemissionmixin___build_method_field_param_frame_ensures_map__filt'vc.
Prover result is: Valid (0.01s, 5267 steps).

File "/home/fabrice/git/pycsl/scratchpad/tmp/.pycsl_te8_arn7.mlw", line 682, characters 154-227:
Sub-goal precondition of goal functionemissionmixin___build_method_field_param_frame_ensures_map__filt'vc.
Prover result is: Valid (0.00s, 5287 steps).

File "/home/fabrice/git/pycsl/scratchpad/tmp/.pycsl_te8_arn7.mlw", line 682, characters 423-505:
Sub-goal variant decrease of goal functionemissionmixin___build_method_field_param_frame_ensures_map__filt'vc.
Prover result is: Valid (0.01s, 59925 steps).

File "/home/fabrice/git/pycsl/scratchpad/tmp/.pycsl_te8_arn7.mlw", line 682, characters 423-505:
Sub-goal precondition of goal functionemissionmixin___build_method_field_param_frame_ensures_map__filt'vc.
Prover result is: Valid (0.00s, 5355 steps).

File "/home/fabrice/git/pycsl/scratchpad/tmp/.pycsl_te8_arn7.mlw", line 682, characters 511-591:
Sub-goal variant decrease of goal functionemissionmixin___build_method_field_param_frame_ensures_map__filt'vc.
Prover result is: Valid (0.01s, 60875 steps).

File "/home/fabrice/git/pycsl/scratchpad/tmp/.pycsl_te8_arn7.mlw", line 682, characters 511-591:
Sub-goal precondition of goal functionemissionmixin___build_method_field_param_frame_ensures_map__filt'vc.
Prover result is: Valid (0.00s, 5386 steps).

File "/home/fabrice/git/pycsl/scratchpad/tmp/.pycsl_te8_arn7.mlw", line 679, characters 32-36:
Sub-goal postcondition of goal functionemissionmixin___build_method_field_param_frame_ensures_map__filt'vc.
Prover result is: Valid (0.00s, 5315 steps).

File "/home/fabrice/git/pycsl/scratchpad/tmp/.pycsl_te8_arn7.mlw", line 685, characters 32-36:
Sub-goal postcondition of goal functionemissionmixin___build_method_field_param_frame_ensures_map__f'vc.
Prover result is: Valid (0.01s, 5276 steps).

File "/home/fabrice/git/pycsl/scratchpad/tmp/.pycsl_te8_arn7.mlw", line 694, characters 157-235:
Sub-goal precondition of goal functionemissionmixin___build_method_field_param_frame_ensures_map__f'vc.
Prover result is: Valid (0.01s, 5352 steps).

File "/home/fabrice/git/pycsl/scratchpad/tmp/.pycsl_te8_arn7.mlw", line 704, characters 8-86:
Sub-goal variant decrease of goal functionemissionmixin___build_method_field_param_frame_ensures_map__f'vc.
Prover result is: Valid (0.01s, 16214 steps).

File "/home/fabrice/git/pycsl/scratchpad/tmp/.pycsl_te8_arn7.mlw", line 704, characters 8-86:
Sub-goal precondition of goal functionemissionmixin___build_method_field_param_frame_ensures_map__f'vc.
Prover result is: Valid (0.01s, 5662 steps).

File "/home/fabrice/git/pycsl/scratchpad/tmp/.pycsl_te8_arn7.mlw", line 685, characters 32-36:
Sub-goal postcondition of goal functionemissionmixin___build_method_field_param_frame_ensures_map__f'vc.
Prover result is: Valid (0.00s, 5662 steps).

File "/home/fabrice/git/pycsl/scratchpad/tmp/.pycsl_te8_arn7.mlw", line 704, characters 8-86:
Sub-goal variant decrease of goal functionemissionmixin___build_method_field_param_frame_ensures_map__f'vc.
Prover result is: Valid (0.01s, 19836 steps).

File "/home/fabrice/git/pycsl/scratchpad/tmp/.pycsl_te8_arn7.mlw", line 704, characters 8-86:
Sub-goal precondition of goal functionemissionmixin___build_method_field_param_frame_ensures_map__f'vc.
Prover result is: Valid (0.00s, 6080 steps).

File "/home/fabrice/git/pycsl/scratchpad/tmp/.pycsl_te8_arn7.mlw", line 685, characters 32-36:
Sub-goal postcondition of goal functionemissionmixin___build_method_field_param_frame_ensures_map__f'vc.
Prover result is: Valid (0.01s, 6080 steps).

File "/home/fabrice/git/pycsl/scratchpad/tmp/.pycsl_te8_arn7.mlw", line 704, characters 8-86:
Sub-goal variant decrease of goal functionemissionmixin___build_method_field_param_frame_ensures_map__f'vc.
Prover result is: Valid (0.01s, 18443 steps).

File "/home/fabrice/git/pycsl/scratchpad/tmp/.pycsl_te8_arn7.mlw", line 704, characters 8-86:
Sub-goal precondition of goal functionemissionmixin___build_method_field_param_frame_ensures_map__f'vc.
Prover result is: Valid (0.00s, 5674 steps).

File "/home/fabrice/git/pycsl/scratchpad/tmp/.pycsl_te8_arn7.mlw", line 685, characters 32-36:
Sub-goal postcondition of goal functionemissionmixin___build_method_field_param_frame_ensures_map__f'vc.
Prover result is: Valid (0.00s, 5674 steps).

File "/home/fabrice/git/pycsl/scratchpad/tmp/.pycsl_te8_arn7.mlw", line 704, characters 8-86:
Sub-goal variant decrease of goal functionemissionmixin___build_method_field_param_frame_ensures_map__f'vc.
Prover result is: Valid (0.01s, 15143 steps).

File "/home/fabrice/git/pycsl/scratchpad/tmp/.pycsl_te8_arn7.mlw", line 704, characters 8-86:
Sub-goal precondition of goal functionemissionmixin___build_method_field_param_frame_ensures_map__f'vc.
Prover result is: Valid (0.00s, 5349 steps).

File "/home/fabrice/git/pycsl/scratchpad/tmp/.pycsl_te8_arn7.mlw", line 685, characters 32-36:
Sub-goal postcondition of goal functionemissionmixin___build_method_field_param_frame_ensures_map__f'vc.
Prover result is: Valid (0.00s, 5349 steps).

File "/home/fabrice/git/pycsl/scratchpad/tmp/.pycsl_te8_arn7.mlw", line 709, characters 40-116:
Sub-goal precondition of goal functionemissionmixin___build_method_field_param_frame_ensures_map'vc.
Prover result is: Valid (0.01s, 5324 steps).

File "/home/fabrice/git/pycsl/scratchpad/tmp/.pycsl_te8_arn7.mlw", line 707, characters 32-36:
Sub-goal postcondition of goal functionemissionmixin___build_method_field_param_frame_ensures_map'vc.
Prover result is: Valid (0.00s, 5337 steps).

File "/home/fabrice/git/pycsl/scratchpad/tmp/.pycsl_te8_arn7.mlw", line 707, characters 32-36:
Sub-goal postcondition of goal functionemissionmixin___build_method_field_param_frame_ensures_map'vc.
Prover result is: Valid (0.00s, 5384 steps).

File "/home/fabrice/git/pycsl/scratchpad/tmp/.pycsl_te8_arn7.mlw", line 714, characters 57-132:
Sub-goal variant decrease of goal functionemissionmixin___build_method_field_param_post_ensures_map__lmem'vc.
Prover result is: Valid (0.01s, 14935 steps).

File "/home/fabrice/git/pycsl/scratchpad/tmp/.pycsl_te8_arn7.mlw", line 714, characters 57-132:
Sub-goal precondition of goal functionemissionmixin___build_method_field_param_post_ensures_map__lmem'vc.
Prover result is: Valid (0.00s, 5280 steps).

File "/home/fabrice/git/pycsl/scratchpad/tmp/.pycsl_te8_arn7.mlw", line 715, characters 18-93:
Sub-goal variant decrease of goal functionemissionmixin___build_method_field_param_post_ensures_map__lmem'vc.
Prover result is: Valid (0.01s, 15091 steps).

File "/home/fabrice/git/pycsl/scratchpad/tmp/.pycsl_te8_arn7.mlw", line 715, characters 18-93:
Sub-goal precondition of goal functionemissionmixin___build_method_field_param_post_ensures_map__lmem'vc.
Prover result is: Valid (0.00s, 5336 steps).

File "/home/fabrice/git/pycsl/scratchpad/tmp/.pycsl_te8_arn7.mlw", line 712, characters 32-36:
Sub-goal postcondition of goal functionemissionmixin___build_method_field_param_post_ensures_map__lmem'vc.
Prover result is: Valid (0.00s, 5315 steps).

File "/home/fabrice/git/pycsl/scratchpad/tmp/.pycsl_te8_arn7.mlw", line 721, characters 24-101:
Sub-goal variant decrease of goal functionemissionmixin___build_method_field_param_post_ensures_map__gtype'vc.
Prover result is: Valid (0.00s, 15448 steps).

File "/home/fabrice/git/pycsl/scratchpad/tmp/.pycsl_te8_arn7.mlw", line 721, characters 24-101:
Sub-goal variant decrease of goal functionemissionmixin___build_method_field_param_post_ensures_map__gtype'vc.
Prover result is: Valid (0.01s, 15300 steps).

File "/home/fabrice/git/pycsl/scratchpad/tmp/.pycsl_te8_arn7.mlw", line 728, characters 24-99:
Sub-goal variant decrease of goal functionemissionmixin___build_method_field_param_post_ensures_map__gnm'vc.
Prover result is: Valid (0.00s, 15448 steps).

File "/home/fabrice/git/pycsl/scratchpad/tmp/.pycsl_te8_arn7.mlw", line 728, characters 24-99:
Sub-goal variant decrease of goal functionemissionmixin___build_method_field_param_post_ensures_map__gnm'vc.
Prover result is: Valid (0.01s, 15300 steps).

File "/home/fabrice/git/pycsl/scratchpad/tmp/.pycsl_te8_arn7.mlw", line 734, characters 78-154:
Sub-goal variant decrease of goal functionemissionmixin___build_method_field_param_post_ensures_map__gvar'vc.
Prover result is: Valid (0.00s, 15164 steps).

File "/home/fabrice/git/pycsl/scratchpad/tmp/.pycsl_te8_arn7.mlw", line 735, characters 24-100:
Sub-goal variant decrease of goal functionemissionmixin___build_method_field_param_post_ensures_map__gvar'vc.
Prover result is: Valid (0.01s, 15436 steps).

File "/home/fabrice/git/pycsl/scratchpad/tmp/.pycsl_te8_arn7.mlw", line 735, characters 24-100:
Sub-goal variant decrease of goal functionemissionmixin___build_method_field_param_post_ensures_map__gvar'vc.
Prover result is: Valid (0.00s, 15300 steps).

File "/home/fabrice/git/pycsl/scratchpad/tmp/.pycsl_te8_arn7.mlw", line 741, characters 81-160:
Sub-goal variant decrease of goal functionemissionmixin___build_method_field_param_post_ensures_map__gobject'vc.
Prover result is: Valid (0.00s, 15164 steps).

File "/home/fabrice/git/pycsl/scratchpad/tmp/.pycsl_te8_arn7.mlw", line 742, characters 24-103:
Sub-goal variant decrease of goal functionemissionmixin___build_method_field_param_post_ensures_map__gobject'vc.
Prover result is: Valid (0.01s, 15436 steps).

File "/home/fabrice/git/pycsl/scratchpad/tmp/.pycsl_te8_arn7.mlw", line 742, characters 24-103:
Sub-goal variant decrease of goal functionemissionmixin___build_method_field_param_post_ensures_map__gobject'vc.
Prover result is: Valid (0.00s, 15300 steps).

File "/home/fabrice/git/pycsl/scratchpad/tmp/.pycsl_te8_arn7.mlw", line 749, characters 24-102:
Sub-goal variant decrease of goal functionemissionmixin___build_method_field_param_post_ensures_map__gvalue'vc.
Prover result is: Valid (0.01s, 15432 steps).

File "/home/fabrice/git/pycsl/scratchpad/tmp/.pycsl_te8_arn7.mlw", line 756, characters 71-149:
Sub-goal variant decrease of goal functionemissionmixin___build_method_field_param_post_ensures_map__gvarpv'vc.
Prover result is: Valid (0.01s, 15148 steps).

File "/home/fabrice/git/pycsl/scratchpad/tmp/.pycsl_te8_arn7.mlw", line 757, characters 24-102:
Sub-goal variant decrease of goal functionemissionmixin___build_method_field_param_post_ensures_map__gvarpv'vc.
Prover result is: Valid (0.00s, 15420 steps).

File "/home/fabrice/git/pycsl/scratchpad/tmp/.pycsl_te8_arn7.mlw", line 770, characters 122-199:
Sub-goal precondition of goal functionemissionmixin___build_method_field_param_post_ensures_map__cv'vc.
Prover result is: Valid (0.00s, 5396 steps).

File "/home/fabrice/git/pycsl/scratchpad/tmp/.pycsl_te8_arn7.mlw", line 774, characters 69-145:
Sub-goal precondition of goal functionemissionmixin___build_method_field_param_post_ensures_map__cv'vc.
Prover result is: Valid (0.00s, 5405 steps).

File "/home/fabrice/git/pycsl/scratchpad/tmp/.pycsl_te8_arn7.mlw", line 780, characters 106-181:
Sub-goal variant decrease of goal functionemissionmixin___build_method_field_param_post_ensures_map__cv'vc.
Prover result is: Valid (0.01s, 59386 steps).

File "/home/fabrice/git/pycsl/scratchpad/tmp/.pycsl_te8_arn7.mlw", line 780, characters 106-181:
Sub-goal precondition of goal functionemissionmixin___build_method_field_param_post_ensures_map__cv'vc.
Prover result is: Valid (0.00s, 5423 steps).

File "/home/fabrice/git/pycsl/scratchpad/tmp/.pycsl_te8_arn7.mlw", line 781, characters 50-125:
Sub-goal variant decrease of goal functionemissionmixin___build_method_field_param_post_ensures_map__cv'vc.
Prover result is: Valid (0.01s, 59356 steps).

File "/home/fabrice/git/pycsl/scratchpad/tmp/.pycsl_te8_arn7.mlw", line 781, characters 50-125:
Sub-goal precondition of goal functionemissionmixin___build_method_field_param_post_ensures_map__cv'vc.
Prover result is: Valid (0.00s, 5414 steps).

File "/home/fabrice/git/pycsl/scratchpad/tmp/.pycsl_te8_arn7.mlw", line 782, characters 25-100:
Sub-goal variant decrease of goal functionemissionmixin___build_method_field_param_post_ensures_map__cv'vc.
Prover result is: Valid (0.01s, 59903 steps).

File "/home/fabrice/git/pycsl/scratchpad/tmp/.pycsl_te8_arn7.mlw", line 782, characters 25-100:
Sub-goal precondition of goal functionemissionmixin___build_method_field_param_post_ensures_map__cv'vc.
Prover result is: Valid (0.01s, 5483 steps).

File "/home/fabrice/git/pycsl/scratchpad/tmp/.pycsl_te8_arn7.mlw", line 782, characters 25-100:
Sub-goal variant decrease of goal functionemissionmixin___build_method_field_param_post_ensures_map__cv'vc.
Prover result is: Valid (0.01s, 59356 steps).

File "/home/fabrice/git/pycsl/scratchpad/tmp/.pycsl_te8_arn7.mlw", line 782, characters 25-100:
Sub-goal precondition of goal functionemissionmixin___build_method_field_param_post_ensures_map__cv'vc.
Prover result is: Valid (0.01s, 5414 steps).

File "/home/fabrice/git/pycsl/scratchpad/tmp/.pycsl_te8_arn7.mlw", line 783, characters 18-93:
Sub-goal variant decrease of goal functionemissionmixin___build_method_field_param_post_ensures_map__cv'vc.
Prover result is: Valid (0.01s, 59386 steps).

File "/home/fabrice/git/pycsl/scratchpad/tmp/.pycsl_te8_arn7.mlw", line 783, characters 18-93:
Sub-goal precondition of goal functionemissionmixin___build_method_field_param_post_ensures_map__cv'vc.
Prover result is: Valid (0.01s, 5423 steps).

File "/home/fabrice/git/pycsl/scratchpad/tmp/.pycsl_te8_arn7.mlw", line 784, characters 19-94:
Sub-goal variant decrease of goal functionemissionmixin___build_method_field_param_post_ensures_map__cv'vc.
Prover result is: Valid (0.01s, 56796 steps).

File "/home/fabrice/git/pycsl/scratchpad/tmp/.pycsl_te8_arn7.mlw", line 784, characters 19-94:
Sub-goal precondition of goal functionemissionmixin___build_method_field_param_post_ensures_map__cv'vc.
Prover result is: Valid (0.01s, 5324 steps).

File "/home/fabrice/git/pycsl/scratchpad/tmp/.pycsl_te8_arn7.mlw", line 785, characters 18-94:
Sub-goal variant decrease of goal functionemissionmixin___build_method_field_param_post_ensures_map__cv'vc.
Prover result is: Valid (0.01s, 56796 steps).

File "/home/fabrice/git/pycsl/scratchpad/tmp/.pycsl_te8_arn7.mlw", line 785, characters 18-94:
Sub-goal precondition of goal functionemissionmixin___build_method_field_param_post_ensures_map__cv'vc.
Prover result is: Valid (0.00s, 5324 steps).

File "/home/fabrice/git/pycsl/scratchpad/tmp/.pycsl_te8_arn7.mlw", line 760, characters 32-36:
Sub-goal postcondition of goal functionemissionmixin___build_method_field_param_post_ensures_map__cv'vc.
Prover result is: Valid (0.00s, 5315 steps).

File "/home/fabrice/git/pycsl/scratchpad/tmp/.pycsl_te8_arn7.mlw", line 792, characters 27-101:
Sub-goal variant decrease of goal functionemissionmixin___build_method_field_param_post_ensures_map__cdf'vc.
Prover result is: Valid (0.01s, 60910 steps).

File "/home/fabrice/git/pycsl/scratchpad/tmp/.pycsl_te8_arn7.mlw", line 792, characters 27-101:
Sub-goal precondition of goal functionemissionmixin___build_method_field_param_post_ensures_map__cdf'vc.
Prover result is: Valid (0.00s, 5341 steps).

File "/home/fabrice/git/pycsl/scratchpad/tmp/.pycsl_te8_arn7.mlw", line 792, characters 124-202:
Sub-goal variant decrease of goal functionemissionmixin___build_method_field_param_post_ensures_map__cdf'vc.
Prover result is: Valid (0.01s, 60876 steps).

File "/home/fabrice/git/pycsl/scratchpad/tmp/.pycsl_te8_arn7.mlw", line 792, characters 124-202:
Sub-goal precondition of goal functionemissionmixin___build_method_field_param_post_ensures_map__cdf'vc.
Prover result is: Valid (0.01s, 5341 steps).

File "/home/fabrice/git/pycsl/scratchpad/tmp/.pycsl_te8_arn7.mlw", line 789, characters 32-36:
Sub-goal postcondition of goal functionemissionmixin___build_method_field_param_post_ensures_map__cdf'vc.
Prover result is: Valid (0.00s, 5315 steps).

File "/home/fabrice/git/pycsl/scratchpad/tmp/.pycsl_te8_arn7.mlw", line 796, characters 37-111:
Sub-goal variant decrease of goal functionemissionmixin___build_method_field_param_post_ensures_map__clf'vc.
Prover result is: Valid (0.01s, 59964 steps).

File "/home/fabrice/git/pycsl/scratchpad/tmp/.pycsl_te8_arn7.mlw", line 796, characters 37-111:
Sub-goal precondition of goal functionemissionmixin___build_method_field_param_post_ensures_map__clf'vc.
Prover result is: Valid (0.01s, 5267 steps).

File "/home/fabrice/git/pycsl/scratchpad/tmp/.pycsl_te8_arn7.mlw", line 796, characters 134-209:
Sub-goal variant decrease of goal functionemissionmixin___build_method_field_param_post_ensures_map__clf'vc.
Prover result is: Valid (0.01s, 60005 steps).

File "/home/fabrice/git/pycsl/scratchpad/tmp/.pycsl_te8_arn7.mlw", line 796, characters 134-209:
Sub-goal precondition of goal functionemissionmixin___build_method_field_param_post_ensures_map__clf'vc.
Prover result is: Valid (0.01s, 5267 steps).

File "/home/fabrice/git/pycsl/scratchpad/tmp/.pycsl_te8_arn7.mlw", line 794, characters 32-36:
Sub-goal postcondition of goal functionemissionmixin___build_method_field_param_post_ensures_map__clf'vc.
Prover result is: Valid (0.00s, 5315 steps).

File "/home/fabrice/git/pycsl/scratchpad/tmp/.pycsl_te8_arn7.mlw", line 801, characters 77-159:
Sub-goal variant decrease of goal functionemissionmixin___build_method_field_param_post_ensures_map__gcontracts'vc.
Prover result is: Valid (0.00s, 15148 steps).

File "/home/fabrice/git/pycsl/scratchpad/tmp/.pycsl_te8_arn7.mlw", line 802, characters 24-106:
Sub-goal variant decrease of goal functionemissionmixin___build_method_field_param_post_ensures_map__gcontracts'vc.
Prover result is: Valid (0.00s, 15420 steps).

File "/home/fabrice/git/pycsl/scratchpad/tmp/.pycsl_te8_arn7.mlw", line 808, characters 75-155:
Sub-goal variant decrease of goal functionemissionmixin___build_method_field_param_post_ensures_map__gensures'vc.
Prover result is: Valid (0.00s, 15148 steps).

File "/home/fabrice/git/pycsl/scratchpad/tmp/.pycsl_te8_arn7.mlw", line 809, characters 24-104:
Sub-goal variant decrease of goal functionemissionmixin___build_method_field_param_post_ensures_map__gensures'vc.
Prover result is: Valid (0.00s, 15420 steps).

File "/home/fabrice/git/pycsl/scratchpad/tmp/.pycsl_te8_arn7.mlw", line 816, characters 24-101:
Sub-goal variant decrease of goal functionemissionmixin___build_method_field_param_post_ensures_map__gname'vc.
Prover result is: Valid (0.01s, 15448 steps).

File "/home/fabrice/git/pycsl/scratchpad/tmp/.pycsl_te8_arn7.mlw", line 816, characters 24-101:
Sub-goal variant decrease of goal functionemissionmixin___build_method_field_param_post_ensures_map__gname'vc.
Prover result is: Valid (0.01s, 15300 steps).

File "/home/fabrice/git/pycsl/scratchpad/tmp/.pycsl_te8_arn7.mlw", line 822, characters 81-160:
Sub-goal variant decrease of goal functionemissionmixin___build_method_field_param_post_ensures_map__gparams'vc.
Prover result is: Valid (0.00s, 15148 steps).

File "/home/fabrice/git/pycsl/scratchpad/tmp/.pycsl_te8_arn7.mlw", line 823, characters 24-103:
Sub-goal variant decrease of goal functionemissionmixin___build_method_field_param_post_ensures_map__gparams'vc.
Prover result is: Valid (0.01s, 15420 steps).

File "/home/fabrice/git/pycsl/scratchpad/tmp/.pycsl_te8_arn7.mlw", line 831, characters 41-115:
Sub-goal precondition of goal functionemissionmixin___build_method_field_param_post_ensures_map__filt'vc.
Prover result is: Valid (0.01s, 5267 steps).

File "/home/fabrice/git/pycsl/scratchpad/tmp/.pycsl_te8_arn7.mlw", line 831, characters 144-225:
Sub-goal variant decrease of goal functionemissionmixin___build_method_field_param_post_ensures_map__filt'vc.
Prover result is: Valid (0.01s, 60078 steps).

File "/home/fabrice/git/pycsl/scratchpad/tmp/.pycsl_te8_arn7.mlw", line 831, characters 144-225:
Sub-goal precondition of goal functionemissionmixin___build_method_field_param_post_ensures_map__filt'vc.
Prover result is: Valid (0.00s, 5301 steps).

File "/home/fabrice/git/pycsl/scratchpad/tmp/.pycsl_te8_arn7.mlw", line 831, characters 231-310:
Sub-goal variant decrease of goal functionemissionmixin___build_method_field_param_post_ensures_map__filt'vc.
Prover result is: Valid (0.01s, 67021 steps).

File "/home/fabrice/git/pycsl/scratchpad/tmp/.pycsl_te8_arn7.mlw", line 831, characters 231-310:
Sub-goal precondition of goal functionemissionmixin___build_method_field_param_post_ensures_map__filt'vc.
Prover result is: Valid (0.00s, 5306 steps).

File "/home/fabrice/git/pycsl/scratchpad/tmp/.pycsl_te8_arn7.mlw", line 828, characters 32-36:
Sub-goal postcondition of goal functionemissionmixin___build_method_field_param_post_ensures_map__filt'vc.
Prover result is: Valid (0.00s, 5315 steps).

File "/home/fabrice/git/pycsl/scratchpad/tmp/.pycsl_te8_arn7.mlw", line 834, characters 32-36:
Sub-goal postcondition of goal functionemissionmixin___build_method_field_param_post_ensures_map__f'vc.
Prover result is: Valid (0.01s, 5276 steps).

File "/home/fabrice/git/pycsl/scratchpad/tmp/.pycsl_te8_arn7.mlw", line 842, characters 156-233:
Sub-goal precondition of goal functionemissionmixin___build_method_field_param_post_ensures_map__f'vc.
Prover result is: Valid (0.00s, 5155 steps).

File "/home/fabrice/git/pycsl/scratchpad/tmp/.pycsl_te8_arn7.mlw", line 852, characters 8-85:
Sub-goal variant decrease of goal functionemissionmixin___build_method_field_param_post_ensures_map__f'vc.
Prover result is: Valid (0.00s, 17353 steps).

File "/home/fabrice/git/pycsl/scratchpad/tmp/.pycsl_te8_arn7.mlw", line 852, characters 8-85:
Sub-goal precondition of goal functionemissionmixin___build_method_field_param_post_ensures_map__f'vc.
Prover result is: Valid (0.01s, 5457 steps).

File "/home/fabrice/git/pycsl/scratchpad/tmp/.pycsl_te8_arn7.mlw", line 834, characters 32-36:
Sub-goal postcondition of goal functionemissionmixin___build_method_field_param_post_ensures_map__f'vc.
Prover result is: Valid (0.00s, 5457 steps).

File "/home/fabrice/git/pycsl/scratchpad/tmp/.pycsl_te8_arn7.mlw", line 852, characters 8-85:
Sub-goal variant decrease of goal functionemissionmixin___build_method_field_param_post_ensures_map__f'vc.
Prover result is: Valid (0.01s, 16828 steps).

File "/home/fabrice/git/pycsl/scratchpad/tmp/.pycsl_te8_arn7.mlw", line 852, characters 8-85:
Sub-goal precondition of goal functionemissionmixin___build_method_field_param_post_ensures_map__f'vc.
Prover result is: Valid (0.00s, 5867 steps).

File "/home/fabrice/git/pycsl/scratchpad/tmp/.pycsl_te8_arn7.mlw", line 834, characters 32-36:
Sub-goal postcondition of goal functionemissionmixin___build_method_field_param_post_ensures_map__f'vc.
Prover result is: Valid (0.01s, 5867 steps).

File "/home/fabrice/git/pycsl/scratchpad/tmp/.pycsl_te8_arn7.mlw", line 852, characters 8-85:
Sub-goal variant decrease of goal functionemissionmixin___build_method_field_param_post_ensures_map__f'vc.
Prover result is: Valid (0.01s, 15617 steps).

File "/home/fabrice/git/pycsl/scratchpad/tmp/.pycsl_te8_arn7.mlw", line 852, characters 8-85:
Sub-goal precondition of goal functionemissionmixin___build_method_field_param_post_ensures_map__f'vc.
Prover result is: Valid (0.00s, 5461 steps).

File "/home/fabrice/git/pycsl/scratchpad/tmp/.pycsl_te8_arn7.mlw", line 834, characters 32-36:
Sub-goal postcondition of goal functionemissionmixin___build_method_field_param_post_ensures_map__f'vc.
Prover result is: Valid (0.00s, 5461 steps).

File "/home/fabrice/git/pycsl/scratchpad/tmp/.pycsl_te8_arn7.mlw", line 852, characters 8-85:
Sub-goal variant decrease of goal functionemissionmixin___build_method_field_param_post_ensures_map__f'vc.
Prover result is: Valid (0.00s, 15143 steps).

File "/home/fabrice/git/pycsl/scratchpad/tmp/.pycsl_te8_arn7.mlw", line 852, characters 8-85:
Sub-goal precondition of goal functionemissionmixin___build_method_field_param_post_ensures_map__f'vc.
Prover result is: Valid (0.00s, 5349 steps).

File "/home/fabrice/git/pycsl/scratchpad/tmp/.pycsl_te8_arn7.mlw", line 834, characters 32-36:
Sub-goal postcondition of goal functionemissionmixin___build_method_field_param_post_ensures_map__f'vc.
Prover result is: Valid (0.00s, 5349 steps).

File "/home/fabrice/git/pycsl/scratchpad/tmp/.pycsl_te8_arn7.mlw", line 857, characters 40-115:
Sub-goal precondition of goal functionemissionmixin___build_method_field_param_post_ensures_map'vc.
Prover result is: Valid (0.00s, 5324 steps).

File "/home/fabrice/git/pycsl/scratchpad/tmp/.pycsl_te8_arn7.mlw", line 855, characters 32-36:
Sub-goal postcondition of goal functionemissionmixin___build_method_field_param_post_ensures_map'vc.
Prover result is: Valid (0.01s, 5337 steps).

File "/home/fabrice/git/pycsl/scratchpad/tmp/.pycsl_te8_arn7.mlw", line 855, characters 32-36:
Sub-goal postcondition of goal functionemissionmixin___build_method_field_param_post_ensures_map'vc.
Prover result is: Valid (0.00s, 5384 steps).

File "/home/fabrice/git/pycsl/scratchpad/tmp/.pycsl_te8_arn7.mlw", line 862, characters 57-134:
Sub-goal variant decrease of goal functionemissionmixin___build_method_field_param_result_ensures_map__lmem'vc.
Prover result is: Valid (0.01s, 14935 steps).

File "/home/fabrice/git/pycsl/scratchpad/tmp/.pycsl_te8_arn7.mlw", line 862, characters 57-134:
Sub-goal precondition of goal functionemissionmixin___build_method_field_param_result_ensures_map__lmem'vc.
Prover result is: Valid (0.01s, 5280 steps).

File "/home/fabrice/git/pycsl/scratchpad/tmp/.pycsl_te8_arn7.mlw", line 863, characters 18-95:
Sub-goal variant decrease of goal functionemissionmixin___build_method_field_param_result_ensures_map__lmem'vc.
Prover result is: Valid (0.00s, 15091 steps).

File "/home/fabrice/git/pycsl/scratchpad/tmp/.pycsl_te8_arn7.mlw", line 863, characters 18-95:
Sub-goal precondition of goal functionemissionmixin___build_method_field_param_result_ensures_map__lmem'vc.
Prover result is: Valid (0.00s, 5336 steps).

File "/home/fabrice/git/pycsl/scratchpad/tmp/.pycsl_te8_arn7.mlw", line 860, characters 32-36:
Sub-goal postcondition of goal functionemissionmixin___build_method_field_param_result_ensures_map__lmem'vc.
Prover result is: Valid (0.00s, 5315 steps).

File "/home/fabrice/git/pycsl/scratchpad/tmp/.pycsl_te8_arn7.mlw", line 869, characters 24-103:
Sub-goal variant decrease of goal functionemissionmixin___build_method_field_param_result_ensures_map__gtype'vc.
Prover result is: Valid (0.01s, 15448 steps).

File "/home/fabrice/git/pycsl/scratchpad/tmp/.pycsl_te8_arn7.mlw", line 869, characters 24-103:
Sub-goal variant decrease of goal functionemissionmixin___build_method_field_param_result_ensures_map__gtype'vc.
Prover result is: Valid (0.00s, 15300 steps).

File "/home/fabrice/git/pycsl/scratchpad/tmp/.pycsl_te8_arn7.mlw", line 876, characters 24-101:
Sub-goal variant decrease of goal functionemissionmixin___build_method_field_param_result_ensures_map__gnm'vc.
Prover result is: Valid (0.01s, 15448 steps).

File "/home/fabrice/git/pycsl/scratchpad/tmp/.pycsl_te8_arn7.mlw", line 876, characters 24-101:
Sub-goal variant decrease of goal functionemissionmixin___build_method_field_param_result_ensures_map__gnm'vc.
Prover result is: Valid (0.00s, 15300 steps).

File "/home/fabrice/git/pycsl/scratchpad/tmp/.pycsl_te8_arn7.mlw", line 882, characters 78-156:
Sub-goal variant decrease of goal functionemissionmixin___build_method_field_param_result_ensures_map__gvar'vc.
Prover result is: Valid (0.00s, 15164 steps).

File "/home/fabrice/git/pycsl/scratchpad/tmp/.pycsl_te8_arn7.mlw", line 883, characters 24-102:
Sub-goal variant decrease of goal functionemissionmixin___build_method_field_param_result_ensures_map__gvar'vc.
Prover result is: Valid (0.01s, 15436 steps).

File "/home/fabrice/git/pycsl/scratchpad/tmp/.pycsl_te8_arn7.mlw", line 883, characters 24-102:
Sub-goal variant decrease of goal functionemissionmixin___build_method_field_param_result_ensures_map__gvar'vc.
Prover result is: Valid (0.00s, 15300 steps).

File "/home/fabrice/git/pycsl/scratchpad/tmp/.pycsl_te8_arn7.mlw", line 889, characters 81-162:
Sub-goal variant decrease of goal functionemissionmixin___build_method_field_param_result_ensures_map__gobject'vc.
Prover result is: Valid (0.00s, 15164 steps).

File "/home/fabrice/git/pycsl/scratchpad/tmp/.pycsl_te8_arn7.mlw", line 890, characters 24-105:
Sub-goal variant decrease of goal functionemissionmixin___build_method_field_param_result_ensures_map__gobject'vc.
Prover result is: Valid (0.00s, 15436 steps).

File "/home/fabrice/git/pycsl/scratchpad/tmp/.pycsl_te8_arn7.mlw", line 890, characters 24-105:
Sub-goal variant decrease of goal functionemissionmixin___build_method_field_param_result_ensures_map__gobject'vc.
Prover result is: Valid (0.01s, 15300 steps).

File "/home/fabrice/git/pycsl/scratchpad/tmp/.pycsl_te8_arn7.mlw", line 903, characters 124-203:
Sub-goal precondition of goal functionemissionmixin___build_method_field_param_result_ensures_map__cv'vc.
Prover result is: Valid (0.00s, 5366 steps).

File "/home/fabrice/git/pycsl/scratchpad/tmp/.pycsl_te8_arn7.mlw", line 909, characters 44-122:
Sub-goal precondition of goal functionemissionmixin___build_method_field_param_result_ensures_map__cv'vc.
Prover result is: Valid (0.00s, 5393 steps).

File "/home/fabrice/git/pycsl/scratchpad/tmp/.pycsl_te8_arn7.mlw", line 911, characters 18-95:
Sub-goal variant decrease of goal functionemissionmixin___build_method_field_param_result_ensures_map__cv'vc.
Prover result is: Valid (0.01s, 59312 steps).

File "/home/fabrice/git/pycsl/scratchpad/tmp/.pycsl_te8_arn7.mlw", line 911, characters 18-95:
Sub-goal precondition of goal functionemissionmixin___build_method_field_param_result_ensures_map__cv'vc.
Prover result is: Valid (0.00s, 5393 steps).

File "/home/fabrice/git/pycsl/scratchpad/tmp/.pycsl_te8_arn7.mlw", line 912, characters 19-96:
Sub-goal variant decrease of goal functionemissionmixin___build_method_field_param_result_ensures_map__cv'vc.
Prover result is: Valid (0.01s, 56796 steps).

File "/home/fabrice/git/pycsl/scratchpad/tmp/.pycsl_te8_arn7.mlw", line 912, characters 19-96:
Sub-goal precondition of goal functionemissionmixin___build_method_field_param_result_ensures_map__cv'vc.
Prover result is: Valid (0.01s, 5324 steps).

File "/home/fabrice/git/pycsl/scratchpad/tmp/.pycsl_te8_arn7.mlw", line 913, characters 18-96:
Sub-goal variant decrease of goal functionemissionmixin___build_method_field_param_result_ensures_map__cv'vc.
Prover result is: Valid (0.01s, 56796 steps).

File "/home/fabrice/git/pycsl/scratchpad/tmp/.pycsl_te8_arn7.mlw", line 913, characters 18-96:
Sub-goal precondition of goal functionemissionmixin___build_method_field_param_result_ensures_map__cv'vc.
Prover result is: Valid (0.01s, 5324 steps).

File "/home/fabrice/git/pycsl/scratchpad/tmp/.pycsl_te8_arn7.mlw", line 894, characters 32-36:
Sub-goal postcondition of goal functionemissionmixin___build_method_field_param_result_ensures_map__cv'vc.
Prover result is: Valid (0.01s, 5315 steps).

File "/home/fabrice/git/pycsl/scratchpad/tmp/.pycsl_te8_arn7.mlw", line 920, characters 31-107:
Sub-goal variant decrease of goal functionemissionmixin___build_method_field_param_result_ensures_map__cdf'vc.
Prover result is: Valid (0.01s, 60910 steps).

File "/home/fabrice/git/pycsl/scratchpad/tmp/.pycsl_te8_arn7.mlw", line 920, characters 31-107:
Sub-goal precondition of goal functionemissionmixin___build_method_field_param_result_ensures_map__cdf'vc.
Prover result is: Valid (0.00s, 5341 steps).

File "/home/fabrice/git/pycsl/scratchpad/tmp/.pycsl_te8_arn7.mlw", line 920, characters 134-214:
Sub-goal variant decrease of goal functionemissionmixin___build_method_field_param_result_ensures_map__cdf'vc.
Prover result is: Valid (0.01s, 60876 steps).

File "/home/fabrice/git/pycsl/scratchpad/tmp/.pycsl_te8_arn7.mlw", line 920, characters 134-214:
Sub-goal precondition of goal functionemissionmixin___build_method_field_param_result_ensures_map__cdf'vc.
Prover result is: Valid (0.01s, 5341 steps).

File "/home/fabrice/git/pycsl/scratchpad/tmp/.pycsl_te8_arn7.mlw", line 917, characters 32-36:
Sub-goal postcondition of goal functionemissionmixin___build_method_field_param_result_ensures_map__cdf'vc.
Prover result is: Valid (0.00s, 5315 steps).

File "/home/fabrice/git/pycsl/scratchpad/tmp/.pycsl_te8_arn7.mlw", line 924, characters 41-117:
Sub-goal variant decrease of goal functionemissionmixin___build_method_field_param_result_ensures_map__clf'vc.
Prover result is: Valid (0.01s, 59964 steps).

File "/home/fabrice/git/pycsl/scratchpad/tmp/.pycsl_te8_arn7.mlw", line 924, characters 41-117:
Sub-goal precondition of goal functionemissionmixin___build_method_field_param_result_ensures_map__clf'vc.
Prover result is: Valid (0.00s, 5267 steps).

File "/home/fabrice/git/pycsl/scratchpad/tmp/.pycsl_te8_arn7.mlw", line 924, characters 144-221:
Sub-goal variant decrease of goal functionemissionmixin___build_method_field_param_result_ensures_map__clf'vc.
Prover result is: Valid (0.01s, 60005 steps).

File "/home/fabrice/git/pycsl/scratchpad/tmp/.pycsl_te8_arn7.mlw", line 924, characters 144-221:
Sub-goal precondition of goal functionemissionmixin___build_method_field_param_result_ensures_map__clf'vc.
Prover result is: Valid (0.00s, 5267 steps).

File "/home/fabrice/git/pycsl/scratchpad/tmp/.pycsl_te8_arn7.mlw", line 922, characters 32-36:
Sub-goal postcondition of goal functionemissionmixin___build_method_field_param_result_ensures_map__clf'vc.
Prover result is: Valid (0.00s, 5315 steps).

File "/home/fabrice/git/pycsl/scratchpad/tmp/.pycsl_te8_arn7.mlw", line 929, characters 77-161:
Sub-goal variant decrease of goal functionemissionmixin___build_method_field_param_result_ensures_map__gcontracts'vc.
Prover result is: Valid (0.00s, 15148 steps).

File "/home/fabrice/git/pycsl/scratchpad/tmp/.pycsl_te8_arn7.mlw", line 930, characters 24-108:
Sub-goal variant decrease of goal functionemissionmixin___build_method_field_param_result_ensures_map__gcontracts'vc.
Prover result is: Valid (0.01s, 15420 steps).

File "/home/fabrice/git/pycsl/scratchpad/tmp/.pycsl_te8_arn7.mlw", line 936, characters 75-157:
Sub-goal variant decrease of goal functionemissionmixin___build_method_field_param_result_ensures_map__gensures'vc.
Prover result is: Valid (0.01s, 15148 steps).

File "/home/fabrice/git/pycsl/scratchpad/tmp/.pycsl_te8_arn7.mlw", line 937, characters 24-106:
Sub-goal variant decrease of goal functionemissionmixin___build_method_field_param_result_ensures_map__gensures'vc.
Prover result is: Valid (0.00s, 15420 steps).

File "/home/fabrice/git/pycsl/scratchpad/tmp/.pycsl_te8_arn7.mlw", line 944, characters 24-103:
Sub-goal variant decrease of goal functionemissionmixin___build_method_field_param_result_ensures_map__gname'vc.
Prover result is: Valid (0.00s, 15448 steps).

File "/home/fabrice/git/pycsl/scratchpad/tmp/.pycsl_te8_arn7.mlw", line 944, characters 24-103:
Sub-goal variant decrease of goal functionemissionmixin___build_method_field_param_result_ensures_map__gname'vc.
Prover result is: Valid (0.00s, 15300 steps).

File "/home/fabrice/git/pycsl/scratchpad/tmp/.pycsl_te8_arn7.mlw", line 950, characters 81-162:
Sub-goal variant decrease of goal functionemissionmixin___build_method_field_param_result_ensures_map__gparams'vc.
Prover result is: Valid (0.01s, 15148 steps).

File "/home/fabrice/git/pycsl/scratchpad/tmp/.pycsl_te8_arn7.mlw", line 951, characters 24-105:
Sub-goal variant decrease of goal functionemissionmixin___build_method_field_param_result_ensures_map__gparams'vc.
Prover result is: Valid (0.01s, 15420 steps).

File "/home/fabrice/git/pycsl/scratchpad/tmp/.pycsl_te8_arn7.mlw", line 959, characters 45-121:
Sub-goal precondition of goal functionemissionmixin___build_method_field_param_result_ensures_map__filt'vc.
Prover result is: Valid (0.00s, 5267 steps).

File "/home/fabrice/git/pycsl/scratchpad/tmp/.pycsl_te8_arn7.mlw", line 959, characters 156-239:
Sub-goal variant decrease of goal functionemissionmixin___build_method_field_param_result_ensures_map__filt'vc.
Prover result is: Valid (0.01s, 60103 steps).

File "/home/fabrice/git/pycsl/scratchpad/tmp/.pycsl_te8_arn7.mlw", line 959, characters 156-239:
Sub-goal precondition of goal functionemissionmixin___build_method_field_param_result_ensures_map__filt'vc.
Prover result is: Valid (0.00s, 5313 steps).

File "/home/fabrice/git/pycsl/scratchpad/tmp/.pycsl_te8_arn7.mlw", line 959, characters 245-326:
Sub-goal variant decrease of goal functionemissionmixin___build_method_field_param_result_ensures_map__filt'vc.
Prover result is: Valid (0.01s, 67075 steps).

File "/home/fabrice/git/pycsl/scratchpad/tmp/.pycsl_te8_arn7.mlw", line 959, characters 245-326:
Sub-goal precondition of goal functionemissionmixin___build_method_field_param_result_ensures_map__filt'vc.
Prover result is: Valid (0.01s, 5330 steps).

File "/home/fabrice/git/pycsl/scratchpad/tmp/.pycsl_te8_arn7.mlw", line 956, characters 32-36:
Sub-goal postcondition of goal functionemissionmixin___build_method_field_param_result_ensures_map__filt'vc.
Prover result is: Valid (0.00s, 5315 steps).

File "/home/fabrice/git/pycsl/scratchpad/tmp/.pycsl_te8_arn7.mlw", line 962, characters 32-36:
Sub-goal postcondition of goal functionemissionmixin___build_method_field_param_result_ensures_map__f'vc.
Prover result is: Valid (0.01s, 5276 steps).

File "/home/fabrice/git/pycsl/scratchpad/tmp/.pycsl_te8_arn7.mlw", line 970, characters 158-237:
Sub-goal precondition of goal functionemissionmixin___build_method_field_param_result_ensures_map__f'vc.
Prover result is: Valid (0.00s, 5155 steps).

File "/home/fabrice/git/pycsl/scratchpad/tmp/.pycsl_te8_arn7.mlw", line 980, characters 8-87:
Sub-goal variant decrease of goal functionemissionmixin___build_method_field_param_result_ensures_map__f'vc.
Prover result is: Valid (0.01s, 17353 steps).

File "/home/fabrice/git/pycsl/scratchpad/tmp/.pycsl_te8_arn7.mlw", line 980, characters 8-87:
Sub-goal precondition of goal functionemissionmixin___build_method_field_param_result_ensures_map__f'vc.
Prover result is: Valid (0.01s, 5457 steps).

File "/home/fabrice/git/pycsl/scratchpad/tmp/.pycsl_te8_arn7.mlw", line 962, characters 32-36:
Sub-goal postcondition of goal functionemissionmixin___build_method_field_param_result_ensures_map__f'vc.
Prover result is: Valid (0.01s, 5457 steps).

File "/home/fabrice/git/pycsl/scratchpad/tmp/.pycsl_te8_arn7.mlw", line 980, characters 8-87:
Sub-goal variant decrease of goal functionemissionmixin___build_method_field_param_result_ensures_map__f'vc.
Prover result is: Valid (0.01s, 16828 steps).

File "/home/fabrice/git/pycsl/scratchpad/tmp/.pycsl_te8_arn7.mlw", line 980, characters 8-87:
Sub-goal precondition of goal functionemissionmixin___build_method_field_param_result_ensures_map__f'vc.
Prover result is: Valid (0.00s, 5867 steps).

File "/home/fabrice/git/pycsl/scratchpad/tmp/.pycsl_te8_arn7.mlw", line 962, characters 32-36:
Sub-goal postcondition of goal functionemissionmixin___build_method_field_param_result_ensures_map__f'vc.
Prover result is: Valid (0.01s, 5867 steps).

File "/home/fabrice/git/pycsl/scratchpad/tmp/.pycsl_te8_arn7.mlw", line 980, characters 8-87:
Sub-goal variant decrease of goal functionemissionmixin___build_method_field_param_result_ensures_map__f'vc.
Prover result is: Valid (0.01s, 15617 steps).

File "/home/fabrice/git/pycsl/scratchpad/tmp/.pycsl_te8_arn7.mlw", line 980, characters 8-87:
Sub-goal precondition of goal functionemissionmixin___build_method_field_param_result_ensures_map__f'vc.
Prover result is: Valid (0.01s, 5461 steps).

File "/home/fabrice/git/pycsl/scratchpad/tmp/.pycsl_te8_arn7.mlw", line 962, characters 32-36:
Sub-goal postcondition of goal functionemissionmixin___build_method_field_param_result_ensures_map__f'vc.
Prover result is: Valid (0.00s, 5461 steps).

File "/home/fabrice/git/pycsl/scratchpad/tmp/.pycsl_te8_arn7.mlw", line 980, characters 8-87:
Sub-goal variant decrease of goal functionemissionmixin___build_method_field_param_result_ensures_map__f'vc.
Prover result is: Valid (0.01s, 15143 steps).

File "/home/fabrice/git/pycsl/scratchpad/tmp/.pycsl_te8_arn7.mlw", line 980, characters 8-87:
Sub-goal precondition of goal functionemissionmixin___build_method_field_param_result_ensures_map__f'vc.
Prover result is: Valid (0.00s, 5349 steps).

File "/home/fabrice/git/pycsl/scratchpad/tmp/.pycsl_te8_arn7.mlw", line 962, characters 32-36:
Sub-goal postcondition of goal functionemissionmixin___build_method_field_param_result_ensures_map__f'vc.
Prover result is: Valid (0.01s, 5349 steps).

File "/home/fabrice/git/pycsl/scratchpad/tmp/.pycsl_te8_arn7.mlw", line 985, characters 40-117:
Sub-goal precondition of goal functionemissionmixin___build_method_field_param_result_ensures_map'vc.
Prover result is: Valid (0.00s, 5324 steps).

File "/home/fabrice/git/pycsl/scratchpad/tmp/.pycsl_te8_arn7.mlw", line 983, characters 32-36:
Sub-goal postcondition of goal functionemissionmixin___build_method_field_param_result_ensures_map'vc.
Prover result is: Valid (0.00s, 5337 steps).

File "/home/fabrice/git/pycsl/scratchpad/tmp/.pycsl_te8_arn7.mlw", line 983, characters 32-36:
Sub-goal postcondition of goal functionemissionmixin___build_method_field_param_result_ensures_map'vc.
Prover result is: Valid (0.00s, 5384 steps).

File "/home/fabrice/git/pycsl/scratchpad/tmp/.pycsl_te8_arn7.mlw", line 992, characters 24-97:
Sub-goal variant decrease of goal functionemissionmixin___build_method_field_result_ensures_map__gtype'vc.
Prover result is: Valid (0.01s, 15448 steps).

File "/home/fabrice/git/pycsl/scratchpad/tmp/.pycsl_te8_arn7.mlw", line 992, characters 24-97:
Sub-goal variant decrease of goal functionemissionmixin___build_method_field_result_ensures_map__gtype'vc.
Prover result is: Valid (0.00s, 15300 steps).

File "/home/fabrice/git/pycsl/scratchpad/tmp/.pycsl_te8_arn7.mlw", line 998, characters 78-150:
Sub-goal variant decrease of goal functionemissionmixin___build_method_field_result_ensures_map__gvar'vc.
Prover result is: Valid (0.00s, 15164 steps).

File "/home/fabrice/git/pycsl/scratchpad/tmp/.pycsl_te8_arn7.mlw", line 999, characters 24-96:
Sub-goal variant decrease of goal functionemissionmixin___build_method_field_result_ensures_map__gvar'vc.
Prover result is: Valid (0.01s, 15436 steps).

File "/home/fabrice/git/pycsl/scratchpad/tmp/.pycsl_te8_arn7.mlw", line 999, characters 24-96:
Sub-goal variant decrease of goal functionemissionmixin___build_method_field_result_ensures_map__gvar'vc.
Prover result is: Valid (0.00s, 15300 steps).

File "/home/fabrice/git/pycsl/scratchpad/tmp/.pycsl_te8_arn7.mlw", line 1005, characters 81-156:
Sub-goal variant decrease of goal functionemissionmixin___build_method_field_result_ensures_map__gobject'vc.
Prover result is: Valid (0.01s, 15164 steps).

File "/home/fabrice/git/pycsl/scratchpad/tmp/.pycsl_te8_arn7.mlw", line 1006, characters 24-99:
Sub-goal variant decrease of goal functionemissionmixin___build_method_field_result_ensures_map__gobject'vc.
Prover result is: Valid (0.01s, 15436 steps).

File "/home/fabrice/git/pycsl/scratchpad/tmp/.pycsl_te8_arn7.mlw", line 1006, characters 24-99:
Sub-goal variant decrease of goal functionemissionmixin___build_method_field_result_ensures_map__gobject'vc.
Prover result is: Valid (0.01s, 15300 steps).

File "/home/fabrice/git/pycsl/scratchpad/tmp/.pycsl_te8_arn7.mlw", line 1024, characters 18-86:
Sub-goal variant decrease of goal functionemissionmixin___build_method_field_result_ensures_map__cv'vc.
Prover result is: Valid (0.01s, 59314 steps).

File "/home/fabrice/git/pycsl/scratchpad/tmp/.pycsl_te8_arn7.mlw", line 1024, characters 18-86:
Sub-goal precondition of goal functionemissionmixin___build_method_field_result_ensures_map__cv'vc.
Prover result is: Valid (0.01s, 5393 steps).

File "/home/fabrice/git/pycsl/scratchpad/tmp/.pycsl_te8_arn7.mlw", line 1025, characters 19-87:
Sub-goal variant decrease of goal functionemissionmixin___build_method_field_result_ensures_map__cv'vc.
Prover result is: Valid (0.01s, 56796 steps).

File "/home/fabrice/git/pycsl/scratchpad/tmp/.pycsl_te8_arn7.mlw", line 1025, characters 19-87:
Sub-goal precondition of goal functionemissionmixin___build_method_field_result_ensures_map__cv'vc.
Prover result is: Valid (0.00s, 5324 steps).

File "/home/fabrice/git/pycsl/scratchpad/tmp/.pycsl_te8_arn7.mlw", line 1026, characters 18-87:
Sub-goal variant decrease of goal functionemissionmixin___build_method_field_result_ensures_map__cv'vc.
Prover result is: Valid (0.01s, 56796 steps).

File "/home/fabrice/git/pycsl/scratchpad/tmp/.pycsl_te8_arn7.mlw", line 1026, characters 18-87:
Sub-goal precondition of goal functionemissionmixin___build_method_field_result_ensures_map__cv'vc.
Prover result is: Valid (0.01s, 5324 steps).

File "/home/fabrice/git/pycsl/scratchpad/tmp/.pycsl_te8_arn7.mlw", line 1010, characters 32-36:
Sub-goal postcondition of goal functionemissionmixin___build_method_field_result_ensures_map__cv'vc.
Prover result is: Valid (0.01s, 5315 steps).

File "/home/fabrice/git/pycsl/scratchpad/tmp/.pycsl_te8_arn7.mlw", line 1033, characters 27-94:
Sub-goal variant decrease of goal functionemissionmixin___build_method_field_result_ensures_map__cdf'vc.
Prover result is: Valid (0.01s, 60910 steps).

File "/home/fabrice/git/pycsl/scratchpad/tmp/.pycsl_te8_arn7.mlw", line 1033, characters 27-94:
Sub-goal precondition of goal functionemissionmixin___build_method_field_result_ensures_map__cdf'vc.
Prover result is: Valid (0.01s, 5341 steps).

File "/home/fabrice/git/pycsl/scratchpad/tmp/.pycsl_te8_arn7.mlw", line 1033, characters 117-188:
Sub-goal variant decrease of goal functionemissionmixin___build_method_field_result_ensures_map__cdf'vc.
Prover result is: Valid (0.01s, 60876 steps).

File "/home/fabrice/git/pycsl/scratchpad/tmp/.pycsl_te8_arn7.mlw", line 1033, characters 117-188:
Sub-goal precondition of goal functionemissionmixin___build_method_field_result_ensures_map__cdf'vc.
Prover result is: Valid (0.00s, 5341 steps).

File "/home/fabrice/git/pycsl/scratchpad/tmp/.pycsl_te8_arn7.mlw", line 1030, characters 32-36:
Sub-goal postcondition of goal functionemissionmixin___build_method_field_result_ensures_map__cdf'vc.
Prover result is: Valid (0.01s, 5315 steps).

File "/home/fabrice/git/pycsl/scratchpad/tmp/.pycsl_te8_arn7.mlw", line 1037, characters 37-104:
Sub-goal variant decrease of goal functionemissionmixin___build_method_field_result_ensures_map__clf'vc.
Prover result is: Valid (0.01s, 59964 steps).

File "/home/fabrice/git/pycsl/scratchpad/tmp/.pycsl_te8_arn7.mlw", line 1037, characters 37-104:
Sub-goal precondition of goal functionemissionmixin___build_method_field_result_ensures_map__clf'vc.
Prover result is: Valid (0.00s, 5267 steps).

File "/home/fabrice/git/pycsl/scratchpad/tmp/.pycsl_te8_arn7.mlw", line 1037, characters 127-195:
Sub-goal variant decrease of goal functionemissionmixin___build_method_field_result_ensures_map__clf'vc.
Prover result is: Valid (0.01s, 60005 steps).

File "/home/fabrice/git/pycsl/scratchpad/tmp/.pycsl_te8_arn7.mlw", line 1037, characters 127-195:
Sub-goal precondition of goal functionemissionmixin___build_method_field_result_ensures_map__clf'vc.
Prover result is: Valid (0.00s, 5267 steps).

File "/home/fabrice/git/pycsl/scratchpad/tmp/.pycsl_te8_arn7.mlw", line 1035, characters 32-36:
Sub-goal postcondition of goal functionemissionmixin___build_method_field_result_ensures_map__clf'vc.
Prover result is: Valid (0.00s, 5315 steps).

File "/home/fabrice/git/pycsl/scratchpad/tmp/.pycsl_te8_arn7.mlw", line 1042, characters 77-155:
Sub-goal variant decrease of goal functionemissionmixin___build_method_field_result_ensures_map__gcontracts'vc.
Prover result is: Valid (0.00s, 15148 steps).

File "/home/fabrice/git/pycsl/scratchpad/tmp/.pycsl_te8_arn7.mlw", line 1043, characters 24-102:
Sub-goal variant decrease of goal functionemissionmixin___build_method_field_result_ensures_map__gcontracts'vc.
Prover result is: Valid (0.00s, 15420 steps).

File "/home/fabrice/git/pycsl/scratchpad/tmp/.pycsl_te8_arn7.mlw", line 1049, characters 75-151:
Sub-goal variant decrease of goal functionemissionmixin___build_method_field_result_ensures_map__gensures'vc.
Prover result is: Valid (0.01s, 15148 steps).

File "/home/fabrice/git/pycsl/scratchpad/tmp/.pycsl_te8_arn7.mlw", line 1050, characters 24-100:
Sub-goal variant decrease of goal functionemissionmixin___build_method_field_result_ensures_map__gensures'vc.
Prover result is: Valid (0.00s, 15420 steps).

File "/home/fabrice/git/pycsl/scratchpad/tmp/.pycsl_te8_arn7.mlw", line 1057, characters 24-97:
Sub-goal variant decrease of goal functionemissionmixin___build_method_field_result_ensures_map__gname'vc.
Prover result is: Valid (0.01s, 15448 steps).

File "/home/fabrice/git/pycsl/scratchpad/tmp/.pycsl_te8_arn7.mlw", line 1057, characters 24-97:
Sub-goal variant decrease of goal functionemissionmixin___build_method_field_result_ensures_map__gname'vc.
Prover result is: Valid (0.01s, 15300 steps).

File "/home/fabrice/git/pycsl/scratchpad/tmp/.pycsl_te8_arn7.mlw", line 1065, characters 41-108:
Sub-goal precondition of goal functionemissionmixin___build_method_field_result_ensures_map__filt'vc.
Prover result is: Valid (0.00s, 5267 steps).

File "/home/fabrice/git/pycsl/scratchpad/tmp/.pycsl_te8_arn7.mlw", line 1065, characters 137-211:
Sub-goal variant decrease of goal functionemissionmixin___build_method_field_result_ensures_map__filt'vc.
Prover result is: Valid (0.01s, 60078 steps).

File "/home/fabrice/git/pycsl/scratchpad/tmp/.pycsl_te8_arn7.mlw", line 1065, characters 137-211:
Sub-goal precondition of goal functionemissionmixin___build_method_field_result_ensures_map__filt'vc.
Prover result is: Valid (0.00s, 5301 steps).

File "/home/fabrice/git/pycsl/scratchpad/tmp/.pycsl_te8_arn7.mlw", line 1065, characters 217-289:
Sub-goal variant decrease of goal functionemissionmixin___build_method_field_result_ensures_map__filt'vc.
Prover result is: Valid (0.01s, 67021 steps).

File "/home/fabrice/git/pycsl/scratchpad/tmp/.pycsl_te8_arn7.mlw", line 1065, characters 217-289:
Sub-goal precondition of goal functionemissionmixin___build_method_field_result_ensures_map__filt'vc.
Prover result is: Valid (0.00s, 5306 steps).

File "/home/fabrice/git/pycsl/scratchpad/tmp/.pycsl_te8_arn7.mlw", line 1062, characters 32-36:
Sub-goal postcondition of goal functionemissionmixin___build_method_field_result_ensures_map__filt'vc.
Prover result is: Valid (0.01s, 5315 steps).

File "/home/fabrice/git/pycsl/scratchpad/tmp/.pycsl_te8_arn7.mlw", line 1068, characters 32-36:
Sub-goal postcondition of goal functionemissionmixin___build_method_field_result_ensures_map__f'vc.
Prover result is: Valid (0.00s, 5276 steps).

File "/home/fabrice/git/pycsl/scratchpad/tmp/.pycsl_te8_arn7.mlw", line 1075, characters 152-222:
Sub-goal precondition of goal functionemissionmixin___build_method_field_result_ensures_map__f'vc.
Prover result is: Valid (0.00s, 5284 steps).

File "/home/fabrice/git/pycsl/scratchpad/tmp/.pycsl_te8_arn7.mlw", line 1085, characters 8-81:
Sub-goal variant decrease of goal functionemissionmixin___build_method_field_result_ensures_map__f'vc.
Prover result is: Valid (0.01s, 17344 steps).

File "/home/fabrice/git/pycsl/scratchpad/tmp/.pycsl_te8_arn7.mlw", line 1085, characters 8-81:
Sub-goal precondition of goal functionemissionmixin___build_method_field_result_ensures_map__f'vc.
Prover result is: Valid (0.01s, 5448 steps).

File "/home/fabrice/git/pycsl/scratchpad/tmp/.pycsl_te8_arn7.mlw", line 1068, characters 32-36:
Sub-goal postcondition of goal functionemissionmixin___build_method_field_result_ensures_map__f'vc.
Prover result is: Valid (0.00s, 5448 steps).

File "/home/fabrice/git/pycsl/scratchpad/tmp/.pycsl_te8_arn7.mlw", line 1085, characters 8-81:
Sub-goal variant decrease of goal functionemissionmixin___build_method_field_result_ensures_map__f'vc.
Prover result is: Valid (0.01s, 16819 steps).

File "/home/fabrice/git/pycsl/scratchpad/tmp/.pycsl_te8_arn7.mlw", line 1085, characters 8-81:
Sub-goal precondition of goal functionemissionmixin___build_method_field_result_ensures_map__f'vc.
Prover result is: Valid (0.01s, 5858 steps).

File "/home/fabrice/git/pycsl/scratchpad/tmp/.pycsl_te8_arn7.mlw", line 1068, characters 32-36:
Sub-goal postcondition of goal functionemissionmixin___build_method_field_result_ensures_map__f'vc.
Prover result is: Valid (0.01s, 5858 steps).

File "/home/fabrice/git/pycsl/scratchpad/tmp/.pycsl_te8_arn7.mlw", line 1085, characters 8-81:
Sub-goal variant decrease of goal functionemissionmixin___build_method_field_result_ensures_map__f'vc.
Prover result is: Valid (0.01s, 15608 steps).

File "/home/fabrice/git/pycsl/scratchpad/tmp/.pycsl_te8_arn7.mlw", line 1085, characters 8-81:
Sub-goal precondition of goal functionemissionmixin___build_method_field_result_ensures_map__f'vc.
Prover result is: Valid (0.01s, 5452 steps).

File "/home/fabrice/git/pycsl/scratchpad/tmp/.pycsl_te8_arn7.mlw", line 1068, characters 32-36:
Sub-goal postcondition of goal functionemissionmixin___build_method_field_result_ensures_map__f'vc.
Prover result is: Valid (0.00s, 5452 steps).

File "/home/fabrice/git/pycsl/scratchpad/tmp/.pycsl_te8_arn7.mlw", line 1085, characters 8-81:
Sub-goal variant decrease of goal functionemissionmixin___build_method_field_result_ensures_map__f'vc.
Prover result is: Valid (0.00s, 15143 steps).

File "/home/fabrice/git/pycsl/scratchpad/tmp/.pycsl_te8_arn7.mlw", line 1085, characters 8-81:
Sub-goal precondition of goal functionemissionmixin___build_method_field_result_ensures_map__f'vc.
Prover result is: Valid (0.01s, 5349 steps).

File "/home/fabrice/git/pycsl/scratchpad/tmp/.pycsl_te8_arn7.mlw", line 1068, characters 32-36:
Sub-goal postcondition of goal functionemissionmixin___build_method_field_result_ensures_map__f'vc.
Prover result is: Valid (0.00s, 5349 steps).

File "/home/fabrice/git/pycsl/scratchpad/tmp/.pycsl_te8_arn7.mlw", line 1090, characters 40-111:
Sub-goal precondition of goal functionemissionmixin___build_method_field_result_ensures_map'vc.
Prover result is: Valid (0.00s, 5324 steps).

File "/home/fabrice/git/pycsl/scratchpad/tmp/.pycsl_te8_arn7.mlw", line 1088, characters 32-36:
Sub-goal postcondition of goal functionemissionmixin___build_method_field_result_ensures_map'vc.
Prover result is: Valid (0.01s, 5337 steps).

File "/home/fabrice/git/pycsl/scratchpad/tmp/.pycsl_te8_arn7.mlw", line 1088, characters 32-36:
Sub-goal postcondition of goal functionemissionmixin___build_method_field_result_ensures_map'vc.
Prover result is: Valid (0.00s, 5384 steps).

File "/home/fabrice/git/pycsl/scratchpad/tmp/.pycsl_te8_arn7.mlw", line 1095, characters 57-128:
Sub-goal variant decrease of goal functionemissionmixin___build_method_param_result_ensures_map__lmem'vc.
Prover result is: Valid (0.01s, 14935 steps).

File "/home/fabrice/git/pycsl/scratchpad/tmp/.pycsl_te8_arn7.mlw", line 1095, characters 57-128:
Sub-goal precondition of goal functionemissionmixin___build_method_param_result_ensures_map__lmem'vc.
Prover result is: Valid (0.00s, 5280 steps).

File "/home/fabrice/git/pycsl/scratchpad/tmp/.pycsl_te8_arn7.mlw", line 1096, characters 18-89:
Sub-goal variant decrease of goal functionemissionmixin___build_method_param_result_ensures_map__lmem'vc.
Prover result is: Valid (0.00s, 15091 steps).

File "/home/fabrice/git/pycsl/scratchpad/tmp/.pycsl_te8_arn7.mlw", line 1096, characters 18-89:
Sub-goal precondition of goal functionemissionmixin___build_method_param_result_ensures_map__lmem'vc.
Prover result is: Valid (0.00s, 5336 steps).

File "/home/fabrice/git/pycsl/scratchpad/tmp/.pycsl_te8_arn7.mlw", line 1093, characters 32-36:
Sub-goal postcondition of goal functionemissionmixin___build_method_param_result_ensures_map__lmem'vc.
Prover result is: Valid (0.00s, 5315 steps).

File "/home/fabrice/git/pycsl/scratchpad/tmp/.pycsl_te8_arn7.mlw", line 1102, characters 24-97:
Sub-goal variant decrease of goal functionemissionmixin___build_method_param_result_ensures_map__gtype'vc.
Prover result is: Valid (0.00s, 15448 steps).

File "/home/fabrice/git/pycsl/scratchpad/tmp/.pycsl_te8_arn7.mlw", line 1102, characters 24-97:
Sub-goal variant decrease of goal functionemissionmixin___build_method_param_result_ensures_map__gtype'vc.
Prover result is: Valid (0.01s, 15300 steps).

File "/home/fabrice/git/pycsl/scratchpad/tmp/.pycsl_te8_arn7.mlw", line 1109, characters 24-95:
Sub-goal variant decrease of goal functionemissionmixin___build_method_param_result_ensures_map__gnm'vc.
Prover result is: Valid (0.01s, 15448 steps).

File "/home/fabrice/git/pycsl/scratchpad/tmp/.pycsl_te8_arn7.mlw", line 1109, characters 24-95:
Sub-goal variant decrease of goal functionemissionmixin___build_method_param_result_ensures_map__gnm'vc.
Prover result is: Valid (0.01s, 15300 steps).

File "/home/fabrice/git/pycsl/scratchpad/tmp/.pycsl_te8_arn7.mlw", line 1115, characters 78-150:
Sub-goal variant decrease of goal functionemissionmixin___build_method_param_result_ensures_map__gvar'vc.
Prover result is: Valid (0.00s, 15164 steps).

File "/home/fabrice/git/pycsl/scratchpad/tmp/.pycsl_te8_arn7.mlw", line 1116, characters 24-96:
Sub-goal variant decrease of goal functionemissionmixin___build_method_param_result_ensures_map__gvar'vc.
Prover result is: Valid (0.00s, 15436 steps).

File "/home/fabrice/git/pycsl/scratchpad/tmp/.pycsl_te8_arn7.mlw", line 1116, characters 24-96:
Sub-goal variant decrease of goal functionemissionmixin___build_method_param_result_ensures_map__gvar'vc.
Prover result is: Valid (0.01s, 15300 steps).

File "/home/fabrice/git/pycsl/scratchpad/tmp/.pycsl_te8_arn7.mlw", line 1127, characters 118-191:
Sub-goal precondition of goal functionemissionmixin___build_method_param_result_ensures_map__cv'vc.
Prover result is: Valid (0.00s, 5375 steps).

File "/home/fabrice/git/pycsl/scratchpad/tmp/.pycsl_te8_arn7.mlw", line 1133, characters 44-116:
Sub-goal precondition of goal functionemissionmixin___build_method_param_result_ensures_map__cv'vc.
Prover result is: Valid (0.00s, 5402 steps).

File "/home/fabrice/git/pycsl/scratchpad/tmp/.pycsl_te8_arn7.mlw", line 1135, characters 18-89:
Sub-goal variant decrease of goal functionemissionmixin___build_method_param_result_ensures_map__cv'vc.
Prover result is: Valid (0.01s, 59313 steps).

File "/home/fabrice/git/pycsl/scratchpad/tmp/.pycsl_te8_arn7.mlw", line 1135, characters 18-89:
Sub-goal precondition of goal functionemissionmixin___build_method_param_result_ensures_map__cv'vc.
Prover result is: Valid (0.01s, 5402 steps).

File "/home/fabrice/git/pycsl/scratchpad/tmp/.pycsl_te8_arn7.mlw", line 1136, characters 19-90:
Sub-goal variant decrease of goal functionemissionmixin___build_method_param_result_ensures_map__cv'vc.
Prover result is: Valid (0.01s, 56796 steps).

File "/home/fabrice/git/pycsl/scratchpad/tmp/.pycsl_te8_arn7.mlw", line 1136, characters 19-90:
Sub-goal precondition of goal functionemissionmixin___build_method_param_result_ensures_map__cv'vc.
Prover result is: Valid (0.01s, 5324 steps).

File "/home/fabrice/git/pycsl/scratchpad/tmp/.pycsl_te8_arn7.mlw", line 1137, characters 18-90:
Sub-goal variant decrease of goal functionemissionmixin___build_method_param_result_ensures_map__cv'vc.
Prover result is: Valid (0.01s, 56796 steps).

File "/home/fabrice/git/pycsl/scratchpad/tmp/.pycsl_te8_arn7.mlw", line 1137, characters 18-90:
Sub-goal precondition of goal functionemissionmixin___build_method_param_result_ensures_map__cv'vc.
Prover result is: Valid (0.00s, 5324 steps).

File "/home/fabrice/git/pycsl/scratchpad/tmp/.pycsl_te8_arn7.mlw", line 1119, characters 32-36:
Sub-goal postcondition of goal functionemissionmixin___build_method_param_result_ensures_map__cv'vc.
Prover result is: Valid (0.01s, 5315 steps).

File "/home/fabrice/git/pycsl/scratchpad/tmp/.pycsl_te8_arn7.mlw", line 1144, characters 27-97:
Sub-goal variant decrease of goal functionemissionmixin___build_method_param_result_ensures_map__cdf'vc.
Prover result is: Valid (0.01s, 60910 steps).

File "/home/fabrice/git/pycsl/scratchpad/tmp/.pycsl_te8_arn7.mlw", line 1144, characters 27-97:
Sub-goal precondition of goal functionemissionmixin___build_method_param_result_ensures_map__cdf'vc.
Prover result is: Valid (0.00s, 5341 steps).

File "/home/fabrice/git/pycsl/scratchpad/tmp/.pycsl_te8_arn7.mlw", line 1144, characters 120-194:
Sub-goal variant decrease of goal functionemissionmixin___build_method_param_result_ensures_map__cdf'vc.
Prover result is: Valid (0.01s, 60876 steps).

File "/home/fabrice/git/pycsl/scratchpad/tmp/.pycsl_te8_arn7.mlw", line 1144, characters 120-194:
Sub-goal precondition of goal functionemissionmixin___build_method_param_result_ensures_map__cdf'vc.
Prover result is: Valid (0.00s, 5341 steps).

File "/home/fabrice/git/pycsl/scratchpad/tmp/.pycsl_te8_arn7.mlw", line 1141, characters 32-36:
Sub-goal postcondition of goal functionemissionmixin___build_method_param_result_ensures_map__cdf'vc.
Prover result is: Valid (0.00s, 5315 steps).

File "/home/fabrice/git/pycsl/scratchpad/tmp/.pycsl_te8_arn7.mlw", line 1148, characters 37-107:
Sub-goal variant decrease of goal functionemissionmixin___build_method_param_result_ensures_map__clf'vc.
Prover result is: Valid (0.01s, 59964 steps).

File "/home/fabrice/git/pycsl/scratchpad/tmp/.pycsl_te8_arn7.mlw", line 1148, characters 37-107:
Sub-goal precondition of goal functionemissionmixin___build_method_param_result_ensures_map__clf'vc.
Prover result is: Valid (0.00s, 5267 steps).

File "/home/fabrice/git/pycsl/scratchpad/tmp/.pycsl_te8_arn7.mlw", line 1148, characters 130-201:
Sub-goal variant decrease of goal functionemissionmixin___build_method_param_result_ensures_map__clf'vc.
Prover result is: Valid (0.01s, 60005 steps).

File "/home/fabrice/git/pycsl/scratchpad/tmp/.pycsl_te8_arn7.mlw", line 1148, characters 130-201:
Sub-goal precondition of goal functionemissionmixin___build_method_param_result_ensures_map__clf'vc.
Prover result is: Valid (0.01s, 5267 steps).

File "/home/fabrice/git/pycsl/scratchpad/tmp/.pycsl_te8_arn7.mlw", line 1146, characters 32-36:
Sub-goal postcondition of goal functionemissionmixin___build_method_param_result_ensures_map__clf'vc.
Prover result is: Valid (0.01s, 5315 steps).

File "/home/fabrice/git/pycsl/scratchpad/tmp/.pycsl_te8_arn7.mlw", line 1153, characters 77-155:
Sub-goal variant decrease of goal functionemissionmixin___build_method_param_result_ensures_map__gcontracts'vc.
Prover result is: Valid (0.00s, 15148 steps).

File "/home/fabrice/git/pycsl/scratchpad/tmp/.pycsl_te8_arn7.mlw", line 1154, characters 24-102:
Sub-goal variant decrease of goal functionemissionmixin___build_method_param_result_ensures_map__gcontracts'vc.
Prover result is: Valid (0.01s, 15420 steps).

File "/home/fabrice/git/pycsl/scratchpad/tmp/.pycsl_te8_arn7.mlw", line 1160, characters 75-151:
Sub-goal variant decrease of goal functionemissionmixin___build_method_param_result_ensures_map__gensures'vc.
Prover result is: Valid (0.00s, 15148 steps).

File "/home/fabrice/git/pycsl/scratchpad/tmp/.pycsl_te8_arn7.mlw", line 1161, characters 24-100:
Sub-goal variant decrease of goal functionemissionmixin___build_method_param_result_ensures_map__gensures'vc.
Prover result is: Valid (0.00s, 15420 steps).

File "/home/fabrice/git/pycsl/scratchpad/tmp/.pycsl_te8_arn7.mlw", line 1168, characters 24-97:
Sub-goal variant decrease of goal functionemissionmixin___build_method_param_result_ensures_map__gname'vc.
Prover result is: Valid (0.01s, 15448 steps).

File "/home/fabrice/git/pycsl/scratchpad/tmp/.pycsl_te8_arn7.mlw", line 1168, characters 24-97:
Sub-goal variant decrease of goal functionemissionmixin___build_method_param_result_ensures_map__gname'vc.
Prover result is: Valid (0.01s, 15300 steps).

File "/home/fabrice/git/pycsl/scratchpad/tmp/.pycsl_te8_arn7.mlw", line 1174, characters 81-156:
Sub-goal variant decrease of goal functionemissionmixin___build_method_param_result_ensures_map__gparams'vc.
Prover result is: Valid (0.01s, 15148 steps).

File "/home/fabrice/git/pycsl/scratchpad/tmp/.pycsl_te8_arn7.mlw", line 1175, characters 24-99:
Sub-goal variant decrease of goal functionemissionmixin___build_method_param_result_ensures_map__gparams'vc.
Prover result is: Valid (0.00s, 15420 steps).

File "/home/fabrice/git/pycsl/scratchpad/tmp/.pycsl_te8_arn7.mlw", line 1183, characters 41-111:
Sub-goal precondition of goal functionemissionmixin___build_method_param_result_ensures_map__filt'vc.
Prover result is: Valid (0.01s, 5267 steps).

File "/home/fabrice/git/pycsl/scratchpad/tmp/.pycsl_te8_arn7.mlw", line 1183, characters 140-217:
Sub-goal variant decrease of goal functionemissionmixin___build_method_param_result_ensures_map__filt'vc.
Prover result is: Valid (0.01s, 60078 steps).

File "/home/fabrice/git/pycsl/scratchpad/tmp/.pycsl_te8_arn7.mlw", line 1183, characters 140-217:
Sub-goal precondition of goal functionemissionmixin___build_method_param_result_ensures_map__filt'vc.
Prover result is: Valid (0.01s, 5301 steps).

File "/home/fabrice/git/pycsl/scratchpad/tmp/.pycsl_te8_arn7.mlw", line 1183, characters 223-298:
Sub-goal variant decrease of goal functionemissionmixin___build_method_param_result_ensures_map__filt'vc.
Prover result is: Valid (0.01s, 67021 steps).

File "/home/fabrice/git/pycsl/scratchpad/tmp/.pycsl_te8_arn7.mlw", line 1183, characters 223-298:
Sub-goal precondition of goal functionemissionmixin___build_method_param_result_ensures_map__filt'vc.
Prover result is: Valid (0.00s, 5306 steps).

File "/home/fabrice/git/pycsl/scratchpad/tmp/.pycsl_te8_arn7.mlw", line 1180, characters 32-36:
Sub-goal postcondition of goal functionemissionmixin___build_method_param_result_ensures_map__filt'vc.
Prover result is: Valid (0.00s, 5315 steps).

File "/home/fabrice/git/pycsl/scratchpad/tmp/.pycsl_te8_arn7.mlw", line 1186, characters 32-36:
Sub-goal postcondition of goal functionemissionmixin___build_method_param_result_ensures_map__f'vc.
Prover result is: Valid (0.01s, 5276 steps).

File "/home/fabrice/git/pycsl/scratchpad/tmp/.pycsl_te8_arn7.mlw", line 1194, characters 152-225:
Sub-goal precondition of goal functionemissionmixin___build_method_param_result_ensures_map__f'vc.
Prover result is: Valid (0.00s, 5155 steps).

File "/home/fabrice/git/pycsl/scratchpad/tmp/.pycsl_te8_arn7.mlw", line 1204, characters 8-81:
Sub-goal variant decrease of goal functionemissionmixin___build_method_param_result_ensures_map__f'vc.
Prover result is: Valid (0.01s, 17353 steps).

File "/home/fabrice/git/pycsl/scratchpad/tmp/.pycsl_te8_arn7.mlw", line 1204, characters 8-81:
Sub-goal precondition of goal functionemissionmixin___build_method_param_result_ensures_map__f'vc.
Prover result is: Valid (0.01s, 5457 steps).

File "/home/fabrice/git/pycsl/scratchpad/tmp/.pycsl_te8_arn7.mlw", line 1186, characters 32-36:
Sub-goal postcondition of goal functionemissionmixin___build_method_param_result_ensures_map__f'vc.
Prover result is: Valid (0.01s, 5457 steps).

File "/home/fabrice/git/pycsl/scratchpad/tmp/.pycsl_te8_arn7.mlw", line 1204, characters 8-81:
Sub-goal variant decrease of goal functionemissionmixin___build_method_param_result_ensures_map__f'vc.
Prover result is: Valid (0.01s, 16828 steps).

File "/home/fabrice/git/pycsl/scratchpad/tmp/.pycsl_te8_arn7.mlw", line 1204, characters 8-81:
Sub-goal precondition of goal functionemissionmixin___build_method_param_result_ensures_map__f'vc.
Prover result is: Valid (0.01s, 5867 steps).

File "/home/fabrice/git/pycsl/scratchpad/tmp/.pycsl_te8_arn7.mlw", line 1186, characters 32-36:
Sub-goal postcondition of goal functionemissionmixin___build_method_param_result_ensures_map__f'vc.
Prover result is: Valid (0.00s, 5867 steps).

File "/home/fabrice/git/pycsl/scratchpad/tmp/.pycsl_te8_arn7.mlw", line 1204, characters 8-81:
Sub-goal variant decrease of goal functionemissionmixin___build_method_param_result_ensures_map__f'vc.
Prover result is: Valid (0.01s, 15617 steps).

File "/home/fabrice/git/pycsl/scratchpad/tmp/.pycsl_te8_arn7.mlw", line 1204, characters 8-81:
Sub-goal precondition of goal functionemissionmixin___build_method_param_result_ensures_map__f'vc.
Prover result is: Valid (0.00s, 5461 steps).

File "/home/fabrice/git/pycsl/scratchpad/tmp/.pycsl_te8_arn7.mlw", line 1186, characters 32-36:
Sub-goal postcondition of goal functionemissionmixin___build_method_param_result_ensures_map__f'vc.
Prover result is: Valid (0.00s, 5461 steps).

File "/home/fabrice/git/pycsl/scratchpad/tmp/.pycsl_te8_arn7.mlw", line 1204, characters 8-81:
Sub-goal variant decrease of goal functionemissionmixin___build_method_param_result_ensures_map__f'vc.
Prover result is: Valid (0.01s, 15143 steps).

File "/home/fabrice/git/pycsl/scratchpad/tmp/.pycsl_te8_arn7.mlw", line 1204, characters 8-81:
Sub-goal precondition of goal functionemissionmixin___build_method_param_result_ensures_map__f'vc.
Prover result is: Valid (0.00s, 5349 steps).

File "/home/fabrice/git/pycsl/scratchpad/tmp/.pycsl_te8_arn7.mlw", line 1186, characters 32-36:
Sub-goal postcondition of goal functionemissionmixin___build_method_param_result_ensures_map__f'vc.
Prover result is: Valid (0.00s, 5349 steps).

File "/home/fabrice/git/pycsl/scratchpad/tmp/.pycsl_te8_arn7.mlw", line 1209, characters 40-111:
Sub-goal precondition of goal functionemissionmixin___build_method_param_result_ensures_map'vc.
Prover result is: Valid (0.01s, 5324 steps).

File "/home/fabrice/git/pycsl/scratchpad/tmp/.pycsl_te8_arn7.mlw", line 1207, characters 32-36:
Sub-goal postcondition of goal functionemissionmixin___build_method_param_result_ensures_map'vc.
Prover result is: Valid (0.00s, 5337 steps).

File "/home/fabrice/git/pycsl/scratchpad/tmp/.pycsl_te8_arn7.mlw", line 1207, characters 32-36:
Sub-goal postcondition of goal functionemissionmixin___build_method_param_result_ensures_map'vc.
Prover result is: Valid (0.01s, 5384 steps).

File "/home/fabrice/git/pycsl/scratchpad/tmp/.pycsl_te8_arn7.mlw", line 1214, characters 78-146:
Sub-goal variant decrease of goal functionemissionmixin___build_method_param_types_map__gsymtable'vc.
Prover result is: Valid (0.00s, 15148 steps).

File "/home/fabrice/git/pycsl/scratchpad/tmp/.pycsl_te8_arn7.mlw", line 1215, characters 24-92:
Sub-goal variant decrease of goal functionemissionmixin___build_method_param_types_map__gsymtable'vc.
Prover result is: Valid (0.01s, 15420 steps).

File "/home/fabrice/git/pycsl/scratchpad/tmp/.pycsl_te8_arn7.mlw", line 1220, characters 24-88:
Sub-goal variant decrease of goal functionemissionmixin___build_method_param_types_map__gname'vc.
Prover result is: Valid (0.00s, 15432 steps).

File "/home/fabrice/git/pycsl/scratchpad/tmp/.pycsl_te8_arn7.mlw", line 1226, characters 24-162:
Sub-goal variant decrease of goal functionemissionmixin___build_method_param_types_map__ents'vc.
Prover result is: Valid (0.01s, 15138 steps).

File "/home/fabrice/git/pycsl/scratchpad/tmp/.pycsl_te8_arn7.mlw", line 1226, characters 24-162:
Sub-goal precondition of goal functionemissionmixin___build_method_param_types_map__ents'vc.
Prover result is: Valid (0.01s, 5333 steps).

File "/home/fabrice/git/pycsl/scratchpad/tmp/.pycsl_te8_arn7.mlw", line 1223, characters 32-36:
Sub-goal postcondition of goal functionemissionmixin___build_method_param_types_map__ents'vc.
Prover result is: Valid (0.00s, 5324 steps).

File "/home/fabrice/git/pycsl/scratchpad/tmp/.pycsl_te8_arn7.mlw", line 1231, characters 32-36:
Sub-goal postcondition of goal functionemissionmixin___build_method_param_types_map__f'vc.
Prover result is: Valid (0.01s, 5276 steps).

File "/home/fabrice/git/pycsl/scratchpad/tmp/.pycsl_te8_arn7.mlw", line 1238, characters 44-108:
Sub-goal precondition of goal functionemissionmixin___build_method_param_types_map__f'vc.
Prover result is: Valid (0.01s, 5284 steps).

File "/home/fabrice/git/pycsl/scratchpad/tmp/.pycsl_te8_arn7.mlw", line 1244, characters 8-72:
Sub-goal variant decrease of goal functionemissionmixin___build_method_param_types_map__f'vc.
Prover result is: Valid (0.01s, 16254 steps).

File "/home/fabrice/git/pycsl/scratchpad/tmp/.pycsl_te8_arn7.mlw", line 1244, characters 8-72:
Sub-goal precondition of goal functionemissionmixin___build_method_param_types_map__f'vc.
Prover result is: Valid (0.00s, 5689 steps).

File "/home/fabrice/git/pycsl/scratchpad/tmp/.pycsl_te8_arn7.mlw", line 1231, characters 32-36:
Sub-goal postcondition of goal functionemissionmixin___build_method_param_types_map__f'vc.
Prover result is: Valid (0.00s, 5689 steps).

File "/home/fabrice/git/pycsl/scratchpad/tmp/.pycsl_te8_arn7.mlw", line 1244, characters 8-72:
Sub-goal variant decrease of goal functionemissionmixin___build_method_param_types_map__f'vc.
Prover result is: Valid (0.01s, 15241 steps).

File "/home/fabrice/git/pycsl/scratchpad/tmp/.pycsl_te8_arn7.mlw", line 1244, characters 8-72:
Sub-goal precondition of goal functionemissionmixin___build_method_param_types_map__f'vc.
Prover result is: Valid (0.01s, 5352 steps).

File "/home/fabrice/git/pycsl/scratchpad/tmp/.pycsl_te8_arn7.mlw", line 1231, characters 32-36:
Sub-goal postcondition of goal functionemissionmixin___build_method_param_types_map__f'vc.
Prover result is: Valid (0.01s, 5352 steps).

File "/home/fabrice/git/pycsl/scratchpad/tmp/.pycsl_te8_arn7.mlw", line 1244, characters 8-72:
Sub-goal variant decrease of goal functionemissionmixin___build_method_param_types_map__f'vc.
Prover result is: Valid (0.01s, 15043 steps).

File "/home/fabrice/git/pycsl/scratchpad/tmp/.pycsl_te8_arn7.mlw", line 1244, characters 8-72:
Sub-goal precondition of goal functionemissionmixin___build_method_param_types_map__f'vc.
Prover result is: Valid (0.01s, 5283 steps).

File "/home/fabrice/git/pycsl/scratchpad/tmp/.pycsl_te8_arn7.mlw", line 1231, characters 32-36:
Sub-goal postcondition of goal functionemissionmixin___build_method_param_types_map__f'vc.
Prover result is: Valid (0.00s, 5283 steps).

File "/home/fabrice/git/pycsl/scratchpad/tmp/.pycsl_te8_arn7.mlw", line 1244, characters 8-72:
Sub-goal variant decrease of goal functionemissionmixin___build_method_param_types_map__f'vc.
Prover result is: Valid (0.01s, 15143 steps).

File "/home/fabrice/git/pycsl/scratchpad/tmp/.pycsl_te8_arn7.mlw", line 1244, characters 8-72:
Sub-goal precondition of goal functionemissionmixin___build_method_param_types_map__f'vc.
Prover result is: Valid (0.01s, 5349 steps).

File "/home/fabrice/git/pycsl/scratchpad/tmp/.pycsl_te8_arn7.mlw", line 1231, characters 32-36:
Sub-goal postcondition of goal functionemissionmixin___build_method_param_types_map__f'vc.
Prover result is: Valid (0.01s, 5349 steps).

File "/home/fabrice/git/pycsl/scratchpad/tmp/.pycsl_te8_arn7.mlw", line 1249, characters 40-102:
Sub-goal precondition of goal functionemissionmixin___build_method_param_types_map'vc.
Prover result is: Valid (0.00s, 5324 steps).

File "/home/fabrice/git/pycsl/scratchpad/tmp/.pycsl_te8_arn7.mlw", line 1247, characters 32-36:
Sub-goal postcondition of goal functionemissionmixin___build_method_param_types_map'vc.
Prover result is: Valid (0.01s, 5337 steps).

File "/home/fabrice/git/pycsl/scratchpad/tmp/.pycsl_te8_arn7.mlw", line 1247, characters 32-36:
Sub-goal postcondition of goal functionemissionmixin___build_method_param_types_map'vc.
Prover result is: Valid (0.00s, 5384 steps).

File "/home/fabrice/git/pycsl/scratchpad/tmp/.pycsl_te8_arn7.mlw", line 1254, characters 78-156:
Sub-goal variant decrease of goal functionemissionmixin___build_method_param_whyml_types_by_name__gsymtable'vc.
Prover result is: Valid (0.01s, 15148 steps).

File "/home/fabrice/git/pycsl/scratchpad/tmp/.pycsl_te8_arn7.mlw", line 1255, characters 24-102:
Sub-goal variant decrease of goal functionemissionmixin___build_method_param_whyml_types_by_name__gsymtable'vc.
Prover result is: Valid (0.01s, 15420 steps).

File "/home/fabrice/git/pycsl/scratchpad/tmp/.pycsl_te8_arn7.mlw", line 1259, characters 79-155:
Sub-goal variant decrease of goal functionemissionmixin___build_method_param_whyml_types_by_name__gformal'vc.
Prover result is: Valid (0.00s, 15148 steps).

File "/home/fabrice/git/pycsl/scratchpad/tmp/.pycsl_te8_arn7.mlw", line 1260, characters 24-100:
Sub-goal variant decrease of goal functionemissionmixin___build_method_param_whyml_types_by_name__gformal'vc.
Prover result is: Valid (0.01s, 15420 steps).

File "/home/fabrice/git/pycsl/scratchpad/tmp/.pycsl_te8_arn7.mlw", line 1265, characters 24-98:
Sub-goal variant decrease of goal functionemissionmixin___build_method_param_whyml_types_by_name__gname'vc.
Prover result is: Valid (0.01s, 15432 steps).

File "/home/fabrice/git/pycsl/scratchpad/tmp/.pycsl_te8_arn7.mlw", line 1270, characters 65-140:
Sub-goal variant decrease of goal functionemissionmixin___build_method_param_whyml_types_by_name__sget'vc.
Prover result is: Valid (0.01s, 15148 steps).

File "/home/fabrice/git/pycsl/scratchpad/tmp/.pycsl_te8_arn7.mlw", line 1271, characters 24-99:
Sub-goal variant decrease of goal functionemissionmixin___build_method_param_whyml_types_by_name__sget'vc.
Prover result is: Valid (0.00s, 15420 steps).

File "/home/fabrice/git/pycsl/scratchpad/tmp/.pycsl_te8_arn7.mlw", line 1279, characters 32-36:
Sub-goal postcondition of goal functionemissionmixin___build_method_param_whyml_types_by_name__inner'vc.
Prover result is: Valid (0.01s, 5272 steps).

File "/home/fabrice/git/pycsl/scratchpad/tmp/.pycsl_te8_arn7.mlw", line 1286, characters 8-89:
Sub-goal variant decrease of goal functionemissionmixin___build_method_param_whyml_types_by_name__inner'vc.
Prover result is: Valid (0.01s, 15796 steps).

File "/home/fabrice/git/pycsl/scratchpad/tmp/.pycsl_te8_arn7.mlw", line 1286, characters 8-89:
Sub-goal precondition of goal functionemissionmixin___build_method_param_whyml_types_by_name__inner'vc.
Prover result is: Valid (0.01s, 5564 steps).

File "/home/fabrice/git/pycsl/scratchpad/tmp/.pycsl_te8_arn7.mlw", line 1279, characters 32-36:
Sub-goal postcondition of goal functionemissionmixin___build_method_param_whyml_types_by_name__inner'vc.
Prover result is: Valid (0.00s, 5564 steps).

File "/home/fabrice/git/pycsl/scratchpad/tmp/.pycsl_te8_arn7.mlw", line 1286, characters 8-89:
Sub-goal variant decrease of goal functionemissionmixin___build_method_param_whyml_types_by_name__inner'vc.
Prover result is: Valid (0.01s, 15129 steps).

File "/home/fabrice/git/pycsl/scratchpad/tmp/.pycsl_te8_arn7.mlw", line 1286, characters 8-89:
Sub-goal precondition of goal functionemissionmixin___build_method_param_whyml_types_by_name__inner'vc.
Prover result is: Valid (0.01s, 5345 steps).

File "/home/fabrice/git/pycsl/scratchpad/tmp/.pycsl_te8_arn7.mlw", line 1279, characters 32-36:
Sub-goal postcondition of goal functionemissionmixin___build_method_param_whyml_types_by_name__inner'vc.
Prover result is: Valid (0.00s, 5345 steps).

File "/home/fabrice/git/pycsl/scratchpad/tmp/.pycsl_te8_arn7.mlw", line 1289, characters 32-36:
Sub-goal postcondition of goal functionemissionmixin___build_method_param_whyml_types_by_name__f'vc.
Prover result is: Valid (0.00s, 5276 steps).

File "/home/fabrice/git/pycsl/scratchpad/tmp/.pycsl_te8_arn7.mlw", line 1298, characters 35-119:
Sub-goal precondition of goal functionemissionmixin___build_method_param_whyml_types_by_name__f'vc.
Prover result is: Valid (0.00s, 5155 steps).

File "/home/fabrice/git/pycsl/scratchpad/tmp/.pycsl_te8_arn7.mlw", line 1304, characters 8-82:
Sub-goal variant decrease of goal functionemissionmixin___build_method_param_whyml_types_by_name__f'vc.
Prover result is: Valid (0.00s, 16061 steps).

File "/home/fabrice/git/pycsl/scratchpad/tmp/.pycsl_te8_arn7.mlw", line 1304, characters 8-82:
Sub-goal precondition of goal functionemissionmixin___build_method_param_whyml_types_by_name__f'vc.
Prover result is: Valid (0.00s, 5663 steps).

File "/home/fabrice/git/pycsl/scratchpad/tmp/.pycsl_te8_arn7.mlw", line 1289, characters 32-36:
Sub-goal postcondition of goal functionemissionmixin___build_method_param_whyml_types_by_name__f'vc.
Prover result is: Valid (0.01s, 5663 steps).

File "/home/fabrice/git/pycsl/scratchpad/tmp/.pycsl_te8_arn7.mlw", line 1304, characters 8-82:
Sub-goal variant decrease of goal functionemissionmixin___build_method_param_whyml_types_by_name__f'vc.
Prover result is: Valid (0.01s, 14770 steps).

File "/home/fabrice/git/pycsl/scratchpad/tmp/.pycsl_te8_arn7.mlw", line 1304, characters 8-82:
Sub-goal precondition of goal functionemissionmixin___build_method_param_whyml_types_by_name__f'vc.
Prover result is: Valid (0.00s, 5231 steps).

File "/home/fabrice/git/pycsl/scratchpad/tmp/.pycsl_te8_arn7.mlw", line 1289, characters 32-36:
Sub-goal postcondition of goal functionemissionmixin___build_method_param_whyml_types_by_name__f'vc.
Prover result is: Valid (0.01s, 5231 steps).

File "/home/fabrice/git/pycsl/scratchpad/tmp/.pycsl_te8_arn7.mlw", line 1304, characters 8-82:
Sub-goal variant decrease of goal functionemissionmixin___build_method_param_whyml_types_by_name__f'vc.
Prover result is: Valid (0.01s, 14572 steps).

File "/home/fabrice/git/pycsl/scratchpad/tmp/.pycsl_te8_arn7.mlw", line 1304, characters 8-82:
Sub-goal precondition of goal functionemissionmixin___build_method_param_whyml_types_by_name__f'vc.
Prover result is: Valid (0.00s, 5162 steps).

File "/home/fabrice/git/pycsl/scratchpad/tmp/.pycsl_te8_arn7.mlw", line 1289, characters 32-36:
Sub-goal postcondition of goal functionemissionmixin___build_method_param_whyml_types_by_name__f'vc.
Prover result is: Valid (0.00s, 5162 steps).

File "/home/fabrice/git/pycsl/scratchpad/tmp/.pycsl_te8_arn7.mlw", line 1304, characters 8-82:
Sub-goal variant decrease of goal functionemissionmixin___build_method_param_whyml_types_by_name__f'vc.
Prover result is: Valid (0.00s, 16543 steps).

File "/home/fabrice/git/pycsl/scratchpad/tmp/.pycsl_te8_arn7.mlw", line 1304, characters 8-82:
Sub-goal precondition of goal functionemissionmixin___build_method_param_whyml_types_by_name__f'vc.
Prover result is: Valid (0.00s, 5832 steps).

File "/home/fabrice/git/pycsl/scratchpad/tmp/.pycsl_te8_arn7.mlw", line 1289, characters 32-36:
Sub-goal postcondition of goal functionemissionmixin___build_method_param_whyml_types_by_name__f'vc.
Prover result is: Valid (0.00s, 5832 steps).

File "/home/fabrice/git/pycsl/scratchpad/tmp/.pycsl_te8_arn7.mlw", line 1304, characters 8-82:
Sub-goal variant decrease of goal functionemissionmixin___build_method_param_whyml_types_by_name__f'vc.
Prover result is: Valid (0.01s, 14940 steps).

File "/home/fabrice/git/pycsl/scratchpad/tmp/.pycsl_te8_arn7.mlw", line 1304, characters 8-82:
Sub-goal precondition of goal functionemissionmixin___build_method_param_whyml_types_by_name__f'vc.
Prover result is: Valid (0.00s, 5293 steps).

File "/home/fabrice/git/pycsl/scratchpad/tmp/.pycsl_te8_arn7.mlw", line 1289, characters 32-36:
Sub-goal postcondition of goal functionemissionmixin___build_method_param_whyml_types_by_name__f'vc.
Prover result is: Valid (0.01s, 5293 steps).

File "/home/fabrice/git/pycsl/scratchpad/tmp/.pycsl_te8_arn7.mlw", line 1304, characters 8-82:
Sub-goal variant decrease of goal functionemissionmixin___build_method_param_whyml_types_by_name__f'vc.
Prover result is: Valid (0.01s, 14742 steps).

File "/home/fabrice/git/pycsl/scratchpad/tmp/.pycsl_te8_arn7.mlw", line 1304, characters 8-82:
Sub-goal precondition of goal functionemissionmixin___build_method_param_whyml_types_by_name__f'vc.
Prover result is: Valid (0.00s, 5224 steps).

File "/home/fabrice/git/pycsl/scratchpad/tmp/.pycsl_te8_arn7.mlw", line 1289, characters 32-36:
Sub-goal postcondition of goal functionemissionmixin___build_method_param_whyml_types_by_name__f'vc.
Prover result is: Valid (0.00s, 5224 steps).

File "/home/fabrice/git/pycsl/scratchpad/tmp/.pycsl_te8_arn7.mlw", line 1304, characters 8-82:
Sub-goal variant decrease of goal functionemissionmixin___build_method_param_whyml_types_by_name__f'vc.
Prover result is: Valid (0.00s, 16345 steps).

File "/home/fabrice/git/pycsl/scratchpad/tmp/.pycsl_te8_arn7.mlw", line 1304, characters 8-82:
Sub-goal precondition of goal functionemissionmixin___build_method_param_whyml_types_by_name__f'vc.
Prover result is: Valid (0.00s, 5763 steps).

File "/home/fabrice/git/pycsl/scratchpad/tmp/.pycsl_te8_arn7.mlw", line 1289, characters 32-36:
Sub-goal postcondition of goal functionemissionmixin___build_method_param_whyml_types_by_name__f'vc.
Prover result is: Valid (0.01s, 5763 steps).

File "/home/fabrice/git/pycsl/scratchpad/tmp/.pycsl_te8_arn7.mlw", line 1304, characters 8-82:
Sub-goal variant decrease of goal functionemissionmixin___build_method_param_whyml_types_by_name__f'vc.
Prover result is: Valid (0.01s, 14742 steps).

File "/home/fabrice/git/pycsl/scratchpad/tmp/.pycsl_te8_arn7.mlw", line 1304, characters 8-82:
Sub-goal precondition of goal functionemissionmixin___build_method_param_whyml_types_by_name__f'vc.
Prover result is: Valid (0.01s, 5224 steps).

File "/home/fabrice/git/pycsl/scratchpad/tmp/.pycsl_te8_arn7.mlw", line 1289, characters 32-36:
Sub-goal postcondition of goal functionemissionmixin___build_method_param_whyml_types_by_name__f'vc.
Prover result is: Valid (0.01s, 5224 steps).

File "/home/fabrice/git/pycsl/scratchpad/tmp/.pycsl_te8_arn7.mlw", line 1304, characters 8-82:
Sub-goal variant decrease of goal functionemissionmixin___build_method_param_whyml_types_by_name__f'vc.
Prover result is: Valid (0.01s, 14544 steps).

File "/home/fabrice/git/pycsl/scratchpad/tmp/.pycsl_te8_arn7.mlw", line 1304, characters 8-82:
Sub-goal precondition of goal functionemissionmixin___build_method_param_whyml_types_by_name__f'vc.
Prover result is: Valid (0.00s, 5155 steps).

File "/home/fabrice/git/pycsl/scratchpad/tmp/.pycsl_te8_arn7.mlw", line 1289, characters 32-36:
Sub-goal postcondition of goal functionemissionmixin___build_method_param_whyml_types_by_name__f'vc.
Prover result is: Valid (0.01s, 5155 steps).

File "/home/fabrice/git/pycsl/scratchpad/tmp/.pycsl_te8_arn7.mlw", line 1304, characters 8-82:
Sub-goal variant decrease of goal functionemissionmixin___build_method_param_whyml_types_by_name__f'vc.
Prover result is: Valid (0.01s, 15145 steps).

File "/home/fabrice/git/pycsl/scratchpad/tmp/.pycsl_te8_arn7.mlw", line 1304, characters 8-82:
Sub-goal precondition of goal functionemissionmixin___build_method_param_whyml_types_by_name__f'vc.
Prover result is: Valid (0.00s, 5349 steps).

File "/home/fabrice/git/pycsl/scratchpad/tmp/.pycsl_te8_arn7.mlw", line 1289, characters 32-36:
Sub-goal postcondition of goal functionemissionmixin___build_method_param_whyml_types_by_name__f'vc.
Prover result is: Valid (0.00s, 5349 steps).

File "/home/fabrice/git/pycsl/scratchpad/tmp/.pycsl_te8_arn7.mlw", line 1309, characters 40-112:
Sub-goal precondition of goal functionemissionmixin___build_method_param_whyml_types_by_name'vc.
Prover result is: Valid (0.00s, 5324 steps).

File "/home/fabrice/git/pycsl/scratchpad/tmp/.pycsl_te8_arn7.mlw", line 1307, characters 32-36:
Sub-goal postcondition of goal functionemissionmixin___build_method_param_whyml_types_by_name'vc.
Prover result is: Valid (0.01s, 5337 steps).

File "/home/fabrice/git/pycsl/scratchpad/tmp/.pycsl_te8_arn7.mlw", line 1307, characters 32-36:
Sub-goal postcondition of goal functionemissionmixin___build_method_param_whyml_types_by_name'vc.
Prover result is: Valid (0.01s, 5384 steps).

File "/home/fabrice/git/pycsl/scratchpad/tmp/.pycsl_te8_arn7.mlw", line 1316, characters 24-91:
Sub-goal variant decrease of goal functionemissionmixin___build_method_result_ensures_map__gtype'vc.
Prover result is: Valid (0.01s, 15448 steps).

File "/home/fabrice/git/pycsl/scratchpad/tmp/.pycsl_te8_arn7.mlw", line 1316, characters 24-91:
Sub-goal variant decrease of goal functionemissionmixin___build_method_result_ensures_map__gtype'vc.
Prover result is: Valid (0.01s, 15300 steps).

File "/home/fabrice/git/pycsl/scratchpad/tmp/.pycsl_te8_arn7.mlw", line 1322, characters 78-144:
Sub-goal variant decrease of goal functionemissionmixin___build_method_result_ensures_map__gvar'vc.
Prover result is: Valid (0.00s, 15164 steps).

File "/home/fabrice/git/pycsl/scratchpad/tmp/.pycsl_te8_arn7.mlw", line 1323, characters 24-90:
Sub-goal variant decrease of goal functionemissionmixin___build_method_result_ensures_map__gvar'vc.
Prover result is: Valid (0.01s, 15436 steps).

File "/home/fabrice/git/pycsl/scratchpad/tmp/.pycsl_te8_arn7.mlw", line 1323, characters 24-90:
Sub-goal variant decrease of goal functionemissionmixin___build_method_result_ensures_map__gvar'vc.
Prover result is: Valid (0.00s, 15300 steps).

File "/home/fabrice/git/pycsl/scratchpad/tmp/.pycsl_te8_arn7.mlw", line 1337, characters 18-80:
Sub-goal variant decrease of goal functionemissionmixin___build_method_result_ensures_map__cv'vc.
Prover result is: Valid (0.01s, 59322 steps).

File "/home/fabrice/git/pycsl/scratchpad/tmp/.pycsl_te8_arn7.mlw", line 1337, characters 18-80:
Sub-goal precondition of goal functionemissionmixin___build_method_result_ensures_map__cv'vc.
Prover result is: Valid (0.00s, 5415 steps).

File "/home/fabrice/git/pycsl/scratchpad/tmp/.pycsl_te8_arn7.mlw", line 1338, characters 19-81:
Sub-goal variant decrease of goal functionemissionmixin___build_method_result_ensures_map__cv'vc.
Prover result is: Valid (0.01s, 56796 steps).

File "/home/fabrice/git/pycsl/scratchpad/tmp/.pycsl_te8_arn7.mlw", line 1338, characters 19-81:
Sub-goal precondition of goal functionemissionmixin___build_method_result_ensures_map__cv'vc.
Prover result is: Valid (0.00s, 5324 steps).

File "/home/fabrice/git/pycsl/scratchpad/tmp/.pycsl_te8_arn7.mlw", line 1339, characters 18-81:
Sub-goal variant decrease of goal functionemissionmixin___build_method_result_ensures_map__cv'vc.
Prover result is: Valid (0.01s, 56796 steps).

File "/home/fabrice/git/pycsl/scratchpad/tmp/.pycsl_te8_arn7.mlw", line 1339, characters 18-81:
Sub-goal precondition of goal functionemissionmixin___build_method_result_ensures_map__cv'vc.
Prover result is: Valid (0.00s, 5324 steps).

File "/home/fabrice/git/pycsl/scratchpad/tmp/.pycsl_te8_arn7.mlw", line 1326, characters 32-36:
Sub-goal postcondition of goal functionemissionmixin___build_method_result_ensures_map__cv'vc.
Prover result is: Valid (0.00s, 5315 steps).

File "/home/fabrice/git/pycsl/scratchpad/tmp/.pycsl_te8_arn7.mlw", line 1346, characters 23-84:
Sub-goal variant decrease of goal functionemissionmixin___build_method_result_ensures_map__cdf'vc.
Prover result is: Valid (0.02s, 60910 steps).

File "/home/fabrice/git/pycsl/scratchpad/tmp/.pycsl_te8_arn7.mlw", line 1346, characters 23-84:
Sub-goal precondition of goal functionemissionmixin___build_method_result_ensures_map__cdf'vc.
Prover result is: Valid (0.00s, 5341 steps).

File "/home/fabrice/git/pycsl/scratchpad/tmp/.pycsl_te8_arn7.mlw", line 1346, characters 103-168:
Sub-goal variant decrease of goal functionemissionmixin___build_method_result_ensures_map__cdf'vc.
Prover result is: Valid (0.01s, 60876 steps).

File "/home/fabrice/git/pycsl/scratchpad/tmp/.pycsl_te8_arn7.mlw", line 1346, characters 103-168:
Sub-goal precondition of goal functionemissionmixin___build_method_result_ensures_map__cdf'vc.
Prover result is: Valid (0.01s, 5341 steps).

File "/home/fabrice/git/pycsl/scratchpad/tmp/.pycsl_te8_arn7.mlw", line 1343, characters 32-36:
Sub-goal postcondition of goal functionemissionmixin___build_method_result_ensures_map__cdf'vc.
Prover result is: Valid (0.01s, 5315 steps).

File "/home/fabrice/git/pycsl/scratchpad/tmp/.pycsl_te8_arn7.mlw", line 1350, characters 33-94:
Sub-goal variant decrease of goal functionemissionmixin___build_method_result_ensures_map__clf'vc.
Prover result is: Valid (0.01s, 59964 steps).

File "/home/fabrice/git/pycsl/scratchpad/tmp/.pycsl_te8_arn7.mlw", line 1350, characters 33-94:
Sub-goal precondition of goal functionemissionmixin___build_method_result_ensures_map__clf'vc.
Prover result is: Valid (0.00s, 5267 steps).

File "/home/fabrice/git/pycsl/scratchpad/tmp/.pycsl_te8_arn7.mlw", line 1350, characters 113-175:
Sub-goal variant decrease of goal functionemissionmixin___build_method_result_ensures_map__clf'vc.
Prover result is: Valid (0.01s, 60005 steps).

File "/home/fabrice/git/pycsl/scratchpad/tmp/.pycsl_te8_arn7.mlw", line 1350, characters 113-175:
Sub-goal precondition of goal functionemissionmixin___build_method_result_ensures_map__clf'vc.
Prover result is: Valid (0.00s, 5267 steps).

File "/home/fabrice/git/pycsl/scratchpad/tmp/.pycsl_te8_arn7.mlw", line 1348, characters 32-36:
Sub-goal postcondition of goal functionemissionmixin___build_method_result_ensures_map__clf'vc.
Prover result is: Valid (0.01s, 5315 steps).

File "/home/fabrice/git/pycsl/scratchpad/tmp/.pycsl_te8_arn7.mlw", line 1355, characters 77-149:
Sub-goal variant decrease of goal functionemissionmixin___build_method_result_ensures_map__gcontracts'vc.
Prover result is: Valid (0.00s, 15148 steps).

File "/home/fabrice/git/pycsl/scratchpad/tmp/.pycsl_te8_arn7.mlw", line 1356, characters 24-96:
Sub-goal variant decrease of goal functionemissionmixin___build_method_result_ensures_map__gcontracts'vc.
Prover result is: Valid (0.01s, 15420 steps).

File "/home/fabrice/git/pycsl/scratchpad/tmp/.pycsl_te8_arn7.mlw", line 1362, characters 75-145:
Sub-goal variant decrease of goal functionemissionmixin___build_method_result_ensures_map__gensures'vc.
Prover result is: Valid (0.01s, 15148 steps).

File "/home/fabrice/git/pycsl/scratchpad/tmp/.pycsl_te8_arn7.mlw", line 1363, characters 24-94:
Sub-goal variant decrease of goal functionemissionmixin___build_method_result_ensures_map__gensures'vc.
Prover result is: Valid (0.01s, 15420 steps).

File "/home/fabrice/git/pycsl/scratchpad/tmp/.pycsl_te8_arn7.mlw", line 1370, characters 24-91:
Sub-goal variant decrease of goal functionemissionmixin___build_method_result_ensures_map__gname'vc.
Prover result is: Valid (0.01s, 15448 steps).

File "/home/fabrice/git/pycsl/scratchpad/tmp/.pycsl_te8_arn7.mlw", line 1370, characters 24-91:
Sub-goal variant decrease of goal functionemissionmixin___build_method_result_ensures_map__gname'vc.
Prover result is: Valid (0.01s, 15300 steps).

File "/home/fabrice/git/pycsl/scratchpad/tmp/.pycsl_te8_arn7.mlw", line 1378, characters 38-99:
Sub-goal precondition of goal functionemissionmixin___build_method_result_ensures_map__filt'vc.
Prover result is: Valid (0.01s, 5267 steps).

File "/home/fabrice/git/pycsl/scratchpad/tmp/.pycsl_te8_arn7.mlw", line 1378, characters 123-191:
Sub-goal variant decrease of goal functionemissionmixin___build_method_result_ensures_map__filt'vc.
Prover result is: Valid (0.01s, 60048 steps).

File "/home/fabrice/git/pycsl/scratchpad/tmp/.pycsl_te8_arn7.mlw", line 1378, characters 123-191:
Sub-goal precondition of goal functionemissionmixin___build_method_result_ensures_map__filt'vc.
Prover result is: Valid (0.00s, 5284 steps).

File "/home/fabrice/git/pycsl/scratchpad/tmp/.pycsl_te8_arn7.mlw", line 1378, characters 197-263:
Sub-goal variant decrease of goal functionemissionmixin___build_method_result_ensures_map__filt'vc.
Prover result is: Valid (0.01s, 62384 steps).

File "/home/fabrice/git/pycsl/scratchpad/tmp/.pycsl_te8_arn7.mlw", line 1378, characters 197-263:
Sub-goal precondition of goal functionemissionmixin___build_method_result_ensures_map__filt'vc.
Prover result is: Valid (0.00s, 5288 steps).

File "/home/fabrice/git/pycsl/scratchpad/tmp/.pycsl_te8_arn7.mlw", line 1375, characters 32-36:
Sub-goal postcondition of goal functionemissionmixin___build_method_result_ensures_map__filt'vc.
Prover result is: Valid (0.00s, 5315 steps).

File "/home/fabrice/git/pycsl/scratchpad/tmp/.pycsl_te8_arn7.mlw", line 1381, characters 32-36:
Sub-goal postcondition of goal functionemissionmixin___build_method_result_ensures_map__f'vc.
Prover result is: Valid (0.00s, 5276 steps).

File "/home/fabrice/git/pycsl/scratchpad/tmp/.pycsl_te8_arn7.mlw", line 1388, characters 146-210:
Sub-goal precondition of goal functionemissionmixin___build_method_result_ensures_map__f'vc.
Prover result is: Valid (0.00s, 5284 steps).

File "/home/fabrice/git/pycsl/scratchpad/tmp/.pycsl_te8_arn7.mlw", line 1398, characters 8-75:
Sub-goal variant decrease of goal functionemissionmixin___build_method_result_ensures_map__f'vc.
Prover result is: Valid (0.00s, 17344 steps).

File "/home/fabrice/git/pycsl/scratchpad/tmp/.pycsl_te8_arn7.mlw", line 1398, characters 8-75:
Sub-goal precondition of goal functionemissionmixin___build_method_result_ensures_map__f'vc.
Prover result is: Valid (0.00s, 5448 steps).

File "/home/fabrice/git/pycsl/scratchpad/tmp/.pycsl_te8_arn7.mlw", line 1381, characters 32-36:
Sub-goal postcondition of goal functionemissionmixin___build_method_result_ensures_map__f'vc.
Prover result is: Valid (0.01s, 5448 steps).

File "/home/fabrice/git/pycsl/scratchpad/tmp/.pycsl_te8_arn7.mlw", line 1398, characters 8-75:
Sub-goal variant decrease of goal functionemissionmixin___build_method_result_ensures_map__f'vc.
Prover result is: Valid (0.01s, 16819 steps).

File "/home/fabrice/git/pycsl/scratchpad/tmp/.pycsl_te8_arn7.mlw", line 1398, characters 8-75:
Sub-goal precondition of goal functionemissionmixin___build_method_result_ensures_map__f'vc.
Prover result is: Valid (0.00s, 5858 steps).

File "/home/fabrice/git/pycsl/scratchpad/tmp/.pycsl_te8_arn7.mlw", line 1381, characters 32-36:
Sub-goal postcondition of goal functionemissionmixin___build_method_result_ensures_map__f'vc.
Prover result is: Valid (0.01s, 5858 steps).

File "/home/fabrice/git/pycsl/scratchpad/tmp/.pycsl_te8_arn7.mlw", line 1398, characters 8-75:
Sub-goal variant decrease of goal functionemissionmixin___build_method_result_ensures_map__f'vc.
Prover result is: Valid (0.01s, 15608 steps).

File "/home/fabrice/git/pycsl/scratchpad/tmp/.pycsl_te8_arn7.mlw", line 1398, characters 8-75:
Sub-goal precondition of goal functionemissionmixin___build_method_result_ensures_map__f'vc.
Prover result is: Valid (0.01s, 5452 steps).

File "/home/fabrice/git/pycsl/scratchpad/tmp/.pycsl_te8_arn7.mlw", line 1381, characters 32-36:
Sub-goal postcondition of goal functionemissionmixin___build_method_result_ensures_map__f'vc.
Prover result is: Valid (0.00s, 5452 steps).

File "/home/fabrice/git/pycsl/scratchpad/tmp/.pycsl_te8_arn7.mlw", line 1398, characters 8-75:
Sub-goal variant decrease of goal functionemissionmixin___build_method_result_ensures_map__f'vc.
Prover result is: Valid (0.01s, 15143 steps).

File "/home/fabrice/git/pycsl/scratchpad/tmp/.pycsl_te8_arn7.mlw", line 1398, characters 8-75:
Sub-goal precondition of goal functionemissionmixin___build_method_result_ensures_map__f'vc.
Prover result is: Valid (0.01s, 5349 steps).

File "/home/fabrice/git/pycsl/scratchpad/tmp/.pycsl_te8_arn7.mlw", line 1381, characters 32-36:
Sub-goal postcondition of goal functionemissionmixin___build_method_result_ensures_map__f'vc.
Prover result is: Valid (0.01s, 5349 steps).

File "/home/fabrice/git/pycsl/scratchpad/tmp/.pycsl_te8_arn7.mlw", line 1403, characters 40-105:
Sub-goal precondition of goal functionemissionmixin___build_method_result_ensures_map'vc.
Prover result is: Valid (0.00s, 5324 steps).

File "/home/fabrice/git/pycsl/scratchpad/tmp/.pycsl_te8_arn7.mlw", line 1401, characters 32-36:
Sub-goal postcondition of goal functionemissionmixin___build_method_result_ensures_map'vc.
Prover result is: Valid (0.00s, 5337 steps).

File "/home/fabrice/git/pycsl/scratchpad/tmp/.pycsl_te8_arn7.mlw", line 1401, characters 32-36:
Sub-goal postcondition of goal functionemissionmixin___build_method_result_ensures_map'vc.
Prover result is: Valid (0.00s, 5384 steps).

File "/home/fabrice/git/pycsl/scratchpad/tmp/.pycsl_te8_arn7.mlw", line 1408, characters 57-128:
Sub-goal variant decrease of goal functionemissionmixin___build_method_result_frame_ensures_map__lmem'vc.
Prover result is: Valid (0.00s, 14935 steps).

File "/home/fabrice/git/pycsl/scratchpad/tmp/.pycsl_te8_arn7.mlw", line 1408, characters 57-128:
Sub-goal precondition of goal functionemissionmixin___build_method_result_frame_ensures_map__lmem'vc.
Prover result is: Valid (0.01s, 5280 steps).

File "/home/fabrice/git/pycsl/scratchpad/tmp/.pycsl_te8_arn7.mlw", line 1409, characters 18-89:
Sub-goal variant decrease of goal functionemissionmixin___build_method_result_frame_ensures_map__lmem'vc.
Prover result is: Valid (0.01s, 15091 steps).

File "/home/fabrice/git/pycsl/scratchpad/tmp/.pycsl_te8_arn7.mlw", line 1409, characters 18-89:
Sub-goal precondition of goal functionemissionmixin___build_method_result_frame_ensures_map__lmem'vc.
Prover result is: Valid (0.00s, 5336 steps).

File "/home/fabrice/git/pycsl/scratchpad/tmp/.pycsl_te8_arn7.mlw", line 1406, characters 32-36:
Sub-goal postcondition of goal functionemissionmixin___build_method_result_frame_ensures_map__lmem'vc.
Prover result is: Valid (0.00s, 5315 steps).

File "/home/fabrice/git/pycsl/scratchpad/tmp/.pycsl_te8_arn7.mlw", line 1415, characters 24-97:
Sub-goal variant decrease of goal functionemissionmixin___build_method_result_frame_ensures_map__gtype'vc.
Prover result is: Valid (0.00s, 15448 steps).

File "/home/fabrice/git/pycsl/scratchpad/tmp/.pycsl_te8_arn7.mlw", line 1415, characters 24-97:
Sub-goal variant decrease of goal functionemissionmixin___build_method_result_frame_ensures_map__gtype'vc.
Prover result is: Valid (0.01s, 15300 steps).

File "/home/fabrice/git/pycsl/scratchpad/tmp/.pycsl_te8_arn7.mlw", line 1422, characters 24-95:
Sub-goal variant decrease of goal functionemissionmixin___build_method_result_frame_ensures_map__gnm'vc.
Prover result is: Valid (0.01s, 15448 steps).

File "/home/fabrice/git/pycsl/scratchpad/tmp/.pycsl_te8_arn7.mlw", line 1422, characters 24-95:
Sub-goal variant decrease of goal functionemissionmixin___build_method_result_frame_ensures_map__gnm'vc.
Prover result is: Valid (0.00s, 15300 steps).

File "/home/fabrice/git/pycsl/scratchpad/tmp/.pycsl_te8_arn7.mlw", line 1428, characters 78-150:
Sub-goal variant decrease of goal functionemissionmixin___build_method_result_frame_ensures_map__gvar'vc.
Prover result is: Valid (0.01s, 15164 steps).

File "/home/fabrice/git/pycsl/scratchpad/tmp/.pycsl_te8_arn7.mlw", line 1429, characters 24-96:
Sub-goal variant decrease of goal functionemissionmixin___build_method_result_frame_ensures_map__gvar'vc.
Prover result is: Valid (0.00s, 15436 steps).

File "/home/fabrice/git/pycsl/scratchpad/tmp/.pycsl_te8_arn7.mlw", line 1429, characters 24-96:
Sub-goal variant decrease of goal functionemissionmixin___build_method_result_frame_ensures_map__gvar'vc.
Prover result is: Valid (0.01s, 15300 steps).

File "/home/fabrice/git/pycsl/scratchpad/tmp/.pycsl_te8_arn7.mlw", line 1435, characters 81-156:
Sub-goal variant decrease of goal functionemissionmixin___build_method_result_frame_ensures_map__gobject'vc.
Prover result is: Valid (0.01s, 15164 steps).

File "/home/fabrice/git/pycsl/scratchpad/tmp/.pycsl_te8_arn7.mlw", line 1436, characters 24-99:
Sub-goal variant decrease of goal functionemissionmixin___build_method_result_frame_ensures_map__gobject'vc.
Prover result is: Valid (0.01s, 15436 steps).

File "/home/fabrice/git/pycsl/scratchpad/tmp/.pycsl_te8_arn7.mlw", line 1436, characters 24-99:
Sub-goal variant decrease of goal functionemissionmixin___build_method_result_frame_ensures_map__gobject'vc.
Prover result is: Valid (0.00s, 15300 steps).

File "/home/fabrice/git/pycsl/scratchpad/tmp/.pycsl_te8_arn7.mlw", line 1443, characters 24-98:
Sub-goal variant decrease of goal functionemissionmixin___build_method_result_frame_ensures_map__gvalue'vc.
Prover result is: Valid (0.01s, 15432 steps).

File "/home/fabrice/git/pycsl/scratchpad/tmp/.pycsl_te8_arn7.mlw", line 1449, characters 71-145:
Sub-goal variant decrease of goal functionemissionmixin___build_method_result_frame_ensures_map__gvarpv'vc.
Prover result is: Valid (0.01s, 15148 steps).

File "/home/fabrice/git/pycsl/scratchpad/tmp/.pycsl_te8_arn7.mlw", line 1450, characters 24-98:
Sub-goal variant decrease of goal functionemissionmixin___build_method_result_frame_ensures_map__gvarpv'vc.
Prover result is: Valid (0.01s, 15420 steps).

File "/home/fabrice/git/pycsl/scratchpad/tmp/.pycsl_te8_arn7.mlw", line 1465, characters 118-191:
Sub-goal precondition of goal functionemissionmixin___build_method_result_frame_ensures_map__cv'vc.
Prover result is: Valid (0.01s, 5369 steps).

File "/home/fabrice/git/pycsl/scratchpad/tmp/.pycsl_te8_arn7.mlw", line 1465, characters 195-268:
Sub-goal precondition of goal functionemissionmixin___build_method_result_frame_ensures_map__cv'vc.
Prover result is: Valid (0.01s, 5369 steps).

File "/home/fabrice/git/pycsl/scratchpad/tmp/.pycsl_te8_arn7.mlw", line 1469, characters 69-141:
Sub-goal precondition of goal functionemissionmixin___build_method_result_frame_ensures_map__cv'vc.
Prover result is: Valid (0.01s, 5387 steps).

File "/home/fabrice/git/pycsl/scratchpad/tmp/.pycsl_te8_arn7.mlw", line 1469, characters 145-217:
Sub-goal precondition of goal functionemissionmixin___build_method_result_frame_ensures_map__cv'vc.
Prover result is: Valid (0.00s, 5387 steps).

File "/home/fabrice/git/pycsl/scratchpad/tmp/.pycsl_te8_arn7.mlw", line 1475, characters 113-187:
Sub-goal variant decrease of goal functionemissionmixin___build_method_result_frame_ensures_map__cv'vc.
Prover result is: Valid (0.01s, 59328 steps).

File "/home/fabrice/git/pycsl/scratchpad/tmp/.pycsl_te8_arn7.mlw", line 1475, characters 113-187:
Sub-goal precondition of goal functionemissionmixin___build_method_result_frame_ensures_map__cv'vc.
Prover result is: Valid (0.00s, 5396 steps).

File "/home/fabrice/git/pycsl/scratchpad/tmp/.pycsl_te8_arn7.mlw", line 1476, characters 50-124:
Sub-goal variant decrease of goal functionemissionmixin___build_method_result_frame_ensures_map__cv'vc.
Prover result is: Valid (0.01s, 59298 steps).

File "/home/fabrice/git/pycsl/scratchpad/tmp/.pycsl_te8_arn7.mlw", line 1476, characters 50-124:
Sub-goal precondition of goal functionemissionmixin___build_method_result_frame_ensures_map__cv'vc.
Prover result is: Valid (0.00s, 5387 steps).

File "/home/fabrice/git/pycsl/scratchpad/tmp/.pycsl_te8_arn7.mlw", line 1477, characters 25-99:
Sub-goal variant decrease of goal functionemissionmixin___build_method_result_frame_ensures_map__cv'vc.
Prover result is: Valid (0.01s, 59845 steps).

File "/home/fabrice/git/pycsl/scratchpad/tmp/.pycsl_te8_arn7.mlw", line 1477, characters 25-99:
Sub-goal precondition of goal functionemissionmixin___build_method_result_frame_ensures_map__cv'vc.
Prover result is: Valid (0.00s, 5456 steps).

File "/home/fabrice/git/pycsl/scratchpad/tmp/.pycsl_te8_arn7.mlw", line 1477, characters 25-99:
Sub-goal variant decrease of goal functionemissionmixin___build_method_result_frame_ensures_map__cv'vc.
Prover result is: Valid (0.01s, 59298 steps).

File "/home/fabrice/git/pycsl/scratchpad/tmp/.pycsl_te8_arn7.mlw", line 1477, characters 25-99:
Sub-goal precondition of goal functionemissionmixin___build_method_result_frame_ensures_map__cv'vc.
Prover result is: Valid (0.00s, 5387 steps).

File "/home/fabrice/git/pycsl/scratchpad/tmp/.pycsl_te8_arn7.mlw", line 1481, characters 36-110:
Sub-goal variant decrease of goal functionemissionmixin___build_method_result_frame_ensures_map__cv'vc.
Prover result is: Valid (0.01s, 64269 steps).

File "/home/fabrice/git/pycsl/scratchpad/tmp/.pycsl_te8_arn7.mlw", line 1481, characters 36-110:
Sub-goal precondition of goal functionemissionmixin___build_method_result_frame_ensures_map__cv'vc.
Prover result is: Valid (0.01s, 5424 steps).

File "/home/fabrice/git/pycsl/scratchpad/tmp/.pycsl_te8_arn7.mlw", line 1482, characters 18-92:
Sub-goal variant decrease of goal functionemissionmixin___build_method_result_frame_ensures_map__cv'vc.
Prover result is: Valid (0.01s, 59438 steps).

File "/home/fabrice/git/pycsl/scratchpad/tmp/.pycsl_te8_arn7.mlw", line 1482, characters 18-92:
Sub-goal precondition of goal functionemissionmixin___build_method_result_frame_ensures_map__cv'vc.
Prover result is: Valid (0.00s, 5423 steps).

File "/home/fabrice/git/pycsl/scratchpad/tmp/.pycsl_te8_arn7.mlw", line 1483, characters 19-93:
Sub-goal variant decrease of goal functionemissionmixin___build_method_result_frame_ensures_map__cv'vc.
Prover result is: Valid (0.01s, 56796 steps).

File "/home/fabrice/git/pycsl/scratchpad/tmp/.pycsl_te8_arn7.mlw", line 1483, characters 19-93:
Sub-goal precondition of goal functionemissionmixin___build_method_result_frame_ensures_map__cv'vc.
Prover result is: Valid (0.00s, 5324 steps).

File "/home/fabrice/git/pycsl/scratchpad/tmp/.pycsl_te8_arn7.mlw", line 1484, characters 18-93:
Sub-goal variant decrease of goal functionemissionmixin___build_method_result_frame_ensures_map__cv'vc.
Prover result is: Valid (0.01s, 56796 steps).

File "/home/fabrice/git/pycsl/scratchpad/tmp/.pycsl_te8_arn7.mlw", line 1484, characters 18-93:
Sub-goal precondition of goal functionemissionmixin___build_method_result_frame_ensures_map__cv'vc.
Prover result is: Valid (0.01s, 5324 steps).

File "/home/fabrice/git/pycsl/scratchpad/tmp/.pycsl_te8_arn7.mlw", line 1454, characters 32-36:
Sub-goal postcondition of goal functionemissionmixin___build_method_result_frame_ensures_map__cv'vc.
Prover result is: Valid (0.01s, 5315 steps).

File "/home/fabrice/git/pycsl/scratchpad/tmp/.pycsl_te8_arn7.mlw", line 1491, characters 31-104:
Sub-goal variant decrease of goal functionemissionmixin___build_method_result_frame_ensures_map__cdf'vc.
Prover result is: Valid (0.01s, 60910 steps).

File "/home/fabrice/git/pycsl/scratchpad/tmp/.pycsl_te8_arn7.mlw", line 1491, characters 31-104:
Sub-goal precondition of goal functionemissionmixin___build_method_result_frame_ensures_map__cdf'vc.
Prover result is: Valid (0.00s, 5341 steps).

File "/home/fabrice/git/pycsl/scratchpad/tmp/.pycsl_te8_arn7.mlw", line 1491, characters 131-208:
Sub-goal variant decrease of goal functionemissionmixin___build_method_result_frame_ensures_map__cdf'vc.
Prover result is: Valid (0.01s, 60876 steps).

File "/home/fabrice/git/pycsl/scratchpad/tmp/.pycsl_te8_arn7.mlw", line 1491, characters 131-208:
Sub-goal precondition of goal functionemissionmixin___build_method_result_frame_ensures_map__cdf'vc.
Prover result is: Valid (0.00s, 5341 steps).

File "/home/fabrice/git/pycsl/scratchpad/tmp/.pycsl_te8_arn7.mlw", line 1488, characters 32-36:
Sub-goal postcondition of goal functionemissionmixin___build_method_result_frame_ensures_map__cdf'vc.
Prover result is: Valid (0.01s, 5315 steps).

File "/home/fabrice/git/pycsl/scratchpad/tmp/.pycsl_te8_arn7.mlw", line 1495, characters 41-114:
Sub-goal variant decrease of goal functionemissionmixin___build_method_result_frame_ensures_map__clf'vc.
Prover result is: Valid (0.01s, 59964 steps).

File "/home/fabrice/git/pycsl/scratchpad/tmp/.pycsl_te8_arn7.mlw", line 1495, characters 41-114:
Sub-goal precondition of goal functionemissionmixin___build_method_result_frame_ensures_map__clf'vc.
Prover result is: Valid (0.00s, 5267 steps).

File "/home/fabrice/git/pycsl/scratchpad/tmp/.pycsl_te8_arn7.mlw", line 1495, characters 141-215:
Sub-goal variant decrease of goal functionemissionmixin___build_method_result_frame_ensures_map__clf'vc.
Prover result is: Valid (0.01s, 60005 steps).

File "/home/fabrice/git/pycsl/scratchpad/tmp/.pycsl_te8_arn7.mlw", line 1495, characters 141-215:
Sub-goal precondition of goal functionemissionmixin___build_method_result_frame_ensures_map__clf'vc.
Prover result is: Valid (0.01s, 5267 steps).

File "/home/fabrice/git/pycsl/scratchpad/tmp/.pycsl_te8_arn7.mlw", line 1493, characters 32-36:
Sub-goal postcondition of goal functionemissionmixin___build_method_result_frame_ensures_map__clf'vc.
Prover result is: Valid (0.01s, 5315 steps).

File "/home/fabrice/git/pycsl/scratchpad/tmp/.pycsl_te8_arn7.mlw", line 1500, characters 77-155:
Sub-goal variant decrease of goal functionemissionmixin___build_method_result_frame_ensures_map__gcontracts'vc.
Prover result is: Valid (0.01s, 15148 steps).

File "/home/fabrice/git/pycsl/scratchpad/tmp/.pycsl_te8_arn7.mlw", line 1501, characters 24-102:
Sub-goal variant decrease of goal functionemissionmixin___build_method_result_frame_ensures_map__gcontracts'vc.
Prover result is: Valid (0.01s, 15420 steps).

File "/home/fabrice/git/pycsl/scratchpad/tmp/.pycsl_te8_arn7.mlw", line 1507, characters 75-151:
Sub-goal variant decrease of goal functionemissionmixin___build_method_result_frame_ensures_map__gensures'vc.
Prover result is: Valid (0.01s, 15148 steps).

File "/home/fabrice/git/pycsl/scratchpad/tmp/.pycsl_te8_arn7.mlw", line 1508, characters 24-100:
Sub-goal variant decrease of goal functionemissionmixin___build_method_result_frame_ensures_map__gensures'vc.
Prover result is: Valid (0.01s, 15420 steps).

File "/home/fabrice/git/pycsl/scratchpad/tmp/.pycsl_te8_arn7.mlw", line 1515, characters 24-97:
Sub-goal variant decrease of goal functionemissionmixin___build_method_result_frame_ensures_map__gname'vc.
Prover result is: Valid (0.00s, 15448 steps).

File "/home/fabrice/git/pycsl/scratchpad/tmp/.pycsl_te8_arn7.mlw", line 1515, characters 24-97:
Sub-goal variant decrease of goal functionemissionmixin___build_method_result_frame_ensures_map__gname'vc.
Prover result is: Valid (0.01s, 15300 steps).

File "/home/fabrice/git/pycsl/scratchpad/tmp/.pycsl_te8_arn7.mlw", line 1521, characters 81-156:
Sub-goal variant decrease of goal functionemissionmixin___build_method_result_frame_ensures_map__gparams'vc.
Prover result is: Valid (0.00s, 15148 steps).

File "/home/fabrice/git/pycsl/scratchpad/tmp/.pycsl_te8_arn7.mlw", line 1522, characters 24-99:
Sub-goal variant decrease of goal functionemissionmixin___build_method_result_frame_ensures_map__gparams'vc.
Prover result is: Valid (0.00s, 15420 steps).

File "/home/fabrice/git/pycsl/scratchpad/tmp/.pycsl_te8_arn7.mlw", line 1528, characters 83-154:
Sub-goal variant decrease of goal functionemissionmixin___build_method_result_frame_ensures_map__gpf'vc.
Prover result is: Valid (0.01s, 15148 steps).

File "/home/fabrice/git/pycsl/scratchpad/tmp/.pycsl_te8_arn7.mlw", line 1529, characters 24-95:
Sub-goal variant decrease of goal functionemissionmixin___build_method_result_frame_ensures_map__gpf'vc.
Prover result is: Valid (0.01s, 15420 steps).

File "/home/fabrice/git/pycsl/scratchpad/tmp/.pycsl_te8_arn7.mlw", line 1537, characters 45-119:
Sub-goal precondition of goal functionemissionmixin___build_method_result_frame_ensures_map__filt'vc.
Prover result is: Valid (0.00s, 5267 steps).

File "/home/fabrice/git/pycsl/scratchpad/tmp/.pycsl_te8_arn7.mlw", line 1537, characters 154-231:
Sub-goal variant decrease of goal functionemissionmixin___build_method_result_frame_ensures_map__filt'vc.
Prover result is: Valid (0.01s, 60103 steps).

File "/home/fabrice/git/pycsl/scratchpad/tmp/.pycsl_te8_arn7.mlw", line 1537, characters 154-231:
Sub-goal precondition of goal functionemissionmixin___build_method_result_frame_ensures_map__filt'vc.
Prover result is: Valid (0.00s, 5313 steps).

File "/home/fabrice/git/pycsl/scratchpad/tmp/.pycsl_te8_arn7.mlw", line 1537, characters 237-312:
Sub-goal variant decrease of goal functionemissionmixin___build_method_result_frame_ensures_map__filt'vc.
Prover result is: Valid (0.02s, 67075 steps).

File "/home/fabrice/git/pycsl/scratchpad/tmp/.pycsl_te8_arn7.mlw", line 1537, characters 237-312:
Sub-goal precondition of goal functionemissionmixin___build_method_result_frame_ensures_map__filt'vc.
Prover result is: Valid (0.01s, 5330 steps).

File "/home/fabrice/git/pycsl/scratchpad/tmp/.pycsl_te8_arn7.mlw", line 1534, characters 32-36:
Sub-goal postcondition of goal functionemissionmixin___build_method_result_frame_ensures_map__filt'vc.
Prover result is: Valid (0.00s, 5315 steps).

File "/home/fabrice/git/pycsl/scratchpad/tmp/.pycsl_te8_arn7.mlw", line 1540, characters 32-36:
Sub-goal postcondition of goal functionemissionmixin___build_method_result_frame_ensures_map__f'vc.
Prover result is: Valid (0.00s, 5276 steps).

File "/home/fabrice/git/pycsl/scratchpad/tmp/.pycsl_te8_arn7.mlw", line 1549, characters 152-225:
Sub-goal precondition of goal functionemissionmixin___build_method_result_frame_ensures_map__f'vc.
Prover result is: Valid (0.01s, 5352 steps).

File "/home/fabrice/git/pycsl/scratchpad/tmp/.pycsl_te8_arn7.mlw", line 1559, characters 8-81:
Sub-goal variant decrease of goal functionemissionmixin___build_method_result_frame_ensures_map__f'vc.
Prover result is: Valid (0.00s, 16214 steps).

File "/home/fabrice/git/pycsl/scratchpad/tmp/.pycsl_te8_arn7.mlw", line 1559, characters 8-81:
Sub-goal precondition of goal functionemissionmixin___build_method_result_frame_ensures_map__f'vc.
Prover result is: Valid (0.00s, 5662 steps).

File "/home/fabrice/git/pycsl/scratchpad/tmp/.pycsl_te8_arn7.mlw", line 1540, characters 32-36:
Sub-goal postcondition of goal functionemissionmixin___build_method_result_frame_ensures_map__f'vc.
Prover result is: Valid (0.00s, 5662 steps).

File "/home/fabrice/git/pycsl/scratchpad/tmp/.pycsl_te8_arn7.mlw", line 1559, characters 8-81:
Sub-goal variant decrease of goal functionemissionmixin___build_method_result_frame_ensures_map__f'vc.
Prover result is: Valid (0.01s, 19836 steps).

File "/home/fabrice/git/pycsl/scratchpad/tmp/.pycsl_te8_arn7.mlw", line 1559, characters 8-81:
Sub-goal precondition of goal functionemissionmixin___build_method_result_frame_ensures_map__f'vc.
Prover result is: Valid (0.00s, 6080 steps).

File "/home/fabrice/git/pycsl/scratchpad/tmp/.pycsl_te8_arn7.mlw", line 1540, characters 32-36:
Sub-goal postcondition of goal functionemissionmixin___build_method_result_frame_ensures_map__f'vc.
Prover result is: Valid (0.00s, 6080 steps).

File "/home/fabrice/git/pycsl/scratchpad/tmp/.pycsl_te8_arn7.mlw", line 1559, characters 8-81:
Sub-goal variant decrease of goal functionemissionmixin___build_method_result_frame_ensures_map__f'vc.
Prover result is: Valid (0.01s, 18443 steps).

File "/home/fabrice/git/pycsl/scratchpad/tmp/.pycsl_te8_arn7.mlw", line 1559, characters 8-81:
Sub-goal precondition of goal functionemissionmixin___build_method_result_frame_ensures_map__f'vc.
Prover result is: Valid (0.01s, 5674 steps).

File "/home/fabrice/git/pycsl/scratchpad/tmp/.pycsl_te8_arn7.mlw", line 1540, characters 32-36:
Sub-goal postcondition of goal functionemissionmixin___build_method_result_frame_ensures_map__f'vc.
Prover result is: Valid (0.00s, 5674 steps).

File "/home/fabrice/git/pycsl/scratchpad/tmp/.pycsl_te8_arn7.mlw", line 1559, characters 8-81:
Sub-goal variant decrease of goal functionemissionmixin___build_method_result_frame_ensures_map__f'vc.
Prover result is: Valid (0.01s, 15143 steps).

File "/home/fabrice/git/pycsl/scratchpad/tmp/.pycsl_te8_arn7.mlw", line 1559, characters 8-81:
Sub-goal precondition of goal functionemissionmixin___build_method_result_frame_ensures_map__f'vc.
Prover result is: Valid (0.01s, 5349 steps).

File "/home/fabrice/git/pycsl/scratchpad/tmp/.pycsl_te8_arn7.mlw", line 1540, characters 32-36:
Sub-goal postcondition of goal functionemissionmixin___build_method_result_frame_ensures_map__f'vc.
Prover result is: Valid (0.01s, 5349 steps).

File "/home/fabrice/git/pycsl/scratchpad/tmp/.pycsl_te8_arn7.mlw", line 1564, characters 40-111:
Sub-goal precondition of goal functionemissionmixin___build_method_result_frame_ensures_map'vc.
Prover result is: Valid (0.00s, 5324 steps).

File "/home/fabrice/git/pycsl/scratchpad/tmp/.pycsl_te8_arn7.mlw", line 1562, characters 32-36:
Sub-goal postcondition of goal functionemissionmixin___build_method_result_frame_ensures_map'vc.
Prover result is: Valid (0.00s, 5337 steps).

File "/home/fabrice/git/pycsl/scratchpad/tmp/.pycsl_te8_arn7.mlw", line 1562, characters 32-36:
Sub-goal postcondition of goal functionemissionmixin___build_method_result_frame_ensures_map'vc.
Prover result is: Valid (0.00s, 5384 steps).

File "/home/fabrice/git/pycsl/scratchpad/tmp/.pycsl_te8_arn7.mlw", line 1571, characters 24-99:
Sub-goal variant decrease of goal functionemissionmixin___build_method_return_annotation_map__get_K_name'vc.
Prover result is: Valid (0.01s, 15432 steps).

File "/home/fabrice/git/pycsl/scratchpad/tmp/.pycsl_te8_arn7.mlw", line 1577, characters 83-173:
Sub-goal variant decrease of goal functionemissionmixin___build_method_return_annotation_map__get_dyn_return_annotation'vc.
Prover result is: Valid (0.00s, 15148 steps).

File "/home/fabrice/git/pycsl/scratchpad/tmp/.pycsl_te8_arn7.mlw", line 1578, characters 24-114:
Sub-goal variant decrease of goal functionemissionmixin___build_method_return_annotation_map__get_dyn_return_annotation'vc.
Prover result is: Valid (0.00s, 15420 steps).

File "/home/fabrice/git/pycsl/scratchpad/tmp/.pycsl_te8_arn7.mlw", line 1592, characters 94-156:
Sub-goal variant decrease of goal functionemissionmixin___build_method_return_annotation_map'vc.
Prover result is: Valid (0.01s, 60005 steps).

File "/home/fabrice/git/pycsl/scratchpad/tmp/.pycsl_te8_arn7.mlw", line 1592, characters 94-156:
Sub-goal precondition of goal functionemissionmixin___build_method_return_annotation_map'vc.
Prover result is: Valid (0.01s, 5267 steps).

File "/home/fabrice/git/pycsl/scratchpad/tmp/.pycsl_te8_arn7.mlw", line 1592, characters 26-93:
Sub-goal variant decrease of goal functionemissionmixin___build_method_return_annotation_map'vc.
Prover result is: Valid (0.01s, 59964 steps).

File "/home/fabrice/git/pycsl/scratchpad/tmp/.pycsl_te8_arn7.mlw", line 1592, characters 26-93:
Sub-goal precondition of goal functionemissionmixin___build_method_return_annotation_map'vc.
Prover result is: Valid (0.01s, 5267 steps).

File "/home/fabrice/git/pycsl/scratchpad/tmp/.pycsl_te8_arn7.mlw", line 1588, characters 32-36:
Sub-goal postcondition of goal functionemissionmixin___build_method_return_annotation_map'vc.
Prover result is: Valid (0.01s, 5315 steps).

File "/home/fabrice/git/pycsl/scratchpad/tmp/.pycsl_te8_arn7.mlw", line 1598, characters 93-161:
Sub-goal variant decrease of goal functionemissionmixin___build_method_return_annotation_map__val'vc.
Prover result is: Valid (0.01s, 56796 steps).

File "/home/fabrice/git/pycsl/scratchpad/tmp/.pycsl_te8_arn7.mlw", line 1598, characters 93-161:
Sub-goal precondition of goal functionemissionmixin___build_method_return_annotation_map__val'vc.
Prover result is: Valid (0.00s, 5324 steps).

File "/home/fabrice/git/pycsl/scratchpad/tmp/.pycsl_te8_arn7.mlw", line 1599, characters 18-79:
Sub-goal variant decrease of goal functionemissionmixin___build_method_return_annotation_map__val'vc.
Prover result is: Valid (0.01s, 56796 steps).

File "/home/fabrice/git/pycsl/scratchpad/tmp/.pycsl_te8_arn7.mlw", line 1599, characters 18-79:
Sub-goal precondition of goal functionemissionmixin___build_method_return_annotation_map__val'vc.
Prover result is: Valid (0.01s, 5324 steps).

File "/home/fabrice/git/pycsl/scratchpad/tmp/.pycsl_te8_arn7.mlw", line 1595, characters 32-36:
Sub-goal postcondition of goal functionemissionmixin___build_method_return_annotation_map__val'vc.
Prover result is: Valid (0.00s, 5315 steps).

File "/home/fabrice/git/pycsl/scratchpad/tmp/.pycsl_te8_arn7.mlw", line 1607, characters 100-171:
Sub-goal variant decrease of goal functionemissionmixin___build_method_return_annotation_map__dict'vc.
Prover result is: Valid (0.01s, 61799 steps).

File "/home/fabrice/git/pycsl/scratchpad/tmp/.pycsl_te8_arn7.mlw", line 1607, characters 100-171:
Sub-goal precondition of goal functionemissionmixin___build_method_return_annotation_map__dict'vc.
Prover result is: Valid (0.00s, 5324 steps).

File "/home/fabrice/git/pycsl/scratchpad/tmp/.pycsl_te8_arn7.mlw", line 1607, characters 32-99:
Sub-goal variant decrease of goal functionemissionmixin___build_method_return_annotation_map__dict'vc.
Prover result is: Valid (0.01s, 61758 steps).

File "/home/fabrice/git/pycsl/scratchpad/tmp/.pycsl_te8_arn7.mlw", line 1607, characters 32-99:
Sub-goal precondition of goal functionemissionmixin___build_method_return_annotation_map__dict'vc.
Prover result is: Valid (0.00s, 5324 steps).

File "/home/fabrice/git/pycsl/scratchpad/tmp/.pycsl_te8_arn7.mlw", line 1603, characters 32-36:
Sub-goal postcondition of goal functionemissionmixin___build_method_return_annotation_map__dict'vc.
Prover result is: Valid (0.00s, 5315 steps).

File "/home/fabrice/git/pycsl/scratchpad/tmp/.pycsl_te8_arn7.mlw", line 1611, characters 15-19:
Sub-goal postcondition of goal functionemissionmixin___refine_tuple_return_type'vc.
Prover result is: Valid (0.00s, 5847 steps).

File "/home/fabrice/git/pycsl/scratchpad/tmp/.pycsl_te8_arn7.mlw", line 1611, characters 15-19:
Sub-goal postcondition of goal functionemissionmixin___refine_tuple_return_type'vc.
Prover result is: Valid (0.00s, 5969 steps).

File "/home/fabrice/git/pycsl/scratchpad/tmp/.pycsl_te8_arn7.mlw", line 1611, characters 15-19:
Sub-goal postcondition of goal functionemissionmixin___refine_tuple_return_type'vc.
Prover result is: Valid (0.00s, 5985 steps).

File "/home/fabrice/git/pycsl/scratchpad/tmp/.pycsl_te8_arn7.mlw", line 1645, characters 24-46:
Sub-goal loop invariant init of goal functionemissionmixin___refine_tuple_return_type'vc.
Prover result is: Valid (0.00s, 6018 steps).

File "/home/fabrice/git/pycsl/scratchpad/tmp/.pycsl_te8_arn7.mlw", line 1646, characters 22-158:
Sub-goal loop variant decrease of goal functionemissionmixin___refine_tuple_return_type'vc.
Prover result is: Valid (0.02s, 88177 steps).

File "/home/fabrice/git/pycsl/scratchpad/tmp/.pycsl_te8_arn7.mlw", line 1645, characters 24-46:
Sub-goal loop invariant preservation of goal functionemissionmixin___refine_tuple_return_type'vc.
Prover result is: Valid (0.02s, 87886 steps).

File "/home/fabrice/git/pycsl/scratchpad/tmp/.pycsl_te8_arn7.mlw", line 1646, characters 22-158:
Sub-goal loop variant decrease of goal functionemissionmixin___refine_tuple_return_type'vc.
Prover result is: Valid (0.02s, 87930 steps).

File "/home/fabrice/git/pycsl/scratchpad/tmp/.pycsl_te8_arn7.mlw", line 1645, characters 24-46:
Sub-goal loop invariant preservation of goal functionemissionmixin___refine_tuple_return_type'vc.
Prover result is: Valid (0.02s, 87639 steps).

File "/home/fabrice/git/pycsl/scratchpad/tmp/.pycsl_te8_arn7.mlw", line 1611, characters 15-19:
Sub-goal postcondition of goal functionemissionmixin___refine_tuple_return_type'vc.
Prover result is: Valid (0.00s, 6442 steps).

File "/home/fabrice/git/pycsl/scratchpad/tmp/.pycsl_te8_arn7.mlw", line 1611, characters 15-19:
Sub-goal postcondition of goal functionemissionmixin___refine_tuple_return_type'vc.
Prover result is: Valid (0.01s, 6729 steps).

File "/home/fabrice/git/pycsl/scratchpad/tmp/.pycsl_te8_arn7.mlw", line 1611, characters 15-19:
Sub-goal postcondition of goal functionemissionmixin___refine_tuple_return_type'vc.
Prover result is: Valid (0.01s, 6656 steps).

File "/home/fabrice/git/pycsl/scratchpad/tmp/.pycsl_te8_arn7.mlw", line 1611, characters 15-19:
Sub-goal postcondition of goal functionemissionmixin___refine_tuple_return_type'vc.
Prover result is: Valid (0.00s, 6559 steps).

File "/home/fabrice/git/pycsl/scratchpad/tmp/.pycsl_te8_arn7.mlw", line 1611, characters 15-19:
Sub-goal postcondition of goal functionemissionmixin___refine_tuple_return_type'vc.
Prover result is: Valid (0.01s, 6443 steps).

File "/home/fabrice/git/pycsl/scratchpad/tmp/.pycsl_te8_arn7.mlw", line 1611, characters 15-19:
Sub-goal postcondition of goal functionemissionmixin___refine_tuple_return_type'vc.
Prover result is: Valid (0.01s, 6730 steps).

File "/home/fabrice/git/pycsl/scratchpad/tmp/.pycsl_te8_arn7.mlw", line 1611, characters 15-19:
Sub-goal postcondition of goal functionemissionmixin___refine_tuple_return_type'vc.
Prover result is: Valid (0.00s, 6657 steps).

File "/home/fabrice/git/pycsl/scratchpad/tmp/.pycsl_te8_arn7.mlw", line 1611, characters 15-19:
Sub-goal postcondition of goal functionemissionmixin___refine_tuple_return_type'vc.
Prover result is: Valid (0.00s, 6560 steps).

File "/home/fabrice/git/pycsl/scratchpad/tmp/.pycsl_te8_arn7.mlw", line 1703, characters 121-188:
Sub-goal variant decrease of goal functionemissionmixin___build_method_return_type_map__gkey'vc.
Prover result is: Valid (0.01s, 15128 steps).

File "/home/fabrice/git/pycsl/scratchpad/tmp/.pycsl_te8_arn7.mlw", line 1712, characters 25-94:
Sub-goal variant decrease of goal functionemissionmixin___build_method_return_type_map__pput'vc.
Prover result is: Valid (0.01s, 15128 steps).

File "/home/fabrice/git/pycsl/scratchpad/tmp/.pycsl_te8_arn7.mlw", line 1719, characters 25-101:
Sub-goal variant decrease of goal functionemissionmixin___build_method_return_type_map__pput_absent'vc.
Prover result is: Valid (0.00s, 15128 steps).

File "/home/fabrice/git/pycsl/scratchpad/tmp/.pycsl_te8_arn7.mlw", line 1722, characters 75-137:
Sub-goal variant decrease of goal functionemissionmixin___build_method_return_type_map__smem'vc.
Prover result is: Valid (0.01s, 15124 steps).

File "/home/fabrice/git/pycsl/scratchpad/tmp/.pycsl_te8_arn7.mlw", line 1725, characters 56-121:
Sub-goal variant decrease of goal functionemissionmixin___build_method_return_type_map__ssnoc'vc.
Prover result is: Valid (0.00s, 15098 steps).

File "/home/fabrice/git/pycsl/scratchpad/tmp/.pycsl_te8_arn7.mlw", line 1727, characters 32-36:
Sub-goal postcondition of goal functionemissionmixin___build_method_return_type_map__ret_of'vc.
Prover result is: Valid (0.00s, 5242 steps).

File "/home/fabrice/git/pycsl/scratchpad/tmp/.pycsl_te8_arn7.mlw", line 1727, characters 32-36:
Sub-goal postcondition of goal functionemissionmixin___build_method_return_type_map__ret_of'vc.
Prover result is: Valid (0.01s, 5246 steps).

File "/home/fabrice/git/pycsl/scratchpad/tmp/.pycsl_te8_arn7.mlw", line 1753, characters 111-175:
Sub-goal variant decrease of goal functionemissionmixin___build_method_return_type_map__emits'vc.
Prover result is: Valid (0.00s, 14935 steps).

File "/home/fabrice/git/pycsl/scratchpad/tmp/.pycsl_te8_arn7.mlw", line 1754, characters 22-86:
Sub-goal variant decrease of goal functionemissionmixin___build_method_return_type_map__emits'vc.
Prover result is: Valid (0.01s, 14909 steps).

File "/home/fabrice/git/pycsl/scratchpad/tmp/.pycsl_te8_arn7.mlw", line 1755, characters 16-80:
Sub-goal variant decrease of goal functionemissionmixin___build_method_return_type_map__emits'vc.
Prover result is: Valid (0.01s, 15091 steps).

File "/home/fabrice/git/pycsl/scratchpad/tmp/.pycsl_te8_arn7.mlw", line 1761, characters 221-292:
Sub-goal precondition of goal functionemissionmixin___build_method_return_type_map__build'vc.
Prover result is: Valid (0.01s, 5271 steps).

File "/home/fabrice/git/pycsl/scratchpad/tmp/.pycsl_te8_arn7.mlw", line 1763, characters 8-83:
Sub-goal variant decrease of goal functionemissionmixin___build_method_return_type_map__build'vc.
Prover result is: Valid (0.01s, 14894 steps).

File "/home/fabrice/git/pycsl/scratchpad/tmp/.pycsl_te8_arn7.mlw", line 1763, characters 8-83:
Sub-goal precondition of goal functionemissionmixin___build_method_return_type_map__build'vc.
Prover result is: Valid (0.00s, 5268 steps).

File "/home/fabrice/git/pycsl/scratchpad/tmp/.pycsl_te8_arn7.mlw", line 1757, characters 32-36:
Sub-goal postcondition of goal functionemissionmixin___build_method_return_type_map__build'vc.
Prover result is: Valid (0.00s, 5315 steps).

File "/home/fabrice/git/pycsl/scratchpad/tmp/.pycsl_te8_arn7.mlw", line 1774, characters 8-84:
Sub-goal variant decrease of goal functionemissionmixin___build_method_return_type_map__collect_cls'vc.
Prover result is: Valid (0.01s, 15185 steps).

File "/home/fabrice/git/pycsl/scratchpad/tmp/.pycsl_te8_arn7.mlw", line 1774, characters 8-84:
Sub-goal precondition of goal functionemissionmixin___build_method_return_type_map__collect_cls'vc.
Prover result is: Valid (0.01s, 5342 steps).

File "/home/fabrice/git/pycsl/scratchpad/tmp/.pycsl_te8_arn7.mlw", line 1765, characters 32-36:
Sub-goal postcondition of goal functionemissionmixin___build_method_return_type_map__collect_cls'vc.
Prover result is: Valid (0.00s, 5324 steps).

File "/home/fabrice/git/pycsl/scratchpad/tmp/.pycsl_te8_arn7.mlw", line 1784, characters 8-84:
Sub-goal variant decrease of goal functionemissionmixin___build_method_return_type_map__apply_defaults'vc.
Prover result is: Valid (0.00s, 15099 steps).

File "/home/fabrice/git/pycsl/scratchpad/tmp/.pycsl_te8_arn7.mlw", line 1784, characters 8-84:
Sub-goal precondition of goal functionemissionmixin___build_method_return_type_map__apply_defaults'vc.
Prover result is: Valid (0.01s, 5325 steps).

File "/home/fabrice/git/pycsl/scratchpad/tmp/.pycsl_te8_arn7.mlw", line 1776, characters 32-36:
Sub-goal postcondition of goal functionemissionmixin___build_method_return_type_map__apply_defaults'vc.
Prover result is: Valid (0.00s, 5324 steps).

File "/home/fabrice/git/pycsl/scratchpad/tmp/.pycsl_te8_arn7.mlw", line 1789, characters 17-93:
Sub-goal precondition of goal functionemissionmixin___build_method_return_type_map'vc.
Prover result is: Valid (0.00s, 5316 steps).

File "/home/fabrice/git/pycsl/scratchpad/tmp/.pycsl_te8_arn7.mlw", line 1790, characters 73-151:
Sub-goal precondition of goal functionemissionmixin___build_method_return_type_map'vc.
Prover result is: Valid (0.01s, 5316 steps).

File "/home/fabrice/git/pycsl/scratchpad/tmp/.pycsl_te8_arn7.mlw", line 1790, characters 4-158:
Sub-goal precondition of goal functionemissionmixin___build_method_return_type_map'vc.
Prover result is: Valid (0.01s, 5325 steps).

File "/home/fabrice/git/pycsl/scratchpad/tmp/.pycsl_te8_arn7.mlw", line 1786, characters 32-36:
Sub-goal postcondition of goal functionemissionmixin___build_method_return_type_map'vc.
Prover result is: Valid (0.01s, 5325 steps).

File "/home/fabrice/git/pycsl/scratchpad/tmp/.pycsl_te8_arn7.mlw", line 1793, characters 75-131:
Sub-goal variant decrease of goal functionemissionmixin___build_method_writes_map__mem'vc.
Prover result is: Valid (0.01s, 15124 steps).

File "/home/fabrice/git/pycsl/scratchpad/tmp/.pycsl_te8_arn7.mlw", line 1796, characters 56-115:
Sub-goal variant decrease of goal functionemissionmixin___build_method_writes_map__snoc'vc.
Prover result is: Valid (0.01s, 15098 steps).

File "/home/fabrice/git/pycsl/scratchpad/tmp/.pycsl_te8_arn7.mlw", line 1800, characters 75-139:
Sub-goal variant decrease of goal functionemissionmixin___build_method_writes_map__gcontracts'vc.
Prover result is: Valid (0.01s, 15148 steps).

File "/home/fabrice/git/pycsl/scratchpad/tmp/.pycsl_te8_arn7.mlw", line 1801, characters 24-88:
Sub-goal variant decrease of goal functionemissionmixin___build_method_writes_map__gcontracts'vc.
Prover result is: Valid (0.01s, 15420 steps).

File "/home/fabrice/git/pycsl/scratchpad/tmp/.pycsl_te8_arn7.mlw", line 1806, characters 24-83:
Sub-goal variant decrease of goal functionemissionmixin___build_method_writes_map__gtype'vc.
Prover result is: Valid (0.01s, 15432 steps).

File "/home/fabrice/git/pycsl/scratchpad/tmp/.pycsl_te8_arn7.mlw", line 1810, characters 72-133:
Sub-goal variant decrease of goal functionemissionmixin___build_method_writes_map__gobject'vc.
Prover result is: Valid (0.00s, 15148 steps).

File "/home/fabrice/git/pycsl/scratchpad/tmp/.pycsl_te8_arn7.mlw", line 1811, characters 24-85:
Sub-goal variant decrease of goal functionemissionmixin___build_method_writes_map__gobject'vc.
Prover result is: Valid (0.01s, 15420 steps).

File "/home/fabrice/git/pycsl/scratchpad/tmp/.pycsl_te8_arn7.mlw", line 1815, characters 71-131:
Sub-goal variant decrease of goal functionemissionmixin___build_method_writes_map__gfield'vc.
Prover result is: Valid (0.01s, 15148 steps).

File "/home/fabrice/git/pycsl/scratchpad/tmp/.pycsl_te8_arn7.mlw", line 1816, characters 24-84:
Sub-goal variant decrease of goal functionemissionmixin___build_method_writes_map__gfield'vc.
Prover result is: Valid (0.01s, 15420 steps).

File "/home/fabrice/git/pycsl/scratchpad/tmp/.pycsl_te8_arn7.mlw", line 1821, characters 24-83:
Sub-goal variant decrease of goal functionemissionmixin___build_method_writes_map__gname'vc.
Prover result is: Valid (0.01s, 15432 steps).

File "/home/fabrice/git/pycsl/scratchpad/tmp/.pycsl_te8_arn7.mlw", line 1827, characters 73-137:
Sub-goal variant decrease of goal functionemissionmixin___build_method_writes_map__Lassigns_g'vc.
Prover result is: Valid (0.00s, 15148 steps).

File "/home/fabrice/git/pycsl/scratchpad/tmp/.pycsl_te8_arn7.mlw", line 1828, characters 24-88:
Sub-goal variant decrease of goal functionemissionmixin___build_method_writes_map__Lassigns_g'vc.
Prover result is: Valid (0.00s, 15420 steps).

File "/home/fabrice/git/pycsl/scratchpad/tmp/.pycsl_te8_arn7.mlw", line 1824, characters 14-85:
Sub-goal postcondition of goal functionemissionmixin___build_method_writes_map__Lassigns_g'vc.
Prover result is: Valid (0.01s, 58587 steps).

File "/home/fabrice/git/pycsl/scratchpad/tmp/.pycsl_te8_arn7.mlw", line 1831, characters 14-45:
Sub-goal postcondition of goal functionemissionmixin___build_method_writes_map__Lassigns'vc.
Prover result is: Valid (0.01s, 55487 steps).

File "/home/fabrice/git/pycsl/scratchpad/tmp/.pycsl_te8_arn7.mlw", line 1831, characters 14-45:
Sub-goal postcondition of goal functionemissionmixin___build_method_writes_map__Lassigns'vc.
Prover result is: Valid (0.16s, 906893 steps).

File "/home/fabrice/git/pycsl/scratchpad/tmp/.pycsl_te8_arn7.mlw", line 1831, characters 14-45:
Sub-goal postcondition of goal functionemissionmixin___build_method_writes_map__Lassigns'vc.
Prover result is: Valid (0.06s, 290485 steps).

File "/home/fabrice/git/pycsl/scratchpad/tmp/.pycsl_te8_arn7.mlw", line 1858, characters 8-71:
Sub-goal variant decrease of goal functionemissionmixin___build_method_writes_map__flds'vc.
Prover result is: Valid (0.00s, 14913 steps).

File "/home/fabrice/git/pycsl/scratchpad/tmp/.pycsl_te8_arn7.mlw", line 1858, characters 8-71:
Sub-goal precondition of goal functionemissionmixin___build_method_writes_map__flds'vc.
Prover result is: Valid (0.01s, 5278 steps).

File "/home/fabrice/git/pycsl/scratchpad/tmp/.pycsl_te8_arn7.mlw", line 1834, characters 32-36:
Sub-goal postcondition of goal functionemissionmixin___build_method_writes_map__flds'vc.
Prover result is: Valid (0.01s, 5324 steps).

File "/home/fabrice/git/pycsl/scratchpad/tmp/.pycsl_te8_arn7.mlw", line 1863, characters 32-36:
Sub-goal postcondition of goal functionemissionmixin___build_method_writes_map__f'vc.
Prover result is: Valid (0.00s, 5276 steps).

File "/home/fabrice/git/pycsl/scratchpad/tmp/.pycsl_te8_arn7.mlw", line 1870, characters 46-166:
Sub-goal precondition of goal functionemissionmixin___build_method_writes_map__f'vc.
Prover result is: Valid (0.00s, 5297 steps).

File "/home/fabrice/git/pycsl/scratchpad/tmp/.pycsl_te8_arn7.mlw", line 1880, characters 8-67:
Sub-goal variant decrease of goal functionemissionmixin___build_method_writes_map__f'vc.
Prover result is: Valid (0.01s, 17187 steps).

File "/home/fabrice/git/pycsl/scratchpad/tmp/.pycsl_te8_arn7.mlw", line 1880, characters 8-67:
Sub-goal precondition of goal functionemissionmixin___build_method_writes_map__f'vc.
Prover result is: Valid (0.00s, 5324 steps).

File "/home/fabrice/git/pycsl/scratchpad/tmp/.pycsl_te8_arn7.mlw", line 1863, characters 32-36:
Sub-goal postcondition of goal functionemissionmixin___build_method_writes_map__f'vc.
Prover result is: Valid (0.01s, 5324 steps).

File "/home/fabrice/git/pycsl/scratchpad/tmp/.pycsl_te8_arn7.mlw", line 1880, characters 8-67:
Sub-goal variant decrease of goal functionemissionmixin___build_method_writes_map__f'vc.
Prover result is: Valid (0.01s, 16419 steps).

File "/home/fabrice/git/pycsl/scratchpad/tmp/.pycsl_te8_arn7.mlw", line 1880, characters 8-67:
Sub-goal precondition of goal functionemissionmixin___build_method_writes_map__f'vc.
Prover result is: Valid (0.01s, 5734 steps).

File "/home/fabrice/git/pycsl/scratchpad/tmp/.pycsl_te8_arn7.mlw", line 1863, characters 32-36:
Sub-goal postcondition of goal functionemissionmixin___build_method_writes_map__f'vc.
Prover result is: Valid (0.01s, 5734 steps).

File "/home/fabrice/git/pycsl/scratchpad/tmp/.pycsl_te8_arn7.mlw", line 1880, characters 8-67:
Sub-goal variant decrease of goal functionemissionmixin___build_method_writes_map__f'vc.
Prover result is: Valid (0.00s, 15406 steps).

File "/home/fabrice/git/pycsl/scratchpad/tmp/.pycsl_te8_arn7.mlw", line 1880, characters 8-67:
Sub-goal precondition of goal functionemissionmixin___build_method_writes_map__f'vc.
Prover result is: Valid (0.00s, 5397 steps).

File "/home/fabrice/git/pycsl/scratchpad/tmp/.pycsl_te8_arn7.mlw", line 1863, characters 32-36:
Sub-goal postcondition of goal functionemissionmixin___build_method_writes_map__f'vc.
Prover result is: Valid (0.01s, 5397 steps).

File "/home/fabrice/git/pycsl/scratchpad/tmp/.pycsl_te8_arn7.mlw", line 1880, characters 8-67:
Sub-goal variant decrease of goal functionemissionmixin___build_method_writes_map__f'vc.
Prover result is: Valid (0.01s, 15208 steps).

File "/home/fabrice/git/pycsl/scratchpad/tmp/.pycsl_te8_arn7.mlw", line 1880, characters 8-67:
Sub-goal precondition of goal functionemissionmixin___build_method_writes_map__f'vc.
Prover result is: Valid (0.00s, 5328 steps).

File "/home/fabrice/git/pycsl/scratchpad/tmp/.pycsl_te8_arn7.mlw", line 1863, characters 32-36:
Sub-goal postcondition of goal functionemissionmixin___build_method_writes_map__f'vc.
Prover result is: Valid (0.01s, 5328 steps).

File "/home/fabrice/git/pycsl/scratchpad/tmp/.pycsl_te8_arn7.mlw", line 1880, characters 8-67:
Sub-goal variant decrease of goal functionemissionmixin___build_method_writes_map__f'vc.
Prover result is: Valid (0.00s, 15143 steps).

File "/home/fabrice/git/pycsl/scratchpad/tmp/.pycsl_te8_arn7.mlw", line 1880, characters 8-67:
Sub-goal precondition of goal functionemissionmixin___build_method_writes_map__f'vc.
Prover result is: Valid (0.00s, 5349 steps).

File "/home/fabrice/git/pycsl/scratchpad/tmp/.pycsl_te8_arn7.mlw", line 1863, characters 32-36:
Sub-goal postcondition of goal functionemissionmixin___build_method_writes_map__f'vc.
Prover result is: Valid (0.01s, 5349 steps).

File "/home/fabrice/git/pycsl/scratchpad/tmp/.pycsl_te8_arn7.mlw", line 1885, characters 40-97:
Sub-goal precondition of goal functionemissionmixin___build_method_writes_map'vc.
Prover result is: Valid (0.01s, 5324 steps).

File "/home/fabrice/git/pycsl/scratchpad/tmp/.pycsl_te8_arn7.mlw", line 1883, characters 32-36:
Sub-goal postcondition of goal functionemissionmixin___build_method_writes_map'vc.
Prover result is: Valid (0.00s, 5337 steps).

File "/home/fabrice/git/pycsl/scratchpad/tmp/.pycsl_te8_arn7.mlw", line 1883, characters 32-36:
Sub-goal postcondition of goal functionemissionmixin___build_method_writes_map'vc.
Prover result is: Valid (0.00s, 5384 steps).

File "/home/fabrice/git/pycsl/scratchpad/tmp/.pycsl_te8_arn7.mlw", line 1913, characters 20-34:
Sub-goal loop invariant init of goal functionemissionmixin___build_param_list'vc.
Prover result is: Valid (0.00s, 7166 steps).

File "/home/fabrice/git/pycsl/scratchpad/tmp/.pycsl_te8_arn7.mlw", line 1914, characters 18-46:
Sub-goal loop variant decrease of goal functionemissionmixin___build_param_list'vc.
Prover result is: Valid (0.02s, 89249 steps).

File "/home/fabrice/git/pycsl/scratchpad/tmp/.pycsl_te8_arn7.mlw", line 1913, characters 20-34:
Sub-goal loop invariant preservation of goal functionemissionmixin___build_param_list'vc.
Prover result is: Valid (0.02s, 89063 steps).

File "/home/fabrice/git/pycsl/scratchpad/tmp/.pycsl_te8_arn7.mlw", line 1914, characters 18-46:
Sub-goal loop variant decrease of goal functionemissionmixin___build_param_list'vc.
Prover result is: Valid (0.02s, 95932 steps).

File "/home/fabrice/git/pycsl/scratchpad/tmp/.pycsl_te8_arn7.mlw", line 1913, characters 20-34:
Sub-goal loop invariant preservation of goal functionemissionmixin___build_param_list'vc.
Prover result is: Valid (0.01s, 95746 steps).

File "/home/fabrice/git/pycsl/scratchpad/tmp/.pycsl_te8_arn7.mlw", line 1889, characters 15-19:
Sub-goal postcondition of goal functionemissionmixin___build_param_list'vc.
Prover result is: Valid (0.00s, 7197 steps).

File "/home/fabrice/git/pycsl/scratchpad/tmp/.pycsl_te8_arn7.mlw", line 1889, characters 15-19:
Sub-goal postcondition of goal functionemissionmixin___build_param_list'vc.
Prover result is: Valid (0.00s, 6076 steps).

File "/home/fabrice/git/pycsl/scratchpad/tmp/.pycsl_te8_arn7.mlw", line 1935, characters 15-19:
Sub-goal postcondition of goal functionemissionmixin___callable_tag_to_whyml'vc.
Prover result is: Valid (0.00s, 5340 steps).

File "/home/fabrice/git/pycsl/scratchpad/tmp/.pycsl_te8_arn7.mlw", line 1935, characters 15-19:
Sub-goal postcondition of goal functionemissionmixin___callable_tag_to_whyml'vc.
Prover result is: Valid (0.00s, 5352 steps).

File "/home/fabrice/git/pycsl/scratchpad/tmp/.pycsl_te8_arn7.mlw", line 1935, characters 15-19:
Sub-goal postcondition of goal functionemissionmixin___callable_tag_to_whyml'vc.
Prover result is: Valid (0.00s, 5361 steps).

File "/home/fabrice/git/pycsl/scratchpad/tmp/.pycsl_te8_arn7.mlw", line 1935, characters 15-19:
Sub-goal postcondition of goal functionemissionmixin___callable_tag_to_whyml'vc.
Prover result is: Valid (0.01s, 5374 steps).

File "/home/fabrice/git/pycsl/scratchpad/tmp/.pycsl_te8_arn7.mlw", line 1935, characters 15-19:
Sub-goal postcondition of goal functionemissionmixin___callable_tag_to_whyml'vc.
Prover result is: Valid (0.00s, 5387 steps).

File "/home/fabrice/git/pycsl/scratchpad/tmp/.pycsl_te8_arn7.mlw", line 1935, characters 15-19:
Sub-goal postcondition of goal functionemissionmixin___callable_tag_to_whyml'vc.
Prover result is: Valid (0.00s, 5391 steps).

File "/home/fabrice/git/pycsl/scratchpad/tmp/.pycsl_te8_arn7.mlw", line 1969, characters 91-95:
Sub-goal index in array bounds of goal functionemissionmixin___callable_whyml_arrow__args_join'vc.
Prover result is: Valid (0.00s, 8009 steps).

File "/home/fabrice/git/pycsl/scratchpad/tmp/.pycsl_te8_arn7.mlw", line 1969, characters 40-95:
Sub-goal precondition of goal functionemissionmixin___callable_whyml_arrow__args_join'vc.
Prover result is: Valid (0.01s, 5575 steps).

File "/home/fabrice/git/pycsl/scratchpad/tmp/.pycsl_te8_arn7.mlw", line 1971, characters 23-95:
Sub-goal variant decrease of goal functionemissionmixin___callable_whyml_arrow__args_join'vc.
Prover result is: Valid (0.00s, 26137 steps).

File "/home/fabrice/git/pycsl/scratchpad/tmp/.pycsl_te8_arn7.mlw", line 1971, characters 23-95:
Sub-goal precondition of goal functionemissionmixin___callable_whyml_arrow__args_join'vc.
Prover result is: Valid (0.01s, 58020 steps).

File "/home/fabrice/git/pycsl/scratchpad/tmp/.pycsl_te8_arn7.mlw", line 1970, characters 90-94:
Sub-goal index in array bounds of goal functionemissionmixin___callable_whyml_arrow__args_join'vc.
Prover result is: Valid (0.00s, 8017 steps).

File "/home/fabrice/git/pycsl/scratchpad/tmp/.pycsl_te8_arn7.mlw", line 1970, characters 38-95:
Sub-goal precondition of goal functionemissionmixin___callable_whyml_arrow__args_join'vc.
Prover result is: Valid (0.00s, 5579 steps).

File "/home/fabrice/git/pycsl/scratchpad/tmp/.pycsl_te8_arn7.mlw", line 1978, characters 20-79:
Sub-goal precondition of goal functionemissionmixin___callable_whyml_arrow'vc.
Prover result is: Valid (0.00s, 5542 steps).

File "/home/fabrice/git/pycsl/scratchpad/tmp/.pycsl_te8_arn7.mlw", line 1980, characters 38-111:
Sub-goal precondition of goal functionemissionmixin___callable_whyml_arrow'vc.
Prover result is: Valid (0.01s, 57715 steps).

File "/home/fabrice/git/pycsl/scratchpad/tmp/.pycsl_te8_arn7.mlw", line 1973, characters 32-36:
Sub-goal postcondition of goal functionemissionmixin___callable_whyml_arrow'vc.
Prover result is: Valid (0.01s, 5542 steps).

File "/home/fabrice/git/pycsl/scratchpad/tmp/.pycsl_te8_arn7.mlw", line 1985, characters 70-135:
Sub-goal variant decrease of goal functionemissionmixin___collect_assign_targets__get_dyn_stmt'vc.
Prover result is: Valid (0.01s, 15148 steps).

File "/home/fabrice/git/pycsl/scratchpad/tmp/.pycsl_te8_arn7.mlw", line 1986, characters 24-89:
Sub-goal variant decrease of goal functionemissionmixin___collect_assign_targets__get_dyn_stmt'vc.
Prover result is: Valid (0.01s, 15420 steps).

File "/home/fabrice/git/pycsl/scratchpad/tmp/.pycsl_te8_arn7.mlw", line 1993, characters 24-89:
Sub-goal variant decrease of goal functionemissionmixin___collect_assign_targets__get_K_target'vc.
Prover result is: Valid (0.00s, 15432 steps).

File "/home/fabrice/git/pycsl/scratchpad/tmp/.pycsl_te8_arn7.mlw", line 2009, characters 76-134:
Sub-goal variant decrease of goal functionemissionmixin___collect_assign_targets'vc.
Prover result is: Valid (0.01s, 56796 steps).

File "/home/fabrice/git/pycsl/scratchpad/tmp/.pycsl_te8_arn7.mlw", line 2009, characters 76-134:
Sub-goal precondition of goal functionemissionmixin___collect_assign_targets'vc.
Prover result is: Valid (0.00s, 5324 steps).

File "/home/fabrice/git/pycsl/scratchpad/tmp/.pycsl_te8_arn7.mlw", line 2006, characters 32-36:
Sub-goal postcondition of goal functionemissionmixin___collect_assign_targets'vc.
Prover result is: Valid (0.01s, 5324 steps).

File "/home/fabrice/git/pycsl/scratchpad/tmp/.pycsl_te8_arn7.mlw", line 2010, characters 18-77:
Sub-goal variant decrease of goal functionemissionmixin___collect_assign_targets'vc.
Prover result is: Valid (0.01s, 56796 steps).

File "/home/fabrice/git/pycsl/scratchpad/tmp/.pycsl_te8_arn7.mlw", line 2010, characters 18-77:
Sub-goal precondition of goal functionemissionmixin___collect_assign_targets'vc.
Prover result is: Valid (0.01s, 5324 steps).

File "/home/fabrice/git/pycsl/scratchpad/tmp/.pycsl_te8_arn7.mlw", line 2006, characters 32-36:
Sub-goal postcondition of goal functionemissionmixin___collect_assign_targets'vc.
Prover result is: Valid (0.01s, 5324 steps).

File "/home/fabrice/git/pycsl/scratchpad/tmp/.pycsl_te8_arn7.mlw", line 2006, characters 32-36:
Sub-goal postcondition of goal functionemissionmixin___collect_assign_targets'vc.
Prover result is: Valid (0.00s, 5368 steps).

File "/home/fabrice/git/pycsl/scratchpad/tmp/.pycsl_te8_arn7.mlw", line 2013, characters 32-36:
Sub-goal postcondition of goal functionemissionmixin___collect_assign_targets__dict'vc.
Prover result is: Valid (0.01s, 5320 steps).

File "/home/fabrice/git/pycsl/scratchpad/tmp/.pycsl_te8_arn7.mlw", line 2017, characters 24-76:
Sub-goal variant decrease of goal functionemissionmixin___collect_assign_targets__dict'vc.
Prover result is: Valid (0.01s, 61758 steps).

File "/home/fabrice/git/pycsl/scratchpad/tmp/.pycsl_te8_arn7.mlw", line 2017, characters 24-76:
Sub-goal precondition of goal functionemissionmixin___collect_assign_targets__dict'vc.
Prover result is: Valid (0.00s, 5324 steps).

File "/home/fabrice/git/pycsl/scratchpad/tmp/.pycsl_te8_arn7.mlw", line 2017, characters 78-139:
Sub-goal variant decrease of goal functionemissionmixin___collect_assign_targets__dict'vc.
Prover result is: Valid (0.01s, 61799 steps).

File "/home/fabrice/git/pycsl/scratchpad/tmp/.pycsl_te8_arn7.mlw", line 2017, characters 78-139:
Sub-goal precondition of goal functionemissionmixin___collect_assign_targets__dict'vc.
Prover result is: Valid (0.00s, 5324 steps).

File "/home/fabrice/git/pycsl/scratchpad/tmp/.pycsl_te8_arn7.mlw", line 2013, characters 32-36:
Sub-goal postcondition of goal functionemissionmixin___collect_assign_targets__dict'vc.
Prover result is: Valid (0.01s, 5324 steps).

File "/home/fabrice/git/pycsl/scratchpad/tmp/.pycsl_te8_arn7.mlw", line 2020, characters 32-36:
Sub-goal postcondition of goal functionemissionmixin___collect_assign_targets__list'vc.
Prover result is: Valid (0.00s, 5263 steps).

File "/home/fabrice/git/pycsl/scratchpad/tmp/.pycsl_te8_arn7.mlw", line 2022, characters 42-94:
Sub-goal variant decrease of goal functionemissionmixin___collect_assign_targets__list'vc.
Prover result is: Valid (0.01s, 59964 steps).

File "/home/fabrice/git/pycsl/scratchpad/tmp/.pycsl_te8_arn7.mlw", line 2022, characters 42-94:
Sub-goal precondition of goal functionemissionmixin___collect_assign_targets__list'vc.
Prover result is: Valid (0.01s, 5267 steps).

File "/home/fabrice/git/pycsl/scratchpad/tmp/.pycsl_te8_arn7.mlw", line 2022, characters 96-154:
Sub-goal variant decrease of goal functionemissionmixin___collect_assign_targets__list'vc.
Prover result is: Valid (0.01s, 60005 steps).

File "/home/fabrice/git/pycsl/scratchpad/tmp/.pycsl_te8_arn7.mlw", line 2022, characters 96-154:
Sub-goal precondition of goal functionemissionmixin___collect_assign_targets__list'vc.
Prover result is: Valid (0.01s, 5267 steps).

File "/home/fabrice/git/pycsl/scratchpad/tmp/.pycsl_te8_arn7.mlw", line 2020, characters 32-36:
Sub-goal postcondition of goal functionemissionmixin___collect_assign_targets__list'vc.
Prover result is: Valid (0.01s, 5267 steps).

File "/home/fabrice/git/pycsl/scratchpad/tmp/.pycsl_te8_arn7.mlw", line 2027, characters 79-136:
Sub-goal variant decrease of goal functionemissionmixin___collect_record_fields__gkind'vc.
Prover result is: Valid (0.01s, 15164 steps).

File "/home/fabrice/git/pycsl/scratchpad/tmp/.pycsl_te8_arn7.mlw", line 2028, characters 24-81:
Sub-goal variant decrease of goal functionemissionmixin___collect_record_fields__gkind'vc.
Prover result is: Valid (0.01s, 15436 steps).

File "/home/fabrice/git/pycsl/scratchpad/tmp/.pycsl_te8_arn7.mlw", line 2028, characters 24-81:
Sub-goal variant decrease of goal functionemissionmixin___collect_record_fields__gkind'vc.
Prover result is: Valid (0.00s, 15300 steps).

File "/home/fabrice/git/pycsl/scratchpad/tmp/.pycsl_te8_arn7.mlw", line 2035, characters 24-81:
Sub-goal variant decrease of goal functionemissionmixin___collect_record_fields__gname'vc.
Prover result is: Valid (0.00s, 15448 steps).

File "/home/fabrice/git/pycsl/scratchpad/tmp/.pycsl_te8_arn7.mlw", line 2035, characters 24-81:
Sub-goal variant decrease of goal functionemissionmixin___collect_record_fields__gname'vc.
Prover result is: Valid (0.00s, 15300 steps).

File "/home/fabrice/git/pycsl/scratchpad/tmp/.pycsl_te8_arn7.mlw", line 2041, characters 74-133:
Sub-goal variant decrease of goal functionemissionmixin___collect_record_fields__gfields'vc.
Prover result is: Valid (0.00s, 15148 steps).

File "/home/fabrice/git/pycsl/scratchpad/tmp/.pycsl_te8_arn7.mlw", line 2042, characters 24-83:
Sub-goal variant decrease of goal functionemissionmixin___collect_record_fields__gfields'vc.
Prover result is: Valid (0.01s, 15420 steps).

File "/home/fabrice/git/pycsl/scratchpad/tmp/.pycsl_te8_arn7.mlw", line 2049, characters 8-66:
Sub-goal variant decrease of goal functionemissionmixin___collect_record_fields__flds'vc.
Prover result is: Valid (0.01s, 60005 steps).

File "/home/fabrice/git/pycsl/scratchpad/tmp/.pycsl_te8_arn7.mlw", line 2049, characters 8-66:
Sub-goal precondition of goal functionemissionmixin___collect_record_fields__flds'vc.
Prover result is: Valid (0.00s, 5267 steps).

File "/home/fabrice/git/pycsl/scratchpad/tmp/.pycsl_te8_arn7.mlw", line 2045, characters 32-36:
Sub-goal postcondition of goal functionemissionmixin___collect_record_fields__flds'vc.
Prover result is: Valid (0.00s, 5315 steps).

File "/home/fabrice/git/pycsl/scratchpad/tmp/.pycsl_te8_arn7.mlw", line 2061, characters 8-67:
Sub-goal variant decrease of goal functionemissionmixin___collect_record_fields__tfold'vc.
Prover result is: Valid (0.01s, 60005 steps).

File "/home/fabrice/git/pycsl/scratchpad/tmp/.pycsl_te8_arn7.mlw", line 2061, characters 8-67:
Sub-goal precondition of goal functionemissionmixin___collect_record_fields__tfold'vc.
Prover result is: Valid (0.00s, 5267 steps).

File "/home/fabrice/git/pycsl/scratchpad/tmp/.pycsl_te8_arn7.mlw", line 2057, characters 114-168:
Sub-goal precondition of goal functionemissionmixin___collect_record_fields__tfold'vc.
Prover result is: Valid (0.00s, 5280 steps).

File "/home/fabrice/git/pycsl/scratchpad/tmp/.pycsl_te8_arn7.mlw", line 2051, characters 32-36:
Sub-goal postcondition of goal functionemissionmixin___collect_record_fields__tfold'vc.
Prover result is: Valid (0.00s, 5315 steps).

File "/home/fabrice/git/pycsl/scratchpad/tmp/.pycsl_te8_arn7.mlw", line 2064, characters 40-95:
Sub-goal precondition of goal functionemissionmixin___collect_record_fields'vc.
Prover result is: Valid (0.00s, 5324 steps).

File "/home/fabrice/git/pycsl/scratchpad/tmp/.pycsl_te8_arn7.mlw", line 2063, characters 32-36:
Sub-goal postcondition of goal functionemissionmixin___collect_record_fields'vc.
Prover result is: Valid (0.00s, 5315 steps).

File "/home/fabrice/git/pycsl/scratchpad/tmp/.pycsl_te8_arn7.mlw", line 2067, characters 15-19:
Sub-goal postcondition of goal functionemissionmixin___compute_return_type'vc.
Prover result is: Valid (0.00s, 5849 steps).

File "/home/fabrice/git/pycsl/scratchpad/tmp/.pycsl_te8_arn7.mlw", line 2083, characters 21-105:
Sub-goal precondition of goal functionemissionmixin___compute_return_type'vc.
Prover result is: Valid (0.00s, 6038 steps).

File "/home/fabrice/git/pycsl/scratchpad/tmp/.pycsl_te8_arn7.mlw", line 2067, characters 15-19:
Sub-goal postcondition of goal functionemissionmixin___compute_return_type'vc.
Prover result is: Valid (0.00s, 6513 steps).

File "/home/fabrice/git/pycsl/scratchpad/tmp/.pycsl_te8_arn7.mlw", line 2067, characters 15-19:
Sub-goal postcondition of goal functionemissionmixin___compute_return_type'vc.
Prover result is: Valid (0.01s, 6493 steps).

File "/home/fabrice/git/pycsl/scratchpad/tmp/.pycsl_te8_arn7.mlw", line 2067, characters 15-19:
Sub-goal postcondition of goal functionemissionmixin___compute_return_type'vc.
Prover result is: Valid (0.01s, 6506 steps).

File "/home/fabrice/git/pycsl/scratchpad/tmp/.pycsl_te8_arn7.mlw", line 2067, characters 15-19:
Sub-goal postcondition of goal functionemissionmixin___compute_return_type'vc.
Prover result is: Valid (0.00s, 6571 steps).

File "/home/fabrice/git/pycsl/scratchpad/tmp/.pycsl_te8_arn7.mlw", line 2067, characters 15-19:
Sub-goal postcondition of goal functionemissionmixin___compute_return_type'vc.
Prover result is: Valid (0.01s, 6698 steps).

File "/home/fabrice/git/pycsl/scratchpad/tmp/.pycsl_te8_arn7.mlw", line 2067, characters 15-19:
Sub-goal postcondition of goal functionemissionmixin___compute_return_type'vc.
Prover result is: Valid (0.01s, 6705 steps).

File "/home/fabrice/git/pycsl/scratchpad/tmp/.pycsl_te8_arn7.mlw", line 2067, characters 15-19:
Sub-goal postcondition of goal functionemissionmixin___compute_return_type'vc.
Prover result is: Valid (0.01s, 7049 steps).

File "/home/fabrice/git/pycsl/scratchpad/tmp/.pycsl_te8_arn7.mlw", line 2067, characters 15-19:
Sub-goal postcondition of goal functionemissionmixin___compute_return_type'vc.
Prover result is: Valid (0.01s, 7344 steps).

File "/home/fabrice/git/pycsl/scratchpad/tmp/.pycsl_te8_arn7.mlw", line 2067, characters 15-19:
Sub-goal postcondition of goal functionemissionmixin___compute_return_type'vc.
Prover result is: Valid (0.01s, 7296 steps).

File "/home/fabrice/git/pycsl/scratchpad/tmp/.pycsl_te8_arn7.mlw", line 2067, characters 15-19:
Sub-goal postcondition of goal functionemissionmixin___compute_return_type'vc.
Prover result is: Valid (0.01s, 7374 steps).

File "/home/fabrice/git/pycsl/scratchpad/tmp/.pycsl_te8_arn7.mlw", line 2067, characters 15-19:
Sub-goal postcondition of goal functionemissionmixin___compute_return_type'vc.
Prover result is: Valid (0.01s, 7326 steps).

File "/home/fabrice/git/pycsl/scratchpad/tmp/.pycsl_te8_arn7.mlw", line 2067, characters 15-19:
Sub-goal postcondition of goal functionemissionmixin___compute_return_type'vc.
Prover result is: Valid (0.01s, 7476 steps).

File "/home/fabrice/git/pycsl/scratchpad/tmp/.pycsl_te8_arn7.mlw", line 2067, characters 15-19:
Sub-goal postcondition of goal functionemissionmixin___compute_return_type'vc.
Prover result is: Valid (0.00s, 7428 steps).

File "/home/fabrice/git/pycsl/scratchpad/tmp/.pycsl_te8_arn7.mlw", line 2067, characters 15-19:
Sub-goal postcondition of goal functionemissionmixin___compute_return_type'vc.
Prover result is: Valid (0.00s, 7430 steps).

File "/home/fabrice/git/pycsl/scratchpad/tmp/.pycsl_te8_arn7.mlw", line 2067, characters 15-19:
Sub-goal postcondition of goal functionemissionmixin___compute_return_type'vc.
Prover result is: Valid (0.01s, 7382 steps).

File "/home/fabrice/git/pycsl/scratchpad/tmp/.pycsl_te8_arn7.mlw", line 2067, characters 15-19:
Sub-goal postcondition of goal functionemissionmixin___compute_return_type'vc.
Prover result is: Valid (0.01s, 7429 steps).

File "/home/fabrice/git/pycsl/scratchpad/tmp/.pycsl_te8_arn7.mlw", line 2067, characters 15-19:
Sub-goal postcondition of goal functionemissionmixin___compute_return_type'vc.
Prover result is: Valid (0.00s, 7381 steps).

File "/home/fabrice/git/pycsl/scratchpad/tmp/.pycsl_te8_arn7.mlw", line 2067, characters 15-19:
Sub-goal postcondition of goal functionemissionmixin___compute_return_type'vc.
Prover result is: Valid (0.00s, 7335 steps).

File "/home/fabrice/git/pycsl/scratchpad/tmp/.pycsl_te8_arn7.mlw", line 2067, characters 15-19:
Sub-goal postcondition of goal functionemissionmixin___compute_return_type'vc.
Prover result is: Valid (0.00s, 7287 steps).

File "/home/fabrice/git/pycsl/scratchpad/tmp/.pycsl_te8_arn7.mlw", line 2067, characters 15-19:
Sub-goal postcondition of goal functionemissionmixin___compute_return_type'vc.
Prover result is: Valid (0.01s, 7365 steps).

File "/home/fabrice/git/pycsl/scratchpad/tmp/.pycsl_te8_arn7.mlw", line 2067, characters 15-19:
Sub-goal postcondition of goal functionemissionmixin___compute_return_type'vc.
Prover result is: Valid (0.01s, 7317 steps).

File "/home/fabrice/git/pycsl/scratchpad/tmp/.pycsl_te8_arn7.mlw", line 2067, characters 15-19:
Sub-goal postcondition of goal functionemissionmixin___compute_return_type'vc.
Prover result is: Valid (0.01s, 7467 steps).

File "/home/fabrice/git/pycsl/scratchpad/tmp/.pycsl_te8_arn7.mlw", line 2067, characters 15-19:
Sub-goal postcondition of goal functionemissionmixin___compute_return_type'vc.
Prover result is: Valid (0.01s, 7419 steps).

File "/home/fabrice/git/pycsl/scratchpad/tmp/.pycsl_te8_arn7.mlw", line 2067, characters 15-19:
Sub-goal postcondition of goal functionemissionmixin___compute_return_type'vc.
Prover result is: Valid (0.00s, 7421 steps).

File "/home/fabrice/git/pycsl/scratchpad/tmp/.pycsl_te8_arn7.mlw", line 2067, characters 15-19:
Sub-goal postcondition of goal functionemissionmixin___compute_return_type'vc.
Prover result is: Valid (0.01s, 7373 steps).

File "/home/fabrice/git/pycsl/scratchpad/tmp/.pycsl_te8_arn7.mlw", line 2067, characters 15-19:
Sub-goal postcondition of goal functionemissionmixin___compute_return_type'vc.
Prover result is: Valid (0.01s, 7420 steps).

File "/home/fabrice/git/pycsl/scratchpad/tmp/.pycsl_te8_arn7.mlw", line 2067, characters 15-19:
Sub-goal postcondition of goal functionemissionmixin___compute_return_type'vc.
Prover result is: Valid (0.01s, 7372 steps).

File "/home/fabrice/git/pycsl/scratchpad/tmp/.pycsl_te8_arn7.mlw", line 2067, characters 15-19:
Sub-goal postcondition of goal functionemissionmixin___compute_return_type'vc.
Prover result is: Valid (0.00s, 7937 steps).

File "/home/fabrice/git/pycsl/scratchpad/tmp/.pycsl_te8_arn7.mlw", line 2067, characters 15-19:
Sub-goal postcondition of goal functionemissionmixin___compute_return_type'vc.
Prover result is: Valid (0.01s, 7891 steps).

File "/home/fabrice/git/pycsl/scratchpad/tmp/.pycsl_te8_arn7.mlw", line 2067, characters 15-19:
Sub-goal postcondition of goal functionemissionmixin___compute_return_type'vc.
Prover result is: Valid (0.01s, 7525 steps).

File "/home/fabrice/git/pycsl/scratchpad/tmp/.pycsl_te8_arn7.mlw", line 2067, characters 15-19:
Sub-goal postcondition of goal functionemissionmixin___compute_return_type'vc.
Prover result is: Valid (0.00s, 7479 steps).

File "/home/fabrice/git/pycsl/scratchpad/tmp/.pycsl_te8_arn7.mlw", line 2067, characters 15-19:
Sub-goal postcondition of goal functionemissionmixin___compute_return_type'vc.
Prover result is: Valid (0.01s, 7468 steps).

File "/home/fabrice/git/pycsl/scratchpad/tmp/.pycsl_te8_arn7.mlw", line 2067, characters 15-19:
Sub-goal postcondition of goal functionemissionmixin___compute_return_type'vc.
Prover result is: Valid (0.01s, 7422 steps).

File "/home/fabrice/git/pycsl/scratchpad/tmp/.pycsl_te8_arn7.mlw", line 2067, characters 15-19:
Sub-goal postcondition of goal functionemissionmixin___compute_return_type'vc.
Prover result is: Valid (0.01s, 7641 steps).

File "/home/fabrice/git/pycsl/scratchpad/tmp/.pycsl_te8_arn7.mlw", line 2067, characters 15-19:
Sub-goal postcondition of goal functionemissionmixin___compute_return_type'vc.
Prover result is: Valid (0.01s, 7595 steps).

File "/home/fabrice/git/pycsl/scratchpad/tmp/.pycsl_te8_arn7.mlw", line 2067, characters 15-19:
Sub-goal postcondition of goal functionemissionmixin___compute_return_type'vc.
Prover result is: Valid (0.01s, 7754 steps).

File "/home/fabrice/git/pycsl/scratchpad/tmp/.pycsl_te8_arn7.mlw", line 2067, characters 15-19:
Sub-goal postcondition of goal functionemissionmixin___compute_return_type'vc.
Prover result is: Valid (0.01s, 7708 steps).

File "/home/fabrice/git/pycsl/scratchpad/tmp/.pycsl_te8_arn7.mlw", line 2067, characters 15-19:
Sub-goal postcondition of goal functionemissionmixin___compute_return_type'vc.
Prover result is: Valid (0.00s, 7865 steps).

File "/home/fabrice/git/pycsl/scratchpad/tmp/.pycsl_te8_arn7.mlw", line 2067, characters 15-19:
Sub-goal postcondition of goal functionemissionmixin___compute_return_type'vc.
Prover result is: Valid (0.01s, 7819 steps).

File "/home/fabrice/git/pycsl/scratchpad/tmp/.pycsl_te8_arn7.mlw", line 2067, characters 15-19:
Sub-goal postcondition of goal functionemissionmixin___compute_return_type'vc.
Prover result is: Valid (0.00s, 7904 steps).

File "/home/fabrice/git/pycsl/scratchpad/tmp/.pycsl_te8_arn7.mlw", line 2067, characters 15-19:
Sub-goal postcondition of goal functionemissionmixin___compute_return_type'vc.
Prover result is: Valid (0.01s, 7858 steps).

File "/home/fabrice/git/pycsl/scratchpad/tmp/.pycsl_te8_arn7.mlw", line 2067, characters 15-19:
Sub-goal postcondition of goal functionemissionmixin___compute_return_type'vc.
Prover result is: Valid (0.01s, 7951 steps).

File "/home/fabrice/git/pycsl/scratchpad/tmp/.pycsl_te8_arn7.mlw", line 2067, characters 15-19:
Sub-goal postcondition of goal functionemissionmixin___compute_return_type'vc.
Prover result is: Valid (0.00s, 7905 steps).

File "/home/fabrice/git/pycsl/scratchpad/tmp/.pycsl_te8_arn7.mlw", line 2067, characters 15-19:
Sub-goal postcondition of goal functionemissionmixin___compute_return_type'vc.
Prover result is: Valid (0.01s, 7994 steps).

File "/home/fabrice/git/pycsl/scratchpad/tmp/.pycsl_te8_arn7.mlw", line 2067, characters 15-19:
Sub-goal postcondition of goal functionemissionmixin___compute_return_type'vc.
Prover result is: Valid (0.01s, 7948 steps).

File "/home/fabrice/git/pycsl/scratchpad/tmp/.pycsl_te8_arn7.mlw", line 2067, characters 15-19:
Sub-goal postcondition of goal functionemissionmixin___compute_return_type'vc.
Prover result is: Valid (0.01s, 8035 steps).

File "/home/fabrice/git/pycsl/scratchpad/tmp/.pycsl_te8_arn7.mlw", line 2067, characters 15-19:
Sub-goal postcondition of goal functionemissionmixin___compute_return_type'vc.
Prover result is: Valid (0.01s, 7989 steps).

File "/home/fabrice/git/pycsl/scratchpad/tmp/.pycsl_te8_arn7.mlw", line 2067, characters 15-19:
Sub-goal postcondition of goal functionemissionmixin___compute_return_type'vc.
Prover result is: Valid (0.01s, 8269 steps).

File "/home/fabrice/git/pycsl/scratchpad/tmp/.pycsl_te8_arn7.mlw", line 2067, characters 15-19:
Sub-goal postcondition of goal functionemissionmixin___compute_return_type'vc.
Prover result is: Valid (0.01s, 8223 steps).

File "/home/fabrice/git/pycsl/scratchpad/tmp/.pycsl_te8_arn7.mlw", line 2067, characters 15-19:
Sub-goal postcondition of goal functionemissionmixin___compute_return_type'vc.
Prover result is: Valid (0.00s, 8254 steps).

File "/home/fabrice/git/pycsl/scratchpad/tmp/.pycsl_te8_arn7.mlw", line 2067, characters 15-19:
Sub-goal postcondition of goal functionemissionmixin___compute_return_type'vc.
Prover result is: Valid (0.01s, 8208 steps).

File "/home/fabrice/git/pycsl/scratchpad/tmp/.pycsl_te8_arn7.mlw", line 2067, characters 15-19:
Sub-goal postcondition of goal functionemissionmixin___compute_return_type'vc.
Prover result is: Valid (0.01s, 7038 steps).

File "/home/fabrice/git/pycsl/scratchpad/tmp/.pycsl_te8_arn7.mlw", line 2067, characters 15-19:
Sub-goal postcondition of goal functionemissionmixin___compute_return_type'vc.
Prover result is: Valid (0.01s, 7335 steps).

File "/home/fabrice/git/pycsl/scratchpad/tmp/.pycsl_te8_arn7.mlw", line 2067, characters 15-19:
Sub-goal postcondition of goal functionemissionmixin___compute_return_type'vc.
Prover result is: Valid (0.00s, 7287 steps).

File "/home/fabrice/git/pycsl/scratchpad/tmp/.pycsl_te8_arn7.mlw", line 2067, characters 15-19:
Sub-goal postcondition of goal functionemissionmixin___compute_return_type'vc.
Prover result is: Valid (0.01s, 7365 steps).

File "/home/fabrice/git/pycsl/scratchpad/tmp/.pycsl_te8_arn7.mlw", line 2067, characters 15-19:
Sub-goal postcondition of goal functionemissionmixin___compute_return_type'vc.
Prover result is: Valid (0.01s, 7317 steps).

File "/home/fabrice/git/pycsl/scratchpad/tmp/.pycsl_te8_arn7.mlw", line 2067, characters 15-19:
Sub-goal postcondition of goal functionemissionmixin___compute_return_type'vc.
Prover result is: Valid (0.01s, 7467 steps).

File "/home/fabrice/git/pycsl/scratchpad/tmp/.pycsl_te8_arn7.mlw", line 2067, characters 15-19:
Sub-goal postcondition of goal functionemissionmixin___compute_return_type'vc.
Prover result is: Valid (0.01s, 7419 steps).

File "/home/fabrice/git/pycsl/scratchpad/tmp/.pycsl_te8_arn7.mlw", line 2067, characters 15-19:
Sub-goal postcondition of goal functionemissionmixin___compute_return_type'vc.
Prover result is: Valid (0.00s, 7421 steps).

File "/home/fabrice/git/pycsl/scratchpad/tmp/.pycsl_te8_arn7.mlw", line 2067, characters 15-19:
Sub-goal postcondition of goal functionemissionmixin___compute_return_type'vc.
Prover result is: Valid (0.01s, 7373 steps).

File "/home/fabrice/git/pycsl/scratchpad/tmp/.pycsl_te8_arn7.mlw", line 2067, characters 15-19:
Sub-goal postcondition of goal functionemissionmixin___compute_return_type'vc.
Prover result is: Valid (0.01s, 7420 steps).

File "/home/fabrice/git/pycsl/scratchpad/tmp/.pycsl_te8_arn7.mlw", line 2067, characters 15-19:
Sub-goal postcondition of goal functionemissionmixin___compute_return_type'vc.
Prover result is: Valid (0.00s, 7372 steps).

File "/home/fabrice/git/pycsl/scratchpad/tmp/.pycsl_te8_arn7.mlw", line 2067, characters 15-19:
Sub-goal postcondition of goal functionemissionmixin___compute_return_type'vc.
Prover result is: Valid (0.00s, 7326 steps).

File "/home/fabrice/git/pycsl/scratchpad/tmp/.pycsl_te8_arn7.mlw", line 2067, characters 15-19:
Sub-goal postcondition of goal functionemissionmixin___compute_return_type'vc.
Prover result is: Valid (0.01s, 7278 steps).

File "/home/fabrice/git/pycsl/scratchpad/tmp/.pycsl_te8_arn7.mlw", line 2067, characters 15-19:
Sub-goal postcondition of goal functionemissionmixin___compute_return_type'vc.
Prover result is: Valid (0.01s, 7356 steps).

File "/home/fabrice/git/pycsl/scratchpad/tmp/.pycsl_te8_arn7.mlw", line 2067, characters 15-19:
Sub-goal postcondition of goal functionemissionmixin___compute_return_type'vc.
Prover result is: Valid (0.01s, 7308 steps).

File "/home/fabrice/git/pycsl/scratchpad/tmp/.pycsl_te8_arn7.mlw", line 2067, characters 15-19:
Sub-goal postcondition of goal functionemissionmixin___compute_return_type'vc.
Prover result is: Valid (0.01s, 7458 steps).

File "/home/fabrice/git/pycsl/scratchpad/tmp/.pycsl_te8_arn7.mlw", line 2067, characters 15-19:
Sub-goal postcondition of goal functionemissionmixin___compute_return_type'vc.
Prover result is: Valid (0.01s, 7410 steps).

File "/home/fabrice/git/pycsl/scratchpad/tmp/.pycsl_te8_arn7.mlw", line 2067, characters 15-19:
Sub-goal postcondition of goal functionemissionmixin___compute_return_type'vc.
Prover result is: Valid (0.01s, 7412 steps).

File "/home/fabrice/git/pycsl/scratchpad/tmp/.pycsl_te8_arn7.mlw", line 2067, characters 15-19:
Sub-goal postcondition of goal functionemissionmixin___compute_return_type'vc.
Prover result is: Valid (0.01s, 7364 steps).

File "/home/fabrice/git/pycsl/scratchpad/tmp/.pycsl_te8_arn7.mlw", line 2067, characters 15-19:
Sub-goal postcondition of goal functionemissionmixin___compute_return_type'vc.
Prover result is: Valid (0.00s, 7411 steps).

File "/home/fabrice/git/pycsl/scratchpad/tmp/.pycsl_te8_arn7.mlw", line 2067, characters 15-19:
Sub-goal postcondition of goal functionemissionmixin___compute_return_type'vc.
Prover result is: Valid (0.00s, 7363 steps).

File "/home/fabrice/git/pycsl/scratchpad/tmp/.pycsl_te8_arn7.mlw", line 2067, characters 15-19:
Sub-goal postcondition of goal functionemissionmixin___compute_return_type'vc.
Prover result is: Valid (0.01s, 7928 steps).

File "/home/fabrice/git/pycsl/scratchpad/tmp/.pycsl_te8_arn7.mlw", line 2067, characters 15-19:
Sub-goal postcondition of goal functionemissionmixin___compute_return_type'vc.
Prover result is: Valid (0.01s, 7882 steps).

File "/home/fabrice/git/pycsl/scratchpad/tmp/.pycsl_te8_arn7.mlw", line 2067, characters 15-19:
Sub-goal postcondition of goal functionemissionmixin___compute_return_type'vc.
Prover result is: Valid (0.01s, 7516 steps).

File "/home/fabrice/git/pycsl/scratchpad/tmp/.pycsl_te8_arn7.mlw", line 2067, characters 15-19:
Sub-goal postcondition of goal functionemissionmixin___compute_return_type'vc.
Prover result is: Valid (0.01s, 7470 steps).

File "/home/fabrice/git/pycsl/scratchpad/tmp/.pycsl_te8_arn7.mlw", line 2067, characters 15-19:
Sub-goal postcondition of goal functionemissionmixin___compute_return_type'vc.
Prover result is: Valid (0.01s, 7455 steps).

File "/home/fabrice/git/pycsl/scratchpad/tmp/.pycsl_te8_arn7.mlw", line 2067, characters 15-19:
Sub-goal postcondition of goal functionemissionmixin___compute_return_type'vc.
Prover result is: Valid (0.00s, 7409 steps).

File "/home/fabrice/git/pycsl/scratchpad/tmp/.pycsl_te8_arn7.mlw", line 2067, characters 15-19:
Sub-goal postcondition of goal functionemissionmixin___compute_return_type'vc.
Prover result is: Valid (0.01s, 7628 steps).

File "/home/fabrice/git/pycsl/scratchpad/tmp/.pycsl_te8_arn7.mlw", line 2067, characters 15-19:
Sub-goal postcondition of goal functionemissionmixin___compute_return_type'vc.
Prover result is: Valid (0.00s, 7582 steps).

File "/home/fabrice/git/pycsl/scratchpad/tmp/.pycsl_te8_arn7.mlw", line 2067, characters 15-19:
Sub-goal postcondition of goal functionemissionmixin___compute_return_type'vc.
Prover result is: Valid (0.00s, 7741 steps).

File "/home/fabrice/git/pycsl/scratchpad/tmp/.pycsl_te8_arn7.mlw", line 2067, characters 15-19:
Sub-goal postcondition of goal functionemissionmixin___compute_return_type'vc.
Prover result is: Valid (0.01s, 7695 steps).

File "/home/fabrice/git/pycsl/scratchpad/tmp/.pycsl_te8_arn7.mlw", line 2067, characters 15-19:
Sub-goal postcondition of goal functionemissionmixin___compute_return_type'vc.
Prover result is: Valid (0.01s, 7852 steps).

File "/home/fabrice/git/pycsl/scratchpad/tmp/.pycsl_te8_arn7.mlw", line 2067, characters 15-19:
Sub-goal postcondition of goal functionemissionmixin___compute_return_type'vc.
Prover result is: Valid (0.01s, 7806 steps).

File "/home/fabrice/git/pycsl/scratchpad/tmp/.pycsl_te8_arn7.mlw", line 2067, characters 15-19:
Sub-goal postcondition of goal functionemissionmixin___compute_return_type'vc.
Prover result is: Valid (0.01s, 7891 steps).

File "/home/fabrice/git/pycsl/scratchpad/tmp/.pycsl_te8_arn7.mlw", line 2067, characters 15-19:
Sub-goal postcondition of goal functionemissionmixin___compute_return_type'vc.
Prover result is: Valid (0.01s, 7845 steps).

File "/home/fabrice/git/pycsl/scratchpad/tmp/.pycsl_te8_arn7.mlw", line 2067, characters 15-19:
Sub-goal postcondition of goal functionemissionmixin___compute_return_type'vc.
Prover result is: Valid (0.01s, 7938 steps).

File "/home/fabrice/git/pycsl/scratchpad/tmp/.pycsl_te8_arn7.mlw", line 2067, characters 15-19:
Sub-goal postcondition of goal functionemissionmixin___compute_return_type'vc.
Prover result is: Valid (0.01s, 7892 steps).

File "/home/fabrice/git/pycsl/scratchpad/tmp/.pycsl_te8_arn7.mlw", line 2067, characters 15-19:
Sub-goal postcondition of goal functionemissionmixin___compute_return_type'vc.
Prover result is: Valid (0.01s, 7981 steps).

File "/home/fabrice/git/pycsl/scratchpad/tmp/.pycsl_te8_arn7.mlw", line 2067, characters 15-19:
Sub-goal postcondition of goal functionemissionmixin___compute_return_type'vc.
Prover result is: Valid (0.01s, 7935 steps).

File "/home/fabrice/git/pycsl/scratchpad/tmp/.pycsl_te8_arn7.mlw", line 2067, characters 15-19:
Sub-goal postcondition of goal functionemissionmixin___compute_return_type'vc.
Prover result is: Valid (0.01s, 8022 steps).

File "/home/fabrice/git/pycsl/scratchpad/tmp/.pycsl_te8_arn7.mlw", line 2067, characters 15-19:
Sub-goal postcondition of goal functionemissionmixin___compute_return_type'vc.
Prover result is: Valid (0.00s, 7976 steps).

File "/home/fabrice/git/pycsl/scratchpad/tmp/.pycsl_te8_arn7.mlw", line 2067, characters 15-19:
Sub-goal postcondition of goal functionemissionmixin___compute_return_type'vc.
Prover result is: Valid (0.00s, 8256 steps).

File "/home/fabrice/git/pycsl/scratchpad/tmp/.pycsl_te8_arn7.mlw", line 2067, characters 15-19:
Sub-goal postcondition of goal functionemissionmixin___compute_return_type'vc.
Prover result is: Valid (0.00s, 8210 steps).

File "/home/fabrice/git/pycsl/scratchpad/tmp/.pycsl_te8_arn7.mlw", line 2067, characters 15-19:
Sub-goal postcondition of goal functionemissionmixin___compute_return_type'vc.
Prover result is: Valid (0.01s, 8241 steps).

File "/home/fabrice/git/pycsl/scratchpad/tmp/.pycsl_te8_arn7.mlw", line 2067, characters 15-19:
Sub-goal postcondition of goal functionemissionmixin___compute_return_type'vc.
Prover result is: Valid (0.01s, 8195 steps).

File "/home/fabrice/git/pycsl/scratchpad/tmp/.pycsl_te8_arn7.mlw", line 2067, characters 15-19:
Sub-goal postcondition of goal functionemissionmixin___compute_return_type'vc.
Prover result is: Valid (0.00s, 6532 steps).

File "/home/fabrice/git/pycsl/scratchpad/tmp/.pycsl_te8_arn7.mlw", line 2067, characters 15-19:
Sub-goal postcondition of goal functionemissionmixin___compute_return_type'vc.
Prover result is: Valid (0.00s, 6659 steps).

File "/home/fabrice/git/pycsl/scratchpad/tmp/.pycsl_te8_arn7.mlw", line 2067, characters 15-19:
Sub-goal postcondition of goal functionemissionmixin___compute_return_type'vc.
Prover result is: Valid (0.00s, 6666 steps).

File "/home/fabrice/git/pycsl/scratchpad/tmp/.pycsl_te8_arn7.mlw", line 2067, characters 15-19:
Sub-goal postcondition of goal functionemissionmixin___compute_return_type'vc.
Prover result is: Valid (0.01s, 7010 steps).

File "/home/fabrice/git/pycsl/scratchpad/tmp/.pycsl_te8_arn7.mlw", line 2067, characters 15-19:
Sub-goal postcondition of goal functionemissionmixin___compute_return_type'vc.
Prover result is: Valid (0.00s, 7305 steps).

File "/home/fabrice/git/pycsl/scratchpad/tmp/.pycsl_te8_arn7.mlw", line 2067, characters 15-19:
Sub-goal postcondition of goal functionemissionmixin___compute_return_type'vc.
Prover result is: Valid (0.01s, 7257 steps).

File "/home/fabrice/git/pycsl/scratchpad/tmp/.pycsl_te8_arn7.mlw", line 2067, characters 15-19:
Sub-goal postcondition of goal functionemissionmixin___compute_return_type'vc.
Prover result is: Valid (0.01s, 7335 steps).

File "/home/fabrice/git/pycsl/scratchpad/tmp/.pycsl_te8_arn7.mlw", line 2067, characters 15-19:
Sub-goal postcondition of goal functionemissionmixin___compute_return_type'vc.
Prover result is: Valid (0.01s, 7287 steps).

File "/home/fabrice/git/pycsl/scratchpad/tmp/.pycsl_te8_arn7.mlw", line 2067, characters 15-19:
Sub-goal postcondition of goal functionemissionmixin___compute_return_type'vc.
Prover result is: Valid (0.01s, 7437 steps).

File "/home/fabrice/git/pycsl/scratchpad/tmp/.pycsl_te8_arn7.mlw", line 2067, characters 15-19:
Sub-goal postcondition of goal functionemissionmixin___compute_return_type'vc.
Prover result is: Valid (0.00s, 7389 steps).

File "/home/fabrice/git/pycsl/scratchpad/tmp/.pycsl_te8_arn7.mlw", line 2067, characters 15-19:
Sub-goal postcondition of goal functionemissionmixin___compute_return_type'vc.
Prover result is: Valid (0.01s, 7391 steps).

File "/home/fabrice/git/pycsl/scratchpad/tmp/.pycsl_te8_arn7.mlw", line 2067, characters 15-19:
Sub-goal postcondition of goal functionemissionmixin___compute_return_type'vc.
Prover result is: Valid (0.01s, 7343 steps).

File "/home/fabrice/git/pycsl/scratchpad/tmp/.pycsl_te8_arn7.mlw", line 2067, characters 15-19:
Sub-goal postcondition of goal functionemissionmixin___compute_return_type'vc.
Prover result is: Valid (0.01s, 7390 steps).

File "/home/fabrice/git/pycsl/scratchpad/tmp/.pycsl_te8_arn7.mlw", line 2067, characters 15-19:
Sub-goal postcondition of goal functionemissionmixin___compute_return_type'vc.
Prover result is: Valid (0.01s, 7342 steps).

File "/home/fabrice/git/pycsl/scratchpad/tmp/.pycsl_te8_arn7.mlw", line 2067, characters 15-19:
Sub-goal postcondition of goal functionemissionmixin___compute_return_type'vc.
Prover result is: Valid (0.01s, 7296 steps).

File "/home/fabrice/git/pycsl/scratchpad/tmp/.pycsl_te8_arn7.mlw", line 2067, characters 15-19:
Sub-goal postcondition of goal functionemissionmixin___compute_return_type'vc.
Prover result is: Valid (0.01s, 7248 steps).

File "/home/fabrice/git/pycsl/scratchpad/tmp/.pycsl_te8_arn7.mlw", line 2067, characters 15-19:
Sub-goal postcondition of goal functionemissionmixin___compute_return_type'vc.
Prover result is: Valid (0.01s, 7326 steps).

File "/home/fabrice/git/pycsl/scratchpad/tmp/.pycsl_te8_arn7.mlw", line 2067, characters 15-19:
Sub-goal postcondition of goal functionemissionmixin___compute_return_type'vc.
Prover result is: Valid (0.00s, 7278 steps).

File "/home/fabrice/git/pycsl/scratchpad/tmp/.pycsl_te8_arn7.mlw", line 2067, characters 15-19:
Sub-goal postcondition of goal functionemissionmixin___compute_return_type'vc.
Prover result is: Valid (0.01s, 7428 steps).

File "/home/fabrice/git/pycsl/scratchpad/tmp/.pycsl_te8_arn7.mlw", line 2067, characters 15-19:
Sub-goal postcondition of goal functionemissionmixin___compute_return_type'vc.
Prover result is: Valid (0.00s, 7380 steps).

File "/home/fabrice/git/pycsl/scratchpad/tmp/.pycsl_te8_arn7.mlw", line 2067, characters 15-19:
Sub-goal postcondition of goal functionemissionmixin___compute_return_type'vc.
Prover result is: Valid (0.00s, 7382 steps).

File "/home/fabrice/git/pycsl/scratchpad/tmp/.pycsl_te8_arn7.mlw", line 2067, characters 15-19:
Sub-goal postcondition of goal functionemissionmixin___compute_return_type'vc.
Prover result is: Valid (0.01s, 7334 steps).

File "/home/fabrice/git/pycsl/scratchpad/tmp/.pycsl_te8_arn7.mlw", line 2067, characters 15-19:
Sub-goal postcondition of goal functionemissionmixin___compute_return_type'vc.
Prover result is: Valid (0.01s, 7381 steps).

File "/home/fabrice/git/pycsl/scratchpad/tmp/.pycsl_te8_arn7.mlw", line 2067, characters 15-19:
Sub-goal postcondition of goal functionemissionmixin___compute_return_type'vc.
Prover result is: Valid (0.01s, 7333 steps).

File "/home/fabrice/git/pycsl/scratchpad/tmp/.pycsl_te8_arn7.mlw", line 2067, characters 15-19:
Sub-goal postcondition of goal functionemissionmixin___compute_return_type'vc.
Prover result is: Valid (0.00s, 7898 steps).

File "/home/fabrice/git/pycsl/scratchpad/tmp/.pycsl_te8_arn7.mlw", line 2067, characters 15-19:
Sub-goal postcondition of goal functionemissionmixin___compute_return_type'vc.
Prover result is: Valid (0.01s, 7852 steps).

File "/home/fabrice/git/pycsl/scratchpad/tmp/.pycsl_te8_arn7.mlw", line 2067, characters 15-19:
Sub-goal postcondition of goal functionemissionmixin___compute_return_type'vc.
Prover result is: Valid (0.01s, 7486 steps).

File "/home/fabrice/git/pycsl/scratchpad/tmp/.pycsl_te8_arn7.mlw", line 2067, characters 15-19:
Sub-goal postcondition of goal functionemissionmixin___compute_return_type'vc.
Prover result is: Valid (0.00s, 7440 steps).

File "/home/fabrice/git/pycsl/scratchpad/tmp/.pycsl_te8_arn7.mlw", line 2067, characters 15-19:
Sub-goal postcondition of goal functionemissionmixin___compute_return_type'vc.
Prover result is: Valid (0.00s, 7429 steps).

File "/home/fabrice/git/pycsl/scratchpad/tmp/.pycsl_te8_arn7.mlw", line 2067, characters 15-19:
Sub-goal postcondition of goal functionemissionmixin___compute_return_type'vc.
Prover result is: Valid (0.00s, 7383 steps).

File "/home/fabrice/git/pycsl/scratchpad/tmp/.pycsl_te8_arn7.mlw", line 2067, characters 15-19:
Sub-goal postcondition of goal functionemissionmixin___compute_return_type'vc.
Prover result is: Valid (0.00s, 7602 steps).

File "/home/fabrice/git/pycsl/scratchpad/tmp/.pycsl_te8_arn7.mlw", line 2067, characters 15-19:
Sub-goal postcondition of goal functionemissionmixin___compute_return_type'vc.
Prover result is: Valid (0.01s, 7556 steps).

File "/home/fabrice/git/pycsl/scratchpad/tmp/.pycsl_te8_arn7.mlw", line 2067, characters 15-19:
Sub-goal postcondition of goal functionemissionmixin___compute_return_type'vc.
Prover result is: Valid (0.00s, 7715 steps).

File "/home/fabrice/git/pycsl/scratchpad/tmp/.pycsl_te8_arn7.mlw", line 2067, characters 15-19:
Sub-goal postcondition of goal functionemissionmixin___compute_return_type'vc.
Prover result is: Valid (0.00s, 7669 steps).

File "/home/fabrice/git/pycsl/scratchpad/tmp/.pycsl_te8_arn7.mlw", line 2067, characters 15-19:
Sub-goal postcondition of goal functionemissionmixin___compute_return_type'vc.
Prover result is: Valid (0.01s, 7826 steps).

File "/home/fabrice/git/pycsl/scratchpad/tmp/.pycsl_te8_arn7.mlw", line 2067, characters 15-19:
Sub-goal postcondition of goal functionemissionmixin___compute_return_type'vc.
Prover result is: Valid (0.01s, 7780 steps).

File "/home/fabrice/git/pycsl/scratchpad/tmp/.pycsl_te8_arn7.mlw", line 2067, characters 15-19:
Sub-goal postcondition of goal functionemissionmixin___compute_return_type'vc.
Prover result is: Valid (0.01s, 7865 steps).

File "/home/fabrice/git/pycsl/scratchpad/tmp/.pycsl_te8_arn7.mlw", line 2067, characters 15-19:
Sub-goal postcondition of goal functionemissionmixin___compute_return_type'vc.
Prover result is: Valid (0.01s, 7819 steps).

File "/home/fabrice/git/pycsl/scratchpad/tmp/.pycsl_te8_arn7.mlw", line 2067, characters 15-19:
Sub-goal postcondition of goal functionemissionmixin___compute_return_type'vc.
Prover result is: Valid (0.00s, 7912 steps).

File "/home/fabrice/git/pycsl/scratchpad/tmp/.pycsl_te8_arn7.mlw", line 2067, characters 15-19:
Sub-goal postcondition of goal functionemissionmixin___compute_return_type'vc.
Prover result is: Valid (0.00s, 7866 steps).

File "/home/fabrice/git/pycsl/scratchpad/tmp/.pycsl_te8_arn7.mlw", line 2067, characters 15-19:
Sub-goal postcondition of goal functionemissionmixin___compute_return_type'vc.
Prover result is: Valid (0.00s, 7955 steps).

File "/home/fabrice/git/pycsl/scratchpad/tmp/.pycsl_te8_arn7.mlw", line 2067, characters 15-19:
Sub-goal postcondition of goal functionemissionmixin___compute_return_type'vc.
Prover result is: Valid (0.01s, 7909 steps).

File "/home/fabrice/git/pycsl/scratchpad/tmp/.pycsl_te8_arn7.mlw", line 2067, characters 15-19:
Sub-goal postcondition of goal functionemissionmixin___compute_return_type'vc.
Prover result is: Valid (0.00s, 7996 steps).

File "/home/fabrice/git/pycsl/scratchpad/tmp/.pycsl_te8_arn7.mlw", line 2067, characters 15-19:
Sub-goal postcondition of goal functionemissionmixin___compute_return_type'vc.
Prover result is: Valid (0.01s, 7950 steps).

File "/home/fabrice/git/pycsl/scratchpad/tmp/.pycsl_te8_arn7.mlw", line 2067, characters 15-19:
Sub-goal postcondition of goal functionemissionmixin___compute_return_type'vc.
Prover result is: Valid (0.01s, 8230 steps).

File "/home/fabrice/git/pycsl/scratchpad/tmp/.pycsl_te8_arn7.mlw", line 2067, characters 15-19:
Sub-goal postcondition of goal functionemissionmixin___compute_return_type'vc.
Prover result is: Valid (0.01s, 8184 steps).

File "/home/fabrice/git/pycsl/scratchpad/tmp/.pycsl_te8_arn7.mlw", line 2067, characters 15-19:
Sub-goal postcondition of goal functionemissionmixin___compute_return_type'vc.
Prover result is: Valid (0.00s, 8215 steps).

File "/home/fabrice/git/pycsl/scratchpad/tmp/.pycsl_te8_arn7.mlw", line 2067, characters 15-19:
Sub-goal postcondition of goal functionemissionmixin___compute_return_type'vc.
Prover result is: Valid (0.01s, 8169 steps).

File "/home/fabrice/git/pycsl/scratchpad/tmp/.pycsl_te8_arn7.mlw", line 2067, characters 15-19:
Sub-goal postcondition of goal functionemissionmixin___compute_return_type'vc.
Prover result is: Valid (0.01s, 6999 steps).

File "/home/fabrice/git/pycsl/scratchpad/tmp/.pycsl_te8_arn7.mlw", line 2067, characters 15-19:
Sub-goal postcondition of goal functionemissionmixin___compute_return_type'vc.
Prover result is: Valid (0.01s, 7296 steps).

File "/home/fabrice/git/pycsl/scratchpad/tmp/.pycsl_te8_arn7.mlw", line 2067, characters 15-19:
Sub-goal postcondition of goal functionemissionmixin___compute_return_type'vc.
Prover result is: Valid (0.00s, 7248 steps).

File "/home/fabrice/git/pycsl/scratchpad/tmp/.pycsl_te8_arn7.mlw", line 2067, characters 15-19:
Sub-goal postcondition of goal functionemissionmixin___compute_return_type'vc.
Prover result is: Valid (0.00s, 7326 steps).

File "/home/fabrice/git/pycsl/scratchpad/tmp/.pycsl_te8_arn7.mlw", line 2067, characters 15-19:
Sub-goal postcondition of goal functionemissionmixin___compute_return_type'vc.
Prover result is: Valid (0.00s, 7278 steps).

File "/home/fabrice/git/pycsl/scratchpad/tmp/.pycsl_te8_arn7.mlw", line 2067, characters 15-19:
Sub-goal postcondition of goal functionemissionmixin___compute_return_type'vc.
Prover result is: Valid (0.01s, 7428 steps).

File "/home/fabrice/git/pycsl/scratchpad/tmp/.pycsl_te8_arn7.mlw", line 2067, characters 15-19:
Sub-goal postcondition of goal functionemissionmixin___compute_return_type'vc.
Prover result is: Valid (0.00s, 7380 steps).

File "/home/fabrice/git/pycsl/scratchpad/tmp/.pycsl_te8_arn7.mlw", line 2067, characters 15-19:
Sub-goal postcondition of goal functionemissionmixin___compute_return_type'vc.
Prover result is: Valid (0.00s, 7382 steps).

File "/home/fabrice/git/pycsl/scratchpad/tmp/.pycsl_te8_arn7.mlw", line 2067, characters 15-19:
Sub-goal postcondition of goal functionemissionmixin___compute_return_type'vc.
Prover result is: Valid (0.01s, 7334 steps).

File "/home/fabrice/git/pycsl/scratchpad/tmp/.pycsl_te8_arn7.mlw", line 2067, characters 15-19:
Sub-goal postcondition of goal functionemissionmixin___compute_return_type'vc.
Prover result is: Valid (0.01s, 7381 steps).

File "/home/fabrice/git/pycsl/scratchpad/tmp/.pycsl_te8_arn7.mlw", line 2067, characters 15-19:
Sub-goal postcondition of goal functionemissionmixin___compute_return_type'vc.
Prover result is: Valid (0.00s, 7333 steps).

File "/home/fabrice/git/pycsl/scratchpad/tmp/.pycsl_te8_arn7.mlw", line 2067, characters 15-19:
Sub-goal postcondition of goal functionemissionmixin___compute_return_type'vc.
Prover result is: Valid (0.01s, 7287 steps).

File "/home/fabrice/git/pycsl/scratchpad/tmp/.pycsl_te8_arn7.mlw", line 2067, characters 15-19:
Sub-goal postcondition of goal functionemissionmixin___compute_return_type'vc.
Prover result is: Valid (0.01s, 7239 steps).

File "/home/fabrice/git/pycsl/scratchpad/tmp/.pycsl_te8_arn7.mlw", line 2067, characters 15-19:
Sub-goal postcondition of goal functionemissionmixin___compute_return_type'vc.
Prover result is: Valid (0.00s, 7317 steps).

File "/home/fabrice/git/pycsl/scratchpad/tmp/.pycsl_te8_arn7.mlw", line 2067, characters 15-19:
Sub-goal postcondition of goal functionemissionmixin___compute_return_type'vc.
Prover result is: Valid (0.01s, 7269 steps).

File "/home/fabrice/git/pycsl/scratchpad/tmp/.pycsl_te8_arn7.mlw", line 2067, characters 15-19:
Sub-goal postcondition of goal functionemissionmixin___compute_return_type'vc.
Prover result is: Valid (0.01s, 7419 steps).

File "/home/fabrice/git/pycsl/scratchpad/tmp/.pycsl_te8_arn7.mlw", line 2067, characters 15-19:
Sub-goal postcondition of goal functionemissionmixin___compute_return_type'vc.
Prover result is: Valid (0.01s, 7371 steps).

File "/home/fabrice/git/pycsl/scratchpad/tmp/.pycsl_te8_arn7.mlw", line 2067, characters 15-19:
Sub-goal postcondition of goal functionemissionmixin___compute_return_type'vc.
Prover result is: Valid (0.00s, 7373 steps).

File "/home/fabrice/git/pycsl/scratchpad/tmp/.pycsl_te8_arn7.mlw", line 2067, characters 15-19:
Sub-goal postcondition of goal functionemissionmixin___compute_return_type'vc.
Prover result is: Valid (0.01s, 7325 steps).

File "/home/fabrice/git/pycsl/scratchpad/tmp/.pycsl_te8_arn7.mlw", line 2067, characters 15-19:
Sub-goal postcondition of goal functionemissionmixin___compute_return_type'vc.
Prover result is: Valid (0.00s, 7372 steps).

File "/home/fabrice/git/pycsl/scratchpad/tmp/.pycsl_te8_arn7.mlw", line 2067, characters 15-19:
Sub-goal postcondition of goal functionemissionmixin___compute_return_type'vc.
Prover result is: Valid (0.00s, 7324 steps).

File "/home/fabrice/git/pycsl/scratchpad/tmp/.pycsl_te8_arn7.mlw", line 2067, characters 15-19:
Sub-goal postcondition of goal functionemissionmixin___compute_return_type'vc.
Prover result is: Valid (0.00s, 7889 steps).

File "/home/fabrice/git/pycsl/scratchpad/tmp/.pycsl_te8_arn7.mlw", line 2067, characters 15-19:
Sub-goal postcondition of goal functionemissionmixin___compute_return_type'vc.
Prover result is: Valid (0.00s, 7843 steps).

File "/home/fabrice/git/pycsl/scratchpad/tmp/.pycsl_te8_arn7.mlw", line 2067, characters 15-19:
Sub-goal postcondition of goal functionemissionmixin___compute_return_type'vc.
Prover result is: Valid (0.01s, 7477 steps).

File "/home/fabrice/git/pycsl/scratchpad/tmp/.pycsl_te8_arn7.mlw", line 2067, characters 15-19:
Sub-goal postcondition of goal functionemissionmixin___compute_return_type'vc.
Prover result is: Valid (0.00s, 7431 steps).

File "/home/fabrice/git/pycsl/scratchpad/tmp/.pycsl_te8_arn7.mlw", line 2067, characters 15-19:
Sub-goal postcondition of goal functionemissionmixin___compute_return_type'vc.
Prover result is: Valid (0.00s, 7416 steps).

File "/home/fabrice/git/pycsl/scratchpad/tmp/.pycsl_te8_arn7.mlw", line 2067, characters 15-19:
Sub-goal postcondition of goal functionemissionmixin___compute_return_type'vc.
Prover result is: Valid (0.01s, 7370 steps).

File "/home/fabrice/git/pycsl/scratchpad/tmp/.pycsl_te8_arn7.mlw", line 2067, characters 15-19:
Sub-goal postcondition of goal functionemissionmixin___compute_return_type'vc.
Prover result is: Valid (0.01s, 7589 steps).

File "/home/fabrice/git/pycsl/scratchpad/tmp/.pycsl_te8_arn7.mlw", line 2067, characters 15-19:
Sub-goal postcondition of goal functionemissionmixin___compute_return_type'vc.
Prover result is: Valid (0.01s, 7543 steps).

File "/home/fabrice/git/pycsl/scratchpad/tmp/.pycsl_te8_arn7.mlw", line 2067, characters 15-19:
Sub-goal postcondition of goal functionemissionmixin___compute_return_type'vc.
Prover result is: Valid (0.01s, 7702 steps).

File "/home/fabrice/git/pycsl/scratchpad/tmp/.pycsl_te8_arn7.mlw", line 2067, characters 15-19:
Sub-goal postcondition of goal functionemissionmixin___compute_return_type'vc.
Prover result is: Valid (0.01s, 7656 steps).

File "/home/fabrice/git/pycsl/scratchpad/tmp/.pycsl_te8_arn7.mlw", line 2067, characters 15-19:
Sub-goal postcondition of goal functionemissionmixin___compute_return_type'vc.
Prover result is: Valid (0.00s, 7813 steps).

File "/home/fabrice/git/pycsl/scratchpad/tmp/.pycsl_te8_arn7.mlw", line 2067, characters 15-19:
Sub-goal postcondition of goal functionemissionmixin___compute_return_type'vc.
Prover result is: Valid (0.01s, 7767 steps).

File "/home/fabrice/git/pycsl/scratchpad/tmp/.pycsl_te8_arn7.mlw", line 2067, characters 15-19:
Sub-goal postcondition of goal functionemissionmixin___compute_return_type'vc.
Prover result is: Valid (0.00s, 7852 steps).

File "/home/fabrice/git/pycsl/scratchpad/tmp/.pycsl_te8_arn7.mlw", line 2067, characters 15-19:
Sub-goal postcondition of goal functionemissionmixin___compute_return_type'vc.
Prover result is: Valid (0.00s, 7806 steps).

File "/home/fabrice/git/pycsl/scratchpad/tmp/.pycsl_te8_arn7.mlw", line 2067, characters 15-19:
Sub-goal postcondition of goal functionemissionmixin___compute_return_type'vc.
Prover result is: Valid (0.00s, 7899 steps).

File "/home/fabrice/git/pycsl/scratchpad/tmp/.pycsl_te8_arn7.mlw", line 2067, characters 15-19:
Sub-goal postcondition of goal functionemissionmixin___compute_return_type'vc.
Prover result is: Valid (0.01s, 7853 steps).

File "/home/fabrice/git/pycsl/scratchpad/tmp/.pycsl_te8_arn7.mlw", line 2067, characters 15-19:
Sub-goal postcondition of goal functionemissionmixin___compute_return_type'vc.
Prover result is: Valid (0.01s, 7942 steps).

File "/home/fabrice/git/pycsl/scratchpad/tmp/.pycsl_te8_arn7.mlw", line 2067, characters 15-19:
Sub-goal postcondition of goal functionemissionmixin___compute_return_type'vc.
Prover result is: Valid (0.01s, 7896 steps).

File "/home/fabrice/git/pycsl/scratchpad/tmp/.pycsl_te8_arn7.mlw", line 2067, characters 15-19:
Sub-goal postcondition of goal functionemissionmixin___compute_return_type'vc.
Prover result is: Valid (0.01s, 7983 steps).

File "/home/fabrice/git/pycsl/scratchpad/tmp/.pycsl_te8_arn7.mlw", line 2067, characters 15-19:
Sub-goal postcondition of goal functionemissionmixin___compute_return_type'vc.
Prover result is: Valid (0.01s, 7937 steps).

File "/home/fabrice/git/pycsl/scratchpad/tmp/.pycsl_te8_arn7.mlw", line 2067, characters 15-19:
Sub-goal postcondition of goal functionemissionmixin___compute_return_type'vc.
Prover result is: Valid (0.00s, 8217 steps).

File "/home/fabrice/git/pycsl/scratchpad/tmp/.pycsl_te8_arn7.mlw", line 2067, characters 15-19:
Sub-goal postcondition of goal functionemissionmixin___compute_return_type'vc.
Prover result is: Valid (0.00s, 8171 steps).

File "/home/fabrice/git/pycsl/scratchpad/tmp/.pycsl_te8_arn7.mlw", line 2067, characters 15-19:
Sub-goal postcondition of goal functionemissionmixin___compute_return_type'vc.
Prover result is: Valid (0.01s, 8202 steps).

File "/home/fabrice/git/pycsl/scratchpad/tmp/.pycsl_te8_arn7.mlw", line 2067, characters 15-19:
Sub-goal postcondition of goal functionemissionmixin___compute_return_type'vc.
Prover result is: Valid (0.01s, 8156 steps).

File "/home/fabrice/git/pycsl/scratchpad/tmp/.pycsl_te8_arn7.mlw", line 2195, characters 81-133:
Sub-goal variant decrease of goal functionemissionmixin___compute_scope_sets__gfp'vc.
Prover result is: Valid (0.01s, 15148 steps).

File "/home/fabrice/git/pycsl/scratchpad/tmp/.pycsl_te8_arn7.mlw", line 2196, characters 24-76:
Sub-goal variant decrease of goal functionemissionmixin___compute_scope_sets__gfp'vc.
Prover result is: Valid (0.01s, 15420 steps).

File "/home/fabrice/git/pycsl/scratchpad/tmp/.pycsl_te8_arn7.mlw", line 2203, characters 24-78:
Sub-goal variant decrease of goal functionemissionmixin___compute_scope_sets__gbody'vc.
Prover result is: Valid (0.01s, 15432 steps).

File "/home/fabrice/git/pycsl/scratchpad/tmp/.pycsl_te8_arn7.mlw", line 2209, characters 79-133:
Sub-goal variant decrease of goal functionemissionmixin___compute_scope_sets__gstmt'vc.
Prover result is: Valid (0.01s, 15164 steps).

File "/home/fabrice/git/pycsl/scratchpad/tmp/.pycsl_te8_arn7.mlw", line 2210, characters 24-78:
Sub-goal variant decrease of goal functionemissionmixin___compute_scope_sets__gstmt'vc.
Prover result is: Valid (0.00s, 15436 steps).

File "/home/fabrice/git/pycsl/scratchpad/tmp/.pycsl_te8_arn7.mlw", line 2210, characters 24-78:
Sub-goal variant decrease of goal functionemissionmixin___compute_scope_sets__gstmt'vc.
Prover result is: Valid (0.00s, 15300 steps).

File "/home/fabrice/git/pycsl/scratchpad/tmp/.pycsl_te8_arn7.mlw", line 2217, characters 24-80:
Sub-goal variant decrease of goal functionemissionmixin___compute_scope_sets__gtarget'vc.
Prover result is: Valid (0.01s, 15448 steps).

File "/home/fabrice/git/pycsl/scratchpad/tmp/.pycsl_te8_arn7.mlw", line 2217, characters 24-80:
Sub-goal variant decrease of goal functionemissionmixin___compute_scope_sets__gtarget'vc.
Prover result is: Valid (0.01s, 15300 steps).

File "/home/fabrice/git/pycsl/scratchpad/tmp/.pycsl_te8_arn7.mlw", line 2222, characters 50-104:
Sub-goal variant decrease of goal functionemissionmixin___compute_scope_sets__params'vc.
Prover result is: Valid (0.01s, 59992 steps).

File "/home/fabrice/git/pycsl/scratchpad/tmp/.pycsl_te8_arn7.mlw", line 2222, characters 50-104:
Sub-goal precondition of goal functionemissionmixin___compute_scope_sets__params'vc.
Prover result is: Valid (0.01s, 5271 steps).

File "/home/fabrice/git/pycsl/scratchpad/tmp/.pycsl_te8_arn7.mlw", line 2222, characters 114-166:
Sub-goal variant decrease of goal functionemissionmixin___compute_scope_sets__params'vc.
Prover result is: Valid (0.01s, 55944 steps).

File "/home/fabrice/git/pycsl/scratchpad/tmp/.pycsl_te8_arn7.mlw", line 2222, characters 114-166:
Sub-goal precondition of goal functionemissionmixin___compute_scope_sets__params'vc.
Prover result is: Valid (0.00s, 5336 steps).

File "/home/fabrice/git/pycsl/scratchpad/tmp/.pycsl_te8_arn7.mlw", line 2220, characters 32-36:
Sub-goal postcondition of goal functionemissionmixin___compute_scope_sets__params'vc.
Prover result is: Valid (0.00s, 5315 steps).

File "/home/fabrice/git/pycsl/scratchpad/tmp/.pycsl_te8_arn7.mlw", line 2233, characters 124-176:
Sub-goal variant decrease of goal functionemissionmixin___compute_scope_sets__must'vc.
Prover result is: Valid (0.01s, 60307 steps).

File "/home/fabrice/git/pycsl/scratchpad/tmp/.pycsl_te8_arn7.mlw", line 2233, characters 124-176:
Sub-goal precondition of goal functionemissionmixin___compute_scope_sets__must'vc.
Prover result is: Valid (0.01s, 5286 steps).

File "/home/fabrice/git/pycsl/scratchpad/tmp/.pycsl_te8_arn7.mlw", line 2234, characters 50-100:
Sub-goal variant decrease of goal functionemissionmixin___compute_scope_sets__must'vc.
Prover result is: Valid (0.01s, 60307 steps).

File "/home/fabrice/git/pycsl/scratchpad/tmp/.pycsl_te8_arn7.mlw", line 2234, characters 50-100:
Sub-goal precondition of goal functionemissionmixin___compute_scope_sets__must'vc.
Prover result is: Valid (0.00s, 5286 steps).

File "/home/fabrice/git/pycsl/scratchpad/tmp/.pycsl_te8_arn7.mlw", line 2235, characters 42-92:
Sub-goal variant decrease of goal functionemissionmixin___compute_scope_sets__must'vc.
Prover result is: Valid (0.01s, 62634 steps).

File "/home/fabrice/git/pycsl/scratchpad/tmp/.pycsl_te8_arn7.mlw", line 2235, characters 42-92:
Sub-goal precondition of goal functionemissionmixin___compute_scope_sets__must'vc.
Prover result is: Valid (0.01s, 5305 steps).

File "/home/fabrice/git/pycsl/scratchpad/tmp/.pycsl_te8_arn7.mlw", line 2236, characters 33-83:
Sub-goal variant decrease of goal functionemissionmixin___compute_scope_sets__must'vc.
Prover result is: Valid (0.01s, 60193 steps).

File "/home/fabrice/git/pycsl/scratchpad/tmp/.pycsl_te8_arn7.mlw", line 2236, characters 33-83:
Sub-goal precondition of goal functionemissionmixin___compute_scope_sets__must'vc.
Prover result is: Valid (0.00s, 5271 steps).

File "/home/fabrice/git/pycsl/scratchpad/tmp/.pycsl_te8_arn7.mlw", line 2237, characters 16-66:
Sub-goal variant decrease of goal functionemissionmixin___compute_scope_sets__must'vc.
Prover result is: Valid (0.01s, 55944 steps).

File "/home/fabrice/git/pycsl/scratchpad/tmp/.pycsl_te8_arn7.mlw", line 2237, characters 16-66:
Sub-goal precondition of goal functionemissionmixin___compute_scope_sets__must'vc.
Prover result is: Valid (0.00s, 5336 steps).

File "/home/fabrice/git/pycsl/scratchpad/tmp/.pycsl_te8_arn7.mlw", line 2226, characters 32-36:
Sub-goal postcondition of goal functionemissionmixin___compute_scope_sets__must'vc.
Prover result is: Valid (0.00s, 5315 steps).

File "/home/fabrice/git/pycsl/scratchpad/tmp/.pycsl_te8_arn7.mlw", line 2240, characters 111-164:
Sub-goal variant decrease of goal functionemissionmixin___compute_scope_sets__alist'vc.
Prover result is: Valid (0.01s, 60005 steps).

File "/home/fabrice/git/pycsl/scratchpad/tmp/.pycsl_te8_arn7.mlw", line 2240, characters 111-164:
Sub-goal precondition of goal functionemissionmixin___compute_scope_sets__alist'vc.
Prover result is: Valid (0.01s, 5267 steps).

File "/home/fabrice/git/pycsl/scratchpad/tmp/.pycsl_te8_arn7.mlw", line 2240, characters 60-110:
Sub-goal variant decrease of goal functionemissionmixin___compute_scope_sets__alist'vc.
Prover result is: Valid (0.01s, 61106 steps).

File "/home/fabrice/git/pycsl/scratchpad/tmp/.pycsl_te8_arn7.mlw", line 2240, characters 60-110:
Sub-goal precondition of goal functionemissionmixin___compute_scope_sets__alist'vc.
Prover result is: Valid (0.00s, 5276 steps).

File "/home/fabrice/git/pycsl/scratchpad/tmp/.pycsl_te8_arn7.mlw", line 2239, characters 32-36:
Sub-goal postcondition of goal functionemissionmixin___compute_scope_sets__alist'vc.
Prover result is: Valid (0.00s, 5315 steps).

File "/home/fabrice/git/pycsl/scratchpad/tmp/.pycsl_te8_arn7.mlw", line 2251, characters 23-76:
Sub-goal variant decrease of goal functionemissionmixin___compute_scope_sets__av'vc.
Prover result is: Valid (0.01s, 68380 steps).

File "/home/fabrice/git/pycsl/scratchpad/tmp/.pycsl_te8_arn7.mlw", line 2251, characters 23-76:
Sub-goal precondition of goal functionemissionmixin___compute_scope_sets__av'vc.
Prover result is: Valid (0.01s, 5889 steps).

File "/home/fabrice/git/pycsl/scratchpad/tmp/.pycsl_te8_arn7.mlw", line 2252, characters 18-70:
Sub-goal variant decrease of goal functionemissionmixin___compute_scope_sets__av'vc.
Prover result is: Valid (0.01s, 56796 steps).

File "/home/fabrice/git/pycsl/scratchpad/tmp/.pycsl_te8_arn7.mlw", line 2252, characters 18-70:
Sub-goal precondition of goal functionemissionmixin___compute_scope_sets__av'vc.
Prover result is: Valid (0.01s, 5324 steps).

File "/home/fabrice/git/pycsl/scratchpad/tmp/.pycsl_te8_arn7.mlw", line 2242, characters 32-36:
Sub-goal postcondition of goal functionemissionmixin___compute_scope_sets__av'vc.
Prover result is: Valid (0.01s, 5315 steps).

File "/home/fabrice/git/pycsl/scratchpad/tmp/.pycsl_te8_arn7.mlw", line 2256, characters 118-174:
Sub-goal variant decrease of goal functionemissionmixin___compute_scope_sets__adesc'vc.
Prover result is: Valid (0.01s, 61799 steps).

File "/home/fabrice/git/pycsl/scratchpad/tmp/.pycsl_te8_arn7.mlw", line 2256, characters 118-174:
Sub-goal precondition of goal functionemissionmixin___compute_scope_sets__adesc'vc.
Prover result is: Valid (0.00s, 5324 steps).

File "/home/fabrice/git/pycsl/scratchpad/tmp/.pycsl_te8_arn7.mlw", line 2256, characters 67-117:
Sub-goal variant decrease of goal functionemissionmixin___compute_scope_sets__adesc'vc.
Prover result is: Valid (0.01s, 62876 steps).

File "/home/fabrice/git/pycsl/scratchpad/tmp/.pycsl_te8_arn7.mlw", line 2256, characters 67-117:
Sub-goal precondition of goal functionemissionmixin___compute_scope_sets__adesc'vc.
Prover result is: Valid (0.00s, 5333 steps).

File "/home/fabrice/git/pycsl/scratchpad/tmp/.pycsl_te8_arn7.mlw", line 2255, characters 32-36:
Sub-goal postcondition of goal functionemissionmixin___compute_scope_sets__adesc'vc.
Prover result is: Valid (0.00s, 5315 steps).

File "/home/fabrice/git/pycsl/scratchpad/tmp/.pycsl_te8_arn7.mlw", line 2261, characters 100-154:
Sub-goal precondition of goal functionemissionmixin___compute_scope_sets'vc.
Prover result is: Valid (0.00s, 5324 steps).

File "/home/fabrice/git/pycsl/scratchpad/tmp/.pycsl_te8_arn7.mlw", line 2263, characters 81-133:
Sub-goal precondition of goal functionemissionmixin___compute_scope_sets'vc.
Prover result is: Valid (0.01s, 5867 steps).

File "/home/fabrice/git/pycsl/scratchpad/tmp/.pycsl_te8_arn7.mlw", line 2263, characters 26-79:
Sub-goal precondition of goal functionemissionmixin___compute_scope_sets'vc.
Prover result is: Valid (0.00s, 5867 steps).

File "/home/fabrice/git/pycsl/scratchpad/tmp/.pycsl_te8_arn7.mlw", line 2258, characters 32-36:
Sub-goal postcondition of goal functionemissionmixin___compute_scope_sets'vc.
Prover result is: Valid (0.00s, 5315 steps).

File "/home/fabrice/git/pycsl/scratchpad/tmp/.pycsl_te8_arn7.mlw", line 2288, characters 68-129:
Sub-goal variant decrease of goal functionemissionmixin___first_tuple_return_elts__gk'vc.
Prover result is: Valid (0.01s, 15148 steps).

File "/home/fabrice/git/pycsl/scratchpad/tmp/.pycsl_te8_arn7.mlw", line 2289, characters 24-85:
Sub-goal variant decrease of goal functionemissionmixin___first_tuple_return_elts__gk'vc.
Prover result is: Valid (0.01s, 15420 steps).

File "/home/fabrice/git/pycsl/scratchpad/tmp/.pycsl_te8_arn7.mlw", line 2302, characters 22-90:
Sub-goal variant decrease of goal functionemissionmixin___first_tuple_return_elts'vc.
Prover result is: Valid (0.01s, 62988 steps).

File "/home/fabrice/git/pycsl/scratchpad/tmp/.pycsl_te8_arn7.mlw", line 2302, characters 22-90:
Sub-goal precondition of goal functionemissionmixin___first_tuple_return_elts'vc.
Prover result is: Valid (0.00s, 5614 steps).

File "/home/fabrice/git/pycsl/scratchpad/tmp/.pycsl_te8_arn7.mlw", line 2302, characters 130-200:
Sub-goal variant decrease of goal functionemissionmixin___first_tuple_return_elts'vc.
Prover result is: Valid (0.01s, 63250 steps).

File "/home/fabrice/git/pycsl/scratchpad/tmp/.pycsl_te8_arn7.mlw", line 2302, characters 130-200:
Sub-goal precondition of goal functionemissionmixin___first_tuple_return_elts'vc.
Prover result is: Valid (0.01s, 5625 steps).

File "/home/fabrice/git/pycsl/scratchpad/tmp/.pycsl_te8_arn7.mlw", line 2302, characters 240-316:
Sub-goal variant decrease of goal functionemissionmixin___first_tuple_return_elts'vc.
Prover result is: Valid (0.01s, 63510 steps).

File "/home/fabrice/git/pycsl/scratchpad/tmp/.pycsl_te8_arn7.mlw", line 2302, characters 240-316:
Sub-goal precondition of goal functionemissionmixin___first_tuple_return_elts'vc.
Prover result is: Valid (0.01s, 5634 steps).

File "/home/fabrice/git/pycsl/scratchpad/tmp/.pycsl_te8_arn7.mlw", line 2302, characters 349-401:
Sub-goal variant decrease of goal functionemissionmixin___first_tuple_return_elts'vc.
Prover result is: Valid (0.01s, 63420 steps).

File "/home/fabrice/git/pycsl/scratchpad/tmp/.pycsl_te8_arn7.mlw", line 2302, characters 349-401:
Sub-goal precondition of goal functionemissionmixin___first_tuple_return_elts'vc.
Prover result is: Valid (0.01s, 5634 steps).

File "/home/fabrice/git/pycsl/scratchpad/tmp/.pycsl_te8_arn7.mlw", line 2303, characters 16-68:
Sub-goal variant decrease of goal functionemissionmixin___first_tuple_return_elts'vc.
Prover result is: Valid (0.01s, 55944 steps).

File "/home/fabrice/git/pycsl/scratchpad/tmp/.pycsl_te8_arn7.mlw", line 2303, characters 16-68:
Sub-goal precondition of goal functionemissionmixin___first_tuple_return_elts'vc.
Prover result is: Valid (0.00s, 5336 steps).

File "/home/fabrice/git/pycsl/scratchpad/tmp/.pycsl_te8_arn7.mlw", line 2291, characters 32-36:
Sub-goal postcondition of goal functionemissionmixin___first_tuple_return_elts'vc.
Prover result is: Valid (0.01s, 5315 steps).

File "/home/fabrice/git/pycsl/scratchpad/tmp/.pycsl_te8_arn7.mlw", line 2311, characters 42-111:
Sub-goal variant decrease of goal functionemissionmixin___first_tuple_return_elts__cases'vc.
Prover result is: Valid (0.01s, 60268 steps).

File "/home/fabrice/git/pycsl/scratchpad/tmp/.pycsl_te8_arn7.mlw", line 2311, characters 42-111:
Sub-goal precondition of goal functionemissionmixin___first_tuple_return_elts__cases'vc.
Prover result is: Valid (0.01s, 5284 steps).

File "/home/fabrice/git/pycsl/scratchpad/tmp/.pycsl_te8_arn7.mlw", line 2311, characters 144-203:
Sub-goal variant decrease of goal functionemissionmixin___first_tuple_return_elts__cases'vc.
Prover result is: Valid (0.01s, 60176 steps).

File "/home/fabrice/git/pycsl/scratchpad/tmp/.pycsl_te8_arn7.mlw", line 2311, characters 144-203:
Sub-goal precondition of goal functionemissionmixin___first_tuple_return_elts__cases'vc.
Prover result is: Valid (0.00s, 5284 steps).

File "/home/fabrice/git/pycsl/scratchpad/tmp/.pycsl_te8_arn7.mlw", line 2312, characters 17-76:
Sub-goal variant decrease of goal functionemissionmixin___first_tuple_return_elts__cases'vc.
Prover result is: Valid (0.01s, 55944 steps).

File "/home/fabrice/git/pycsl/scratchpad/tmp/.pycsl_te8_arn7.mlw", line 2312, characters 17-76:
Sub-goal precondition of goal functionemissionmixin___first_tuple_return_elts__cases'vc.
Prover result is: Valid (0.01s, 5336 steps).

File "/home/fabrice/git/pycsl/scratchpad/tmp/.pycsl_te8_arn7.mlw", line 2306, characters 32-36:
Sub-goal postcondition of goal functionemissionmixin___first_tuple_return_elts__cases'vc.
Prover result is: Valid (0.00s, 5315 steps).

File "/home/fabrice/git/pycsl/scratchpad/tmp/.pycsl_te8_arn7.mlw", line 2319, characters 24-76:
Sub-goal variant decrease of goal functionemissionmixin___has_dynamic_exec__gbody'vc.
Prover result is: Valid (0.00s, 15432 steps).

File "/home/fabrice/git/pycsl/scratchpad/tmp/.pycsl_te8_arn7.mlw", line 2326, characters 24-76:
Sub-goal variant decrease of goal functionemissionmixin___has_dynamic_exec__gtype'vc.
Prover result is: Valid (0.01s, 15448 steps).

File "/home/fabrice/git/pycsl/scratchpad/tmp/.pycsl_te8_arn7.mlw", line 2326, characters 24-76:
Sub-goal variant decrease of goal functionemissionmixin___has_dynamic_exec__gtype'vc.
Prover result is: Valid (0.01s, 15300 steps).

File "/home/fabrice/git/pycsl/scratchpad/tmp/.pycsl_te8_arn7.mlw", line 2333, characters 24-76:
Sub-goal variant decrease of goal functionemissionmixin___has_dynamic_exec__gfunc'vc.
Prover result is: Valid (0.00s, 15448 steps).

File "/home/fabrice/git/pycsl/scratchpad/tmp/.pycsl_te8_arn7.mlw", line 2333, characters 24-76:
Sub-goal variant decrease of goal functionemissionmixin___has_dynamic_exec__gfunc'vc.
Prover result is: Valid (0.00s, 15300 steps).

File "/home/fabrice/git/pycsl/scratchpad/tmp/.pycsl_te8_arn7.mlw", line 2341, characters 34-83:
Sub-goal variant decrease of goal functionemissionmixin___has_dynamic_exec__walk'vc.
Prover result is: Valid (0.01s, 63934 steps).

File "/home/fabrice/git/pycsl/scratchpad/tmp/.pycsl_te8_arn7.mlw", line 2341, characters 34-83:
Sub-goal precondition of goal functionemissionmixin___has_dynamic_exec__walk'vc.
Prover result is: Valid (0.01s, 5368 steps).

File "/home/fabrice/git/pycsl/scratchpad/tmp/.pycsl_te8_arn7.mlw", line 2342, characters 18-68:
Sub-goal variant decrease of goal functionemissionmixin___has_dynamic_exec__walk'vc.
Prover result is: Valid (0.01s, 56796 steps).

File "/home/fabrice/git/pycsl/scratchpad/tmp/.pycsl_te8_arn7.mlw", line 2342, characters 18-68:
Sub-goal precondition of goal functionemissionmixin___has_dynamic_exec__walk'vc.
Prover result is: Valid (0.00s, 5324 steps).

File "/home/fabrice/git/pycsl/scratchpad/tmp/.pycsl_te8_arn7.mlw", line 2336, characters 32-36:
Sub-goal postcondition of goal functionemissionmixin___has_dynamic_exec__walk'vc.
Prover result is: Valid (0.00s, 5315 steps).

File "/home/fabrice/git/pycsl/scratchpad/tmp/.pycsl_te8_arn7.mlw", line 2350, characters 8-56:
Sub-goal variant decrease of goal functionemissionmixin___has_dynamic_exec__dfold'vc.
Prover result is: Valid (0.02s, 60910 steps).

File "/home/fabrice/git/pycsl/scratchpad/tmp/.pycsl_te8_arn7.mlw", line 2350, characters 8-56:
Sub-goal precondition of goal functionemissionmixin___has_dynamic_exec__dfold'vc.
Prover result is: Valid (0.01s, 5341 steps).

File "/home/fabrice/git/pycsl/scratchpad/tmp/.pycsl_te8_arn7.mlw", line 2350, characters 60-112:
Sub-goal variant decrease of goal functionemissionmixin___has_dynamic_exec__dfold'vc.
Prover result is: Valid (0.01s, 60904 steps).

File "/home/fabrice/git/pycsl/scratchpad/tmp/.pycsl_te8_arn7.mlw", line 2350, characters 60-112:
Sub-goal precondition of goal functionemissionmixin___has_dynamic_exec__dfold'vc.
Prover result is: Valid (0.01s, 5350 steps).

File "/home/fabrice/git/pycsl/scratchpad/tmp/.pycsl_te8_arn7.mlw", line 2346, characters 32-36:
Sub-goal postcondition of goal functionemissionmixin___has_dynamic_exec__dfold'vc.
Prover result is: Valid (0.00s, 5315 steps).

File "/home/fabrice/git/pycsl/scratchpad/tmp/.pycsl_te8_arn7.mlw", line 2354, characters 18-66:
Sub-goal variant decrease of goal functionemissionmixin___has_dynamic_exec__lfold'vc.
Prover result is: Valid (0.01s, 59964 steps).

File "/home/fabrice/git/pycsl/scratchpad/tmp/.pycsl_te8_arn7.mlw", line 2354, characters 18-66:
Sub-goal precondition of goal functionemissionmixin___has_dynamic_exec__lfold'vc.
Prover result is: Valid (0.00s, 5267 steps).

File "/home/fabrice/git/pycsl/scratchpad/tmp/.pycsl_te8_arn7.mlw", line 2354, characters 70-119:
Sub-goal variant decrease of goal functionemissionmixin___has_dynamic_exec__lfold'vc.
Prover result is: Valid (0.01s, 60033 steps).

File "/home/fabrice/git/pycsl/scratchpad/tmp/.pycsl_te8_arn7.mlw", line 2354, characters 70-119:
Sub-goal precondition of goal functionemissionmixin___has_dynamic_exec__lfold'vc.
Prover result is: Valid (0.01s, 5276 steps).

File "/home/fabrice/git/pycsl/scratchpad/tmp/.pycsl_te8_arn7.mlw", line 2352, characters 32-36:
Sub-goal postcondition of goal functionemissionmixin___has_dynamic_exec__lfold'vc.
Prover result is: Valid (0.00s, 5315 steps).

File "/home/fabrice/git/pycsl/scratchpad/tmp/.pycsl_te8_arn7.mlw", line 2358, characters 98-148:
Sub-goal precondition of goal functionemissionmixin___has_dynamic_exec'vc.
Prover result is: Valid (0.00s, 5324 steps).

File "/home/fabrice/git/pycsl/scratchpad/tmp/.pycsl_te8_arn7.mlw", line 2356, characters 32-36:
Sub-goal postcondition of goal functionemissionmixin___has_dynamic_exec'vc.
Prover result is: Valid (0.00s, 5315 steps).

File "/home/fabrice/git/pycsl/scratchpad/tmp/.pycsl_te8_arn7.mlw", line 2363, characters 15-19:
Sub-goal postcondition of goal functionemissionmixin___infer_tuple_slot_type'vc.
Prover result is: Valid (0.00s, 2825 steps).

File "/home/fabrice/git/pycsl/scratchpad/tmp/.pycsl_te8_arn7.mlw", line 2363, characters 15-19:
Sub-goal postcondition of goal functionemissionmixin___infer_tuple_slot_type'vc.
Prover result is: Valid (0.00s, 3042 steps).

File "/home/fabrice/git/pycsl/scratchpad/tmp/.pycsl_te8_arn7.mlw", line 2363, characters 15-19:
Sub-goal postcondition of goal functionemissionmixin___infer_tuple_slot_type'vc.
Prover result is: Valid (0.01s, 3043 steps).

File "/home/fabrice/git/pycsl/scratchpad/tmp/.pycsl_te8_arn7.mlw", line 2363, characters 15-19:
Sub-goal postcondition of goal functionemissionmixin___infer_tuple_slot_type'vc.
Prover result is: Valid (0.00s, 3048 steps).

File "/home/fabrice/git/pycsl/scratchpad/tmp/.pycsl_te8_arn7.mlw", line 2363, characters 15-19:
Sub-goal postcondition of goal functionemissionmixin___infer_tuple_slot_type'vc.
Prover result is: Valid (0.00s, 3051 steps).

File "/home/fabrice/git/pycsl/scratchpad/tmp/.pycsl_te8_arn7.mlw", line 2363, characters 15-19:
Sub-goal postcondition of goal functionemissionmixin___infer_tuple_slot_type'vc.
Prover result is: Valid (0.00s, 3313 steps).

File "/home/fabrice/git/pycsl/scratchpad/tmp/.pycsl_te8_arn7.mlw", line 2363, characters 15-19:
Sub-goal postcondition of goal functionemissionmixin___infer_tuple_slot_type'vc.
Prover result is: Valid (0.00s, 3315 steps).

File "/home/fabrice/git/pycsl/scratchpad/tmp/.pycsl_te8_arn7.mlw", line 2363, characters 15-19:
Sub-goal postcondition of goal functionemissionmixin___infer_tuple_slot_type'vc.
Prover result is: Valid (0.00s, 3318 steps).

File "/home/fabrice/git/pycsl/scratchpad/tmp/.pycsl_te8_arn7.mlw", line 2363, characters 15-19:
Sub-goal postcondition of goal functionemissionmixin___infer_tuple_slot_type'vc.
Prover result is: Valid (0.01s, 3320 steps).

File "/home/fabrice/git/pycsl/scratchpad/tmp/.pycsl_te8_arn7.mlw", line 2363, characters 15-19:
Sub-goal postcondition of goal functionemissionmixin___infer_tuple_slot_type'vc.
Prover result is: Valid (0.00s, 3321 steps).

File "/home/fabrice/git/pycsl/scratchpad/tmp/.pycsl_te8_arn7.mlw", line 2363, characters 15-19:
Sub-goal postcondition of goal functionemissionmixin___infer_tuple_slot_type'vc.
Prover result is: Valid (0.01s, 3322 steps).

File "/home/fabrice/git/pycsl/scratchpad/tmp/.pycsl_te8_arn7.mlw", line 2363, characters 15-19:
Sub-goal postcondition of goal functionemissionmixin___infer_tuple_slot_type'vc.
Prover result is: Valid (0.00s, 3324 steps).

File "/home/fabrice/git/pycsl/scratchpad/tmp/.pycsl_te8_arn7.mlw", line 2363, characters 15-19:
Sub-goal postcondition of goal functionemissionmixin___infer_tuple_slot_type'vc.
Prover result is: Valid (0.01s, 3325 steps).

File "/home/fabrice/git/pycsl/scratchpad/tmp/.pycsl_te8_arn7.mlw", line 2363, characters 15-19:
Sub-goal postcondition of goal functionemissionmixin___infer_tuple_slot_type'vc.
Prover result is: Valid (0.01s, 3053 steps).

File "/home/fabrice/git/pycsl/scratchpad/tmp/.pycsl_te8_arn7.mlw", line 2363, characters 15-19:
Sub-goal postcondition of goal functionemissionmixin___infer_tuple_slot_type'vc.
Prover result is: Valid (0.01s, 3055 steps).

File "/home/fabrice/git/pycsl/scratchpad/tmp/.pycsl_te8_arn7.mlw", line 2363, characters 15-19:
Sub-goal postcondition of goal functionemissionmixin___infer_tuple_slot_type'vc.
Prover result is: Valid (0.01s, 3096 steps).

File "/home/fabrice/git/pycsl/scratchpad/tmp/.pycsl_te8_arn7.mlw", line 2363, characters 15-19:
Sub-goal postcondition of goal functionemissionmixin___infer_tuple_slot_type'vc.
Prover result is: Valid (0.00s, 3093 steps).

File "/home/fabrice/git/pycsl/scratchpad/tmp/.pycsl_te8_arn7.mlw", line 2363, characters 15-19:
Sub-goal postcondition of goal functionemissionmixin___infer_tuple_slot_type'vc.
Prover result is: Valid (0.00s, 3095 steps).

File "/home/fabrice/git/pycsl/scratchpad/tmp/.pycsl_te8_arn7.mlw", line 2363, characters 15-19:
Sub-goal postcondition of goal functionemissionmixin___infer_tuple_slot_type'vc.
Prover result is: Valid (0.00s, 3097 steps).

File "/home/fabrice/git/pycsl/scratchpad/tmp/.pycsl_te8_arn7.mlw", line 2363, characters 15-19:
Sub-goal postcondition of goal functionemissionmixin___infer_tuple_slot_type'vc.
Prover result is: Valid (0.01s, 3098 steps).

File "/home/fabrice/git/pycsl/scratchpad/tmp/.pycsl_te8_arn7.mlw", line 2363, characters 15-19:
Sub-goal postcondition of goal functionemissionmixin___infer_tuple_slot_type'vc.
Prover result is: Valid (0.00s, 3058 steps).

File "/home/fabrice/git/pycsl/scratchpad/tmp/.pycsl_te8_arn7.mlw", line 2363, characters 15-19:
Sub-goal postcondition of goal functionemissionmixin___infer_tuple_slot_type'vc.
Prover result is: Valid (0.01s, 3306 steps).

File "/home/fabrice/git/pycsl/scratchpad/tmp/.pycsl_te8_arn7.mlw", line 2363, characters 15-19:
Sub-goal postcondition of goal functionemissionmixin___infer_tuple_slot_type'vc.
Prover result is: Valid (0.01s, 3308 steps).

File "/home/fabrice/git/pycsl/scratchpad/tmp/.pycsl_te8_arn7.mlw", line 2363, characters 15-19:
Sub-goal postcondition of goal functionemissionmixin___infer_tuple_slot_type'vc.
Prover result is: Valid (0.00s, 3311 steps).

File "/home/fabrice/git/pycsl/scratchpad/tmp/.pycsl_te8_arn7.mlw", line 2363, characters 15-19:
Sub-goal postcondition of goal functionemissionmixin___infer_tuple_slot_type'vc.
Prover result is: Valid (0.00s, 3313 steps).

File "/home/fabrice/git/pycsl/scratchpad/tmp/.pycsl_te8_arn7.mlw", line 2363, characters 15-19:
Sub-goal postcondition of goal functionemissionmixin___infer_tuple_slot_type'vc.
Prover result is: Valid (0.00s, 3314 steps).

File "/home/fabrice/git/pycsl/scratchpad/tmp/.pycsl_te8_arn7.mlw", line 2363, characters 15-19:
Sub-goal postcondition of goal functionemissionmixin___infer_tuple_slot_type'vc.
Prover result is: Valid (0.01s, 3315 steps).

File "/home/fabrice/git/pycsl/scratchpad/tmp/.pycsl_te8_arn7.mlw", line 2363, characters 15-19:
Sub-goal postcondition of goal functionemissionmixin___infer_tuple_slot_type'vc.
Prover result is: Valid (0.01s, 3317 steps).

File "/home/fabrice/git/pycsl/scratchpad/tmp/.pycsl_te8_arn7.mlw", line 2363, characters 15-19:
Sub-goal postcondition of goal functionemissionmixin___infer_tuple_slot_type'vc.
Prover result is: Valid (0.00s, 3318 steps).

File "/home/fabrice/git/pycsl/scratchpad/tmp/.pycsl_te8_arn7.mlw", line 2363, characters 15-19:
Sub-goal postcondition of goal functionemissionmixin___infer_tuple_slot_type'vc.
Prover result is: Valid (0.00s, 3046 steps).

File "/home/fabrice/git/pycsl/scratchpad/tmp/.pycsl_te8_arn7.mlw", line 2363, characters 15-19:
Sub-goal postcondition of goal functionemissionmixin___infer_tuple_slot_type'vc.
Prover result is: Valid (0.00s, 3048 steps).

File "/home/fabrice/git/pycsl/scratchpad/tmp/.pycsl_te8_arn7.mlw", line 2363, characters 15-19:
Sub-goal postcondition of goal functionemissionmixin___infer_tuple_slot_type'vc.
Prover result is: Valid (0.01s, 3089 steps).

File "/home/fabrice/git/pycsl/scratchpad/tmp/.pycsl_te8_arn7.mlw", line 2363, characters 15-19:
Sub-goal postcondition of goal functionemissionmixin___infer_tuple_slot_type'vc.
Prover result is: Valid (0.00s, 3086 steps).

File "/home/fabrice/git/pycsl/scratchpad/tmp/.pycsl_te8_arn7.mlw", line 2363, characters 15-19:
Sub-goal postcondition of goal functionemissionmixin___infer_tuple_slot_type'vc.
Prover result is: Valid (0.00s, 3088 steps).

File "/home/fabrice/git/pycsl/scratchpad/tmp/.pycsl_te8_arn7.mlw", line 2363, characters 15-19:
Sub-goal postcondition of goal functionemissionmixin___infer_tuple_slot_type'vc.
Prover result is: Valid (0.00s, 3090 steps).

File "/home/fabrice/git/pycsl/scratchpad/tmp/.pycsl_te8_arn7.mlw", line 2363, characters 15-19:
Sub-goal postcondition of goal functionemissionmixin___infer_tuple_slot_type'vc.
Prover result is: Valid (0.01s, 3091 steps).

File "/home/fabrice/git/pycsl/scratchpad/tmp/.pycsl_te8_arn7.mlw", line 2363, characters 15-19:
Sub-goal postcondition of goal functionemissionmixin___infer_tuple_slot_type'vc.
Prover result is: Valid (0.00s, 3051 steps).

File "/home/fabrice/git/pycsl/scratchpad/tmp/.pycsl_te8_arn7.mlw", line 2363, characters 15-19:
Sub-goal postcondition of goal functionemissionmixin___infer_tuple_slot_type'vc.
Prover result is: Valid (0.00s, 3042 steps).

File "/home/fabrice/git/pycsl/scratchpad/tmp/.pycsl_te8_arn7.mlw", line 2363, characters 15-19:
Sub-goal postcondition of goal functionemissionmixin___infer_tuple_slot_type'vc.
Prover result is: Valid (0.00s, 3045 steps).

File "/home/fabrice/git/pycsl/scratchpad/tmp/.pycsl_te8_arn7.mlw", line 2363, characters 15-19:
Sub-goal postcondition of goal functionemissionmixin___infer_tuple_slot_type'vc.
Prover result is: Valid (0.01s, 3307 steps).

File "/home/fabrice/git/pycsl/scratchpad/tmp/.pycsl_te8_arn7.mlw", line 2363, characters 15-19:
Sub-goal postcondition of goal functionemissionmixin___infer_tuple_slot_type'vc.
Prover result is: Valid (0.00s, 3309 steps).

File "/home/fabrice/git/pycsl/scratchpad/tmp/.pycsl_te8_arn7.mlw", line 2363, characters 15-19:
Sub-goal postcondition of goal functionemissionmixin___infer_tuple_slot_type'vc.
Prover result is: Valid (0.00s, 3312 steps).

File "/home/fabrice/git/pycsl/scratchpad/tmp/.pycsl_te8_arn7.mlw", line 2363, characters 15-19:
Sub-goal postcondition of goal functionemissionmixin___infer_tuple_slot_type'vc.
Prover result is: Valid (0.01s, 3314 steps).

File "/home/fabrice/git/pycsl/scratchpad/tmp/.pycsl_te8_arn7.mlw", line 2363, characters 15-19:
Sub-goal postcondition of goal functionemissionmixin___infer_tuple_slot_type'vc.
Prover result is: Valid (0.01s, 3315 steps).

File "/home/fabrice/git/pycsl/scratchpad/tmp/.pycsl_te8_arn7.mlw", line 2363, characters 15-19:
Sub-goal postcondition of goal functionemissionmixin___infer_tuple_slot_type'vc.
Prover result is: Valid (0.00s, 3316 steps).

File "/home/fabrice/git/pycsl/scratchpad/tmp/.pycsl_te8_arn7.mlw", line 2363, characters 15-19:
Sub-goal postcondition of goal functionemissionmixin___infer_tuple_slot_type'vc.
Prover result is: Valid (0.00s, 3318 steps).

File "/home/fabrice/git/pycsl/scratchpad/tmp/.pycsl_te8_arn7.mlw", line 2363, characters 15-19:
Sub-goal postcondition of goal functionemissionmixin___infer_tuple_slot_type'vc.
Prover result is: Valid (0.00s, 3319 steps).

File "/home/fabrice/git/pycsl/scratchpad/tmp/.pycsl_te8_arn7.mlw", line 2363, characters 15-19:
Sub-goal postcondition of goal functionemissionmixin___infer_tuple_slot_type'vc.
Prover result is: Valid (0.00s, 3047 steps).

File "/home/fabrice/git/pycsl/scratchpad/tmp/.pycsl_te8_arn7.mlw", line 2363, characters 15-19:
Sub-goal postcondition of goal functionemissionmixin___infer_tuple_slot_type'vc.
Prover result is: Valid (0.01s, 3049 steps).

File "/home/fabrice/git/pycsl/scratchpad/tmp/.pycsl_te8_arn7.mlw", line 2363, characters 15-19:
Sub-goal postcondition of goal functionemissionmixin___infer_tuple_slot_type'vc.
Prover result is: Valid (0.01s, 3090 steps).

File "/home/fabrice/git/pycsl/scratchpad/tmp/.pycsl_te8_arn7.mlw", line 2363, characters 15-19:
Sub-goal postcondition of goal functionemissionmixin___infer_tuple_slot_type'vc.
Prover result is: Valid (0.01s, 3087 steps).

File "/home/fabrice/git/pycsl/scratchpad/tmp/.pycsl_te8_arn7.mlw", line 2363, characters 15-19:
Sub-goal postcondition of goal functionemissionmixin___infer_tuple_slot_type'vc.
Prover result is: Valid (0.00s, 3089 steps).

File "/home/fabrice/git/pycsl/scratchpad/tmp/.pycsl_te8_arn7.mlw", line 2363, characters 15-19:
Sub-goal postcondition of goal functionemissionmixin___infer_tuple_slot_type'vc.
Prover result is: Valid (0.01s, 3091 steps).

File "/home/fabrice/git/pycsl/scratchpad/tmp/.pycsl_te8_arn7.mlw", line 2363, characters 15-19:
Sub-goal postcondition of goal functionemissionmixin___infer_tuple_slot_type'vc.
Prover result is: Valid (0.01s, 3092 steps).

File "/home/fabrice/git/pycsl/scratchpad/tmp/.pycsl_te8_arn7.mlw", line 2363, characters 15-19:
Sub-goal postcondition of goal functionemissionmixin___infer_tuple_slot_type'vc.
Prover result is: Valid (0.01s, 3052 steps).

File "/home/fabrice/git/pycsl/scratchpad/tmp/.pycsl_te8_arn7.mlw", line 2363, characters 15-19:
Sub-goal postcondition of goal functionemissionmixin___infer_tuple_slot_type'vc.
Prover result is: Valid (0.00s, 6259 steps).

File "/home/fabrice/git/pycsl/scratchpad/tmp/.pycsl_te8_arn7.mlw", line 2363, characters 15-19:
Sub-goal postcondition of goal functionemissionmixin___infer_tuple_slot_type'vc.
Prover result is: Valid (0.00s, 6287 steps).

File "/home/fabrice/git/pycsl/scratchpad/tmp/.pycsl_te8_arn7.mlw", line 2363, characters 15-19:
Sub-goal postcondition of goal functionemissionmixin___infer_tuple_slot_type'vc.
Prover result is: Valid (0.00s, 6364 steps).

File "/home/fabrice/git/pycsl/scratchpad/tmp/.pycsl_te8_arn7.mlw", line 2363, characters 15-19:
Sub-goal postcondition of goal functionemissionmixin___infer_tuple_slot_type'vc.
Prover result is: Valid (0.00s, 6470 steps).

File "/home/fabrice/git/pycsl/scratchpad/tmp/.pycsl_te8_arn7.mlw", line 2363, characters 15-19:
Sub-goal postcondition of goal functionemissionmixin___infer_tuple_slot_type'vc.
Prover result is: Valid (0.00s, 6415 steps).

File "/home/fabrice/git/pycsl/scratchpad/tmp/.pycsl_te8_arn7.mlw", line 2363, characters 15-19:
Sub-goal postcondition of goal functionemissionmixin___infer_tuple_slot_type'vc.
Prover result is: Valid (0.01s, 6432 steps).

File "/home/fabrice/git/pycsl/scratchpad/tmp/.pycsl_te8_arn7.mlw", line 2363, characters 15-19:
Sub-goal postcondition of goal functionemissionmixin___infer_tuple_slot_type'vc.
Prover result is: Valid (0.01s, 6598 steps).

File "/home/fabrice/git/pycsl/scratchpad/tmp/.pycsl_te8_arn7.mlw", line 2363, characters 15-19:
Sub-goal postcondition of goal functionemissionmixin___infer_tuple_slot_type'vc.
Prover result is: Valid (0.01s, 6753 steps).

File "/home/fabrice/git/pycsl/scratchpad/tmp/.pycsl_te8_arn7.mlw", line 2363, characters 15-19:
Sub-goal postcondition of goal functionemissionmixin___infer_tuple_slot_type'vc.
Prover result is: Valid (0.01s, 5813 steps).

File "/home/fabrice/git/pycsl/scratchpad/tmp/.pycsl_te8_arn7.mlw", line 2363, characters 15-19:
Sub-goal postcondition of goal functionemissionmixin___infer_tuple_slot_type'vc.
Prover result is: Valid (0.01s, 6027 steps).

File "/home/fabrice/git/pycsl/scratchpad/tmp/.pycsl_te8_arn7.mlw", line 2363, characters 15-19:
Sub-goal postcondition of goal functionemissionmixin___infer_tuple_slot_type'vc.
Prover result is: Valid (0.00s, 5880 steps).

File "/home/fabrice/git/pycsl/scratchpad/tmp/.pycsl_te8_arn7.mlw", line 2363, characters 15-19:
Sub-goal postcondition of goal functionemissionmixin___infer_tuple_slot_type'vc.
Prover result is: Valid (0.01s, 6025 steps).

File "/home/fabrice/git/pycsl/scratchpad/tmp/.pycsl_te8_arn7.mlw", line 2363, characters 15-19:
Sub-goal postcondition of goal functionemissionmixin___infer_tuple_slot_type'vc.
Prover result is: Valid (0.01s, 6217 steps).

File "/home/fabrice/git/pycsl/scratchpad/tmp/.pycsl_te8_arn7.mlw", line 2363, characters 15-19:
Sub-goal postcondition of goal functionemissionmixin___infer_tuple_slot_type'vc.
Prover result is: Valid (0.00s, 6395 steps).

File "/home/fabrice/git/pycsl/scratchpad/tmp/.pycsl_te8_arn7.mlw", line 2363, characters 15-19:
Sub-goal postcondition of goal functionemissionmixin___infer_tuple_slot_type'vc.
Prover result is: Valid (0.00s, 6622 steps).

File "/home/fabrice/git/pycsl/scratchpad/tmp/.pycsl_te8_arn7.mlw", line 2363, characters 15-19:
Sub-goal postcondition of goal functionemissionmixin___infer_tuple_slot_type'vc.
Prover result is: Valid (0.00s, 6052 steps).

File "/home/fabrice/git/pycsl/scratchpad/tmp/.pycsl_te8_arn7.mlw", line 2477, characters 79-133:
Sub-goal variant decrease of goal functionemissionmixin___returns_string_seq__gstmt'vc.
Prover result is: Valid (0.01s, 15164 steps).

File "/home/fabrice/git/pycsl/scratchpad/tmp/.pycsl_te8_arn7.mlw", line 2478, characters 24-78:
Sub-goal variant decrease of goal functionemissionmixin___returns_string_seq__gstmt'vc.
Prover result is: Valid (0.01s, 15436 steps).

File "/home/fabrice/git/pycsl/scratchpad/tmp/.pycsl_te8_arn7.mlw", line 2478, characters 24-78:
Sub-goal variant decrease of goal functionemissionmixin___returns_string_seq__gstmt'vc.
Prover result is: Valid (0.01s, 15300 steps).

File "/home/fabrice/git/pycsl/scratchpad/tmp/.pycsl_te8_arn7.mlw", line 2485, characters 24-77:
Sub-goal variant decrease of goal functionemissionmixin___returns_string_seq__gval'vc.
Prover result is: Valid (0.01s, 15432 steps).

File "/home/fabrice/git/pycsl/scratchpad/tmp/.pycsl_te8_arn7.mlw", line 2492, characters 24-78:
Sub-goal variant decrease of goal functionemissionmixin___returns_string_seq__gtype'vc.
Prover result is: Valid (0.01s, 15448 steps).

File "/home/fabrice/git/pycsl/scratchpad/tmp/.pycsl_te8_arn7.mlw", line 2492, characters 24-78:
Sub-goal variant decrease of goal functionemissionmixin___returns_string_seq__gtype'vc.
Prover result is: Valid (0.01s, 15300 steps).

File "/home/fabrice/git/pycsl/scratchpad/tmp/.pycsl_te8_arn7.mlw", line 2499, characters 24-78:
Sub-goal variant decrease of goal functionemissionmixin___returns_string_seq__gname'vc.
Prover result is: Valid (0.01s, 15448 steps).

File "/home/fabrice/git/pycsl/scratchpad/tmp/.pycsl_te8_arn7.mlw", line 2499, characters 24-78:
Sub-goal variant decrease of goal functionemissionmixin___returns_string_seq__gname'vc.
Prover result is: Valid (0.01s, 15300 steps).

File "/home/fabrice/git/pycsl/scratchpad/tmp/.pycsl_te8_arn7.mlw", line 2505, characters 73-128:
Sub-goal variant decrease of goal functionemissionmixin___returns_string_seq__gsv'vc.
Prover result is: Valid (0.00s, 15164 steps).

File "/home/fabrice/git/pycsl/scratchpad/tmp/.pycsl_te8_arn7.mlw", line 2506, characters 24-79:
Sub-goal variant decrease of goal functionemissionmixin___returns_string_seq__gsv'vc.
Prover result is: Valid (0.01s, 15436 steps).

File "/home/fabrice/git/pycsl/scratchpad/tmp/.pycsl_te8_arn7.mlw", line 2506, characters 24-79:
Sub-goal variant decrease of goal functionemissionmixin___returns_string_seq__gsv'vc.
Prover result is: Valid (0.00s, 15300 steps).

File "/home/fabrice/git/pycsl/scratchpad/tmp/.pycsl_te8_arn7.mlw", line 2510, characters 32-36:
Sub-goal postcondition of goal functionemissionmixin___returns_string_seq__leaf'vc.
Prover result is: Valid (0.00s, 5315 steps).

File "/home/fabrice/git/pycsl/scratchpad/tmp/.pycsl_te8_arn7.mlw", line 2510, characters 32-36:
Sub-goal postcondition of goal functionemissionmixin___returns_string_seq__leaf'vc.
Prover result is: Valid (0.00s, 5315 steps).

File "/home/fabrice/git/pycsl/scratchpad/tmp/.pycsl_te8_arn7.mlw", line 2522, characters 17-71:
Sub-goal precondition of goal functionemissionmixin___returns_string_seq__v'vc.
Prover result is: Valid (0.00s, 5324 steps).

File "/home/fabrice/git/pycsl/scratchpad/tmp/.pycsl_te8_arn7.mlw", line 2522, characters 75-130:
Sub-goal variant decrease of goal functionemissionmixin___returns_string_seq__v'vc.
Prover result is: Valid (0.01s, 56824 steps).

File "/home/fabrice/git/pycsl/scratchpad/tmp/.pycsl_te8_arn7.mlw", line 2522, characters 75-130:
Sub-goal precondition of goal functionemissionmixin___returns_string_seq__v'vc.
Prover result is: Valid (0.00s, 5333 steps).

File "/home/fabrice/git/pycsl/scratchpad/tmp/.pycsl_te8_arn7.mlw", line 2523, characters 18-74:
Sub-goal variant decrease of goal functionemissionmixin___returns_string_seq__v'vc.
Prover result is: Valid (0.01s, 56796 steps).

File "/home/fabrice/git/pycsl/scratchpad/tmp/.pycsl_te8_arn7.mlw", line 2523, characters 18-74:
Sub-goal precondition of goal functionemissionmixin___returns_string_seq__v'vc.
Prover result is: Valid (0.01s, 5324 steps).

File "/home/fabrice/git/pycsl/scratchpad/tmp/.pycsl_te8_arn7.mlw", line 2520, characters 32-36:
Sub-goal postcondition of goal functionemissionmixin___returns_string_seq__v'vc.
Prover result is: Valid (0.01s, 5315 steps).

File "/home/fabrice/git/pycsl/scratchpad/tmp/.pycsl_te8_arn7.mlw", line 2531, characters 8-59:
Sub-goal variant decrease of goal functionemissionmixin___returns_string_seq__dfold'vc.
Prover result is: Valid (0.01s, 60910 steps).

File "/home/fabrice/git/pycsl/scratchpad/tmp/.pycsl_te8_arn7.mlw", line 2531, characters 8-59:
Sub-goal precondition of goal functionemissionmixin___returns_string_seq__dfold'vc.
Prover result is: Valid (0.01s, 5341 steps).

File "/home/fabrice/git/pycsl/scratchpad/tmp/.pycsl_te8_arn7.mlw", line 2531, characters 63-121:
Sub-goal variant decrease of goal functionemissionmixin___returns_string_seq__dfold'vc.
Prover result is: Valid (0.01s, 60904 steps).

File "/home/fabrice/git/pycsl/scratchpad/tmp/.pycsl_te8_arn7.mlw", line 2531, characters 63-121:
Sub-goal precondition of goal functionemissionmixin___returns_string_seq__dfold'vc.
Prover result is: Valid (0.00s, 5350 steps).

File "/home/fabrice/git/pycsl/scratchpad/tmp/.pycsl_te8_arn7.mlw", line 2527, characters 32-36:
Sub-goal postcondition of goal functionemissionmixin___returns_string_seq__dfold'vc.
Prover result is: Valid (0.00s, 5315 steps).

File "/home/fabrice/git/pycsl/scratchpad/tmp/.pycsl_te8_arn7.mlw", line 2535, characters 18-69:
Sub-goal variant decrease of goal functionemissionmixin___returns_string_seq__lfold'vc.
Prover result is: Valid (0.01s, 59964 steps).

File "/home/fabrice/git/pycsl/scratchpad/tmp/.pycsl_te8_arn7.mlw", line 2535, characters 18-69:
Sub-goal precondition of goal functionemissionmixin___returns_string_seq__lfold'vc.
Prover result is: Valid (0.00s, 5267 steps).

File "/home/fabrice/git/pycsl/scratchpad/tmp/.pycsl_te8_arn7.mlw", line 2535, characters 73-128:
Sub-goal variant decrease of goal functionemissionmixin___returns_string_seq__lfold'vc.
Prover result is: Valid (0.01s, 60033 steps).

File "/home/fabrice/git/pycsl/scratchpad/tmp/.pycsl_te8_arn7.mlw", line 2535, characters 73-128:
Sub-goal precondition of goal functionemissionmixin___returns_string_seq__lfold'vc.
Prover result is: Valid (0.00s, 5276 steps).

File "/home/fabrice/git/pycsl/scratchpad/tmp/.pycsl_te8_arn7.mlw", line 2533, characters 32-36:
Sub-goal postcondition of goal functionemissionmixin___returns_string_seq__lfold'vc.
Prover result is: Valid (0.00s, 5315 steps).

File "/home/fabrice/git/pycsl/scratchpad/tmp/.pycsl_te8_arn7.mlw", line 2540, characters 18-74:
Sub-goal precondition of goal functionemissionmixin___returns_string_seq'vc.
Prover result is: Valid (0.00s, 5324 steps).

File "/home/fabrice/git/pycsl/scratchpad/tmp/.pycsl_te8_arn7.mlw", line 2537, characters 32-36:
Sub-goal postcondition of goal functionemissionmixin___returns_string_seq'vc.
Prover result is: Valid (0.01s, 5315 steps).

File "/home/fabrice/git/pycsl/scratchpad/tmp/.pycsl_te8_arn7.mlw", line 2545, characters 15-19:
Sub-goal postcondition of goal functionemissionmixin___symtype_to_whyml'vc.
Prover result is: Valid (0.00s, 5390 steps).

File "/home/fabrice/git/pycsl/scratchpad/tmp/.pycsl_te8_arn7.mlw", line 2545, characters 15-19:
Sub-goal postcondition of goal functionemissionmixin___symtype_to_whyml'vc.
Prover result is: Valid (0.00s, 5502 steps).

File "/home/fabrice/git/pycsl/scratchpad/tmp/.pycsl_te8_arn7.mlw", line 2545, characters 15-19:
Sub-goal postcondition of goal functionemissionmixin___symtype_to_whyml'vc.
Prover result is: Valid (0.00s, 5588 steps).

File "/home/fabrice/git/pycsl/scratchpad/tmp/.pycsl_te8_arn7.mlw", line 2545, characters 15-19:
Sub-goal postcondition of goal functionemissionmixin___symtype_to_whyml'vc.
Prover result is: Valid (0.01s, 5794 steps).

File "/home/fabrice/git/pycsl/scratchpad/tmp/.pycsl_te8_arn7.mlw", line 2545, characters 15-19:
Sub-goal postcondition of goal functionemissionmixin___symtype_to_whyml'vc.
Prover result is: Valid (0.00s, 5948 steps).

File "/home/fabrice/git/pycsl/scratchpad/tmp/.pycsl_te8_arn7.mlw", line 2545, characters 15-19:
Sub-goal postcondition of goal functionemissionmixin___symtype_to_whyml'vc.
Prover result is: Valid (0.00s, 5984 steps).

File "/home/fabrice/git/pycsl/scratchpad/tmp/.pycsl_te8_arn7.mlw", line 2545, characters 15-19:
Sub-goal postcondition of goal functionemissionmixin___symtype_to_whyml'vc.
Prover result is: Valid (0.00s, 6092 steps).

File "/home/fabrice/git/pycsl/scratchpad/tmp/.pycsl_te8_arn7.mlw", line 2545, characters 15-19:
Sub-goal postcondition of goal functionemissionmixin___symtype_to_whyml'vc.
Prover result is: Valid (0.00s, 6299 steps).

File "/home/fabrice/git/pycsl/scratchpad/tmp/.pycsl_te8_arn7.mlw", line 2579, characters 22-73:
Sub-goal goal of goal functionemissionmixin___symtype_to_whyml__union_arm_Arm_3_0_inj.
Prover result is: Valid (0.01s, 5329 steps).

File "/home/fabrice/git/pycsl/scratchpad/tmp/.pycsl_te8_arn7.mlw", line 2581, characters 70-75:
Sub-goal goal of goal functionemissionmixin___symtype_to_whyml__union_arm_Arm_3_0_proj.
Prover result is: Valid (0.00s, 5324 steps).

File "/home/fabrice/git/pycsl/scratchpad/tmp/.pycsl_te8_arn7.mlw", line 2585, characters 15-19:
Sub-goal postcondition of goal functionemissionmixin___union_arm_whyml_type'vc.
Prover result is: Valid (0.00s, 5315 steps).

Warnings/Errors from Why3:
Warning, file "/home/fabrice/git/pycsl/scratchpad/tmp/.pycsl_te8_arn7.mlw", line 337, characters 42-44: unused variable m0
Warning, file "/home/fabrice/git/pycsl/scratchpad/tmp/.pycsl_te8_arn7.mlw", line 337, characters 59-61: unused variable p0
Warning, file "/home/fabrice/git/pycsl/scratchpad/tmp/.pycsl_te8_arn7.mlw", line 364, characters 20-23: unused variable sep
Warning, file "/home/fabrice/git/pycsl/scratchpad/tmp/.pycsl_te8_arn7.mlw", line 364, characters 34-36: unused variable xs
Warning, file "/home/fabrice/git/pycsl/scratchpad/tmp/.pycsl_te8_arn7.mlw", line 368, characters 27-30: unused variable sep
Warning, file "/home/fabrice/git/pycsl/scratchpad/tmp/.pycsl_te8_arn7.mlw", line 368, characters 41-42: unused variable i
Warning, file "/home/fabrice/git/pycsl/scratchpad/tmp/.pycsl_te8_arn7.mlw", line 370, characters 20-21: unused variable s
Warning, file "/home/fabrice/git/pycsl/scratchpad/tmp/.pycsl_te8_arn7.mlw", line 370, characters 32-35: unused variable sep
Warning, file "/home/fabrice/git/pycsl/scratchpad/tmp/.pycsl_te8_arn7.mlw", line 440, characters 32-36: unused variable result
Warning, file "/home/fabrice/git/pycsl/scratchpad/tmp/.pycsl_te8_arn7.mlw", line 435, characters 32-36: unused variable result
Warning, file "/home/fabrice/git/pycsl/scratchpad/tmp/.pycsl_te8_arn7.mlw", line 418, characters 32-36: unused variable result
Warning, file "/home/fabrice/git/pycsl/scratchpad/tmp/.pycsl_te8_arn7.mlw", line 467, characters 32-36: unused variable result
Warning, file "/home/fabrice/git/pycsl/scratchpad/tmp/.pycsl_te8_arn7.mlw", line 492, characters 66-70: unused variable self
Warning, file "/home/fabrice/git/pycsl/scratchpad/tmp/.pycsl_te8_arn7.mlw", line 493, characters 32-36: unused variable result
Warning, file "/home/fabrice/git/pycsl/scratchpad/tmp/.pycsl_te8_arn7.mlw", line 498, characters 32-36: unused variable result
Warning, file "/home/fabrice/git/pycsl/scratchpad/tmp/.pycsl_te8_arn7.mlw", line 608, characters 32-36: unused variable result
Warning, file "/home/fabrice/git/pycsl/scratchpad/tmp/.pycsl_te8_arn7.mlw", line 603, characters 32-36: unused variable result
Warning, file "/home/fabrice/git/pycsl/scratchpad/tmp/.pycsl_te8_arn7.mlw", line 567, characters 32-36: unused variable result
Warning, file "/home/fabrice/git/pycsl/scratchpad/tmp/.pycsl_te8_arn7.mlw", line 638, characters 32-36: unused variable result
Warning, file "/home/fabrice/git/pycsl/scratchpad/tmp/.pycsl_te8_arn7.mlw", line 633, characters 32-36: unused variable result
Warning, file "/home/fabrice/git/pycsl/scratchpad/tmp/.pycsl_te8_arn7.mlw", line 616, characters 32-36: unused variable result
Warning, file "/home/fabrice/git/pycsl/scratchpad/tmp/.pycsl_te8_arn7.mlw", line 679, characters 32-36: unused variable result
Warning, file "/home/fabrice/git/pycsl/scratchpad/tmp/.pycsl_te8_arn7.mlw", line 706, characters 74-78: unused variable self
Warning, file "/home/fabrice/git/pycsl/scratchpad/tmp/.pycsl_te8_arn7.mlw", line 707, characters 32-36: unused variable result
Warning, file "/home/fabrice/git/pycsl/scratchpad/tmp/.pycsl_te8_arn7.mlw", line 712, characters 32-36: unused variable result
Warning, file "/home/fabrice/git/pycsl/scratchpad/tmp/.pycsl_te8_arn7.mlw", line 794, characters 32-36: unused variable result
Warning, file "/home/fabrice/git/pycsl/scratchpad/tmp/.pycsl_te8_arn7.mlw", line 789, characters 32-36: unused variable result
Warning, file "/home/fabrice/git/pycsl/scratchpad/tmp/.pycsl_te8_arn7.mlw", line 760, characters 32-36: unused variable result
Warning, file "/home/fabrice/git/pycsl/scratchpad/tmp/.pycsl_te8_arn7.mlw", line 828, characters 32-36: unused variable result
Warning, file "/home/fabrice/git/pycsl/scratchpad/tmp/.pycsl_te8_arn7.mlw", line 854, characters 73-77: unused variable self
Warning, file "/home/fabrice/git/pycsl/scratchpad/tmp/.pycsl_te8_arn7.mlw", line 855, characters 32-36: unused variable result
Warning, file "/home/fabrice/git/pycsl/scratchpad/tmp/.pycsl_te8_arn7.mlw", line 860, characters 32-36: unused variable result
Warning, file "/home/fabrice/git/pycsl/scratchpad/tmp/.pycsl_te8_arn7.mlw", line 922, characters 32-36: unused variable result
Warning, file "/home/fabrice/git/pycsl/scratchpad/tmp/.pycsl_te8_arn7.mlw", line 917, characters 32-36: unused variable result
Warning, file "/home/fabrice/git/pycsl/scratchpad/tmp/.pycsl_te8_arn7.mlw", line 894, characters 32-36: unused variable result
Warning, file "/home/fabrice/git/pycsl/scratchpad/tmp/.pycsl_te8_arn7.mlw", line 956, characters 32-36: unused variable result
Warning, file "/home/fabrice/git/pycsl/scratchpad/tmp/.pycsl_te8_arn7.mlw", line 982, characters 75-79: unused variable self
Warning, file "/home/fabrice/git/pycsl/scratchpad/tmp/.pycsl_te8_arn7.mlw", line 983, characters 32-36: unused variable result
Warning, file "/home/fabrice/git/pycsl/scratchpad/tmp/.pycsl_te8_arn7.mlw", line 1035, characters 32-36: unused variable result
Warning, file "/home/fabrice/git/pycsl/scratchpad/tmp/.pycsl_te8_arn7.mlw", line 1030, characters 32-36: unused variable result
Warning, file "/home/fabrice/git/pycsl/scratchpad/tmp/.pycsl_te8_arn7.mlw", line 1010, characters 32-36: unused variable result
Warning, file "/home/fabrice/git/pycsl/scratchpad/tmp/.pycsl_te8_arn7.mlw", line 1062, characters 32-36: unused variable result
Warning, file "/home/fabrice/git/pycsl/scratchpad/tmp/.pycsl_te8_arn7.mlw", line 1087, characters 69-73: unused variable self
Warning, file "/home/fabrice/git/pycsl/scratchpad/tmp/.pycsl_te8_arn7.mlw", line 1088, characters 32-36: unused variable result
Warning, file "/home/fabrice/git/pycsl/scratchpad/tmp/.pycsl_te8_arn7.mlw", line 1093, characters 32-36: unused variable result
Warning, file "/home/fabrice/git/pycsl/scratchpad/tmp/.pycsl_te8_arn7.mlw", line 1146, characters 32-36: unused variable result
Warning, file "/home/fabrice/git/pycsl/scratchpad/tmp/.pycsl_te8_arn7.mlw", line 1141, characters 32-36: unused variable result
Warning, file "/home/fabrice/git/pycsl/scratchpad/tmp/.pycsl_te8_arn7.mlw", line 1119, characters 32-36: unused variable result
Warning, file "/home/fabrice/git/pycsl/scratchpad/tmp/.pycsl_te8_arn7.mlw", line 1180, characters 32-36: unused variable result
Warning, file "/home/fabrice/git/pycsl/scratchpad/tmp/.pycsl_te8_arn7.mlw", line 1206, characters 69-73: unused variable self
Warning, file "/home/fabrice/git/pycsl/scratchpad/tmp/.pycsl_te8_arn7.mlw", line 1207, characters 32-36: unused variable result
Warning, file "/home/fabrice/git/pycsl/scratchpad/tmp/.pycsl_te8_arn7.mlw", line 1223, characters 32-36: unused variable result
Warning, file "/home/fabrice/git/pycsl/scratchpad/tmp/.pycsl_te8_arn7.mlw", line 1246, characters 60-64: unused variable self
Warning, file "/home/fabrice/git/pycsl/scratchpad/tmp/.pycsl_te8_arn7.mlw", line 1247, characters 32-36: unused variable result
Warning, file "/home/fabrice/git/pycsl/scratchpad/tmp/.pycsl_te8_arn7.mlw", line 1306, characters 70-74: unused variable self
Warning, file "/home/fabrice/git/pycsl/scratchpad/tmp/.pycsl_te8_arn7.mlw", line 1307, characters 32-36: unused variable result
Warning, file "/home/fabrice/git/pycsl/scratchpad/tmp/.pycsl_te8_arn7.mlw", line 1348, characters 32-36: unused variable result
Warning, file "/home/fabrice/git/pycsl/scratchpad/tmp/.pycsl_te8_arn7.mlw", line 1343, characters 32-36: unused variable result
Warning, file "/home/fabrice/git/pycsl/scratchpad/tmp/.pycsl_te8_arn7.mlw", line 1326, characters 32-36: unused variable result
Warning, file "/home/fabrice/git/pycsl/scratchpad/tmp/.pycsl_te8_arn7.mlw", line 1375, characters 32-36: unused variable result
Warning, file "/home/fabrice/git/pycsl/scratchpad/tmp/.pycsl_te8_arn7.mlw", line 1400, characters 63-67: unused variable self
Warning, file "/home/fabrice/git/pycsl/scratchpad/tmp/.pycsl_te8_arn7.mlw", line 1401, characters 32-36: unused variable result
Warning, file "/home/fabrice/git/pycsl/scratchpad/tmp/.pycsl_te8_arn7.mlw", line 1406, characters 32-36: unused variable result
Warning, file "/home/fabrice/git/pycsl/scratchpad/tmp/.pycsl_te8_arn7.mlw", line 1493, characters 32-36: unused variable result
Warning, file "/home/fabrice/git/pycsl/scratchpad/tmp/.pycsl_te8_arn7.mlw", line 1488, characters 32-36: unused variable result
Warning, file "/home/fabrice/git/pycsl/scratchpad/tmp/.pycsl_te8_arn7.mlw", line 1454, characters 32-36: unused variable result
Warning, file "/home/fabrice/git/pycsl/scratchpad/tmp/.pycsl_te8_arn7.mlw", line 1534, characters 32-36: unused variable result
Warning, file "/home/fabrice/git/pycsl/scratchpad/tmp/.pycsl_te8_arn7.mlw", line 1561, characters 69-73: unused variable self
Warning, file "/home/fabrice/git/pycsl/scratchpad/tmp/.pycsl_te8_arn7.mlw", line 1562, characters 32-36: unused variable result
Warning, file "/home/fabrice/git/pycsl/scratchpad/tmp/.pycsl_te8_arn7.mlw", line 1603, characters 32-36: unused variable result
Warning, file "/home/fabrice/git/pycsl/scratchpad/tmp/.pycsl_te8_arn7.mlw", line 1595, characters 32-36: unused variable result
Warning, file "/home/fabrice/git/pycsl/scratchpad/tmp/.pycsl_te8_arn7.mlw", line 1588, characters 32-36: unused variable result
Warning, file "/home/fabrice/git/pycsl/scratchpad/tmp/.pycsl_te8_arn7.mlw", line 1611, characters 15-19: unused variable result
Warning, file "/home/fabrice/git/pycsl/scratchpad/tmp/.pycsl_te8_arn7.mlw", line 1727, characters 32-36: unused variable result
Warning, file "/home/fabrice/git/pycsl/scratchpad/tmp/.pycsl_te8_arn7.mlw", line 1757, characters 32-36: unused variable result
Warning, file "/home/fabrice/git/pycsl/scratchpad/tmp/.pycsl_te8_arn7.mlw", line 1765, characters 32-36: unused variable result
Warning, file "/home/fabrice/git/pycsl/scratchpad/tmp/.pycsl_te8_arn7.mlw", line 1776, characters 32-36: unused variable result
Warning, file "/home/fabrice/git/pycsl/scratchpad/tmp/.pycsl_te8_arn7.mlw", line 1785, characters 60-64: unused variable self
Warning, file "/home/fabrice/git/pycsl/scratchpad/tmp/.pycsl_te8_arn7.mlw", line 1786, characters 32-36: unused variable result
Warning, file "/home/fabrice/git/pycsl/scratchpad/tmp/.pycsl_te8_arn7.mlw", line 1834, characters 32-36: unused variable result
Warning, file "/home/fabrice/git/pycsl/scratchpad/tmp/.pycsl_te8_arn7.mlw", line 1882, characters 55-59: unused variable self
Warning, file "/home/fabrice/git/pycsl/scratchpad/tmp/.pycsl_te8_arn7.mlw", line 1883, characters 32-36: unused variable result
Warning, file "/home/fabrice/git/pycsl/scratchpad/tmp/.pycsl_te8_arn7.mlw", line 1900, characters 8-11: unused variable arg
Warning, file "/home/fabrice/git/pycsl/scratchpad/tmp/.pycsl_te8_arn7.mlw", line 1892, characters 8-23: unused variable param_parts_len
Warning, file "/home/fabrice/git/pycsl/scratchpad/tmp/.pycsl_te8_arn7.mlw", line 1889, characters 15-19: unused variable result
Warning, file "/home/fabrice/git/pycsl/scratchpad/tmp/.pycsl_te8_arn7.mlw", line 1933, characters 53-57: unused variable self
Warning, file "/home/fabrice/git/pycsl/scratchpad/tmp/.pycsl_te8_arn7.mlw", line 1935, characters 15-19: unused variable result
Warning, file "/home/fabrice/git/pycsl/scratchpad/tmp/.pycsl_te8_arn7.mlw", line 1973, characters 32-36: unused variable result
Warning, file "/home/fabrice/git/pycsl/scratchpad/tmp/.pycsl_te8_arn7.mlw", line 2045, characters 32-36: unused variable result
Warning, file "/home/fabrice/git/pycsl/scratchpad/tmp/.pycsl_te8_arn7.mlw", line 2051, characters 32-36: unused variable result
Warning, file "/home/fabrice/git/pycsl/scratchpad/tmp/.pycsl_te8_arn7.mlw", line 2062, characters 53-57: unused variable self
Warning, file "/home/fabrice/git/pycsl/scratchpad/tmp/.pycsl_te8_arn7.mlw", line 2063, characters 32-36: unused variable result
Warning, file "/home/fabrice/git/pycsl/scratchpad/tmp/.pycsl_te8_arn7.mlw", line 2067, characters 15-19: unused variable result
Warning, file "/home/fabrice/git/pycsl/scratchpad/tmp/.pycsl_te8_arn7.mlw", line 2220, characters 32-36: unused variable result
Warning, file "/home/fabrice/git/pycsl/scratchpad/tmp/.pycsl_te8_arn7.mlw", line 2226, characters 32-36: unused variable result
Warning, file "/home/fabrice/git/pycsl/scratchpad/tmp/.pycsl_te8_arn7.mlw", line 2255, characters 32-36: unused variable result
Warning, file "/home/fabrice/git/pycsl/scratchpad/tmp/.pycsl_te8_arn7.mlw", line 2242, characters 32-36: unused variable result
Warning, file "/home/fabrice/git/pycsl/scratchpad/tmp/.pycsl_te8_arn7.mlw", line 2239, characters 32-36: unused variable result
Warning, file "/home/fabrice/git/pycsl/scratchpad/tmp/.pycsl_te8_arn7.mlw", line 2257, characters 50-54: unused variable self
Warning, file "/home/fabrice/git/pycsl/scratchpad/tmp/.pycsl_te8_arn7.mlw", line 2258, characters 32-36: unused variable result
Warning, file "/home/fabrice/git/pycsl/scratchpad/tmp/.pycsl_te8_arn7.mlw", line 2265, characters 46-50: unused variable self
Warning, file "/home/fabrice/git/pycsl/scratchpad/tmp/.pycsl_te8_arn7.mlw", line 2265, characters 76-85: unused variable contracts
Warning, file "/home/fabrice/git/pycsl/scratchpad/tmp/.pycsl_te8_arn7.mlw", line 2265, characters 93-102: unused variable spec_refs
Warning, file "/home/fabrice/git/pycsl/scratchpad/tmp/.pycsl_te8_arn7.mlw", line 2265, characters 110-123: unused variable func_variants
Warning, file "/home/fabrice/git/pycsl/scratchpad/tmp/.pycsl_te8_arn7.mlw", line 2265, characters 137-150: unused variable func_diverges
Warning, file "/home/fabrice/git/pycsl/scratchpad/tmp/.pycsl_te8_arn7.mlw", line 2265, characters 158-173: unused variable func_exceptions
Warning, file "/home/fabrice/git/pycsl/scratchpad/tmp/.pycsl_te8_arn7.mlw", line 2265, characters 181-197: unused variable func_is_noreturn
Warning, file "/home/fabrice/git/pycsl/scratchpad/tmp/.pycsl_te8_arn7.mlw", line 2267, characters 15-19: unused variable result
Warning, file "/home/fabrice/git/pycsl/scratchpad/tmp/.pycsl_te8_arn7.mlw", line 2269, characters 45-49: unused variable self
Warning, file "/home/fabrice/git/pycsl/scratchpad/tmp/.pycsl_te8_arn7.mlw", line 2269, characters 75-79: unused variable func
Warning, file "/home/fabrice/git/pycsl/scratchpad/tmp/.pycsl_te8_arn7.mlw", line 2269, characters 87-95: unused variable scc_info
Warning, file "/home/fabrice/git/pycsl/scratchpad/tmp/.pycsl_te8_arn7.mlw", line 2271, characters 15-19: unused variable result
Warning, file "/home/fabrice/git/pycsl/scratchpad/tmp/.pycsl_te8_arn7.mlw", line 2273, characters 49-53: unused variable self
Warning, file "/home/fabrice/git/pycsl/scratchpad/tmp/.pycsl_te8_arn7.mlw", line 2273, characters 79-83: unused variable name
Warning, file "/home/fabrice/git/pycsl/scratchpad/tmp/.pycsl_te8_arn7.mlw", line 2273, characters 94-102: unused variable args_str
Warning, file "/home/fabrice/git/pycsl/scratchpad/tmp/.pycsl_te8_arn7.mlw", line 2273, characters 113-124: unused variable return_type
Warning, file "/home/fabrice/git/pycsl/scratchpad/tmp/.pycsl_te8_arn7.mlw", line 2273, characters 135-139: unused variable defc
Warning, file "/home/fabrice/git/pycsl/scratchpad/tmp/.pycsl_te8_arn7.mlw", line 2273, characters 147-152: unused variable iface
Warning, file "/home/fabrice/git/pycsl/scratchpad/tmp/.pycsl_te8_arn7.mlw", line 2273, characters 160-169: unused variable spec_refs
Warning, file "/home/fabrice/git/pycsl/scratchpad/tmp/.pycsl_te8_arn7.mlw", line 2275, characters 15-19: unused variable result
Warning, file "/home/fabrice/git/pycsl/scratchpad/tmp/.pycsl_te8_arn7.mlw", line 2277, characters 52-56: unused variable self
Warning, file "/home/fabrice/git/pycsl/scratchpad/tmp/.pycsl_te8_arn7.mlw", line 2277, characters 82-91: unused variable functions
Warning, file "/home/fabrice/git/pycsl/scratchpad/tmp/.pycsl_te8_arn7.mlw", line 2279, characters 15-19: unused variable result
Warning, file "/home/fabrice/git/pycsl/scratchpad/tmp/.pycsl_te8_arn7.mlw", line 2281, characters 49-53: unused variable self
Warning, file "/home/fabrice/git/pycsl/scratchpad/tmp/.pycsl_te8_arn7.mlw", line 2281, characters 79-83: unused variable name
Warning, file "/home/fabrice/git/pycsl/scratchpad/tmp/.pycsl_te8_arn7.mlw", line 2281, characters 94-106: unused variable symbol_table
Warning, file "/home/fabrice/git/pycsl/scratchpad/tmp/.pycsl_te8_arn7.mlw", line 2283, characters 15-19: unused variable result
Warning, file "/home/fabrice/git/pycsl/scratchpad/tmp/.pycsl_te8_arn7.mlw", line 2306, characters 32-36: unused variable result
Warning, file "/home/fabrice/git/pycsl/scratchpad/tmp/.pycsl_te8_arn7.mlw", line 2291, characters 32-36: unused variable result
Warning, file "/home/fabrice/git/pycsl/scratchpad/tmp/.pycsl_te8_arn7.mlw", line 2352, characters 32-36: unused variable result
Warning, file "/home/fabrice/git/pycsl/scratchpad/tmp/.pycsl_te8_arn7.mlw", line 2346, characters 32-36: unused variable result
Warning, file "/home/fabrice/git/pycsl/scratchpad/tmp/.pycsl_te8_arn7.mlw", line 2336, characters 32-36: unused variable result
Warning, file "/home/fabrice/git/pycsl/scratchpad/tmp/.pycsl_te8_arn7.mlw", line 2355, characters 48-52: unused variable self
Warning, file "/home/fabrice/git/pycsl/scratchpad/tmp/.pycsl_te8_arn7.mlw", line 2356, characters 32-36: unused variable result
Warning, file "/home/fabrice/git/pycsl/scratchpad/tmp/.pycsl_te8_arn7.mlw", line 2361, characters 53-57: unused variable self
Warning, file "/home/fabrice/git/pycsl/scratchpad/tmp/.pycsl_te8_arn7.mlw", line 2363, characters 15-19: unused variable result
Warning, file "/home/fabrice/git/pycsl/scratchpad/tmp/.pycsl_te8_arn7.mlw", line 2453, characters 58-62: unused variable self
Warning, file "/home/fabrice/git/pycsl/scratchpad/tmp/.pycsl_te8_arn7.mlw", line 2453, characters 88-97: unused variable functions
Warning, file "/home/fabrice/git/pycsl/scratchpad/tmp/.pycsl_te8_arn7.mlw", line 2455, characters 15-19: unused variable result
Warning, file "/home/fabrice/git/pycsl/scratchpad/tmp/.pycsl_te8_arn7.mlw", line 2457, characters 46-50: unused variable self
Warning, file "/home/fabrice/git/pycsl/scratchpad/tmp/.pycsl_te8_arn7.mlw", line 2457, characters 76-79: unused variable arg
Warning, file "/home/fabrice/git/pycsl/scratchpad/tmp/.pycsl_te8_arn7.mlw", line 2457, characters 90-100: unused variable ref_params
Warning, file "/home/fabrice/git/pycsl/scratchpad/tmp/.pycsl_te8_arn7.mlw", line 2457, characters 115-129: unused variable array2d_params
Warning, file "/home/fabrice/git/pycsl/scratchpad/tmp/.pycsl_te8_arn7.mlw", line 2457, characters 144-158: unused variable array1d_params
Warning, file "/home/fabrice/git/pycsl/scratchpad/tmp/.pycsl_te8_arn7.mlw", line 2457, characters 173-185: unused variable symbol_table
Warning, file "/home/fabrice/git/pycsl/scratchpad/tmp/.pycsl_te8_arn7.mlw", line 2457, characters 200-208: unused variable int_type
Warning, file "/home/fabrice/git/pycsl/scratchpad/tmp/.pycsl_te8_arn7.mlw", line 2459, characters 15-19: unused variable result
Warning, file "/home/fabrice/git/pycsl/scratchpad/tmp/.pycsl_te8_arn7.mlw", line 2461, characters 47-51: unused variable self
Warning, file "/home/fabrice/git/pycsl/scratchpad/tmp/.pycsl_te8_arn7.mlw", line 2461, characters 77-80: unused variable sig
Warning, file "/home/fabrice/git/pycsl/scratchpad/tmp/.pycsl_te8_arn7.mlw", line 2465, characters 54-58: unused variable self
Warning, file "/home/fabrice/git/pycsl/scratchpad/tmp/.pycsl_te8_arn7.mlw", line 2465, characters 84-86: unused variable ov
Warning, file "/home/fabrice/git/pycsl/scratchpad/tmp/.pycsl_te8_arn7.mlw", line 2465, characters 94-100: unused variable sub_fn
Warning, file "/home/fabrice/git/pycsl/scratchpad/tmp/.pycsl_te8_arn7.mlw", line 2465, characters 108-115: unused variable base_fn
Warning, file "/home/fabrice/git/pycsl/scratchpad/tmp/.pycsl_te8_arn7.mlw", line 2467, characters 15-19: unused variable result
Warning, file "/home/fabrice/git/pycsl/scratchpad/tmp/.pycsl_te8_arn7.mlw", line 2469, characters 52-56: unused variable self
Warning, file "/home/fabrice/git/pycsl/scratchpad/tmp/.pycsl_te8_arn7.mlw", line 2469, characters 82-86: unused variable func
Warning, file "/home/fabrice/git/pycsl/scratchpad/tmp/.pycsl_te8_arn7.mlw", line 2469, characters 94-104: unused variable body_stmts
Warning, file "/home/fabrice/git/pycsl/scratchpad/tmp/.pycsl_te8_arn7.mlw", line 2471, characters 15-19: unused variable result
Warning, file "/home/fabrice/git/pycsl/scratchpad/tmp/.pycsl_te8_arn7.mlw", line 2510, characters 32-36: unused variable result
Warning, file "/home/fabrice/git/pycsl/scratchpad/tmp/.pycsl_te8_arn7.mlw", line 2533, characters 32-36: unused variable result
Warning, file "/home/fabrice/git/pycsl/scratchpad/tmp/.pycsl_te8_arn7.mlw", line 2527, characters 32-36: unused variable result
Warning, file "/home/fabrice/git/pycsl/scratchpad/tmp/.pycsl_te8_arn7.mlw", line 2520, characters 32-36: unused variable result
Warning, file "/home/fabrice/git/pycsl/scratchpad/tmp/.pycsl_te8_arn7.mlw", line 2537, characters 32-36: unused variable result
Warning, file "/home/fabrice/git/pycsl/scratchpad/tmp/.pycsl_te8_arn7.mlw", line 2543, characters 48-52: unused variable self
Warning, file "/home/fabrice/git/pycsl/scratchpad/tmp/.pycsl_te8_arn7.mlw", line 2545, characters 15-19: unused variable result
Warning, file "/home/fabrice/git/pycsl/scratchpad/tmp/.pycsl_te8_arn7.mlw", line 2583, characters 52-56: unused variable self
Warning, file "/home/fabrice/git/pycsl/scratchpad/tmp/.pycsl_te8_arn7.mlw", line 2585, characters 15-19: unused variable result
Warning, file "/home/fabrice/git/pycsl/scratchpad/tmp/.pycsl_te8_arn7.mlw", line 337, characters 42-44: unused variable m0
Warning, file "/home/fabrice/git/pycsl/scratchpad/tmp/.pycsl_te8_arn7.mlw", line 337, characters 59-61: unused variable p0
Warning, file "/home/fabrice/git/pycsl/scratchpad/tmp/.pycsl_te8_arn7.mlw", line 364, characters 20-23: unused variable sep
Warning, file "/home/fabrice/git/pycsl/scratchpad/tmp/.pycsl_te8_arn7.mlw", line 364, characters 34-36: unused variable xs
Warning, file "/home/fabrice/git/pycsl/scratchpad/tmp/.pycsl_te8_arn7.mlw", line 368, characters 27-30: unused variable sep
Warning, file "/home/fabrice/git/pycsl/scratchpad/tmp/.pycsl_te8_arn7.mlw", line 368, characters 41-42: unused variable i
Warning, file "/home/fabrice/git/pycsl/scratchpad/tmp/.pycsl_te8_arn7.mlw", line 370, characters 20-21: unused variable s
Warning, file "/home/fabrice/git/pycsl/scratchpad/tmp/.pycsl_te8_arn7.mlw", line 370, characters 32-35: unused variable sep
Warning, file "/home/fabrice/git/pycsl/scratchpad/tmp/.pycsl_te8_arn7.mlw", line 440, characters 32-36: unused variable result
Warning, file "/home/fabrice/git/pycsl/scratchpad/tmp/.pycsl_te8_arn7.mlw", line 435, characters 32-36: unused variable result
Warning, file "/home/fabrice/git/pycsl/scratchpad/tmp/.pycsl_te8_arn7.mlw", line 418, characters 32-36: unused variable result
Warning, file "/home/fabrice/git/pycsl/scratchpad/tmp/.pycsl_te8_arn7.mlw", line 467, characters 32-36: unused variable result
Warning, file "/home/fabrice/git/pycsl/scratchpad/tmp/.pycsl_te8_arn7.mlw", line 492, characters 66-70: unused variable self
Warning, file "/home/fabrice/git/pycsl/scratchpad/tmp/.pycsl_te8_arn7.mlw", line 493, characters 32-36: unused variable result
Warning, file "/home/fabrice/git/pycsl/scratchpad/tmp/.pycsl_te8_arn7.mlw", line 498, characters 32-36: unused variable result
Warning, file "/home/fabrice/git/pycsl/scratchpad/tmp/.pycsl_te8_arn7.mlw", line 608, characters 32-36: unused variable result
Warning, file "/home/fabrice/git/pycsl/scratchpad/tmp/.pycsl_te8_arn7.mlw", line 603, characters 32-36: unused variable result
Warning, file "/home/fabrice/git/pycsl/scratchpad/tmp/.pycsl_te8_arn7.mlw", line 567, characters 32-36: unused variable result
Warning, file "/home/fabrice/git/pycsl/scratchpad/tmp/.pycsl_te8_arn7.mlw", line 638, characters 32-36: unused variable result
Warning, file "/home/fabrice/git/pycsl/scratchpad/tmp/.pycsl_te8_arn7.mlw", line 633, characters 32-36: unused variable result
Warning, file "/home/fabrice/git/pycsl/scratchpad/tmp/.pycsl_te8_arn7.mlw", line 616, characters 32-36: unused variable result
Warning, file "/home/fabrice/git/pycsl/scratchpad/tmp/.pycsl_te8_arn7.mlw", line 679, characters 32-36: unused variable result
Warning, file "/home/fabrice/git/pycsl/scratchpad/tmp/.pycsl_te8_arn7.mlw", line 706, characters 74-78: unused variable self
Warning, file "/home/fabrice/git/pycsl/scratchpad/tmp/.pycsl_te8_arn7.mlw", line 707, characters 32-36: unused variable result
Warning, file "/home/fabrice/git/pycsl/scratchpad/tmp/.pycsl_te8_arn7.mlw", line 712, characters 32-36: unused variable result
Warning, file "/home/fabrice/git/pycsl/scratchpad/tmp/.pycsl_te8_arn7.mlw", line 794, characters 32-36: unused variable result
Warning, file "/home/fabrice/git/pycsl/scratchpad/tmp/.pycsl_te8_arn7.mlw", line 789, characters 32-36: unused variable result
Warning, file "/home/fabrice/git/pycsl/scratchpad/tmp/.pycsl_te8_arn7.mlw", line 760, characters 32-36: unused variable result
Warning, file "/home/fabrice/git/pycsl/scratchpad/tmp/.pycsl_te8_arn7.mlw", line 828, characters 32-36: unused variable result
Warning, file "/home/fabrice/git/pycsl/scratchpad/tmp/.pycsl_te8_arn7.mlw", line 854, characters 73-77: unused variable self
Warning, file "/home/fabrice/git/pycsl/scratchpad/tmp/.pycsl_te8_arn7.mlw", line 855, characters 32-36: unused variable result
Warning, file "/home/fabrice/git/pycsl/scratchpad/tmp/.pycsl_te8_arn7.mlw", line 860, characters 32-36: unused variable result
Warning, file "/home/fabrice/git/pycsl/scratchpad/tmp/.pycsl_te8_arn7.mlw", line 922, characters 32-36: unused variable result
Warning, file "/home/fabrice/git/pycsl/scratchpad/tmp/.pycsl_te8_arn7.mlw", line 917, characters 32-36: unused variable result
Warning, file "/home/fabrice/git/pycsl/scratchpad/tmp/.pycsl_te8_arn7.mlw", line 894, characters 32-36: unused variable result
Warning, file "/home/fabrice/git/pycsl/scratchpad/tmp/.pycsl_te8_arn7.mlw", line 956, characters 32-36: unused variable result
Warning, file "/home/fabrice/git/pycsl/scratchpad/tmp/.pycsl_te8_arn7.mlw", line 982, characters 75-79: unused variable self
Warning, file "/home/fabrice/git/pycsl/scratchpad/tmp/.pycsl_te8_arn7.mlw", line 983, characters 32-36: unused variable result
Warning, file "/home/fabrice/git/pycsl/scratchpad/tmp/.pycsl_te8_arn7.mlw", line 1035, characters 32-36: unused variable result
Warning, file "/home/fabrice/git/pycsl/scratchpad/tmp/.pycsl_te8_arn7.mlw", line 1030, characters 32-36: unused variable result
Warning, file "/home/fabrice/git/pycsl/scratchpad/tmp/.pycsl_te8_arn7.mlw", line 1010, characters 32-36: unused variable result
Warning, file "/home/fabrice/git/pycsl/scratchpad/tmp/.pycsl_te8_arn7.mlw", line 1062, characters 32-36: unused variable result
Warning, file "/home/fabrice/git/pycsl/scratchpad/tmp/.pycsl_te8_arn7.mlw", line 1087, characters 69-73: unused variable self
Warning, file "/home/fabrice/git/pycsl/scratchpad/tmp/.pycsl_te8_arn7.mlw", line 1088, characters 32-36: unused variable result
Warning, file "/home/fabrice/git/pycsl/scratchpad/tmp/.pycsl_te8_arn7.mlw", line 1093, characters 32-36: unused variable result
Warning, file "/home/fabrice/git/pycsl/scratchpad/tmp/.pycsl_te8_arn7.mlw", line 1146, characters 32-36: unused variable result
Warning, file "/home/fabrice/git/pycsl/scratchpad/tmp/.pycsl_te8_arn7.mlw", line 1141, characters 32-36: unused variable result
Warning, file "/home/fabrice/git/pycsl/scratchpad/tmp/.pycsl_te8_arn7.mlw", line 1119, characters 32-36: unused variable result
Warning, file "/home/fabrice/git/pycsl/scratchpad/tmp/.pycsl_te8_arn7.mlw", line 1180, characters 32-36: unused variable result
Warning, file "/home/fabrice/git/pycsl/scratchpad/tmp/.pycsl_te8_arn7.mlw", line 1206, characters 69-73: unused variable self
Warning, file "/home/fabrice/git/pycsl/scratchpad/tmp/.pycsl_te8_arn7.mlw", line 1207, characters 32-36: unused variable result
Warning, file "/home/fabrice/git/pycsl/scratchpad/tmp/.pycsl_te8_arn7.mlw", line 1223, characters 32-36: unused variable result
Warning, file "/home/fabrice/git/pycsl/scratchpad/tmp/.pycsl_te8_arn7.mlw", line 1246, characters 60-64: unused variable self
Warning, file "/home/fabrice/git/pycsl/scratchpad/tmp/.pycsl_te8_arn7.mlw", line 1247, characters 32-36: unused variable result
Warning, file "/home/fabrice/git/pycsl/scratchpad/tmp/.pycsl_te8_arn7.mlw", line 1306, characters 70-74: unused variable self
Warning, file "/home/fabrice/git/pycsl/scratchpad/tmp/.pycsl_te8_arn7.mlw", line 1307, characters 32-36: unused variable result
Warning, file "/home/fabrice/git/pycsl/scratchpad/tmp/.pycsl_te8_arn7.mlw", line 1348, characters 32-36: unused variable result
Warning, file "/home/fabrice/git/pycsl/scratchpad/tmp/.pycsl_te8_arn7.mlw", line 1343, characters 32-36: unused variable result
Warning, file "/home/fabrice/git/pycsl/scratchpad/tmp/.pycsl_te8_arn7.mlw", line 1326, characters 32-36: unused variable result
Warning, file "/home/fabrice/git/pycsl/scratchpad/tmp/.pycsl_te8_arn7.mlw", line 1375, characters 32-36: unused variable result
Warning, file "/home/fabrice/git/pycsl/scratchpad/tmp/.pycsl_te8_arn7.mlw", line 1400, characters 63-67: unused variable self
Warning, file "/home/fabrice/git/pycsl/scratchpad/tmp/.pycsl_te8_arn7.mlw", line 1401, characters 32-36: unused variable result
Warning, file "/home/fabrice/git/pycsl/scratchpad/tmp/.pycsl_te8_arn7.mlw", line 1406, characters 32-36: unused variable result
Warning, file "/home/fabrice/git/pycsl/scratchpad/tmp/.pycsl_te8_arn7.mlw", line 1493, characters 32-36: unused variable result
Warning, file "/home/fabrice/git/pycsl/scratchpad/tmp/.pycsl_te8_arn7.mlw", line 1488, characters 32-36: unused variable result
Warning, file "/home/fabrice/git/pycsl/scratchpad/tmp/.pycsl_te8_arn7.mlw", line 1454, characters 32-36: unused variable result
Warning, file "/home/fabrice/git/pycsl/scratchpad/tmp/.pycsl_te8_arn7.mlw", line 1534, characters 32-36: unused variable result
Warning, file "/home/fabrice/git/pycsl/scratchpad/tmp/.pycsl_te8_arn7.mlw", line 1561, characters 69-73: unused variable self
Warning, file "/home/fabrice/git/pycsl/scratchpad/tmp/.pycsl_te8_arn7.mlw", line 1562, characters 32-36: unused variable result
Warning, file "/home/fabrice/git/pycsl/scratchpad/tmp/.pycsl_te8_arn7.mlw", line 1603, characters 32-36: unused variable result
Warning, file "/home/fabrice/git/pycsl/scratchpad/tmp/.pycsl_te8_arn7.mlw", line 1595, characters 32-36: unused variable result
Warning, file "/home/fabrice/git/pycsl/scratchpad/tmp/.pycsl_te8_arn7.mlw", line 1588, characters 32-36: unused variable result
Warning, file "/home/fabrice/git/pycsl/scratchpad/tmp/.pycsl_te8_arn7.mlw", line 1611, characters 15-19: unused variable result
Warning, file "/home/fabrice/git/pycsl/scratchpad/tmp/.pycsl_te8_arn7.mlw", line 1727, characters 32-36: unused variable result
Warning, file "/home/fabrice/git/pycsl/scratchpad/tmp/.pycsl_te8_arn7.mlw", line 1757, characters 32-36: unused variable result
Warning, file "/home/fabrice/git/pycsl/scratchpad/tmp/.pycsl_te8_arn7.mlw", line 1765, characters 32-36: unused variable result
Warning, file "/home/fabrice/git/pycsl/scratchpad/tmp/.pycsl_te8_arn7.mlw", line 1776, characters 32-36: unused variable result
Warning, file "/home/fabrice/git/pycsl/scratchpad/tmp/.pycsl_te8_arn7.mlw", line 1785, characters 60-64: unused variable self
Warning, file "/home/fabrice/git/pycsl/scratchpad/tmp/.pycsl_te8_arn7.mlw", line 1786, characters 32-36: unused variable result
Warning, file "/home/fabrice/git/pycsl/scratchpad/tmp/.pycsl_te8_arn7.mlw", line 1834, characters 32-36: unused variable result
Warning, file "/home/fabrice/git/pycsl/scratchpad/tmp/.pycsl_te8_arn7.mlw", line 1882, characters 55-59: unused variable self
Warning, file "/home/fabrice/git/pycsl/scratchpad/tmp/.pycsl_te8_arn7.mlw", line 1883, characters 32-36: unused variable result
Warning, file "/home/fabrice/git/pycsl/scratchpad/tmp/.pycsl_te8_arn7.mlw", line 1900, characters 8-11: unused variable arg
Warning, file "/home/fabrice/git/pycsl/scratchpad/tmp/.pycsl_te8_arn7.mlw", line 1892, characters 8-23: unused variable param_parts_len
Warning, file "/home/fabrice/git/pycsl/scratchpad/tmp/.pycsl_te8_arn7.mlw", line 1889, characters 15-19: unused variable result
Warning, file "/home/fabrice/git/pycsl/scratchpad/tmp/.pycsl_te8_arn7.mlw", line 1933, characters 53-57: unused variable self
Warning, file "/home/fabrice/git/pycsl/scratchpad/tmp/.pycsl_te8_arn7.mlw", line 1935, characters 15-19: unused variable result
Warning, file "/home/fabrice/git/pycsl/scratchpad/tmp/.pycsl_te8_arn7.mlw", line 1973, characters 32-36: unused variable result
Warning, file "/home/fabrice/git/pycsl/scratchpad/tmp/.pycsl_te8_arn7.mlw", line 2045, characters 32-36: unused variable result
Warning, file "/home/fabrice/git/pycsl/scratchpad/tmp/.pycsl_te8_arn7.mlw", line 2051, characters 32-36: unused variable result
Warning, file "/home/fabrice/git/pycsl/scratchpad/tmp/.pycsl_te8_arn7.mlw", line 2062, characters 53-57: unused variable self
Warning, file "/home/fabrice/git/pycsl/scratchpad/tmp/.pycsl_te8_arn7.mlw", line 2063, characters 32-36: unused variable result
Warning, file "/home/fabrice/git/pycsl/scratchpad/tmp/.pycsl_te8_arn7.mlw", line 2067, characters 15-19: unused variable result
Warning, file "/home/fabrice/git/pycsl/scratchpad/tmp/.pycsl_te8_arn7.mlw", line 2220, characters 32-36: unused variable result
Warning, file "/home/fabrice/git/pycsl/scratchpad/tmp/.pycsl_te8_arn7.mlw", line 2226, characters 32-36: unused variable result
Warning, file "/home/fabrice/git/pycsl/scratchpad/tmp/.pycsl_te8_arn7.mlw", line 2255, characters 32-36: unused variable result
Warning, file "/home/fabrice/git/pycsl/scratchpad/tmp/.pycsl_te8_arn7.mlw", line 2242, characters 32-36: unused variable result
Warning, file "/home/fabrice/git/pycsl/scratchpad/tmp/.pycsl_te8_arn7.mlw", line 2239, characters 32-36: unused variable result
Warning, file "/home/fabrice/git/pycsl/scratchpad/tmp/.pycsl_te8_arn7.mlw", line 2257, characters 50-54: unused variable self
Warning, file "/home/fabrice/git/pycsl/scratchpad/tmp/.pycsl_te8_arn7.mlw", line 2258, characters 32-36: unused variable result
Warning, file "/home/fabrice/git/pycsl/scratchpad/tmp/.pycsl_te8_arn7.mlw", line 2265, characters 46-50: unused variable self
Warning, file "/home/fabrice/git/pycsl/scratchpad/tmp/.pycsl_te8_arn7.mlw", line 2265, characters 76-85: unused variable contracts
Warning, file "/home/fabrice/git/pycsl/scratchpad/tmp/.pycsl_te8_arn7.mlw", line 2265, characters 93-102: unused variable spec_refs
Warning, file "/home/fabrice/git/pycsl/scratchpad/tmp/.pycsl_te8_arn7.mlw", line 2265, characters 110-123: unused variable func_variants
Warning, file "/home/fabrice/git/pycsl/scratchpad/tmp/.pycsl_te8_arn7.mlw", line 2265, characters 137-150: unused variable func_diverges
Warning, file "/home/fabrice/git/pycsl/scratchpad/tmp/.pycsl_te8_arn7.mlw", line 2265, characters 158-173: unused variable func_exceptions
Warning, file "/home/fabrice/git/pycsl/scratchpad/tmp/.pycsl_te8_arn7.mlw", line 2265, characters 181-197: unused variable func_is_noreturn
Warning, file "/home/fabrice/git/pycsl/scratchpad/tmp/.pycsl_te8_arn7.mlw", line 2267, characters 15-19: unused variable result
Warning, file "/home/fabrice/git/pycsl/scratchpad/tmp/.pycsl_te8_arn7.mlw", line 2269, characters 45-49: unused variable self
Warning, file "/home/fabrice/git/pycsl/scratchpad/tmp/.pycsl_te8_arn7.mlw", line 2269, characters 75-79: unused variable func
Warning, file "/home/fabrice/git/pycsl/scratchpad/tmp/.pycsl_te8_arn7.mlw", line 2269, characters 87-95: unused variable scc_info
Warning, file "/home/fabrice/git/pycsl/scratchpad/tmp/.pycsl_te8_arn7.mlw", line 2271, characters 15-19: unused variable result
Warning, file "/home/fabrice/git/pycsl/scratchpad/tmp/.pycsl_te8_arn7.mlw", line 2273, characters 49-53: unused variable self
Warning, file "/home/fabrice/git/pycsl/scratchpad/tmp/.pycsl_te8_arn7.mlw", line 2273, characters 79-83: unused variable name
Warning, file "/home/fabrice/git/pycsl/scratchpad/tmp/.pycsl_te8_arn7.mlw", line 2273, characters 94-102: unused variable args_str
Warning, file "/home/fabrice/git/pycsl/scratchpad/tmp/.pycsl_te8_arn7.mlw", line 2273, characters 113-124: unused variable return_type
Warning, file "/home/fabrice/git/pycsl/scratchpad/tmp/.pycsl_te8_arn7.mlw", line 2273, characters 135-139: unused variable defc
Warning, file "/home/fabrice/git/pycsl/scratchpad/tmp/.pycsl_te8_arn7.mlw", line 2273, characters 147-152: unused variable iface
Warning, file "/home/fabrice/git/pycsl/scratchpad/tmp/.pycsl_te8_arn7.mlw", line 2273, characters 160-169: unused variable spec_refs
Warning, file "/home/fabrice/git/pycsl/scratchpad/tmp/.pycsl_te8_arn7.mlw", line 2275, characters 15-19: unused variable result
Warning, file "/home/fabrice/git/pycsl/scratchpad/tmp/.pycsl_te8_arn7.mlw", line 2277, characters 52-56: unused variable self
Warning, file "/home/fabrice/git/pycsl/scratchpad/tmp/.pycsl_te8_arn7.mlw", line 2277, characters 82-91: unused variable functions
Warning, file "/home/fabrice/git/pycsl/scratchpad/tmp/.pycsl_te8_arn7.mlw", line 2279, characters 15-19: unused variable result
Warning, file "/home/fabrice/git/pycsl/scratchpad/tmp/.pycsl_te8_arn7.mlw", line 2281, characters 49-53: unused variable self
Warning, file "/home/fabrice/git/pycsl/scratchpad/tmp/.pycsl_te8_arn7.mlw", line 2281, characters 79-83: unused variable name
Warning, file "/home/fabrice/git/pycsl/scratchpad/tmp/.pycsl_te8_arn7.mlw", line 2281, characters 94-106: unused variable symbol_table
Warning, file "/home/fabrice/git/pycsl/scratchpad/tmp/.pycsl_te8_arn7.mlw", line 2283, characters 15-19: unused variable result
Warning, file "/home/fabrice/git/pycsl/scratchpad/tmp/.pycsl_te8_arn7.mlw", line 2306, characters 32-36: unused variable result
Warning, file "/home/fabrice/git/pycsl/scratchpad/tmp/.pycsl_te8_arn7.mlw", line 2291, characters 32-36: unused variable result
Warning, file "/home/fabrice/git/pycsl/scratchpad/tmp/.pycsl_te8_arn7.mlw", line 2352, characters 32-36: unused variable result
Warning, file "/home/fabrice/git/pycsl/scratchpad/tmp/.pycsl_te8_arn7.mlw", line 2346, characters 32-36: unused variable result
Warning, file "/home/fabrice/git/pycsl/scratchpad/tmp/.pycsl_te8_arn7.mlw", line 2336, characters 32-36: unused variable result
Warning, file "/home/fabrice/git/pycsl/scratchpad/tmp/.pycsl_te8_arn7.mlw", line 2355, characters 48-52: unused variable self
Warning, file "/home/fabrice/git/pycsl/scratchpad/tmp/.pycsl_te8_arn7.mlw", line 2356, characters 32-36: unused variable result
Warning, file "/home/fabrice/git/pycsl/scratchpad/tmp/.pycsl_te8_arn7.mlw", line 2361, characters 53-57: unused variable self
Warning, file "/home/fabrice/git/pycsl/scratchpad/tmp/.pycsl_te8_arn7.mlw", line 2363, characters 15-19: unused variable result
Warning, file "/home/fabrice/git/pycsl/scratchpad/tmp/.pycsl_te8_arn7.mlw", line 2453, characters 58-62: unused variable self
Warning, file "/home/fabrice/git/pycsl/scratchpad/tmp/.pycsl_te8_arn7.mlw", line 2453, characters 88-97: unused variable functions
Warning, file "/home/fabrice/git/pycsl/scratchpad/tmp/.pycsl_te8_arn7.mlw", line 2455, characters 15-19: unused variable result
Warning, file "/home/fabrice/git/pycsl/scratchpad/tmp/.pycsl_te8_arn7.mlw", line 2457, characters 46-50: unused variable self
Warning, file "/home/fabrice/git/pycsl/scratchpad/tmp/.pycsl_te8_arn7.mlw", line 2457, characters 76-79: unused variable arg
Warning, file "/home/fabrice/git/pycsl/scratchpad/tmp/.pycsl_te8_arn7.mlw", line 2457, characters 90-100: unused variable ref_params
Warning, file "/home/fabrice/git/pycsl/scratchpad/tmp/.pycsl_te8_arn7.mlw", line 2457, characters 115-129: unused variable array2d_params
Warning, file "/home/fabrice/git/pycsl/scratchpad/tmp/.pycsl_te8_arn7.mlw", line 2457, characters 144-158: unused variable array1d_params
Warning, file "/home/fabrice/git/pycsl/scratchpad/tmp/.pycsl_te8_arn7.mlw", line 2457, characters 173-185: unused variable symbol_table
Warning, file "/home/fabrice/git/pycsl/scratchpad/tmp/.pycsl_te8_arn7.mlw", line 2457, characters 200-208: unused variable int_type
Warning, file "/home/fabrice/git/pycsl/scratchpad/tmp/.pycsl_te8_arn7.mlw", line 2459, characters 15-19: unused variable result
Warning, file "/home/fabrice/git/pycsl/scratchpad/tmp/.pycsl_te8_arn7.mlw", line 2461, characters 47-51: unused variable self
Warning, file "/home/fabrice/git/pycsl/scratchpad/tmp/.pycsl_te8_arn7.mlw", line 2461, characters 77-80: unused variable sig
Warning, file "/home/fabrice/git/pycsl/scratchpad/tmp/.pycsl_te8_arn7.mlw", line 2465, characters 54-58: unused variable self
Warning, file "/home/fabrice/git/pycsl/scratchpad/tmp/.pycsl_te8_arn7.mlw", line 2465, characters 84-86: unused variable ov
Warning, file "/home/fabrice/git/pycsl/scratchpad/tmp/.pycsl_te8_arn7.mlw", line 2465, characters 94-100: unused variable sub_fn
Warning, file "/home/fabrice/git/pycsl/scratchpad/tmp/.pycsl_te8_arn7.mlw", line 2465, characters 108-115: unused variable base_fn
Warning, file "/home/fabrice/git/pycsl/scratchpad/tmp/.pycsl_te8_arn7.mlw", line 2467, characters 15-19: unused variable result
Warning, file "/home/fabrice/git/pycsl/scratchpad/tmp/.pycsl_te8_arn7.mlw", line 2469, characters 52-56: unused variable self
Warning, file "/home/fabrice/git/pycsl/scratchpad/tmp/.pycsl_te8_arn7.mlw", line 2469, characters 82-86: unused variable func
Warning, file "/home/fabrice/git/pycsl/scratchpad/tmp/.pycsl_te8_arn7.mlw", line 2469, characters 94-104: unused variable body_stmts
Warning, file "/home/fabrice/git/pycsl/scratchpad/tmp/.pycsl_te8_arn7.mlw", line 2471, characters 15-19: unused variable result
Warning, file "/home/fabrice/git/pycsl/scratchpad/tmp/.pycsl_te8_arn7.mlw", line 2510, characters 32-36: unused variable result
Warning, file "/home/fabrice/git/pycsl/scratchpad/tmp/.pycsl_te8_arn7.mlw", line 2533, characters 32-36: unused variable result
Warning, file "/home/fabrice/git/pycsl/scratchpad/tmp/.pycsl_te8_arn7.mlw", line 2527, characters 32-36: unused variable result
Warning, file "/home/fabrice/git/pycsl/scratchpad/tmp/.pycsl_te8_arn7.mlw", line 2520, characters 32-36: unused variable result
Warning, file "/home/fabrice/git/pycsl/scratchpad/tmp/.pycsl_te8_arn7.mlw", line 2537, characters 32-36: unused variable result
Warning, file "/home/fabrice/git/pycsl/scratchpad/tmp/.pycsl_te8_arn7.mlw", line 2543, characters 48-52: unused variable self
Warning, file "/home/fabrice/git/pycsl/scratchpad/tmp/.pycsl_te8_arn7.mlw", line 2545, characters 15-19: unused variable result
Warning, file "/home/fabrice/git/pycsl/scratchpad/tmp/.pycsl_te8_arn7.mlw", line 2583, characters 52-56: unused variable self
Warning, file "/home/fabrice/git/pycsl/scratchpad/tmp/.pycsl_te8_arn7.mlw", line 2585, characters 15-19: unused variable result

[+] Verification SUCCESS! All contracts formally proven.
