[*] Parsing and Semantic Analysis for 'src/self-annotate/src/frontend/pure_ast.py'...
[*] Memory model: hoare
[*] Import 'typing.List': external module, no local source found — skipping (add \trusted stub if verification of callers needs its contract)
[*] Import 'typing.Tuple': external module, no local source found — skipping (add \trusted stub if verification of callers needs its contract)
[*] Import 'inspect.cleandoc': external module, no local source found — skipping
[*] Running Proof Engine (provers: Alt-Ergo,2.6.3 → Z3,4.13.3,)...

--- Verification Results ---
File "/tmp/.pycsl_nir7mh9f.mlw", line 27, characters 7-14:
Sub-goal precondition of goal pycsl_div'vc.
Prover result is: Valid (0.00s, 1377 steps).

File "/tmp/.pycsl_nir7mh9f.mlw", line 27, characters 34-41:
Sub-goal precondition of goal pycsl_div'vc.
Prover result is: Valid (0.01s, 1568 steps).

File "/tmp/.pycsl_nir7mh9f.mlw", line 27, characters 51-58:
Sub-goal precondition of goal pycsl_div'vc.
Prover result is: Valid (0.00s, 1581 steps).

File "/tmp/.pycsl_nir7mh9f.mlw", line 26, characters 14-79:
Sub-goal postcondition of goal pycsl_div'vc.
Prover result is: Valid (0.02s, 19 steps).

File "/tmp/.pycsl_nir7mh9f.mlw", line 32, characters 7-14:
Sub-goal precondition of goal pycsl_mod'vc.
Prover result is: Valid (0.00s, 1377 steps).

File "/tmp/.pycsl_nir7mh9f.mlw", line 32, characters 34-41:
Sub-goal precondition of goal pycsl_mod'vc.
Prover result is: Valid (0.00s, 1568 steps).

File "/tmp/.pycsl_nir7mh9f.mlw", line 32, characters 51-58:
Sub-goal precondition of goal pycsl_mod'vc.
Prover result is: Valid (0.00s, 1581 steps).

File "/tmp/.pycsl_nir7mh9f.mlw", line 31, characters 14-79:
Sub-goal postcondition of goal pycsl_mod'vc.
Prover result is: Valid (0.00s, 17220 steps).

File "/tmp/.pycsl_nir7mh9f.mlw", line 229, characters 36-42:
Sub-goal variant decrease of goal size'vc.
Prover result is: Valid (0.00s, 27256 steps).

File "/tmp/.pycsl_nir7mh9f.mlw", line 229, characters 27-33:
Sub-goal variant decrease of goal size'vc.
Prover result is: Valid (0.00s, 27278 steps).

File "/tmp/.pycsl_nir7mh9f.mlw", line 230, characters 35-41:
Sub-goal variant decrease of goal size'vc.
Prover result is: Valid (0.01s, 27272 steps).

File "/tmp/.pycsl_nir7mh9f.mlw", line 230, characters 26-32:
Sub-goal variant decrease of goal size'vc.
Prover result is: Valid (0.00s, 27294 steps).

File "/tmp/.pycsl_nir7mh9f.mlw", line 231, characters 32-38:
Sub-goal variant decrease of goal size'vc.
Prover result is: Valid (0.01s, 27244 steps).

File "/tmp/.pycsl_nir7mh9f.mlw", line 231, characters 23-29:
Sub-goal variant decrease of goal size'vc.
Prover result is: Valid (0.01s, 27266 steps).

File "/tmp/.pycsl_nir7mh9f.mlw", line 232, characters 34-40:
Sub-goal variant decrease of goal size'vc.
Prover result is: Valid (0.01s, 27248 steps).

File "/tmp/.pycsl_nir7mh9f.mlw", line 232, characters 25-31:
Sub-goal variant decrease of goal size'vc.
Prover result is: Valid (0.00s, 27270 steps).

File "/tmp/.pycsl_nir7mh9f.mlw", line 233, characters 24-30:
Sub-goal variant decrease of goal size'vc.
Prover result is: Valid (0.00s, 27204 steps).

File "/tmp/.pycsl_nir7mh9f.mlw", line 234, characters 26-32:
Sub-goal variant decrease of goal size'vc.
Prover result is: Valid (0.01s, 27238 steps).

File "/tmp/.pycsl_nir7mh9f.mlw", line 235, characters 44-50:
Sub-goal variant decrease of goal size'vc.
Prover result is: Valid (0.01s, 27284 steps).

File "/tmp/.pycsl_nir7mh9f.mlw", line 235, characters 35-41:
Sub-goal variant decrease of goal size'vc.
Prover result is: Valid (0.01s, 27306 steps).

File "/tmp/.pycsl_nir7mh9f.mlw", line 235, characters 26-32:
Sub-goal variant decrease of goal size'vc.
Prover result is: Valid (0.01s, 27328 steps).

File "/tmp/.pycsl_nir7mh9f.mlw", line 236, characters 27-33:
Sub-goal variant decrease of goal size'vc.
Prover result is: Valid (0.01s, 27274 steps).

File "/tmp/.pycsl_nir7mh9f.mlw", line 237, characters 22-28:
Sub-goal variant decrease of goal size'vc.
Prover result is: Valid (0.01s, 27278 steps).

File "/tmp/.pycsl_nir7mh9f.mlw", line 238, characters 25-31:
Sub-goal variant decrease of goal size'vc.
Prover result is: Valid (0.01s, 27296 steps).

File "/tmp/.pycsl_nir7mh9f.mlw", line 239, characters 45-52:
Sub-goal variant decrease of goal size'vc.
Prover result is: Valid (0.00s, 27314 steps).

File "/tmp/.pycsl_nir7mh9f.mlw", line 239, characters 35-42:
Sub-goal variant decrease of goal size'vc.
Prover result is: Valid (0.01s, 27336 steps).

File "/tmp/.pycsl_nir7mh9f.mlw", line 240, characters 39-45:
Sub-goal variant decrease of goal size'vc.
Prover result is: Valid (0.00s, 27314 steps).

File "/tmp/.pycsl_nir7mh9f.mlw", line 240, characters 30-36:
Sub-goal variant decrease of goal size'vc.
Prover result is: Valid (0.01s, 27336 steps).

File "/tmp/.pycsl_nir7mh9f.mlw", line 241, characters 38-44:
Sub-goal variant decrease of goal size'vc.
Prover result is: Valid (0.01s, 27318 steps).

File "/tmp/.pycsl_nir7mh9f.mlw", line 241, characters 29-35:
Sub-goal variant decrease of goal size'vc.
Prover result is: Valid (0.00s, 27340 steps).

File "/tmp/.pycsl_nir7mh9f.mlw", line 242, characters 39-45:
Sub-goal variant decrease of goal size'vc.
Prover result is: Valid (0.01s, 27322 steps).

File "/tmp/.pycsl_nir7mh9f.mlw", line 242, characters 30-36:
Sub-goal variant decrease of goal size'vc.
Prover result is: Valid (0.00s, 27344 steps).

File "/tmp/.pycsl_nir7mh9f.mlw", line 243, characters 36-42:
Sub-goal variant decrease of goal size'vc.
Prover result is: Valid (0.00s, 27322 steps).

File "/tmp/.pycsl_nir7mh9f.mlw", line 243, characters 27-33:
Sub-goal variant decrease of goal size'vc.
Prover result is: Valid (0.01s, 27344 steps).

File "/tmp/.pycsl_nir7mh9f.mlw", line 244, characters 40-46:
Sub-goal variant decrease of goal size'vc.
Prover result is: Valid (0.01s, 27326 steps).

File "/tmp/.pycsl_nir7mh9f.mlw", line 244, characters 31-37:
Sub-goal variant decrease of goal size'vc.
Prover result is: Valid (0.01s, 27348 steps).

File "/tmp/.pycsl_nir7mh9f.mlw", line 245, characters 34-40:
Sub-goal variant decrease of goal size'vc.
Prover result is: Valid (0.00s, 27334 steps).

File "/tmp/.pycsl_nir7mh9f.mlw", line 245, characters 25-31:
Sub-goal variant decrease of goal size'vc.
Prover result is: Valid (0.01s, 27356 steps).

File "/tmp/.pycsl_nir7mh9f.mlw", line 246, characters 44-50:
Sub-goal variant decrease of goal size'vc.
Prover result is: Valid (0.01s, 27338 steps).

File "/tmp/.pycsl_nir7mh9f.mlw", line 246, characters 35-41:
Sub-goal variant decrease of goal size'vc.
Prover result is: Valid (0.01s, 27360 steps).

File "/tmp/.pycsl_nir7mh9f.mlw", line 247, characters 35-41:
Sub-goal variant decrease of goal size'vc.
Prover result is: Valid (0.01s, 27340 steps).

File "/tmp/.pycsl_nir7mh9f.mlw", line 248, characters 35-41:
Sub-goal variant decrease of goal size'vc.
Prover result is: Valid (0.00s, 27348 steps).

File "/tmp/.pycsl_nir7mh9f.mlw", line 248, characters 26-32:
Sub-goal variant decrease of goal size'vc.
Prover result is: Valid (0.01s, 27370 steps).

File "/tmp/.pycsl_nir7mh9f.mlw", line 249, characters 46-52:
Sub-goal variant decrease of goal size'vc.
Prover result is: Valid (0.00s, 27360 steps).

File "/tmp/.pycsl_nir7mh9f.mlw", line 249, characters 37-43:
Sub-goal variant decrease of goal size'vc.
Prover result is: Valid (0.01s, 27382 steps).

File "/tmp/.pycsl_nir7mh9f.mlw", line 249, characters 28-34:
Sub-goal variant decrease of goal size'vc.
Prover result is: Valid (0.01s, 27404 steps).

File "/tmp/.pycsl_nir7mh9f.mlw", line 250, characters 34-40:
Sub-goal variant decrease of goal size'vc.
Prover result is: Valid (0.00s, 27356 steps).

File "/tmp/.pycsl_nir7mh9f.mlw", line 250, characters 25-31:
Sub-goal variant decrease of goal size'vc.
Prover result is: Valid (0.00s, 27378 steps).

File "/tmp/.pycsl_nir7mh9f.mlw", line 251, characters 35-41:
Sub-goal variant decrease of goal size'vc.
Prover result is: Valid (0.01s, 27360 steps).

File "/tmp/.pycsl_nir7mh9f.mlw", line 251, characters 26-32:
Sub-goal variant decrease of goal size'vc.
Prover result is: Valid (0.01s, 27382 steps).

File "/tmp/.pycsl_nir7mh9f.mlw", line 252, characters 38-44:
Sub-goal variant decrease of goal size'vc.
Prover result is: Valid (0.01s, 27364 steps).

File "/tmp/.pycsl_nir7mh9f.mlw", line 252, characters 29-35:
Sub-goal variant decrease of goal size'vc.
Prover result is: Valid (0.00s, 27386 steps).

File "/tmp/.pycsl_nir7mh9f.mlw", line 253, characters 35-41:
Sub-goal variant decrease of goal size'vc.
Prover result is: Valid (0.00s, 27374 steps).

File "/tmp/.pycsl_nir7mh9f.mlw", line 253, characters 26-32:
Sub-goal variant decrease of goal size'vc.
Prover result is: Valid (0.01s, 27396 steps).

File "/tmp/.pycsl_nir7mh9f.mlw", line 254, characters 38-44:
Sub-goal variant decrease of goal size'vc.
Prover result is: Valid (0.01s, 27378 steps).

File "/tmp/.pycsl_nir7mh9f.mlw", line 254, characters 29-35:
Sub-goal variant decrease of goal size'vc.
Prover result is: Valid (0.01s, 27400 steps).

File "/tmp/.pycsl_nir7mh9f.mlw", line 255, characters 35-41:
Sub-goal variant decrease of goal size'vc.
Prover result is: Valid (0.01s, 27382 steps).

File "/tmp/.pycsl_nir7mh9f.mlw", line 255, characters 26-32:
Sub-goal variant decrease of goal size'vc.
Prover result is: Valid (0.00s, 27404 steps).

File "/tmp/.pycsl_nir7mh9f.mlw", line 256, characters 37-43:
Sub-goal variant decrease of goal size'vc.
Prover result is: Valid (0.01s, 27386 steps).

File "/tmp/.pycsl_nir7mh9f.mlw", line 256, characters 28-34:
Sub-goal variant decrease of goal size'vc.
Prover result is: Valid (0.01s, 27408 steps).

File "/tmp/.pycsl_nir7mh9f.mlw", line 257, characters 37-43:
Sub-goal variant decrease of goal size'vc.
Prover result is: Valid (0.01s, 27390 steps).

File "/tmp/.pycsl_nir7mh9f.mlw", line 257, characters 28-34:
Sub-goal variant decrease of goal size'vc.
Prover result is: Valid (0.01s, 27412 steps).

File "/tmp/.pycsl_nir7mh9f.mlw", line 258, characters 36-42:
Sub-goal variant decrease of goal size'vc.
Prover result is: Valid (0.01s, 27394 steps).

File "/tmp/.pycsl_nir7mh9f.mlw", line 258, characters 27-33:
Sub-goal variant decrease of goal size'vc.
Prover result is: Valid (0.01s, 27416 steps).

File "/tmp/.pycsl_nir7mh9f.mlw", line 259, characters 50-57:
Sub-goal variant decrease of goal size'vc.
Prover result is: Valid (0.01s, 27406 steps).

File "/tmp/.pycsl_nir7mh9f.mlw", line 259, characters 40-47:
Sub-goal variant decrease of goal size'vc.
Prover result is: Valid (0.01s, 27428 steps).

File "/tmp/.pycsl_nir7mh9f.mlw", line 259, characters 31-37:
Sub-goal variant decrease of goal size'vc.
Prover result is: Valid (0.01s, 27450 steps).

File "/tmp/.pycsl_nir7mh9f.mlw", line 260, characters 38-44:
Sub-goal variant decrease of goal size'vc.
Prover result is: Valid (0.01s, 27402 steps).

File "/tmp/.pycsl_nir7mh9f.mlw", line 260, characters 29-35:
Sub-goal variant decrease of goal size'vc.
Prover result is: Valid (0.01s, 27424 steps).

File "/tmp/.pycsl_nir7mh9f.mlw", line 261, characters 34-40:
Sub-goal variant decrease of goal size'vc.
Prover result is: Valid (0.01s, 27406 steps).

File "/tmp/.pycsl_nir7mh9f.mlw", line 261, characters 25-31:
Sub-goal variant decrease of goal size'vc.
Prover result is: Valid (0.01s, 27428 steps).

File "/tmp/.pycsl_nir7mh9f.mlw", line 262, characters 33-39:
Sub-goal variant decrease of goal size'vc.
Prover result is: Valid (0.01s, 27416 steps).

File "/tmp/.pycsl_nir7mh9f.mlw", line 262, characters 24-30:
Sub-goal variant decrease of goal size'vc.
Prover result is: Valid (0.01s, 27438 steps).

File "/tmp/.pycsl_nir7mh9f.mlw", line 263, characters 20-26:
Sub-goal variant decrease of goal size'vc.
Prover result is: Valid (0.01s, 27410 steps).

File "/tmp/.pycsl_nir7mh9f.mlw", line 264, characters 20-26:
Sub-goal variant decrease of goal size'vc.
Prover result is: Valid (0.00s, 27414 steps).

File "/tmp/.pycsl_nir7mh9f.mlw", line 265, characters 28-34:
Sub-goal variant decrease of goal size'vc.
Prover result is: Valid (0.00s, 27418 steps).

File "/tmp/.pycsl_nir7mh9f.mlw", line 266, characters 32-38:
Sub-goal variant decrease of goal size'vc.
Prover result is: Valid (0.01s, 27432 steps).

File "/tmp/.pycsl_nir7mh9f.mlw", line 266, characters 23-29:
Sub-goal variant decrease of goal size'vc.
Prover result is: Valid (0.01s, 27454 steps).

File "/tmp/.pycsl_nir7mh9f.mlw", line 267, characters 32-38:
Sub-goal variant decrease of goal size'vc.
Prover result is: Valid (0.01s, 27436 steps).

File "/tmp/.pycsl_nir7mh9f.mlw", line 267, characters 23-29:
Sub-goal variant decrease of goal size'vc.
Prover result is: Valid (0.01s, 27458 steps).

File "/tmp/.pycsl_nir7mh9f.mlw", line 268, characters 35-41:
Sub-goal variant decrease of goal size'vc.
Prover result is: Valid (0.00s, 27440 steps).

File "/tmp/.pycsl_nir7mh9f.mlw", line 268, characters 26-32:
Sub-goal variant decrease of goal size'vc.
Prover result is: Valid (0.00s, 27462 steps).

File "/tmp/.pycsl_nir7mh9f.mlw", line 269, characters 21-27:
Sub-goal variant decrease of goal size'vc.
Prover result is: Valid (0.00s, 27434 steps).

File "/tmp/.pycsl_nir7mh9f.mlw", line 270, characters 21-27:
Sub-goal variant decrease of goal size'vc.
Prover result is: Valid (0.01s, 27438 steps).

File "/tmp/.pycsl_nir7mh9f.mlw", line 271, characters 38-44:
Sub-goal variant decrease of goal size'vc.
Prover result is: Valid (0.01s, 27462 steps).

File "/tmp/.pycsl_nir7mh9f.mlw", line 271, characters 29-35:
Sub-goal variant decrease of goal size'vc.
Prover result is: Valid (0.00s, 27484 steps).

File "/tmp/.pycsl_nir7mh9f.mlw", line 272, characters 27-33:
Sub-goal variant decrease of goal size'vc.
Prover result is: Valid (0.01s, 27456 steps).

File "/tmp/.pycsl_nir7mh9f.mlw", line 273, characters 46-52:
Sub-goal variant decrease of goal size'vc.
Prover result is: Valid (0.01s, 27478 steps).

File "/tmp/.pycsl_nir7mh9f.mlw", line 273, characters 37-43:
Sub-goal variant decrease of goal size'vc.
Prover result is: Valid (0.01s, 27500 steps).

File "/tmp/.pycsl_nir7mh9f.mlw", line 273, characters 28-34:
Sub-goal variant decrease of goal size'vc.
Prover result is: Valid (0.01s, 27522 steps).

File "/tmp/.pycsl_nir7mh9f.mlw", line 274, characters 45-51:
Sub-goal variant decrease of goal size'vc.
Prover result is: Valid (0.01s, 27484 steps).

File "/tmp/.pycsl_nir7mh9f.mlw", line 274, characters 36-42:
Sub-goal variant decrease of goal size'vc.
Prover result is: Valid (0.01s, 27506 steps).

File "/tmp/.pycsl_nir7mh9f.mlw", line 275, characters 40-46:
Sub-goal variant decrease of goal size'vc.
Prover result is: Valid (0.00s, 27484 steps).

File "/tmp/.pycsl_nir7mh9f.mlw", line 275, characters 30-37:
Sub-goal variant decrease of goal size'vc.
Prover result is: Valid (0.00s, 27506 steps).

File "/tmp/.pycsl_nir7mh9f.mlw", line 276, characters 40-46:
Sub-goal variant decrease of goal size'vc.
Prover result is: Valid (0.01s, 27488 steps).

File "/tmp/.pycsl_nir7mh9f.mlw", line 276, characters 31-37:
Sub-goal variant decrease of goal size'vc.
Prover result is: Valid (0.01s, 27510 steps).

File "/tmp/.pycsl_nir7mh9f.mlw", line 277, characters 34-40:
Sub-goal variant decrease of goal size'vc.
Prover result is: Valid (0.01s, 27492 steps).

File "/tmp/.pycsl_nir7mh9f.mlw", line 277, characters 25-31:
Sub-goal variant decrease of goal size'vc.
Prover result is: Valid (0.00s, 27514 steps).

File "/tmp/.pycsl_nir7mh9f.mlw", line 278, characters 25-31:
Sub-goal variant decrease of goal size'vc.
Prover result is: Valid (0.00s, 27500 steps).

File "/tmp/.pycsl_nir7mh9f.mlw", line 279, characters 29-35:
Sub-goal variant decrease of goal size'vc.
Prover result is: Valid (0.01s, 27508 steps).

File "/tmp/.pycsl_nir7mh9f.mlw", line 280, characters 30-36:
Sub-goal variant decrease of goal size'vc.
Prover result is: Valid (0.01s, 27538 steps).

File "/tmp/.pycsl_nir7mh9f.mlw", line 281, characters 30-36:
Sub-goal variant decrease of goal size'vc.
Prover result is: Valid (0.00s, 27542 steps).

File "/tmp/.pycsl_nir7mh9f.mlw", line 282, characters 35-41:
Sub-goal variant decrease of goal size'vc.
Prover result is: Valid (0.01s, 27544 steps).

File "/tmp/.pycsl_nir7mh9f.mlw", line 226, characters 14-25:
Sub-goal postcondition of goal size'vc.
Prover result is: Valid (0.02s, 122474 steps).

File "/tmp/.pycsl_nir7mh9f.mlw", line 287, characters 58-83:
Sub-goal goal of goal size_left_dec.
Prover result is: Valid (0.01s, 33173 steps).

File "/tmp/.pycsl_nir7mh9f.mlw", line 288, characters 58-84:
Sub-goal goal of goal size_right_dec.
Prover result is: Valid (0.01s, 33990 steps).

File "/tmp/.pycsl_nir7mh9f.mlw", line 291, characters 65-90:
Sub-goal goal of goal size_ifexpr_body_dec.
Prover result is: Valid (0.01s, 34813 steps).

File "/tmp/.pycsl_nir7mh9f.mlw", line 292, characters 67-94:
Sub-goal goal of goal size_ifexpr_orelse_dec.
Prover result is: Valid (0.01s, 35630 steps).

File "/tmp/.pycsl_nir7mh9f.mlw", line 295, characters 59-87:
Sub-goal goal of goal size_ter_fst_dec.
Prover result is: Valid (0.01s, 36526 steps).

File "/tmp/.pycsl_nir7mh9f.mlw", line 296, characters 59-87:
Sub-goal goal of goal size_ter_snd_dec.
Prover result is: Valid (0.01s, 37328 steps).

File "/tmp/.pycsl_nir7mh9f.mlw", line 297, characters 59-87:
Sub-goal goal of goal size_ter_thd_dec.
Prover result is: Valid (0.01s, 38156 steps).

File "/tmp/.pycsl_nir7mh9f.mlw", line 346, characters 57-84:
Sub-goal goal of goal size_svalue_dec.
Prover result is: Valid (0.01s, 38818 steps).

File "/tmp/.pycsl_nir7mh9f.mlw", line 347, characters 57-84:
Sub-goal goal of goal size_sindex_dec.
Prover result is: Valid (0.01s, 39635 steps).

File "/tmp/.pycsl_nir7mh9f.mlw", line 348, characters 63-90:
Sub-goal goal of goal size_object_dec.
Prover result is: Valid (0.01s, 40383 steps).

File "/tmp/.pycsl_nir7mh9f.mlw", line 349, characters 58-83:
Sub-goal goal of goal size_arg0_dec.
Prover result is: Valid (0.01s, 41306 steps).

File "/tmp/.pycsl_nir7mh9f.mlw", line 350, characters 59-84:
Sub-goal goal of goal size_elt0_dec.
Prover result is: Valid (0.01s, 42293 steps).

File "/tmp/.pycsl_nir7mh9f.mlw", line 351, characters 59-84:
Sub-goal goal of goal size_elt1_dec.
Prover result is: Valid (0.01s, 43110 steps).

File "/tmp/.pycsl_nir7mh9f.mlw", line 357, characters 48-55:
Sub-goal variant decrease of goal irlen'vc.
Prover result is: Valid (0.00s, 13142 steps).

File "/tmp/.pycsl_nir7mh9f.mlw", line 355, characters 14-25:
Sub-goal postcondition of goal irlen'vc.
Prover result is: Valid (0.01s, 46176 steps).

File "/tmp/.pycsl_nir7mh9f.mlw", line 361, characters 75-90:
Sub-goal variant decrease of goal irnth'vc.
Prover result is: Valid (0.01s, 13178 steps).

File "/tmp/.pycsl_nir7mh9f.mlw", line 367, characters 48-55:
Sub-goal variant decrease of goal iolen'vc.
Prover result is: Valid (0.01s, 13142 steps).

File "/tmp/.pycsl_nir7mh9f.mlw", line 365, characters 14-25:
Sub-goal postcondition of goal iolen'vc.
Prover result is: Valid (0.01s, 46176 steps).

File "/tmp/.pycsl_nir7mh9f.mlw", line 371, characters 72-87:
Sub-goal variant decrease of goal ionth'vc.
Prover result is: Valid (0.00s, 13178 steps).

File "/tmp/.pycsl_nir7mh9f.mlw", line 425, characters 16-147:
Sub-goal array creation size of goal _parser'vc.
Prover result is: Valid (0.01s, 5077 steps).

File "/tmp/.pycsl_nir7mh9f.mlw", line 421, characters 16-24:
Sub-goal type invariant of goal _parser'vc.
Prover result is: Valid (0.00s, 5437 steps).

File "/tmp/.pycsl_nir7mh9f.mlw", line 422, characters 16-41:
Sub-goal type invariant of goal _parser'vc.
Prover result is: Valid (0.00s, 7548 steps).

File "/tmp/.pycsl_nir7mh9f.mlw", line 423, characters 16-42:
Sub-goal type invariant of goal _parser'vc.
Prover result is: Valid (0.00s, 7565 steps).

File "/tmp/.pycsl_nir7mh9f.mlw", line 424, characters 16-88:
Sub-goal type invariant of goal _parser'vc.
Prover result is: Valid (0.01s, 49911 steps).

File "/tmp/.pycsl_nir7mh9f.mlw", line 637, characters 15-19:
Sub-goal postcondition of goal _N'vc.
Prover result is: Valid (0.01s, 5276 steps).

File "/tmp/.pycsl_nir7mh9f.mlw", line 671, characters 15-19:
Sub-goal postcondition of goal _is_aug'vc.
Prover result is: Valid (0.00s, 5276 steps).

File "/tmp/.pycsl_nir7mh9f.mlw", line 685, characters 15-19:
Sub-goal postcondition of goal _new'vc.
Prover result is: Valid (0.00s, 5276 steps).

File "/tmp/.pycsl_nir7mh9f.mlw", line 685, characters 15-19:
Sub-goal postcondition of goal _new'vc.
Prover result is: Valid (0.01s, 5285 steps).

File "/tmp/.pycsl_nir7mh9f.mlw", line 703, characters 18-56:
Sub-goal loop invariant init of goal _pad_whitespace'vc.
Prover result is: Valid (0.01s, 47591 steps).

File "/tmp/.pycsl_nir7mh9f.mlw", line 704, characters 16-48:
Sub-goal loop variant decrease of goal _pad_whitespace'vc.
Prover result is: Valid (0.01s, 23889 steps).

File "/tmp/.pycsl_nir7mh9f.mlw", line 703, characters 18-56:
Sub-goal loop invariant preservation of goal _pad_whitespace'vc.
Prover result is: Valid (0.01s, 50189 steps).

File "/tmp/.pycsl_nir7mh9f.mlw", line 704, characters 16-48:
Sub-goal loop variant decrease of goal _pad_whitespace'vc.
Prover result is: Valid (0.01s, 23949 steps).

File "/tmp/.pycsl_nir7mh9f.mlw", line 703, characters 18-56:
Sub-goal loop invariant preservation of goal _pad_whitespace'vc.
Prover result is: Valid (0.01s, 50242 steps).

File "/tmp/.pycsl_nir7mh9f.mlw", line 697, characters 15-19:
Sub-goal postcondition of goal _pad_whitespace'vc.
Prover result is: Valid (0.01s, 5309 steps).

File "/tmp/.pycsl_nir7mh9f.mlw", line 726, characters 9-26:
Sub-goal index in array bounds of goal _parser__advance'vc.
Prover result is: Valid (0.01s, 49670 steps).

File "/tmp/.pycsl_nir7mh9f.mlw", line 725, characters 4-6:
Sub-goal type invariant of goal _parser__advance'vc.
Prover result is: Valid (0.01s, 50630 steps).

File "/tmp/.pycsl_nir7mh9f.mlw", line 725, characters 4-6:
Sub-goal type invariant of goal _parser__advance'vc.
Prover result is: Valid (0.00s, 5542 steps).

File "/tmp/.pycsl_nir7mh9f.mlw", line 725, characters 4-6:
Sub-goal type invariant of goal _parser__advance'vc.
Prover result is: Valid (0.01s, 50315 steps).

File "/tmp/.pycsl_nir7mh9f.mlw", line 725, characters 4-6:
Sub-goal type invariant of goal _parser__advance'vc.
Prover result is: Valid (0.01s, 50924 steps).

File "/tmp/.pycsl_nir7mh9f.mlw", line 721, characters 67-96:
Sub-goal postcondition of goal _parser__advance'vc.
Prover result is: Valid (0.01s, 24406 steps).

File "/tmp/.pycsl_nir7mh9f.mlw", line 722, characters 15-39:
Sub-goal postcondition of goal _parser__advance'vc.
Prover result is: Valid (0.01s, 24465 steps).

File "/tmp/.pycsl_nir7mh9f.mlw", line 721, characters 67-96:
Sub-goal postcondition of goal _parser__advance'vc.
Prover result is: Valid (0.00s, 5540 steps).

File "/tmp/.pycsl_nir7mh9f.mlw", line 722, characters 15-39:
Sub-goal postcondition of goal _parser__advance'vc.
Prover result is: Valid (0.00s, 5544 steps).

File "/tmp/.pycsl_nir7mh9f.mlw", line 737, characters 4-21:
Sub-goal index in array bounds of goal _parser__cur'vc.
Prover result is: Valid (0.01s, 49670 steps).

File "/tmp/.pycsl_nir7mh9f.mlw", line 734, characters 15-45:
Sub-goal postcondition of goal _parser__cur'vc.
Prover result is: Valid (0.01s, 5295 steps).

File "/tmp/.pycsl_nir7mh9f.mlw", line 745, characters 9-28:
Sub-goal precondition of goal _parser__at_op'vc.
Prover result is: Valid (0.00s, 5295 steps).

File "/tmp/.pycsl_nir7mh9f.mlw", line 741, characters 33-92:
Sub-goal postcondition of goal _parser__at_op'vc.
Prover result is: Valid (0.01s, 19436 steps).

File "/tmp/.pycsl_nir7mh9f.mlw", line 754, characters 9-28:
Sub-goal precondition of goal _parser__at_kw'vc.
Prover result is: Valid (0.00s, 5295 steps).

File "/tmp/.pycsl_nir7mh9f.mlw", line 750, characters 33-91:
Sub-goal postcondition of goal _parser__at_kw'vc.
Prover result is: Valid (0.01s, 48621 steps).

File "/tmp/.pycsl_nir7mh9f.mlw", line 770, characters 8-71:
Sub-goal precondition of goal _parser__accept_op'vc.
Prover result is: Valid (0.01s, 6271 steps).

File "/tmp/.pycsl_nir7mh9f.mlw", line 771, characters 48-71:
Sub-goal precondition of goal _parser__accept_op'vc.
Prover result is: Valid (0.01s, 6472 steps).

File "/tmp/.pycsl_nir7mh9f.mlw", line 765, characters 47-70:
Sub-goal postcondition of goal _parser__accept_op'vc.
Prover result is: Valid (0.01s, 76688 steps).

File "/tmp/.pycsl_nir7mh9f.mlw", line 766, characters 15-39:
Sub-goal postcondition of goal _parser__accept_op'vc.
Prover result is: Valid (0.00s, 6575 steps).

File "/tmp/.pycsl_nir7mh9f.mlw", line 765, characters 47-70:
Sub-goal postcondition of goal _parser__accept_op'vc.
Prover result is: Valid (0.00s, 3704 steps).

File "/tmp/.pycsl_nir7mh9f.mlw", line 766, characters 15-39:
Sub-goal postcondition of goal _parser__accept_op'vc.
Prover result is: Valid (0.00s, 6475 steps).

File "/tmp/.pycsl_nir7mh9f.mlw", line 788, characters 13-76:
Sub-goal precondition of goal _parser__expect_kw'vc.
Prover result is: Valid (0.01s, 6271 steps).

File "/tmp/.pycsl_nir7mh9f.mlw", line 789, characters 76-82:
Sub-goal unreachable point of goal _parser__expect_kw'vc.
Prover result is: Valid (0.01s, 3701 steps).

File "/tmp/.pycsl_nir7mh9f.mlw", line 791, characters 4-27:
Sub-goal precondition of goal _parser__expect_kw'vc.
Prover result is: Valid (0.00s, 6472 steps).

File "/tmp/.pycsl_nir7mh9f.mlw", line 785, characters 15-38:
Sub-goal postcondition of goal _parser__expect_kw'vc.
Prover result is: Valid (0.02s, 76688 steps).

File "/tmp/.pycsl_nir7mh9f.mlw", line 800, characters 8-71:
Sub-goal precondition of goal _parser__accept_kw'vc.
Prover result is: Valid (0.00s, 6271 steps).

File "/tmp/.pycsl_nir7mh9f.mlw", line 801, characters 48-71:
Sub-goal precondition of goal _parser__accept_kw'vc.
Prover result is: Valid (0.00s, 6472 steps).

File "/tmp/.pycsl_nir7mh9f.mlw", line 795, characters 47-70:
Sub-goal postcondition of goal _parser__accept_kw'vc.
Prover result is: Valid (0.01s, 76688 steps).

File "/tmp/.pycsl_nir7mh9f.mlw", line 796, characters 15-39:
Sub-goal postcondition of goal _parser__accept_kw'vc.
Prover result is: Valid (0.01s, 6575 steps).

File "/tmp/.pycsl_nir7mh9f.mlw", line 795, characters 47-70:
Sub-goal postcondition of goal _parser__accept_kw'vc.
Prover result is: Valid (0.00s, 3704 steps).

File "/tmp/.pycsl_nir7mh9f.mlw", line 796, characters 15-39:
Sub-goal postcondition of goal _parser__accept_kw'vc.
Prover result is: Valid (0.01s, 6475 steps).

File "/tmp/.pycsl_nir7mh9f.mlw", line 814, characters 45-58:
Sub-goal index in array bounds of goal _parser__peek'vc.
Prover result is: Valid (0.01s, 49871 steps).

File "/tmp/.pycsl_nir7mh9f.mlw", line 814, characters 64-105:
Sub-goal index in array bounds of goal _parser__peek'vc.
Prover result is: Valid (0.01s, 49807 steps).

File "/tmp/.pycsl_nir7mh9f.mlw", line 809, characters 15-19:
Sub-goal postcondition of goal _parser__peek'vc.
Prover result is: Valid (0.01s, 5311 steps).

File "/tmp/.pycsl_nir7mh9f.mlw", line 821, characters 13-76:
Sub-goal precondition of goal _parser__expect_op'vc.
Prover result is: Valid (0.01s, 6271 steps).

File "/tmp/.pycsl_nir7mh9f.mlw", line 822, characters 68-74:
Sub-goal unreachable point of goal _parser__expect_op'vc.
Prover result is: Valid (0.01s, 3657 steps).

File "/tmp/.pycsl_nir7mh9f.mlw", line 824, characters 4-27:
Sub-goal precondition of goal _parser__expect_op'vc.
Prover result is: Valid (0.01s, 6472 steps).

File "/tmp/.pycsl_nir7mh9f.mlw", line 818, characters 15-38:
Sub-goal postcondition of goal _parser__expect_op'vc.
Prover result is: Valid (0.02s, 76688 steps).

File "/tmp/.pycsl_nir7mh9f.mlw", line 832, characters 21-40:
Sub-goal precondition of goal _parser___name_str'vc.
Prover result is: Valid (0.00s, 5295 steps).

File "/tmp/.pycsl_nir7mh9f.mlw", line 833, characters 49-55:
Sub-goal unreachable point of goal _parser___name_str'vc.
Prover result is: Valid (0.01s, 3185 steps).

File "/tmp/.pycsl_nir7mh9f.mlw", line 835, characters 17-40:
Sub-goal precondition of goal _parser___name_str'vc.
Prover result is: Valid (0.01s, 5477 steps).

File "/tmp/.pycsl_nir7mh9f.mlw", line 828, characters 15-38:
Sub-goal postcondition of goal _parser___name_str'vc.
Prover result is: Valid (0.01s, 54122 steps).

File "/tmp/.pycsl_nir7mh9f.mlw", line 829, characters 15-39:
Sub-goal postcondition of goal _parser___name_str'vc.
Prover result is: Valid (0.00s, 5580 steps).

File "/tmp/.pycsl_nir7mh9f.mlw", line 845, characters 9-28:
Sub-goal precondition of goal _parser___lambda_arg'vc.
Prover result is: Valid (0.00s, 5295 steps).

File "/tmp/.pycsl_nir7mh9f.mlw", line 846, characters 12-37:
Sub-goal precondition of goal _parser___lambda_arg'vc.
Prover result is: Valid (0.01s, 5473 steps).

File "/tmp/.pycsl_nir7mh9f.mlw", line 839, characters 15-38:
Sub-goal postcondition of goal _parser___lambda_arg'vc.
Prover result is: Valid (0.00s, 5516 steps).

File "/tmp/.pycsl_nir7mh9f.mlw", line 840, characters 15-39:
Sub-goal postcondition of goal _parser___lambda_arg'vc.
Prover result is: Valid (0.00s, 5521 steps).

File "/tmp/.pycsl_nir7mh9f.mlw", line 865, characters 8-68:
Sub-goal precondition of goal _parser__test_or_star_slice'vc.
Prover result is: Valid (0.00s, 6271 steps).

File "/tmp/.pycsl_nir7mh9f.mlw", line 866, characters 11-34:
Sub-goal precondition of goal _parser__test_or_star_slice'vc.
Prover result is: Valid (0.01s, 6472 steps).

File "/tmp/.pycsl_nir7mh9f.mlw", line 867, characters 11-31:
Sub-goal variant decrease of goal _parser__test_or_star_slice'vc.
Prover result is: Valid (0.02s, 76662 steps).

File "/tmp/.pycsl_nir7mh9f.mlw", line 867, characters 11-31:
Sub-goal precondition of goal _parser__test_or_star_slice'vc.
Prover result is: Valid (0.01s, 6558 steps).

File "/tmp/.pycsl_nir7mh9f.mlw", line 857, characters 15-19:
Sub-goal postcondition of goal _parser__test_or_star_slice'vc.
Prover result is: Valid (0.01s, 6585 steps).

File "/tmp/.pycsl_nir7mh9f.mlw", line 858, characters 15-39:
Sub-goal postcondition of goal _parser__test_or_star_slice'vc.
Prover result is: Valid (0.02s, 75839 steps).

File "/tmp/.pycsl_nir7mh9f.mlw", line 870, characters 28-48:
Sub-goal variant decrease of goal _parser__test_or_star_slice'vc.
Prover result is: Valid (0.02s, 67239 steps).

File "/tmp/.pycsl_nir7mh9f.mlw", line 870, characters 28-48:
Sub-goal precondition of goal _parser__test_or_star_slice'vc.
Prover result is: Valid (0.00s, 6470 steps).

File "/tmp/.pycsl_nir7mh9f.mlw", line 857, characters 15-19:
Sub-goal postcondition of goal _parser__test_or_star_slice'vc.
Prover result is: Valid (0.00s, 6497 steps).

File "/tmp/.pycsl_nir7mh9f.mlw", line 858, characters 15-39:
Sub-goal postcondition of goal _parser__test_or_star_slice'vc.
Prover result is: Valid (0.01s, 6502 steps).

File "/tmp/.pycsl_nir7mh9f.mlw", line 885, characters 9-28:
Sub-goal precondition of goal _parser___subscript_item'vc.
Prover result is: Valid (0.00s, 5295 steps).

File "/tmp/.pycsl_nir7mh9f.mlw", line 887, characters 13-73:
Sub-goal precondition of goal _parser___subscript_item'vc.
Prover result is: Valid (0.00s, 6454 steps).

File "/tmp/.pycsl_nir7mh9f.mlw", line 888, characters 24-58:
Sub-goal variant decrease of goal _parser___subscript_item'vc.
Prover result is: Valid (0.01s, 62217 steps).

File "/tmp/.pycsl_nir7mh9f.mlw", line 888, characters 24-58:
Sub-goal precondition of goal _parser___subscript_item'vc.
Prover result is: Valid (0.01s, 6455 steps).

File "/tmp/.pycsl_nir7mh9f.mlw", line 889, characters 15-75:
Sub-goal precondition of goal _parser___subscript_item'vc.
Prover result is: Valid (0.00s, 6574 steps).

File "/tmp/.pycsl_nir7mh9f.mlw", line 875, characters 15-19:
Sub-goal postcondition of goal _parser___subscript_item'vc.
Prover result is: Valid (0.00s, 6575 steps).

File "/tmp/.pycsl_nir7mh9f.mlw", line 876, characters 15-39:
Sub-goal postcondition of goal _parser___subscript_item'vc.
Prover result is: Valid (0.00s, 6580 steps).

File "/tmp/.pycsl_nir7mh9f.mlw", line 893, characters 12-41:
Sub-goal precondition of goal _parser___subscript_item'vc.
Prover result is: Valid (0.01s, 6608 steps).

File "/tmp/.pycsl_nir7mh9f.mlw", line 894, characters 23-83:
Sub-goal precondition of goal _parser___subscript_item'vc.
Prover result is: Valid (0.00s, 6725 steps).

File "/tmp/.pycsl_nir7mh9f.mlw", line 894, characters 100-160:
Sub-goal precondition of goal _parser___subscript_item'vc.
Prover result is: Valid (0.01s, 6809 steps).

File "/tmp/.pycsl_nir7mh9f.mlw", line 894, characters 198-258:
Sub-goal precondition of goal _parser___subscript_item'vc.
Prover result is: Valid (0.01s, 7012 steps).

File "/tmp/.pycsl_nir7mh9f.mlw", line 895, characters 24-44:
Sub-goal variant decrease of goal _parser___subscript_item'vc.
Prover result is: Valid (0.02s, 89581 steps).

File "/tmp/.pycsl_nir7mh9f.mlw", line 895, characters 24-44:
Sub-goal precondition of goal _parser___subscript_item'vc.
Prover result is: Valid (0.01s, 7097 steps).

File "/tmp/.pycsl_nir7mh9f.mlw", line 897, characters 14-43:
Sub-goal precondition of goal _parser___subscript_item'vc.
Prover result is: Valid (0.00s, 7133 steps).

File "/tmp/.pycsl_nir7mh9f.mlw", line 898, characters 20-80:
Sub-goal precondition of goal _parser___subscript_item'vc.
Prover result is: Valid (0.01s, 7282 steps).

File "/tmp/.pycsl_nir7mh9f.mlw", line 898, characters 97-157:
Sub-goal precondition of goal _parser___subscript_item'vc.
Prover result is: Valid (0.00s, 7368 steps).

File "/tmp/.pycsl_nir7mh9f.mlw", line 899, characters 25-45:
Sub-goal variant decrease of goal _parser___subscript_item'vc.
Prover result is: Valid (0.02s, 92709 steps).

File "/tmp/.pycsl_nir7mh9f.mlw", line 899, characters 25-45:
Sub-goal precondition of goal _parser___subscript_item'vc.
Prover result is: Valid (0.01s, 7486 steps).

File "/tmp/.pycsl_nir7mh9f.mlw", line 875, characters 15-19:
Sub-goal postcondition of goal _parser___subscript_item'vc.
Prover result is: Valid (0.01s, 7522 steps).

File "/tmp/.pycsl_nir7mh9f.mlw", line 876, characters 15-39:
Sub-goal postcondition of goal _parser___subscript_item'vc.
Prover result is: Valid (0.02s, 89737 steps).

File "/tmp/.pycsl_nir7mh9f.mlw", line 875, characters 15-19:
Sub-goal postcondition of goal _parser___subscript_item'vc.
Prover result is: Valid (0.01s, 7484 steps).

File "/tmp/.pycsl_nir7mh9f.mlw", line 876, characters 15-39:
Sub-goal postcondition of goal _parser___subscript_item'vc.
Prover result is: Valid (0.02s, 95588 steps).

File "/tmp/.pycsl_nir7mh9f.mlw", line 875, characters 15-19:
Sub-goal postcondition of goal _parser___subscript_item'vc.
Prover result is: Valid (0.01s, 7210 steps).

File "/tmp/.pycsl_nir7mh9f.mlw", line 876, characters 15-39:
Sub-goal postcondition of goal _parser___subscript_item'vc.
Prover result is: Valid (0.02s, 87794 steps).

File "/tmp/.pycsl_nir7mh9f.mlw", line 897, characters 14-43:
Sub-goal precondition of goal _parser___subscript_item'vc.
Prover result is: Valid (0.01s, 7095 steps).

File "/tmp/.pycsl_nir7mh9f.mlw", line 898, characters 20-80:
Sub-goal precondition of goal _parser___subscript_item'vc.
Prover result is: Valid (0.00s, 7242 steps).

File "/tmp/.pycsl_nir7mh9f.mlw", line 898, characters 97-157:
Sub-goal precondition of goal _parser___subscript_item'vc.
Prover result is: Valid (0.00s, 7328 steps).

File "/tmp/.pycsl_nir7mh9f.mlw", line 899, characters 25-45:
Sub-goal variant decrease of goal _parser___subscript_item'vc.
Prover result is: Valid (0.02s, 93403 steps).

File "/tmp/.pycsl_nir7mh9f.mlw", line 899, characters 25-45:
Sub-goal precondition of goal _parser___subscript_item'vc.
Prover result is: Valid (0.01s, 7446 steps).

File "/tmp/.pycsl_nir7mh9f.mlw", line 875, characters 15-19:
Sub-goal postcondition of goal _parser___subscript_item'vc.
Prover result is: Valid (0.01s, 7482 steps).

File "/tmp/.pycsl_nir7mh9f.mlw", line 876, characters 15-39:
Sub-goal postcondition of goal _parser___subscript_item'vc.
Prover result is: Valid (0.02s, 90394 steps).

File "/tmp/.pycsl_nir7mh9f.mlw", line 875, characters 15-19:
Sub-goal postcondition of goal _parser___subscript_item'vc.
Prover result is: Valid (0.00s, 7444 steps).

File "/tmp/.pycsl_nir7mh9f.mlw", line 876, characters 15-39:
Sub-goal postcondition of goal _parser___subscript_item'vc.
Prover result is: Valid (0.02s, 90238 steps).

File "/tmp/.pycsl_nir7mh9f.mlw", line 875, characters 15-19:
Sub-goal postcondition of goal _parser___subscript_item'vc.
Prover result is: Valid (0.00s, 7170 steps).

File "/tmp/.pycsl_nir7mh9f.mlw", line 876, characters 15-39:
Sub-goal postcondition of goal _parser___subscript_item'vc.
Prover result is: Valid (0.02s, 85392 steps).

File "/tmp/.pycsl_nir7mh9f.mlw", line 893, characters 12-41:
Sub-goal precondition of goal _parser___subscript_item'vc.
Prover result is: Valid (0.00s, 6484 steps).

File "/tmp/.pycsl_nir7mh9f.mlw", line 894, characters 23-83:
Sub-goal precondition of goal _parser___subscript_item'vc.
Prover result is: Valid (0.00s, 6601 steps).

File "/tmp/.pycsl_nir7mh9f.mlw", line 894, characters 100-160:
Sub-goal precondition of goal _parser___subscript_item'vc.
Prover result is: Valid (0.00s, 6687 steps).

File "/tmp/.pycsl_nir7mh9f.mlw", line 894, characters 198-258:
Sub-goal precondition of goal _parser___subscript_item'vc.
Prover result is: Valid (0.01s, 6890 steps).

File "/tmp/.pycsl_nir7mh9f.mlw", line 895, characters 24-44:
Sub-goal variant decrease of goal _parser___subscript_item'vc.
Prover result is: Valid (0.02s, 87703 steps).

File "/tmp/.pycsl_nir7mh9f.mlw", line 895, characters 24-44:
Sub-goal precondition of goal _parser___subscript_item'vc.
Prover result is: Valid (0.01s, 6973 steps).

File "/tmp/.pycsl_nir7mh9f.mlw", line 897, characters 14-43:
Sub-goal precondition of goal _parser___subscript_item'vc.
Prover result is: Valid (0.00s, 7009 steps).

File "/tmp/.pycsl_nir7mh9f.mlw", line 898, characters 20-80:
Sub-goal precondition of goal _parser___subscript_item'vc.
Prover result is: Valid (0.00s, 7160 steps).

File "/tmp/.pycsl_nir7mh9f.mlw", line 898, characters 97-157:
Sub-goal precondition of goal _parser___subscript_item'vc.
Prover result is: Valid (0.01s, 7246 steps).

File "/tmp/.pycsl_nir7mh9f.mlw", line 899, characters 25-45:
Sub-goal variant decrease of goal _parser___subscript_item'vc.
Prover result is: Valid (0.02s, 91887 steps).

File "/tmp/.pycsl_nir7mh9f.mlw", line 899, characters 25-45:
Sub-goal precondition of goal _parser___subscript_item'vc.
Prover result is: Valid (0.01s, 7364 steps).

File "/tmp/.pycsl_nir7mh9f.mlw", line 875, characters 15-19:
Sub-goal postcondition of goal _parser___subscript_item'vc.
Prover result is: Valid (0.01s, 7400 steps).

File "/tmp/.pycsl_nir7mh9f.mlw", line 876, characters 15-39:
Sub-goal postcondition of goal _parser___subscript_item'vc.
Prover result is: Valid (0.02s, 89136 steps).

File "/tmp/.pycsl_nir7mh9f.mlw", line 875, characters 15-19:
Sub-goal postcondition of goal _parser___subscript_item'vc.
Prover result is: Valid (0.00s, 7362 steps).

File "/tmp/.pycsl_nir7mh9f.mlw", line 876, characters 15-39:
Sub-goal postcondition of goal _parser___subscript_item'vc.
Prover result is: Valid (0.02s, 94970 steps).

File "/tmp/.pycsl_nir7mh9f.mlw", line 875, characters 15-19:
Sub-goal postcondition of goal _parser___subscript_item'vc.
Prover result is: Valid (0.00s, 7086 steps).

File "/tmp/.pycsl_nir7mh9f.mlw", line 876, characters 15-39:
Sub-goal postcondition of goal _parser___subscript_item'vc.
Prover result is: Valid (0.02s, 87210 steps).

File "/tmp/.pycsl_nir7mh9f.mlw", line 897, characters 14-43:
Sub-goal precondition of goal _parser___subscript_item'vc.
Prover result is: Valid (0.01s, 6971 steps).

File "/tmp/.pycsl_nir7mh9f.mlw", line 898, characters 20-80:
Sub-goal precondition of goal _parser___subscript_item'vc.
Prover result is: Valid (0.01s, 7120 steps).

File "/tmp/.pycsl_nir7mh9f.mlw", line 898, characters 97-157:
Sub-goal precondition of goal _parser___subscript_item'vc.
Prover result is: Valid (0.01s, 7206 steps).

File "/tmp/.pycsl_nir7mh9f.mlw", line 899, characters 25-45:
Sub-goal variant decrease of goal _parser___subscript_item'vc.
Prover result is: Valid (0.02s, 92607 steps).

File "/tmp/.pycsl_nir7mh9f.mlw", line 899, characters 25-45:
Sub-goal precondition of goal _parser___subscript_item'vc.
Prover result is: Valid (0.01s, 7324 steps).

File "/tmp/.pycsl_nir7mh9f.mlw", line 875, characters 15-19:
Sub-goal postcondition of goal _parser___subscript_item'vc.
Prover result is: Valid (0.01s, 7360 steps).

File "/tmp/.pycsl_nir7mh9f.mlw", line 876, characters 15-39:
Sub-goal postcondition of goal _parser___subscript_item'vc.
Prover result is: Valid (0.02s, 89806 steps).

File "/tmp/.pycsl_nir7mh9f.mlw", line 875, characters 15-19:
Sub-goal postcondition of goal _parser___subscript_item'vc.
Prover result is: Valid (0.01s, 7322 steps).

File "/tmp/.pycsl_nir7mh9f.mlw", line 876, characters 15-39:
Sub-goal postcondition of goal _parser___subscript_item'vc.
Prover result is: Valid (0.02s, 89655 steps).

File "/tmp/.pycsl_nir7mh9f.mlw", line 875, characters 15-19:
Sub-goal postcondition of goal _parser___subscript_item'vc.
Prover result is: Valid (0.00s, 7046 steps).

File "/tmp/.pycsl_nir7mh9f.mlw", line 876, characters 15-39:
Sub-goal postcondition of goal _parser___subscript_item'vc.
Prover result is: Valid (0.02s, 84837 steps).

File "/tmp/.pycsl_nir7mh9f.mlw", line 916, characters 9-28:
Sub-goal precondition of goal _parser___subscript'vc.
Prover result is: Valid (0.00s, 5295 steps).

File "/tmp/.pycsl_nir7mh9f.mlw", line 917, characters 29-60:
Sub-goal variant decrease of goal _parser___subscript'vc.
Prover result is: Valid (0.01s, 50585 steps).

File "/tmp/.pycsl_nir7mh9f.mlw", line 917, characters 29-60:
Sub-goal precondition of goal _parser___subscript'vc.
Prover result is: Valid (0.01s, 5473 steps).

File "/tmp/.pycsl_nir7mh9f.mlw", line 923, characters 18-72:
Sub-goal loop invariant init of goal _parser___subscript'vc.
Prover result is: Valid (0.01s, 66090 steps).

File "/tmp/.pycsl_nir7mh9f.mlw", line 924, characters 18-34:
Sub-goal loop invariant init of goal _parser___subscript'vc.
Prover result is: Valid (0.01s, 19123 steps).

File "/tmp/.pycsl_nir7mh9f.mlw", line 922, characters 17-46:
Sub-goal type invariant of goal _parser___subscript'vc.
Prover result is: Valid (0.00s, 6534 steps).

File "/tmp/.pycsl_nir7mh9f.mlw", line 922, characters 17-46:
Sub-goal type invariant of goal _parser___subscript'vc.
Prover result is: Valid (0.01s, 6541 steps).

File "/tmp/.pycsl_nir7mh9f.mlw", line 922, characters 17-46:
Sub-goal type invariant of goal _parser___subscript'vc.
Prover result is: Valid (0.01s, 65110 steps).

File "/tmp/.pycsl_nir7mh9f.mlw", line 922, characters 17-46:
Sub-goal type invariant of goal _parser___subscript'vc.
Prover result is: Valid (0.01s, 65977 steps).

File "/tmp/.pycsl_nir7mh9f.mlw", line 922, characters 17-46:
Sub-goal precondition of goal _parser___subscript'vc.
Prover result is: Valid (0.00s, 6549 steps).

File "/tmp/.pycsl_nir7mh9f.mlw", line 927, characters 10-70:
Sub-goal precondition of goal _parser___subscript'vc.
Prover result is: Valid (0.00s, 7207 steps).

File "/tmp/.pycsl_nir7mh9f.mlw", line 906, characters 15-19:
Sub-goal postcondition of goal _parser___subscript'vc.
Prover result is: Valid (0.01s, 7298 steps).

File "/tmp/.pycsl_nir7mh9f.mlw", line 907, characters 15-39:
Sub-goal postcondition of goal _parser___subscript'vc.
Prover result is: Valid (0.01s, 12235 steps).

File "/tmp/.pycsl_nir7mh9f.mlw", line 906, characters 15-19:
Sub-goal postcondition of goal _parser___subscript'vc.
Prover result is: Valid (0.01s, 7498 steps).

File "/tmp/.pycsl_nir7mh9f.mlw", line 907, characters 15-39:
Sub-goal postcondition of goal _parser___subscript'vc.
Prover result is: Valid (0.02s, 89196 steps).

File "/tmp/.pycsl_nir7mh9f.mlw", line 931, characters 29-60:
Sub-goal variant decrease of goal _parser___subscript'vc.
Prover result is: Valid (0.02s, 80467 steps).

File "/tmp/.pycsl_nir7mh9f.mlw", line 931, characters 29-60:
Sub-goal precondition of goal _parser___subscript'vc.
Prover result is: Valid (0.01s, 7244 steps).

File "/tmp/.pycsl_nir7mh9f.mlw", line 925, characters 16-51:
Sub-goal loop variant decrease of goal _parser___subscript'vc.
Prover result is: Valid (0.02s, 109782 steps).

File "/tmp/.pycsl_nir7mh9f.mlw", line 923, characters 18-72:
Sub-goal loop invariant preservation of goal _parser___subscript'vc.
Prover result is: Valid (0.02s, 90170 steps).

File "/tmp/.pycsl_nir7mh9f.mlw", line 924, characters 18-34:
Sub-goal loop invariant preservation of goal _parser___subscript'vc.
Prover result is: Valid (0.02s, 87717 steps).

File "/tmp/.pycsl_nir7mh9f.mlw", line 906, characters 15-19:
Sub-goal postcondition of goal _parser___subscript'vc.
Prover result is: Valid (0.00s, 6685 steps).

File "/tmp/.pycsl_nir7mh9f.mlw", line 907, characters 15-39:
Sub-goal postcondition of goal _parser___subscript'vc.
Prover result is: Valid (0.01s, 76663 steps).

File "/tmp/.pycsl_nir7mh9f.mlw", line 906, characters 15-19:
Sub-goal postcondition of goal _parser___subscript'vc.
Prover result is: Valid (0.00s, 6885 steps).

File "/tmp/.pycsl_nir7mh9f.mlw", line 907, characters 15-39:
Sub-goal postcondition of goal _parser___subscript'vc.
Prover result is: Valid (0.02s, 79013 steps).

File "/tmp/.pycsl_nir7mh9f.mlw", line 957, characters 8-73:
Sub-goal precondition of goal _parser__test'vc.
Prover result is: Valid (0.00s, 6271 steps).

File "/tmp/.pycsl_nir7mh9f.mlw", line 958, characters 28-51:
Sub-goal variant decrease of goal _parser__test'vc.
Prover result is: Valid (0.01s, 73011 steps).

File "/tmp/.pycsl_nir7mh9f.mlw", line 958, characters 28-51:
Sub-goal precondition of goal _parser__test'vc.
Prover result is: Valid (0.00s, 6472 steps).

File "/tmp/.pycsl_nir7mh9f.mlw", line 947, characters 15-19:
Sub-goal postcondition of goal _parser__test'vc.
Prover result is: Valid (0.00s, 6499 steps).

File "/tmp/.pycsl_nir7mh9f.mlw", line 948, characters 15-39:
Sub-goal postcondition of goal _parser__test'vc.
Prover result is: Valid (0.01s, 6504 steps).

File "/tmp/.pycsl_nir7mh9f.mlw", line 960, characters 11-30:
Sub-goal precondition of goal _parser__test'vc.
Prover result is: Valid (0.01s, 6470 steps).

File "/tmp/.pycsl_nir7mh9f.mlw", line 961, characters 14-37:
Sub-goal variant decrease of goal _parser__test'vc.
Prover result is: Valid (0.02s, 67662 steps).

File "/tmp/.pycsl_nir7mh9f.mlw", line 961, characters 14-37:
Sub-goal precondition of goal _parser__test'vc.
Prover result is: Valid (0.01s, 6477 steps).

File "/tmp/.pycsl_nir7mh9f.mlw", line 962, characters 10-71:
Sub-goal precondition of goal _parser__test'vc.
Prover result is: Valid (0.01s, 6591 steps).

File "/tmp/.pycsl_nir7mh9f.mlw", line 963, characters 16-39:
Sub-goal precondition of goal _parser__test'vc.
Prover result is: Valid (0.01s, 6625 steps).

File "/tmp/.pycsl_nir7mh9f.mlw", line 964, characters 16-39:
Sub-goal variant decrease of goal _parser__test'vc.
Prover result is: Valid (0.02s, 81978 steps).

File "/tmp/.pycsl_nir7mh9f.mlw", line 964, characters 16-39:
Sub-goal precondition of goal _parser__test'vc.
Prover result is: Valid (0.00s, 6711 steps).

File "/tmp/.pycsl_nir7mh9f.mlw", line 965, characters 16-48:
Sub-goal precondition of goal _parser__test'vc.
Prover result is: Valid (0.01s, 6738 steps).

File "/tmp/.pycsl_nir7mh9f.mlw", line 966, characters 18-38:
Sub-goal variant decrease of goal _parser__test'vc.
Prover result is: Valid (0.02s, 83321 steps).

File "/tmp/.pycsl_nir7mh9f.mlw", line 966, characters 18-38:
Sub-goal precondition of goal _parser__test'vc.
Prover result is: Valid (0.01s, 6774 steps).

File "/tmp/.pycsl_nir7mh9f.mlw", line 947, characters 15-19:
Sub-goal postcondition of goal _parser__test'vc.
Prover result is: Valid (0.01s, 6803 steps).

File "/tmp/.pycsl_nir7mh9f.mlw", line 948, characters 15-39:
Sub-goal postcondition of goal _parser__test'vc.
Prover result is: Valid (0.02s, 80688 steps).

File "/tmp/.pycsl_nir7mh9f.mlw", line 947, characters 15-19:
Sub-goal postcondition of goal _parser__test'vc.
Prover result is: Valid (0.01s, 6623 steps).

File "/tmp/.pycsl_nir7mh9f.mlw", line 948, characters 15-39:
Sub-goal postcondition of goal _parser__test'vc.
Prover result is: Valid (0.00s, 6628 steps).

File "/tmp/.pycsl_nir7mh9f.mlw", line 1000, characters 18-72:
Sub-goal loop invariant init of goal _parser__lambda_parameters'vc.
Prover result is: Valid (0.01s, 49777 steps).

File "/tmp/.pycsl_nir7mh9f.mlw", line 1001, characters 18-33:
Sub-goal loop invariant init of goal _parser__lambda_parameters'vc.
Prover result is: Valid (0.01s, 14170 steps).

File "/tmp/.pycsl_nir7mh9f.mlw", line 999, characters 16-76:
Sub-goal type invariant of goal _parser__lambda_parameters'vc.
Prover result is: Valid (0.00s, 6461 steps).

File "/tmp/.pycsl_nir7mh9f.mlw", line 999, characters 16-76:
Sub-goal type invariant of goal _parser__lambda_parameters'vc.
Prover result is: Valid (0.00s, 6468 steps).

File "/tmp/.pycsl_nir7mh9f.mlw", line 999, characters 16-76:
Sub-goal type invariant of goal _parser__lambda_parameters'vc.
Prover result is: Valid (0.01s, 66441 steps).

File "/tmp/.pycsl_nir7mh9f.mlw", line 999, characters 16-76:
Sub-goal type invariant of goal _parser__lambda_parameters'vc.
Prover result is: Valid (0.01s, 68258 steps).

File "/tmp/.pycsl_nir7mh9f.mlw", line 999, characters 16-76:
Sub-goal precondition of goal _parser__lambda_parameters'vc.
Prover result is: Valid (0.00s, 6476 steps).

File "/tmp/.pycsl_nir7mh9f.mlw", line 1004, characters 10-70:
Sub-goal precondition of goal _parser__lambda_parameters'vc.
Prover result is: Valid (0.00s, 6564 steps).

File "/tmp/.pycsl_nir7mh9f.mlw", line 1005, characters 16-39:
Sub-goal precondition of goal _parser__lambda_parameters'vc.
Prover result is: Valid (0.01s, 6680 steps).

File "/tmp/.pycsl_nir7mh9f.mlw", line 1008, characters 16-45:
Sub-goal precondition of goal _parser__lambda_parameters'vc.
Prover result is: Valid (0.01s, 6803 steps).

File "/tmp/.pycsl_nir7mh9f.mlw", line 1002, characters 16-51:
Sub-goal loop variant decrease of goal _parser__lambda_parameters'vc.
Prover result is: Valid (0.02s, 93977 steps).

File "/tmp/.pycsl_nir7mh9f.mlw", line 1000, characters 18-72:
Sub-goal loop invariant preservation of goal _parser__lambda_parameters'vc.
Prover result is: Valid (0.02s, 88671 steps).

File "/tmp/.pycsl_nir7mh9f.mlw", line 1001, characters 18-33:
Sub-goal loop invariant preservation of goal _parser__lambda_parameters'vc.
Prover result is: Valid (0.01s, 86602 steps).

File "/tmp/.pycsl_nir7mh9f.mlw", line 1011, characters 10-70:
Sub-goal precondition of goal _parser__lambda_parameters'vc.
Prover result is: Valid (0.00s, 6763 steps).

File "/tmp/.pycsl_nir7mh9f.mlw", line 1012, characters 16-39:
Sub-goal precondition of goal _parser__lambda_parameters'vc.
Prover result is: Valid (0.00s, 6789 steps).

File "/tmp/.pycsl_nir7mh9f.mlw", line 1013, characters 17-77:
Sub-goal precondition of goal _parser__lambda_parameters'vc.
Prover result is: Valid (0.01s, 6945 steps).

File "/tmp/.pycsl_nir7mh9f.mlw", line 1013, characters 88-148:
Sub-goal precondition of goal _parser__lambda_parameters'vc.
Prover result is: Valid (0.01s, 7025 steps).

File "/tmp/.pycsl_nir7mh9f.mlw", line 1019, characters 16-45:
Sub-goal precondition of goal _parser__lambda_parameters'vc.
Prover result is: Valid (0.01s, 7160 steps).

File "/tmp/.pycsl_nir7mh9f.mlw", line 1002, characters 16-51:
Sub-goal loop variant decrease of goal _parser__lambda_parameters'vc.
Prover result is: Valid (0.02s, 101992 steps).

File "/tmp/.pycsl_nir7mh9f.mlw", line 1000, characters 18-72:
Sub-goal loop invariant preservation of goal _parser__lambda_parameters'vc.
Prover result is: Valid (0.02s, 91930 steps).

File "/tmp/.pycsl_nir7mh9f.mlw", line 1001, characters 18-33:
Sub-goal loop invariant preservation of goal _parser__lambda_parameters'vc.
Prover result is: Valid (0.02s, 88915 steps).

File "/tmp/.pycsl_nir7mh9f.mlw", line 1016, characters 29-56:
Sub-goal precondition of goal _parser__lambda_parameters'vc.
Prover result is: Valid (0.01s, 7153 steps).

File "/tmp/.pycsl_nir7mh9f.mlw", line 1019, characters 16-45:
Sub-goal precondition of goal _parser__lambda_parameters'vc.
Prover result is: Valid (0.00s, 7206 steps).

File "/tmp/.pycsl_nir7mh9f.mlw", line 1002, characters 16-51:
Sub-goal loop variant decrease of goal _parser__lambda_parameters'vc.
Prover result is: Valid (0.02s, 90089 steps).

File "/tmp/.pycsl_nir7mh9f.mlw", line 1000, characters 18-72:
Sub-goal loop invariant preservation of goal _parser__lambda_parameters'vc.
Prover result is: Valid (0.02s, 92225 steps).

File "/tmp/.pycsl_nir7mh9f.mlw", line 1001, characters 18-33:
Sub-goal loop invariant preservation of goal _parser__lambda_parameters'vc.
Prover result is: Valid (0.02s, 88862 steps).

File "/tmp/.pycsl_nir7mh9f.mlw", line 1022, characters 10-71:
Sub-goal precondition of goal _parser__lambda_parameters'vc.
Prover result is: Valid (0.00s, 6872 steps).

File "/tmp/.pycsl_nir7mh9f.mlw", line 1023, characters 16-39:
Sub-goal precondition of goal _parser__lambda_parameters'vc.
Prover result is: Valid (0.00s, 6892 steps).

File "/tmp/.pycsl_nir7mh9f.mlw", line 1024, characters 26-53:
Sub-goal precondition of goal _parser__lambda_parameters'vc.
Prover result is: Valid (0.01s, 6963 steps).

File "/tmp/.pycsl_nir7mh9f.mlw", line 1025, characters 16-45:
Sub-goal precondition of goal _parser__lambda_parameters'vc.
Prover result is: Valid (0.01s, 7011 steps).

File "/tmp/.pycsl_nir7mh9f.mlw", line 1002, characters 16-51:
Sub-goal loop variant decrease of goal _parser__lambda_parameters'vc.
Prover result is: Valid (0.02s, 88899 steps).

File "/tmp/.pycsl_nir7mh9f.mlw", line 1000, characters 18-72:
Sub-goal loop invariant preservation of goal _parser__lambda_parameters'vc.
Prover result is: Valid (0.02s, 91045 steps).

File "/tmp/.pycsl_nir7mh9f.mlw", line 1001, characters 18-33:
Sub-goal loop invariant preservation of goal _parser__lambda_parameters'vc.
Prover result is: Valid (0.02s, 87686 steps).

File "/tmp/.pycsl_nir7mh9f.mlw", line 1028, characters 11-38:
Sub-goal precondition of goal _parser__lambda_parameters'vc.
Prover result is: Valid (0.00s, 6890 steps).

File "/tmp/.pycsl_nir7mh9f.mlw", line 1030, characters 16-45:
Sub-goal precondition of goal _parser__lambda_parameters'vc.
Prover result is: Valid (0.01s, 6934 steps).

File "/tmp/.pycsl_nir7mh9f.mlw", line 1031, characters 28-48:
Sub-goal variant decrease of goal _parser__lambda_parameters'vc.
Prover result is: Valid (0.02s, 81754 steps).

File "/tmp/.pycsl_nir7mh9f.mlw", line 1031, characters 28-48:
Sub-goal precondition of goal _parser__lambda_parameters'vc.
Prover result is: Valid (0.00s, 7000 steps).

File "/tmp/.pycsl_nir7mh9f.mlw", line 1042, characters 14-43:
Sub-goal precondition of goal _parser__lambda_parameters'vc.
Prover result is: Valid (0.01s, 9122 steps).

File "/tmp/.pycsl_nir7mh9f.mlw", line 1002, characters 16-51:
Sub-goal loop variant decrease of goal _parser__lambda_parameters'vc.
Prover result is: Valid (0.02s, 119977 steps).

File "/tmp/.pycsl_nir7mh9f.mlw", line 1000, characters 18-72:
Sub-goal loop invariant preservation of goal _parser__lambda_parameters'vc.
Prover result is: Valid (0.02s, 123015 steps).

File "/tmp/.pycsl_nir7mh9f.mlw", line 1001, characters 18-33:
Sub-goal loop invariant preservation of goal _parser__lambda_parameters'vc.
Prover result is: Valid (0.02s, 118351 steps).

File "/tmp/.pycsl_nir7mh9f.mlw", line 1042, characters 14-43:
Sub-goal precondition of goal _parser__lambda_parameters'vc.
Prover result is: Valid (0.00s, 8467 steps).

File "/tmp/.pycsl_nir7mh9f.mlw", line 1002, characters 16-51:
Sub-goal loop variant decrease of goal _parser__lambda_parameters'vc.
Prover result is: Valid (0.02s, 106812 steps).

File "/tmp/.pycsl_nir7mh9f.mlw", line 1000, characters 18-72:
Sub-goal loop invariant preservation of goal _parser__lambda_parameters'vc.
Prover result is: Valid (0.02s, 110054 steps).

File "/tmp/.pycsl_nir7mh9f.mlw", line 1001, characters 18-33:
Sub-goal loop invariant preservation of goal _parser__lambda_parameters'vc.
Prover result is: Valid (0.02s, 105212 steps).

File "/tmp/.pycsl_nir7mh9f.mlw", line 1042, characters 14-43:
Sub-goal precondition of goal _parser__lambda_parameters'vc.
Prover result is: Valid (0.01s, 8330 steps).

File "/tmp/.pycsl_nir7mh9f.mlw", line 1002, characters 16-51:
Sub-goal loop variant decrease of goal _parser__lambda_parameters'vc.
Prover result is: Valid (0.01s, 31940 steps).

File "/tmp/.pycsl_nir7mh9f.mlw", line 1000, characters 18-72:
Sub-goal loop invariant preservation of goal _parser__lambda_parameters'vc.
Prover result is: Valid (0.01s, 31800 steps).

File "/tmp/.pycsl_nir7mh9f.mlw", line 1001, characters 18-33:
Sub-goal loop invariant preservation of goal _parser__lambda_parameters'vc.
Prover result is: Valid (0.01s, 31791 steps).

File "/tmp/.pycsl_nir7mh9f.mlw", line 1042, characters 14-43:
Sub-goal precondition of goal _parser__lambda_parameters'vc.
Prover result is: Valid (0.00s, 9095 steps).

File "/tmp/.pycsl_nir7mh9f.mlw", line 1002, characters 16-51:
Sub-goal loop variant decrease of goal _parser__lambda_parameters'vc.
Prover result is: Valid (0.02s, 119373 steps).

File "/tmp/.pycsl_nir7mh9f.mlw", line 1000, characters 18-72:
Sub-goal loop invariant preservation of goal _parser__lambda_parameters'vc.
Prover result is: Valid (0.02s, 122164 steps).

File "/tmp/.pycsl_nir7mh9f.mlw", line 1001, characters 18-33:
Sub-goal loop invariant preservation of goal _parser__lambda_parameters'vc.
Prover result is: Valid (0.02s, 117806 steps).

File "/tmp/.pycsl_nir7mh9f.mlw", line 1042, characters 14-43:
Sub-goal precondition of goal _parser__lambda_parameters'vc.
Prover result is: Valid (0.01s, 8440 steps).

File "/tmp/.pycsl_nir7mh9f.mlw", line 1002, characters 16-51:
Sub-goal loop variant decrease of goal _parser__lambda_parameters'vc.
Prover result is: Valid (0.01s, 14489 steps).

File "/tmp/.pycsl_nir7mh9f.mlw", line 1000, characters 18-72:
Sub-goal loop invariant preservation of goal _parser__lambda_parameters'vc.
Prover result is: Valid (0.01s, 14447 steps).

File "/tmp/.pycsl_nir7mh9f.mlw", line 1001, characters 18-33:
Sub-goal loop invariant preservation of goal _parser__lambda_parameters'vc.
Prover result is: Valid (0.00s, 14450 steps).

File "/tmp/.pycsl_nir7mh9f.mlw", line 1042, characters 14-43:
Sub-goal precondition of goal _parser__lambda_parameters'vc.
Prover result is: Valid (0.00s, 8303 steps).

File "/tmp/.pycsl_nir7mh9f.mlw", line 1002, characters 16-51:
Sub-goal loop variant decrease of goal _parser__lambda_parameters'vc.
Prover result is: Valid (0.02s, 104257 steps).

File "/tmp/.pycsl_nir7mh9f.mlw", line 1000, characters 18-72:
Sub-goal loop invariant preservation of goal _parser__lambda_parameters'vc.
Prover result is: Valid (0.02s, 106745 steps).

File "/tmp/.pycsl_nir7mh9f.mlw", line 1001, characters 18-33:
Sub-goal loop invariant preservation of goal _parser__lambda_parameters'vc.
Prover result is: Valid (0.02s, 102888 steps).

File "/tmp/.pycsl_nir7mh9f.mlw", line 975, characters 15-19:
Sub-goal postcondition of goal _parser__lambda_parameters'vc.
Prover result is: Valid (0.01s, 8201 steps).

File "/tmp/.pycsl_nir7mh9f.mlw", line 976, characters 15-39:
Sub-goal postcondition of goal _parser__lambda_parameters'vc.
Prover result is: Valid (0.01s, 28060 steps).

File "/tmp/.pycsl_nir7mh9f.mlw", line 1056, characters 9-32:
Sub-goal precondition of goal _parser__lambdef'vc.
Prover result is: Valid (0.01s, 5295 steps).

File "/tmp/.pycsl_nir7mh9f.mlw", line 1057, characters 8-68:
Sub-goal precondition of goal _parser__lambdef'vc.
Prover result is: Valid (0.00s, 6446 steps).

File "/tmp/.pycsl_nir7mh9f.mlw", line 1062, characters 12-41:
Sub-goal precondition of goal _parser__lambdef'vc.
Prover result is: Valid (0.01s, 6567 steps).

File "/tmp/.pycsl_nir7mh9f.mlw", line 1063, characters 12-32:
Sub-goal variant decrease of goal _parser__lambdef'vc.
Prover result is: Valid (0.01s, 78048 steps).

File "/tmp/.pycsl_nir7mh9f.mlw", line 1063, characters 12-32:
Sub-goal precondition of goal _parser__lambdef'vc.
Prover result is: Valid (0.00s, 6601 steps).

File "/tmp/.pycsl_nir7mh9f.mlw", line 1048, characters 15-19:
Sub-goal postcondition of goal _parser__lambdef'vc.
Prover result is: Valid (0.00s, 6630 steps).

File "/tmp/.pycsl_nir7mh9f.mlw", line 1049, characters 15-39:
Sub-goal postcondition of goal _parser__lambdef'vc.
Prover result is: Valid (0.02s, 76358 steps).

File "/tmp/.pycsl_nir7mh9f.mlw", line 1060, characters 14-47:
Sub-goal variant decrease of goal _parser__lambdef'vc.
Prover result is: Unknown (why3: Unknown
(unknown)) (0.11s, 457714 steps).

File "/tmp/.pycsl_nir7mh9f.mlw", line 1060, characters 14-47:
Sub-goal precondition of goal _parser__lambdef'vc.
Prover result is: Valid (0.00s, 6556 steps).

File "/tmp/.pycsl_nir7mh9f.mlw", line 1062, characters 12-41:
Sub-goal precondition of goal _parser__lambdef'vc.
Prover result is: Valid (0.00s, 6583 steps).

File "/tmp/.pycsl_nir7mh9f.mlw", line 1063, characters 12-32:
Sub-goal variant decrease of goal _parser__lambdef'vc.
Prover result is: Valid (0.02s, 73003 steps).

File "/tmp/.pycsl_nir7mh9f.mlw", line 1063, characters 12-32:
Sub-goal precondition of goal _parser__lambdef'vc.
Prover result is: Valid (0.00s, 6619 steps).

File "/tmp/.pycsl_nir7mh9f.mlw", line 1048, characters 15-19:
Sub-goal postcondition of goal _parser__lambdef'vc.
Prover result is: Valid (0.00s, 6648 steps).

File "/tmp/.pycsl_nir7mh9f.mlw", line 1049, characters 15-39:
Sub-goal postcondition of goal _parser__lambdef'vc.
Prover result is: Valid (0.02s, 71264 steps).

File "/tmp/.pycsl_nir7mh9f.mlw", line 1073, characters 8-73:
Sub-goal precondition of goal _parser__or_test_no_cond'vc.
Prover result is: Valid (0.01s, 6271 steps).

File "/tmp/.pycsl_nir7mh9f.mlw", line 1074, characters 28-51:
Sub-goal variant decrease of goal _parser__or_test_no_cond'vc.
Prover result is: Valid (0.01s, 73011 steps).

File "/tmp/.pycsl_nir7mh9f.mlw", line 1074, characters 28-51:
Sub-goal precondition of goal _parser__or_test_no_cond'vc.
Prover result is: Valid (0.01s, 6472 steps).

File "/tmp/.pycsl_nir7mh9f.mlw", line 1067, characters 15-19:
Sub-goal postcondition of goal _parser__or_test_no_cond'vc.
Prover result is: Valid (0.01s, 6499 steps).

File "/tmp/.pycsl_nir7mh9f.mlw", line 1068, characters 15-39:
Sub-goal postcondition of goal _parser__or_test_no_cond'vc.
Prover result is: Valid (0.00s, 6504 steps).

File "/tmp/.pycsl_nir7mh9f.mlw", line 1076, characters 28-51:
Sub-goal variant decrease of goal _parser__or_test_no_cond'vc.
Prover result is: Valid (0.01s, 67609 steps).

File "/tmp/.pycsl_nir7mh9f.mlw", line 1076, characters 28-51:
Sub-goal precondition of goal _parser__or_test_no_cond'vc.
Prover result is: Valid (0.01s, 6470 steps).

File "/tmp/.pycsl_nir7mh9f.mlw", line 1067, characters 15-19:
Sub-goal postcondition of goal _parser__or_test_no_cond'vc.
Prover result is: Valid (0.01s, 6497 steps).

File "/tmp/.pycsl_nir7mh9f.mlw", line 1068, characters 15-39:
Sub-goal postcondition of goal _parser__or_test_no_cond'vc.
Prover result is: Valid (0.01s, 6502 steps).

File "/tmp/.pycsl_nir7mh9f.mlw", line 1086, characters 4-28:
Sub-goal variant decrease of goal _parser__expr'vc.
Prover result is: Valid (0.01s, 49668 steps).

File "/tmp/.pycsl_nir7mh9f.mlw", line 1086, characters 4-28:
Sub-goal precondition of goal _parser__expr'vc.
Prover result is: Valid (0.00s, 5295 steps).

File "/tmp/.pycsl_nir7mh9f.mlw", line 1081, characters 15-19:
Sub-goal postcondition of goal _parser__expr'vc.
Prover result is: Valid (0.00s, 5326 steps).

File "/tmp/.pycsl_nir7mh9f.mlw", line 1082, characters 15-39:
Sub-goal postcondition of goal _parser__expr'vc.
Prover result is: Valid (0.00s, 5331 steps).

File "/tmp/.pycsl_nir7mh9f.mlw", line 1099, characters 9-28:
Sub-goal precondition of goal _parser__comparison'vc.
Prover result is: Valid (0.00s, 5295 steps).

File "/tmp/.pycsl_nir7mh9f.mlw", line 1100, characters 12-32:
Sub-goal variant decrease of goal _parser__comparison'vc.
Prover result is: Valid (0.01s, 50585 steps).

File "/tmp/.pycsl_nir7mh9f.mlw", line 1100, characters 12-32:
Sub-goal precondition of goal _parser__comparison'vc.
Prover result is: Valid (0.00s, 5473 steps).

File "/tmp/.pycsl_nir7mh9f.mlw", line 1107, characters 18-72:
Sub-goal loop invariant init of goal _parser__comparison'vc.
Prover result is: Valid (0.02s, 53829 steps).

File "/tmp/.pycsl_nir7mh9f.mlw", line 1108, characters 18-34:
Sub-goal loop invariant init of goal _parser__comparison'vc.
Prover result is: Valid (0.00s, 14496 steps).

File "/tmp/.pycsl_nir7mh9f.mlw", line 1110, characters 20-82:
Sub-goal type invariant of goal _parser__comparison'vc.
Prover result is: Valid (0.01s, 6538 steps).

File "/tmp/.pycsl_nir7mh9f.mlw", line 1110, characters 20-82:
Sub-goal type invariant of goal _parser__comparison'vc.
Prover result is: Valid (0.00s, 6545 steps).

File "/tmp/.pycsl_nir7mh9f.mlw", line 1110, characters 20-82:
Sub-goal type invariant of goal _parser__comparison'vc.
Prover result is: Valid (0.02s, 70528 steps).

File "/tmp/.pycsl_nir7mh9f.mlw", line 1110, characters 20-82:
Sub-goal type invariant of goal _parser__comparison'vc.
Prover result is: Valid (0.02s, 71447 steps).

File "/tmp/.pycsl_nir7mh9f.mlw", line 1110, characters 20-82:
Sub-goal precondition of goal _parser__comparison'vc.
Prover result is: Valid (0.01s, 6553 steps).

File "/tmp/.pycsl_nir7mh9f.mlw", line 1110, characters 116-138:
Sub-goal precondition of goal _parser__comparison'vc.
Prover result is: Valid (0.00s, 6593 steps).

File "/tmp/.pycsl_nir7mh9f.mlw", line 1110, characters 205-227:
Sub-goal precondition of goal _parser__comparison'vc.
Prover result is: Valid (0.00s, 6647 steps).

File "/tmp/.pycsl_nir7mh9f.mlw", line 1111, characters 16-39:
Sub-goal precondition of goal _parser__comparison'vc.
Prover result is: Valid (0.00s, 6699 steps).

File "/tmp/.pycsl_nir7mh9f.mlw", line 1112, characters 16-39:
Sub-goal precondition of goal _parser__comparison'vc.
Prover result is: Valid (0.01s, 6770 steps).

File "/tmp/.pycsl_nir7mh9f.mlw", line 1136, characters 43-63:
Sub-goal variant decrease of goal _parser__comparison'vc.
Prover result is: Valid (0.01s, 98295 steps).

File "/tmp/.pycsl_nir7mh9f.mlw", line 1136, characters 43-63:
Sub-goal precondition of goal _parser__comparison'vc.
Prover result is: Valid (0.01s, 7359 steps).

File "/tmp/.pycsl_nir7mh9f.mlw", line 1109, characters 16-51:
Sub-goal loop variant decrease of goal _parser__comparison'vc.
Prover result is: Valid (0.03s, 131834 steps).

File "/tmp/.pycsl_nir7mh9f.mlw", line 1107, characters 18-72:
Sub-goal loop invariant preservation of goal _parser__comparison'vc.
Prover result is: Valid (0.02s, 110651 steps).

File "/tmp/.pycsl_nir7mh9f.mlw", line 1108, characters 18-34:
Sub-goal loop invariant preservation of goal _parser__comparison'vc.
Prover result is: Valid (0.02s, 107276 steps).

File "/tmp/.pycsl_nir7mh9f.mlw", line 1115, characters 12-73:
Sub-goal precondition of goal _parser__comparison'vc.
Prover result is: Valid (0.00s, 6784 steps).

File "/tmp/.pycsl_nir7mh9f.mlw", line 1116, characters 18-41:
Sub-goal precondition of goal _parser__comparison'vc.
Prover result is: Valid (0.01s, 6810 steps).

File "/tmp/.pycsl_nir7mh9f.mlw", line 1117, characters 14-76:
Sub-goal precondition of goal _parser__comparison'vc.
Prover result is: Valid (0.01s, 6960 steps).

File "/tmp/.pycsl_nir7mh9f.mlw", line 1118, characters 20-43:
Sub-goal precondition of goal _parser__comparison'vc.
Prover result is: Valid (0.01s, 6992 steps).

File "/tmp/.pycsl_nir7mh9f.mlw", line 1136, characters 43-63:
Sub-goal variant decrease of goal _parser__comparison'vc.
Prover result is: Valid (0.02s, 103259 steps).

File "/tmp/.pycsl_nir7mh9f.mlw", line 1136, characters 43-63:
Sub-goal precondition of goal _parser__comparison'vc.
Prover result is: Valid (0.01s, 7581 steps).

File "/tmp/.pycsl_nir7mh9f.mlw", line 1109, characters 16-51:
Sub-goal loop variant decrease of goal _parser__comparison'vc.
Prover result is: Valid (0.03s, 160013 steps).

File "/tmp/.pycsl_nir7mh9f.mlw", line 1107, characters 18-72:
Sub-goal loop invariant preservation of goal _parser__comparison'vc.
Prover result is: Valid (0.02s, 115904 steps).

File "/tmp/.pycsl_nir7mh9f.mlw", line 1108, characters 18-34:
Sub-goal loop invariant preservation of goal _parser__comparison'vc.
Prover result is: Valid (0.02s, 111321 steps).

File "/tmp/.pycsl_nir7mh9f.mlw", line 1136, characters 43-63:
Sub-goal variant decrease of goal _parser__comparison'vc.
Prover result is: Valid (0.02s, 100954 steps).

File "/tmp/.pycsl_nir7mh9f.mlw", line 1136, characters 43-63:
Sub-goal precondition of goal _parser__comparison'vc.
Prover result is: Valid (0.01s, 7510 steps).

File "/tmp/.pycsl_nir7mh9f.mlw", line 1109, characters 16-51:
Sub-goal loop variant decrease of goal _parser__comparison'vc.
Prover result is: Valid (0.03s, 143891 steps).

File "/tmp/.pycsl_nir7mh9f.mlw", line 1107, characters 18-72:
Sub-goal loop invariant preservation of goal _parser__comparison'vc.
Prover result is: Valid (0.02s, 113728 steps).

File "/tmp/.pycsl_nir7mh9f.mlw", line 1108, characters 18-34:
Sub-goal loop invariant preservation of goal _parser__comparison'vc.
Prover result is: Valid (0.02s, 110046 steps).

File "/tmp/.pycsl_nir7mh9f.mlw", line 1124, characters 14-75:
Sub-goal precondition of goal _parser__comparison'vc.
Prover result is: Valid (0.00s, 6893 steps).

File "/tmp/.pycsl_nir7mh9f.mlw", line 1125, characters 20-43:
Sub-goal precondition of goal _parser__comparison'vc.
Prover result is: Valid (0.01s, 6913 steps).

File "/tmp/.pycsl_nir7mh9f.mlw", line 1136, characters 43-63:
Sub-goal variant decrease of goal _parser__comparison'vc.
Prover result is: Valid (0.02s, 101722 steps).

File "/tmp/.pycsl_nir7mh9f.mlw", line 1136, characters 43-63:
Sub-goal precondition of goal _parser__comparison'vc.
Prover result is: Valid (0.00s, 7504 steps).

File "/tmp/.pycsl_nir7mh9f.mlw", line 1109, characters 16-51:
Sub-goal loop variant decrease of goal _parser__comparison'vc.
Prover result is: Valid (0.03s, 152226 steps).

File "/tmp/.pycsl_nir7mh9f.mlw", line 1107, characters 18-72:
Sub-goal loop invariant preservation of goal _parser__comparison'vc.
Prover result is: Valid (0.02s, 114496 steps).

File "/tmp/.pycsl_nir7mh9f.mlw", line 1108, characters 18-34:
Sub-goal loop invariant preservation of goal _parser__comparison'vc.
Prover result is: Valid (0.02s, 110361 steps).

File "/tmp/.pycsl_nir7mh9f.mlw", line 1128, characters 34-53:
Sub-goal precondition of goal _parser__comparison'vc.
Prover result is: Valid (0.00s, 6911 steps).

File "/tmp/.pycsl_nir7mh9f.mlw", line 1128, characters 108-127:
Sub-goal precondition of goal _parser__comparison'vc.
Prover result is: Valid (0.01s, 6920 steps).

File "/tmp/.pycsl_nir7mh9f.mlw", line 1128, characters 182-201:
Sub-goal precondition of goal _parser__comparison'vc.
Prover result is: Valid (0.01s, 6935 steps).

File "/tmp/.pycsl_nir7mh9f.mlw", line 1128, characters 256-275:
Sub-goal precondition of goal _parser__comparison'vc.
Prover result is: Valid (0.00s, 6946 steps).

File "/tmp/.pycsl_nir7mh9f.mlw", line 1128, characters 331-350:
Sub-goal precondition of goal _parser__comparison'vc.
Prover result is: Valid (0.01s, 6955 steps).

File "/tmp/.pycsl_nir7mh9f.mlw", line 1128, characters 406-425:
Sub-goal precondition of goal _parser__comparison'vc.
Prover result is: Valid (0.00s, 6964 steps).

File "/tmp/.pycsl_nir7mh9f.mlw", line 1128, characters 481-500:
Sub-goal precondition of goal _parser__comparison'vc.
Prover result is: Valid (0.01s, 6973 steps).

File "/tmp/.pycsl_nir7mh9f.mlw", line 1128, characters 556-575:
Sub-goal precondition of goal _parser__comparison'vc.
Prover result is: Valid (0.01s, 6982 steps).

File "/tmp/.pycsl_nir7mh9f.mlw", line 1128, characters 631-650:
Sub-goal precondition of goal _parser__comparison'vc.
Prover result is: Valid (0.00s, 6991 steps).

File "/tmp/.pycsl_nir7mh9f.mlw", line 1129, characters 60-83:
Sub-goal precondition of goal _parser__comparison'vc.
Prover result is: Valid (0.01s, 7180 steps).

File "/tmp/.pycsl_nir7mh9f.mlw", line 1136, characters 43-63:
Sub-goal variant decrease of goal _parser__comparison'vc.
Prover result is: Valid (0.04s, 783729 steps).

File "/tmp/.pycsl_nir7mh9f.mlw", line 1136, characters 43-63:
Sub-goal precondition of goal _parser__comparison'vc.
Prover result is: Valid (0.01s, 7880 steps).

File "/tmp/.pycsl_nir7mh9f.mlw", line 1109, characters 16-51:
Sub-goal loop variant decrease of goal _parser__comparison'vc.
Prover result is: Valid (0.06s, 834310 steps).

File "/tmp/.pycsl_nir7mh9f.mlw", line 1107, characters 18-72:
Sub-goal loop invariant preservation of goal _parser__comparison'vc.
Prover result is: Valid (0.04s, 796611 steps).

File "/tmp/.pycsl_nir7mh9f.mlw", line 1108, characters 18-34:
Sub-goal loop invariant preservation of goal _parser__comparison'vc.
Prover result is: Valid (0.04s, 792464 steps).

File "/tmp/.pycsl_nir7mh9f.mlw", line 1089, characters 15-19:
Sub-goal postcondition of goal _parser__comparison'vc.
Prover result is: Valid (0.01s, 7919 steps).

File "/tmp/.pycsl_nir7mh9f.mlw", line 1090, characters 15-39:
Sub-goal postcondition of goal _parser__comparison'vc.
Prover result is: Valid (0.02s, 102771 steps).

File "/tmp/.pycsl_nir7mh9f.mlw", line 1089, characters 15-19:
Sub-goal postcondition of goal _parser__comparison'vc.
Prover result is: Valid (0.00s, 7187 steps).

File "/tmp/.pycsl_nir7mh9f.mlw", line 1090, characters 15-39:
Sub-goal postcondition of goal _parser__comparison'vc.
Prover result is: Valid (0.02s, 92139 steps).

File "/tmp/.pycsl_nir7mh9f.mlw", line 1155, characters 8-70:
Sub-goal precondition of goal _parser__not_test'vc.
Prover result is: Valid (0.00s, 6271 steps).

File "/tmp/.pycsl_nir7mh9f.mlw", line 1156, characters 11-34:
Sub-goal precondition of goal _parser__not_test'vc.
Prover result is: Valid (0.01s, 6472 steps).

File "/tmp/.pycsl_nir7mh9f.mlw", line 1157, characters 17-41:
Sub-goal variant decrease of goal _parser__not_test'vc.
Prover result is: Valid (0.02s, 77911 steps).

File "/tmp/.pycsl_nir7mh9f.mlw", line 1157, characters 17-41:
Sub-goal precondition of goal _parser__not_test'vc.
Prover result is: Valid (0.01s, 6558 steps).

File "/tmp/.pycsl_nir7mh9f.mlw", line 1147, characters 15-19:
Sub-goal postcondition of goal _parser__not_test'vc.
Prover result is: Valid (0.01s, 6585 steps).

File "/tmp/.pycsl_nir7mh9f.mlw", line 1148, characters 15-39:
Sub-goal postcondition of goal _parser__not_test'vc.
Prover result is: Valid (0.01s, 75993 steps).

File "/tmp/.pycsl_nir7mh9f.mlw", line 1160, characters 28-54:
Sub-goal variant decrease of goal _parser__not_test'vc.
Prover result is: Valid (0.01s, 67413 steps).

File "/tmp/.pycsl_nir7mh9f.mlw", line 1160, characters 28-54:
Sub-goal precondition of goal _parser__not_test'vc.
Prover result is: Valid (0.01s, 6470 steps).

File "/tmp/.pycsl_nir7mh9f.mlw", line 1147, characters 15-19:
Sub-goal postcondition of goal _parser__not_test'vc.
Prover result is: Valid (0.00s, 6497 steps).

File "/tmp/.pycsl_nir7mh9f.mlw", line 1148, characters 15-39:
Sub-goal postcondition of goal _parser__not_test'vc.
Prover result is: Valid (0.01s, 6502 steps).

File "/tmp/.pycsl_nir7mh9f.mlw", line 1174, characters 9-28:
Sub-goal precondition of goal _parser__and_test'vc.
Prover result is: Valid (0.00s, 5295 steps).

File "/tmp/.pycsl_nir7mh9f.mlw", line 1175, characters 12-36:
Sub-goal variant decrease of goal _parser__and_test'vc.
Prover result is: Valid (0.01s, 50585 steps).

File "/tmp/.pycsl_nir7mh9f.mlw", line 1175, characters 12-36:
Sub-goal precondition of goal _parser__and_test'vc.
Prover result is: Valid (0.01s, 5473 steps).

File "/tmp/.pycsl_nir7mh9f.mlw", line 1176, characters 8-70:
Sub-goal precondition of goal _parser__and_test'vc.
Prover result is: Valid (0.00s, 6476 steps).

File "/tmp/.pycsl_nir7mh9f.mlw", line 1181, characters 20-74:
Sub-goal loop invariant init of goal _parser__and_test'vc.
Prover result is: Valid (0.02s, 87223 steps).

File "/tmp/.pycsl_nir7mh9f.mlw", line 1182, characters 20-35:
Sub-goal loop invariant init of goal _parser__and_test'vc.
Prover result is: Valid (0.01s, 26573 steps).

File "/tmp/.pycsl_nir7mh9f.mlw", line 1180, characters 19-50:
Sub-goal type invariant of goal _parser__and_test'vc.
Prover result is: Valid (0.01s, 7146 steps).

File "/tmp/.pycsl_nir7mh9f.mlw", line 1180, characters 19-50:
Sub-goal type invariant of goal _parser__and_test'vc.
Prover result is: Valid (0.01s, 7153 steps).

File "/tmp/.pycsl_nir7mh9f.mlw", line 1180, characters 19-50:
Sub-goal type invariant of goal _parser__and_test'vc.
Prover result is: Valid (0.02s, 85557 steps).

File "/tmp/.pycsl_nir7mh9f.mlw", line 1180, characters 19-50:
Sub-goal type invariant of goal _parser__and_test'vc.
Prover result is: Valid (0.02s, 86643 steps).

File "/tmp/.pycsl_nir7mh9f.mlw", line 1180, characters 19-50:
Sub-goal precondition of goal _parser__and_test'vc.
Prover result is: Valid (0.01s, 7161 steps).

File "/tmp/.pycsl_nir7mh9f.mlw", line 1184, characters 35-59:
Sub-goal variant decrease of goal _parser__and_test'vc.
Prover result is: Valid (0.02s, 89573 steps).

File "/tmp/.pycsl_nir7mh9f.mlw", line 1184, characters 35-59:
Sub-goal precondition of goal _parser__and_test'vc.
Prover result is: Valid (0.00s, 7229 steps).

File "/tmp/.pycsl_nir7mh9f.mlw", line 1183, characters 18-53:
Sub-goal loop variant decrease of goal _parser__and_test'vc.
Prover result is: Valid (0.02s, 119905 steps).

File "/tmp/.pycsl_nir7mh9f.mlw", line 1181, characters 20-74:
Sub-goal loop invariant preservation of goal _parser__and_test'vc.
Prover result is: Valid (0.02s, 100616 steps).

File "/tmp/.pycsl_nir7mh9f.mlw", line 1182, characters 20-35:
Sub-goal loop invariant preservation of goal _parser__and_test'vc.
Prover result is: Valid (0.02s, 97508 steps).

File "/tmp/.pycsl_nir7mh9f.mlw", line 1165, characters 15-19:
Sub-goal postcondition of goal _parser__and_test'vc.
Prover result is: Valid (0.01s, 7435 steps).

File "/tmp/.pycsl_nir7mh9f.mlw", line 1166, characters 15-39:
Sub-goal postcondition of goal _parser__and_test'vc.
Prover result is: Valid (0.02s, 88994 steps).

File "/tmp/.pycsl_nir7mh9f.mlw", line 1165, characters 15-19:
Sub-goal postcondition of goal _parser__and_test'vc.
Prover result is: Valid (0.00s, 6508 steps).

File "/tmp/.pycsl_nir7mh9f.mlw", line 1166, characters 15-39:
Sub-goal postcondition of goal _parser__and_test'vc.
Prover result is: Valid (0.00s, 6513 steps).

File "/tmp/.pycsl_nir7mh9f.mlw", line 1202, characters 9-28:
Sub-goal precondition of goal _parser__or_test'vc.
Prover result is: Valid (0.01s, 5295 steps).

File "/tmp/.pycsl_nir7mh9f.mlw", line 1203, characters 12-36:
Sub-goal variant decrease of goal _parser__or_test'vc.
Prover result is: Valid (0.01s, 50585 steps).

File "/tmp/.pycsl_nir7mh9f.mlw", line 1203, characters 12-36:
Sub-goal precondition of goal _parser__or_test'vc.
Prover result is: Valid (0.00s, 5473 steps).

File "/tmp/.pycsl_nir7mh9f.mlw", line 1204, characters 8-69:
Sub-goal precondition of goal _parser__or_test'vc.
Prover result is: Valid (0.00s, 6476 steps).

File "/tmp/.pycsl_nir7mh9f.mlw", line 1209, characters 20-74:
Sub-goal loop invariant init of goal _parser__or_test'vc.
Prover result is: Valid (0.02s, 87132 steps).

File "/tmp/.pycsl_nir7mh9f.mlw", line 1210, characters 20-35:
Sub-goal loop invariant init of goal _parser__or_test'vc.
Prover result is: Valid (0.01s, 26573 steps).

File "/tmp/.pycsl_nir7mh9f.mlw", line 1208, characters 19-49:
Sub-goal type invariant of goal _parser__or_test'vc.
Prover result is: Valid (0.01s, 7146 steps).

File "/tmp/.pycsl_nir7mh9f.mlw", line 1208, characters 19-49:
Sub-goal type invariant of goal _parser__or_test'vc.
Prover result is: Valid (0.01s, 7153 steps).

File "/tmp/.pycsl_nir7mh9f.mlw", line 1208, characters 19-49:
Sub-goal type invariant of goal _parser__or_test'vc.
Prover result is: Valid (0.01s, 85480 steps).

File "/tmp/.pycsl_nir7mh9f.mlw", line 1208, characters 19-49:
Sub-goal type invariant of goal _parser__or_test'vc.
Prover result is: Valid (0.02s, 86558 steps).

File "/tmp/.pycsl_nir7mh9f.mlw", line 1208, characters 19-49:
Sub-goal precondition of goal _parser__or_test'vc.
Prover result is: Valid (0.01s, 7161 steps).

File "/tmp/.pycsl_nir7mh9f.mlw", line 1212, characters 35-59:
Sub-goal variant decrease of goal _parser__or_test'vc.
Prover result is: Valid (0.01s, 89482 steps).

File "/tmp/.pycsl_nir7mh9f.mlw", line 1212, characters 35-59:
Sub-goal precondition of goal _parser__or_test'vc.
Prover result is: Valid (0.00s, 7229 steps).

File "/tmp/.pycsl_nir7mh9f.mlw", line 1211, characters 18-53:
Sub-goal loop variant decrease of goal _parser__or_test'vc.
Prover result is: Valid (0.02s, 119797 steps).

File "/tmp/.pycsl_nir7mh9f.mlw", line 1209, characters 20-74:
Sub-goal loop invariant preservation of goal _parser__or_test'vc.
Prover result is: Valid (0.02s, 100525 steps).

File "/tmp/.pycsl_nir7mh9f.mlw", line 1210, characters 20-35:
Sub-goal loop invariant preservation of goal _parser__or_test'vc.
Prover result is: Valid (0.02s, 97431 steps).

File "/tmp/.pycsl_nir7mh9f.mlw", line 1193, characters 15-19:
Sub-goal postcondition of goal _parser__or_test'vc.
Prover result is: Valid (0.00s, 7435 steps).

File "/tmp/.pycsl_nir7mh9f.mlw", line 1194, characters 15-39:
Sub-goal postcondition of goal _parser__or_test'vc.
Prover result is: Valid (0.02s, 88917 steps).

File "/tmp/.pycsl_nir7mh9f.mlw", line 1193, characters 15-19:
Sub-goal postcondition of goal _parser__or_test'vc.
Prover result is: Valid (0.00s, 6508 steps).

File "/tmp/.pycsl_nir7mh9f.mlw", line 1194, characters 15-39:
Sub-goal postcondition of goal _parser__or_test'vc.
Prover result is: Valid (0.00s, 6513 steps).

File "/tmp/.pycsl_nir7mh9f.mlw", line 1235, characters 18-72:
Sub-goal loop invariant init of goal _parser__comp_for'vc.
Prover result is: Valid (0.01s, 49699 steps).

File "/tmp/.pycsl_nir7mh9f.mlw", line 1236, characters 18-36:
Sub-goal loop invariant init of goal _parser__comp_for'vc.
Prover result is: Valid (0.01s, 14098 steps).

File "/tmp/.pycsl_nir7mh9f.mlw", line 1234, characters 16-78:
Sub-goal type invariant of goal _parser__comp_for'vc.
Prover result is: Valid (0.00s, 6420 steps).

File "/tmp/.pycsl_nir7mh9f.mlw", line 1234, characters 16-78:
Sub-goal type invariant of goal _parser__comp_for'vc.
Prover result is: Valid (0.00s, 6427 steps).

File "/tmp/.pycsl_nir7mh9f.mlw", line 1234, characters 16-78:
Sub-goal type invariant of goal _parser__comp_for'vc.
Prover result is: Valid (0.01s, 66173 steps).

File "/tmp/.pycsl_nir7mh9f.mlw", line 1234, characters 16-78:
Sub-goal type invariant of goal _parser__comp_for'vc.
Prover result is: Valid (0.01s, 67992 steps).

File "/tmp/.pycsl_nir7mh9f.mlw", line 1234, characters 16-78:
Sub-goal precondition of goal _parser__comp_for'vc.
Prover result is: Valid (0.00s, 6435 steps).

File "/tmp/.pycsl_nir7mh9f.mlw", line 1234, characters 94-158:
Sub-goal precondition of goal _parser__comp_for'vc.
Prover result is: Valid (0.01s, 6523 steps).

File "/tmp/.pycsl_nir7mh9f.mlw", line 1234, characters 192-214:
Sub-goal precondition of goal _parser__comp_for'vc.
Prover result is: Valid (0.00s, 6643 steps).

File "/tmp/.pycsl_nir7mh9f.mlw", line 1239, characters 10-74:
Sub-goal precondition of goal _parser__comp_for'vc.
Prover result is: Valid (0.01s, 6877 steps).

File "/tmp/.pycsl_nir7mh9f.mlw", line 1240, characters 16-39:
Sub-goal precondition of goal _parser__comp_for'vc.
Prover result is: Valid (0.01s, 6897 steps).

File "/tmp/.pycsl_nir7mh9f.mlw", line 1243, characters 14-45:
Sub-goal precondition of goal _parser__comp_for'vc.
Prover result is: Valid (0.01s, 6973 steps).

File "/tmp/.pycsl_nir7mh9f.mlw", line 1244, characters 16-44:
Sub-goal precondition of goal _parser__comp_for'vc.
Prover result is: Valid (0.01s, 7007 steps).

File "/tmp/.pycsl_nir7mh9f.mlw", line 1245, characters 14-44:
Sub-goal precondition of goal _parser__comp_for'vc.
Prover result is: Valid (0.01s, 7036 steps).

File "/tmp/.pycsl_nir7mh9f.mlw", line 1246, characters 12-35:
Sub-goal variant decrease of goal _parser__comp_for'vc.
Prover result is: Valid (0.02s, 91708 steps).

File "/tmp/.pycsl_nir7mh9f.mlw", line 1246, characters 12-35:
Sub-goal precondition of goal _parser__comp_for'vc.
Prover result is: Valid (0.00s, 7072 steps).

File "/tmp/.pycsl_nir7mh9f.mlw", line 1251, characters 20-74:
Sub-goal loop invariant init of goal _parser__comp_for'vc.
Prover result is: Valid (0.02s, 93002 steps).

File "/tmp/.pycsl_nir7mh9f.mlw", line 1252, characters 20-41:
Sub-goal loop invariant init of goal _parser__comp_for'vc.
Prover result is: Valid (0.01s, 26923 steps).

File "/tmp/.pycsl_nir7mh9f.mlw", line 1250, characters 13-74:
Sub-goal type invariant of goal _parser__comp_for'vc.
Prover result is: Valid (0.01s, 7231 steps).

File "/tmp/.pycsl_nir7mh9f.mlw", line 1250, characters 13-74:
Sub-goal type invariant of goal _parser__comp_for'vc.
Prover result is: Valid (0.01s, 7238 steps).

File "/tmp/.pycsl_nir7mh9f.mlw", line 1250, characters 13-74:
Sub-goal type invariant of goal _parser__comp_for'vc.
Prover result is: Valid (0.02s, 89655 steps).

File "/tmp/.pycsl_nir7mh9f.mlw", line 1250, characters 13-74:
Sub-goal type invariant of goal _parser__comp_for'vc.
Prover result is: Valid (0.02s, 91540 steps).

File "/tmp/.pycsl_nir7mh9f.mlw", line 1250, characters 13-74:
Sub-goal precondition of goal _parser__comp_for'vc.
Prover result is: Valid (0.01s, 7246 steps).

File "/tmp/.pycsl_nir7mh9f.mlw", line 1254, characters 16-39:
Sub-goal precondition of goal _parser__comp_for'vc.
Prover result is: Valid (0.00s, 7282 steps).

File "/tmp/.pycsl_nir7mh9f.mlw", line 1255, characters 29-60:
Sub-goal variant decrease of goal _parser__comp_for'vc.
Prover result is: Valid (0.02s, 96338 steps).

File "/tmp/.pycsl_nir7mh9f.mlw", line 1255, characters 29-60:
Sub-goal precondition of goal _parser__comp_for'vc.
Prover result is: Valid (0.01s, 7351 steps).

File "/tmp/.pycsl_nir7mh9f.mlw", line 1253, characters 18-53:
Sub-goal loop variant decrease of goal _parser__comp_for'vc.
Prover result is: Valid (0.03s, 154127 steps).

File "/tmp/.pycsl_nir7mh9f.mlw", line 1251, characters 20-74:
Sub-goal loop invariant preservation of goal _parser__comp_for'vc.
Prover result is: Valid (0.02s, 116914 steps).

File "/tmp/.pycsl_nir7mh9f.mlw", line 1252, characters 20-41:
Sub-goal loop invariant preservation of goal _parser__comp_for'vc.
Prover result is: Valid (0.02s, 110725 steps).

File "/tmp/.pycsl_nir7mh9f.mlw", line 1237, characters 16-51:
Sub-goal loop variant decrease of goal _parser__comp_for'vc.
Prover result is: Valid (0.02s, 113600 steps).

File "/tmp/.pycsl_nir7mh9f.mlw", line 1235, characters 18-72:
Sub-goal loop invariant preservation of goal _parser__comp_for'vc.
Prover result is: Valid (0.01s, 66590 steps).

File "/tmp/.pycsl_nir7mh9f.mlw", line 1236, characters 18-36:
Sub-goal loop invariant preservation of goal _parser__comp_for'vc.
Prover result is: Valid (0.02s, 111807 steps).

File "/tmp/.pycsl_nir7mh9f.mlw", line 1243, characters 14-45:
Sub-goal precondition of goal _parser__comp_for'vc.
Prover result is: Valid (0.01s, 6895 steps).

File "/tmp/.pycsl_nir7mh9f.mlw", line 1244, characters 16-44:
Sub-goal precondition of goal _parser__comp_for'vc.
Prover result is: Valid (0.01s, 6929 steps).

File "/tmp/.pycsl_nir7mh9f.mlw", line 1245, characters 14-44:
Sub-goal precondition of goal _parser__comp_for'vc.
Prover result is: Valid (0.01s, 6958 steps).

File "/tmp/.pycsl_nir7mh9f.mlw", line 1246, characters 12-35:
Sub-goal variant decrease of goal _parser__comp_for'vc.
Prover result is: Valid (0.01s, 90885 steps).

File "/tmp/.pycsl_nir7mh9f.mlw", line 1246, characters 12-35:
Sub-goal precondition of goal _parser__comp_for'vc.
Prover result is: Valid (0.00s, 6994 steps).

File "/tmp/.pycsl_nir7mh9f.mlw", line 1251, characters 20-74:
Sub-goal loop invariant init of goal _parser__comp_for'vc.
Prover result is: Valid (0.02s, 91930 steps).

File "/tmp/.pycsl_nir7mh9f.mlw", line 1252, characters 20-41:
Sub-goal loop invariant init of goal _parser__comp_for'vc.
Prover result is: Valid (0.01s, 26758 steps).

File "/tmp/.pycsl_nir7mh9f.mlw", line 1250, characters 13-74:
Sub-goal type invariant of goal _parser__comp_for'vc.
Prover result is: Valid (0.00s, 7153 steps).

File "/tmp/.pycsl_nir7mh9f.mlw", line 1250, characters 13-74:
Sub-goal type invariant of goal _parser__comp_for'vc.
Prover result is: Valid (0.01s, 7160 steps).

File "/tmp/.pycsl_nir7mh9f.mlw", line 1250, characters 13-74:
Sub-goal type invariant of goal _parser__comp_for'vc.
Prover result is: Valid (0.02s, 89106 steps).

File "/tmp/.pycsl_nir7mh9f.mlw", line 1250, characters 13-74:
Sub-goal type invariant of goal _parser__comp_for'vc.
Prover result is: Valid (0.02s, 90851 steps).

File "/tmp/.pycsl_nir7mh9f.mlw", line 1250, characters 13-74:
Sub-goal precondition of goal _parser__comp_for'vc.
Prover result is: Valid (0.01s, 7168 steps).

File "/tmp/.pycsl_nir7mh9f.mlw", line 1254, characters 16-39:
Sub-goal precondition of goal _parser__comp_for'vc.
Prover result is: Valid (0.00s, 7204 steps).

File "/tmp/.pycsl_nir7mh9f.mlw", line 1255, characters 29-60:
Sub-goal variant decrease of goal _parser__comp_for'vc.
Prover result is: Valid (0.02s, 95366 steps).

File "/tmp/.pycsl_nir7mh9f.mlw", line 1255, characters 29-60:
Sub-goal precondition of goal _parser__comp_for'vc.
Prover result is: Valid (0.00s, 7275 steps).

File "/tmp/.pycsl_nir7mh9f.mlw", line 1253, characters 18-53:
Sub-goal loop variant decrease of goal _parser__comp_for'vc.
Prover result is: Valid (0.03s, 151143 steps).

File "/tmp/.pycsl_nir7mh9f.mlw", line 1251, characters 20-74:
Sub-goal loop invariant preservation of goal _parser__comp_for'vc.
Prover result is: Valid (0.02s, 115809 steps).

File "/tmp/.pycsl_nir7mh9f.mlw", line 1252, characters 20-41:
Sub-goal loop invariant preservation of goal _parser__comp_for'vc.
Prover result is: Valid (0.02s, 110090 steps).

File "/tmp/.pycsl_nir7mh9f.mlw", line 1237, characters 16-51:
Sub-goal loop variant decrease of goal _parser__comp_for'vc.
Prover result is: Valid (0.02s, 112904 steps).

File "/tmp/.pycsl_nir7mh9f.mlw", line 1235, characters 18-72:
Sub-goal loop invariant preservation of goal _parser__comp_for'vc.
Prover result is: Valid (0.01s, 66221 steps).

File "/tmp/.pycsl_nir7mh9f.mlw", line 1236, characters 18-36:
Sub-goal loop invariant preservation of goal _parser__comp_for'vc.
Prover result is: Valid (0.02s, 111183 steps).

File "/tmp/.pycsl_nir7mh9f.mlw", line 1221, characters 15-19:
Sub-goal postcondition of goal _parser__comp_for'vc.
Prover result is: Valid (0.01s, 7574 steps).

File "/tmp/.pycsl_nir7mh9f.mlw", line 1222, characters 15-39:
Sub-goal postcondition of goal _parser__comp_for'vc.
Prover result is: Valid (0.01s, 35108 steps).

File "/tmp/.pycsl_nir7mh9f.mlw", line 1281, characters 18-72:
Sub-goal loop invariant init of goal _parser___call_args'vc.
Prover result is: Valid (0.01s, 49741 steps).

File "/tmp/.pycsl_nir7mh9f.mlw", line 1282, characters 18-33:
Sub-goal loop invariant init of goal _parser___call_args'vc.
Prover result is: Valid (0.00s, 14122 steps).

File "/tmp/.pycsl_nir7mh9f.mlw", line 1280, characters 16-78:
Sub-goal type invariant of goal _parser___call_args'vc.
Prover result is: Valid (0.01s, 6432 steps).

File "/tmp/.pycsl_nir7mh9f.mlw", line 1280, characters 16-78:
Sub-goal type invariant of goal _parser___call_args'vc.
Prover result is: Valid (0.00s, 6439 steps).

File "/tmp/.pycsl_nir7mh9f.mlw", line 1280, characters 16-78:
Sub-goal type invariant of goal _parser___call_args'vc.
Prover result is: Valid (0.01s, 66110 steps).

File "/tmp/.pycsl_nir7mh9f.mlw", line 1280, characters 16-78:
Sub-goal type invariant of goal _parser___call_args'vc.
Prover result is: Valid (0.01s, 67955 steps).

File "/tmp/.pycsl_nir7mh9f.mlw", line 1280, characters 16-78:
Sub-goal precondition of goal _parser___call_args'vc.
Prover result is: Valid (0.00s, 6447 steps).

File "/tmp/.pycsl_nir7mh9f.mlw", line 1284, characters 10-70:
Sub-goal precondition of goal _parser___call_args'vc.
Prover result is: Valid (0.00s, 6535 steps).

File "/tmp/.pycsl_nir7mh9f.mlw", line 1285, characters 13-36:
Sub-goal precondition of goal _parser___call_args'vc.
Prover result is: Valid (0.01s, 6651 steps).

File "/tmp/.pycsl_nir7mh9f.mlw", line 1286, characters 13-33:
Sub-goal variant decrease of goal _parser___call_args'vc.
Prover result is: Valid (0.02s, 80760 steps).

File "/tmp/.pycsl_nir7mh9f.mlw", line 1286, characters 13-33:
Sub-goal precondition of goal _parser___call_args'vc.
Prover result is: Valid (0.00s, 6722 steps).

File "/tmp/.pycsl_nir7mh9f.mlw", line 1316, characters 21-50:
Sub-goal precondition of goal _parser___call_args'vc.
Prover result is: Valid (0.00s, 8034 steps).

File "/tmp/.pycsl_nir7mh9f.mlw", line 1262, characters 15-19:
Sub-goal postcondition of goal _parser___call_args'vc.
Prover result is: Valid (0.01s, 8111 steps).

File "/tmp/.pycsl_nir7mh9f.mlw", line 1263, characters 15-39:
Sub-goal postcondition of goal _parser___call_args'vc.
Prover result is: Valid (0.02s, 98595 steps).

File "/tmp/.pycsl_nir7mh9f.mlw", line 1283, characters 16-51:
Sub-goal loop variant decrease of goal _parser___call_args'vc.
Prover result is: Valid (0.02s, 102601 steps).

File "/tmp/.pycsl_nir7mh9f.mlw", line 1281, characters 18-72:
Sub-goal loop invariant preservation of goal _parser___call_args'vc.
Prover result is: Valid (0.02s, 102437 steps).

File "/tmp/.pycsl_nir7mh9f.mlw", line 1282, characters 18-33:
Sub-goal loop invariant preservation of goal _parser___call_args'vc.
Prover result is: Valid (0.02s, 99006 steps).

File "/tmp/.pycsl_nir7mh9f.mlw", line 1289, characters 12-73:
Sub-goal precondition of goal _parser___call_args'vc.
Prover result is: Valid (0.00s, 6734 steps).

File "/tmp/.pycsl_nir7mh9f.mlw", line 1290, characters 18-41:
Sub-goal precondition of goal _parser___call_args'vc.
Prover result is: Valid (0.01s, 6760 steps).

File "/tmp/.pycsl_nir7mh9f.mlw", line 1291, characters 15-35:
Sub-goal variant decrease of goal _parser___call_args'vc.
Prover result is: Valid (0.02s, 81389 steps).

File "/tmp/.pycsl_nir7mh9f.mlw", line 1291, characters 15-35:
Sub-goal precondition of goal _parser___call_args'vc.
Prover result is: Valid (0.01s, 6831 steps).

File "/tmp/.pycsl_nir7mh9f.mlw", line 1316, characters 21-50:
Sub-goal precondition of goal _parser___call_args'vc.
Prover result is: Valid (0.00s, 8143 steps).

File "/tmp/.pycsl_nir7mh9f.mlw", line 1262, characters 15-19:
Sub-goal postcondition of goal _parser___call_args'vc.
Prover result is: Valid (0.01s, 8220 steps).

File "/tmp/.pycsl_nir7mh9f.mlw", line 1263, characters 15-39:
Sub-goal postcondition of goal _parser___call_args'vc.
Prover result is: Valid (0.02s, 98644 steps).

File "/tmp/.pycsl_nir7mh9f.mlw", line 1283, characters 16-51:
Sub-goal loop variant decrease of goal _parser___call_args'vc.
Prover result is: Valid (0.02s, 103045 steps).

File "/tmp/.pycsl_nir7mh9f.mlw", line 1281, characters 18-72:
Sub-goal loop invariant preservation of goal _parser___call_args'vc.
Prover result is: Valid (0.02s, 102881 steps).

File "/tmp/.pycsl_nir7mh9f.mlw", line 1282, characters 18-33:
Sub-goal loop invariant preservation of goal _parser___call_args'vc.
Prover result is: Valid (0.02s, 99055 steps).

File "/tmp/.pycsl_nir7mh9f.mlw", line 1294, characters 42-61:
Sub-goal precondition of goal _parser___call_args'vc.
Prover result is: Valid (0.01s, 6758 steps).

File "/tmp/.pycsl_nir7mh9f.mlw", line 1294, characters 104-126:
Sub-goal precondition of goal _parser___call_args'vc.
Prover result is: Valid (0.01s, 6771 steps).

File "/tmp/.pycsl_nir7mh9f.mlw", line 1294, characters 201-223:
Sub-goal precondition of goal _parser___call_args'vc.
Prover result is: Valid (0.01s, 6827 steps).

File "/tmp/.pycsl_nir7mh9f.mlw", line 1294, characters 306-325:
Sub-goal precondition of goal _parser___call_args'vc.
Prover result is: Valid (0.01s, 12438 steps).

File "/tmp/.pycsl_nir7mh9f.mlw", line 1295, characters 33-56:
Sub-goal precondition of goal _parser___call_args'vc.
Prover result is: Valid (0.01s, 10501 steps).

File "/tmp/.pycsl_nir7mh9f.mlw", line 1296, characters 20-43:
Sub-goal precondition of goal _parser___call_args'vc.
Prover result is: Valid (0.01s, 10581 steps).

File "/tmp/.pycsl_nir7mh9f.mlw", line 1297, characters 17-37:
Sub-goal variant decrease of goal _parser___call_args'vc.
Prover result is: Valid (0.03s, 272279 steps).

File "/tmp/.pycsl_nir7mh9f.mlw", line 1297, characters 17-37:
Sub-goal precondition of goal _parser___call_args'vc.
Prover result is: Valid (0.01s, 10650 steps).

File "/tmp/.pycsl_nir7mh9f.mlw", line 1316, characters 21-50:
Sub-goal precondition of goal _parser___call_args'vc.
Prover result is: Valid (0.01s, 11972 steps).

File "/tmp/.pycsl_nir7mh9f.mlw", line 1262, characters 15-19:
Sub-goal postcondition of goal _parser___call_args'vc.
Prover result is: Valid (0.01s, 12049 steps).

File "/tmp/.pycsl_nir7mh9f.mlw", line 1263, characters 15-39:
Sub-goal postcondition of goal _parser___call_args'vc.
Prover result is: Valid (0.04s, 268042 steps).

File "/tmp/.pycsl_nir7mh9f.mlw", line 1283, characters 16-51:
Sub-goal loop variant decrease of goal _parser___call_args'vc.
Prover result is: Valid (0.14s, 559773 steps).

File "/tmp/.pycsl_nir7mh9f.mlw", line 1281, characters 18-72:
Sub-goal loop invariant preservation of goal _parser___call_args'vc.
Prover result is: Valid (0.16s, 559888 steps).

File "/tmp/.pycsl_nir7mh9f.mlw", line 1282, characters 18-33:
Sub-goal loop invariant preservation of goal _parser___call_args'vc.
Prover result is: Valid (0.04s, 268506 steps).

File "/tmp/.pycsl_nir7mh9f.mlw", line 1300, characters 17-47:
Sub-goal precondition of goal _parser___call_args'vc.
Prover result is: Valid (0.01s, 10499 steps).

File "/tmp/.pycsl_nir7mh9f.mlw", line 1301, characters 21-83:
Sub-goal precondition of goal _parser___call_args'vc.
Prover result is: Valid (0.01s, 10611 steps).

File "/tmp/.pycsl_nir7mh9f.mlw", line 1301, characters 99-163:
Sub-goal precondition of goal _parser___call_args'vc.
Prover result is: Valid (0.01s, 10697 steps).

File "/tmp/.pycsl_nir7mh9f.mlw", line 1301, characters 197-219:
Sub-goal precondition of goal _parser___call_args'vc.
Prover result is: Valid (0.01s, 10735 steps).

File "/tmp/.pycsl_nir7mh9f.mlw", line 1302, characters 39-63:
Sub-goal variant decrease of goal _parser___call_args'vc.
Prover result is: Valid (0.04s, 255265 steps).

File "/tmp/.pycsl_nir7mh9f.mlw", line 1302, characters 39-63:
Sub-goal precondition of goal _parser___call_args'vc.
Prover result is: Valid (0.01s, 10879 steps).

File "/tmp/.pycsl_nir7mh9f.mlw", line 1306, characters 22-45:
Sub-goal index in array bounds of goal _parser___call_args'vc.
Prover result is: Valid (0.07s, 407768 steps).

File "/tmp/.pycsl_nir7mh9f.mlw", line 1316, characters 21-50:
Sub-goal precondition of goal _parser___call_args'vc.
Prover result is: Valid (0.01s, 12664 steps).

File "/tmp/.pycsl_nir7mh9f.mlw", line 1262, characters 15-19:
Sub-goal postcondition of goal _parser___call_args'vc.
Prover result is: Valid (0.01s, 12739 steps).

File "/tmp/.pycsl_nir7mh9f.mlw", line 1263, characters 15-39:
Sub-goal postcondition of goal _parser___call_args'vc.
Prover result is: Valid (0.04s, 278587 steps).

File "/tmp/.pycsl_nir7mh9f.mlw", line 1283, characters 16-51:
Sub-goal loop variant decrease of goal _parser___call_args'vc.
Prover result is: Valid (0.19s, 657493 steps).

File "/tmp/.pycsl_nir7mh9f.mlw", line 1281, characters 18-72:
Sub-goal loop invariant preservation of goal _parser___call_args'vc.
Prover result is: Valid (0.19s, 657304 steps).

File "/tmp/.pycsl_nir7mh9f.mlw", line 1282, characters 18-33:
Sub-goal loop invariant preservation of goal _parser___call_args'vc.
Prover result is: Valid (0.04s, 279053 steps).

File "/tmp/.pycsl_nir7mh9f.mlw", line 1316, characters 21-50:
Sub-goal precondition of goal _parser___call_args'vc.
Prover result is: Valid (0.01s, 12152 steps).

File "/tmp/.pycsl_nir7mh9f.mlw", line 1262, characters 15-19:
Sub-goal postcondition of goal _parser___call_args'vc.
Prover result is: Valid (0.01s, 12227 steps).

File "/tmp/.pycsl_nir7mh9f.mlw", line 1263, characters 15-39:
Sub-goal postcondition of goal _parser___call_args'vc.
Prover result is: Valid (0.03s, 270172 steps).

File "/tmp/.pycsl_nir7mh9f.mlw", line 1283, characters 16-51:
Sub-goal loop variant decrease of goal _parser___call_args'vc.
Prover result is: Valid (0.19s, 648679 steps).

File "/tmp/.pycsl_nir7mh9f.mlw", line 1281, characters 18-72:
Sub-goal loop invariant preservation of goal _parser___call_args'vc.
Prover result is: Valid (0.19s, 648512 steps).

File "/tmp/.pycsl_nir7mh9f.mlw", line 1282, characters 18-33:
Sub-goal loop invariant preservation of goal _parser___call_args'vc.
Prover result is: Valid (0.04s, 270634 steps).

File "/tmp/.pycsl_nir7mh9f.mlw", line 1262, characters 15-19:
Sub-goal postcondition of goal _parser___call_args'vc.
Prover result is: Valid (0.00s, 6563 steps).

File "/tmp/.pycsl_nir7mh9f.mlw", line 1263, characters 15-39:
Sub-goal postcondition of goal _parser___call_args'vc.
Prover result is: Valid (0.01s, 22044 steps).

File "/tmp/.pycsl_nir7mh9f.mlw", line 1344, characters 18-72:
Sub-goal loop invariant init of goal _parser__trailers'vc.
Prover result is: Valid (0.01s, 49771 steps).

File "/tmp/.pycsl_nir7mh9f.mlw", line 1345, characters 18-33:
Sub-goal loop invariant init of goal _parser__trailers'vc.
Prover result is: Valid (0.01s, 14166 steps).

File "/tmp/.pycsl_nir7mh9f.mlw", line 1347, characters 10-70:
Sub-goal type invariant of goal _parser__trailers'vc.
Prover result is: Valid (0.00s, 6427 steps).

File "/tmp/.pycsl_nir7mh9f.mlw", line 1347, characters 10-70:
Sub-goal type invariant of goal _parser__trailers'vc.
Prover result is: Valid (0.00s, 6434 steps).

File "/tmp/.pycsl_nir7mh9f.mlw", line 1347, characters 10-70:
Sub-goal type invariant of goal _parser__trailers'vc.
Prover result is: Valid (0.01s, 60959 steps).

File "/tmp/.pycsl_nir7mh9f.mlw", line 1347, characters 10-70:
Sub-goal type invariant of goal _parser__trailers'vc.
Prover result is: Valid (0.01s, 62652 steps).

File "/tmp/.pycsl_nir7mh9f.mlw", line 1347, characters 10-70:
Sub-goal precondition of goal _parser__trailers'vc.
Prover result is: Valid (0.00s, 6442 steps).

File "/tmp/.pycsl_nir7mh9f.mlw", line 1348, characters 16-39:
Sub-goal precondition of goal _parser__trailers'vc.
Prover result is: Valid (0.00s, 6558 steps).

File "/tmp/.pycsl_nir7mh9f.mlw", line 1349, characters 16-41:
Sub-goal precondition of goal _parser__trailers'vc.
Prover result is: Valid (0.01s, 6629 steps).

File "/tmp/.pycsl_nir7mh9f.mlw", line 1350, characters 25-48:
Sub-goal index in array bounds of goal _parser__trailers'vc.
Prover result is: Valid (0.02s, 78735 steps).

File "/tmp/.pycsl_nir7mh9f.mlw", line 1346, characters 16-51:
Sub-goal loop variant decrease of goal _parser__trailers'vc.
Prover result is: Valid (0.01s, 78266 steps).

File "/tmp/.pycsl_nir7mh9f.mlw", line 1344, characters 18-72:
Sub-goal loop invariant preservation of goal _parser__trailers'vc.
Prover result is: Valid (0.02s, 78846 steps).

File "/tmp/.pycsl_nir7mh9f.mlw", line 1345, characters 18-33:
Sub-goal loop invariant preservation of goal _parser__trailers'vc.
Prover result is: Valid (0.02s, 77091 steps).

File "/tmp/.pycsl_nir7mh9f.mlw", line 1358, characters 12-72:
Sub-goal precondition of goal _parser__trailers'vc.
Prover result is: Valid (0.01s, 6643 steps).

File "/tmp/.pycsl_nir7mh9f.mlw", line 1359, characters 18-41:
Sub-goal precondition of goal _parser__trailers'vc.
Prover result is: Valid (0.00s, 6669 steps).

File "/tmp/.pycsl_nir7mh9f.mlw", line 1360, characters 41-71:
Sub-goal variant decrease of goal _parser__trailers'vc.
Prover result is: Valid (0.02s, 85845 steps).

File "/tmp/.pycsl_nir7mh9f.mlw", line 1360, characters 41-71:
Sub-goal precondition of goal _parser__trailers'vc.
Prover result is: Valid (0.02s, 81134 steps).

File "/tmp/.pycsl_nir7mh9f.mlw", line 1363, characters 27-56:
Sub-goal precondition of goal _parser__trailers'vc.
Prover result is: Valid (0.00s, 6777 steps).

File "/tmp/.pycsl_nir7mh9f.mlw", line 1346, characters 16-51:
Sub-goal loop variant decrease of goal _parser__trailers'vc.
Prover result is: Valid (0.02s, 92669 steps).

File "/tmp/.pycsl_nir7mh9f.mlw", line 1344, characters 18-72:
Sub-goal loop invariant preservation of goal _parser__trailers'vc.
Prover result is: Valid (0.02s, 93536 steps).

File "/tmp/.pycsl_nir7mh9f.mlw", line 1345, characters 18-33:
Sub-goal loop invariant preservation of goal _parser__trailers'vc.
Prover result is: Valid (0.02s, 91134 steps).

File "/tmp/.pycsl_nir7mh9f.mlw", line 1371, characters 14-74:
Sub-goal precondition of goal _parser__trailers'vc.
Prover result is: Valid (0.01s, 6752 steps).

File "/tmp/.pycsl_nir7mh9f.mlw", line 1372, characters 20-43:
Sub-goal precondition of goal _parser__trailers'vc.
Prover result is: Valid (0.01s, 6772 steps).

File "/tmp/.pycsl_nir7mh9f.mlw", line 1373, characters 18-44:
Sub-goal variant decrease of goal _parser__trailers'vc.
Prover result is: Valid (0.01s, 86725 steps).

File "/tmp/.pycsl_nir7mh9f.mlw", line 1373, characters 18-44:
Sub-goal precondition of goal _parser__trailers'vc.
Prover result is: Valid (0.01s, 6843 steps).

File "/tmp/.pycsl_nir7mh9f.mlw", line 1374, characters 29-58:
Sub-goal precondition of goal _parser__trailers'vc.
Prover result is: Valid (0.01s, 6870 steps).

File "/tmp/.pycsl_nir7mh9f.mlw", line 1346, characters 16-51:
Sub-goal loop variant decrease of goal _parser__trailers'vc.
Prover result is: Valid (0.02s, 82690 steps).

File "/tmp/.pycsl_nir7mh9f.mlw", line 1344, characters 18-72:
Sub-goal loop invariant preservation of goal _parser__trailers'vc.
Prover result is: Valid (0.02s, 83749 steps).

File "/tmp/.pycsl_nir7mh9f.mlw", line 1345, characters 18-33:
Sub-goal loop invariant preservation of goal _parser__trailers'vc.
Prover result is: Valid (0.02s, 81157 steps).

File "/tmp/.pycsl_nir7mh9f.mlw", line 1324, characters 15-19:
Sub-goal postcondition of goal _parser__trailers'vc.
Prover result is: Valid (0.01s, 6770 steps).

File "/tmp/.pycsl_nir7mh9f.mlw", line 1325, characters 15-39:
Sub-goal postcondition of goal _parser__trailers'vc.
Prover result is: Valid (0.01s, 25155 steps).

File "/tmp/.pycsl_nir7mh9f.mlw", line 1397, characters 12-32:
Sub-goal precondition of goal _parser__unary_postfix'vc.
Prover result is: Valid (0.00s, 5295 steps).

File "/tmp/.pycsl_nir7mh9f.mlw", line 1398, characters 4-34:
Sub-goal variant decrease of goal _parser__unary_postfix'vc.
Prover result is: Valid (0.01s, 52794 steps).

File "/tmp/.pycsl_nir7mh9f.mlw", line 1398, characters 4-34:
Sub-goal precondition of goal _parser__unary_postfix'vc.
Prover result is: Valid (0.00s, 5326 steps).

File "/tmp/.pycsl_nir7mh9f.mlw", line 1391, characters 15-19:
Sub-goal postcondition of goal _parser__unary_postfix'vc.
Prover result is: Valid (0.00s, 5355 steps).

File "/tmp/.pycsl_nir7mh9f.mlw", line 1392, characters 15-39:
Sub-goal postcondition of goal _parser__unary_postfix'vc.
Prover result is: Valid (0.01s, 50962 steps).

File "/tmp/.pycsl_nir7mh9f.mlw", line 1408, characters 8-72:
Sub-goal precondition of goal _parser__await_expr'vc.
Prover result is: Valid (0.01s, 6271 steps).

File "/tmp/.pycsl_nir7mh9f.mlw", line 1409, characters 11-34:
Sub-goal precondition of goal _parser__await_expr'vc.
Prover result is: Valid (0.00s, 6472 steps).

File "/tmp/.pycsl_nir7mh9f.mlw", line 1410, characters 15-44:
Sub-goal variant decrease of goal _parser__await_expr'vc.
Prover result is: Valid (0.02s, 76945 steps).

File "/tmp/.pycsl_nir7mh9f.mlw", line 1410, characters 15-44:
Sub-goal precondition of goal _parser__await_expr'vc.
Prover result is: Valid (0.01s, 6558 steps).

File "/tmp/.pycsl_nir7mh9f.mlw", line 1401, characters 15-39:
Sub-goal postcondition of goal _parser__await_expr'vc.
Prover result is: Valid (0.01s, 76089 steps).

File "/tmp/.pycsl_nir7mh9f.mlw", line 1413, characters 28-57:
Sub-goal variant decrease of goal _parser__await_expr'vc.
Prover result is: Valid (0.02s, 67522 steps).

File "/tmp/.pycsl_nir7mh9f.mlw", line 1413, characters 28-57:
Sub-goal precondition of goal _parser__await_expr'vc.
Prover result is: Valid (0.01s, 6470 steps).

File "/tmp/.pycsl_nir7mh9f.mlw", line 1401, characters 15-39:
Sub-goal postcondition of goal _parser__await_expr'vc.
Prover result is: Valid (0.00s, 6501 steps).

File "/tmp/.pycsl_nir7mh9f.mlw", line 1428, characters 9-28:
Sub-goal precondition of goal _parser__power'vc.
Prover result is: Valid (0.01s, 5295 steps).

File "/tmp/.pycsl_nir7mh9f.mlw", line 1429, characters 12-38:
Sub-goal variant decrease of goal _parser__power'vc.
Prover result is: Valid (0.01s, 50585 steps).

File "/tmp/.pycsl_nir7mh9f.mlw", line 1429, characters 12-38:
Sub-goal precondition of goal _parser__power'vc.
Prover result is: Valid (0.00s, 5473 steps).

File "/tmp/.pycsl_nir7mh9f.mlw", line 1430, characters 8-69:
Sub-goal precondition of goal _parser__power'vc.
Prover result is: Valid (0.01s, 6475 steps).

File "/tmp/.pycsl_nir7mh9f.mlw", line 1431, characters 14-37:
Sub-goal precondition of goal _parser__power'vc.
Prover result is: Valid (0.00s, 6509 steps).

File "/tmp/.pycsl_nir7mh9f.mlw", line 1432, characters 13-35:
Sub-goal variant decrease of goal _parser__power'vc.
Prover result is: Valid (0.02s, 81823 steps).

File "/tmp/.pycsl_nir7mh9f.mlw", line 1432, characters 13-35:
Sub-goal precondition of goal _parser__power'vc.
Prover result is: Valid (0.00s, 6595 steps).

File "/tmp/.pycsl_nir7mh9f.mlw", line 1418, characters 15-19:
Sub-goal postcondition of goal _parser__power'vc.
Prover result is: Valid (0.00s, 6631 steps).

File "/tmp/.pycsl_nir7mh9f.mlw", line 1419, characters 15-39:
Sub-goal postcondition of goal _parser__power'vc.
Prover result is: Valid (0.01s, 76365 steps).

File "/tmp/.pycsl_nir7mh9f.mlw", line 1418, characters 15-19:
Sub-goal postcondition of goal _parser__power'vc.
Prover result is: Valid (0.01s, 6507 steps).

File "/tmp/.pycsl_nir7mh9f.mlw", line 1419, characters 15-39:
Sub-goal postcondition of goal _parser__power'vc.
Prover result is: Valid (0.00s, 6512 steps).

File "/tmp/.pycsl_nir7mh9f.mlw", line 1453, characters 26-45:
Sub-goal precondition of goal _parser__factor'vc.
Prover result is: Valid (0.00s, 5295 steps).

File "/tmp/.pycsl_nir7mh9f.mlw", line 1453, characters 100-119:
Sub-goal precondition of goal _parser__factor'vc.
Prover result is: Valid (0.01s, 5477 steps).

File "/tmp/.pycsl_nir7mh9f.mlw", line 1453, characters 174-193:
Sub-goal precondition of goal _parser__factor'vc.
Prover result is: Valid (0.01s, 5492 steps).

File "/tmp/.pycsl_nir7mh9f.mlw", line 1453, characters 248-267:
Sub-goal precondition of goal _parser__factor'vc.
Prover result is: Valid (0.00s, 5503 steps).

File "/tmp/.pycsl_nir7mh9f.mlw", line 1454, characters 11-34:
Sub-goal precondition of goal _parser__factor'vc.
Prover result is: Valid (0.01s, 5597 steps).

File "/tmp/.pycsl_nir7mh9f.mlw", line 1455, characters 17-39:
Sub-goal variant decrease of goal _parser__factor'vc.
Prover result is: Valid (0.01s, 64855 steps).

File "/tmp/.pycsl_nir7mh9f.mlw", line 1455, characters 17-39:
Sub-goal precondition of goal _parser__factor'vc.
Prover result is: Valid (0.01s, 5683 steps).

File "/tmp/.pycsl_nir7mh9f.mlw", line 1445, characters 15-19:
Sub-goal postcondition of goal _parser__factor'vc.
Prover result is: Valid (0.00s, 5759 steps).

File "/tmp/.pycsl_nir7mh9f.mlw", line 1446, characters 15-39:
Sub-goal postcondition of goal _parser__factor'vc.
Prover result is: Valid (0.01s, 67419 steps).

File "/tmp/.pycsl_nir7mh9f.mlw", line 1458, characters 28-49:
Sub-goal variant decrease of goal _parser__factor'vc.
Prover result is: Valid (0.02s, 58458 steps).

File "/tmp/.pycsl_nir7mh9f.mlw", line 1458, characters 28-49:
Sub-goal precondition of goal _parser__factor'vc.
Prover result is: Valid (0.00s, 5595 steps).

File "/tmp/.pycsl_nir7mh9f.mlw", line 1445, characters 15-19:
Sub-goal postcondition of goal _parser__factor'vc.
Prover result is: Valid (0.01s, 5622 steps).

File "/tmp/.pycsl_nir7mh9f.mlw", line 1446, characters 15-39:
Sub-goal postcondition of goal _parser__factor'vc.
Prover result is: Valid (0.00s, 5627 steps).

File "/tmp/.pycsl_nir7mh9f.mlw", line 1473, characters 9-28:
Sub-goal precondition of goal _parser___binop'vc.
Prover result is: Valid (0.01s, 5295 steps).

File "/tmp/.pycsl_nir7mh9f.mlw", line 1474, characters 12-34:
Sub-goal variant decrease of goal _parser___binop'vc.
Prover result is: Valid (0.01s, 50585 steps).

File "/tmp/.pycsl_nir7mh9f.mlw", line 1474, characters 12-34:
Sub-goal precondition of goal _parser___binop'vc.
Prover result is: Valid (0.01s, 5473 steps).

File "/tmp/.pycsl_nir7mh9f.mlw", line 1479, characters 18-72:
Sub-goal loop invariant init of goal _parser___binop'vc.
Prover result is: Valid (0.01s, 53829 steps).

File "/tmp/.pycsl_nir7mh9f.mlw", line 1480, characters 18-34:
Sub-goal loop invariant init of goal _parser___binop'vc.
Prover result is: Valid (0.01s, 14496 steps).

File "/tmp/.pycsl_nir7mh9f.mlw", line 1478, characters 29-48:
Sub-goal type invariant of goal _parser___binop'vc.
Prover result is: Valid (0.00s, 5553 steps).

File "/tmp/.pycsl_nir7mh9f.mlw", line 1478, characters 29-48:
Sub-goal type invariant of goal _parser___binop'vc.
Prover result is: Valid (0.01s, 5560 steps).

File "/tmp/.pycsl_nir7mh9f.mlw", line 1478, characters 29-48:
Sub-goal type invariant of goal _parser___binop'vc.
Prover result is: Valid (0.01s, 53233 steps).

File "/tmp/.pycsl_nir7mh9f.mlw", line 1478, characters 29-48:
Sub-goal type invariant of goal _parser___binop'vc.
Prover result is: Valid (0.02s, 53939 steps).

File "/tmp/.pycsl_nir7mh9f.mlw", line 1478, characters 29-48:
Sub-goal precondition of goal _parser___binop'vc.
Prover result is: Valid (0.00s, 5568 steps).

File "/tmp/.pycsl_nir7mh9f.mlw", line 1478, characters 103-122:
Sub-goal precondition of goal _parser___binop'vc.
Prover result is: Valid (0.00s, 5585 steps).

File "/tmp/.pycsl_nir7mh9f.mlw", line 1478, characters 177-196:
Sub-goal precondition of goal _parser___binop'vc.
Prover result is: Valid (0.00s, 5600 steps).

File "/tmp/.pycsl_nir7mh9f.mlw", line 1478, characters 251-270:
Sub-goal precondition of goal _parser___binop'vc.
Prover result is: Valid (0.00s, 5611 steps).

File "/tmp/.pycsl_nir7mh9f.mlw", line 1478, characters 325-344:
Sub-goal precondition of goal _parser___binop'vc.
Prover result is: Valid (0.00s, 5620 steps).

File "/tmp/.pycsl_nir7mh9f.mlw", line 1478, characters 400-419:
Sub-goal precondition of goal _parser___binop'vc.
Prover result is: Valid (0.00s, 5629 steps).

File "/tmp/.pycsl_nir7mh9f.mlw", line 1478, characters 475-494:
Sub-goal precondition of goal _parser___binop'vc.
Prover result is: Valid (0.01s, 5638 steps).

File "/tmp/.pycsl_nir7mh9f.mlw", line 1478, characters 549-568:
Sub-goal precondition of goal _parser___binop'vc.
Prover result is: Valid (0.01s, 5647 steps).

File "/tmp/.pycsl_nir7mh9f.mlw", line 1478, characters 623-642:
Sub-goal precondition of goal _parser___binop'vc.
Prover result is: Valid (0.00s, 5656 steps).

File "/tmp/.pycsl_nir7mh9f.mlw", line 1478, characters 697-716:
Sub-goal precondition of goal _parser___binop'vc.
Prover result is: Valid (0.00s, 5665 steps).

File "/tmp/.pycsl_nir7mh9f.mlw", line 1478, characters 771-790:
Sub-goal precondition of goal _parser___binop'vc.
Prover result is: Valid (0.00s, 5674 steps).

File "/tmp/.pycsl_nir7mh9f.mlw", line 1478, characters 846-865:
Sub-goal precondition of goal _parser___binop'vc.
Prover result is: Valid (0.00s, 5683 steps).

File "/tmp/.pycsl_nir7mh9f.mlw", line 1478, characters 920-939:
Sub-goal precondition of goal _parser___binop'vc.
Prover result is: Valid (0.00s, 5692 steps).

File "/tmp/.pycsl_nir7mh9f.mlw", line 1482, characters 50-69:
Sub-goal precondition of goal _parser___binop'vc.
Prover result is: Valid (0.00s, 5957 steps).

File "/tmp/.pycsl_nir7mh9f.mlw", line 1483, characters 48-67:
Sub-goal precondition of goal _parser___binop'vc.
Prover result is: Valid (0.01s, 6114 steps).

File "/tmp/.pycsl_nir7mh9f.mlw", line 1463, characters 15-19:
Sub-goal postcondition of goal _parser___binop'vc.
Prover result is: Valid (0.01s, 6348 steps).

File "/tmp/.pycsl_nir7mh9f.mlw", line 1464, characters 15-39:
Sub-goal postcondition of goal _parser___binop'vc.
Prover result is: Valid (0.17s, 5078004 steps).

File "/tmp/.pycsl_nir7mh9f.mlw", line 1489, characters 14-37:
Sub-goal precondition of goal _parser___binop'vc.
Prover result is: Valid (0.01s, 6352 steps).

File "/tmp/.pycsl_nir7mh9f.mlw", line 1490, characters 15-49:
Sub-goal variant decrease of goal _parser___binop'vc.
Prover result is: Valid (0.17s, 5078806 steps).

File "/tmp/.pycsl_nir7mh9f.mlw", line 1490, characters 15-49:
Sub-goal precondition of goal _parser___binop'vc.
Prover result is: Valid (0.01s, 6423 steps).

File "/tmp/.pycsl_nir7mh9f.mlw", line 1481, characters 16-51:
Sub-goal loop variant decrease of goal _parser___binop'vc.
Prover result is: Valid (0.17s, 5079332 steps).

File "/tmp/.pycsl_nir7mh9f.mlw", line 1479, characters 18-72:
Sub-goal loop invariant preservation of goal _parser___binop'vc.
Prover result is: Valid (0.18s, 5078545 steps).

File "/tmp/.pycsl_nir7mh9f.mlw", line 1480, characters 18-34:
Sub-goal loop invariant preservation of goal _parser___binop'vc.
Prover result is: Valid (0.17s, 5076957 steps).

File "/tmp/.pycsl_nir7mh9f.mlw", line 1463, characters 15-19:
Sub-goal postcondition of goal _parser___binop'vc.
Prover result is: Valid (0.00s, 5955 steps).

File "/tmp/.pycsl_nir7mh9f.mlw", line 1464, characters 15-39:
Sub-goal postcondition of goal _parser___binop'vc.
Prover result is: Valid (0.01s, 64343 steps).

File "/tmp/.pycsl_nir7mh9f.mlw", line 1506, characters 10-29:
Sub-goal precondition of goal _parser___capture_name'vc.
Prover result is: Valid (0.00s, 5295 steps).

File "/tmp/.pycsl_nir7mh9f.mlw", line 1508, characters 116-122:
Sub-goal unreachable point of goal _parser___capture_name'vc.
Prover result is: Valid (0.01s, 5779 steps).

File "/tmp/.pycsl_nir7mh9f.mlw", line 1510, characters 12-35:
Sub-goal precondition of goal _parser___capture_name'vc.
Prover result is: Valid (0.01s, 10014 steps).

File "/tmp/.pycsl_nir7mh9f.mlw", line 1502, characters 15-39:
Sub-goal postcondition of goal _parser___capture_name'vc.
Prover result is: Valid (0.01s, 10104 steps).

File "/tmp/.pycsl_nir7mh9f.mlw", line 1524, characters 12-35:
Sub-goal precondition of goal _parser___dict_rest'vc.
Prover result is: Valid (0.01s, 5295 steps).

File "/tmp/.pycsl_nir7mh9f.mlw", line 1526, characters 31-51:
Sub-goal precondition of goal _parser___dict_rest'vc.
Prover result is: Valid (0.00s, 6446 steps).

File "/tmp/.pycsl_nir7mh9f.mlw", line 1531, characters 18-72:
Sub-goal loop invariant init of goal _parser___dict_rest'vc.
Prover result is: Valid (0.02s, 77597 steps).

File "/tmp/.pycsl_nir7mh9f.mlw", line 1532, characters 18-33:
Sub-goal loop invariant init of goal _parser___dict_rest'vc.
Prover result is: Valid (0.01s, 26342 steps).

File "/tmp/.pycsl_nir7mh9f.mlw", line 1530, characters 17-46:
Sub-goal type invariant of goal _parser___dict_rest'vc.
Prover result is: Valid (0.01s, 7096 steps).

File "/tmp/.pycsl_nir7mh9f.mlw", line 1530, characters 17-46:
Sub-goal type invariant of goal _parser___dict_rest'vc.
Prover result is: Valid (0.01s, 7103 steps).

File "/tmp/.pycsl_nir7mh9f.mlw", line 1530, characters 17-46:
Sub-goal type invariant of goal _parser___dict_rest'vc.
Prover result is: Valid (0.02s, 76147 steps).

File "/tmp/.pycsl_nir7mh9f.mlw", line 1530, characters 17-46:
Sub-goal type invariant of goal _parser___dict_rest'vc.
Prover result is: Valid (0.01s, 78251 steps).

File "/tmp/.pycsl_nir7mh9f.mlw", line 1530, characters 17-46:
Sub-goal precondition of goal _parser___dict_rest'vc.
Prover result is: Valid (0.01s, 7111 steps).

File "/tmp/.pycsl_nir7mh9f.mlw", line 1534, characters 10-70:
Sub-goal precondition of goal _parser___dict_rest'vc.
Prover result is: Valid (0.00s, 7764 steps).

File "/tmp/.pycsl_nir7mh9f.mlw", line 1550, characters 21-50:
Sub-goal precondition of goal _parser___dict_rest'vc.
Prover result is: Valid (0.01s, 7878 steps).

File "/tmp/.pycsl_nir7mh9f.mlw", line 1515, characters 15-19:
Sub-goal postcondition of goal _parser___dict_rest'vc.
Prover result is: Valid (0.01s, 8298 steps).

File "/tmp/.pycsl_nir7mh9f.mlw", line 1516, characters 15-39:
Sub-goal postcondition of goal _parser___dict_rest'vc.
Prover result is: Valid (0.02s, 99513 steps).

File "/tmp/.pycsl_nir7mh9f.mlw", line 1537, characters 10-71:
Sub-goal precondition of goal _parser___dict_rest'vc.
Prover result is: Valid (0.01s, 7963 steps).

File "/tmp/.pycsl_nir7mh9f.mlw", line 1538, characters 16-39:
Sub-goal precondition of goal _parser___dict_rest'vc.
Prover result is: Valid (0.00s, 7989 steps).

File "/tmp/.pycsl_nir7mh9f.mlw", line 1540, characters 35-55:
Sub-goal precondition of goal _parser___dict_rest'vc.
Prover result is: Valid (0.01s, 9036 steps).

File "/tmp/.pycsl_nir7mh9f.mlw", line 1533, characters 16-51:
Sub-goal loop variant decrease of goal _parser___dict_rest'vc.
Prover result is: Valid (0.03s, 149073 steps).

File "/tmp/.pycsl_nir7mh9f.mlw", line 1531, characters 18-72:
Sub-goal loop invariant preservation of goal _parser___dict_rest'vc.
Prover result is: Valid (0.02s, 115199 steps).

File "/tmp/.pycsl_nir7mh9f.mlw", line 1532, characters 18-33:
Sub-goal loop invariant preservation of goal _parser___dict_rest'vc.
Prover result is: Valid (0.02s, 110422 steps).

File "/tmp/.pycsl_nir7mh9f.mlw", line 1542, characters 13-33:
Sub-goal precondition of goal _parser___dict_rest'vc.
Prover result is: Valid (0.01s, 7987 steps).

File "/tmp/.pycsl_nir7mh9f.mlw", line 1543, characters 16-45:
Sub-goal precondition of goal _parser___dict_rest'vc.
Prover result is: Valid (0.01s, 8014 steps).

File "/tmp/.pycsl_nir7mh9f.mlw", line 1544, characters 13-33:
Sub-goal precondition of goal _parser___dict_rest'vc.
Prover result is: Valid (0.00s, 8050 steps).

File "/tmp/.pycsl_nir7mh9f.mlw", line 1533, characters 16-51:
Sub-goal loop variant decrease of goal _parser___dict_rest'vc.
Prover result is: Valid (0.02s, 108491 steps).

File "/tmp/.pycsl_nir7mh9f.mlw", line 1531, characters 18-72:
Sub-goal loop invariant preservation of goal _parser___dict_rest'vc.
Prover result is: Valid (0.02s, 111859 steps).

File "/tmp/.pycsl_nir7mh9f.mlw", line 1532, characters 18-33:
Sub-goal loop invariant preservation of goal _parser___dict_rest'vc.
Prover result is: Valid (0.02s, 106841 steps).

File "/tmp/.pycsl_nir7mh9f.mlw", line 1550, characters 21-50:
Sub-goal precondition of goal _parser___dict_rest'vc.
Prover result is: Valid (0.00s, 7190 steps).

File "/tmp/.pycsl_nir7mh9f.mlw", line 1515, characters 15-19:
Sub-goal postcondition of goal _parser___dict_rest'vc.
Prover result is: Valid (0.01s, 7612 steps).

File "/tmp/.pycsl_nir7mh9f.mlw", line 1516, characters 15-39:
Sub-goal postcondition of goal _parser___dict_rest'vc.
Prover result is: Valid (0.02s, 81769 steps).

File "/tmp/.pycsl_nir7mh9f.mlw", line 1560, characters 30-55:
Sub-goal precondition of goal _parser___dotted_as_name'vc.
Prover result is: Valid (0.01s, 5295 steps).

File "/tmp/.pycsl_nir7mh9f.mlw", line 1564, characters 18-72:
Sub-goal loop invariant init of goal _parser___dotted_as_name'vc.
Prover result is: Valid (0.02s, 65203 steps).

File "/tmp/.pycsl_nir7mh9f.mlw", line 1565, characters 18-33:
Sub-goal loop invariant init of goal _parser___dotted_as_name'vc.
Prover result is: Valid (0.01s, 18815 steps).

File "/tmp/.pycsl_nir7mh9f.mlw", line 1563, characters 17-46:
Sub-goal type invariant of goal _parser___dotted_as_name'vc.
Prover result is: Valid (0.00s, 6452 steps).

File "/tmp/.pycsl_nir7mh9f.mlw", line 1563, characters 17-46:
Sub-goal type invariant of goal _parser___dotted_as_name'vc.
Prover result is: Valid (0.01s, 6459 steps).

File "/tmp/.pycsl_nir7mh9f.mlw", line 1563, characters 17-46:
Sub-goal type invariant of goal _parser___dotted_as_name'vc.
Prover result is: Valid (0.01s, 64189 steps).

File "/tmp/.pycsl_nir7mh9f.mlw", line 1563, characters 17-46:
Sub-goal type invariant of goal _parser___dotted_as_name'vc.
Prover result is: Valid (0.01s, 66007 steps).

File "/tmp/.pycsl_nir7mh9f.mlw", line 1563, characters 17-46:
Sub-goal precondition of goal _parser___dotted_as_name'vc.
Prover result is: Valid (0.00s, 6467 steps).

File "/tmp/.pycsl_nir7mh9f.mlw", line 1567, characters 31-56:
Sub-goal precondition of goal _parser___dotted_as_name'vc.
Prover result is: Valid (0.00s, 6535 steps).

File "/tmp/.pycsl_nir7mh9f.mlw", line 1566, characters 16-51:
Sub-goal loop variant decrease of goal _parser___dotted_as_name'vc.
Prover result is: Valid (0.02s, 73329 steps).

File "/tmp/.pycsl_nir7mh9f.mlw", line 1564, characters 18-72:
Sub-goal loop invariant preservation of goal _parser___dotted_as_name'vc.
Prover result is: Valid (0.02s, 74248 steps).

File "/tmp/.pycsl_nir7mh9f.mlw", line 1565, characters 18-33:
Sub-goal loop invariant preservation of goal _parser___dotted_as_name'vc.
Prover result is: Valid (0.02s, 71846 steps).

File "/tmp/.pycsl_nir7mh9f.mlw", line 1571, characters 14-44:
Sub-goal precondition of goal _parser___dotted_as_name'vc.
Prover result is: Valid (0.00s, 6555 steps).

File "/tmp/.pycsl_nir7mh9f.mlw", line 1572, characters 25-50:
Sub-goal precondition of goal _parser___dotted_as_name'vc.
Prover result is: Valid (0.01s, 6621 steps).

File "/tmp/.pycsl_nir7mh9f.mlw", line 1555, characters 15-39:
Sub-goal postcondition of goal _parser___dotted_as_name'vc.
Prover result is: Valid (0.02s, 77304 steps).

File "/tmp/.pycsl_nir7mh9f.mlw", line 1555, characters 15-39:
Sub-goal postcondition of goal _parser___dotted_as_name'vc.
Prover result is: Valid (0.01s, 73633 steps).

File "/tmp/.pycsl_nir7mh9f.mlw", line 1576, characters 22-71:
Sub-goal goal of goal _parser___dotted_as_name__union_arm_Arm_7_0_inj.
Prover result is: Valid (0.00s, 5290 steps).

File "/tmp/.pycsl_nir7mh9f.mlw", line 1578, characters 68-73:
Sub-goal goal of goal _parser___dotted_as_name__union_arm_Arm_7_0_proj.
Prover result is: Valid (0.01s, 5285 steps).

File "/tmp/.pycsl_nir7mh9f.mlw", line 1590, characters 9-28:
Sub-goal precondition of goal _parser___dotted_value'vc.
Prover result is: Valid (0.00s, 5295 steps).

File "/tmp/.pycsl_nir7mh9f.mlw", line 1591, characters 10-33:
Sub-goal precondition of goal _parser___dotted_value'vc.
Prover result is: Valid (0.01s, 5473 steps).

File "/tmp/.pycsl_nir7mh9f.mlw", line 1596, characters 18-72:
Sub-goal loop invariant init of goal _parser___dotted_value'vc.
Prover result is: Valid (0.01s, 54126 steps).

File "/tmp/.pycsl_nir7mh9f.mlw", line 1597, characters 18-33:
Sub-goal loop invariant init of goal _parser___dotted_value'vc.
Prover result is: Valid (0.01s, 14694 steps).

File "/tmp/.pycsl_nir7mh9f.mlw", line 1595, characters 17-46:
Sub-goal type invariant of goal _parser___dotted_value'vc.
Prover result is: Valid (0.00s, 5604 steps).

File "/tmp/.pycsl_nir7mh9f.mlw", line 1595, characters 17-46:
Sub-goal type invariant of goal _parser___dotted_value'vc.
Prover result is: Valid (0.01s, 5609 steps).

File "/tmp/.pycsl_nir7mh9f.mlw", line 1595, characters 17-46:
Sub-goal type invariant of goal _parser___dotted_value'vc.
Prover result is: Valid (0.01s, 53536 steps).

File "/tmp/.pycsl_nir7mh9f.mlw", line 1595, characters 17-46:
Sub-goal type invariant of goal _parser___dotted_value'vc.
Prover result is: Valid (0.01s, 54233 steps).

File "/tmp/.pycsl_nir7mh9f.mlw", line 1595, characters 17-46:
Sub-goal precondition of goal _parser___dotted_value'vc.
Prover result is: Valid (0.00s, 5619 steps).

File "/tmp/.pycsl_nir7mh9f.mlw", line 1599, characters 14-33:
Sub-goal precondition of goal _parser___dotted_value'vc.
Prover result is: Valid (0.00s, 5687 steps).

File "/tmp/.pycsl_nir7mh9f.mlw", line 1601, characters 91-97:
Sub-goal unreachable point of goal _parser___dotted_value'vc.
Prover result is: Valid (0.01s, 3319 steps).

File "/tmp/.pycsl_nir7mh9f.mlw", line 1603, characters 14-37:
Sub-goal precondition of goal _parser___dotted_value'vc.
Prover result is: Valid (0.00s, 5707 steps).

File "/tmp/.pycsl_nir7mh9f.mlw", line 1598, characters 16-51:
Sub-goal loop variant decrease of goal _parser___dotted_value'vc.
Prover result is: Valid (0.02s, 57732 steps).

File "/tmp/.pycsl_nir7mh9f.mlw", line 1596, characters 18-72:
Sub-goal loop invariant preservation of goal _parser___dotted_value'vc.
Prover result is: Valid (0.01s, 57027 steps).

File "/tmp/.pycsl_nir7mh9f.mlw", line 1597, characters 18-33:
Sub-goal loop invariant preservation of goal _parser___dotted_value'vc.
Prover result is: Valid (0.01s, 55687 steps).

File "/tmp/.pycsl_nir7mh9f.mlw", line 1582, characters 15-19:
Sub-goal postcondition of goal _parser___dotted_value'vc.
Prover result is: Valid (0.01s, 5698 steps).

File "/tmp/.pycsl_nir7mh9f.mlw", line 1583, characters 15-39:
Sub-goal postcondition of goal _parser___dotted_value'vc.
Prover result is: Valid (0.02s, 56646 steps).

File "/tmp/.pycsl_nir7mh9f.mlw", line 1622, characters 30-56:
Sub-goal precondition of goal _parser__simple_stmt'vc.
Prover result is: Valid (0.00s, 5295 steps).

File "/tmp/.pycsl_nir7mh9f.mlw", line 1627, characters 18-72:
Sub-goal loop invariant init of goal _parser__simple_stmt'vc.
Prover result is: Valid (0.01s, 65145 steps).

File "/tmp/.pycsl_nir7mh9f.mlw", line 1628, characters 18-34:
Sub-goal loop invariant init of goal _parser__simple_stmt'vc.
Prover result is: Valid (0.01s, 18788 steps).

File "/tmp/.pycsl_nir7mh9f.mlw", line 1626, characters 17-46:
Sub-goal type invariant of goal _parser__simple_stmt'vc.
Prover result is: Valid (0.00s, 6448 steps).

File "/tmp/.pycsl_nir7mh9f.mlw", line 1626, characters 17-46:
Sub-goal type invariant of goal _parser__simple_stmt'vc.
Prover result is: Valid (0.00s, 6455 steps).

File "/tmp/.pycsl_nir7mh9f.mlw", line 1626, characters 17-46:
Sub-goal type invariant of goal _parser__simple_stmt'vc.
Prover result is: Valid (0.02s, 64131 steps).

File "/tmp/.pycsl_nir7mh9f.mlw", line 1626, characters 17-46:
Sub-goal type invariant of goal _parser__simple_stmt'vc.
Prover result is: Valid (0.01s, 65949 steps).

File "/tmp/.pycsl_nir7mh9f.mlw", line 1626, characters 17-46:
Sub-goal precondition of goal _parser__simple_stmt'vc.
Prover result is: Valid (0.01s, 6463 steps).

File "/tmp/.pycsl_nir7mh9f.mlw", line 1630, characters 23-42:
Sub-goal precondition of goal _parser__simple_stmt'vc.
Prover result is: Valid (0.01s, 6531 steps).

File "/tmp/.pycsl_nir7mh9f.mlw", line 1636, characters 21-40:
Sub-goal precondition of goal _parser__simple_stmt'vc.
Prover result is: Valid (0.00s, 6626 steps).

File "/tmp/.pycsl_nir7mh9f.mlw", line 1637, characters 14-37:
Sub-goal precondition of goal _parser__simple_stmt'vc.
Prover result is: Valid (0.01s, 6639 steps).

File "/tmp/.pycsl_nir7mh9f.mlw", line 1616, characters 15-19:
Sub-goal postcondition of goal _parser__simple_stmt'vc.
Prover result is: Valid (0.01s, 6968 steps).

File "/tmp/.pycsl_nir7mh9f.mlw", line 1617, characters 15-39:
Sub-goal postcondition of goal _parser__simple_stmt'vc.
Prover result is: Valid (0.02s, 70163 steps).

File "/tmp/.pycsl_nir7mh9f.mlw", line 1618, characters 15-38:
Sub-goal postcondition of goal _parser__simple_stmt'vc.
Prover result is: Valid (0.01s, 70200 steps).

File "/tmp/.pycsl_nir7mh9f.mlw", line 1616, characters 15-19:
Sub-goal postcondition of goal _parser__simple_stmt'vc.
Prover result is: Valid (0.01s, 6901 steps).

File "/tmp/.pycsl_nir7mh9f.mlw", line 1617, characters 15-39:
Sub-goal postcondition of goal _parser__simple_stmt'vc.
Prover result is: Valid (0.01s, 6906 steps).

File "/tmp/.pycsl_nir7mh9f.mlw", line 1618, characters 15-38:
Sub-goal postcondition of goal _parser__simple_stmt'vc.
Prover result is: Valid (0.01s, 6919 steps).

File "/tmp/.pycsl_nir7mh9f.mlw", line 1633, characters 31-57:
Sub-goal precondition of goal _parser__simple_stmt'vc.
Prover result is: Valid (0.01s, 6630 steps).

File "/tmp/.pycsl_nir7mh9f.mlw", line 1629, characters 16-51:
Sub-goal loop variant decrease of goal _parser__simple_stmt'vc.
Prover result is: Valid (0.02s, 74438 steps).

File "/tmp/.pycsl_nir7mh9f.mlw", line 1627, characters 18-72:
Sub-goal loop invariant preservation of goal _parser__simple_stmt'vc.
Prover result is: Valid (0.01s, 76055 steps).

File "/tmp/.pycsl_nir7mh9f.mlw", line 1628, characters 18-34:
Sub-goal loop invariant preservation of goal _parser__simple_stmt'vc.
Prover result is: Valid (0.02s, 72896 steps).

File "/tmp/.pycsl_nir7mh9f.mlw", line 1636, characters 21-40:
Sub-goal precondition of goal _parser__simple_stmt'vc.
Prover result is: Valid (0.00s, 6542 steps).

File "/tmp/.pycsl_nir7mh9f.mlw", line 1637, characters 14-37:
Sub-goal precondition of goal _parser__simple_stmt'vc.
Prover result is: Valid (0.01s, 6637 steps).

File "/tmp/.pycsl_nir7mh9f.mlw", line 1616, characters 15-19:
Sub-goal postcondition of goal _parser__simple_stmt'vc.
Prover result is: Valid (0.01s, 6966 steps).

File "/tmp/.pycsl_nir7mh9f.mlw", line 1617, characters 15-39:
Sub-goal postcondition of goal _parser__simple_stmt'vc.
Prover result is: Valid (0.02s, 72760 steps).

File "/tmp/.pycsl_nir7mh9f.mlw", line 1618, characters 15-38:
Sub-goal postcondition of goal _parser__simple_stmt'vc.
Prover result is: Valid (0.02s, 72797 steps).

File "/tmp/.pycsl_nir7mh9f.mlw", line 1616, characters 15-19:
Sub-goal postcondition of goal _parser__simple_stmt'vc.
Prover result is: Valid (0.00s, 6899 steps).

File "/tmp/.pycsl_nir7mh9f.mlw", line 1617, characters 15-39:
Sub-goal postcondition of goal _parser__simple_stmt'vc.
Prover result is: Valid (0.01s, 72109 steps).

File "/tmp/.pycsl_nir7mh9f.mlw", line 1618, characters 15-38:
Sub-goal postcondition of goal _parser__simple_stmt'vc.
Prover result is: Valid (0.01s, 72146 steps).

File "/tmp/.pycsl_nir7mh9f.mlw", line 1656, characters 18-43:
Sub-goal loop invariant init of goal _parser___line_ends_with_colon'vc.
Prover result is: Valid (0.01s, 49761 steps).

File "/tmp/.pycsl_nir7mh9f.mlw", line 1657, characters 18-49:
Sub-goal loop invariant init of goal _parser___line_ends_with_colon'vc.
Prover result is: Valid (0.00s, 5437 steps).

File "/tmp/.pycsl_nir7mh9f.mlw", line 1659, characters 12-25:
Sub-goal index in array bounds of goal _parser___line_ends_with_colon'vc.
Prover result is: Valid (0.01s, 14387 steps).

File "/tmp/.pycsl_nir7mh9f.mlw", line 1658, characters 16-25:
Sub-goal loop variant decrease of goal _parser___line_ends_with_colon'vc.
Prover result is: Valid (0.01s, 38451 steps).

File "/tmp/.pycsl_nir7mh9f.mlw", line 1656, characters 18-43:
Sub-goal loop invariant preservation of goal _parser___line_ends_with_colon'vc.
Prover result is: Valid (0.02s, 65268 steps).

File "/tmp/.pycsl_nir7mh9f.mlw", line 1657, characters 18-49:
Sub-goal loop invariant preservation of goal _parser___line_ends_with_colon'vc.
Prover result is: Valid (0.01s, 5682 steps).

File "/tmp/.pycsl_nir7mh9f.mlw", line 1658, characters 16-25:
Sub-goal loop variant decrease of goal _parser___line_ends_with_colon'vc.
Prover result is: Valid (0.01s, 39171 steps).

File "/tmp/.pycsl_nir7mh9f.mlw", line 1656, characters 18-43:
Sub-goal loop invariant preservation of goal _parser___line_ends_with_colon'vc.
Prover result is: Valid (0.01s, 66317 steps).

File "/tmp/.pycsl_nir7mh9f.mlw", line 1657, characters 18-49:
Sub-goal loop invariant preservation of goal _parser___line_ends_with_colon'vc.
Prover result is: Valid (0.00s, 5777 steps).

File "/tmp/.pycsl_nir7mh9f.mlw", line 1643, characters 15-19:
Sub-goal postcondition of goal _parser___line_ends_with_colon'vc.
Prover result is: Valid (0.00s, 5865 steps).

File "/tmp/.pycsl_nir7mh9f.mlw", line 1658, characters 16-25:
Sub-goal loop variant decrease of goal _parser___line_ends_with_colon'vc.
Prover result is: Valid (0.01s, 39271 steps).

File "/tmp/.pycsl_nir7mh9f.mlw", line 1656, characters 18-43:
Sub-goal loop invariant preservation of goal _parser___line_ends_with_colon'vc.
Prover result is: Valid (0.02s, 66495 steps).

File "/tmp/.pycsl_nir7mh9f.mlw", line 1657, characters 18-49:
Sub-goal loop invariant preservation of goal _parser___line_ends_with_colon'vc.
Prover result is: Valid (0.00s, 5807 steps).

File "/tmp/.pycsl_nir7mh9f.mlw", line 1643, characters 15-19:
Sub-goal postcondition of goal _parser___line_ends_with_colon'vc.
Prover result is: Valid (0.01s, 5547 steps).

File "/tmp/.pycsl_nir7mh9f.mlw", line 1677, characters 20-75:
Sub-goal goal of goal _parser___line_ends_with_colon__union_arm_Arm_2_0_inj.
Prover result is: Valid (0.01s, 5290 steps).

File "/tmp/.pycsl_nir7mh9f.mlw", line 1679, characters 74-79:
Sub-goal goal of goal _parser___line_ends_with_colon__union_arm_Arm_2_0_proj.
Prover result is: Valid (0.00s, 5285 steps).

File "/tmp/.pycsl_nir7mh9f.mlw", line 1688, characters 11-33:
Sub-goal precondition of goal _parser___looks_like_match'vc.
Prover result is: Valid (0.01s, 5299 steps).

File "/tmp/.pycsl_nir7mh9f.mlw", line 1689, characters 8-22:
Sub-goal precondition of goal _parser___looks_like_match'vc.
Prover result is: Valid (0.01s, 5295 steps).

File "/tmp/.pycsl_nir7mh9f.mlw", line 1683, characters 15-19:
Sub-goal postcondition of goal _parser___looks_like_match'vc.
Prover result is: Valid (0.00s, 5445 steps).

File "/tmp/.pycsl_nir7mh9f.mlw", line 1683, characters 15-19:
Sub-goal postcondition of goal _parser___looks_like_match'vc.
Prover result is: Valid (0.01s, 5954 steps).

File "/tmp/.pycsl_nir7mh9f.mlw", line 1683, characters 15-19:
Sub-goal postcondition of goal _parser___looks_like_match'vc.
Prover result is: Valid (0.01s, 10444 steps).

File "/tmp/.pycsl_nir7mh9f.mlw", line 1683, characters 15-19:
Sub-goal postcondition of goal _parser___looks_like_match'vc.
Prover result is: Valid (0.01s, 10447 steps).

File "/tmp/.pycsl_nir7mh9f.mlw", line 1701, characters 26-63:
Sub-goal precondition of goal _parser___looks_like_match'vc.
Prover result is: Valid (0.01s, 10451 steps).

File "/tmp/.pycsl_nir7mh9f.mlw", line 1683, characters 15-19:
Sub-goal postcondition of goal _parser___looks_like_match'vc.
Prover result is: Valid (0.01s, 10451 steps).

File "/tmp/.pycsl_nir7mh9f.mlw", line 1714, characters 11-33:
Sub-goal precondition of goal _parser___looks_like_type_alias'vc.
Prover result is: Valid (0.01s, 5299 steps).

File "/tmp/.pycsl_nir7mh9f.mlw", line 1710, characters 15-19:
Sub-goal postcondition of goal _parser___looks_like_type_alias'vc.
Prover result is: Valid (0.00s, 5295 steps).

File "/tmp/.pycsl_nir7mh9f.mlw", line 1728, characters 23-42:
Sub-goal precondition of goal _parser___testlist_end'vc.
Prover result is: Valid (0.00s, 5295 steps).

File "/tmp/.pycsl_nir7mh9f.mlw", line 1728, characters 85-104:
Sub-goal precondition of goal _parser___testlist_end'vc.
Prover result is: Valid (0.00s, 5481 steps).

File "/tmp/.pycsl_nir7mh9f.mlw", line 1728, characters 135-270:
Sub-goal precondition of goal _parser___testlist_end'vc.
Prover result is: Valid (0.01s, 7015 steps).

File "/tmp/.pycsl_nir7mh9f.mlw", line 1725, characters 15-19:
Sub-goal postcondition of goal _parser___testlist_end'vc.
Prover result is: Valid (0.01s, 5517 steps).

File "/tmp/.pycsl_nir7mh9f.mlw", line 1740, characters 9-28:
Sub-goal precondition of goal _parser__testlist'vc.
Prover result is: Valid (0.01s, 5295 steps).

File "/tmp/.pycsl_nir7mh9f.mlw", line 1741, characters 13-33:
Sub-goal precondition of goal _parser__testlist'vc.
Prover result is: Valid (0.00s, 5473 steps).

File "/tmp/.pycsl_nir7mh9f.mlw", line 1742, characters 13-73:
Sub-goal precondition of goal _parser__testlist'vc.
Prover result is: Valid (0.01s, 6476 steps).

File "/tmp/.pycsl_nir7mh9f.mlw", line 1732, characters 15-19:
Sub-goal postcondition of goal _parser__testlist'vc.
Prover result is: Valid (0.01s, 6477 steps).

File "/tmp/.pycsl_nir7mh9f.mlw", line 1733, characters 15-39:
Sub-goal postcondition of goal _parser__testlist'vc.
Prover result is: Valid (0.00s, 6482 steps).

File "/tmp/.pycsl_nir7mh9f.mlw", line 1750, characters 20-74:
Sub-goal loop invariant init of goal _parser__testlist'vc.
Prover result is: Valid (0.02s, 87041 steps).

File "/tmp/.pycsl_nir7mh9f.mlw", line 1751, characters 20-35:
Sub-goal loop invariant init of goal _parser__testlist'vc.
Prover result is: Valid (0.01s, 26573 steps).

File "/tmp/.pycsl_nir7mh9f.mlw", line 1749, characters 19-48:
Sub-goal type invariant of goal _parser__testlist'vc.
Prover result is: Valid (0.01s, 7146 steps).

File "/tmp/.pycsl_nir7mh9f.mlw", line 1749, characters 19-48:
Sub-goal type invariant of goal _parser__testlist'vc.
Prover result is: Valid (0.01s, 7153 steps).

File "/tmp/.pycsl_nir7mh9f.mlw", line 1749, characters 19-48:
Sub-goal type invariant of goal _parser__testlist'vc.
Prover result is: Valid (0.02s, 85403 steps).

File "/tmp/.pycsl_nir7mh9f.mlw", line 1749, characters 19-48:
Sub-goal type invariant of goal _parser__testlist'vc.
Prover result is: Valid (0.02s, 86473 steps).

File "/tmp/.pycsl_nir7mh9f.mlw", line 1749, characters 19-48:
Sub-goal precondition of goal _parser__testlist'vc.
Prover result is: Valid (0.01s, 7161 steps).

File "/tmp/.pycsl_nir7mh9f.mlw", line 1753, characters 12-41:
Sub-goal precondition of goal _parser__testlist'vc.
Prover result is: Valid (0.01s, 7229 steps).

File "/tmp/.pycsl_nir7mh9f.mlw", line 1732, characters 15-19:
Sub-goal postcondition of goal _parser__testlist'vc.
Prover result is: Valid (0.01s, 7433 steps).

File "/tmp/.pycsl_nir7mh9f.mlw", line 1733, characters 15-39:
Sub-goal postcondition of goal _parser__testlist'vc.
Prover result is: Valid (0.02s, 88931 steps).

File "/tmp/.pycsl_nir7mh9f.mlw", line 1756, characters 31-51:
Sub-goal precondition of goal _parser__testlist'vc.
Prover result is: Valid (0.01s, 7234 steps).

File "/tmp/.pycsl_nir7mh9f.mlw", line 1752, characters 18-53:
Sub-goal loop variant decrease of goal _parser__testlist'vc.
Prover result is: Valid (0.02s, 116906 steps).

File "/tmp/.pycsl_nir7mh9f.mlw", line 1750, characters 20-74:
Sub-goal loop invariant preservation of goal _parser__testlist'vc.
Prover result is: Valid (0.02s, 100464 steps).

File "/tmp/.pycsl_nir7mh9f.mlw", line 1751, characters 20-35:
Sub-goal loop invariant preservation of goal _parser__testlist'vc.
Prover result is: Valid (0.02s, 97384 steps).

File "/tmp/.pycsl_nir7mh9f.mlw", line 1732, characters 15-19:
Sub-goal postcondition of goal _parser__testlist'vc.
Prover result is: Valid (0.00s, 7435 steps).

File "/tmp/.pycsl_nir7mh9f.mlw", line 1733, characters 15-39:
Sub-goal postcondition of goal _parser__testlist'vc.
Prover result is: Valid (0.02s, 88840 steps).

File "/tmp/.pycsl_nir7mh9f.mlw", line 1772, characters 12-41:
Sub-goal precondition of goal _parser___parse_type_params'vc.
Prover result is: Valid (0.00s, 5295 steps).

File "/tmp/.pycsl_nir7mh9f.mlw", line 1777, characters 18-72:
Sub-goal loop invariant init of goal _parser___parse_type_params'vc.
Prover result is: Valid (0.01s, 52949 steps).

File "/tmp/.pycsl_nir7mh9f.mlw", line 1778, characters 18-34:
Sub-goal loop invariant init of goal _parser___parse_type_params'vc.
Prover result is: Valid (0.01s, 14224 steps).

File "/tmp/.pycsl_nir7mh9f.mlw", line 1776, characters 16-76:
Sub-goal type invariant of goal _parser___parse_type_params'vc.
Prover result is: Valid (0.01s, 6456 steps).

File "/tmp/.pycsl_nir7mh9f.mlw", line 1776, characters 16-76:
Sub-goal type invariant of goal _parser___parse_type_params'vc.
Prover result is: Valid (0.00s, 6463 steps).

File "/tmp/.pycsl_nir7mh9f.mlw", line 1776, characters 16-76:
Sub-goal type invariant of goal _parser___parse_type_params'vc.
Prover result is: Valid (0.01s, 69346 steps).

File "/tmp/.pycsl_nir7mh9f.mlw", line 1776, characters 16-76:
Sub-goal type invariant of goal _parser___parse_type_params'vc.
Prover result is: Valid (0.01s, 71280 steps).

File "/tmp/.pycsl_nir7mh9f.mlw", line 1776, characters 16-76:
Sub-goal precondition of goal _parser___parse_type_params'vc.
Prover result is: Valid (0.01s, 6471 steps).

File "/tmp/.pycsl_nir7mh9f.mlw", line 1780, characters 21-40:
Sub-goal precondition of goal _parser___parse_type_params'vc.
Prover result is: Valid (0.01s, 6472 steps).

File "/tmp/.pycsl_nir7mh9f.mlw", line 1782, characters 16-45:
Sub-goal precondition of goal _parser___parse_type_params'vc.
Prover result is: Valid (0.01s, 6960 steps).

File "/tmp/.pycsl_nir7mh9f.mlw", line 1784, characters 10-71:
Sub-goal precondition of goal _parser___parse_type_params'vc.
Prover result is: Valid (0.01s, 7081 steps).

File "/tmp/.pycsl_nir7mh9f.mlw", line 1785, characters 16-39:
Sub-goal precondition of goal _parser___parse_type_params'vc.
Prover result is: Valid (0.01s, 7115 steps).

File "/tmp/.pycsl_nir7mh9f.mlw", line 1786, characters 16-41:
Sub-goal precondition of goal _parser___parse_type_params'vc.
Prover result is: Valid (0.01s, 7186 steps).

File "/tmp/.pycsl_nir7mh9f.mlw", line 1779, characters 16-51:
Sub-goal loop variant decrease of goal _parser___parse_type_params'vc.
Prover result is: Valid (0.02s, 100140 steps).

File "/tmp/.pycsl_nir7mh9f.mlw", line 1777, characters 18-72:
Sub-goal loop invariant preservation of goal _parser___parse_type_params'vc.
Prover result is: Valid (0.02s, 103588 steps).

File "/tmp/.pycsl_nir7mh9f.mlw", line 1778, characters 18-34:
Sub-goal loop invariant preservation of goal _parser___parse_type_params'vc.
Prover result is: Valid (0.02s, 98930 steps).

File "/tmp/.pycsl_nir7mh9f.mlw", line 1789, characters 12-72:
Sub-goal precondition of goal _parser___parse_type_params'vc.
Prover result is: Valid (0.00s, 7198 steps).

File "/tmp/.pycsl_nir7mh9f.mlw", line 1790, characters 18-41:
Sub-goal precondition of goal _parser___parse_type_params'vc.
Prover result is: Valid (0.00s, 7224 steps).

File "/tmp/.pycsl_nir7mh9f.mlw", line 1791, characters 18-43:
Sub-goal precondition of goal _parser___parse_type_params'vc.
Prover result is: Valid (0.01s, 7295 steps).

File "/tmp/.pycsl_nir7mh9f.mlw", line 1779, characters 16-51:
Sub-goal loop variant decrease of goal _parser___parse_type_params'vc.
Prover result is: Valid (0.02s, 100747 steps).

File "/tmp/.pycsl_nir7mh9f.mlw", line 1777, characters 18-72:
Sub-goal loop invariant preservation of goal _parser___parse_type_params'vc.
Prover result is: Valid (0.02s, 104561 steps).

File "/tmp/.pycsl_nir7mh9f.mlw", line 1778, characters 18-34:
Sub-goal loop invariant preservation of goal _parser___parse_type_params'vc.
Prover result is: Valid (0.02s, 99441 steps).

File "/tmp/.pycsl_nir7mh9f.mlw", line 1794, characters 18-43:
Sub-goal precondition of goal _parser___parse_type_params'vc.
Prover result is: Valid (0.01s, 7222 steps).

File "/tmp/.pycsl_nir7mh9f.mlw", line 1796, characters 14-74:
Sub-goal precondition of goal _parser___parse_type_params'vc.
Prover result is: Valid (0.00s, 7346 steps).

File "/tmp/.pycsl_nir7mh9f.mlw", line 1797, characters 20-43:
Sub-goal precondition of goal _parser___parse_type_params'vc.
Prover result is: Valid (0.00s, 7380 steps).

File "/tmp/.pycsl_nir7mh9f.mlw", line 1798, characters 30-50:
Sub-goal precondition of goal _parser___parse_type_params'vc.
Prover result is: Valid (0.00s, 7451 steps).

File "/tmp/.pycsl_nir7mh9f.mlw", line 1779, characters 16-51:
Sub-goal loop variant decrease of goal _parser___parse_type_params'vc.
Prover result is: Valid (0.02s, 102194 steps).

File "/tmp/.pycsl_nir7mh9f.mlw", line 1777, characters 18-72:
Sub-goal loop invariant preservation of goal _parser___parse_type_params'vc.
Prover result is: Valid (0.02s, 106797 steps).

File "/tmp/.pycsl_nir7mh9f.mlw", line 1778, characters 18-34:
Sub-goal loop invariant preservation of goal _parser___parse_type_params'vc.
Prover result is: Valid (0.02s, 100732 steps).

File "/tmp/.pycsl_nir7mh9f.mlw", line 1779, characters 16-51:
Sub-goal loop variant decrease of goal _parser___parse_type_params'vc.
Prover result is: Valid (0.02s, 97178 steps).

File "/tmp/.pycsl_nir7mh9f.mlw", line 1777, characters 18-72:
Sub-goal loop invariant preservation of goal _parser___parse_type_params'vc.
Prover result is: Valid (0.02s, 100362 steps).

File "/tmp/.pycsl_nir7mh9f.mlw", line 1778, characters 18-34:
Sub-goal loop invariant preservation of goal _parser___parse_type_params'vc.
Prover result is: Valid (0.02s, 95845 steps).

File "/tmp/.pycsl_nir7mh9f.mlw", line 1784, characters 10-71:
Sub-goal precondition of goal _parser___parse_type_params'vc.
Prover result is: Valid (0.01s, 7051 steps).

File "/tmp/.pycsl_nir7mh9f.mlw", line 1785, characters 16-39:
Sub-goal precondition of goal _parser___parse_type_params'vc.
Prover result is: Valid (0.01s, 7081 steps).

File "/tmp/.pycsl_nir7mh9f.mlw", line 1786, characters 16-41:
Sub-goal precondition of goal _parser___parse_type_params'vc.
Prover result is: Valid (0.01s, 7152 steps).

File "/tmp/.pycsl_nir7mh9f.mlw", line 1779, characters 16-51:
Sub-goal loop variant decrease of goal _parser___parse_type_params'vc.
Prover result is: Valid (0.02s, 100112 steps).

File "/tmp/.pycsl_nir7mh9f.mlw", line 1777, characters 18-72:
Sub-goal loop invariant preservation of goal _parser___parse_type_params'vc.
Prover result is: Valid (0.02s, 102092 steps).

File "/tmp/.pycsl_nir7mh9f.mlw", line 1778, characters 18-34:
Sub-goal loop invariant preservation of goal _parser___parse_type_params'vc.
Prover result is: Valid (0.01s, 98329 steps).

File "/tmp/.pycsl_nir7mh9f.mlw", line 1789, characters 12-72:
Sub-goal precondition of goal _parser___parse_type_params'vc.
Prover result is: Valid (0.01s, 7164 steps).

File "/tmp/.pycsl_nir7mh9f.mlw", line 1790, characters 18-41:
Sub-goal precondition of goal _parser___parse_type_params'vc.
Prover result is: Valid (0.01s, 7188 steps).

File "/tmp/.pycsl_nir7mh9f.mlw", line 1791, characters 18-43:
Sub-goal precondition of goal _parser___parse_type_params'vc.
Prover result is: Valid (0.01s, 7259 steps).

File "/tmp/.pycsl_nir7mh9f.mlw", line 1779, characters 16-51:
Sub-goal loop variant decrease of goal _parser___parse_type_params'vc.
Prover result is: Valid (0.02s, 100728 steps).

File "/tmp/.pycsl_nir7mh9f.mlw", line 1777, characters 18-72:
Sub-goal loop invariant preservation of goal _parser___parse_type_params'vc.
Prover result is: Valid (0.02s, 103063 steps).

File "/tmp/.pycsl_nir7mh9f.mlw", line 1778, characters 18-34:
Sub-goal loop invariant preservation of goal _parser___parse_type_params'vc.
Prover result is: Valid (0.02s, 98838 steps).

File "/tmp/.pycsl_nir7mh9f.mlw", line 1794, characters 18-43:
Sub-goal precondition of goal _parser___parse_type_params'vc.
Prover result is: Valid (0.01s, 7186 steps).

File "/tmp/.pycsl_nir7mh9f.mlw", line 1796, characters 14-74:
Sub-goal precondition of goal _parser___parse_type_params'vc.
Prover result is: Valid (0.01s, 7310 steps).

File "/tmp/.pycsl_nir7mh9f.mlw", line 1797, characters 20-43:
Sub-goal precondition of goal _parser___parse_type_params'vc.
Prover result is: Valid (0.01s, 7344 steps).

File "/tmp/.pycsl_nir7mh9f.mlw", line 1798, characters 30-50:
Sub-goal precondition of goal _parser___parse_type_params'vc.
Prover result is: Valid (0.01s, 7415 steps).

File "/tmp/.pycsl_nir7mh9f.mlw", line 1779, characters 16-51:
Sub-goal loop variant decrease of goal _parser___parse_type_params'vc.
Prover result is: Valid (0.02s, 101598 steps).

File "/tmp/.pycsl_nir7mh9f.mlw", line 1777, characters 18-72:
Sub-goal loop invariant preservation of goal _parser___parse_type_params'vc.
Prover result is: Valid (0.02s, 105456 steps).

File "/tmp/.pycsl_nir7mh9f.mlw", line 1778, characters 18-34:
Sub-goal loop invariant preservation of goal _parser___parse_type_params'vc.
Prover result is: Valid (0.02s, 100188 steps).

File "/tmp/.pycsl_nir7mh9f.mlw", line 1779, characters 16-51:
Sub-goal loop variant decrease of goal _parser___parse_type_params'vc.
Prover result is: Valid (0.02s, 95261 steps).

File "/tmp/.pycsl_nir7mh9f.mlw", line 1777, characters 18-72:
Sub-goal loop invariant preservation of goal _parser___parse_type_params'vc.
Prover result is: Valid (0.02s, 99018 steps).

File "/tmp/.pycsl_nir7mh9f.mlw", line 1778, characters 18-34:
Sub-goal loop invariant preservation of goal _parser___parse_type_params'vc.
Prover result is: Valid (0.02s, 95329 steps).

File "/tmp/.pycsl_nir7mh9f.mlw", line 1804, characters 12-41:
Sub-goal precondition of goal _parser___parse_type_params'vc.
Prover result is: Valid (0.00s, 6587 steps).

File "/tmp/.pycsl_nir7mh9f.mlw", line 1765, characters 15-19:
Sub-goal postcondition of goal _parser___parse_type_params'vc.
Prover result is: Valid (0.00s, 7412 steps).

File "/tmp/.pycsl_nir7mh9f.mlw", line 1766, characters 15-39:
Sub-goal postcondition of goal _parser___parse_type_params'vc.
Prover result is: Valid (0.02s, 87139 steps).

File "/tmp/.pycsl_nir7mh9f.mlw", line 1807, characters 23-75:
Sub-goal goal of goal _parser___parse_type_params__union_arm_Arm_3_0_inj.
Prover result is: Valid (0.00s, 5290 steps).

File "/tmp/.pycsl_nir7mh9f.mlw", line 1809, characters 71-76:
Sub-goal goal of goal _parser___parse_type_params__union_arm_Arm_3_0_proj.
Prover result is: Valid (0.01s, 5285 steps).

File "/tmp/.pycsl_nir7mh9f.mlw", line 1820, characters 9-28:
Sub-goal precondition of goal _parser___param_arg'vc.
Prover result is: Valid (0.00s, 5295 steps).

File "/tmp/.pycsl_nir7mh9f.mlw", line 1821, characters 12-37:
Sub-goal precondition of goal _parser___param_arg'vc.
Prover result is: Valid (0.00s, 5473 steps).

File "/tmp/.pycsl_nir7mh9f.mlw", line 1823, characters 14-43:
Sub-goal precondition of goal _parser___param_arg'vc.
Prover result is: Valid (0.00s, 5512 steps).

File "/tmp/.pycsl_nir7mh9f.mlw", line 1824, characters 23-43:
Sub-goal precondition of goal _parser___param_arg'vc.
Prover result is: Valid (0.00s, 5578 steps).

File "/tmp/.pycsl_nir7mh9f.mlw", line 1813, characters 15-19:
Sub-goal postcondition of goal _parser___param_arg'vc.
Prover result is: Valid (0.01s, 5645 steps).

File "/tmp/.pycsl_nir7mh9f.mlw", line 1814, characters 15-38:
Sub-goal postcondition of goal _parser___param_arg'vc.
Prover result is: Valid (0.01s, 53912 steps).

File "/tmp/.pycsl_nir7mh9f.mlw", line 1815, characters 15-39:
Sub-goal postcondition of goal _parser___param_arg'vc.
Prover result is: Valid (0.01s, 53981 steps).

File "/tmp/.pycsl_nir7mh9f.mlw", line 1813, characters 15-19:
Sub-goal postcondition of goal _parser___param_arg'vc.
Prover result is: Valid (0.00s, 5589 steps).

File "/tmp/.pycsl_nir7mh9f.mlw", line 1814, characters 15-38:
Sub-goal postcondition of goal _parser___param_arg'vc.
Prover result is: Valid (0.02s, 55519 steps).

File "/tmp/.pycsl_nir7mh9f.mlw", line 1815, characters 15-39:
Sub-goal postcondition of goal _parser___param_arg'vc.
Prover result is: Valid (0.02s, 55625 steps).

File "/tmp/.pycsl_nir7mh9f.mlw", line 1828, characters 23-69:
Sub-goal goal of goal _parser___param_arg__union_arm_Arm_15_0_inj.
Prover result is: Valid (0.00s, 5290 steps).

File "/tmp/.pycsl_nir7mh9f.mlw", line 1830, characters 65-70:
Sub-goal goal of goal _parser___param_arg__union_arm_Arm_15_0_proj.
Prover result is: Valid (0.00s, 5285 steps).

File "/tmp/.pycsl_nir7mh9f.mlw", line 1859, characters 18-72:
Sub-goal loop invariant init of goal _parser__parse_parameters'vc.
Prover result is: Valid (0.01s, 49777 steps).

File "/tmp/.pycsl_nir7mh9f.mlw", line 1860, characters 18-33:
Sub-goal loop invariant init of goal _parser__parse_parameters'vc.
Prover result is: Valid (0.01s, 14170 steps).

File "/tmp/.pycsl_nir7mh9f.mlw", line 1858, characters 16-78:
Sub-goal type invariant of goal _parser__parse_parameters'vc.
Prover result is: Valid (0.00s, 6461 steps).

File "/tmp/.pycsl_nir7mh9f.mlw", line 1858, characters 16-78:
Sub-goal type invariant of goal _parser__parse_parameters'vc.
Prover result is: Valid (0.00s, 6468 steps).

File "/tmp/.pycsl_nir7mh9f.mlw", line 1858, characters 16-78:
Sub-goal type invariant of goal _parser__parse_parameters'vc.
Prover result is: Valid (0.01s, 66384 steps).

File "/tmp/.pycsl_nir7mh9f.mlw", line 1858, characters 16-78:
Sub-goal type invariant of goal _parser__parse_parameters'vc.
Prover result is: Valid (0.02s, 68195 steps).

File "/tmp/.pycsl_nir7mh9f.mlw", line 1858, characters 16-78:
Sub-goal precondition of goal _parser__parse_parameters'vc.
Prover result is: Valid (0.00s, 6476 steps).

File "/tmp/.pycsl_nir7mh9f.mlw", line 1863, characters 10-70:
Sub-goal precondition of goal _parser__parse_parameters'vc.
Prover result is: Valid (0.01s, 6564 steps).

File "/tmp/.pycsl_nir7mh9f.mlw", line 1864, characters 16-39:
Sub-goal precondition of goal _parser__parse_parameters'vc.
Prover result is: Valid (0.00s, 6680 steps).

File "/tmp/.pycsl_nir7mh9f.mlw", line 1867, characters 16-45:
Sub-goal precondition of goal _parser__parse_parameters'vc.
Prover result is: Valid (0.00s, 6803 steps).

File "/tmp/.pycsl_nir7mh9f.mlw", line 1861, characters 16-51:
Sub-goal loop variant decrease of goal _parser__parse_parameters'vc.
Prover result is: Valid (0.02s, 93906 steps).

File "/tmp/.pycsl_nir7mh9f.mlw", line 1859, characters 18-72:
Sub-goal loop invariant preservation of goal _parser__parse_parameters'vc.
Prover result is: Valid (0.02s, 88602 steps).

File "/tmp/.pycsl_nir7mh9f.mlw", line 1860, characters 18-33:
Sub-goal loop invariant preservation of goal _parser__parse_parameters'vc.
Prover result is: Valid (0.01s, 86543 steps).

File "/tmp/.pycsl_nir7mh9f.mlw", line 1870, characters 10-70:
Sub-goal precondition of goal _parser__parse_parameters'vc.
Prover result is: Valid (0.00s, 6763 steps).

File "/tmp/.pycsl_nir7mh9f.mlw", line 1871, characters 16-39:
Sub-goal precondition of goal _parser__parse_parameters'vc.
Prover result is: Valid (0.00s, 6789 steps).

File "/tmp/.pycsl_nir7mh9f.mlw", line 1872, characters 17-77:
Sub-goal precondition of goal _parser__parse_parameters'vc.
Prover result is: Valid (0.00s, 6945 steps).

File "/tmp/.pycsl_nir7mh9f.mlw", line 1872, characters 88-150:
Sub-goal precondition of goal _parser__parse_parameters'vc.
Prover result is: Valid (0.01s, 7023 steps).

File "/tmp/.pycsl_nir7mh9f.mlw", line 1878, characters 16-45:
Sub-goal precondition of goal _parser__parse_parameters'vc.
Prover result is: Valid (0.01s, 7160 steps).

File "/tmp/.pycsl_nir7mh9f.mlw", line 1861, characters 16-51:
Sub-goal loop variant decrease of goal _parser__parse_parameters'vc.
Prover result is: Valid (0.02s, 101997 steps).

File "/tmp/.pycsl_nir7mh9f.mlw", line 1859, characters 18-72:
Sub-goal loop invariant preservation of goal _parser__parse_parameters'vc.
Prover result is: Valid (0.02s, 91857 steps).

File "/tmp/.pycsl_nir7mh9f.mlw", line 1860, characters 18-33:
Sub-goal loop invariant preservation of goal _parser__parse_parameters'vc.
Prover result is: Valid (0.02s, 88852 steps).

File "/tmp/.pycsl_nir7mh9f.mlw", line 1875, characters 29-55:
Sub-goal precondition of goal _parser__parse_parameters'vc.
Prover result is: Valid (0.01s, 7153 steps).

File "/tmp/.pycsl_nir7mh9f.mlw", line 1878, characters 16-45:
Sub-goal precondition of goal _parser__parse_parameters'vc.
Prover result is: Valid (0.01s, 7207 steps).

File "/tmp/.pycsl_nir7mh9f.mlw", line 1861, characters 16-51:
Sub-goal loop variant decrease of goal _parser__parse_parameters'vc.
Prover result is: Valid (0.02s, 90088 steps).

File "/tmp/.pycsl_nir7mh9f.mlw", line 1859, characters 18-72:
Sub-goal loop invariant preservation of goal _parser__parse_parameters'vc.
Prover result is: Valid (0.02s, 92226 steps).

File "/tmp/.pycsl_nir7mh9f.mlw", line 1860, characters 18-33:
Sub-goal loop invariant preservation of goal _parser__parse_parameters'vc.
Prover result is: Valid (0.02s, 88863 steps).

File "/tmp/.pycsl_nir7mh9f.mlw", line 1881, characters 10-71:
Sub-goal precondition of goal _parser__parse_parameters'vc.
Prover result is: Valid (0.00s, 6872 steps).

File "/tmp/.pycsl_nir7mh9f.mlw", line 1882, characters 16-39:
Sub-goal precondition of goal _parser__parse_parameters'vc.
Prover result is: Valid (0.01s, 6892 steps).

File "/tmp/.pycsl_nir7mh9f.mlw", line 1883, characters 26-52:
Sub-goal precondition of goal _parser__parse_parameters'vc.
Prover result is: Valid (0.01s, 6963 steps).

File "/tmp/.pycsl_nir7mh9f.mlw", line 1884, characters 16-45:
Sub-goal precondition of goal _parser__parse_parameters'vc.
Prover result is: Valid (0.01s, 7012 steps).

File "/tmp/.pycsl_nir7mh9f.mlw", line 1861, characters 16-51:
Sub-goal loop variant decrease of goal _parser__parse_parameters'vc.
Prover result is: Valid (0.02s, 88835 steps).

File "/tmp/.pycsl_nir7mh9f.mlw", line 1859, characters 18-72:
Sub-goal loop invariant preservation of goal _parser__parse_parameters'vc.
Prover result is: Valid (0.02s, 90977 steps).

File "/tmp/.pycsl_nir7mh9f.mlw", line 1860, characters 18-33:
Sub-goal loop invariant preservation of goal _parser__parse_parameters'vc.
Prover result is: Valid (0.01s, 87628 steps).

File "/tmp/.pycsl_nir7mh9f.mlw", line 1887, characters 11-37:
Sub-goal precondition of goal _parser__parse_parameters'vc.
Prover result is: Valid (0.01s, 6890 steps).

File "/tmp/.pycsl_nir7mh9f.mlw", line 1889, characters 16-45:
Sub-goal precondition of goal _parser__parse_parameters'vc.
Prover result is: Valid (0.00s, 6935 steps).

File "/tmp/.pycsl_nir7mh9f.mlw", line 1890, characters 28-48:
Sub-goal precondition of goal _parser__parse_parameters'vc.
Prover result is: Valid (0.00s, 7001 steps).

File "/tmp/.pycsl_nir7mh9f.mlw", line 1901, characters 14-43:
Sub-goal precondition of goal _parser__parse_parameters'vc.
Prover result is: Valid (0.00s, 9123 steps).

File "/tmp/.pycsl_nir7mh9f.mlw", line 1861, characters 16-51:
Sub-goal loop variant decrease of goal _parser__parse_parameters'vc.
Prover result is: Valid (0.02s, 119913 steps).

File "/tmp/.pycsl_nir7mh9f.mlw", line 1859, characters 18-72:
Sub-goal loop invariant preservation of goal _parser__parse_parameters'vc.
Prover result is: Valid (0.02s, 122947 steps).

File "/tmp/.pycsl_nir7mh9f.mlw", line 1860, characters 18-33:
Sub-goal loop invariant preservation of goal _parser__parse_parameters'vc.
Prover result is: Valid (0.02s, 118293 steps).

File "/tmp/.pycsl_nir7mh9f.mlw", line 1901, characters 14-43:
Sub-goal precondition of goal _parser__parse_parameters'vc.
Prover result is: Valid (0.01s, 8468 steps).

File "/tmp/.pycsl_nir7mh9f.mlw", line 1861, characters 16-51:
Sub-goal loop variant decrease of goal _parser__parse_parameters'vc.
Prover result is: Valid (0.02s, 106748 steps).

File "/tmp/.pycsl_nir7mh9f.mlw", line 1859, characters 18-72:
Sub-goal loop invariant preservation of goal _parser__parse_parameters'vc.
Prover result is: Valid (0.02s, 109986 steps).

File "/tmp/.pycsl_nir7mh9f.mlw", line 1860, characters 18-33:
Sub-goal loop invariant preservation of goal _parser__parse_parameters'vc.
Prover result is: Valid (0.02s, 105154 steps).

File "/tmp/.pycsl_nir7mh9f.mlw", line 1901, characters 14-43:
Sub-goal precondition of goal _parser__parse_parameters'vc.
Prover result is: Valid (0.00s, 8331 steps).

File "/tmp/.pycsl_nir7mh9f.mlw", line 1861, characters 16-51:
Sub-goal loop variant decrease of goal _parser__parse_parameters'vc.
Prover result is: Valid (0.01s, 31941 steps).

File "/tmp/.pycsl_nir7mh9f.mlw", line 1859, characters 18-72:
Sub-goal loop invariant preservation of goal _parser__parse_parameters'vc.
Prover result is: Valid (0.01s, 31801 steps).

File "/tmp/.pycsl_nir7mh9f.mlw", line 1860, characters 18-33:
Sub-goal loop invariant preservation of goal _parser__parse_parameters'vc.
Prover result is: Valid (0.01s, 31792 steps).

File "/tmp/.pycsl_nir7mh9f.mlw", line 1901, characters 14-43:
Sub-goal precondition of goal _parser__parse_parameters'vc.
Prover result is: Valid (0.01s, 9096 steps).

File "/tmp/.pycsl_nir7mh9f.mlw", line 1861, characters 16-51:
Sub-goal loop variant decrease of goal _parser__parse_parameters'vc.
Prover result is: Valid (0.02s, 119309 steps).

File "/tmp/.pycsl_nir7mh9f.mlw", line 1859, characters 18-72:
Sub-goal loop invariant preservation of goal _parser__parse_parameters'vc.
Prover result is: Valid (0.02s, 122098 steps).

File "/tmp/.pycsl_nir7mh9f.mlw", line 1860, characters 18-33:
Sub-goal loop invariant preservation of goal _parser__parse_parameters'vc.
Prover result is: Valid (0.02s, 117748 steps).

File "/tmp/.pycsl_nir7mh9f.mlw", line 1901, characters 14-43:
Sub-goal precondition of goal _parser__parse_parameters'vc.
Prover result is: Valid (0.00s, 8441 steps).

File "/tmp/.pycsl_nir7mh9f.mlw", line 1861, characters 16-51:
Sub-goal loop variant decrease of goal _parser__parse_parameters'vc.
Prover result is: Valid (0.01s, 14490 steps).

File "/tmp/.pycsl_nir7mh9f.mlw", line 1859, characters 18-72:
Sub-goal loop invariant preservation of goal _parser__parse_parameters'vc.
Prover result is: Valid (0.01s, 14448 steps).

File "/tmp/.pycsl_nir7mh9f.mlw", line 1860, characters 18-33:
Sub-goal loop invariant preservation of goal _parser__parse_parameters'vc.
Prover result is: Valid (0.01s, 14451 steps).

File "/tmp/.pycsl_nir7mh9f.mlw", line 1901, characters 14-43:
Sub-goal precondition of goal _parser__parse_parameters'vc.
Prover result is: Valid (0.01s, 8304 steps).

File "/tmp/.pycsl_nir7mh9f.mlw", line 1861, characters 16-51:
Sub-goal loop variant decrease of goal _parser__parse_parameters'vc.
Prover result is: Valid (0.02s, 104193 steps).

File "/tmp/.pycsl_nir7mh9f.mlw", line 1859, characters 18-72:
Sub-goal loop invariant preservation of goal _parser__parse_parameters'vc.
Prover result is: Valid (0.02s, 106677 steps).

File "/tmp/.pycsl_nir7mh9f.mlw", line 1860, characters 18-33:
Sub-goal loop invariant preservation of goal _parser__parse_parameters'vc.
Prover result is: Valid (0.02s, 102830 steps).

File "/tmp/.pycsl_nir7mh9f.mlw", line 1834, characters 15-19:
Sub-goal postcondition of goal _parser__parse_parameters'vc.
Prover result is: Valid (0.01s, 8201 steps).

File "/tmp/.pycsl_nir7mh9f.mlw", line 1835, characters 15-39:
Sub-goal postcondition of goal _parser__parse_parameters'vc.
Prover result is: Valid (0.01s, 28060 steps).

File "/tmp/.pycsl_nir7mh9f.mlw", line 1927, characters 20-29:
Sub-goal loop invariant init of goal _parser___with_parenthesized'vc.
Prover result is: Valid (0.01s, 53680 steps).

File "/tmp/.pycsl_nir7mh9f.mlw", line 1928, characters 20-51:
Sub-goal loop invariant init of goal _parser___with_parenthesized'vc.
Prover result is: Valid (0.00s, 5431 steps).

File "/tmp/.pycsl_nir7mh9f.mlw", line 1930, characters 14-27:
Sub-goal index in array bounds of goal _parser___with_parenthesized'vc.
Prover result is: Valid (0.01s, 14361 steps).

File "/tmp/.pycsl_nir7mh9f.mlw", line 1929, characters 18-27:
Sub-goal loop variant decrease of goal _parser___with_parenthesized'vc.
Prover result is: Valid (0.02s, 59668 steps).

File "/tmp/.pycsl_nir7mh9f.mlw", line 1927, characters 20-29:
Sub-goal loop invariant preservation of goal _parser___with_parenthesized'vc.
Prover result is: Valid (0.02s, 59476 steps).

File "/tmp/.pycsl_nir7mh9f.mlw", line 1928, characters 20-51:
Sub-goal loop invariant preservation of goal _parser___with_parenthesized'vc.
Prover result is: Valid (0.00s, 5630 steps).

File "/tmp/.pycsl_nir7mh9f.mlw", line 1914, characters 15-19:
Sub-goal postcondition of goal _parser___with_parenthesized'vc.
Prover result is: Valid (0.01s, 5678 steps).

File "/tmp/.pycsl_nir7mh9f.mlw", line 1929, characters 18-27:
Sub-goal loop variant decrease of goal _parser___with_parenthesized'vc.
Prover result is: Valid (0.01s, 62157 steps).

File "/tmp/.pycsl_nir7mh9f.mlw", line 1927, characters 20-29:
Sub-goal loop invariant preservation of goal _parser___with_parenthesized'vc.
Prover result is: Valid (0.01s, 61961 steps).

File "/tmp/.pycsl_nir7mh9f.mlw", line 1928, characters 20-51:
Sub-goal loop invariant preservation of goal _parser___with_parenthesized'vc.
Prover result is: Valid (0.01s, 5704 steps).

File "/tmp/.pycsl_nir7mh9f.mlw", line 1914, characters 15-19:
Sub-goal postcondition of goal _parser___with_parenthesized'vc.
Prover result is: Valid (0.01s, 10242 steps).

File "/tmp/.pycsl_nir7mh9f.mlw", line 1929, characters 18-27:
Sub-goal loop variant decrease of goal _parser___with_parenthesized'vc.
Prover result is: Valid (0.03s, 237749 steps).

File "/tmp/.pycsl_nir7mh9f.mlw", line 1927, characters 20-29:
Sub-goal loop invariant preservation of goal _parser___with_parenthesized'vc.
Prover result is: Valid (0.03s, 237521 steps).

File "/tmp/.pycsl_nir7mh9f.mlw", line 1928, characters 20-51:
Sub-goal loop invariant preservation of goal _parser___with_parenthesized'vc.
Prover result is: Valid (0.01s, 10369 steps).

File "/tmp/.pycsl_nir7mh9f.mlw", line 1914, characters 15-19:
Sub-goal postcondition of goal _parser___with_parenthesized'vc.
Prover result is: Valid (0.01s, 10350 steps).

File "/tmp/.pycsl_nir7mh9f.mlw", line 1929, characters 18-27:
Sub-goal loop variant decrease of goal _parser___with_parenthesized'vc.
Prover result is: Valid (0.04s, 221183 steps).

File "/tmp/.pycsl_nir7mh9f.mlw", line 1927, characters 20-29:
Sub-goal loop invariant preservation of goal _parser___with_parenthesized'vc.
Prover result is: Valid (0.03s, 221031 steps).

File "/tmp/.pycsl_nir7mh9f.mlw", line 1928, characters 20-51:
Sub-goal loop invariant preservation of goal _parser___with_parenthesized'vc.
Prover result is: Valid (0.01s, 10376 steps).

File "/tmp/.pycsl_nir7mh9f.mlw", line 1914, characters 15-19:
Sub-goal postcondition of goal _parser___with_parenthesized'vc.
Prover result is: Valid (0.01s, 5449 steps).

File "/tmp/.pycsl_nir7mh9f.mlw", line 1965, characters 9-28:
Sub-goal precondition of goal _parser__at_name'vc.
Prover result is: Valid (0.01s, 5295 steps).

File "/tmp/.pycsl_nir7mh9f.mlw", line 1961, characters 15-19:
Sub-goal postcondition of goal _parser__at_name'vc.
Prover result is: Valid (0.01s, 5473 steps).

File "/tmp/.pycsl_nir7mh9f.mlw", line 1978, characters 9-28:
Sub-goal precondition of goal _parser___match_subject'vc.
Prover result is: Valid (0.00s, 5295 steps).

File "/tmp/.pycsl_nir7mh9f.mlw", line 1979, characters 13-43:
Sub-goal precondition of goal _parser___match_subject'vc.
Prover result is: Valid (0.01s, 5473 steps).

File "/tmp/.pycsl_nir7mh9f.mlw", line 1980, characters 8-68:
Sub-goal precondition of goal _parser___match_subject'vc.
Prover result is: Valid (0.01s, 6476 steps).

File "/tmp/.pycsl_nir7mh9f.mlw", line 1986, characters 20-74:
Sub-goal loop invariant init of goal _parser___match_subject'vc.
Prover result is: Valid (0.02s, 87041 steps).

File "/tmp/.pycsl_nir7mh9f.mlw", line 1987, characters 20-35:
Sub-goal loop invariant init of goal _parser___match_subject'vc.
Prover result is: Valid (0.01s, 26573 steps).

File "/tmp/.pycsl_nir7mh9f.mlw", line 1985, characters 19-48:
Sub-goal type invariant of goal _parser___match_subject'vc.
Prover result is: Valid (0.00s, 7146 steps).

File "/tmp/.pycsl_nir7mh9f.mlw", line 1985, characters 19-48:
Sub-goal type invariant of goal _parser___match_subject'vc.
Prover result is: Valid (0.01s, 7153 steps).

File "/tmp/.pycsl_nir7mh9f.mlw", line 1985, characters 19-48:
Sub-goal type invariant of goal _parser___match_subject'vc.
Prover result is: Valid (0.02s, 85403 steps).

File "/tmp/.pycsl_nir7mh9f.mlw", line 1985, characters 19-48:
Sub-goal type invariant of goal _parser___match_subject'vc.
Prover result is: Valid (0.02s, 86473 steps).

File "/tmp/.pycsl_nir7mh9f.mlw", line 1985, characters 19-48:
Sub-goal precondition of goal _parser___match_subject'vc.
Prover result is: Valid (0.01s, 7161 steps).

File "/tmp/.pycsl_nir7mh9f.mlw", line 1989, characters 12-72:
Sub-goal precondition of goal _parser___match_subject'vc.
Prover result is: Valid (0.01s, 7316 steps).

File "/tmp/.pycsl_nir7mh9f.mlw", line 1970, characters 15-19:
Sub-goal postcondition of goal _parser___match_subject'vc.
Prover result is: Valid (0.01s, 7545 steps).

File "/tmp/.pycsl_nir7mh9f.mlw", line 1971, characters 15-39:
Sub-goal postcondition of goal _parser___match_subject'vc.
Prover result is: Valid (0.02s, 89755 steps).

File "/tmp/.pycsl_nir7mh9f.mlw", line 1992, characters 31-61:
Sub-goal precondition of goal _parser___match_subject'vc.
Prover result is: Valid (0.01s, 7348 steps).

File "/tmp/.pycsl_nir7mh9f.mlw", line 1988, characters 18-53:
Sub-goal loop variant decrease of goal _parser___match_subject'vc.
Prover result is: Valid (0.03s, 124740 steps).

File "/tmp/.pycsl_nir7mh9f.mlw", line 1986, characters 20-74:
Sub-goal loop invariant preservation of goal _parser___match_subject'vc.
Prover result is: Valid (0.02s, 101581 steps).

File "/tmp/.pycsl_nir7mh9f.mlw", line 1987, characters 20-35:
Sub-goal loop invariant preservation of goal _parser___match_subject'vc.
Prover result is: Valid (0.02s, 98029 steps).

File "/tmp/.pycsl_nir7mh9f.mlw", line 1970, characters 15-19:
Sub-goal postcondition of goal _parser___match_subject'vc.
Prover result is: Valid (0.01s, 7435 steps).

File "/tmp/.pycsl_nir7mh9f.mlw", line 1971, characters 15-39:
Sub-goal postcondition of goal _parser___match_subject'vc.
Prover result is: Valid (0.01s, 88840 steps).

File "/tmp/.pycsl_nir7mh9f.mlw", line 1970, characters 15-19:
Sub-goal postcondition of goal _parser___match_subject'vc.
Prover result is: Valid (0.01s, 6508 steps).

File "/tmp/.pycsl_nir7mh9f.mlw", line 1971, characters 15-39:
Sub-goal postcondition of goal _parser___match_subject'vc.
Prover result is: Valid (0.00s, 6513 steps).

File "/tmp/.pycsl_nir7mh9f.mlw", line 2017, characters 9-28:
Sub-goal precondition of goal _parser__or_pattern'vc.
Prover result is: Valid (0.00s, 5295 steps).

File "/tmp/.pycsl_nir7mh9f.mlw", line 2018, characters 13-43:
Sub-goal precondition of goal _parser__or_pattern'vc.
Prover result is: Valid (0.00s, 5473 steps).

File "/tmp/.pycsl_nir7mh9f.mlw", line 2019, characters 8-68:
Sub-goal precondition of goal _parser__or_pattern'vc.
Prover result is: Valid (0.01s, 6476 steps).

File "/tmp/.pycsl_nir7mh9f.mlw", line 2024, characters 20-74:
Sub-goal loop invariant init of goal _parser__or_pattern'vc.
Prover result is: Valid (0.02s, 87041 steps).

File "/tmp/.pycsl_nir7mh9f.mlw", line 2025, characters 20-35:
Sub-goal loop invariant init of goal _parser__or_pattern'vc.
Prover result is: Valid (0.01s, 26573 steps).

File "/tmp/.pycsl_nir7mh9f.mlw", line 2023, characters 19-48:
Sub-goal type invariant of goal _parser__or_pattern'vc.
Prover result is: Valid (0.01s, 7146 steps).

File "/tmp/.pycsl_nir7mh9f.mlw", line 2023, characters 19-48:
Sub-goal type invariant of goal _parser__or_pattern'vc.
Prover result is: Valid (0.01s, 7153 steps).

File "/tmp/.pycsl_nir7mh9f.mlw", line 2023, characters 19-48:
Sub-goal type invariant of goal _parser__or_pattern'vc.
Prover result is: Valid (0.01s, 85403 steps).

File "/tmp/.pycsl_nir7mh9f.mlw", line 2023, characters 19-48:
Sub-goal type invariant of goal _parser__or_pattern'vc.
Prover result is: Valid (0.01s, 86473 steps).

File "/tmp/.pycsl_nir7mh9f.mlw", line 2023, characters 19-48:
Sub-goal precondition of goal _parser__or_pattern'vc.
Prover result is: Valid (0.01s, 7161 steps).

File "/tmp/.pycsl_nir7mh9f.mlw", line 2027, characters 31-61:
Sub-goal precondition of goal _parser__or_pattern'vc.
Prover result is: Valid (0.00s, 7229 steps).

File "/tmp/.pycsl_nir7mh9f.mlw", line 2026, characters 18-53:
Sub-goal loop variant decrease of goal _parser__or_pattern'vc.
Prover result is: Valid (0.03s, 116876 steps).

File "/tmp/.pycsl_nir7mh9f.mlw", line 2024, characters 20-74:
Sub-goal loop invariant preservation of goal _parser__or_pattern'vc.
Prover result is: Valid (0.02s, 100434 steps).

File "/tmp/.pycsl_nir7mh9f.mlw", line 2025, characters 20-35:
Sub-goal loop invariant preservation of goal _parser__or_pattern'vc.
Prover result is: Valid (0.02s, 97354 steps).

File "/tmp/.pycsl_nir7mh9f.mlw", line 2009, characters 15-19:
Sub-goal postcondition of goal _parser__or_pattern'vc.
Prover result is: Valid (0.01s, 7435 steps).

File "/tmp/.pycsl_nir7mh9f.mlw", line 2010, characters 15-39:
Sub-goal postcondition of goal _parser__or_pattern'vc.
Prover result is: Valid (0.02s, 88840 steps).

File "/tmp/.pycsl_nir7mh9f.mlw", line 2009, characters 15-19:
Sub-goal postcondition of goal _parser__or_pattern'vc.
Prover result is: Valid (0.01s, 6508 steps).

File "/tmp/.pycsl_nir7mh9f.mlw", line 2010, characters 15-39:
Sub-goal postcondition of goal _parser__or_pattern'vc.
Prover result is: Valid (0.00s, 6513 steps).

File "/tmp/.pycsl_nir7mh9f.mlw", line 2044, characters 9-28:
Sub-goal precondition of goal _parser__pattern'vc.
Prover result is: Valid (0.01s, 5295 steps).

File "/tmp/.pycsl_nir7mh9f.mlw", line 2045, characters 9-35:
Sub-goal precondition of goal _parser__pattern'vc.
Prover result is: Valid (0.01s, 5473 steps).

File "/tmp/.pycsl_nir7mh9f.mlw", line 2046, characters 8-69:
Sub-goal precondition of goal _parser__pattern'vc.
Prover result is: Valid (0.01s, 6476 steps).

File "/tmp/.pycsl_nir7mh9f.mlw", line 2047, characters 14-37:
Sub-goal precondition of goal _parser__pattern'vc.
Prover result is: Valid (0.01s, 6510 steps).

File "/tmp/.pycsl_nir7mh9f.mlw", line 2048, characters 44-78:
Sub-goal precondition of goal _parser__pattern'vc.
Prover result is: Valid (0.00s, 6596 steps).

File "/tmp/.pycsl_nir7mh9f.mlw", line 2037, characters 15-19:
Sub-goal postcondition of goal _parser__pattern'vc.
Prover result is: Valid (0.01s, 6622 steps).

File "/tmp/.pycsl_nir7mh9f.mlw", line 2038, characters 15-39:
Sub-goal postcondition of goal _parser__pattern'vc.
Prover result is: Valid (0.02s, 76365 steps).

File "/tmp/.pycsl_nir7mh9f.mlw", line 2037, characters 15-19:
Sub-goal postcondition of goal _parser__pattern'vc.
Prover result is: Valid (0.00s, 6508 steps).

File "/tmp/.pycsl_nir7mh9f.mlw", line 2038, characters 15-39:
Sub-goal postcondition of goal _parser__pattern'vc.
Prover result is: Valid (0.00s, 6513 steps).

File "/tmp/.pycsl_nir7mh9f.mlw", line 2064, characters 9-32:
Sub-goal precondition of goal _parser__type_alias_stmt'vc.
Prover result is: Valid (0.01s, 5295 steps).

File "/tmp/.pycsl_nir7mh9f.mlw", line 2065, characters 15-40:
Sub-goal precondition of goal _parser__type_alias_stmt'vc.
Prover result is: Valid (0.00s, 5470 steps).

File "/tmp/.pycsl_nir7mh9f.mlw", line 2068, characters 8-68:
Sub-goal precondition of goal _parser__type_alias_stmt'vc.
Prover result is: Valid (0.01s, 6494 steps).

File "/tmp/.pycsl_nir7mh9f.mlw", line 2069, characters 31-65:
Sub-goal precondition of goal _parser__type_alias_stmt'vc.
Prover result is: Valid (0.00s, 6608 steps).

File "/tmp/.pycsl_nir7mh9f.mlw", line 2071, characters 12-41:
Sub-goal precondition of goal _parser__type_alias_stmt'vc.
Prover result is: Valid (0.01s, 7435 steps).

File "/tmp/.pycsl_nir7mh9f.mlw", line 2072, characters 13-33:
Sub-goal precondition of goal _parser__type_alias_stmt'vc.
Prover result is: Valid (0.01s, 7471 steps).

File "/tmp/.pycsl_nir7mh9f.mlw", line 2056, characters 15-19:
Sub-goal postcondition of goal _parser__type_alias_stmt'vc.
Prover result is: Valid (0.01s, 7693 steps).

File "/tmp/.pycsl_nir7mh9f.mlw", line 2057, characters 15-38:
Sub-goal postcondition of goal _parser__type_alias_stmt'vc.
Prover result is: Valid (0.02s, 90190 steps).

File "/tmp/.pycsl_nir7mh9f.mlw", line 2071, characters 12-41:
Sub-goal precondition of goal _parser__type_alias_stmt'vc.
Prover result is: Valid (0.00s, 6606 steps).

File "/tmp/.pycsl_nir7mh9f.mlw", line 2072, characters 13-33:
Sub-goal precondition of goal _parser__type_alias_stmt'vc.
Prover result is: Valid (0.01s, 6640 steps).

File "/tmp/.pycsl_nir7mh9f.mlw", line 2056, characters 15-19:
Sub-goal postcondition of goal _parser__type_alias_stmt'vc.
Prover result is: Valid (0.00s, 7396 steps).

File "/tmp/.pycsl_nir7mh9f.mlw", line 2057, characters 15-38:
Sub-goal postcondition of goal _parser__type_alias_stmt'vc.
Prover result is: Valid (0.02s, 85322 steps).

File "/tmp/.pycsl_nir7mh9f.mlw", line 2085, characters 9-32:
Sub-goal precondition of goal _parser__while_stmt'vc.
Prover result is: Valid (0.00s, 5295 steps).

File "/tmp/.pycsl_nir7mh9f.mlw", line 2086, characters 12-42:
Sub-goal precondition of goal _parser__while_stmt'vc.
Prover result is: Valid (0.00s, 5470 steps).

File "/tmp/.pycsl_nir7mh9f.mlw", line 2087, characters 12-41:
Sub-goal precondition of goal _parser__while_stmt'vc.
Prover result is: Valid (0.00s, 5497 steps).

File "/tmp/.pycsl_nir7mh9f.mlw", line 2088, characters 29-50:
Sub-goal variant decrease of goal _parser__while_stmt'vc.
Prover result is: Valid (0.01s, 54409 steps).

File "/tmp/.pycsl_nir7mh9f.mlw", line 2088, characters 29-50:
Sub-goal precondition of goal _parser__while_stmt'vc.
Prover result is: Valid (0.01s, 5533 steps).

File "/tmp/.pycsl_nir7mh9f.mlw", line 2089, characters 31-58:
Sub-goal variant decrease of goal _parser__while_stmt'vc.
Prover result is: Valid (0.01s, 60510 steps).

File "/tmp/.pycsl_nir7mh9f.mlw", line 2089, characters 31-58:
Sub-goal precondition of goal _parser__while_stmt'vc.
Prover result is: Valid (0.01s, 6028 steps).

File "/tmp/.pycsl_nir7mh9f.mlw", line 2077, characters 15-19:
Sub-goal postcondition of goal _parser__while_stmt'vc.
Prover result is: Valid (0.00s, 6364 steps).

File "/tmp/.pycsl_nir7mh9f.mlw", line 2078, characters 15-39:
Sub-goal postcondition of goal _parser__while_stmt'vc.
Prover result is: Valid (0.02s, 62123 steps).

File "/tmp/.pycsl_nir7mh9f.mlw", line 2079, characters 15-38:
Sub-goal postcondition of goal _parser__while_stmt'vc.
Prover result is: Valid (0.01s, 62160 steps).

File "/tmp/.pycsl_nir7mh9f.mlw", line 2103, characters 9-32:
Sub-goal precondition of goal _parser__try_stmt'vc.
Prover result is: Valid (0.01s, 5295 steps).

File "/tmp/.pycsl_nir7mh9f.mlw", line 2104, characters 12-41:
Sub-goal precondition of goal _parser__try_stmt'vc.
Prover result is: Valid (0.00s, 5470 steps).

File "/tmp/.pycsl_nir7mh9f.mlw", line 2105, characters 29-50:
Sub-goal variant decrease of goal _parser__try_stmt'vc.
Prover result is: Valid (0.01s, 53799 steps).

File "/tmp/.pycsl_nir7mh9f.mlw", line 2105, characters 29-50:
Sub-goal precondition of goal _parser__try_stmt'vc.
Prover result is: Valid (0.00s, 5504 steps).

File "/tmp/.pycsl_nir7mh9f.mlw", line 2113, characters 18-72:
Sub-goal loop invariant init of goal _parser__try_stmt'vc.
Prover result is: Valid (0.01s, 60076 steps).

File "/tmp/.pycsl_nir7mh9f.mlw", line 2114, characters 18-34:
Sub-goal loop invariant init of goal _parser__try_stmt'vc.
Prover result is: Valid (0.01s, 16043 steps).

File "/tmp/.pycsl_nir7mh9f.mlw", line 2112, characters 11-76:
Sub-goal type invariant of goal _parser__try_stmt'vc.
Prover result is: Valid (0.00s, 7352 steps).

File "/tmp/.pycsl_nir7mh9f.mlw", line 2112, characters 11-76:
Sub-goal type invariant of goal _parser__try_stmt'vc.
Prover result is: Valid (0.01s, 7359 steps).

File "/tmp/.pycsl_nir7mh9f.mlw", line 2112, characters 11-76:
Sub-goal type invariant of goal _parser__try_stmt'vc.
Prover result is: Valid (0.01s, 74722 steps).

File "/tmp/.pycsl_nir7mh9f.mlw", line 2112, characters 11-76:
Sub-goal type invariant of goal _parser__try_stmt'vc.
Prover result is: Valid (0.02s, 76804 steps).

File "/tmp/.pycsl_nir7mh9f.mlw", line 2112, characters 11-76:
Sub-goal precondition of goal _parser__try_stmt'vc.
Prover result is: Valid (0.01s, 7367 steps).

File "/tmp/.pycsl_nir7mh9f.mlw", line 2116, characters 12-35:
Sub-goal precondition of goal _parser__try_stmt'vc.
Prover result is: Valid (0.00s, 7483 steps).

File "/tmp/.pycsl_nir7mh9f.mlw", line 2117, characters 16-45:
Sub-goal precondition of goal _parser__try_stmt'vc.
Prover result is: Valid (0.01s, 7552 steps).

File "/tmp/.pycsl_nir7mh9f.mlw", line 2122, characters 15-75:
Sub-goal precondition of goal _parser__try_stmt'vc.
Prover result is: Valid (0.00s, 7708 steps).

File "/tmp/.pycsl_nir7mh9f.mlw", line 2123, characters 25-45:
Sub-goal precondition of goal _parser__try_stmt'vc.
Prover result is: Valid (0.01s, 7709 steps).

File "/tmp/.pycsl_nir7mh9f.mlw", line 2124, characters 18-48:
Sub-goal precondition of goal _parser__try_stmt'vc.
Prover result is: Valid (0.01s, 7747 steps).

File "/tmp/.pycsl_nir7mh9f.mlw", line 2125, characters 28-53:
Sub-goal precondition of goal _parser__try_stmt'vc.
Prover result is: Valid (0.01s, 7811 steps).

File "/tmp/.pycsl_nir7mh9f.mlw", line 2128, characters 14-43:
Sub-goal precondition of goal _parser__try_stmt'vc.
Prover result is: Valid (0.01s, 7861 steps).

File "/tmp/.pycsl_nir7mh9f.mlw", line 2129, characters 32-53:
Sub-goal variant decrease of goal _parser__try_stmt'vc.
Prover result is: Valid (0.02s, 100517 steps).

File "/tmp/.pycsl_nir7mh9f.mlw", line 2129, characters 32-53:
Sub-goal precondition of goal _parser__try_stmt'vc.
Prover result is: Valid (0.01s, 7897 steps).

File "/tmp/.pycsl_nir7mh9f.mlw", line 2115, characters 16-51:
Sub-goal loop variant decrease of goal _parser__try_stmt'vc.
Prover result is: Valid (0.02s, 113452 steps).

File "/tmp/.pycsl_nir7mh9f.mlw", line 2113, characters 18-72:
Sub-goal loop invariant preservation of goal _parser__try_stmt'vc.
Prover result is: Valid (0.02s, 119471 steps).

File "/tmp/.pycsl_nir7mh9f.mlw", line 2114, characters 18-34:
Sub-goal loop invariant preservation of goal _parser__try_stmt'vc.
Prover result is: Valid (0.02s, 110358 steps).

File "/tmp/.pycsl_nir7mh9f.mlw", line 2128, characters 14-43:
Sub-goal precondition of goal _parser__try_stmt'vc.
Prover result is: Valid (0.01s, 7824 steps).

File "/tmp/.pycsl_nir7mh9f.mlw", line 2129, characters 32-53:
Sub-goal variant decrease of goal _parser__try_stmt'vc.
Prover result is: Valid (0.02s, 99576 steps).

File "/tmp/.pycsl_nir7mh9f.mlw", line 2129, characters 32-53:
Sub-goal precondition of goal _parser__try_stmt'vc.
Prover result is: Valid (0.01s, 7860 steps).

File "/tmp/.pycsl_nir7mh9f.mlw", line 2115, characters 16-51:
Sub-goal loop variant decrease of goal _parser__try_stmt'vc.
Prover result is: Valid (0.02s, 112438 steps).

File "/tmp/.pycsl_nir7mh9f.mlw", line 2113, characters 18-72:
Sub-goal loop invariant preservation of goal _parser__try_stmt'vc.
Prover result is: Valid (0.03s, 116996 steps).

File "/tmp/.pycsl_nir7mh9f.mlw", line 2114, characters 18-34:
Sub-goal loop invariant preservation of goal _parser__try_stmt'vc.
Prover result is: Valid (0.02s, 109473 steps).

File "/tmp/.pycsl_nir7mh9f.mlw", line 2128, characters 14-43:
Sub-goal precondition of goal _parser__try_stmt'vc.
Prover result is: Valid (0.01s, 7742 steps).

File "/tmp/.pycsl_nir7mh9f.mlw", line 2129, characters 32-53:
Sub-goal variant decrease of goal _parser__try_stmt'vc.
Prover result is: Valid (0.02s, 98223 steps).

File "/tmp/.pycsl_nir7mh9f.mlw", line 2129, characters 32-53:
Sub-goal precondition of goal _parser__try_stmt'vc.
Prover result is: Valid (0.01s, 7776 steps).

File "/tmp/.pycsl_nir7mh9f.mlw", line 2115, characters 16-51:
Sub-goal loop variant decrease of goal _parser__try_stmt'vc.
Prover result is: Valid (0.02s, 110971 steps).

File "/tmp/.pycsl_nir7mh9f.mlw", line 2113, characters 18-72:
Sub-goal loop invariant preservation of goal _parser__try_stmt'vc.
Prover result is: Valid (0.02s, 114966 steps).

File "/tmp/.pycsl_nir7mh9f.mlw", line 2114, characters 18-34:
Sub-goal loop invariant preservation of goal _parser__try_stmt'vc.
Prover result is: Valid (0.02s, 108223 steps).

File "/tmp/.pycsl_nir7mh9f.mlw", line 2122, characters 15-75:
Sub-goal precondition of goal _parser__try_stmt'vc.
Prover result is: Valid (0.00s, 7714 steps).

File "/tmp/.pycsl_nir7mh9f.mlw", line 2123, characters 25-45:
Sub-goal precondition of goal _parser__try_stmt'vc.
Prover result is: Valid (0.00s, 7715 steps).

File "/tmp/.pycsl_nir7mh9f.mlw", line 2124, characters 18-48:
Sub-goal precondition of goal _parser__try_stmt'vc.
Prover result is: Valid (0.01s, 7753 steps).

File "/tmp/.pycsl_nir7mh9f.mlw", line 2125, characters 28-53:
Sub-goal precondition of goal _parser__try_stmt'vc.
Prover result is: Valid (0.01s, 7819 steps).

File "/tmp/.pycsl_nir7mh9f.mlw", line 2128, characters 14-43:
Sub-goal precondition of goal _parser__try_stmt'vc.
Prover result is: Valid (0.00s, 7869 steps).

File "/tmp/.pycsl_nir7mh9f.mlw", line 2129, characters 32-53:
Sub-goal variant decrease of goal _parser__try_stmt'vc.
Prover result is: Valid (0.02s, 100438 steps).

File "/tmp/.pycsl_nir7mh9f.mlw", line 2129, characters 32-53:
Sub-goal precondition of goal _parser__try_stmt'vc.
Prover result is: Valid (0.01s, 7905 steps).

File "/tmp/.pycsl_nir7mh9f.mlw", line 2115, characters 16-51:
Sub-goal loop variant decrease of goal _parser__try_stmt'vc.
Prover result is: Valid (0.02s, 113373 steps).

File "/tmp/.pycsl_nir7mh9f.mlw", line 2113, characters 18-72:
Sub-goal loop invariant preservation of goal _parser__try_stmt'vc.
Prover result is: Valid (0.02s, 119392 steps).

File "/tmp/.pycsl_nir7mh9f.mlw", line 2114, characters 18-34:
Sub-goal loop invariant preservation of goal _parser__try_stmt'vc.
Prover result is: Valid (0.02s, 110277 steps).

File "/tmp/.pycsl_nir7mh9f.mlw", line 2128, characters 14-43:
Sub-goal precondition of goal _parser__try_stmt'vc.
Prover result is: Valid (0.00s, 7830 steps).

File "/tmp/.pycsl_nir7mh9f.mlw", line 2129, characters 32-53:
Sub-goal variant decrease of goal _parser__try_stmt'vc.
Prover result is: Valid (0.02s, 99495 steps).

File "/tmp/.pycsl_nir7mh9f.mlw", line 2129, characters 32-53:
Sub-goal precondition of goal _parser__try_stmt'vc.
Prover result is: Valid (0.01s, 7866 steps).

File "/tmp/.pycsl_nir7mh9f.mlw", line 2115, characters 16-51:
Sub-goal loop variant decrease of goal _parser__try_stmt'vc.
Prover result is: Valid (0.02s, 112357 steps).

File "/tmp/.pycsl_nir7mh9f.mlw", line 2113, characters 18-72:
Sub-goal loop invariant preservation of goal _parser__try_stmt'vc.
Prover result is: Valid (0.02s, 116915 steps).

File "/tmp/.pycsl_nir7mh9f.mlw", line 2114, characters 18-34:
Sub-goal loop invariant preservation of goal _parser__try_stmt'vc.
Prover result is: Valid (0.02s, 109390 steps).

File "/tmp/.pycsl_nir7mh9f.mlw", line 2128, characters 14-43:
Sub-goal precondition of goal _parser__try_stmt'vc.
Prover result is: Valid (0.01s, 7748 steps).

File "/tmp/.pycsl_nir7mh9f.mlw", line 2129, characters 32-53:
Sub-goal variant decrease of goal _parser__try_stmt'vc.
Prover result is: Valid (0.02s, 98142 steps).

File "/tmp/.pycsl_nir7mh9f.mlw", line 2129, characters 32-53:
Sub-goal precondition of goal _parser__try_stmt'vc.
Prover result is: Valid (0.00s, 7782 steps).

File "/tmp/.pycsl_nir7mh9f.mlw", line 2115, characters 16-51:
Sub-goal loop variant decrease of goal _parser__try_stmt'vc.
Prover result is: Valid (0.02s, 110890 steps).

File "/tmp/.pycsl_nir7mh9f.mlw", line 2113, characters 18-72:
Sub-goal loop invariant preservation of goal _parser__try_stmt'vc.
Prover result is: Valid (0.02s, 114885 steps).

File "/tmp/.pycsl_nir7mh9f.mlw", line 2114, characters 18-34:
Sub-goal loop invariant preservation of goal _parser__try_stmt'vc.
Prover result is: Valid (0.02s, 108140 steps).

File "/tmp/.pycsl_nir7mh9f.mlw", line 2132, characters 8-71:
Sub-goal precondition of goal _parser__try_stmt'vc.
Prover result is: Valid (0.01s, 7568 steps).

File "/tmp/.pycsl_nir7mh9f.mlw", line 2133, characters 14-37:
Sub-goal precondition of goal _parser__try_stmt'vc.
Prover result is: Valid (0.01s, 7594 steps).

File "/tmp/.pycsl_nir7mh9f.mlw", line 2134, characters 14-43:
Sub-goal precondition of goal _parser__try_stmt'vc.
Prover result is: Valid (0.01s, 7663 steps).

File "/tmp/.pycsl_nir7mh9f.mlw", line 2135, characters 26-47:
Sub-goal variant decrease of goal _parser__try_stmt'vc.
Prover result is: Valid (0.02s, 96648 steps).

File "/tmp/.pycsl_nir7mh9f.mlw", line 2135, characters 26-47:
Sub-goal precondition of goal _parser__try_stmt'vc.
Prover result is: Valid (0.00s, 7697 steps).

File "/tmp/.pycsl_nir7mh9f.mlw", line 2137, characters 8-74:
Sub-goal precondition of goal _parser__try_stmt'vc.
Prover result is: Valid (0.01s, 7869 steps).

File "/tmp/.pycsl_nir7mh9f.mlw", line 2138, characters 14-37:
Sub-goal precondition of goal _parser__try_stmt'vc.
Prover result is: Valid (0.00s, 7903 steps).

File "/tmp/.pycsl_nir7mh9f.mlw", line 2139, characters 14-43:
Sub-goal precondition of goal _parser__try_stmt'vc.
Prover result is: Valid (0.00s, 7970 steps).

File "/tmp/.pycsl_nir7mh9f.mlw", line 2140, characters 29-50:
Sub-goal variant decrease of goal _parser__try_stmt'vc.
Prover result is: Valid (0.02s, 102063 steps).

File "/tmp/.pycsl_nir7mh9f.mlw", line 2140, characters 29-50:
Sub-goal precondition of goal _parser__try_stmt'vc.
Prover result is: Valid (0.00s, 8004 steps).

File "/tmp/.pycsl_nir7mh9f.mlw", line 2093, characters 15-19:
Sub-goal postcondition of goal _parser__try_stmt'vc.
Prover result is: Valid (0.00s, 8740 steps).

File "/tmp/.pycsl_nir7mh9f.mlw", line 2094, characters 15-38:
Sub-goal postcondition of goal _parser__try_stmt'vc.
Prover result is: Valid (0.02s, 105581 steps).

File "/tmp/.pycsl_nir7mh9f.mlw", line 2093, characters 15-19:
Sub-goal postcondition of goal _parser__try_stmt'vc.
Prover result is: Valid (0.01s, 8564 steps).

File "/tmp/.pycsl_nir7mh9f.mlw", line 2094, characters 15-38:
Sub-goal postcondition of goal _parser__try_stmt'vc.
Prover result is: Valid (0.02s, 103120 steps).

File "/tmp/.pycsl_nir7mh9f.mlw", line 2137, characters 8-74:
Sub-goal precondition of goal _parser__try_stmt'vc.
Prover result is: Valid (0.00s, 7677 steps).

File "/tmp/.pycsl_nir7mh9f.mlw", line 2138, characters 14-37:
Sub-goal precondition of goal _parser__try_stmt'vc.
Prover result is: Valid (0.01s, 7697 steps).

File "/tmp/.pycsl_nir7mh9f.mlw", line 2139, characters 14-43:
Sub-goal precondition of goal _parser__try_stmt'vc.
Prover result is: Valid (0.01s, 7766 steps).

File "/tmp/.pycsl_nir7mh9f.mlw", line 2140, characters 29-50:
Sub-goal variant decrease of goal _parser__try_stmt'vc.
Prover result is: Valid (0.02s, 97941 steps).

File "/tmp/.pycsl_nir7mh9f.mlw", line 2140, characters 29-50:
Sub-goal precondition of goal _parser__try_stmt'vc.
Prover result is: Valid (0.00s, 7800 steps).

File "/tmp/.pycsl_nir7mh9f.mlw", line 2093, characters 15-19:
Sub-goal postcondition of goal _parser__try_stmt'vc.
Prover result is: Valid (0.00s, 8550 steps).

File "/tmp/.pycsl_nir7mh9f.mlw", line 2094, characters 15-38:
Sub-goal postcondition of goal _parser__try_stmt'vc.
Prover result is: Valid (0.02s, 102938 steps).

File "/tmp/.pycsl_nir7mh9f.mlw", line 2093, characters 15-19:
Sub-goal postcondition of goal _parser__try_stmt'vc.
Prover result is: Valid (0.01s, 8380 steps).

File "/tmp/.pycsl_nir7mh9f.mlw", line 2094, characters 15-38:
Sub-goal postcondition of goal _parser__try_stmt'vc.
Prover result is: Valid (0.02s, 97383 steps).

File "/tmp/.pycsl_nir7mh9f.mlw", line 2152, characters 13-78:
Sub-goal precondition of goal _parser__case_block'vc.
Prover result is: Valid (0.00s, 6271 steps).

File "/tmp/.pycsl_nir7mh9f.mlw", line 2153, characters 75-81:
Sub-goal unreachable point of goal _parser__case_block'vc.
Prover result is: Valid (0.00s, 3597 steps).

File "/tmp/.pycsl_nir7mh9f.mlw", line 2155, characters 12-35:
Sub-goal precondition of goal _parser__case_block'vc.
Prover result is: Valid (0.01s, 6280 steps).

File "/tmp/.pycsl_nir7mh9f.mlw", line 2156, characters 11-34:
Sub-goal precondition of goal _parser__case_block'vc.
Prover result is: Valid (0.01s, 6455 steps).

File "/tmp/.pycsl_nir7mh9f.mlw", line 2158, characters 8-69:
Sub-goal precondition of goal _parser__case_block'vc.
Prover result is: Valid (0.00s, 6569 steps).

File "/tmp/.pycsl_nir7mh9f.mlw", line 2159, characters 14-37:
Sub-goal precondition of goal _parser__case_block'vc.
Prover result is: Valid (0.01s, 6683 steps).

File "/tmp/.pycsl_nir7mh9f.mlw", line 2160, characters 25-55:
Sub-goal precondition of goal _parser__case_block'vc.
Prover result is: Valid (0.01s, 6752 steps).

File "/tmp/.pycsl_nir7mh9f.mlw", line 2162, characters 12-41:
Sub-goal precondition of goal _parser__case_block'vc.
Prover result is: Valid (0.00s, 6788 steps).

File "/tmp/.pycsl_nir7mh9f.mlw", line 2163, characters 29-50:
Sub-goal variant decrease of goal _parser__case_block'vc.
Prover result is: Valid (0.02s, 84328 steps).

File "/tmp/.pycsl_nir7mh9f.mlw", line 2163, characters 29-50:
Sub-goal precondition of goal _parser__case_block'vc.
Prover result is: Valid (0.00s, 6824 steps).

File "/tmp/.pycsl_nir7mh9f.mlw", line 2146, characters 15-19:
Sub-goal postcondition of goal _parser__case_block'vc.
Prover result is: Valid (0.01s, 7875 steps).

File "/tmp/.pycsl_nir7mh9f.mlw", line 2147, characters 15-38:
Sub-goal postcondition of goal _parser__case_block'vc.
Prover result is: Valid (0.02s, 94895 steps).

File "/tmp/.pycsl_nir7mh9f.mlw", line 2162, characters 12-41:
Sub-goal precondition of goal _parser__case_block'vc.
Prover result is: Valid (0.01s, 6681 steps).

File "/tmp/.pycsl_nir7mh9f.mlw", line 2163, characters 29-50:
Sub-goal variant decrease of goal _parser__case_block'vc.
Prover result is: Valid (0.02s, 82088 steps).

File "/tmp/.pycsl_nir7mh9f.mlw", line 2163, characters 29-50:
Sub-goal precondition of goal _parser__case_block'vc.
Prover result is: Valid (0.01s, 6715 steps).

File "/tmp/.pycsl_nir7mh9f.mlw", line 2146, characters 15-19:
Sub-goal postcondition of goal _parser__case_block'vc.
Prover result is: Valid (0.01s, 7737 steps).

File "/tmp/.pycsl_nir7mh9f.mlw", line 2147, characters 15-38:
Sub-goal postcondition of goal _parser__case_block'vc.
Prover result is: Valid (0.02s, 93367 steps).

File "/tmp/.pycsl_nir7mh9f.mlw", line 2175, characters 9-32:
Sub-goal precondition of goal _parser__match_stmt'vc.
Prover result is: Valid (0.00s, 5295 steps).

File "/tmp/.pycsl_nir7mh9f.mlw", line 2176, characters 15-45:
Sub-goal precondition of goal _parser__match_stmt'vc.
Prover result is: Valid (0.01s, 5470 steps).

File "/tmp/.pycsl_nir7mh9f.mlw", line 2177, characters 12-41:
Sub-goal precondition of goal _parser__match_stmt'vc.
Prover result is: Valid (0.00s, 5497 steps).

File "/tmp/.pycsl_nir7mh9f.mlw", line 2178, characters 21-40:
Sub-goal precondition of goal _parser__match_stmt'vc.
Prover result is: Valid (0.00s, 5533 steps).

File "/tmp/.pycsl_nir7mh9f.mlw", line 2179, characters 76-82:
Sub-goal unreachable point of goal _parser__match_stmt'vc.
Prover result is: Valid (0.00s, 3276 steps).

File "/tmp/.pycsl_nir7mh9f.mlw", line 2181, characters 12-35:
Sub-goal precondition of goal _parser__match_stmt'vc.
Prover result is: Valid (0.00s, 5628 steps).

File "/tmp/.pycsl_nir7mh9f.mlw", line 2182, characters 21-40:
Sub-goal precondition of goal _parser__match_stmt'vc.
Prover result is: Valid (0.01s, 5697 steps).

File "/tmp/.pycsl_nir7mh9f.mlw", line 2183, characters 80-86:
Sub-goal unreachable point of goal _parser__match_stmt'vc.
Prover result is: Valid (0.01s, 3324 steps).

File "/tmp/.pycsl_nir7mh9f.mlw", line 2185, characters 12-35:
Sub-goal precondition of goal _parser__match_stmt'vc.
Prover result is: Valid (0.01s, 5710 steps).

File "/tmp/.pycsl_nir7mh9f.mlw", line 2191, characters 18-72:
Sub-goal loop invariant init of goal _parser__match_stmt'vc.
Prover result is: Valid (0.01s, 58400 steps).

File "/tmp/.pycsl_nir7mh9f.mlw", line 2192, characters 18-34:
Sub-goal loop invariant init of goal _parser__match_stmt'vc.
Prover result is: Valid (0.01s, 15435 steps).

File "/tmp/.pycsl_nir7mh9f.mlw", line 2190, characters 24-43:
Sub-goal type invariant of goal _parser__match_stmt'vc.
Prover result is: Valid (0.00s, 5818 steps).

File "/tmp/.pycsl_nir7mh9f.mlw", line 2190, characters 24-43:
Sub-goal type invariant of goal _parser__match_stmt'vc.
Prover result is: Valid (0.01s, 5823 steps).

File "/tmp/.pycsl_nir7mh9f.mlw", line 2190, characters 24-43:
Sub-goal type invariant of goal _parser__match_stmt'vc.
Prover result is: Valid (0.01s, 60184 steps).

File "/tmp/.pycsl_nir7mh9f.mlw", line 2190, characters 24-43:
Sub-goal type invariant of goal _parser__match_stmt'vc.
Prover result is: Valid (0.01s, 61253 steps).

File "/tmp/.pycsl_nir7mh9f.mlw", line 2190, characters 24-43:
Sub-goal precondition of goal _parser__match_stmt'vc.
Prover result is: Valid (0.00s, 5833 steps).

File "/tmp/.pycsl_nir7mh9f.mlw", line 2195, characters 23-42:
Sub-goal precondition of goal _parser__match_stmt'vc.
Prover result is: Valid (0.00s, 5854 steps).

File "/tmp/.pycsl_nir7mh9f.mlw", line 2196, characters 16-39:
Sub-goal precondition of goal _parser__match_stmt'vc.
Prover result is: Valid (0.01s, 5863 steps).

File "/tmp/.pycsl_nir7mh9f.mlw", line 2193, characters 16-51:
Sub-goal loop variant decrease of goal _parser__match_stmt'vc.
Prover result is: Valid (0.02s, 70175 steps).

File "/tmp/.pycsl_nir7mh9f.mlw", line 2191, characters 18-72:
Sub-goal loop invariant preservation of goal _parser__match_stmt'vc.
Prover result is: Valid (0.02s, 67812 steps).

File "/tmp/.pycsl_nir7mh9f.mlw", line 2192, characters 18-34:
Sub-goal loop invariant preservation of goal _parser__match_stmt'vc.
Prover result is: Valid (0.02s, 63888 steps).

File "/tmp/.pycsl_nir7mh9f.mlw", line 2199, characters 23-42:
Sub-goal precondition of goal _parser__match_stmt'vc.
Prover result is: Valid (0.01s, 5867 steps).

File "/tmp/.pycsl_nir7mh9f.mlw", line 2206, characters 21-40:
Sub-goal precondition of goal _parser__match_stmt'vc.
Prover result is: Valid (0.00s, 5872 steps).

File "/tmp/.pycsl_nir7mh9f.mlw", line 2207, characters 14-37:
Sub-goal precondition of goal _parser__match_stmt'vc.
Prover result is: Valid (0.00s, 5877 steps).

File "/tmp/.pycsl_nir7mh9f.mlw", line 2210, characters 89-95:
Sub-goal unreachable point of goal _parser__match_stmt'vc.
Prover result is: Valid (0.00s, 3507 steps).

File "/tmp/.pycsl_nir7mh9f.mlw", line 2167, characters 15-19:
Sub-goal postcondition of goal _parser__match_stmt'vc.
Prover result is: Valid (0.01s, 6243 steps).

File "/tmp/.pycsl_nir7mh9f.mlw", line 2168, characters 15-38:
Sub-goal postcondition of goal _parser__match_stmt'vc.
Prover result is: Valid (0.01s, 6256 steps).

File "/tmp/.pycsl_nir7mh9f.mlw", line 2210, characters 89-95:
Sub-goal unreachable point of goal _parser__match_stmt'vc.
Prover result is: Valid (0.00s, 3470 steps).

File "/tmp/.pycsl_nir7mh9f.mlw", line 2167, characters 15-19:
Sub-goal postcondition of goal _parser__match_stmt'vc.
Prover result is: Valid (0.00s, 6180 steps).

File "/tmp/.pycsl_nir7mh9f.mlw", line 2168, characters 15-38:
Sub-goal postcondition of goal _parser__match_stmt'vc.
Prover result is: Valid (0.01s, 64179 steps).

File "/tmp/.pycsl_nir7mh9f.mlw", line 2202, characters 31-57:
Sub-goal variant decrease of goal _parser__match_stmt'vc.
Prover result is: Valid (0.01s, 64235 steps).

File "/tmp/.pycsl_nir7mh9f.mlw", line 2202, characters 31-57:
Sub-goal precondition of goal _parser__match_stmt'vc.
Prover result is: Valid (0.00s, 5876 steps).

File "/tmp/.pycsl_nir7mh9f.mlw", line 2193, characters 16-51:
Sub-goal loop variant decrease of goal _parser__match_stmt'vc.
Prover result is: Valid (0.02s, 67453 steps).

File "/tmp/.pycsl_nir7mh9f.mlw", line 2191, characters 18-72:
Sub-goal loop invariant preservation of goal _parser__match_stmt'vc.
Prover result is: Valid (0.01s, 72544 steps).

File "/tmp/.pycsl_nir7mh9f.mlw", line 2192, characters 18-34:
Sub-goal loop invariant preservation of goal _parser__match_stmt'vc.
Prover result is: Valid (0.01s, 67739 steps).

File "/tmp/.pycsl_nir7mh9f.mlw", line 2206, characters 21-40:
Sub-goal precondition of goal _parser__match_stmt'vc.
Prover result is: Valid (0.00s, 5850 steps).

File "/tmp/.pycsl_nir7mh9f.mlw", line 2207, characters 14-37:
Sub-goal precondition of goal _parser__match_stmt'vc.
Prover result is: Valid (0.00s, 5863 steps).

File "/tmp/.pycsl_nir7mh9f.mlw", line 2210, characters 89-95:
Sub-goal unreachable point of goal _parser__match_stmt'vc.
Prover result is: Valid (0.01s, 3497 steps).

File "/tmp/.pycsl_nir7mh9f.mlw", line 2167, characters 15-19:
Sub-goal postcondition of goal _parser__match_stmt'vc.
Prover result is: Valid (0.01s, 6229 steps).

File "/tmp/.pycsl_nir7mh9f.mlw", line 2168, characters 15-38:
Sub-goal postcondition of goal _parser__match_stmt'vc.
Prover result is: Valid (0.01s, 60076 steps).

File "/tmp/.pycsl_nir7mh9f.mlw", line 2210, characters 89-95:
Sub-goal unreachable point of goal _parser__match_stmt'vc.
Prover result is: Valid (0.01s, 3460 steps).

File "/tmp/.pycsl_nir7mh9f.mlw", line 2167, characters 15-19:
Sub-goal postcondition of goal _parser__match_stmt'vc.
Prover result is: Valid (0.01s, 6166 steps).

File "/tmp/.pycsl_nir7mh9f.mlw", line 2168, characters 15-38:
Sub-goal postcondition of goal _parser__match_stmt'vc.
Prover result is: Valid (0.01s, 6179 steps).

File "/tmp/.pycsl_nir7mh9f.mlw", line 2223, characters 8-71:
Sub-goal precondition of goal _parser___if_tail'vc.
Prover result is: Valid (0.01s, 6271 steps).

File "/tmp/.pycsl_nir7mh9f.mlw", line 2224, characters 11-34:
Sub-goal precondition of goal _parser___if_tail'vc.
Prover result is: Valid (0.00s, 6472 steps).

File "/tmp/.pycsl_nir7mh9f.mlw", line 2225, characters 14-44:
Sub-goal precondition of goal _parser___if_tail'vc.
Prover result is: Valid (0.00s, 6558 steps).

File "/tmp/.pycsl_nir7mh9f.mlw", line 2226, characters 14-43:
Sub-goal precondition of goal _parser___if_tail'vc.
Prover result is: Valid (0.00s, 6585 steps).

File "/tmp/.pycsl_nir7mh9f.mlw", line 2227, characters 31-52:
Sub-goal variant decrease of goal _parser___if_tail'vc.
Prover result is: Valid (0.02s, 78952 steps).

File "/tmp/.pycsl_nir7mh9f.mlw", line 2227, characters 31-52:
Sub-goal precondition of goal _parser___if_tail'vc.
Prover result is: Valid (0.01s, 6621 steps).

File "/tmp/.pycsl_nir7mh9f.mlw", line 2228, characters 33-57:
Sub-goal variant decrease of goal _parser___if_tail'vc.
Prover result is: Valid (0.02s, 90203 steps).

File "/tmp/.pycsl_nir7mh9f.mlw", line 2228, characters 33-57:
Sub-goal precondition of goal _parser___if_tail'vc.
Prover result is: Valid (0.01s, 7450 steps).

File "/tmp/.pycsl_nir7mh9f.mlw", line 2215, characters 15-19:
Sub-goal postcondition of goal _parser___if_tail'vc.
Prover result is: Valid (0.01s, 7903 steps).

File "/tmp/.pycsl_nir7mh9f.mlw", line 2216, characters 15-39:
Sub-goal postcondition of goal _parser___if_tail'vc.
Prover result is: Valid (0.02s, 95909 steps).

File "/tmp/.pycsl_nir7mh9f.mlw", line 2231, characters 10-73:
Sub-goal precondition of goal _parser___if_tail'vc.
Prover result is: Valid (0.00s, 6557 steps).

File "/tmp/.pycsl_nir7mh9f.mlw", line 2232, characters 16-39:
Sub-goal precondition of goal _parser___if_tail'vc.
Prover result is: Valid (0.01s, 6583 steps).

File "/tmp/.pycsl_nir7mh9f.mlw", line 2233, characters 16-45:
Sub-goal precondition of goal _parser___if_tail'vc.
Prover result is: Valid (0.01s, 6669 steps).

File "/tmp/.pycsl_nir7mh9f.mlw", line 2234, characters 39-60:
Sub-goal variant decrease of goal _parser___if_tail'vc.
Prover result is: Valid (0.02s, 81809 steps).

File "/tmp/.pycsl_nir7mh9f.mlw", line 2234, characters 39-60:
Sub-goal precondition of goal _parser___if_tail'vc.
Prover result is: Valid (0.00s, 6703 steps).

File "/tmp/.pycsl_nir7mh9f.mlw", line 2215, characters 15-19:
Sub-goal postcondition of goal _parser___if_tail'vc.
Prover result is: Valid (0.01s, 7588 steps).

File "/tmp/.pycsl_nir7mh9f.mlw", line 2216, characters 15-39:
Sub-goal postcondition of goal _parser___if_tail'vc.
Prover result is: Valid (0.02s, 91626 steps).

File "/tmp/.pycsl_nir7mh9f.mlw", line 2215, characters 15-19:
Sub-goal postcondition of goal _parser___if_tail'vc.
Prover result is: Valid (0.00s, 7371 steps).

File "/tmp/.pycsl_nir7mh9f.mlw", line 2216, characters 15-39:
Sub-goal postcondition of goal _parser___if_tail'vc.
Prover result is: Valid (0.01s, 7376 steps).

File "/tmp/.pycsl_nir7mh9f.mlw", line 2250, characters 9-32:
Sub-goal precondition of goal _parser__if_stmt'vc.
Prover result is: Valid (0.01s, 5295 steps).

File "/tmp/.pycsl_nir7mh9f.mlw", line 2251, characters 12-42:
Sub-goal precondition of goal _parser__if_stmt'vc.
Prover result is: Valid (0.00s, 5470 steps).

File "/tmp/.pycsl_nir7mh9f.mlw", line 2252, characters 12-41:
Sub-goal precondition of goal _parser__if_stmt'vc.
Prover result is: Valid (0.01s, 5497 steps).

File "/tmp/.pycsl_nir7mh9f.mlw", line 2253, characters 29-50:
Sub-goal variant decrease of goal _parser__if_stmt'vc.
Prover result is: Valid (0.01s, 54409 steps).

File "/tmp/.pycsl_nir7mh9f.mlw", line 2253, characters 29-50:
Sub-goal precondition of goal _parser__if_stmt'vc.
Prover result is: Valid (0.00s, 5533 steps).

File "/tmp/.pycsl_nir7mh9f.mlw", line 2254, characters 31-55:
Sub-goal variant decrease of goal _parser__if_stmt'vc.
Prover result is: Valid (0.01s, 60510 steps).

File "/tmp/.pycsl_nir7mh9f.mlw", line 2254, characters 31-55:
Sub-goal precondition of goal _parser__if_stmt'vc.
Prover result is: Valid (0.01s, 6028 steps).

File "/tmp/.pycsl_nir7mh9f.mlw", line 2242, characters 15-19:
Sub-goal postcondition of goal _parser__if_stmt'vc.
Prover result is: Valid (0.00s, 6364 steps).

File "/tmp/.pycsl_nir7mh9f.mlw", line 2243, characters 15-39:
Sub-goal postcondition of goal _parser__if_stmt'vc.
Prover result is: Valid (0.01s, 62123 steps).

File "/tmp/.pycsl_nir7mh9f.mlw", line 2244, characters 15-38:
Sub-goal postcondition of goal _parser__if_stmt'vc.
Prover result is: Valid (0.01s, 62160 steps).

File "/tmp/.pycsl_nir7mh9f.mlw", line 2269, characters 18-72:
Sub-goal loop invariant init of goal _parser__decorated'vc.
Prover result is: Valid (0.01s, 49699 steps).

File "/tmp/.pycsl_nir7mh9f.mlw", line 2270, characters 18-34:
Sub-goal loop invariant init of goal _parser__decorated'vc.
Prover result is: Valid (0.00s, 14098 steps).

File "/tmp/.pycsl_nir7mh9f.mlw", line 2268, characters 11-71:
Sub-goal type invariant of goal _parser__decorated'vc.
Prover result is: Valid (0.00s, 6420 steps).

File "/tmp/.pycsl_nir7mh9f.mlw", line 2268, characters 11-71:
Sub-goal type invariant of goal _parser__decorated'vc.
Prover result is: Valid (0.00s, 6427 steps).

File "/tmp/.pycsl_nir7mh9f.mlw", line 2268, characters 11-71:
Sub-goal type invariant of goal _parser__decorated'vc.
Prover result is: Valid (0.01s, 66019 steps).

File "/tmp/.pycsl_nir7mh9f.mlw", line 2268, characters 11-71:
Sub-goal type invariant of goal _parser__decorated'vc.
Prover result is: Valid (0.02s, 67822 steps).

File "/tmp/.pycsl_nir7mh9f.mlw", line 2268, characters 11-71:
Sub-goal precondition of goal _parser__decorated'vc.
Prover result is: Valid (0.01s, 6435 steps).

File "/tmp/.pycsl_nir7mh9f.mlw", line 2272, characters 14-37:
Sub-goal precondition of goal _parser__decorated'vc.
Prover result is: Valid (0.00s, 6551 steps).

File "/tmp/.pycsl_nir7mh9f.mlw", line 2273, characters 41-71:
Sub-goal precondition of goal _parser__decorated'vc.
Prover result is: Valid (0.01s, 6622 steps).

File "/tmp/.pycsl_nir7mh9f.mlw", line 2274, characters 23-42:
Sub-goal precondition of goal _parser__decorated'vc.
Prover result is: Valid (0.01s, 7931 steps).

File "/tmp/.pycsl_nir7mh9f.mlw", line 2275, characters 16-39:
Sub-goal precondition of goal _parser__decorated'vc.
Prover result is: Valid (0.01s, 7946 steps).

File "/tmp/.pycsl_nir7mh9f.mlw", line 2271, characters 16-51:
Sub-goal loop variant decrease of goal _parser__decorated'vc.
Prover result is: Valid (0.03s, 115174 steps).

File "/tmp/.pycsl_nir7mh9f.mlw", line 2269, characters 18-72:
Sub-goal loop invariant preservation of goal _parser__decorated'vc.
Prover result is: Valid (0.02s, 97532 steps).

File "/tmp/.pycsl_nir7mh9f.mlw", line 2270, characters 18-34:
Sub-goal loop invariant preservation of goal _parser__decorated'vc.
Prover result is: Valid (0.02s, 94648 steps).

File "/tmp/.pycsl_nir7mh9f.mlw", line 2271, characters 16-51:
Sub-goal loop variant decrease of goal _parser__decorated'vc.
Prover result is: Valid (0.02s, 115878 steps).

File "/tmp/.pycsl_nir7mh9f.mlw", line 2269, characters 18-72:
Sub-goal loop invariant preservation of goal _parser__decorated'vc.
Prover result is: Valid (0.02s, 96749 steps).

File "/tmp/.pycsl_nir7mh9f.mlw", line 2270, characters 18-34:
Sub-goal loop invariant preservation of goal _parser__decorated'vc.
Prover result is: Valid (0.02s, 93994 steps).

File "/tmp/.pycsl_nir7mh9f.mlw", line 2278, characters 8-70:
Sub-goal precondition of goal _parser__decorated'vc.
Prover result is: Valid (0.01s, 6636 steps).

File "/tmp/.pycsl_nir7mh9f.mlw", line 2279, characters 28-107:
Sub-goal variant decrease of goal _parser__decorated'vc.
Prover result is: Valid (0.02s, 91403 steps).

File "/tmp/.pycsl_nir7mh9f.mlw", line 2279, characters 28-107:
Sub-goal precondition of goal _parser__decorated'vc.
Prover result is: Valid (0.01s, 7455 steps).

File "/tmp/.pycsl_nir7mh9f.mlw", line 2258, characters 15-19:
Sub-goal postcondition of goal _parser__decorated'vc.
Prover result is: Valid (0.00s, 7490 steps).

File "/tmp/.pycsl_nir7mh9f.mlw", line 2259, characters 15-38:
Sub-goal postcondition of goal _parser__decorated'vc.
Prover result is: Valid (0.02s, 90285 steps).

File "/tmp/.pycsl_nir7mh9f.mlw", line 2281, characters 10-74:
Sub-goal precondition of goal _parser__decorated'vc.
Prover result is: Valid (0.01s, 6747 steps).

File "/tmp/.pycsl_nir7mh9f.mlw", line 2282, characters 30-88:
Sub-goal variant decrease of goal _parser__decorated'vc.
Prover result is: Valid (0.02s, 92365 steps).

File "/tmp/.pycsl_nir7mh9f.mlw", line 2282, characters 30-88:
Sub-goal precondition of goal _parser__decorated'vc.
Prover result is: Valid (0.01s, 7560 steps).

File "/tmp/.pycsl_nir7mh9f.mlw", line 2258, characters 15-19:
Sub-goal postcondition of goal _parser__decorated'vc.
Prover result is: Valid (0.01s, 7595 steps).

File "/tmp/.pycsl_nir7mh9f.mlw", line 2259, characters 15-38:
Sub-goal postcondition of goal _parser__decorated'vc.
Prover result is: Valid (0.02s, 91100 steps).

File "/tmp/.pycsl_nir7mh9f.mlw", line 2284, characters 12-76:
Sub-goal precondition of goal _parser__decorated'vc.
Prover result is: Valid (0.01s, 6852 steps).

File "/tmp/.pycsl_nir7mh9f.mlw", line 2285, characters 18-41:
Sub-goal precondition of goal _parser__decorated'vc.
Prover result is: Valid (0.00s, 6872 steps).

File "/tmp/.pycsl_nir7mh9f.mlw", line 2286, characters 18-49:
Sub-goal precondition of goal _parser__decorated'vc.
Prover result is: Valid (0.01s, 6943 steps).

File "/tmp/.pycsl_nir7mh9f.mlw", line 2288, characters 32-111:
Sub-goal type invariant of goal _parser__decorated'vc.
Prover result is: Valid (0.02s, 92430 steps).

File "/tmp/.pycsl_nir7mh9f.mlw", line 2288, characters 32-111:
Sub-goal type invariant of goal _parser__decorated'vc.
Prover result is: Valid (0.02s, 95586 steps).

File "/tmp/.pycsl_nir7mh9f.mlw", line 2288, characters 32-111:
Sub-goal type invariant of goal _parser__decorated'vc.
Prover result is: Valid (0.02s, 92708 steps).

File "/tmp/.pycsl_nir7mh9f.mlw", line 2288, characters 32-111:
Sub-goal type invariant of goal _parser__decorated'vc.
Prover result is: Valid (0.02s, 94229 steps).

File "/tmp/.pycsl_nir7mh9f.mlw", line 2288, characters 32-111:
Sub-goal variant decrease of goal _parser__decorated'vc.
Prover result is: Valid (0.02s, 96930 steps).

File "/tmp/.pycsl_nir7mh9f.mlw", line 2288, characters 32-111:
Sub-goal precondition of goal _parser__decorated'vc.
Prover result is: Valid (0.01s, 7799 steps).

File "/tmp/.pycsl_nir7mh9f.mlw", line 2258, characters 15-19:
Sub-goal postcondition of goal _parser__decorated'vc.
Prover result is: Valid (0.01s, 7838 steps).

File "/tmp/.pycsl_nir7mh9f.mlw", line 2259, characters 15-38:
Sub-goal postcondition of goal _parser__decorated'vc.
Prover result is: Valid (0.02s, 93311 steps).

File "/tmp/.pycsl_nir7mh9f.mlw", line 2290, characters 93-99:
Sub-goal unreachable point of goal _parser__decorated'vc.
Prover result is: Valid (0.01s, 3926 steps).

File "/tmp/.pycsl_nir7mh9f.mlw", line 2307, characters 9-28:
Sub-goal precondition of goal _parser__classdef'vc.
Prover result is: Valid (0.00s, 5304 steps).

File "/tmp/.pycsl_nir7mh9f.mlw", line 2308, characters 12-45:
Sub-goal precondition of goal _parser__classdef'vc.
Prover result is: Valid (0.01s, 5482 steps).

File "/tmp/.pycsl_nir7mh9f.mlw", line 2309, characters 12-37:
Sub-goal precondition of goal _parser__classdef'vc.
Prover result is: Valid (0.01s, 5516 steps).

File "/tmp/.pycsl_nir7mh9f.mlw", line 2311, characters 8-68:
Sub-goal precondition of goal _parser__classdef'vc.
Prover result is: Valid (0.01s, 6533 steps).

File "/tmp/.pycsl_nir7mh9f.mlw", line 2312, characters 31-65:
Sub-goal precondition of goal _parser__classdef'vc.
Prover result is: Valid (0.01s, 6567 steps).

File "/tmp/.pycsl_nir7mh9f.mlw", line 2316, characters 14-43:
Sub-goal precondition of goal _parser__classdef'vc.
Prover result is: Valid (0.00s, 7387 steps).

File "/tmp/.pycsl_nir7mh9f.mlw", line 2317, characters 38-68:
Sub-goal precondition of goal _parser__classdef'vc.
Prover result is: Valid (0.01s, 88633 steps).

File "/tmp/.pycsl_nir7mh9f.mlw", line 2320, characters 14-43:
Sub-goal precondition of goal _parser__classdef'vc.
Prover result is: Valid (0.01s, 7492 steps).

File "/tmp/.pycsl_nir7mh9f.mlw", line 2322, characters 12-41:
Sub-goal precondition of goal _parser__classdef'vc.
Prover result is: Valid (0.01s, 7528 steps).

File "/tmp/.pycsl_nir7mh9f.mlw", line 2323, characters 29-50:
Sub-goal variant decrease of goal _parser__classdef'vc.
Prover result is: Valid (0.02s, 91033 steps).

File "/tmp/.pycsl_nir7mh9f.mlw", line 2323, characters 29-50:
Sub-goal precondition of goal _parser__classdef'vc.
Prover result is: Valid (0.01s, 7564 steps).

File "/tmp/.pycsl_nir7mh9f.mlw", line 2297, characters 15-19:
Sub-goal postcondition of goal _parser__classdef'vc.
Prover result is: Valid (0.01s, 8083 steps).

File "/tmp/.pycsl_nir7mh9f.mlw", line 2298, characters 15-38:
Sub-goal postcondition of goal _parser__classdef'vc.
Prover result is: Valid (0.02s, 95143 steps).

File "/tmp/.pycsl_nir7mh9f.mlw", line 2322, characters 12-41:
Sub-goal precondition of goal _parser__classdef'vc.
Prover result is: Valid (0.01s, 7464 steps).

File "/tmp/.pycsl_nir7mh9f.mlw", line 2323, characters 29-50:
Sub-goal variant decrease of goal _parser__classdef'vc.
Prover result is: Valid (0.02s, 90977 steps).

File "/tmp/.pycsl_nir7mh9f.mlw", line 2323, characters 29-50:
Sub-goal precondition of goal _parser__classdef'vc.
Prover result is: Valid (0.01s, 7500 steps).

File "/tmp/.pycsl_nir7mh9f.mlw", line 2297, characters 15-19:
Sub-goal postcondition of goal _parser__classdef'vc.
Prover result is: Valid (0.01s, 8019 steps).

File "/tmp/.pycsl_nir7mh9f.mlw", line 2298, characters 15-38:
Sub-goal postcondition of goal _parser__classdef'vc.
Prover result is: Valid (0.02s, 93570 steps).

File "/tmp/.pycsl_nir7mh9f.mlw", line 2316, characters 14-43:
Sub-goal precondition of goal _parser__classdef'vc.
Prover result is: Valid (0.01s, 6643 steps).

File "/tmp/.pycsl_nir7mh9f.mlw", line 2317, characters 38-68:
Sub-goal precondition of goal _parser__classdef'vc.
Prover result is: Valid (0.01s, 78137 steps).

File "/tmp/.pycsl_nir7mh9f.mlw", line 2320, characters 14-43:
Sub-goal precondition of goal _parser__classdef'vc.
Prover result is: Valid (0.01s, 6746 steps).

File "/tmp/.pycsl_nir7mh9f.mlw", line 2322, characters 12-41:
Sub-goal precondition of goal _parser__classdef'vc.
Prover result is: Valid (0.00s, 6782 steps).

File "/tmp/.pycsl_nir7mh9f.mlw", line 2323, characters 29-50:
Sub-goal variant decrease of goal _parser__classdef'vc.
Prover result is: Valid (0.02s, 80555 steps).

File "/tmp/.pycsl_nir7mh9f.mlw", line 2323, characters 29-50:
Sub-goal precondition of goal _parser__classdef'vc.
Prover result is: Valid (0.00s, 6818 steps).

File "/tmp/.pycsl_nir7mh9f.mlw", line 2297, characters 15-19:
Sub-goal postcondition of goal _parser__classdef'vc.
Prover result is: Valid (0.00s, 7994 steps).

File "/tmp/.pycsl_nir7mh9f.mlw", line 2298, characters 15-38:
Sub-goal postcondition of goal _parser__classdef'vc.
Prover result is: Valid (0.02s, 93443 steps).

File "/tmp/.pycsl_nir7mh9f.mlw", line 2322, characters 12-41:
Sub-goal precondition of goal _parser__classdef'vc.
Prover result is: Valid (0.01s, 6718 steps).

File "/tmp/.pycsl_nir7mh9f.mlw", line 2323, characters 29-50:
Sub-goal variant decrease of goal _parser__classdef'vc.
Prover result is: Valid (0.02s, 80209 steps).

File "/tmp/.pycsl_nir7mh9f.mlw", line 2323, characters 29-50:
Sub-goal precondition of goal _parser__classdef'vc.
Prover result is: Valid (0.00s, 6754 steps).

File "/tmp/.pycsl_nir7mh9f.mlw", line 2297, characters 15-19:
Sub-goal postcondition of goal _parser__classdef'vc.
Prover result is: Valid (0.00s, 7930 steps).

File "/tmp/.pycsl_nir7mh9f.mlw", line 2298, characters 15-38:
Sub-goal postcondition of goal _parser__classdef'vc.
Prover result is: Valid (0.02s, 91760 steps).

File "/tmp/.pycsl_nir7mh9f.mlw", line 2337, characters 9-32:
Sub-goal precondition of goal _parser__with_stmt'vc.
Prover result is: Valid (0.00s, 5295 steps).

File "/tmp/.pycsl_nir7mh9f.mlw", line 2340, characters 13-73:
Sub-goal precondition of goal _parser__with_stmt'vc.
Prover result is: Valid (0.00s, 6451 steps).

File "/tmp/.pycsl_nir7mh9f.mlw", line 2340, characters 84-119:
Sub-goal precondition of goal _parser__with_stmt'vc.
Prover result is: Valid (0.00s, 6563 steps).

File "/tmp/.pycsl_nir7mh9f.mlw", line 2341, characters 14-37:
Sub-goal precondition of goal _parser__with_stmt'vc.
Prover result is: Valid (0.01s, 6613 steps).

File "/tmp/.pycsl_nir7mh9f.mlw", line 2344, characters 29-55:
Sub-goal precondition of goal _parser__with_stmt'vc.
Prover result is: Valid (0.01s, 6687 steps).

File "/tmp/.pycsl_nir7mh9f.mlw", line 2349, characters 18-72:
Sub-goal loop invariant init of goal _parser__with_stmt'vc.
Prover result is: Valid (0.02s, 98987 steps).

File "/tmp/.pycsl_nir7mh9f.mlw", line 2350, characters 18-34:
Sub-goal loop invariant init of goal _parser__with_stmt'vc.
Prover result is: Valid (0.01s, 30497 steps).

File "/tmp/.pycsl_nir7mh9f.mlw", line 2348, characters 17-46:
Sub-goal type invariant of goal _parser__with_stmt'vc.
Prover result is: Valid (0.00s, 8031 steps).

File "/tmp/.pycsl_nir7mh9f.mlw", line 2348, characters 17-46:
Sub-goal type invariant of goal _parser__with_stmt'vc.
Prover result is: Valid (0.00s, 8038 steps).

File "/tmp/.pycsl_nir7mh9f.mlw", line 2348, characters 17-46:
Sub-goal type invariant of goal _parser__with_stmt'vc.
Prover result is: Valid (0.02s, 96632 steps).

File "/tmp/.pycsl_nir7mh9f.mlw", line 2348, characters 17-46:
Sub-goal type invariant of goal _parser__with_stmt'vc.
Prover result is: Valid (0.02s, 97868 steps).

File "/tmp/.pycsl_nir7mh9f.mlw", line 2348, characters 17-46:
Sub-goal precondition of goal _parser__with_stmt'vc.
Prover result is: Valid (0.01s, 8046 steps).

File "/tmp/.pycsl_nir7mh9f.mlw", line 2352, characters 40-100:
Sub-goal precondition of goal _parser__with_stmt'vc.
Prover result is: Valid (0.00s, 8210 steps).

File "/tmp/.pycsl_nir7mh9f.mlw", line 2359, characters 14-43:
Sub-goal precondition of goal _parser__with_stmt'vc.
Prover result is: Valid (0.00s, 8320 steps).

File "/tmp/.pycsl_nir7mh9f.mlw", line 2361, characters 12-41:
Sub-goal precondition of goal _parser__with_stmt'vc.
Prover result is: Valid (0.01s, 8354 steps).

File "/tmp/.pycsl_nir7mh9f.mlw", line 2362, characters 29-50:
Sub-goal variant decrease of goal _parser__with_stmt'vc.
Prover result is: Valid (0.02s, 105537 steps).

File "/tmp/.pycsl_nir7mh9f.mlw", line 2362, characters 29-50:
Sub-goal precondition of goal _parser__with_stmt'vc.
Prover result is: Valid (0.01s, 8390 steps).

File "/tmp/.pycsl_nir7mh9f.mlw", line 2328, characters 15-19:
Sub-goal postcondition of goal _parser__with_stmt'vc.
Prover result is: Valid (0.00s, 9098 steps).

File "/tmp/.pycsl_nir7mh9f.mlw", line 2329, characters 15-38:
Sub-goal postcondition of goal _parser__with_stmt'vc.
Prover result is: Valid (0.02s, 109550 steps).

File "/tmp/.pycsl_nir7mh9f.mlw", line 2361, characters 12-41:
Sub-goal precondition of goal _parser__with_stmt'vc.
Prover result is: Valid (0.00s, 8318 steps).

File "/tmp/.pycsl_nir7mh9f.mlw", line 2362, characters 29-50:
Sub-goal variant decrease of goal _parser__with_stmt'vc.
Prover result is: Valid (0.01s, 14280 steps).

File "/tmp/.pycsl_nir7mh9f.mlw", line 2362, characters 29-50:
Sub-goal precondition of goal _parser__with_stmt'vc.
Prover result is: Valid (0.01s, 8352 steps).

File "/tmp/.pycsl_nir7mh9f.mlw", line 2328, characters 15-19:
Sub-goal postcondition of goal _parser__with_stmt'vc.
Prover result is: Valid (0.01s, 9060 steps).

File "/tmp/.pycsl_nir7mh9f.mlw", line 2329, characters 15-38:
Sub-goal postcondition of goal _parser__with_stmt'vc.
Prover result is: Valid (0.00s, 15341 steps).

File "/tmp/.pycsl_nir7mh9f.mlw", line 2355, characters 31-57:
Sub-goal precondition of goal _parser__with_stmt'vc.
Prover result is: Valid (0.00s, 8311 steps).

File "/tmp/.pycsl_nir7mh9f.mlw", line 2351, characters 16-51:
Sub-goal loop variant decrease of goal _parser__with_stmt'vc.
Prover result is: Valid (0.03s, 134052 steps).

File "/tmp/.pycsl_nir7mh9f.mlw", line 2349, characters 18-72:
Sub-goal loop invariant preservation of goal _parser__with_stmt'vc.
Prover result is: Valid (0.02s, 105156 steps).

File "/tmp/.pycsl_nir7mh9f.mlw", line 2350, characters 18-34:
Sub-goal loop invariant preservation of goal _parser__with_stmt'vc.
Prover result is: Valid (0.02s, 100849 steps).

File "/tmp/.pycsl_nir7mh9f.mlw", line 2359, characters 14-43:
Sub-goal precondition of goal _parser__with_stmt'vc.
Prover result is: Valid (0.00s, 8134 steps).

File "/tmp/.pycsl_nir7mh9f.mlw", line 2361, characters 12-41:
Sub-goal precondition of goal _parser__with_stmt'vc.
Prover result is: Valid (0.01s, 8170 steps).

File "/tmp/.pycsl_nir7mh9f.mlw", line 2362, characters 29-50:
Sub-goal variant decrease of goal _parser__with_stmt'vc.
Prover result is: Valid (0.02s, 103263 steps).

File "/tmp/.pycsl_nir7mh9f.mlw", line 2362, characters 29-50:
Sub-goal precondition of goal _parser__with_stmt'vc.
Prover result is: Valid (0.01s, 8206 steps).

File "/tmp/.pycsl_nir7mh9f.mlw", line 2328, characters 15-19:
Sub-goal postcondition of goal _parser__with_stmt'vc.
Prover result is: Valid (0.01s, 8914 steps).

File "/tmp/.pycsl_nir7mh9f.mlw", line 2329, characters 15-38:
Sub-goal postcondition of goal _parser__with_stmt'vc.
Prover result is: Valid (0.02s, 108156 steps).

File "/tmp/.pycsl_nir7mh9f.mlw", line 2361, characters 12-41:
Sub-goal precondition of goal _parser__with_stmt'vc.
Prover result is: Valid (0.00s, 8130 steps).

File "/tmp/.pycsl_nir7mh9f.mlw", line 2362, characters 29-50:
Sub-goal variant decrease of goal _parser__with_stmt'vc.
Prover result is: Valid (0.00s, 13960 steps).

File "/tmp/.pycsl_nir7mh9f.mlw", line 2362, characters 29-50:
Sub-goal precondition of goal _parser__with_stmt'vc.
Prover result is: Valid (0.01s, 8166 steps).

File "/tmp/.pycsl_nir7mh9f.mlw", line 2328, characters 15-19:
Sub-goal postcondition of goal _parser__with_stmt'vc.
Prover result is: Valid (0.00s, 8874 steps).

File "/tmp/.pycsl_nir7mh9f.mlw", line 2329, characters 15-38:
Sub-goal postcondition of goal _parser__with_stmt'vc.
Prover result is: Valid (0.01s, 15021 steps).

File "/tmp/.pycsl_nir7mh9f.mlw", line 2344, characters 29-55:
Sub-goal precondition of goal _parser__with_stmt'vc.
Prover result is: Valid (0.00s, 6611 steps).

File "/tmp/.pycsl_nir7mh9f.mlw", line 2349, characters 18-72:
Sub-goal loop invariant init of goal _parser__with_stmt'vc.
Prover result is: Valid (0.02s, 101241 steps).

File "/tmp/.pycsl_nir7mh9f.mlw", line 2350, characters 18-34:
Sub-goal loop invariant init of goal _parser__with_stmt'vc.
Prover result is: Valid (0.01s, 30121 steps).

File "/tmp/.pycsl_nir7mh9f.mlw", line 2348, characters 17-46:
Sub-goal type invariant of goal _parser__with_stmt'vc.
Prover result is: Valid (0.00s, 7955 steps).

File "/tmp/.pycsl_nir7mh9f.mlw", line 2348, characters 17-46:
Sub-goal type invariant of goal _parser__with_stmt'vc.
Prover result is: Valid (0.00s, 7962 steps).

File "/tmp/.pycsl_nir7mh9f.mlw", line 2348, characters 17-46:
Sub-goal type invariant of goal _parser__with_stmt'vc.
Prover result is: Valid (0.02s, 99106 steps).

File "/tmp/.pycsl_nir7mh9f.mlw", line 2348, characters 17-46:
Sub-goal type invariant of goal _parser__with_stmt'vc.
Prover result is: Valid (0.02s, 100267 steps).

File "/tmp/.pycsl_nir7mh9f.mlw", line 2348, characters 17-46:
Sub-goal precondition of goal _parser__with_stmt'vc.
Prover result is: Valid (0.00s, 7970 steps).

File "/tmp/.pycsl_nir7mh9f.mlw", line 2352, characters 40-100:
Sub-goal precondition of goal _parser__with_stmt'vc.
Prover result is: Valid (0.01s, 8134 steps).

File "/tmp/.pycsl_nir7mh9f.mlw", line 2359, characters 14-43:
Sub-goal precondition of goal _parser__with_stmt'vc.
Prover result is: Valid (0.01s, 8242 steps).

File "/tmp/.pycsl_nir7mh9f.mlw", line 2361, characters 12-41:
Sub-goal precondition of goal _parser__with_stmt'vc.
Prover result is: Valid (0.01s, 8276 steps).

File "/tmp/.pycsl_nir7mh9f.mlw", line 2362, characters 29-50:
Sub-goal variant decrease of goal _parser__with_stmt'vc.
Prover result is: Valid (0.01s, 8410 steps).

File "/tmp/.pycsl_nir7mh9f.mlw", line 2362, characters 29-50:
Sub-goal precondition of goal _parser__with_stmt'vc.
Prover result is: Valid (0.01s, 8312 steps).

File "/tmp/.pycsl_nir7mh9f.mlw", line 2328, characters 15-19:
Sub-goal postcondition of goal _parser__with_stmt'vc.
Prover result is: Valid (0.01s, 9020 steps).

File "/tmp/.pycsl_nir7mh9f.mlw", line 2329, characters 15-38:
Sub-goal postcondition of goal _parser__with_stmt'vc.
Prover result is: Valid (0.01s, 9033 steps).

File "/tmp/.pycsl_nir7mh9f.mlw", line 2361, characters 12-41:
Sub-goal precondition of goal _parser__with_stmt'vc.
Prover result is: Valid (0.00s, 8242 steps).

File "/tmp/.pycsl_nir7mh9f.mlw", line 2362, characters 29-50:
Sub-goal variant decrease of goal _parser__with_stmt'vc.
Prover result is: Valid (0.00s, 14096 steps).

File "/tmp/.pycsl_nir7mh9f.mlw", line 2362, characters 29-50:
Sub-goal precondition of goal _parser__with_stmt'vc.
Prover result is: Valid (0.00s, 8276 steps).

File "/tmp/.pycsl_nir7mh9f.mlw", line 2328, characters 15-19:
Sub-goal postcondition of goal _parser__with_stmt'vc.
Prover result is: Valid (0.01s, 8984 steps).

File "/tmp/.pycsl_nir7mh9f.mlw", line 2329, characters 15-38:
Sub-goal postcondition of goal _parser__with_stmt'vc.
Prover result is: Valid (0.00s, 15157 steps).

File "/tmp/.pycsl_nir7mh9f.mlw", line 2355, characters 31-57:
Sub-goal precondition of goal _parser__with_stmt'vc.
Prover result is: Valid (0.01s, 8235 steps).

File "/tmp/.pycsl_nir7mh9f.mlw", line 2351, characters 16-51:
Sub-goal loop variant decrease of goal _parser__with_stmt'vc.
Prover result is: Valid (0.03s, 127410 steps).

File "/tmp/.pycsl_nir7mh9f.mlw", line 2349, characters 18-72:
Sub-goal loop invariant preservation of goal _parser__with_stmt'vc.
Prover result is: Valid (0.02s, 106169 steps).

File "/tmp/.pycsl_nir7mh9f.mlw", line 2350, characters 18-34:
Sub-goal loop invariant preservation of goal _parser__with_stmt'vc.
Prover result is: Valid (0.02s, 102531 steps).

File "/tmp/.pycsl_nir7mh9f.mlw", line 2359, characters 14-43:
Sub-goal precondition of goal _parser__with_stmt'vc.
Prover result is: Valid (0.01s, 8058 steps).

File "/tmp/.pycsl_nir7mh9f.mlw", line 2361, characters 12-41:
Sub-goal precondition of goal _parser__with_stmt'vc.
Prover result is: Valid (0.01s, 8094 steps).

File "/tmp/.pycsl_nir7mh9f.mlw", line 2362, characters 29-50:
Sub-goal variant decrease of goal _parser__with_stmt'vc.
Prover result is: Valid (0.01s, 8228 steps).

File "/tmp/.pycsl_nir7mh9f.mlw", line 2362, characters 29-50:
Sub-goal precondition of goal _parser__with_stmt'vc.
Prover result is: Valid (0.00s, 8130 steps).

File "/tmp/.pycsl_nir7mh9f.mlw", line 2328, characters 15-19:
Sub-goal postcondition of goal _parser__with_stmt'vc.
Prover result is: Valid (0.01s, 8838 steps).

File "/tmp/.pycsl_nir7mh9f.mlw", line 2329, characters 15-38:
Sub-goal postcondition of goal _parser__with_stmt'vc.
Prover result is: Valid (0.00s, 8851 steps).

File "/tmp/.pycsl_nir7mh9f.mlw", line 2361, characters 12-41:
Sub-goal precondition of goal _parser__with_stmt'vc.
Prover result is: Valid (0.01s, 8054 steps).

File "/tmp/.pycsl_nir7mh9f.mlw", line 2362, characters 29-50:
Sub-goal variant decrease of goal _parser__with_stmt'vc.
Prover result is: Valid (0.02s, 104520 steps).

File "/tmp/.pycsl_nir7mh9f.mlw", line 2362, characters 29-50:
Sub-goal precondition of goal _parser__with_stmt'vc.
Prover result is: Valid (0.00s, 8090 steps).

File "/tmp/.pycsl_nir7mh9f.mlw", line 2328, characters 15-19:
Sub-goal postcondition of goal _parser__with_stmt'vc.
Prover result is: Valid (0.00s, 8798 steps).

File "/tmp/.pycsl_nir7mh9f.mlw", line 2329, characters 15-38:
Sub-goal postcondition of goal _parser__with_stmt'vc.
Prover result is: Valid (0.02s, 110170 steps).

File "/tmp/.pycsl_nir7mh9f.mlw", line 2377, characters 51-70:
Sub-goal precondition of goal _parser__funcdef'vc.
Prover result is: Valid (0.00s, 5553 steps).

File "/tmp/.pycsl_nir7mh9f.mlw", line 2378, characters 12-43:
Sub-goal precondition of goal _parser__funcdef'vc.
Prover result is: Valid (0.01s, 5742 steps).

File "/tmp/.pycsl_nir7mh9f.mlw", line 2379, characters 12-37:
Sub-goal precondition of goal _parser__funcdef'vc.
Prover result is: Valid (0.01s, 5776 steps).

File "/tmp/.pycsl_nir7mh9f.mlw", line 2381, characters 8-68:
Sub-goal precondition of goal _parser__funcdef'vc.
Prover result is: Valid (0.01s, 6793 steps).

File "/tmp/.pycsl_nir7mh9f.mlw", line 2382, characters 31-65:
Sub-goal precondition of goal _parser__funcdef'vc.
Prover result is: Valid (0.01s, 6827 steps).

File "/tmp/.pycsl_nir7mh9f.mlw", line 2384, characters 12-41:
Sub-goal precondition of goal _parser__funcdef'vc.
Prover result is: Valid (0.01s, 7645 steps).

File "/tmp/.pycsl_nir7mh9f.mlw", line 2385, characters 12-48:
Sub-goal precondition of goal _parser__funcdef'vc.
Prover result is: Valid (0.01s, 7681 steps).

File "/tmp/.pycsl_nir7mh9f.mlw", line 2386, characters 12-41:
Sub-goal precondition of goal _parser__funcdef'vc.
Prover result is: Valid (0.00s, 7710 steps).

File "/tmp/.pycsl_nir7mh9f.mlw", line 2388, characters 14-44:
Sub-goal precondition of goal _parser__funcdef'vc.
Prover result is: Valid (0.01s, 7746 steps).

File "/tmp/.pycsl_nir7mh9f.mlw", line 2389, characters 30-50:
Sub-goal precondition of goal _parser__funcdef'vc.
Prover result is: Valid (0.00s, 7812 steps).

File "/tmp/.pycsl_nir7mh9f.mlw", line 2391, characters 12-41:
Sub-goal precondition of goal _parser__funcdef'vc.
Prover result is: Valid (0.00s, 7850 steps).

File "/tmp/.pycsl_nir7mh9f.mlw", line 2392, characters 29-50:
Sub-goal variant decrease of goal _parser__funcdef'vc.
Prover result is: Valid (0.02s, 97718 steps).

File "/tmp/.pycsl_nir7mh9f.mlw", line 2392, characters 29-50:
Sub-goal precondition of goal _parser__funcdef'vc.
Prover result is: Valid (0.01s, 7886 steps).

File "/tmp/.pycsl_nir7mh9f.mlw", line 2367, characters 15-19:
Sub-goal postcondition of goal _parser__funcdef'vc.
Prover result is: Valid (0.00s, 8576 steps).

File "/tmp/.pycsl_nir7mh9f.mlw", line 2368, characters 15-38:
Sub-goal postcondition of goal _parser__funcdef'vc.
Prover result is: Valid (0.02s, 100712 steps).

File "/tmp/.pycsl_nir7mh9f.mlw", line 2391, characters 12-41:
Sub-goal precondition of goal _parser__funcdef'vc.
Prover result is: Valid (0.00s, 7823 steps).

File "/tmp/.pycsl_nir7mh9f.mlw", line 2392, characters 29-50:
Sub-goal variant decrease of goal _parser__funcdef'vc.
Prover result is: Valid (0.02s, 97010 steps).

File "/tmp/.pycsl_nir7mh9f.mlw", line 2392, characters 29-50:
Sub-goal precondition of goal _parser__funcdef'vc.
Prover result is: Valid (0.01s, 7859 steps).

File "/tmp/.pycsl_nir7mh9f.mlw", line 2367, characters 15-19:
Sub-goal postcondition of goal _parser__funcdef'vc.
Prover result is: Valid (0.00s, 8513 steps).

File "/tmp/.pycsl_nir7mh9f.mlw", line 2368, characters 15-38:
Sub-goal postcondition of goal _parser__funcdef'vc.
Prover result is: Valid (0.02s, 100119 steps).

File "/tmp/.pycsl_nir7mh9f.mlw", line 2384, characters 12-41:
Sub-goal precondition of goal _parser__funcdef'vc.
Prover result is: Valid (0.01s, 6825 steps).

File "/tmp/.pycsl_nir7mh9f.mlw", line 2385, characters 12-48:
Sub-goal precondition of goal _parser__funcdef'vc.
Prover result is: Valid (0.01s, 6859 steps).

File "/tmp/.pycsl_nir7mh9f.mlw", line 2386, characters 12-41:
Sub-goal precondition of goal _parser__funcdef'vc.
Prover result is: Valid (0.00s, 6888 steps).

File "/tmp/.pycsl_nir7mh9f.mlw", line 2388, characters 14-44:
Sub-goal precondition of goal _parser__funcdef'vc.
Prover result is: Valid (0.01s, 6924 steps).

File "/tmp/.pycsl_nir7mh9f.mlw", line 2389, characters 30-50:
Sub-goal precondition of goal _parser__funcdef'vc.
Prover result is: Valid (0.00s, 6990 steps).

File "/tmp/.pycsl_nir7mh9f.mlw", line 2391, characters 12-41:
Sub-goal precondition of goal _parser__funcdef'vc.
Prover result is: Valid (0.01s, 7028 steps).

File "/tmp/.pycsl_nir7mh9f.mlw", line 2392, characters 29-50:
Sub-goal variant decrease of goal _parser__funcdef'vc.
Prover result is: Valid (0.02s, 85962 steps).

File "/tmp/.pycsl_nir7mh9f.mlw", line 2392, characters 29-50:
Sub-goal precondition of goal _parser__funcdef'vc.
Prover result is: Valid (0.01s, 7064 steps).

File "/tmp/.pycsl_nir7mh9f.mlw", line 2367, characters 15-19:
Sub-goal postcondition of goal _parser__funcdef'vc.
Prover result is: Valid (0.00s, 8501 steps).

File "/tmp/.pycsl_nir7mh9f.mlw", line 2368, characters 15-38:
Sub-goal postcondition of goal _parser__funcdef'vc.
Prover result is: Valid (0.02s, 99444 steps).

File "/tmp/.pycsl_nir7mh9f.mlw", line 2391, characters 12-41:
Sub-goal precondition of goal _parser__funcdef'vc.
Prover result is: Valid (0.00s, 7001 steps).

File "/tmp/.pycsl_nir7mh9f.mlw", line 2392, characters 29-50:
Sub-goal variant decrease of goal _parser__funcdef'vc.
Prover result is: Valid (0.02s, 85238 steps).

File "/tmp/.pycsl_nir7mh9f.mlw", line 2392, characters 29-50:
Sub-goal precondition of goal _parser__funcdef'vc.
Prover result is: Valid (0.01s, 7037 steps).

File "/tmp/.pycsl_nir7mh9f.mlw", line 2367, characters 15-19:
Sub-goal postcondition of goal _parser__funcdef'vc.
Prover result is: Valid (0.00s, 8438 steps).

File "/tmp/.pycsl_nir7mh9f.mlw", line 2368, characters 15-38:
Sub-goal postcondition of goal _parser__funcdef'vc.
Prover result is: Valid (0.02s, 98800 steps).

File "/tmp/.pycsl_nir7mh9f.mlw", line 2407, characters 9-32:
Sub-goal precondition of goal _parser__for_stmt'vc.
Prover result is: Valid (0.01s, 5295 steps).

File "/tmp/.pycsl_nir7mh9f.mlw", line 2408, characters 14-41:
Sub-goal precondition of goal _parser__for_stmt'vc.
Prover result is: Valid (0.00s, 5470 steps).

File "/tmp/.pycsl_nir7mh9f.mlw", line 2409, characters 12-42:
Sub-goal precondition of goal _parser__for_stmt'vc.
Prover result is: Valid (0.01s, 5497 steps).

File "/tmp/.pycsl_nir7mh9f.mlw", line 2410, characters 10-34:
Sub-goal precondition of goal _parser__for_stmt'vc.
Prover result is: Valid (0.00s, 5533 steps).

File "/tmp/.pycsl_nir7mh9f.mlw", line 2411, characters 12-41:
Sub-goal precondition of goal _parser__for_stmt'vc.
Prover result is: Valid (0.00s, 5562 steps).

File "/tmp/.pycsl_nir7mh9f.mlw", line 2412, characters 29-50:
Sub-goal variant decrease of goal _parser__for_stmt'vc.
Prover result is: Valid (0.01s, 55690 steps).

File "/tmp/.pycsl_nir7mh9f.mlw", line 2412, characters 29-50:
Sub-goal precondition of goal _parser__for_stmt'vc.
Prover result is: Valid (0.00s, 5598 steps).

File "/tmp/.pycsl_nir7mh9f.mlw", line 2413, characters 31-58:
Sub-goal variant decrease of goal _parser__for_stmt'vc.
Prover result is: Valid (0.02s, 61807 steps).

File "/tmp/.pycsl_nir7mh9f.mlw", line 2413, characters 31-58:
Sub-goal precondition of goal _parser__for_stmt'vc.
Prover result is: Valid (0.00s, 6093 steps).

File "/tmp/.pycsl_nir7mh9f.mlw", line 2398, characters 15-19:
Sub-goal postcondition of goal _parser__for_stmt'vc.
Prover result is: Valid (0.00s, 6599 steps).

File "/tmp/.pycsl_nir7mh9f.mlw", line 2399, characters 15-38:
Sub-goal postcondition of goal _parser__for_stmt'vc.
Prover result is: Valid (0.02s, 69629 steps).

File "/tmp/.pycsl_nir7mh9f.mlw", line 2425, characters 9-32:
Sub-goal precondition of goal _parser__async_stmt'vc.
Prover result is: Valid (0.01s, 5295 steps).

File "/tmp/.pycsl_nir7mh9f.mlw", line 2426, characters 8-70:
Sub-goal precondition of goal _parser__async_stmt'vc.
Prover result is: Valid (0.00s, 6446 steps).

File "/tmp/.pycsl_nir7mh9f.mlw", line 2427, characters 51-78:
Sub-goal array creation size of goal _parser__async_stmt'vc.
Prover result is: Valid (0.01s, 6562 steps).

File "/tmp/.pycsl_nir7mh9f.mlw", line 2427, characters 28-91:
Sub-goal variant decrease of goal _parser__async_stmt'vc.
Prover result is: Valid (0.02s, 81398 steps).

File "/tmp/.pycsl_nir7mh9f.mlw", line 2427, characters 28-91:
Sub-goal precondition of goal _parser__async_stmt'vc.
Prover result is: Valid (0.00s, 6910 steps).

File "/tmp/.pycsl_nir7mh9f.mlw", line 2418, characters 15-19:
Sub-goal postcondition of goal _parser__async_stmt'vc.
Prover result is: Valid (0.01s, 6945 steps).

File "/tmp/.pycsl_nir7mh9f.mlw", line 2419, characters 15-38:
Sub-goal postcondition of goal _parser__async_stmt'vc.
Prover result is: Valid (0.01s, 80562 steps).

File "/tmp/.pycsl_nir7mh9f.mlw", line 2429, characters 10-72:
Sub-goal precondition of goal _parser__async_stmt'vc.
Prover result is: Valid (0.01s, 6643 steps).

File "/tmp/.pycsl_nir7mh9f.mlw", line 2430, characters 30-56:
Sub-goal variant decrease of goal _parser__async_stmt'vc.
Prover result is: Valid (0.01s, 80218 steps).

File "/tmp/.pycsl_nir7mh9f.mlw", line 2430, characters 30-56:
Sub-goal precondition of goal _parser__async_stmt'vc.
Prover result is: Valid (0.01s, 6669 steps).

File "/tmp/.pycsl_nir7mh9f.mlw", line 2418, characters 15-19:
Sub-goal postcondition of goal _parser__async_stmt'vc.
Prover result is: Valid (0.01s, 6704 steps).

File "/tmp/.pycsl_nir7mh9f.mlw", line 2419, characters 15-38:
Sub-goal postcondition of goal _parser__async_stmt'vc.
Prover result is: Valid (0.02s, 79263 steps).

File "/tmp/.pycsl_nir7mh9f.mlw", line 2432, characters 12-75:
Sub-goal precondition of goal _parser__async_stmt'vc.
Prover result is: Valid (0.01s, 6752 steps).

File "/tmp/.pycsl_nir7mh9f.mlw", line 2433, characters 32-59:
Sub-goal variant decrease of goal _parser__async_stmt'vc.
Prover result is: Valid (0.02s, 81156 steps).

File "/tmp/.pycsl_nir7mh9f.mlw", line 2433, characters 32-59:
Sub-goal precondition of goal _parser__async_stmt'vc.
Prover result is: Valid (0.00s, 6772 steps).

File "/tmp/.pycsl_nir7mh9f.mlw", line 2418, characters 15-19:
Sub-goal postcondition of goal _parser__async_stmt'vc.
Prover result is: Valid (0.00s, 6807 steps).

File "/tmp/.pycsl_nir7mh9f.mlw", line 2419, characters 15-38:
Sub-goal postcondition of goal _parser__async_stmt'vc.
Prover result is: Valid (0.02s, 80056 steps).

File "/tmp/.pycsl_nir7mh9f.mlw", line 2435, characters 75-81:
Sub-goal unreachable point of goal _parser__async_stmt'vc.
Prover result is: Valid (0.00s, 3872 steps).

File "/tmp/.pycsl_nir7mh9f.mlw", line 2451, characters 9-28:
Sub-goal precondition of goal _parser__statement'vc.
Prover result is: Valid (0.00s, 5295 steps).

File "/tmp/.pycsl_nir7mh9f.mlw", line 2455, characters 39-62:
Sub-goal variant decrease of goal _parser__statement'vc.
Prover result is: Valid (0.03s, 224204 steps).

File "/tmp/.pycsl_nir7mh9f.mlw", line 2455, characters 39-62:
Sub-goal precondition of goal _parser__statement'vc.
Prover result is: Valid (0.01s, 9983 steps).

File "/tmp/.pycsl_nir7mh9f.mlw", line 2442, characters 15-19:
Sub-goal postcondition of goal _parser__statement'vc.
Prover result is: Valid (0.01s, 10910 steps).

File "/tmp/.pycsl_nir7mh9f.mlw", line 2443, characters 15-39:
Sub-goal postcondition of goal _parser__statement'vc.
Prover result is: Valid (0.01s, 10915 steps).

File "/tmp/.pycsl_nir7mh9f.mlw", line 2444, characters 15-38:
Sub-goal postcondition of goal _parser__statement'vc.
Prover result is: Valid (0.01s, 10920 steps).

File "/tmp/.pycsl_nir7mh9f.mlw", line 2458, characters 41-67:
Sub-goal variant decrease of goal _parser__statement'vc.
Prover result is: Valid (0.03s, 224239 steps).

File "/tmp/.pycsl_nir7mh9f.mlw", line 2458, characters 41-67:
Sub-goal precondition of goal _parser__statement'vc.
Prover result is: Valid (0.01s, 9992 steps).

File "/tmp/.pycsl_nir7mh9f.mlw", line 2442, characters 15-19:
Sub-goal postcondition of goal _parser__statement'vc.
Prover result is: Valid (0.00s, 10919 steps).

File "/tmp/.pycsl_nir7mh9f.mlw", line 2443, characters 15-39:
Sub-goal postcondition of goal _parser__statement'vc.
Prover result is: Valid (0.01s, 10924 steps).

File "/tmp/.pycsl_nir7mh9f.mlw", line 2444, characters 15-38:
Sub-goal postcondition of goal _parser__statement'vc.
Prover result is: Valid (0.01s, 10929 steps).

File "/tmp/.pycsl_nir7mh9f.mlw", line 2461, characters 43-69:
Sub-goal variant decrease of goal _parser__statement'vc.
Prover result is: Valid (0.03s, 224246 steps).

File "/tmp/.pycsl_nir7mh9f.mlw", line 2461, characters 43-69:
Sub-goal precondition of goal _parser__statement'vc.
Prover result is: Valid (0.01s, 10001 steps).

File "/tmp/.pycsl_nir7mh9f.mlw", line 2442, characters 15-19:
Sub-goal postcondition of goal _parser__statement'vc.
Prover result is: Valid (0.01s, 10923 steps).

File "/tmp/.pycsl_nir7mh9f.mlw", line 2443, characters 15-39:
Sub-goal postcondition of goal _parser__statement'vc.
Prover result is: Valid (0.03s, 209322 steps).

File "/tmp/.pycsl_nir7mh9f.mlw", line 2444, characters 15-38:
Sub-goal postcondition of goal _parser__statement'vc.
Prover result is: Valid (0.01s, 10933 steps).

File "/tmp/.pycsl_nir7mh9f.mlw", line 2464, characters 45-69:
Sub-goal variant decrease of goal _parser__statement'vc.
Prover result is: Valid (0.03s, 224269 steps).

File "/tmp/.pycsl_nir7mh9f.mlw", line 2464, characters 45-69:
Sub-goal precondition of goal _parser__statement'vc.
Prover result is: Valid (0.00s, 10010 steps).

File "/tmp/.pycsl_nir7mh9f.mlw", line 2442, characters 15-19:
Sub-goal postcondition of goal _parser__statement'vc.
Prover result is: Valid (0.01s, 10932 steps).

File "/tmp/.pycsl_nir7mh9f.mlw", line 2443, characters 15-39:
Sub-goal postcondition of goal _parser__statement'vc.
Prover result is: Valid (0.03s, 209345 steps).

File "/tmp/.pycsl_nir7mh9f.mlw", line 2444, characters 15-38:
Sub-goal postcondition of goal _parser__statement'vc.
Prover result is: Valid (0.01s, 10942 steps).

File "/tmp/.pycsl_nir7mh9f.mlw", line 2467, characters 47-74:
Sub-goal variant decrease of goal _parser__statement'vc.
Prover result is: Valid (0.03s, 224296 steps).

File "/tmp/.pycsl_nir7mh9f.mlw", line 2467, characters 47-74:
Sub-goal precondition of goal _parser__statement'vc.
Prover result is: Valid (0.01s, 10019 steps).

File "/tmp/.pycsl_nir7mh9f.mlw", line 2442, characters 15-19:
Sub-goal postcondition of goal _parser__statement'vc.
Prover result is: Valid (0.01s, 10941 steps).

File "/tmp/.pycsl_nir7mh9f.mlw", line 2443, characters 15-39:
Sub-goal postcondition of goal _parser__statement'vc.
Prover result is: Valid (0.03s, 209372 steps).

File "/tmp/.pycsl_nir7mh9f.mlw", line 2444, characters 15-38:
Sub-goal postcondition of goal _parser__statement'vc.
Prover result is: Valid (0.01s, 10951 steps).

File "/tmp/.pycsl_nir7mh9f.mlw", line 2470, characters 72-99:
Sub-goal array creation size of goal _parser__statement'vc.
Prover result is: Valid (0.00s, 10032 steps).

File "/tmp/.pycsl_nir7mh9f.mlw", line 2470, characters 49-122:
Sub-goal variant decrease of goal _parser__statement'vc.
Prover result is: Valid (0.03s, 239019 steps).

File "/tmp/.pycsl_nir7mh9f.mlw", line 2470, characters 49-122:
Sub-goal precondition of goal _parser__statement'vc.
Prover result is: Valid (0.01s, 10380 steps).

File "/tmp/.pycsl_nir7mh9f.mlw", line 2442, characters 15-19:
Sub-goal postcondition of goal _parser__statement'vc.
Prover result is: Valid (0.01s, 10996 steps).

File "/tmp/.pycsl_nir7mh9f.mlw", line 2443, characters 15-39:
Sub-goal postcondition of goal _parser__statement'vc.
Prover result is: Valid (0.03s, 220659 steps).

File "/tmp/.pycsl_nir7mh9f.mlw", line 2444, characters 15-38:
Sub-goal postcondition of goal _parser__statement'vc.
Prover result is: Valid (0.01s, 11006 steps).

File "/tmp/.pycsl_nir7mh9f.mlw", line 2473, characters 75-102:
Sub-goal array creation size of goal _parser__statement'vc.
Prover result is: Valid (0.01s, 10041 steps).

File "/tmp/.pycsl_nir7mh9f.mlw", line 2473, characters 51-103:
Sub-goal variant decrease of goal _parser__statement'vc.
Prover result is: Valid (0.03s, 239048 steps).

File "/tmp/.pycsl_nir7mh9f.mlw", line 2473, characters 51-103:
Sub-goal precondition of goal _parser__statement'vc.
Prover result is: Valid (0.01s, 10389 steps).

File "/tmp/.pycsl_nir7mh9f.mlw", line 2442, characters 15-19:
Sub-goal postcondition of goal _parser__statement'vc.
Prover result is: Valid (0.01s, 11005 steps).

File "/tmp/.pycsl_nir7mh9f.mlw", line 2443, characters 15-39:
Sub-goal postcondition of goal _parser__statement'vc.
Prover result is: Valid (0.03s, 220688 steps).

File "/tmp/.pycsl_nir7mh9f.mlw", line 2444, characters 15-38:
Sub-goal postcondition of goal _parser__statement'vc.
Prover result is: Valid (0.01s, 11015 steps).

File "/tmp/.pycsl_nir7mh9f.mlw", line 2476, characters 53-79:
Sub-goal variant decrease of goal _parser__statement'vc.
Prover result is: Valid (0.03s, 224361 steps).

File "/tmp/.pycsl_nir7mh9f.mlw", line 2476, characters 53-79:
Sub-goal precondition of goal _parser__statement'vc.
Prover result is: Valid (0.01s, 10046 steps).

File "/tmp/.pycsl_nir7mh9f.mlw", line 2442, characters 15-19:
Sub-goal postcondition of goal _parser__statement'vc.
Prover result is: Valid (0.01s, 10968 steps).

File "/tmp/.pycsl_nir7mh9f.mlw", line 2443, characters 15-39:
Sub-goal postcondition of goal _parser__statement'vc.
Prover result is: Valid (0.03s, 209445 steps).

File "/tmp/.pycsl_nir7mh9f.mlw", line 2444, characters 15-38:
Sub-goal postcondition of goal _parser__statement'vc.
Prover result is: Valid (0.01s, 10978 steps).

File "/tmp/.pycsl_nir7mh9f.mlw", line 2486, characters 8-68:
Sub-goal precondition of goal _parser__statement'vc.
Prover result is: Valid (0.00s, 10141 steps).

File "/tmp/.pycsl_nir7mh9f.mlw", line 2487, characters 37-62:
Sub-goal variant decrease of goal _parser__statement'vc.
Prover result is: Valid (0.02s, 97625 steps).

File "/tmp/.pycsl_nir7mh9f.mlw", line 2487, characters 37-62:
Sub-goal precondition of goal _parser__statement'vc.
Prover result is: Valid (0.01s, 10171 steps).

File "/tmp/.pycsl_nir7mh9f.mlw", line 2442, characters 15-19:
Sub-goal postcondition of goal _parser__statement'vc.
Prover result is: Valid (0.01s, 11093 steps).

File "/tmp/.pycsl_nir7mh9f.mlw", line 2443, characters 15-39:
Sub-goal postcondition of goal _parser__statement'vc.
Prover result is: Valid (0.02s, 104224 steps).

File "/tmp/.pycsl_nir7mh9f.mlw", line 2444, characters 15-38:
Sub-goal postcondition of goal _parser__statement'vc.
Prover result is: Valid (0.01s, 11103 steps).

File "/tmp/.pycsl_nir7mh9f.mlw", line 2489, characters 15-81:
Sub-goal precondition of goal _parser__statement'vc.
Prover result is: Valid (0.01s, 10256 steps).

File "/tmp/.pycsl_nir7mh9f.mlw", line 2489, characters 92-125:
Sub-goal precondition of goal _parser__statement'vc.
Prover result is: Valid (0.01s, 10265 steps).

File "/tmp/.pycsl_nir7mh9f.mlw", line 2490, characters 39-65:
Sub-goal variant decrease of goal _parser__statement'vc.
Prover result is: Valid (0.03s, 245641 steps).

File "/tmp/.pycsl_nir7mh9f.mlw", line 2490, characters 39-65:
Sub-goal precondition of goal _parser__statement'vc.
Prover result is: Valid (0.00s, 10317 steps).

File "/tmp/.pycsl_nir7mh9f.mlw", line 2442, characters 15-19:
Sub-goal postcondition of goal _parser__statement'vc.
Prover result is: Valid (0.01s, 11239 steps).

File "/tmp/.pycsl_nir7mh9f.mlw", line 2443, characters 15-39:
Sub-goal postcondition of goal _parser__statement'vc.
Prover result is: Valid (0.03s, 228569 steps).

File "/tmp/.pycsl_nir7mh9f.mlw", line 2444, characters 15-38:
Sub-goal postcondition of goal _parser__statement'vc.
Prover result is: Valid (0.01s, 11249 steps).

File "/tmp/.pycsl_nir7mh9f.mlw", line 2492, characters 17-82:
Sub-goal precondition of goal _parser__statement'vc.
Prover result is: Valid (0.01s, 10400 steps).

File "/tmp/.pycsl_nir7mh9f.mlw", line 2492, characters 93-131:
Sub-goal precondition of goal _parser__statement'vc.
Prover result is: Valid (0.01s, 10409 steps).

File "/tmp/.pycsl_nir7mh9f.mlw", line 2493, characters 41-72:
Sub-goal precondition of goal _parser__statement'vc.
Prover result is: Valid (0.01s, 10461 steps).

File "/tmp/.pycsl_nir7mh9f.mlw", line 2442, characters 15-19:
Sub-goal postcondition of goal _parser__statement'vc.
Prover result is: Valid (0.01s, 11383 steps).

File "/tmp/.pycsl_nir7mh9f.mlw", line 2443, characters 15-39:
Sub-goal postcondition of goal _parser__statement'vc.
Prover result is: Valid (0.03s, 240666 steps).

File "/tmp/.pycsl_nir7mh9f.mlw", line 2444, characters 15-38:
Sub-goal postcondition of goal _parser__statement'vc.
Prover result is: Valid (0.00s, 11393 steps).

File "/tmp/.pycsl_nir7mh9f.mlw", line 2495, characters 41-68:
Sub-goal precondition of goal _parser__statement'vc.
Prover result is: Valid (0.01s, 10459 steps).

File "/tmp/.pycsl_nir7mh9f.mlw", line 2442, characters 15-19:
Sub-goal postcondition of goal _parser__statement'vc.
Prover result is: Valid (0.01s, 11355 steps).

File "/tmp/.pycsl_nir7mh9f.mlw", line 2443, characters 15-39:
Sub-goal postcondition of goal _parser__statement'vc.
Prover result is: Valid (0.01s, 11360 steps).

File "/tmp/.pycsl_nir7mh9f.mlw", line 2444, characters 15-38:
Sub-goal postcondition of goal _parser__statement'vc.
Prover result is: Valid (0.01s, 11365 steps).

File "/tmp/.pycsl_nir7mh9f.mlw", line 2486, characters 8-68:
Sub-goal precondition of goal _parser__statement'vc.
Prover result is: Valid (0.01s, 10060 steps).

File "/tmp/.pycsl_nir7mh9f.mlw", line 2487, characters 37-62:
Sub-goal variant decrease of goal _parser__statement'vc.
Prover result is: Valid (0.02s, 129707 steps).

File "/tmp/.pycsl_nir7mh9f.mlw", line 2487, characters 37-62:
Sub-goal precondition of goal _parser__statement'vc.
Prover result is: Valid (0.01s, 10090 steps).

File "/tmp/.pycsl_nir7mh9f.mlw", line 2442, characters 15-19:
Sub-goal postcondition of goal _parser__statement'vc.
Prover result is: Valid (0.01s, 11012 steps).

File "/tmp/.pycsl_nir7mh9f.mlw", line 2443, characters 15-39:
Sub-goal postcondition of goal _parser__statement'vc.
Prover result is: Valid (0.02s, 145280 steps).

File "/tmp/.pycsl_nir7mh9f.mlw", line 2444, characters 15-38:
Sub-goal postcondition of goal _parser__statement'vc.
Prover result is: Valid (0.01s, 11022 steps).

File "/tmp/.pycsl_nir7mh9f.mlw", line 2489, characters 15-81:
Sub-goal precondition of goal _parser__statement'vc.
Prover result is: Valid (0.01s, 10175 steps).

File "/tmp/.pycsl_nir7mh9f.mlw", line 2489, characters 92-125:
Sub-goal precondition of goal _parser__statement'vc.
Prover result is: Valid (0.01s, 10184 steps).

File "/tmp/.pycsl_nir7mh9f.mlw", line 2490, characters 39-65:
Sub-goal variant decrease of goal _parser__statement'vc.
Prover result is: Valid (0.03s, 235608 steps).

File "/tmp/.pycsl_nir7mh9f.mlw", line 2490, characters 39-65:
Sub-goal precondition of goal _parser__statement'vc.
Prover result is: Valid (0.01s, 10236 steps).

File "/tmp/.pycsl_nir7mh9f.mlw", line 2442, characters 15-19:
Sub-goal postcondition of goal _parser__statement'vc.
Prover result is: Valid (0.01s, 11158 steps).

File "/tmp/.pycsl_nir7mh9f.mlw", line 2443, characters 15-39:
Sub-goal postcondition of goal _parser__statement'vc.
Prover result is: Valid (0.03s, 242554 steps).

File "/tmp/.pycsl_nir7mh9f.mlw", line 2444, characters 15-38:
Sub-goal postcondition of goal _parser__statement'vc.
Prover result is: Valid (0.01s, 11168 steps).

File "/tmp/.pycsl_nir7mh9f.mlw", line 2492, characters 17-82:
Sub-goal precondition of goal _parser__statement'vc.
Prover result is: Valid (0.01s, 10319 steps).

File "/tmp/.pycsl_nir7mh9f.mlw", line 2492, characters 93-131:
Sub-goal precondition of goal _parser__statement'vc.
Prover result is: Valid (0.01s, 10328 steps).

File "/tmp/.pycsl_nir7mh9f.mlw", line 2493, characters 41-72:
Sub-goal precondition of goal _parser__statement'vc.
Prover result is: Valid (0.01s, 10380 steps).

File "/tmp/.pycsl_nir7mh9f.mlw", line 2442, characters 15-19:
Sub-goal postcondition of goal _parser__statement'vc.
Prover result is: Valid (0.01s, 11302 steps).

File "/tmp/.pycsl_nir7mh9f.mlw", line 2443, characters 15-39:
Sub-goal postcondition of goal _parser__statement'vc.
Prover result is: Valid (0.03s, 243341 steps).

File "/tmp/.pycsl_nir7mh9f.mlw", line 2444, characters 15-38:
Sub-goal postcondition of goal _parser__statement'vc.
Prover result is: Valid (0.01s, 11312 steps).

File "/tmp/.pycsl_nir7mh9f.mlw", line 2495, characters 41-68:
Sub-goal precondition of goal _parser__statement'vc.
Prover result is: Valid (0.01s, 10378 steps).

File "/tmp/.pycsl_nir7mh9f.mlw", line 2442, characters 15-19:
Sub-goal postcondition of goal _parser__statement'vc.
Prover result is: Valid (0.01s, 11274 steps).

File "/tmp/.pycsl_nir7mh9f.mlw", line 2443, characters 15-39:
Sub-goal postcondition of goal _parser__statement'vc.
Prover result is: Valid (0.01s, 11279 steps).

File "/tmp/.pycsl_nir7mh9f.mlw", line 2444, characters 15-38:
Sub-goal postcondition of goal _parser__statement'vc.
Prover result is: Valid (0.01s, 11284 steps).

File "/tmp/.pycsl_nir7mh9f.mlw", line 2508, characters 21-40:
Sub-goal precondition of goal _parser__block'vc.
Prover result is: Valid (0.00s, 5295 steps).

File "/tmp/.pycsl_nir7mh9f.mlw", line 2509, characters 14-37:
Sub-goal precondition of goal _parser__block'vc.
Prover result is: Valid (0.00s, 5477 steps).

File "/tmp/.pycsl_nir7mh9f.mlw", line 2510, characters 23-42:
Sub-goal precondition of goal _parser__block'vc.
Prover result is: Valid (0.00s, 5563 steps).

File "/tmp/.pycsl_nir7mh9f.mlw", line 2511, characters 64-70:
Sub-goal unreachable point of goal _parser__block'vc.
Prover result is: Valid (0.00s, 3242 steps).

File "/tmp/.pycsl_nir7mh9f.mlw", line 2513, characters 14-37:
Sub-goal precondition of goal _parser__block'vc.
Prover result is: Valid (0.00s, 5576 steps).

File "/tmp/.pycsl_nir7mh9f.mlw", line 2519, characters 20-74:
Sub-goal loop invariant init of goal _parser__block'vc.
Prover result is: Valid (0.01s, 55491 steps).

File "/tmp/.pycsl_nir7mh9f.mlw", line 2520, characters 20-36:
Sub-goal loop invariant init of goal _parser__block'vc.
Prover result is: Valid (0.01s, 14948 steps).

File "/tmp/.pycsl_nir7mh9f.mlw", line 2518, characters 26-45:
Sub-goal type invariant of goal _parser__block'vc.
Prover result is: Valid (0.00s, 5686 steps).

File "/tmp/.pycsl_nir7mh9f.mlw", line 2518, characters 26-45:
Sub-goal type invariant of goal _parser__block'vc.
Prover result is: Valid (0.00s, 5691 steps).

File "/tmp/.pycsl_nir7mh9f.mlw", line 2518, characters 26-45:
Sub-goal type invariant of goal _parser__block'vc.
Prover result is: Valid (0.01s, 58826 steps).

File "/tmp/.pycsl_nir7mh9f.mlw", line 2518, characters 26-45:
Sub-goal type invariant of goal _parser__block'vc.
Prover result is: Valid (0.01s, 59679 steps).

File "/tmp/.pycsl_nir7mh9f.mlw", line 2518, characters 26-45:
Sub-goal precondition of goal _parser__block'vc.
Prover result is: Valid (0.01s, 5701 steps).

File "/tmp/.pycsl_nir7mh9f.mlw", line 2523, characters 25-44:
Sub-goal precondition of goal _parser__block'vc.
Prover result is: Valid (0.00s, 5722 steps).

File "/tmp/.pycsl_nir7mh9f.mlw", line 2524, characters 18-41:
Sub-goal precondition of goal _parser__block'vc.
Prover result is: Valid (0.00s, 5731 steps).

File "/tmp/.pycsl_nir7mh9f.mlw", line 2521, characters 18-53:
Sub-goal loop variant decrease of goal _parser__block'vc.
Prover result is: Valid (0.01s, 64220 steps).

File "/tmp/.pycsl_nir7mh9f.mlw", line 2519, characters 20-74:
Sub-goal loop invariant preservation of goal _parser__block'vc.
Prover result is: Valid (0.01s, 64160 steps).

File "/tmp/.pycsl_nir7mh9f.mlw", line 2520, characters 20-36:
Sub-goal loop invariant preservation of goal _parser__block'vc.
Prover result is: Valid (0.02s, 62440 steps).

File "/tmp/.pycsl_nir7mh9f.mlw", line 2527, characters 25-44:
Sub-goal precondition of goal _parser__block'vc.
Prover result is: Valid (0.00s, 5735 steps).

File "/tmp/.pycsl_nir7mh9f.mlw", line 2534, characters 23-42:
Sub-goal precondition of goal _parser__block'vc.
Prover result is: Valid (0.00s, 5740 steps).

File "/tmp/.pycsl_nir7mh9f.mlw", line 2535, characters 16-39:
Sub-goal precondition of goal _parser__block'vc.
Prover result is: Valid (0.00s, 5745 steps).

File "/tmp/.pycsl_nir7mh9f.mlw", line 2502, characters 15-19:
Sub-goal postcondition of goal _parser__block'vc.
Prover result is: Valid (0.00s, 6269 steps).

File "/tmp/.pycsl_nir7mh9f.mlw", line 2503, characters 15-39:
Sub-goal postcondition of goal _parser__block'vc.
Prover result is: Valid (0.01s, 6274 steps).

File "/tmp/.pycsl_nir7mh9f.mlw", line 2502, characters 15-19:
Sub-goal postcondition of goal _parser__block'vc.
Prover result is: Valid (0.01s, 6206 steps).

File "/tmp/.pycsl_nir7mh9f.mlw", line 2503, characters 15-39:
Sub-goal postcondition of goal _parser__block'vc.
Prover result is: Valid (0.02s, 65094 steps).

File "/tmp/.pycsl_nir7mh9f.mlw", line 2530, characters 41-66:
Sub-goal variant decrease of goal _parser__block'vc.
Prover result is: Valid (0.01s, 62835 steps).

File "/tmp/.pycsl_nir7mh9f.mlw", line 2530, characters 41-66:
Sub-goal precondition of goal _parser__block'vc.
Prover result is: Valid (0.01s, 5744 steps).

File "/tmp/.pycsl_nir7mh9f.mlw", line 2521, characters 18-53:
Sub-goal loop variant decrease of goal _parser__block'vc.
Prover result is: Valid (0.01s, 71030 steps).

File "/tmp/.pycsl_nir7mh9f.mlw", line 2519, characters 20-74:
Sub-goal loop invariant preservation of goal _parser__block'vc.
Prover result is: Valid (0.02s, 73601 steps).

File "/tmp/.pycsl_nir7mh9f.mlw", line 2520, characters 20-36:
Sub-goal loop invariant preservation of goal _parser__block'vc.
Prover result is: Valid (0.02s, 71190 steps).

File "/tmp/.pycsl_nir7mh9f.mlw", line 2534, characters 23-42:
Sub-goal precondition of goal _parser__block'vc.
Prover result is: Valid (0.00s, 5718 steps).

File "/tmp/.pycsl_nir7mh9f.mlw", line 2535, characters 16-39:
Sub-goal precondition of goal _parser__block'vc.
Prover result is: Valid (0.00s, 5731 steps).

File "/tmp/.pycsl_nir7mh9f.mlw", line 2502, characters 15-19:
Sub-goal postcondition of goal _parser__block'vc.
Prover result is: Valid (0.01s, 6255 steps).

File "/tmp/.pycsl_nir7mh9f.mlw", line 2503, characters 15-39:
Sub-goal postcondition of goal _parser__block'vc.
Prover result is: Valid (0.01s, 60858 steps).

File "/tmp/.pycsl_nir7mh9f.mlw", line 2502, characters 15-19:
Sub-goal postcondition of goal _parser__block'vc.
Prover result is: Valid (0.01s, 6192 steps).

File "/tmp/.pycsl_nir7mh9f.mlw", line 2503, characters 15-39:
Sub-goal postcondition of goal _parser__block'vc.
Prover result is: Valid (0.00s, 6197 steps).

File "/tmp/.pycsl_nir7mh9f.mlw", line 2539, characters 37-64:
Sub-goal precondition of goal _parser__block'vc.
Prover result is: Valid (0.01s, 5481 steps).

File "/tmp/.pycsl_nir7mh9f.mlw", line 2502, characters 15-19:
Sub-goal postcondition of goal _parser__block'vc.
Prover result is: Valid (0.00s, 6043 steps).

File "/tmp/.pycsl_nir7mh9f.mlw", line 2503, characters 15-39:
Sub-goal postcondition of goal _parser__block'vc.
Prover result is: Valid (0.00s, 6048 steps).

File "/tmp/.pycsl_nir7mh9f.mlw", line 2550, characters 8-71:
Sub-goal precondition of goal _parser___else_block'vc.
Prover result is: Valid (0.01s, 6271 steps).

File "/tmp/.pycsl_nir7mh9f.mlw", line 2551, characters 14-37:
Sub-goal precondition of goal _parser___else_block'vc.
Prover result is: Valid (0.00s, 6472 steps).

File "/tmp/.pycsl_nir7mh9f.mlw", line 2552, characters 14-43:
Sub-goal precondition of goal _parser___else_block'vc.
Prover result is: Valid (0.01s, 6558 steps).

File "/tmp/.pycsl_nir7mh9f.mlw", line 2553, characters 37-58:
Sub-goal variant decrease of goal _parser___else_block'vc.
Prover result is: Valid (0.02s, 78188 steps).

File "/tmp/.pycsl_nir7mh9f.mlw", line 2553, characters 37-58:
Sub-goal precondition of goal _parser___else_block'vc.
Prover result is: Valid (0.01s, 6592 steps).

File "/tmp/.pycsl_nir7mh9f.mlw", line 2544, characters 15-19:
Sub-goal postcondition of goal _parser___else_block'vc.
Prover result is: Valid (0.01s, 7477 steps).

File "/tmp/.pycsl_nir7mh9f.mlw", line 2545, characters 15-39:
Sub-goal postcondition of goal _parser___else_block'vc.
Prover result is: Valid (0.02s, 87975 steps).

File "/tmp/.pycsl_nir7mh9f.mlw", line 2544, characters 15-19:
Sub-goal postcondition of goal _parser___else_block'vc.
Prover result is: Valid (0.00s, 7260 steps).

File "/tmp/.pycsl_nir7mh9f.mlw", line 2545, characters 15-39:
Sub-goal postcondition of goal _parser___else_block'vc.
Prover result is: Valid (0.01s, 7265 steps).

File "/tmp/.pycsl_nir7mh9f.mlw", line 2559, characters 23-67:
Sub-goal goal of goal _parser__try_stmt__union_arm_Arm_12_0_inj.
Prover result is: Valid (0.00s, 5290 steps).

File "/tmp/.pycsl_nir7mh9f.mlw", line 2561, characters 63-68:
Sub-goal goal of goal _parser__try_stmt__union_arm_Arm_12_0_proj.
Prover result is: Valid (0.00s, 5285 steps).

File "/tmp/.pycsl_nir7mh9f.mlw", line 2563, characters 22-66:
Sub-goal goal of goal _parser__try_stmt__union_arm_Arm_13_0_inj.
Prover result is: Valid (0.01s, 5290 steps).

File "/tmp/.pycsl_nir7mh9f.mlw", line 2565, characters 63-68:
Sub-goal goal of goal _parser__try_stmt__union_arm_Arm_13_0_proj.
Prover result is: Valid (0.00s, 5285 steps).

File "/tmp/.pycsl_nir7mh9f.mlw", line 2567, characters 23-69:
Sub-goal goal of goal _parser__case_block__union_arm_Arm_10_0_inj.
Prover result is: Valid (0.01s, 5290 steps).

File "/tmp/.pycsl_nir7mh9f.mlw", line 2569, characters 65-70:
Sub-goal goal of goal _parser__case_block__union_arm_Arm_10_0_proj.
Prover result is: Valid (0.00s, 5285 steps).

File "/tmp/.pycsl_nir7mh9f.mlw", line 2571, characters 23-66:
Sub-goal goal of goal _parser__funcdef__union_arm_Arm_14_0_inj.
Prover result is: Valid (0.01s, 5290 steps).

File "/tmp/.pycsl_nir7mh9f.mlw", line 2573, characters 62-67:
Sub-goal goal of goal _parser__funcdef__union_arm_Arm_14_0_proj.
Prover result is: Valid (0.00s, 5285 steps).

File "/tmp/.pycsl_nir7mh9f.mlw", line 2585, characters 15-19:
Sub-goal postcondition of goal _parser___fin_pos'vc.
Prover result is: Valid (0.00s, 5295 steps).

File "/tmp/.pycsl_nir7mh9f.mlw", line 2608, characters 9-28:
Sub-goal precondition of goal _parser__testlist_for_fstring'vc.
Prover result is: Valid (0.00s, 5295 steps).

File "/tmp/.pycsl_nir7mh9f.mlw", line 2609, characters 13-43:
Sub-goal precondition of goal _parser__testlist_for_fstring'vc.
Prover result is: Valid (0.00s, 5473 steps).

File "/tmp/.pycsl_nir7mh9f.mlw", line 2610, characters 13-73:
Sub-goal precondition of goal _parser__testlist_for_fstring'vc.
Prover result is: Valid (0.00s, 6476 steps).

File "/tmp/.pycsl_nir7mh9f.mlw", line 2600, characters 15-19:
Sub-goal postcondition of goal _parser__testlist_for_fstring'vc.
Prover result is: Valid (0.00s, 6477 steps).

File "/tmp/.pycsl_nir7mh9f.mlw", line 2601, characters 15-39:
Sub-goal postcondition of goal _parser__testlist_for_fstring'vc.
Prover result is: Valid (0.01s, 6482 steps).

File "/tmp/.pycsl_nir7mh9f.mlw", line 2618, characters 20-74:
Sub-goal loop invariant init of goal _parser__testlist_for_fstring'vc.
Prover result is: Valid (0.02s, 87041 steps).

File "/tmp/.pycsl_nir7mh9f.mlw", line 2619, characters 20-35:
Sub-goal loop invariant init of goal _parser__testlist_for_fstring'vc.
Prover result is: Valid (0.01s, 26573 steps).

File "/tmp/.pycsl_nir7mh9f.mlw", line 2617, characters 19-48:
Sub-goal type invariant of goal _parser__testlist_for_fstring'vc.
Prover result is: Valid (0.01s, 7146 steps).

File "/tmp/.pycsl_nir7mh9f.mlw", line 2617, characters 19-48:
Sub-goal type invariant of goal _parser__testlist_for_fstring'vc.
Prover result is: Valid (0.01s, 7153 steps).

File "/tmp/.pycsl_nir7mh9f.mlw", line 2617, characters 19-48:
Sub-goal type invariant of goal _parser__testlist_for_fstring'vc.
Prover result is: Valid (0.02s, 85403 steps).

File "/tmp/.pycsl_nir7mh9f.mlw", line 2617, characters 19-48:
Sub-goal type invariant of goal _parser__testlist_for_fstring'vc.
Prover result is: Valid (0.02s, 86473 steps).

File "/tmp/.pycsl_nir7mh9f.mlw", line 2617, characters 19-48:
Sub-goal precondition of goal _parser__testlist_for_fstring'vc.
Prover result is: Valid (0.00s, 7161 steps).

File "/tmp/.pycsl_nir7mh9f.mlw", line 2621, characters 27-87:
Sub-goal precondition of goal _parser__testlist_for_fstring'vc.
Prover result is: Valid (0.00s, 7316 steps).

File "/tmp/.pycsl_nir7mh9f.mlw", line 2621, characters 98-158:
Sub-goal precondition of goal _parser__testlist_for_fstring'vc.
Prover result is: Valid (0.00s, 7402 steps).

File "/tmp/.pycsl_nir7mh9f.mlw", line 2621, characters 190-250:
Sub-goal precondition of goal _parser__testlist_for_fstring'vc.
Prover result is: Valid (0.01s, 7602 steps).

File "/tmp/.pycsl_nir7mh9f.mlw", line 2621, characters 282-342:
Sub-goal precondition of goal _parser__testlist_for_fstring'vc.
Prover result is: Valid (0.01s, 7776 steps).

File "/tmp/.pycsl_nir7mh9f.mlw", line 2600, characters 15-19:
Sub-goal postcondition of goal _parser__testlist_for_fstring'vc.
Prover result is: Valid (0.01s, 8071 steps).

File "/tmp/.pycsl_nir7mh9f.mlw", line 2601, characters 15-39:
Sub-goal postcondition of goal _parser__testlist_for_fstring'vc.
Prover result is: Valid (0.02s, 101426 steps).

File "/tmp/.pycsl_nir7mh9f.mlw", line 2624, characters 31-61:
Sub-goal precondition of goal _parser__testlist_for_fstring'vc.
Prover result is: Valid (0.01s, 7874 steps).

File "/tmp/.pycsl_nir7mh9f.mlw", line 2620, characters 18-53:
Sub-goal loop variant decrease of goal _parser__testlist_for_fstring'vc.
Prover result is: Valid (0.03s, 141571 steps).

File "/tmp/.pycsl_nir7mh9f.mlw", line 2618, characters 20-74:
Sub-goal loop invariant preservation of goal _parser__testlist_for_fstring'vc.
Prover result is: Valid (0.02s, 106699 steps).

File "/tmp/.pycsl_nir7mh9f.mlw", line 2619, characters 20-35:
Sub-goal loop invariant preservation of goal _parser__testlist_for_fstring'vc.
Prover result is: Valid (0.02s, 101738 steps).

File "/tmp/.pycsl_nir7mh9f.mlw", line 2600, characters 15-19:
Sub-goal postcondition of goal _parser__testlist_for_fstring'vc.
Prover result is: Valid (0.01s, 7435 steps).

File "/tmp/.pycsl_nir7mh9f.mlw", line 2601, characters 15-39:
Sub-goal postcondition of goal _parser__testlist_for_fstring'vc.
Prover result is: Valid (0.02s, 88840 steps).

File "/tmp/.pycsl_nir7mh9f.mlw", line 2643, characters 9-28:
Sub-goal precondition of goal _parser___fstring_format_spec'vc.
Prover result is: Valid (0.01s, 5295 steps).

File "/tmp/.pycsl_nir7mh9f.mlw", line 2649, characters 18-72:
Sub-goal loop invariant init of goal _parser___fstring_format_spec'vc.
Prover result is: Valid (0.01s, 50616 steps).

File "/tmp/.pycsl_nir7mh9f.mlw", line 2650, characters 18-34:
Sub-goal loop invariant init of goal _parser___fstring_format_spec'vc.
Prover result is: Valid (0.00s, 14387 steps).

File "/tmp/.pycsl_nir7mh9f.mlw", line 2648, characters 21-81:
Sub-goal type invariant of goal _parser___fstring_format_spec'vc.
Prover result is: Valid (0.01s, 6509 steps).

File "/tmp/.pycsl_nir7mh9f.mlw", line 2648, characters 21-81:
Sub-goal type invariant of goal _parser___fstring_format_spec'vc.
Prover result is: Valid (0.01s, 6516 steps).

File "/tmp/.pycsl_nir7mh9f.mlw", line 2648, characters 21-81:
Sub-goal type invariant of goal _parser___fstring_format_spec'vc.
Prover result is: Valid (0.01s, 67060 steps).

File "/tmp/.pycsl_nir7mh9f.mlw", line 2648, characters 21-81:
Sub-goal type invariant of goal _parser___fstring_format_spec'vc.
Prover result is: Valid (0.01s, 67877 steps).

File "/tmp/.pycsl_nir7mh9f.mlw", line 2648, characters 21-81:
Sub-goal precondition of goal _parser___fstring_format_spec'vc.
Prover result is: Valid (0.01s, 6524 steps).

File "/tmp/.pycsl_nir7mh9f.mlw", line 2648, characters 106-125:
Sub-goal precondition of goal _parser___fstring_format_spec'vc.
Prover result is: Valid (0.00s, 6525 steps).

File "/tmp/.pycsl_nir7mh9f.mlw", line 2652, characters 12-31:
Sub-goal precondition of goal _parser___fstring_format_spec'vc.
Prover result is: Valid (0.01s, 6630 steps).

File "/tmp/.pycsl_nir7mh9f.mlw", line 2654, characters 16-39:
Sub-goal precondition of goal _parser___fstring_format_spec'vc.
Prover result is: Valid (0.01s, 6644 steps).

File "/tmp/.pycsl_nir7mh9f.mlw", line 2655, characters 16-65:
Sub-goal precondition of goal _parser___fstring_format_spec'vc.
Prover result is: Valid (0.00s, 6715 steps).

File "/tmp/.pycsl_nir7mh9f.mlw", line 2651, characters 16-51:
Sub-goal loop variant decrease of goal _parser___fstring_format_spec'vc.
Prover result is: Valid (0.02s, 96429 steps).

File "/tmp/.pycsl_nir7mh9f.mlw", line 2649, characters 18-72:
Sub-goal loop invariant preservation of goal _parser___fstring_format_spec'vc.
Prover result is: Valid (0.02s, 96332 steps).

File "/tmp/.pycsl_nir7mh9f.mlw", line 2650, characters 18-34:
Sub-goal loop invariant preservation of goal _parser___fstring_format_spec'vc.
Prover result is: Valid (0.02s, 94082 steps).

File "/tmp/.pycsl_nir7mh9f.mlw", line 2658, characters 12-72:
Sub-goal precondition of goal _parser___fstring_format_spec'vc.
Prover result is: Valid (0.01s, 6735 steps).

File "/tmp/.pycsl_nir7mh9f.mlw", line 2659, characters 47-90:
Sub-goal variant decrease of goal _parser___fstring_format_spec'vc.
Prover result is: Valid (0.02s, 80741 steps).

File "/tmp/.pycsl_nir7mh9f.mlw", line 2659, characters 47-90:
Sub-goal precondition of goal _parser___fstring_format_spec'vc.
Prover result is: Valid (0.00s, 6759 steps).

File "/tmp/.pycsl_nir7mh9f.mlw", line 2651, characters 16-51:
Sub-goal loop variant decrease of goal _parser___fstring_format_spec'vc.
Prover result is: Valid (0.02s, 104301 steps).

File "/tmp/.pycsl_nir7mh9f.mlw", line 2649, characters 18-72:
Sub-goal loop invariant preservation of goal _parser___fstring_format_spec'vc.
Prover result is: Valid (0.02s, 106741 steps).

File "/tmp/.pycsl_nir7mh9f.mlw", line 2650, characters 18-34:
Sub-goal loop invariant preservation of goal _parser___fstring_format_spec'vc.
Prover result is: Valid (0.02s, 104310 steps).

File "/tmp/.pycsl_nir7mh9f.mlw", line 2666, characters 40-94:
Sub-goal precondition of goal _parser___fstring_format_spec'vc.
Prover result is: Valid (0.01s, 7548 steps).

File "/tmp/.pycsl_nir7mh9f.mlw", line 2633, characters 15-19:
Sub-goal postcondition of goal _parser___fstring_format_spec'vc.
Prover result is: Valid (0.01s, 7752 steps).

File "/tmp/.pycsl_nir7mh9f.mlw", line 2634, characters 15-39:
Sub-goal postcondition of goal _parser___fstring_format_spec'vc.
Prover result is: Valid (0.01s, 29606 steps).

File "/tmp/.pycsl_nir7mh9f.mlw", line 2666, characters 40-94:
Sub-goal precondition of goal _parser___fstring_format_spec'vc.
Prover result is: Valid (0.00s, 7419 steps).

File "/tmp/.pycsl_nir7mh9f.mlw", line 2633, characters 15-19:
Sub-goal postcondition of goal _parser___fstring_format_spec'vc.
Prover result is: Valid (0.00s, 7623 steps).

File "/tmp/.pycsl_nir7mh9f.mlw", line 2634, characters 15-39:
Sub-goal postcondition of goal _parser___fstring_format_spec'vc.
Prover result is: Valid (0.01s, 32365 steps).

File "/tmp/.pycsl_nir7mh9f.mlw", line 2698, characters 10-33:
Sub-goal precondition of goal _parser___fstring_replacement'vc.
Prover result is: Valid (0.01s, 5295 steps).

File "/tmp/.pycsl_nir7mh9f.mlw", line 2699, characters 12-48:
Sub-goal precondition of goal _parser___fstring_replacement'vc.
Prover result is: Valid (0.00s, 5470 steps).

File "/tmp/.pycsl_nir7mh9f.mlw", line 2702, characters 8-68:
Sub-goal precondition of goal _parser___fstring_replacement'vc.
Prover result is: Valid (0.00s, 6483 steps).

File "/tmp/.pycsl_nir7mh9f.mlw", line 2703, characters 12-35:
Sub-goal precondition of goal _parser___fstring_replacement'vc.
Prover result is: Valid (0.00s, 6597 steps).

File "/tmp/.pycsl_nir7mh9f.mlw", line 2705, characters 82-101:
Sub-goal precondition of goal _parser___fstring_replacement'vc.
Prover result is: Valid (0.01s, 6671 steps).

File "/tmp/.pycsl_nir7mh9f.mlw", line 2705, characters 29-123:
Sub-goal precondition of goal _parser___fstring_replacement'vc.
Prover result is: Valid (0.00s, 6671 steps).

File "/tmp/.pycsl_nir7mh9f.mlw", line 2708, characters 8-68:
Sub-goal precondition of goal _parser___fstring_replacement'vc.
Prover result is: Valid (0.01s, 6776 steps).

File "/tmp/.pycsl_nir7mh9f.mlw", line 2709, characters 14-37:
Sub-goal precondition of goal _parser___fstring_replacement'vc.
Prover result is: Valid (0.00s, 6808 steps).

File "/tmp/.pycsl_nir7mh9f.mlw", line 2710, characters 32-51:
Sub-goal precondition of goal _parser___fstring_replacement'vc.
Prover result is: Valid (0.01s, 6875 steps).

File "/tmp/.pycsl_nir7mh9f.mlw", line 2710, characters 82-107:
Sub-goal precondition of goal _parser___fstring_replacement'vc.
Prover result is: Valid (0.00s, 6888 steps).

File "/tmp/.pycsl_nir7mh9f.mlw", line 2714, characters 8-68:
Sub-goal precondition of goal _parser___fstring_replacement'vc.
Prover result is: Valid (0.00s, 7052 steps).

File "/tmp/.pycsl_nir7mh9f.mlw", line 2715, characters 14-37:
Sub-goal precondition of goal _parser___fstring_replacement'vc.
Prover result is: Valid (0.00s, 7086 steps).

File "/tmp/.pycsl_nir7mh9f.mlw", line 2716, characters 30-73:
Sub-goal variant decrease of goal _parser___fstring_replacement'vc.
Prover result is: Valid (0.02s, 88273 steps).

File "/tmp/.pycsl_nir7mh9f.mlw", line 2716, characters 30-73:
Sub-goal precondition of goal _parser___fstring_replacement'vc.
Prover result is: Valid (0.01s, 7153 steps).

File "/tmp/.pycsl_nir7mh9f.mlw", line 2718, characters 21-50:
Sub-goal precondition of goal _parser___fstring_replacement'vc.
Prover result is: Valid (0.00s, 7189 steps).

File "/tmp/.pycsl_nir7mh9f.mlw", line 2681, characters 15-19:
Sub-goal postcondition of goal _parser___fstring_replacement'vc.
Prover result is: Valid (0.00s, 9039 steps).

File "/tmp/.pycsl_nir7mh9f.mlw", line 2682, characters 15-38:
Sub-goal postcondition of goal _parser___fstring_replacement'vc.
Prover result is: Valid (0.01s, 35049 steps).

File "/tmp/.pycsl_nir7mh9f.mlw", line 2681, characters 15-19:
Sub-goal postcondition of goal _parser___fstring_replacement'vc.
Prover result is: Valid (0.00s, 8895 steps).

File "/tmp/.pycsl_nir7mh9f.mlw", line 2682, characters 15-38:
Sub-goal postcondition of goal _parser___fstring_replacement'vc.
Prover result is: Valid (0.01s, 34216 steps).

File "/tmp/.pycsl_nir7mh9f.mlw", line 2681, characters 15-19:
Sub-goal postcondition of goal _parser___fstring_replacement'vc.
Prover result is: Valid (0.01s, 9032 steps).

File "/tmp/.pycsl_nir7mh9f.mlw", line 2682, characters 15-38:
Sub-goal postcondition of goal _parser___fstring_replacement'vc.
Prover result is: Valid (0.02s, 108043 steps).

File "/tmp/.pycsl_nir7mh9f.mlw", line 2681, characters 15-19:
Sub-goal postcondition of goal _parser___fstring_replacement'vc.
Prover result is: Valid (0.00s, 8888 steps).

File "/tmp/.pycsl_nir7mh9f.mlw", line 2682, characters 15-38:
Sub-goal postcondition of goal _parser___fstring_replacement'vc.
Prover result is: Valid (0.01s, 34184 steps).

File "/tmp/.pycsl_nir7mh9f.mlw", line 2718, characters 21-50:
Sub-goal precondition of goal _parser___fstring_replacement'vc.
Prover result is: Valid (0.01s, 7084 steps).

File "/tmp/.pycsl_nir7mh9f.mlw", line 2681, characters 15-19:
Sub-goal postcondition of goal _parser___fstring_replacement'vc.
Prover result is: Valid (0.01s, 8932 steps).

File "/tmp/.pycsl_nir7mh9f.mlw", line 2682, characters 15-38:
Sub-goal postcondition of goal _parser___fstring_replacement'vc.
Prover result is: Valid (0.00s, 22950 steps).

File "/tmp/.pycsl_nir7mh9f.mlw", line 2681, characters 15-19:
Sub-goal postcondition of goal _parser___fstring_replacement'vc.
Prover result is: Valid (0.01s, 8788 steps).

File "/tmp/.pycsl_nir7mh9f.mlw", line 2682, characters 15-38:
Sub-goal postcondition of goal _parser___fstring_replacement'vc.
Prover result is: Valid (0.01s, 22479 steps).

File "/tmp/.pycsl_nir7mh9f.mlw", line 2681, characters 15-19:
Sub-goal postcondition of goal _parser___fstring_replacement'vc.
Prover result is: Valid (0.00s, 8925 steps).

File "/tmp/.pycsl_nir7mh9f.mlw", line 2682, characters 15-38:
Sub-goal postcondition of goal _parser___fstring_replacement'vc.
Prover result is: Valid (0.02s, 106502 steps).

File "/tmp/.pycsl_nir7mh9f.mlw", line 2681, characters 15-19:
Sub-goal postcondition of goal _parser___fstring_replacement'vc.
Prover result is: Valid (0.01s, 8781 steps).

File "/tmp/.pycsl_nir7mh9f.mlw", line 2682, characters 15-38:
Sub-goal postcondition of goal _parser___fstring_replacement'vc.
Prover result is: Valid (0.01s, 33493 steps).

File "/tmp/.pycsl_nir7mh9f.mlw", line 2710, characters 126-149:
Sub-goal precondition of goal _parser___fstring_replacement'vc.
Prover result is: Valid (0.00s, 6892 steps).

File "/tmp/.pycsl_nir7mh9f.mlw", line 2714, characters 8-68:
Sub-goal precondition of goal _parser___fstring_replacement'vc.
Prover result is: Valid (0.01s, 7093 steps).

File "/tmp/.pycsl_nir7mh9f.mlw", line 2715, characters 14-37:
Sub-goal precondition of goal _parser___fstring_replacement'vc.
Prover result is: Valid (0.00s, 7125 steps).

File "/tmp/.pycsl_nir7mh9f.mlw", line 2716, characters 30-73:
Sub-goal variant decrease of goal _parser___fstring_replacement'vc.
Prover result is: Valid (0.02s, 106349 steps).

File "/tmp/.pycsl_nir7mh9f.mlw", line 2716, characters 30-73:
Sub-goal precondition of goal _parser___fstring_replacement'vc.
Prover result is: Valid (0.01s, 7192 steps).

File "/tmp/.pycsl_nir7mh9f.mlw", line 2718, characters 21-50:
Sub-goal precondition of goal _parser___fstring_replacement'vc.
Prover result is: Valid (0.01s, 7228 steps).

File "/tmp/.pycsl_nir7mh9f.mlw", line 2681, characters 15-19:
Sub-goal postcondition of goal _parser___fstring_replacement'vc.
Prover result is: Valid (0.00s, 9078 steps).

File "/tmp/.pycsl_nir7mh9f.mlw", line 2682, characters 15-38:
Sub-goal postcondition of goal _parser___fstring_replacement'vc.
Prover result is: Valid (0.01s, 35250 steps).

File "/tmp/.pycsl_nir7mh9f.mlw", line 2681, characters 15-19:
Sub-goal postcondition of goal _parser___fstring_replacement'vc.
Prover result is: Valid (0.00s, 8934 steps).

File "/tmp/.pycsl_nir7mh9f.mlw", line 2682, characters 15-38:
Sub-goal postcondition of goal _parser___fstring_replacement'vc.
Prover result is: Valid (0.01s, 34417 steps).

File "/tmp/.pycsl_nir7mh9f.mlw", line 2681, characters 15-19:
Sub-goal postcondition of goal _parser___fstring_replacement'vc.
Prover result is: Valid (0.01s, 9071 steps).

File "/tmp/.pycsl_nir7mh9f.mlw", line 2682, characters 15-38:
Sub-goal postcondition of goal _parser___fstring_replacement'vc.
Prover result is: Valid (0.02s, 108477 steps).

File "/tmp/.pycsl_nir7mh9f.mlw", line 2681, characters 15-19:
Sub-goal postcondition of goal _parser___fstring_replacement'vc.
Prover result is: Valid (0.01s, 8927 steps).

File "/tmp/.pycsl_nir7mh9f.mlw", line 2682, characters 15-38:
Sub-goal postcondition of goal _parser___fstring_replacement'vc.
Prover result is: Valid (0.01s, 34385 steps).

File "/tmp/.pycsl_nir7mh9f.mlw", line 2718, characters 21-50:
Sub-goal precondition of goal _parser___fstring_replacement'vc.
Prover result is: Valid (0.01s, 7123 steps).

File "/tmp/.pycsl_nir7mh9f.mlw", line 2681, characters 15-19:
Sub-goal postcondition of goal _parser___fstring_replacement'vc.
Prover result is: Valid (0.00s, 8971 steps).

File "/tmp/.pycsl_nir7mh9f.mlw", line 2682, characters 15-38:
Sub-goal postcondition of goal _parser___fstring_replacement'vc.
Prover result is: Valid (0.01s, 23079 steps).

File "/tmp/.pycsl_nir7mh9f.mlw", line 2681, characters 15-19:
Sub-goal postcondition of goal _parser___fstring_replacement'vc.
Prover result is: Valid (0.01s, 8827 steps).

File "/tmp/.pycsl_nir7mh9f.mlw", line 2682, characters 15-38:
Sub-goal postcondition of goal _parser___fstring_replacement'vc.
Prover result is: Valid (0.01s, 22608 steps).

File "/tmp/.pycsl_nir7mh9f.mlw", line 2681, characters 15-19:
Sub-goal postcondition of goal _parser___fstring_replacement'vc.
Prover result is: Valid (0.01s, 8964 steps).

File "/tmp/.pycsl_nir7mh9f.mlw", line 2682, characters 15-38:
Sub-goal postcondition of goal _parser___fstring_replacement'vc.
Prover result is: Valid (0.02s, 106848 steps).

File "/tmp/.pycsl_nir7mh9f.mlw", line 2681, characters 15-19:
Sub-goal postcondition of goal _parser___fstring_replacement'vc.
Prover result is: Valid (0.00s, 8820 steps).

File "/tmp/.pycsl_nir7mh9f.mlw", line 2682, characters 15-38:
Sub-goal postcondition of goal _parser___fstring_replacement'vc.
Prover result is: Valid (0.01s, 33694 steps).

File "/tmp/.pycsl_nir7mh9f.mlw", line 2714, characters 8-68:
Sub-goal precondition of goal _parser___fstring_replacement'vc.
Prover result is: Valid (0.01s, 6896 steps).

File "/tmp/.pycsl_nir7mh9f.mlw", line 2715, characters 14-37:
Sub-goal precondition of goal _parser___fstring_replacement'vc.
Prover result is: Valid (0.00s, 6922 steps).

File "/tmp/.pycsl_nir7mh9f.mlw", line 2716, characters 30-73:
Sub-goal variant decrease of goal _parser___fstring_replacement'vc.
Prover result is: Valid (0.02s, 96040 steps).

File "/tmp/.pycsl_nir7mh9f.mlw", line 2716, characters 30-73:
Sub-goal precondition of goal _parser___fstring_replacement'vc.
Prover result is: Valid (0.01s, 6989 steps).

File "/tmp/.pycsl_nir7mh9f.mlw", line 2718, characters 21-50:
Sub-goal precondition of goal _parser___fstring_replacement'vc.
Prover result is: Valid (0.01s, 7025 steps).

File "/tmp/.pycsl_nir7mh9f.mlw", line 2681, characters 15-19:
Sub-goal postcondition of goal _parser___fstring_replacement'vc.
Prover result is: Valid (0.01s, 8877 steps).

File "/tmp/.pycsl_nir7mh9f.mlw", line 2682, characters 15-38:
Sub-goal postcondition of goal _parser___fstring_replacement'vc.
Prover result is: Valid (0.01s, 33802 steps).

File "/tmp/.pycsl_nir7mh9f.mlw", line 2681, characters 15-19:
Sub-goal postcondition of goal _parser___fstring_replacement'vc.
Prover result is: Valid (0.01s, 8733 steps).

File "/tmp/.pycsl_nir7mh9f.mlw", line 2682, characters 15-38:
Sub-goal postcondition of goal _parser___fstring_replacement'vc.
Prover result is: Valid (0.01s, 33215 steps).

File "/tmp/.pycsl_nir7mh9f.mlw", line 2681, characters 15-19:
Sub-goal postcondition of goal _parser___fstring_replacement'vc.
Prover result is: Valid (0.01s, 8870 steps).

File "/tmp/.pycsl_nir7mh9f.mlw", line 2682, characters 15-38:
Sub-goal postcondition of goal _parser___fstring_replacement'vc.
Prover result is: Valid (0.02s, 105664 steps).

File "/tmp/.pycsl_nir7mh9f.mlw", line 2681, characters 15-19:
Sub-goal postcondition of goal _parser___fstring_replacement'vc.
Prover result is: Valid (0.01s, 8726 steps).

File "/tmp/.pycsl_nir7mh9f.mlw", line 2682, characters 15-38:
Sub-goal postcondition of goal _parser___fstring_replacement'vc.
Prover result is: Valid (0.01s, 33188 steps).

File "/tmp/.pycsl_nir7mh9f.mlw", line 2718, characters 21-50:
Sub-goal precondition of goal _parser___fstring_replacement'vc.
Prover result is: Valid (0.01s, 6920 steps).

File "/tmp/.pycsl_nir7mh9f.mlw", line 2681, characters 15-19:
Sub-goal postcondition of goal _parser___fstring_replacement'vc.
Prover result is: Valid (0.01s, 8770 steps).

File "/tmp/.pycsl_nir7mh9f.mlw", line 2682, characters 15-38:
Sub-goal postcondition of goal _parser___fstring_replacement'vc.
Prover result is: Valid (0.02s, 104062 steps).

File "/tmp/.pycsl_nir7mh9f.mlw", line 2681, characters 15-19:
Sub-goal postcondition of goal _parser___fstring_replacement'vc.
Prover result is: Valid (0.01s, 8626 steps).

File "/tmp/.pycsl_nir7mh9f.mlw", line 2682, characters 15-38:
Sub-goal postcondition of goal _parser___fstring_replacement'vc.
Prover result is: Valid (0.01s, 32581 steps).

File "/tmp/.pycsl_nir7mh9f.mlw", line 2681, characters 15-19:
Sub-goal postcondition of goal _parser___fstring_replacement'vc.
Prover result is: Valid (0.01s, 8763 steps).

File "/tmp/.pycsl_nir7mh9f.mlw", line 2682, characters 15-38:
Sub-goal postcondition of goal _parser___fstring_replacement'vc.
Prover result is: Valid (0.01s, 14858 steps).

File "/tmp/.pycsl_nir7mh9f.mlw", line 2681, characters 15-19:
Sub-goal postcondition of goal _parser___fstring_replacement'vc.
Prover result is: Valid (0.01s, 8619 steps).

File "/tmp/.pycsl_nir7mh9f.mlw", line 2682, characters 15-38:
Sub-goal postcondition of goal _parser___fstring_replacement'vc.
Prover result is: Valid (0.01s, 14637 steps).

File "/tmp/.pycsl_nir7mh9f.mlw", line 2708, characters 8-68:
Sub-goal precondition of goal _parser___fstring_replacement'vc.
Prover result is: Valid (0.00s, 6691 steps).

File "/tmp/.pycsl_nir7mh9f.mlw", line 2709, characters 14-37:
Sub-goal precondition of goal _parser___fstring_replacement'vc.
Prover result is: Valid (0.01s, 6717 steps).

File "/tmp/.pycsl_nir7mh9f.mlw", line 2710, characters 32-51:
Sub-goal precondition of goal _parser___fstring_replacement'vc.
Prover result is: Valid (0.01s, 6786 steps).

File "/tmp/.pycsl_nir7mh9f.mlw", line 2710, characters 82-107:
Sub-goal precondition of goal _parser___fstring_replacement'vc.
Prover result is: Valid (0.01s, 6799 steps).

File "/tmp/.pycsl_nir7mh9f.mlw", line 2714, characters 8-68:
Sub-goal precondition of goal _parser___fstring_replacement'vc.
Prover result is: Valid (0.00s, 6963 steps).

File "/tmp/.pycsl_nir7mh9f.mlw", line 2715, characters 14-37:
Sub-goal precondition of goal _parser___fstring_replacement'vc.
Prover result is: Valid (0.01s, 6997 steps).

File "/tmp/.pycsl_nir7mh9f.mlw", line 2716, characters 30-73:
Sub-goal variant decrease of goal _parser___fstring_replacement'vc.
Prover result is: Valid (0.02s, 86606 steps).

File "/tmp/.pycsl_nir7mh9f.mlw", line 2716, characters 30-73:
Sub-goal precondition of goal _parser___fstring_replacement'vc.
Prover result is: Valid (0.00s, 7064 steps).

File "/tmp/.pycsl_nir7mh9f.mlw", line 2718, characters 21-50:
Sub-goal precondition of goal _parser___fstring_replacement'vc.
Prover result is: Valid (0.01s, 7100 steps).

File "/tmp/.pycsl_nir7mh9f.mlw", line 2681, characters 15-19:
Sub-goal postcondition of goal _parser___fstring_replacement'vc.
Prover result is: Valid (0.01s, 8950 steps).

File "/tmp/.pycsl_nir7mh9f.mlw", line 2682, characters 15-38:
Sub-goal postcondition of goal _parser___fstring_replacement'vc.
Prover result is: Valid (0.01s, 15161 steps).

File "/tmp/.pycsl_nir7mh9f.mlw", line 2681, characters 15-19:
Sub-goal postcondition of goal _parser___fstring_replacement'vc.
Prover result is: Valid (0.00s, 8806 steps).

File "/tmp/.pycsl_nir7mh9f.mlw", line 2682, characters 15-38:
Sub-goal postcondition of goal _parser___fstring_replacement'vc.
Prover result is: Valid (0.01s, 14940 steps).

File "/tmp/.pycsl_nir7mh9f.mlw", line 2681, characters 15-19:
Sub-goal postcondition of goal _parser___fstring_replacement'vc.
Prover result is: Valid (0.01s, 8943 steps).

File "/tmp/.pycsl_nir7mh9f.mlw", line 2682, characters 15-38:
Sub-goal postcondition of goal _parser___fstring_replacement'vc.
Prover result is: Valid (0.01s, 15161 steps).

File "/tmp/.pycsl_nir7mh9f.mlw", line 2681, characters 15-19:
Sub-goal postcondition of goal _parser___fstring_replacement'vc.
Prover result is: Valid (0.01s, 8799 steps).

File "/tmp/.pycsl_nir7mh9f.mlw", line 2682, characters 15-38:
Sub-goal postcondition of goal _parser___fstring_replacement'vc.
Prover result is: Valid (0.02s, 104585 steps).

File "/tmp/.pycsl_nir7mh9f.mlw", line 2718, characters 21-50:
Sub-goal precondition of goal _parser___fstring_replacement'vc.
Prover result is: Valid (0.01s, 6995 steps).

File "/tmp/.pycsl_nir7mh9f.mlw", line 2681, characters 15-19:
Sub-goal postcondition of goal _parser___fstring_replacement'vc.
Prover result is: Valid (0.01s, 8843 steps).

File "/tmp/.pycsl_nir7mh9f.mlw", line 2682, characters 15-38:
Sub-goal postcondition of goal _parser___fstring_replacement'vc.
Prover result is: Valid (0.01s, 14986 steps).

File "/tmp/.pycsl_nir7mh9f.mlw", line 2681, characters 15-19:
Sub-goal postcondition of goal _parser___fstring_replacement'vc.
Prover result is: Valid (0.01s, 8699 steps).

File "/tmp/.pycsl_nir7mh9f.mlw", line 2682, characters 15-38:
Sub-goal postcondition of goal _parser___fstring_replacement'vc.
Prover result is: Valid (0.01s, 14765 steps).

File "/tmp/.pycsl_nir7mh9f.mlw", line 2681, characters 15-19:
Sub-goal postcondition of goal _parser___fstring_replacement'vc.
Prover result is: Valid (0.01s, 8836 steps).

File "/tmp/.pycsl_nir7mh9f.mlw", line 2682, characters 15-38:
Sub-goal postcondition of goal _parser___fstring_replacement'vc.
Prover result is: Valid (0.01s, 14986 steps).

File "/tmp/.pycsl_nir7mh9f.mlw", line 2681, characters 15-19:
Sub-goal postcondition of goal _parser___fstring_replacement'vc.
Prover result is: Valid (0.01s, 8692 steps).

File "/tmp/.pycsl_nir7mh9f.mlw", line 2682, characters 15-38:
Sub-goal postcondition of goal _parser___fstring_replacement'vc.
Prover result is: Valid (0.02s, 103074 steps).

File "/tmp/.pycsl_nir7mh9f.mlw", line 2710, characters 126-149:
Sub-goal precondition of goal _parser___fstring_replacement'vc.
Prover result is: Valid (0.00s, 6803 steps).

File "/tmp/.pycsl_nir7mh9f.mlw", line 2714, characters 8-68:
Sub-goal precondition of goal _parser___fstring_replacement'vc.
Prover result is: Valid (0.01s, 7004 steps).

File "/tmp/.pycsl_nir7mh9f.mlw", line 2715, characters 14-37:
Sub-goal precondition of goal _parser___fstring_replacement'vc.
Prover result is: Valid (0.01s, 7036 steps).

File "/tmp/.pycsl_nir7mh9f.mlw", line 2716, characters 30-73:
Sub-goal variant decrease of goal _parser___fstring_replacement'vc.
Prover result is: Valid (0.02s, 101462 steps).

File "/tmp/.pycsl_nir7mh9f.mlw", line 2716, characters 30-73:
Sub-goal precondition of goal _parser___fstring_replacement'vc.
Prover result is: Valid (0.01s, 7103 steps).

File "/tmp/.pycsl_nir7mh9f.mlw", line 2718, characters 21-50:
Sub-goal precondition of goal _parser___fstring_replacement'vc.
Prover result is: Valid (0.01s, 7139 steps).

File "/tmp/.pycsl_nir7mh9f.mlw", line 2681, characters 15-19:
Sub-goal postcondition of goal _parser___fstring_replacement'vc.
Prover result is: Valid (0.01s, 8989 steps).

File "/tmp/.pycsl_nir7mh9f.mlw", line 2682, characters 15-38:
Sub-goal postcondition of goal _parser___fstring_replacement'vc.
Prover result is: Valid (0.01s, 15224 steps).

File "/tmp/.pycsl_nir7mh9f.mlw", line 2681, characters 15-19:
Sub-goal postcondition of goal _parser___fstring_replacement'vc.
Prover result is: Valid (0.01s, 8845 steps).

File "/tmp/.pycsl_nir7mh9f.mlw", line 2682, characters 15-38:
Sub-goal postcondition of goal _parser___fstring_replacement'vc.
Prover result is: Valid (0.01s, 15003 steps).

File "/tmp/.pycsl_nir7mh9f.mlw", line 2681, characters 15-19:
Sub-goal postcondition of goal _parser___fstring_replacement'vc.
Prover result is: Valid (0.00s, 8982 steps).

File "/tmp/.pycsl_nir7mh9f.mlw", line 2682, characters 15-38:
Sub-goal postcondition of goal _parser___fstring_replacement'vc.
Prover result is: Valid (0.01s, 15224 steps).

File "/tmp/.pycsl_nir7mh9f.mlw", line 2681, characters 15-19:
Sub-goal postcondition of goal _parser___fstring_replacement'vc.
Prover result is: Valid (0.00s, 8838 steps).

File "/tmp/.pycsl_nir7mh9f.mlw", line 2682, characters 15-38:
Sub-goal postcondition of goal _parser___fstring_replacement'vc.
Prover result is: Valid (0.02s, 104990 steps).

File "/tmp/.pycsl_nir7mh9f.mlw", line 2718, characters 21-50:
Sub-goal precondition of goal _parser___fstring_replacement'vc.
Prover result is: Valid (0.01s, 7034 steps).

File "/tmp/.pycsl_nir7mh9f.mlw", line 2681, characters 15-19:
Sub-goal postcondition of goal _parser___fstring_replacement'vc.
Prover result is: Valid (0.00s, 8882 steps).

File "/tmp/.pycsl_nir7mh9f.mlw", line 2682, characters 15-38:
Sub-goal postcondition of goal _parser___fstring_replacement'vc.
Prover result is: Valid (0.01s, 15049 steps).

File "/tmp/.pycsl_nir7mh9f.mlw", line 2681, characters 15-19:
Sub-goal postcondition of goal _parser___fstring_replacement'vc.
Prover result is: Valid (0.00s, 8738 steps).

File "/tmp/.pycsl_nir7mh9f.mlw", line 2682, characters 15-38:
Sub-goal postcondition of goal _parser___fstring_replacement'vc.
Prover result is: Valid (0.01s, 14828 steps).

File "/tmp/.pycsl_nir7mh9f.mlw", line 2681, characters 15-19:
Sub-goal postcondition of goal _parser___fstring_replacement'vc.
Prover result is: Valid (0.01s, 8875 steps).

File "/tmp/.pycsl_nir7mh9f.mlw", line 2682, characters 15-38:
Sub-goal postcondition of goal _parser___fstring_replacement'vc.
Prover result is: Valid (0.01s, 15049 steps).

File "/tmp/.pycsl_nir7mh9f.mlw", line 2681, characters 15-19:
Sub-goal postcondition of goal _parser___fstring_replacement'vc.
Prover result is: Valid (0.01s, 8731 steps).

File "/tmp/.pycsl_nir7mh9f.mlw", line 2682, characters 15-38:
Sub-goal postcondition of goal _parser___fstring_replacement'vc.
Prover result is: Valid (0.02s, 103416 steps).

File "/tmp/.pycsl_nir7mh9f.mlw", line 2714, characters 8-68:
Sub-goal precondition of goal _parser___fstring_replacement'vc.
Prover result is: Valid (0.01s, 6805 steps).

File "/tmp/.pycsl_nir7mh9f.mlw", line 2715, characters 14-37:
Sub-goal precondition of goal _parser___fstring_replacement'vc.
Prover result is: Valid (0.00s, 6825 steps).

File "/tmp/.pycsl_nir7mh9f.mlw", line 2716, characters 30-73:
Sub-goal variant decrease of goal _parser___fstring_replacement'vc.
Prover result is: Valid (0.02s, 91559 steps).

File "/tmp/.pycsl_nir7mh9f.mlw", line 2716, characters 30-73:
Sub-goal precondition of goal _parser___fstring_replacement'vc.
Prover result is: Valid (0.01s, 6894 steps).

File "/tmp/.pycsl_nir7mh9f.mlw", line 2718, characters 21-50:
Sub-goal precondition of goal _parser___fstring_replacement'vc.
Prover result is: Valid (0.00s, 6930 steps).

File "/tmp/.pycsl_nir7mh9f.mlw", line 2681, characters 15-19:
Sub-goal postcondition of goal _parser___fstring_replacement'vc.
Prover result is: Valid (0.01s, 8782 steps).

File "/tmp/.pycsl_nir7mh9f.mlw", line 2682, characters 15-38:
Sub-goal postcondition of goal _parser___fstring_replacement'vc.
Prover result is: Valid (0.01s, 14877 steps).

File "/tmp/.pycsl_nir7mh9f.mlw", line 2681, characters 15-19:
Sub-goal postcondition of goal _parser___fstring_replacement'vc.
Prover result is: Valid (0.01s, 8638 steps).

File "/tmp/.pycsl_nir7mh9f.mlw", line 2682, characters 15-38:
Sub-goal postcondition of goal _parser___fstring_replacement'vc.
Prover result is: Valid (0.00s, 14656 steps).

File "/tmp/.pycsl_nir7mh9f.mlw", line 2681, characters 15-19:
Sub-goal postcondition of goal _parser___fstring_replacement'vc.
Prover result is: Valid (0.01s, 8775 steps).

File "/tmp/.pycsl_nir7mh9f.mlw", line 2682, characters 15-38:
Sub-goal postcondition of goal _parser___fstring_replacement'vc.
Prover result is: Valid (0.01s, 14877 steps).

File "/tmp/.pycsl_nir7mh9f.mlw", line 2681, characters 15-19:
Sub-goal postcondition of goal _parser___fstring_replacement'vc.
Prover result is: Valid (0.00s, 8631 steps).

File "/tmp/.pycsl_nir7mh9f.mlw", line 2682, characters 15-38:
Sub-goal postcondition of goal _parser___fstring_replacement'vc.
Prover result is: Valid (0.02s, 102375 steps).

File "/tmp/.pycsl_nir7mh9f.mlw", line 2718, characters 21-50:
Sub-goal precondition of goal _parser___fstring_replacement'vc.
Prover result is: Valid (0.00s, 6823 steps).

File "/tmp/.pycsl_nir7mh9f.mlw", line 2681, characters 15-19:
Sub-goal postcondition of goal _parser___fstring_replacement'vc.
Prover result is: Valid (0.01s, 8673 steps).

File "/tmp/.pycsl_nir7mh9f.mlw", line 2682, characters 15-38:
Sub-goal postcondition of goal _parser___fstring_replacement'vc.
Prover result is: Valid (0.01s, 14700 steps).

File "/tmp/.pycsl_nir7mh9f.mlw", line 2681, characters 15-19:
Sub-goal postcondition of goal _parser___fstring_replacement'vc.
Prover result is: Valid (0.00s, 8529 steps).

File "/tmp/.pycsl_nir7mh9f.mlw", line 2682, characters 15-38:
Sub-goal postcondition of goal _parser___fstring_replacement'vc.
Prover result is: Valid (0.00s, 14479 steps).

File "/tmp/.pycsl_nir7mh9f.mlw", line 2681, characters 15-19:
Sub-goal postcondition of goal _parser___fstring_replacement'vc.
Prover result is: Valid (0.00s, 8666 steps).

File "/tmp/.pycsl_nir7mh9f.mlw", line 2682, characters 15-38:
Sub-goal postcondition of goal _parser___fstring_replacement'vc.
Prover result is: Valid (0.01s, 14700 steps).

File "/tmp/.pycsl_nir7mh9f.mlw", line 2681, characters 15-19:
Sub-goal postcondition of goal _parser___fstring_replacement'vc.
Prover result is: Valid (0.01s, 8522 steps).

File "/tmp/.pycsl_nir7mh9f.mlw", line 2682, characters 15-38:
Sub-goal postcondition of goal _parser___fstring_replacement'vc.
Prover result is: Valid (0.02s, 97547 steps).

File "/tmp/.pycsl_nir7mh9f.mlw", line 2749, characters 13-36:
Sub-goal precondition of goal _parser___fstring'vc.
Prover result is: Valid (0.00s, 5295 steps).

File "/tmp/.pycsl_nir7mh9f.mlw", line 2750, characters 14-56:
Sub-goal precondition of goal _parser___fstring'vc.
Prover result is: Valid (0.01s, 5470 steps).

File "/tmp/.pycsl_nir7mh9f.mlw", line 2755, characters 18-72:
Sub-goal loop invariant init of goal _parser___fstring'vc.
Prover result is: Valid (0.02s, 53044 steps).

File "/tmp/.pycsl_nir7mh9f.mlw", line 2756, characters 18-34:
Sub-goal loop invariant init of goal _parser___fstring'vc.
Prover result is: Valid (0.01s, 14342 steps).

File "/tmp/.pycsl_nir7mh9f.mlw", line 2754, characters 24-43:
Sub-goal type invariant of goal _parser___fstring'vc.
Prover result is: Valid (0.00s, 5511 steps).

File "/tmp/.pycsl_nir7mh9f.mlw", line 2754, characters 24-43:
Sub-goal type invariant of goal _parser___fstring'vc.
Prover result is: Valid (0.01s, 5516 steps).

File "/tmp/.pycsl_nir7mh9f.mlw", line 2754, characters 24-43:
Sub-goal type invariant of goal _parser___fstring'vc.
Prover result is: Valid (0.01s, 56849 steps).

File "/tmp/.pycsl_nir7mh9f.mlw", line 2754, characters 24-43:
Sub-goal type invariant of goal _parser___fstring'vc.
Prover result is: Valid (0.01s, 58570 steps).

File "/tmp/.pycsl_nir7mh9f.mlw", line 2754, characters 24-43:
Sub-goal precondition of goal _parser___fstring'vc.
Prover result is: Valid (0.01s, 5526 steps).

File "/tmp/.pycsl_nir7mh9f.mlw", line 2758, characters 12-31:
Sub-goal precondition of goal _parser___fstring'vc.
Prover result is: Valid (0.01s, 5627 steps).

File "/tmp/.pycsl_nir7mh9f.mlw", line 2760, characters 16-39:
Sub-goal precondition of goal _parser___fstring'vc.
Prover result is: Valid (0.01s, 5643 steps).

File "/tmp/.pycsl_nir7mh9f.mlw", line 2761, characters 16-66:
Sub-goal precondition of goal _parser___fstring'vc.
Prover result is: Valid (0.01s, 5712 steps).

File "/tmp/.pycsl_nir7mh9f.mlw", line 2757, characters 16-51:
Sub-goal loop variant decrease of goal _parser___fstring'vc.
Prover result is: Valid (0.01s, 67486 steps).

File "/tmp/.pycsl_nir7mh9f.mlw", line 2755, characters 18-72:
Sub-goal loop invariant preservation of goal _parser___fstring'vc.
Prover result is: Valid (0.02s, 67452 steps).

File "/tmp/.pycsl_nir7mh9f.mlw", line 2756, characters 18-34:
Sub-goal loop invariant preservation of goal _parser___fstring'vc.
Prover result is: Valid (0.02s, 65760 steps).

File "/tmp/.pycsl_nir7mh9f.mlw", line 2757, characters 16-51:
Sub-goal loop variant decrease of goal _parser___fstring'vc.
Prover result is: Valid (0.01s, 60624 steps).

File "/tmp/.pycsl_nir7mh9f.mlw", line 2755, characters 18-72:
Sub-goal loop invariant preservation of goal _parser___fstring'vc.
Prover result is: Valid (0.01s, 60570 steps).

File "/tmp/.pycsl_nir7mh9f.mlw", line 2756, characters 18-34:
Sub-goal loop invariant preservation of goal _parser___fstring'vc.
Prover result is: Valid (0.01s, 59343 steps).

File "/tmp/.pycsl_nir7mh9f.mlw", line 2766, characters 12-72:
Sub-goal precondition of goal _parser___fstring'vc.
Prover result is: Valid (0.00s, 6623 steps).

File "/tmp/.pycsl_nir7mh9f.mlw", line 2767, characters 47-91:
Sub-goal precondition of goal _parser___fstring'vc.
Prover result is: Valid (0.01s, 6649 steps).

File "/tmp/.pycsl_nir7mh9f.mlw", line 2757, characters 16-51:
Sub-goal loop variant decrease of goal _parser___fstring'vc.
Prover result is: Valid (0.02s, 103852 steps).

File "/tmp/.pycsl_nir7mh9f.mlw", line 2755, characters 18-72:
Sub-goal loop invariant preservation of goal _parser___fstring'vc.
Prover result is: Valid (0.02s, 106223 steps).

File "/tmp/.pycsl_nir7mh9f.mlw", line 2756, characters 18-34:
Sub-goal loop invariant preservation of goal _parser___fstring'vc.
Prover result is: Valid (0.02s, 103928 steps).

File "/tmp/.pycsl_nir7mh9f.mlw", line 2769, characters 58-64:
Sub-goal unreachable point of goal _parser___fstring'vc.
Prover result is: Valid (0.01s, 3809 steps).

File "/tmp/.pycsl_nir7mh9f.mlw", line 2773, characters 21-44:
Sub-goal precondition of goal _parser___fstring'vc.
Prover result is: Valid (0.01s, 5623 steps).

File "/tmp/.pycsl_nir7mh9f.mlw", line 2774, characters 40-94:
Sub-goal precondition of goal _parser___fstring'vc.
Prover result is: Valid (0.00s, 6149 steps).

File "/tmp/.pycsl_nir7mh9f.mlw", line 2738, characters 15-19:
Sub-goal postcondition of goal _parser___fstring'vc.
Prover result is: Valid (0.01s, 6353 steps).

File "/tmp/.pycsl_nir7mh9f.mlw", line 2739, characters 15-39:
Sub-goal postcondition of goal _parser___fstring'vc.
Prover result is: Valid (0.02s, 61778 steps).

File "/tmp/.pycsl_nir7mh9f.mlw", line 2783, characters 12-37:
Sub-goal precondition of goal _parser___import_as_name'vc.
Prover result is: Valid (0.00s, 5295 steps).

File "/tmp/.pycsl_nir7mh9f.mlw", line 2785, characters 14-44:
Sub-goal precondition of goal _parser___import_as_name'vc.
Prover result is: Valid (0.00s, 5338 steps).

File "/tmp/.pycsl_nir7mh9f.mlw", line 2786, characters 25-50:
Sub-goal precondition of goal _parser___import_as_name'vc.
Prover result is: Valid (0.00s, 5404 steps).

File "/tmp/.pycsl_nir7mh9f.mlw", line 2779, characters 15-39:
Sub-goal postcondition of goal _parser___import_as_name'vc.
Prover result is: Valid (0.01s, 54688 steps).

File "/tmp/.pycsl_nir7mh9f.mlw", line 2779, characters 15-39:
Sub-goal postcondition of goal _parser___import_as_name'vc.
Prover result is: Valid (0.02s, 53439 steps).

File "/tmp/.pycsl_nir7mh9f.mlw", line 2790, characters 22-71:
Sub-goal goal of goal _parser___import_as_name__union_arm_Arm_9_0_inj.
Prover result is: Valid (0.00s, 5290 steps).

File "/tmp/.pycsl_nir7mh9f.mlw", line 2792, characters 68-73:
Sub-goal goal of goal _parser___import_as_name__union_arm_Arm_9_0_proj.
Prover result is: Valid (0.00s, 5285 steps).

File "/tmp/.pycsl_nir7mh9f.mlw", line 2800, characters 30-61:
Sub-goal precondition of goal _parser___import_as_names'vc.
Prover result is: Valid (0.00s, 5295 steps).

File "/tmp/.pycsl_nir7mh9f.mlw", line 2803, characters 18-72:
Sub-goal loop invariant init of goal _parser___import_as_names'vc.
Prover result is: Valid (0.01s, 67649 steps).

File "/tmp/.pycsl_nir7mh9f.mlw", line 2802, characters 17-46:
Sub-goal type invariant of goal _parser___import_as_names'vc.
Prover result is: Valid (0.00s, 6673 steps).

File "/tmp/.pycsl_nir7mh9f.mlw", line 2802, characters 17-46:
Sub-goal type invariant of goal _parser___import_as_names'vc.
Prover result is: Valid (0.00s, 6680 steps).

File "/tmp/.pycsl_nir7mh9f.mlw", line 2802, characters 17-46:
Sub-goal type invariant of goal _parser___import_as_names'vc.
Prover result is: Valid (0.01s, 66584 steps).

File "/tmp/.pycsl_nir7mh9f.mlw", line 2802, characters 17-46:
Sub-goal type invariant of goal _parser___import_as_names'vc.
Prover result is: Valid (0.02s, 68414 steps).

File "/tmp/.pycsl_nir7mh9f.mlw", line 2802, characters 17-46:
Sub-goal precondition of goal _parser___import_as_names'vc.
Prover result is: Valid (0.00s, 6688 steps).

File "/tmp/.pycsl_nir7mh9f.mlw", line 2805, characters 10-70:
Sub-goal precondition of goal _parser___import_as_names'vc.
Prover result is: Valid (0.01s, 7341 steps).

File "/tmp/.pycsl_nir7mh9f.mlw", line 2796, characters 15-19:
Sub-goal postcondition of goal _parser___import_as_names'vc.
Prover result is: Valid (0.01s, 7713 steps).

File "/tmp/.pycsl_nir7mh9f.mlw", line 2808, characters 31-62:
Sub-goal precondition of goal _parser___import_as_names'vc.
Prover result is: Valid (0.00s, 7453 steps).

File "/tmp/.pycsl_nir7mh9f.mlw", line 2804, characters 16-51:
Sub-goal loop variant decrease of goal _parser___import_as_names'vc.
Prover result is: Valid (0.04s, 145449 steps).

File "/tmp/.pycsl_nir7mh9f.mlw", line 2803, characters 18-72:
Sub-goal loop invariant preservation of goal _parser___import_as_names'vc.
Prover result is: Valid (0.02s, 92750 steps).

File "/tmp/.pycsl_nir7mh9f.mlw", line 2796, characters 15-19:
Sub-goal postcondition of goal _parser___import_as_names'vc.
Prover result is: Valid (0.01s, 7025 steps).

File "/tmp/.pycsl_nir7mh9f.mlw", line 2835, characters 12-35:
Sub-goal precondition of goal _parser___sequence_pattern'vc.
Prover result is: Valid (0.00s, 5295 steps).

File "/tmp/.pycsl_nir7mh9f.mlw", line 2842, characters 18-72:
Sub-goal loop invariant init of goal _parser___sequence_pattern'vc.
Prover result is: Valid (0.01s, 53070 steps).

File "/tmp/.pycsl_nir7mh9f.mlw", line 2843, characters 18-34:
Sub-goal loop invariant init of goal _parser___sequence_pattern'vc.
Prover result is: Valid (0.01s, 14366 steps).

File "/tmp/.pycsl_nir7mh9f.mlw", line 2841, characters 16-79:
Sub-goal type invariant of goal _parser___sequence_pattern'vc.
Prover result is: Valid (0.01s, 6492 steps).

File "/tmp/.pycsl_nir7mh9f.mlw", line 2841, characters 16-79:
Sub-goal type invariant of goal _parser___sequence_pattern'vc.
Prover result is: Valid (0.00s, 6497 steps).

File "/tmp/.pycsl_nir7mh9f.mlw", line 2841, characters 16-79:
Sub-goal type invariant of goal _parser___sequence_pattern'vc.
Prover result is: Valid (0.01s, 69522 steps).

File "/tmp/.pycsl_nir7mh9f.mlw", line 2841, characters 16-79:
Sub-goal type invariant of goal _parser___sequence_pattern'vc.
Prover result is: Valid (0.01s, 71440 steps).

File "/tmp/.pycsl_nir7mh9f.mlw", line 2841, characters 16-79:
Sub-goal precondition of goal _parser___sequence_pattern'vc.
Prover result is: Valid (0.01s, 6507 steps).

File "/tmp/.pycsl_nir7mh9f.mlw", line 2846, characters 10-70:
Sub-goal precondition of goal _parser___sequence_pattern'vc.
Prover result is: Valid (0.00s, 6595 steps).

File "/tmp/.pycsl_nir7mh9f.mlw", line 2847, characters 18-41:
Sub-goal precondition of goal _parser___sequence_pattern'vc.
Prover result is: Valid (0.01s, 6711 steps).

File "/tmp/.pycsl_nir7mh9f.mlw", line 2848, characters 14-33:
Sub-goal precondition of goal _parser___sequence_pattern'vc.
Prover result is: Valid (0.01s, 6780 steps).

File "/tmp/.pycsl_nir7mh9f.mlw", line 2850, characters 18-41:
Sub-goal precondition of goal _parser___sequence_pattern'vc.
Prover result is: Valid (0.01s, 10410 steps).

File "/tmp/.pycsl_nir7mh9f.mlw", line 2859, characters 16-45:
Sub-goal precondition of goal _parser___sequence_pattern'vc.
Prover result is: Valid (0.01s, 11829 steps).

File "/tmp/.pycsl_nir7mh9f.mlw", line 2844, characters 16-51:
Sub-goal loop variant decrease of goal _parser___sequence_pattern'vc.
Prover result is: Valid (28.32s, 8847690 steps).

File "/tmp/.pycsl_nir7mh9f.mlw", line 2842, characters 18-72:
Sub-goal loop invariant preservation of goal _parser___sequence_pattern'vc.
Prover result is: Valid (0.19s, 631725 steps).

File "/tmp/.pycsl_nir7mh9f.mlw", line 2843, characters 18-34:
Sub-goal loop invariant preservation of goal _parser___sequence_pattern'vc.
Prover result is: Valid (0.03s, 243134 steps).

File "/tmp/.pycsl_nir7mh9f.mlw", line 2867, characters 21-53:
Sub-goal precondition of goal _parser___sequence_pattern'vc.
Prover result is: Valid (0.01s, 11904 steps).

File "/tmp/.pycsl_nir7mh9f.mlw", line 2824, characters 15-19:
Sub-goal postcondition of goal _parser___sequence_pattern'vc.
Prover result is: Valid (0.01s, 12049 steps).

File "/tmp/.pycsl_nir7mh9f.mlw", line 2825, characters 15-39:
Sub-goal postcondition of goal _parser___sequence_pattern'vc.
Prover result is: Valid (0.03s, 256561 steps).

File "/tmp/.pycsl_nir7mh9f.mlw", line 2824, characters 15-19:
Sub-goal postcondition of goal _parser___sequence_pattern'vc.
Prover result is: Valid (0.01s, 12240 steps).

File "/tmp/.pycsl_nir7mh9f.mlw", line 2825, characters 15-39:
Sub-goal postcondition of goal _parser___sequence_pattern'vc.
Prover result is: Valid (0.04s, 264923 steps).

File "/tmp/.pycsl_nir7mh9f.mlw", line 2853, characters 85-91:
Sub-goal unreachable point of goal _parser___sequence_pattern'vc.
Prover result is: Valid (0.01s, 5700 steps).

File "/tmp/.pycsl_nir7mh9f.mlw", line 2857, characters 31-54:
Sub-goal precondition of goal _parser___sequence_pattern'vc.
Prover result is: Valid (0.01s, 6709 steps).

File "/tmp/.pycsl_nir7mh9f.mlw", line 2859, characters 16-45:
Sub-goal precondition of goal _parser___sequence_pattern'vc.
Prover result is: Valid (0.01s, 8018 steps).

File "/tmp/.pycsl_nir7mh9f.mlw", line 2844, characters 16-51:
Sub-goal loop variant decrease of goal _parser___sequence_pattern'vc.
Prover result is: Valid (0.02s, 105302 steps).

File "/tmp/.pycsl_nir7mh9f.mlw", line 2842, characters 18-72:
Sub-goal loop invariant preservation of goal _parser___sequence_pattern'vc.
Prover result is: Valid (0.02s, 91001 steps).

File "/tmp/.pycsl_nir7mh9f.mlw", line 2843, characters 18-34:
Sub-goal loop invariant preservation of goal _parser___sequence_pattern'vc.
Prover result is: Valid (0.02s, 88394 steps).

File "/tmp/.pycsl_nir7mh9f.mlw", line 2867, characters 21-53:
Sub-goal precondition of goal _parser___sequence_pattern'vc.
Prover result is: Valid (0.01s, 8095 steps).

File "/tmp/.pycsl_nir7mh9f.mlw", line 2824, characters 15-19:
Sub-goal postcondition of goal _parser___sequence_pattern'vc.
Prover result is: Valid (0.01s, 8240 steps).

File "/tmp/.pycsl_nir7mh9f.mlw", line 2825, characters 15-39:
Sub-goal postcondition of goal _parser___sequence_pattern'vc.
Prover result is: Valid (0.02s, 96130 steps).

File "/tmp/.pycsl_nir7mh9f.mlw", line 2824, characters 15-19:
Sub-goal postcondition of goal _parser___sequence_pattern'vc.
Prover result is: Valid (0.01s, 8431 steps).

File "/tmp/.pycsl_nir7mh9f.mlw", line 2825, characters 15-39:
Sub-goal postcondition of goal _parser___sequence_pattern'vc.
Prover result is: Valid (0.02s, 111466 steps).

File "/tmp/.pycsl_nir7mh9f.mlw", line 2867, characters 21-53:
Sub-goal precondition of goal _parser___sequence_pattern'vc.
Prover result is: Valid (0.01s, 6623 steps).

File "/tmp/.pycsl_nir7mh9f.mlw", line 2824, characters 15-19:
Sub-goal postcondition of goal _parser___sequence_pattern'vc.
Prover result is: Valid (0.01s, 7144 steps).

File "/tmp/.pycsl_nir7mh9f.mlw", line 2825, characters 15-39:
Sub-goal postcondition of goal _parser___sequence_pattern'vc.
Prover result is: Valid (0.02s, 90921 steps).

File "/tmp/.pycsl_nir7mh9f.mlw", line 2824, characters 15-19:
Sub-goal postcondition of goal _parser___sequence_pattern'vc.
Prover result is: Valid (0.01s, 7490 steps).

File "/tmp/.pycsl_nir7mh9f.mlw", line 2825, characters 15-39:
Sub-goal postcondition of goal _parser___sequence_pattern'vc.
Prover result is: Valid (0.02s, 95620 steps).

File "/tmp/.pycsl_nir7mh9f.mlw", line 2875, characters 22-75:
Sub-goal goal of goal _parser___sequence_pattern__union_arm_Arm_11_0_inj.
Prover result is: Valid (0.00s, 5290 steps).

File "/tmp/.pycsl_nir7mh9f.mlw", line 2877, characters 72-77:
Sub-goal goal of goal _parser___sequence_pattern__union_arm_Arm_11_0_proj.
Prover result is: Valid (0.01s, 5285 steps).

File "/tmp/.pycsl_nir7mh9f.mlw", line 2884, characters 23-42:
Sub-goal precondition of goal _parser___stmt_end'vc.
Prover result is: Valid (0.01s, 5295 steps).

File "/tmp/.pycsl_nir7mh9f.mlw", line 2884, characters 85-104:
Sub-goal precondition of goal _parser___stmt_end'vc.
Prover result is: Valid (0.01s, 5481 steps).

File "/tmp/.pycsl_nir7mh9f.mlw", line 2884, characters 135-195:
Sub-goal precondition of goal _parser___stmt_end'vc.
Prover result is: Valid (0.01s, 6500 steps).

File "/tmp/.pycsl_nir7mh9f.mlw", line 2881, characters 15-19:
Sub-goal postcondition of goal _parser___stmt_end'vc.
Prover result is: Valid (0.00s, 5517 steps).

File "/tmp/.pycsl_nir7mh9f.mlw", line 2893, characters 9-32:
Sub-goal precondition of goal _parser__assert_stmt'vc.
Prover result is: Valid (0.00s, 5295 steps).

File "/tmp/.pycsl_nir7mh9f.mlw", line 2894, characters 12-32:
Sub-goal precondition of goal _parser__assert_stmt'vc.
Prover result is: Valid (0.01s, 5470 steps).

File "/tmp/.pycsl_nir7mh9f.mlw", line 2896, characters 14-43:
Sub-goal precondition of goal _parser__assert_stmt'vc.
Prover result is: Valid (0.01s, 5497 steps).

File "/tmp/.pycsl_nir7mh9f.mlw", line 2897, characters 22-42:
Sub-goal precondition of goal _parser__assert_stmt'vc.
Prover result is: Valid (0.00s, 5563 steps).

File "/tmp/.pycsl_nir7mh9f.mlw", line 2888, characters 15-19:
Sub-goal postcondition of goal _parser__assert_stmt'vc.
Prover result is: Valid (0.01s, 5874 steps).

File "/tmp/.pycsl_nir7mh9f.mlw", line 2888, characters 15-19:
Sub-goal postcondition of goal _parser__assert_stmt'vc.
Prover result is: Valid (0.00s, 5574 steps).

File "/tmp/.pycsl_nir7mh9f.mlw", line 2901, characters 23-68:
Sub-goal goal of goal _parser__assert_stmt__union_arm_Arm_6_0_inj.
Prover result is: Valid (0.00s, 5290 steps).

File "/tmp/.pycsl_nir7mh9f.mlw", line 2903, characters 64-69:
Sub-goal goal of goal _parser__assert_stmt__union_arm_Arm_6_0_proj.
Prover result is: Valid (0.01s, 5285 steps).

File "/tmp/.pycsl_nir7mh9f.mlw", line 2914, characters 8-68:
Sub-goal precondition of goal _parser__test_or_star'vc.
Prover result is: Valid (0.00s, 6271 steps).

File "/tmp/.pycsl_nir7mh9f.mlw", line 2915, characters 11-34:
Sub-goal precondition of goal _parser__test_or_star'vc.
Prover result is: Valid (0.00s, 6472 steps).

File "/tmp/.pycsl_nir7mh9f.mlw", line 2916, characters 23-43:
Sub-goal precondition of goal _parser__test_or_star'vc.
Prover result is: Valid (0.00s, 6558 steps).

File "/tmp/.pycsl_nir7mh9f.mlw", line 2907, characters 15-19:
Sub-goal postcondition of goal _parser__test_or_star'vc.
Prover result is: Valid (0.00s, 6585 steps).

File "/tmp/.pycsl_nir7mh9f.mlw", line 2908, characters 15-39:
Sub-goal postcondition of goal _parser__test_or_star'vc.
Prover result is: Valid (0.01s, 75839 steps).

File "/tmp/.pycsl_nir7mh9f.mlw", line 2919, characters 28-58:
Sub-goal precondition of goal _parser__test_or_star'vc.
Prover result is: Valid (0.01s, 6470 steps).

File "/tmp/.pycsl_nir7mh9f.mlw", line 2907, characters 15-19:
Sub-goal postcondition of goal _parser__test_or_star'vc.
Prover result is: Valid (0.01s, 6497 steps).

File "/tmp/.pycsl_nir7mh9f.mlw", line 2908, characters 15-39:
Sub-goal postcondition of goal _parser__test_or_star'vc.
Prover result is: Valid (0.00s, 6502 steps).

File "/tmp/.pycsl_nir7mh9f.mlw", line 2939, characters 9-32:
Sub-goal precondition of goal _parser__atom_brace'vc.
Prover result is: Valid (0.01s, 5295 steps).

File "/tmp/.pycsl_nir7mh9f.mlw", line 2940, characters 8-68:
Sub-goal precondition of goal _parser__atom_brace'vc.
Prover result is: Valid (0.00s, 6446 steps).

File "/tmp/.pycsl_nir7mh9f.mlw", line 2941, characters 23-46:
Sub-goal precondition of goal _parser__atom_brace'vc.
Prover result is: Valid (0.00s, 6558 steps).

File "/tmp/.pycsl_nir7mh9f.mlw", line 2925, characters 15-19:
Sub-goal postcondition of goal _parser__atom_brace'vc.
Prover result is: Valid (0.00s, 6627 steps).

File "/tmp/.pycsl_nir7mh9f.mlw", line 2926, characters 15-39:
Sub-goal postcondition of goal _parser__atom_brace'vc.
Prover result is: Valid (0.01s, 76176 steps).

File "/tmp/.pycsl_nir7mh9f.mlw", line 2944, characters 10-71:
Sub-goal precondition of goal _parser__atom_brace'vc.
Prover result is: Valid (0.00s, 6643 steps).

File "/tmp/.pycsl_nir7mh9f.mlw", line 2945, characters 30-61:
Sub-goal precondition of goal _parser__atom_brace'vc.
Prover result is: Valid (0.00s, 6669 steps).

File "/tmp/.pycsl_nir7mh9f.mlw", line 2925, characters 15-19:
Sub-goal postcondition of goal _parser__atom_brace'vc.
Prover result is: Valid (0.00s, 6696 steps).

File "/tmp/.pycsl_nir7mh9f.mlw", line 2926, characters 15-39:
Sub-goal postcondition of goal _parser__atom_brace'vc.
Prover result is: Valid (0.01s, 79001 steps).

File "/tmp/.pycsl_nir7mh9f.mlw", line 2947, characters 17-45:
Sub-goal precondition of goal _parser__atom_brace'vc.
Prover result is: Valid (0.01s, 6667 steps).

File "/tmp/.pycsl_nir7mh9f.mlw", line 2948, characters 12-72:
Sub-goal precondition of goal _parser__atom_brace'vc.
Prover result is: Valid (0.01s, 6779 steps).

File "/tmp/.pycsl_nir7mh9f.mlw", line 2949, characters 18-41:
Sub-goal precondition of goal _parser__atom_brace'vc.
Prover result is: Valid (0.01s, 6813 steps).

File "/tmp/.pycsl_nir7mh9f.mlw", line 2950, characters 22-42:
Sub-goal precondition of goal _parser__atom_brace'vc.
Prover result is: Valid (0.01s, 6882 steps).

File "/tmp/.pycsl_nir7mh9f.mlw", line 2951, characters 19-81:
Sub-goal precondition of goal _parser__atom_brace'vc.
Prover result is: Valid (0.01s, 6994 steps).

File "/tmp/.pycsl_nir7mh9f.mlw", line 2951, characters 97-161:
Sub-goal precondition of goal _parser__atom_brace'vc.
Prover result is: Valid (0.01s, 7080 steps).

File "/tmp/.pycsl_nir7mh9f.mlw", line 2951, characters 195-217:
Sub-goal precondition of goal _parser__atom_brace'vc.
Prover result is: Valid (0.00s, 7118 steps).

File "/tmp/.pycsl_nir7mh9f.mlw", line 2952, characters 37-61:
Sub-goal precondition of goal _parser__atom_brace'vc.
Prover result is: Valid (0.00s, 7262 steps).

File "/tmp/.pycsl_nir7mh9f.mlw", line 2953, characters 29-58:
Sub-goal precondition of goal _parser__atom_brace'vc.
Prover result is: Valid (0.01s, 8089 steps).

File "/tmp/.pycsl_nir7mh9f.mlw", line 2925, characters 15-19:
Sub-goal postcondition of goal _parser__atom_brace'vc.
Prover result is: Valid (0.01s, 8318 steps).

File "/tmp/.pycsl_nir7mh9f.mlw", line 2926, characters 15-39:
Sub-goal postcondition of goal _parser__atom_brace'vc.
Prover result is: Valid (0.02s, 104961 steps).

File "/tmp/.pycsl_nir7mh9f.mlw", line 2962, characters 26-80:
Sub-goal loop invariant init of goal _parser__atom_brace'vc.
Prover result is: Valid (0.02s, 109452 steps).

File "/tmp/.pycsl_nir7mh9f.mlw", line 2963, characters 26-41:
Sub-goal loop invariant init of goal _parser__atom_brace'vc.
Prover result is: Valid (0.01s, 31576 steps).

File "/tmp/.pycsl_nir7mh9f.mlw", line 2961, characters 25-54:
Sub-goal type invariant of goal _parser__atom_brace'vc.
Prover result is: Valid (0.01s, 8476 steps).

File "/tmp/.pycsl_nir7mh9f.mlw", line 2961, characters 25-54:
Sub-goal type invariant of goal _parser__atom_brace'vc.
Prover result is: Valid (0.00s, 8483 steps).

File "/tmp/.pycsl_nir7mh9f.mlw", line 2961, characters 25-54:
Sub-goal type invariant of goal _parser__atom_brace'vc.
Prover result is: Valid (0.02s, 104931 steps).

File "/tmp/.pycsl_nir7mh9f.mlw", line 2961, characters 25-54:
Sub-goal type invariant of goal _parser__atom_brace'vc.
Prover result is: Valid (0.02s, 106856 steps).

File "/tmp/.pycsl_nir7mh9f.mlw", line 2961, characters 25-54:
Sub-goal precondition of goal _parser__atom_brace'vc.
Prover result is: Valid (0.01s, 8491 steps).

File "/tmp/.pycsl_nir7mh9f.mlw", line 2965, characters 18-78:
Sub-goal precondition of goal _parser__atom_brace'vc.
Prover result is: Valid (0.01s, 8638 steps).

File "/tmp/.pycsl_nir7mh9f.mlw", line 2981, characters 29-58:
Sub-goal precondition of goal _parser__atom_brace'vc.
Prover result is: Valid (0.01s, 8672 steps).

File "/tmp/.pycsl_nir7mh9f.mlw", line 2925, characters 15-19:
Sub-goal postcondition of goal _parser__atom_brace'vc.
Prover result is: Valid (0.01s, 9092 steps).

File "/tmp/.pycsl_nir7mh9f.mlw", line 2926, characters 15-39:
Sub-goal postcondition of goal _parser__atom_brace'vc.
Prover result is: Valid (0.02s, 112288 steps).

File "/tmp/.pycsl_nir7mh9f.mlw", line 2968, characters 18-79:
Sub-goal precondition of goal _parser__atom_brace'vc.
Prover result is: Valid (0.01s, 8749 steps).

File "/tmp/.pycsl_nir7mh9f.mlw", line 2969, characters 24-47:
Sub-goal precondition of goal _parser__atom_brace'vc.
Prover result is: Valid (0.00s, 8775 steps).

File "/tmp/.pycsl_nir7mh9f.mlw", line 2971, characters 43-63:
Sub-goal precondition of goal _parser__atom_brace'vc.
Prover result is: Valid (0.01s, 9820 steps).

File "/tmp/.pycsl_nir7mh9f.mlw", line 2964, characters 24-59:
Sub-goal loop variant decrease of goal _parser__atom_brace'vc.
Prover result is: Valid (0.05s, 206390 steps).

File "/tmp/.pycsl_nir7mh9f.mlw", line 2962, characters 26-80:
Sub-goal loop invariant preservation of goal _parser__atom_brace'vc.
Prover result is: Valid (0.03s, 132735 steps).

File "/tmp/.pycsl_nir7mh9f.mlw", line 2963, characters 26-41:
Sub-goal loop invariant preservation of goal _parser__atom_brace'vc.
Prover result is: Valid (0.02s, 123436 steps).

File "/tmp/.pycsl_nir7mh9f.mlw", line 2973, characters 21-41:
Sub-goal precondition of goal _parser__atom_brace'vc.
Prover result is: Valid (0.01s, 8773 steps).

File "/tmp/.pycsl_nir7mh9f.mlw", line 2974, characters 24-53:
Sub-goal precondition of goal _parser__atom_brace'vc.
Prover result is: Valid (0.00s, 8800 steps).

File "/tmp/.pycsl_nir7mh9f.mlw", line 2975, characters 21-41:
Sub-goal precondition of goal _parser__atom_brace'vc.
Prover result is: Valid (0.01s, 8836 steps).

File "/tmp/.pycsl_nir7mh9f.mlw", line 2964, characters 24-59:
Sub-goal loop variant decrease of goal _parser__atom_brace'vc.
Prover result is: Valid (0.02s, 125679 steps).

File "/tmp/.pycsl_nir7mh9f.mlw", line 2962, characters 26-80:
Sub-goal loop invariant preservation of goal _parser__atom_brace'vc.
Prover result is: Valid (0.03s, 132901 steps).

File "/tmp/.pycsl_nir7mh9f.mlw", line 2963, characters 26-41:
Sub-goal loop invariant preservation of goal _parser__atom_brace'vc.
Prover result is: Valid (0.02s, 123474 steps).

File "/tmp/.pycsl_nir7mh9f.mlw", line 2981, characters 29-58:
Sub-goal precondition of goal _parser__atom_brace'vc.
Prover result is: Valid (0.01s, 8570 steps).

File "/tmp/.pycsl_nir7mh9f.mlw", line 2925, characters 15-19:
Sub-goal postcondition of goal _parser__atom_brace'vc.
Prover result is: Valid (0.01s, 8992 steps).

File "/tmp/.pycsl_nir7mh9f.mlw", line 2926, characters 15-39:
Sub-goal postcondition of goal _parser__atom_brace'vc.
Prover result is: Valid (0.02s, 111761 steps).

File "/tmp/.pycsl_nir7mh9f.mlw", line 2985, characters 19-81:
Sub-goal precondition of goal _parser__atom_brace'vc.
Prover result is: Valid (0.00s, 6896 steps).

File "/tmp/.pycsl_nir7mh9f.mlw", line 2985, characters 97-161:
Sub-goal precondition of goal _parser__atom_brace'vc.
Prover result is: Valid (0.01s, 6982 steps).

File "/tmp/.pycsl_nir7mh9f.mlw", line 2985, characters 195-217:
Sub-goal precondition of goal _parser__atom_brace'vc.
Prover result is: Valid (0.00s, 7014 steps).

File "/tmp/.pycsl_nir7mh9f.mlw", line 2986, characters 37-61:
Sub-goal precondition of goal _parser__atom_brace'vc.
Prover result is: Valid (0.01s, 7154 steps).

File "/tmp/.pycsl_nir7mh9f.mlw", line 2987, characters 29-58:
Sub-goal precondition of goal _parser__atom_brace'vc.
Prover result is: Valid (0.01s, 7981 steps).

File "/tmp/.pycsl_nir7mh9f.mlw", line 2925, characters 15-19:
Sub-goal postcondition of goal _parser__atom_brace'vc.
Prover result is: Valid (0.01s, 8210 steps).

File "/tmp/.pycsl_nir7mh9f.mlw", line 2926, characters 15-39:
Sub-goal postcondition of goal _parser__atom_brace'vc.
Prover result is: Valid (0.02s, 103461 steps).

File "/tmp/.pycsl_nir7mh9f.mlw", line 2995, characters 26-80:
Sub-goal loop invariant init of goal _parser__atom_brace'vc.
Prover result is: Valid (0.02s, 96104 steps).

File "/tmp/.pycsl_nir7mh9f.mlw", line 2996, characters 26-41:
Sub-goal loop invariant init of goal _parser__atom_brace'vc.
Prover result is: Valid (0.01s, 28698 steps).

File "/tmp/.pycsl_nir7mh9f.mlw", line 2994, characters 25-54:
Sub-goal type invariant of goal _parser__atom_brace'vc.
Prover result is: Valid (0.00s, 7773 steps).

File "/tmp/.pycsl_nir7mh9f.mlw", line 2994, characters 25-54:
Sub-goal type invariant of goal _parser__atom_brace'vc.
Prover result is: Valid (0.01s, 7780 steps).

File "/tmp/.pycsl_nir7mh9f.mlw", line 2994, characters 25-54:
Sub-goal type invariant of goal _parser__atom_brace'vc.
Prover result is: Valid (0.02s, 92857 steps).

File "/tmp/.pycsl_nir7mh9f.mlw", line 2994, characters 25-54:
Sub-goal type invariant of goal _parser__atom_brace'vc.
Prover result is: Valid (0.02s, 94468 steps).

File "/tmp/.pycsl_nir7mh9f.mlw", line 2994, characters 25-54:
Sub-goal precondition of goal _parser__atom_brace'vc.
Prover result is: Valid (0.01s, 7788 steps).

File "/tmp/.pycsl_nir7mh9f.mlw", line 2998, characters 18-78:
Sub-goal precondition of goal _parser__atom_brace'vc.
Prover result is: Valid (0.00s, 7935 steps).

File "/tmp/.pycsl_nir7mh9f.mlw", line 3004, characters 29-58:
Sub-goal precondition of goal _parser__atom_brace'vc.
Prover result is: Valid (0.01s, 7969 steps).

File "/tmp/.pycsl_nir7mh9f.mlw", line 2925, characters 15-19:
Sub-goal postcondition of goal _parser__atom_brace'vc.
Prover result is: Valid (0.00s, 8198 steps).

File "/tmp/.pycsl_nir7mh9f.mlw", line 2926, characters 15-39:
Sub-goal postcondition of goal _parser__atom_brace'vc.
Prover result is: Valid (0.02s, 100511 steps).

File "/tmp/.pycsl_nir7mh9f.mlw", line 3001, characters 37-65:
Sub-goal precondition of goal _parser__atom_brace'vc.
Prover result is: Valid (0.00s, 7967 steps).

File "/tmp/.pycsl_nir7mh9f.mlw", line 2997, characters 24-59:
Sub-goal loop variant decrease of goal _parser__atom_brace'vc.
Prover result is: Valid (0.03s, 148533 steps).

File "/tmp/.pycsl_nir7mh9f.mlw", line 2995, characters 26-80:
Sub-goal loop invariant preservation of goal _parser__atom_brace'vc.
Prover result is: Valid (0.02s, 110830 steps).

File "/tmp/.pycsl_nir7mh9f.mlw", line 2996, characters 26-41:
Sub-goal loop invariant preservation of goal _parser__atom_brace'vc.
Prover result is: Valid (0.02s, 105600 steps).

File "/tmp/.pycsl_nir7mh9f.mlw", line 3004, characters 29-58:
Sub-goal precondition of goal _parser__atom_brace'vc.
Prover result is: Valid (0.00s, 7867 steps).

File "/tmp/.pycsl_nir7mh9f.mlw", line 2925, characters 15-19:
Sub-goal postcondition of goal _parser__atom_brace'vc.
Prover result is: Valid (0.00s, 8098 steps).

File "/tmp/.pycsl_nir7mh9f.mlw", line 2926, characters 15-39:
Sub-goal postcondition of goal _parser__atom_brace'vc.
Prover result is: Valid (0.02s, 96964 steps).

File "/tmp/.pycsl_nir7mh9f.mlw", line 3023, characters 9-32:
Sub-goal precondition of goal _parser__atom_list'vc.
Prover result is: Valid (0.00s, 5295 steps).

File "/tmp/.pycsl_nir7mh9f.mlw", line 3024, characters 8-68:
Sub-goal precondition of goal _parser__atom_list'vc.
Prover result is: Valid (0.01s, 6446 steps).

File "/tmp/.pycsl_nir7mh9f.mlw", line 3025, characters 23-46:
Sub-goal precondition of goal _parser__atom_list'vc.
Prover result is: Valid (0.00s, 6558 steps).

File "/tmp/.pycsl_nir7mh9f.mlw", line 3014, characters 15-19:
Sub-goal postcondition of goal _parser__atom_list'vc.
Prover result is: Valid (0.00s, 6627 steps).

File "/tmp/.pycsl_nir7mh9f.mlw", line 3015, characters 15-39:
Sub-goal postcondition of goal _parser__atom_list'vc.
Prover result is: Valid (0.02s, 76176 steps).

File "/tmp/.pycsl_nir7mh9f.mlw", line 3028, characters 15-43:
Sub-goal precondition of goal _parser__atom_list'vc.
Prover result is: Valid (0.00s, 6556 steps).

File "/tmp/.pycsl_nir7mh9f.mlw", line 3029, characters 15-77:
Sub-goal precondition of goal _parser__atom_list'vc.
Prover result is: Valid (0.01s, 6670 steps).

File "/tmp/.pycsl_nir7mh9f.mlw", line 3029, characters 93-157:
Sub-goal precondition of goal _parser__atom_list'vc.
Prover result is: Valid (0.01s, 6756 steps).

File "/tmp/.pycsl_nir7mh9f.mlw", line 3029, characters 191-213:
Sub-goal precondition of goal _parser__atom_list'vc.
Prover result is: Valid (0.01s, 6794 steps).

File "/tmp/.pycsl_nir7mh9f.mlw", line 3030, characters 33-57:
Sub-goal precondition of goal _parser__atom_list'vc.
Prover result is: Valid (0.01s, 6938 steps).

File "/tmp/.pycsl_nir7mh9f.mlw", line 3031, characters 25-54:
Sub-goal precondition of goal _parser__atom_list'vc.
Prover result is: Valid (0.00s, 7765 steps).

File "/tmp/.pycsl_nir7mh9f.mlw", line 3014, characters 15-19:
Sub-goal postcondition of goal _parser__atom_list'vc.
Prover result is: Valid (0.00s, 7994 steps).

File "/tmp/.pycsl_nir7mh9f.mlw", line 3015, characters 15-39:
Sub-goal postcondition of goal _parser__atom_list'vc.
Prover result is: Valid (0.02s, 102259 steps).

File "/tmp/.pycsl_nir7mh9f.mlw", line 3039, characters 22-76:
Sub-goal loop invariant init of goal _parser__atom_list'vc.
Prover result is: Valid (0.02s, 94254 steps).

File "/tmp/.pycsl_nir7mh9f.mlw", line 3040, characters 22-37:
Sub-goal loop invariant init of goal _parser__atom_list'vc.
Prover result is: Valid (0.01s, 28068 steps).

File "/tmp/.pycsl_nir7mh9f.mlw", line 3038, characters 21-50:
Sub-goal type invariant of goal _parser__atom_list'vc.
Prover result is: Valid (0.01s, 7557 steps).

File "/tmp/.pycsl_nir7mh9f.mlw", line 3038, characters 21-50:
Sub-goal type invariant of goal _parser__atom_list'vc.
Prover result is: Valid (0.00s, 7564 steps).

File "/tmp/.pycsl_nir7mh9f.mlw", line 3038, characters 21-50:
Sub-goal type invariant of goal _parser__atom_list'vc.
Prover result is: Valid (0.02s, 91675 steps).

File "/tmp/.pycsl_nir7mh9f.mlw", line 3038, characters 21-50:
Sub-goal type invariant of goal _parser__atom_list'vc.
Prover result is: Valid (0.02s, 93080 steps).

File "/tmp/.pycsl_nir7mh9f.mlw", line 3038, characters 21-50:
Sub-goal precondition of goal _parser__atom_list'vc.
Prover result is: Valid (0.01s, 7572 steps).

File "/tmp/.pycsl_nir7mh9f.mlw", line 3042, characters 14-74:
Sub-goal precondition of goal _parser__atom_list'vc.
Prover result is: Valid (0.01s, 7719 steps).

File "/tmp/.pycsl_nir7mh9f.mlw", line 3048, characters 25-54:
Sub-goal precondition of goal _parser__atom_list'vc.
Prover result is: Valid (0.01s, 7753 steps).

File "/tmp/.pycsl_nir7mh9f.mlw", line 3014, characters 15-19:
Sub-goal postcondition of goal _parser__atom_list'vc.
Prover result is: Valid (0.01s, 7982 steps).

File "/tmp/.pycsl_nir7mh9f.mlw", line 3015, characters 15-39:
Sub-goal postcondition of goal _parser__atom_list'vc.
Prover result is: Valid (0.02s, 99256 steps).

File "/tmp/.pycsl_nir7mh9f.mlw", line 3045, characters 33-61:
Sub-goal precondition of goal _parser__atom_list'vc.
Prover result is: Valid (0.01s, 7751 steps).

File "/tmp/.pycsl_nir7mh9f.mlw", line 3041, characters 20-55:
Sub-goal loop variant decrease of goal _parser__atom_list'vc.
Prover result is: Valid (0.03s, 137965 steps).

File "/tmp/.pycsl_nir7mh9f.mlw", line 3039, characters 22-76:
Sub-goal loop invariant preservation of goal _parser__atom_list'vc.
Prover result is: Valid (0.02s, 108651 steps).

File "/tmp/.pycsl_nir7mh9f.mlw", line 3040, characters 22-37:
Sub-goal loop invariant preservation of goal _parser__atom_list'vc.
Prover result is: Valid (0.02s, 104365 steps).

File "/tmp/.pycsl_nir7mh9f.mlw", line 3048, characters 25-54:
Sub-goal precondition of goal _parser__atom_list'vc.
Prover result is: Valid (0.00s, 7651 steps).

File "/tmp/.pycsl_nir7mh9f.mlw", line 3014, characters 15-19:
Sub-goal postcondition of goal _parser__atom_list'vc.
Prover result is: Valid (0.01s, 7882 steps).

File "/tmp/.pycsl_nir7mh9f.mlw", line 3015, characters 15-39:
Sub-goal postcondition of goal _parser__atom_list'vc.
Prover result is: Valid (0.02s, 95782 steps).

File "/tmp/.pycsl_nir7mh9f.mlw", line 3063, characters 9-32:
Sub-goal precondition of goal _parser__yield_expr'vc.
Prover result is: Valid (0.01s, 5295 steps).

File "/tmp/.pycsl_nir7mh9f.mlw", line 3064, characters 14-46:
Sub-goal precondition of goal _parser__yield_expr'vc.
Prover result is: Valid (0.01s, 5470 steps).

File "/tmp/.pycsl_nir7mh9f.mlw", line 3065, characters 23-43:
Sub-goal precondition of goal _parser__yield_expr'vc.
Prover result is: Valid (0.00s, 5534 steps).

File "/tmp/.pycsl_nir7mh9f.mlw", line 3056, characters 15-19:
Sub-goal postcondition of goal _parser__yield_expr'vc.
Prover result is: Valid (0.01s, 5563 steps).

File "/tmp/.pycsl_nir7mh9f.mlw", line 3057, characters 15-39:
Sub-goal postcondition of goal _parser__yield_expr'vc.
Prover result is: Valid (0.01s, 53202 steps).

File "/tmp/.pycsl_nir7mh9f.mlw", line 3069, characters 20-45:
Sub-goal precondition of goal _parser__yield_expr'vc.
Prover result is: Valid (0.01s, 5545 steps).

File "/tmp/.pycsl_nir7mh9f.mlw", line 3069, characters 62-182:
Sub-goal precondition of goal _parser__yield_expr'vc.
Prover result is: Valid (0.01s, 6925 steps).

File "/tmp/.pycsl_nir7mh9f.mlw", line 3070, characters 27-51:
Sub-goal precondition of goal _parser__yield_expr'vc.
Prover result is: Valid (0.01s, 7097 steps).

File "/tmp/.pycsl_nir7mh9f.mlw", line 3056, characters 15-19:
Sub-goal postcondition of goal _parser__yield_expr'vc.
Prover result is: Valid (0.01s, 7162 steps).

File "/tmp/.pycsl_nir7mh9f.mlw", line 3057, characters 15-39:
Sub-goal postcondition of goal _parser__yield_expr'vc.
Prover result is: Valid (0.02s, 75134 steps).

File "/tmp/.pycsl_nir7mh9f.mlw", line 3056, characters 15-19:
Sub-goal postcondition of goal _parser__yield_expr'vc.
Prover result is: Valid (0.01s, 7095 steps).

File "/tmp/.pycsl_nir7mh9f.mlw", line 3057, characters 15-39:
Sub-goal postcondition of goal _parser__yield_expr'vc.
Prover result is: Valid (0.02s, 86636 steps).

File "/tmp/.pycsl_nir7mh9f.mlw", line 3076, characters 23-69:
Sub-goal goal of goal _parser__yield_expr__union_arm_Arm_16_0_inj.
Prover result is: Valid (0.00s, 5290 steps).

File "/tmp/.pycsl_nir7mh9f.mlw", line 3078, characters 65-70:
Sub-goal goal of goal _parser__yield_expr__union_arm_Arm_16_0_proj.
Prover result is: Valid (0.00s, 5285 steps).

File "/tmp/.pycsl_nir7mh9f.mlw", line 3093, characters 9-32:
Sub-goal precondition of goal _parser__atom_paren'vc.
Prover result is: Valid (0.00s, 5295 steps).

File "/tmp/.pycsl_nir7mh9f.mlw", line 3094, characters 8-68:
Sub-goal precondition of goal _parser__atom_paren'vc.
Prover result is: Valid (0.01s, 6446 steps).

File "/tmp/.pycsl_nir7mh9f.mlw", line 3095, characters 23-46:
Sub-goal precondition of goal _parser__atom_paren'vc.
Prover result is: Valid (0.00s, 6558 steps).

File "/tmp/.pycsl_nir7mh9f.mlw", line 3082, characters 15-19:
Sub-goal postcondition of goal _parser__atom_paren'vc.
Prover result is: Valid (0.01s, 6627 steps).

File "/tmp/.pycsl_nir7mh9f.mlw", line 3083, characters 15-39:
Sub-goal postcondition of goal _parser__atom_paren'vc.
Prover result is: Valid (0.01s, 76176 steps).

File "/tmp/.pycsl_nir7mh9f.mlw", line 3098, characters 10-74:
Sub-goal precondition of goal _parser__atom_paren'vc.
Prover result is: Valid (0.01s, 6643 steps).

File "/tmp/.pycsl_nir7mh9f.mlw", line 3099, characters 13-39:
Sub-goal precondition of goal _parser__atom_paren'vc.
Prover result is: Valid (0.01s, 6671 steps).

File "/tmp/.pycsl_nir7mh9f.mlw", line 3100, characters 25-54:
Sub-goal precondition of goal _parser__atom_paren'vc.
Prover result is: Valid (0.00s, 6698 steps).

File "/tmp/.pycsl_nir7mh9f.mlw", line 3082, characters 15-19:
Sub-goal postcondition of goal _parser__atom_paren'vc.
Prover result is: Valid (0.01s, 6734 steps).

File "/tmp/.pycsl_nir7mh9f.mlw", line 3083, characters 15-39:
Sub-goal postcondition of goal _parser__atom_paren'vc.
Prover result is: Valid (0.02s, 79751 steps).

File "/tmp/.pycsl_nir7mh9f.mlw", line 3103, characters 12-72:
Sub-goal precondition of goal _parser__atom_paren'vc.
Prover result is: Valid (0.01s, 6754 steps).

File "/tmp/.pycsl_nir7mh9f.mlw", line 3104, characters 35-63:
Sub-goal precondition of goal _parser__atom_paren'vc.
Prover result is: Valid (0.01s, 6776 steps).

File "/tmp/.pycsl_nir7mh9f.mlw", line 3109, characters 24-78:
Sub-goal loop invariant init of goal _parser__atom_paren'vc.
Prover result is: Valid (0.02s, 90036 steps).

File "/tmp/.pycsl_nir7mh9f.mlw", line 3110, characters 24-39:
Sub-goal loop invariant init of goal _parser__atom_paren'vc.
Prover result is: Valid (0.01s, 27470 steps).

File "/tmp/.pycsl_nir7mh9f.mlw", line 3108, characters 23-52:
Sub-goal type invariant of goal _parser__atom_paren'vc.
Prover result is: Valid (0.01s, 7426 steps).

File "/tmp/.pycsl_nir7mh9f.mlw", line 3108, characters 23-52:
Sub-goal type invariant of goal _parser__atom_paren'vc.
Prover result is: Valid (0.00s, 7433 steps).

File "/tmp/.pycsl_nir7mh9f.mlw", line 3108, characters 23-52:
Sub-goal type invariant of goal _parser__atom_paren'vc.
Prover result is: Valid (0.02s, 87473 steps).

File "/tmp/.pycsl_nir7mh9f.mlw", line 3108, characters 23-52:
Sub-goal type invariant of goal _parser__atom_paren'vc.
Prover result is: Valid (0.02s, 88851 steps).

File "/tmp/.pycsl_nir7mh9f.mlw", line 3108, characters 23-52:
Sub-goal precondition of goal _parser__atom_paren'vc.
Prover result is: Valid (0.00s, 7441 steps).

File "/tmp/.pycsl_nir7mh9f.mlw", line 3112, characters 16-76:
Sub-goal precondition of goal _parser__atom_paren'vc.
Prover result is: Valid (0.01s, 7588 steps).

File "/tmp/.pycsl_nir7mh9f.mlw", line 3118, characters 27-56:
Sub-goal precondition of goal _parser__atom_paren'vc.
Prover result is: Valid (0.01s, 7622 steps).

File "/tmp/.pycsl_nir7mh9f.mlw", line 3082, characters 15-19:
Sub-goal postcondition of goal _parser__atom_paren'vc.
Prover result is: Valid (0.00s, 7851 steps).

File "/tmp/.pycsl_nir7mh9f.mlw", line 3083, characters 15-39:
Sub-goal postcondition of goal _parser__atom_paren'vc.
Prover result is: Valid (0.02s, 91930 steps).

File "/tmp/.pycsl_nir7mh9f.mlw", line 3115, characters 35-63:
Sub-goal precondition of goal _parser__atom_paren'vc.
Prover result is: Valid (0.01s, 7620 steps).

File "/tmp/.pycsl_nir7mh9f.mlw", line 3111, characters 22-57:
Sub-goal loop variant decrease of goal _parser__atom_paren'vc.
Prover result is: Valid (0.03s, 133396 steps).

File "/tmp/.pycsl_nir7mh9f.mlw", line 3109, characters 24-78:
Sub-goal loop invariant preservation of goal _parser__atom_paren'vc.
Prover result is: Valid (0.02s, 104034 steps).

File "/tmp/.pycsl_nir7mh9f.mlw", line 3110, characters 24-39:
Sub-goal loop invariant preservation of goal _parser__atom_paren'vc.
Prover result is: Valid (0.02s, 99768 steps).

File "/tmp/.pycsl_nir7mh9f.mlw", line 3118, characters 27-56:
Sub-goal precondition of goal _parser__atom_paren'vc.
Prover result is: Valid (0.01s, 7520 steps).

File "/tmp/.pycsl_nir7mh9f.mlw", line 3082, characters 15-19:
Sub-goal postcondition of goal _parser__atom_paren'vc.
Prover result is: Valid (0.01s, 7751 steps).

File "/tmp/.pycsl_nir7mh9f.mlw", line 3083, characters 15-39:
Sub-goal postcondition of goal _parser__atom_paren'vc.
Prover result is: Valid (0.02s, 91390 steps).

File "/tmp/.pycsl_nir7mh9f.mlw", line 3121, characters 19-49:
Sub-goal precondition of goal _parser__atom_paren'vc.
Prover result is: Valid (0.00s, 6774 steps).

File "/tmp/.pycsl_nir7mh9f.mlw", line 3122, characters 19-81:
Sub-goal precondition of goal _parser__atom_paren'vc.
Prover result is: Valid (0.01s, 6886 steps).

File "/tmp/.pycsl_nir7mh9f.mlw", line 3122, characters 97-161:
Sub-goal precondition of goal _parser__atom_paren'vc.
Prover result is: Valid (0.01s, 6972 steps).

File "/tmp/.pycsl_nir7mh9f.mlw", line 3122, characters 195-217:
Sub-goal precondition of goal _parser__atom_paren'vc.
Prover result is: Valid (0.01s, 7010 steps).

File "/tmp/.pycsl_nir7mh9f.mlw", line 3123, characters 37-61:
Sub-goal precondition of goal _parser__atom_paren'vc.
Prover result is: Valid (0.01s, 7154 steps).

File "/tmp/.pycsl_nir7mh9f.mlw", line 3124, characters 29-58:
Sub-goal precondition of goal _parser__atom_paren'vc.
Prover result is: Valid (0.01s, 7981 steps).

File "/tmp/.pycsl_nir7mh9f.mlw", line 3082, characters 15-19:
Sub-goal postcondition of goal _parser__atom_paren'vc.
Prover result is: Valid (0.01s, 8219 steps).

File "/tmp/.pycsl_nir7mh9f.mlw", line 3083, characters 15-39:
Sub-goal postcondition of goal _parser__atom_paren'vc.
Prover result is: Valid (0.02s, 103756 steps).

File "/tmp/.pycsl_nir7mh9f.mlw", line 3128, characters 16-76:
Sub-goal precondition of goal _parser__atom_paren'vc.
Prover result is: Valid (0.00s, 7237 steps).

File "/tmp/.pycsl_nir7mh9f.mlw", line 3134, characters 28-82:
Sub-goal loop invariant init of goal _parser__atom_paren'vc.
Prover result is: Valid (0.02s, 93993 steps).

File "/tmp/.pycsl_nir7mh9f.mlw", line 3135, characters 28-43:
Sub-goal loop invariant init of goal _parser__atom_paren'vc.
Prover result is: Valid (0.01s, 28891 steps).

File "/tmp/.pycsl_nir7mh9f.mlw", line 3133, characters 27-56:
Sub-goal type invariant of goal _parser__atom_paren'vc.
Prover result is: Valid (0.00s, 7886 steps).

File "/tmp/.pycsl_nir7mh9f.mlw", line 3133, characters 27-56:
Sub-goal type invariant of goal _parser__atom_paren'vc.
Prover result is: Valid (0.01s, 7893 steps).

File "/tmp/.pycsl_nir7mh9f.mlw", line 3133, characters 27-56:
Sub-goal type invariant of goal _parser__atom_paren'vc.
Prover result is: Valid (0.02s, 90359 steps).

File "/tmp/.pycsl_nir7mh9f.mlw", line 3133, characters 27-56:
Sub-goal type invariant of goal _parser__atom_paren'vc.
Prover result is: Valid (0.02s, 92093 steps).

File "/tmp/.pycsl_nir7mh9f.mlw", line 3133, characters 27-56:
Sub-goal precondition of goal _parser__atom_paren'vc.
Prover result is: Valid (0.01s, 7901 steps).

File "/tmp/.pycsl_nir7mh9f.mlw", line 3137, characters 20-80:
Sub-goal precondition of goal _parser__atom_paren'vc.
Prover result is: Valid (0.01s, 8048 steps).

File "/tmp/.pycsl_nir7mh9f.mlw", line 3143, characters 31-60:
Sub-goal precondition of goal _parser__atom_paren'vc.
Prover result is: Valid (0.00s, 8082 steps).

File "/tmp/.pycsl_nir7mh9f.mlw", line 3082, characters 15-19:
Sub-goal postcondition of goal _parser__atom_paren'vc.
Prover result is: Valid (0.01s, 8311 steps).

File "/tmp/.pycsl_nir7mh9f.mlw", line 3083, characters 15-39:
Sub-goal postcondition of goal _parser__atom_paren'vc.
Prover result is: Valid (0.02s, 94854 steps).

File "/tmp/.pycsl_nir7mh9f.mlw", line 3140, characters 39-67:
Sub-goal precondition of goal _parser__atom_paren'vc.
Prover result is: Valid (0.01s, 8080 steps).

File "/tmp/.pycsl_nir7mh9f.mlw", line 3136, characters 26-61:
Sub-goal loop variant decrease of goal _parser__atom_paren'vc.
Prover result is: Valid (0.03s, 150388 steps).

File "/tmp/.pycsl_nir7mh9f.mlw", line 3134, characters 28-82:
Sub-goal loop invariant preservation of goal _parser__atom_paren'vc.
Prover result is: Valid (0.02s, 108455 steps).

File "/tmp/.pycsl_nir7mh9f.mlw", line 3135, characters 28-43:
Sub-goal loop invariant preservation of goal _parser__atom_paren'vc.
Prover result is: Valid (0.02s, 102702 steps).

File "/tmp/.pycsl_nir7mh9f.mlw", line 3143, characters 31-60:
Sub-goal precondition of goal _parser__atom_paren'vc.
Prover result is: Valid (0.01s, 7980 steps).

File "/tmp/.pycsl_nir7mh9f.mlw", line 3082, characters 15-19:
Sub-goal postcondition of goal _parser__atom_paren'vc.
Prover result is: Valid (0.01s, 8211 steps).

File "/tmp/.pycsl_nir7mh9f.mlw", line 3083, characters 15-39:
Sub-goal postcondition of goal _parser__atom_paren'vc.
Prover result is: Valid (0.02s, 94346 steps).

File "/tmp/.pycsl_nir7mh9f.mlw", line 3146, characters 31-60:
Sub-goal precondition of goal _parser__atom_paren'vc.
Prover result is: Valid (0.00s, 7263 steps).

File "/tmp/.pycsl_nir7mh9f.mlw", line 3082, characters 15-19:
Sub-goal postcondition of goal _parser__atom_paren'vc.
Prover result is: Valid (0.01s, 7297 steps).

File "/tmp/.pycsl_nir7mh9f.mlw", line 3083, characters 15-39:
Sub-goal postcondition of goal _parser__atom_paren'vc.
Prover result is: Valid (0.02s, 86300 steps).

File "/tmp/.pycsl_nir7mh9f.mlw", line 3174, characters 8-68:
Sub-goal precondition of goal _parser__expr_or_star'vc.
Prover result is: Valid (0.01s, 6271 steps).

File "/tmp/.pycsl_nir7mh9f.mlw", line 3175, characters 11-34:
Sub-goal precondition of goal _parser__expr_or_star'vc.
Prover result is: Valid (0.00s, 6472 steps).

File "/tmp/.pycsl_nir7mh9f.mlw", line 3176, characters 23-43:
Sub-goal precondition of goal _parser__expr_or_star'vc.
Prover result is: Valid (0.01s, 6558 steps).

File "/tmp/.pycsl_nir7mh9f.mlw", line 3167, characters 15-19:
Sub-goal postcondition of goal _parser__expr_or_star'vc.
Prover result is: Valid (0.01s, 6585 steps).

File "/tmp/.pycsl_nir7mh9f.mlw", line 3168, characters 15-39:
Sub-goal postcondition of goal _parser__expr_or_star'vc.
Prover result is: Valid (0.02s, 75839 steps).

File "/tmp/.pycsl_nir7mh9f.mlw", line 3179, characters 28-48:
Sub-goal precondition of goal _parser__expr_or_star'vc.
Prover result is: Valid (0.00s, 6470 steps).

File "/tmp/.pycsl_nir7mh9f.mlw", line 3167, characters 15-19:
Sub-goal postcondition of goal _parser__expr_or_star'vc.
Prover result is: Valid (0.01s, 6497 steps).

File "/tmp/.pycsl_nir7mh9f.mlw", line 3168, characters 15-39:
Sub-goal postcondition of goal _parser__expr_or_star'vc.
Prover result is: Valid (0.01s, 6502 steps).

File "/tmp/.pycsl_nir7mh9f.mlw", line 3195, characters 29-57:
Sub-goal precondition of goal _parser__exprlist'vc.
Prover result is: Valid (0.00s, 5295 steps).

File "/tmp/.pycsl_nir7mh9f.mlw", line 3200, characters 18-72:
Sub-goal loop invariant init of goal _parser__exprlist'vc.
Prover result is: Valid (0.02s, 65005 steps).

File "/tmp/.pycsl_nir7mh9f.mlw", line 3201, characters 18-34:
Sub-goal loop invariant init of goal _parser__exprlist'vc.
Prover result is: Valid (0.01s, 18768 steps).

File "/tmp/.pycsl_nir7mh9f.mlw", line 3199, characters 17-46:
Sub-goal type invariant of goal _parser__exprlist'vc.
Prover result is: Valid (0.00s, 6440 steps).

File "/tmp/.pycsl_nir7mh9f.mlw", line 3199, characters 17-46:
Sub-goal type invariant of goal _parser__exprlist'vc.
Prover result is: Valid (0.00s, 6447 steps).

File "/tmp/.pycsl_nir7mh9f.mlw", line 3199, characters 17-46:
Sub-goal type invariant of goal _parser__exprlist'vc.
Prover result is: Valid (0.02s, 64077 steps).

File "/tmp/.pycsl_nir7mh9f.mlw", line 3199, characters 17-46:
Sub-goal type invariant of goal _parser__exprlist'vc.
Prover result is: Valid (0.02s, 65894 steps).

File "/tmp/.pycsl_nir7mh9f.mlw", line 3199, characters 17-46:
Sub-goal precondition of goal _parser__exprlist'vc.
Prover result is: Valid (0.00s, 6455 steps).

File "/tmp/.pycsl_nir7mh9f.mlw", line 3203, characters 15-44:
Sub-goal precondition of goal _parser__exprlist'vc.
Prover result is: Valid (0.01s, 6523 steps).

File "/tmp/.pycsl_nir7mh9f.mlw", line 3203, characters 55-116:
Sub-goal precondition of goal _parser__exprlist'vc.
Prover result is: Valid (0.01s, 7108 steps).

File "/tmp/.pycsl_nir7mh9f.mlw", line 3190, characters 15-19:
Sub-goal postcondition of goal _parser__exprlist'vc.
Prover result is: Valid (0.00s, 7552 steps).

File "/tmp/.pycsl_nir7mh9f.mlw", line 3191, characters 15-39:
Sub-goal postcondition of goal _parser__exprlist'vc.
Prover result is: Valid (0.02s, 97343 steps).

File "/tmp/.pycsl_nir7mh9f.mlw", line 3206, characters 29-57:
Sub-goal precondition of goal _parser__exprlist'vc.
Prover result is: Valid (0.01s, 7292 steps).

File "/tmp/.pycsl_nir7mh9f.mlw", line 3202, characters 16-51:
Sub-goal loop variant decrease of goal _parser__exprlist'vc.
Prover result is: Valid (0.03s, 109424 steps).

File "/tmp/.pycsl_nir7mh9f.mlw", line 3200, characters 18-72:
Sub-goal loop invariant preservation of goal _parser__exprlist'vc.
Prover result is: Valid (0.02s, 90514 steps).

File "/tmp/.pycsl_nir7mh9f.mlw", line 3201, characters 18-34:
Sub-goal loop invariant preservation of goal _parser__exprlist'vc.
Prover result is: Valid (0.02s, 88047 steps).

File "/tmp/.pycsl_nir7mh9f.mlw", line 3190, characters 15-19:
Sub-goal postcondition of goal _parser__exprlist'vc.
Prover result is: Valid (0.01s, 6792 steps).

File "/tmp/.pycsl_nir7mh9f.mlw", line 3191, characters 15-39:
Sub-goal postcondition of goal _parser__exprlist'vc.
Prover result is: Valid (0.01s, 70841 steps).

File "/tmp/.pycsl_nir7mh9f.mlw", line 3219, characters 9-32:
Sub-goal precondition of goal _parser__global_stmt'vc.
Prover result is: Valid (0.00s, 5295 steps).

File "/tmp/.pycsl_nir7mh9f.mlw", line 3220, characters 30-55:
Sub-goal precondition of goal _parser__global_stmt'vc.
Prover result is: Valid (0.00s, 5470 steps).

File "/tmp/.pycsl_nir7mh9f.mlw", line 3224, characters 18-72:
Sub-goal loop invariant init of goal _parser__global_stmt'vc.
Prover result is: Valid (0.02s, 65925 steps).

File "/tmp/.pycsl_nir7mh9f.mlw", line 3225, characters 18-33:
Sub-goal loop invariant init of goal _parser__global_stmt'vc.
Prover result is: Valid (0.00s, 19091 steps).

File "/tmp/.pycsl_nir7mh9f.mlw", line 3223, characters 17-46:
Sub-goal type invariant of goal _parser__global_stmt'vc.
Prover result is: Valid (0.00s, 6523 steps).

File "/tmp/.pycsl_nir7mh9f.mlw", line 3223, characters 17-46:
Sub-goal type invariant of goal _parser__global_stmt'vc.
Prover result is: Valid (0.01s, 6530 steps).

File "/tmp/.pycsl_nir7mh9f.mlw", line 3223, characters 17-46:
Sub-goal type invariant of goal _parser__global_stmt'vc.
Prover result is: Valid (0.02s, 64809 steps).

File "/tmp/.pycsl_nir7mh9f.mlw", line 3223, characters 17-46:
Sub-goal type invariant of goal _parser__global_stmt'vc.
Prover result is: Valid (0.01s, 66697 steps).

File "/tmp/.pycsl_nir7mh9f.mlw", line 3223, characters 17-46:
Sub-goal precondition of goal _parser__global_stmt'vc.
Prover result is: Valid (0.00s, 6538 steps).

File "/tmp/.pycsl_nir7mh9f.mlw", line 3227, characters 31-56:
Sub-goal precondition of goal _parser__global_stmt'vc.
Prover result is: Valid (0.00s, 6606 steps).

File "/tmp/.pycsl_nir7mh9f.mlw", line 3226, characters 16-51:
Sub-goal loop variant decrease of goal _parser__global_stmt'vc.
Prover result is: Valid (0.02s, 74234 steps).

File "/tmp/.pycsl_nir7mh9f.mlw", line 3224, characters 18-72:
Sub-goal loop invariant preservation of goal _parser__global_stmt'vc.
Prover result is: Valid (0.01s, 75450 steps).

File "/tmp/.pycsl_nir7mh9f.mlw", line 3225, characters 18-33:
Sub-goal loop invariant preservation of goal _parser__global_stmt'vc.
Prover result is: Valid (0.02s, 72562 steps).

File "/tmp/.pycsl_nir7mh9f.mlw", line 3213, characters 15-19:
Sub-goal postcondition of goal _parser__global_stmt'vc.
Prover result is: Valid (0.00s, 6618 steps).

File "/tmp/.pycsl_nir7mh9f.mlw", line 3214, characters 15-38:
Sub-goal postcondition of goal _parser__global_stmt'vc.
Prover result is: Valid (0.01s, 68312 steps).

File "/tmp/.pycsl_nir7mh9f.mlw", line 3240, characters 9-32:
Sub-goal precondition of goal _parser__import_from'vc.
Prover result is: Valid (0.00s, 5295 steps).

File "/tmp/.pycsl_nir7mh9f.mlw", line 3243, characters 18-72:
Sub-goal loop invariant init of goal _parser__import_from'vc.
Prover result is: Valid (0.01s, 53041 steps).

File "/tmp/.pycsl_nir7mh9f.mlw", line 3242, characters 11-88:
Sub-goal type invariant of goal _parser__import_from'vc.
Prover result is: Valid (0.01s, 6568 steps).

File "/tmp/.pycsl_nir7mh9f.mlw", line 3242, characters 11-88:
Sub-goal type invariant of goal _parser__import_from'vc.
Prover result is: Valid (0.01s, 6573 steps).

File "/tmp/.pycsl_nir7mh9f.mlw", line 3242, characters 11-88:
Sub-goal type invariant of goal _parser__import_from'vc.
Prover result is: Valid (0.02s, 65233 steps).

File "/tmp/.pycsl_nir7mh9f.mlw", line 3242, characters 11-88:
Sub-goal type invariant of goal _parser__import_from'vc.
Prover result is: Valid (0.02s, 67184 steps).

File "/tmp/.pycsl_nir7mh9f.mlw", line 3242, characters 11-88:
Sub-goal precondition of goal _parser__import_from'vc.
Prover result is: Valid (0.01s, 6583 steps).

File "/tmp/.pycsl_nir7mh9f.mlw", line 3245, characters 52-71:
Sub-goal precondition of goal _parser__import_from'vc.
Prover result is: Valid (0.01s, 6699 steps).

File "/tmp/.pycsl_nir7mh9f.mlw", line 3246, characters 14-37:
Sub-goal precondition of goal _parser__import_from'vc.
Prover result is: Valid (0.00s, 6731 steps).

File "/tmp/.pycsl_nir7mh9f.mlw", line 3244, characters 16-51:
Sub-goal loop variant decrease of goal _parser__import_from'vc.
Prover result is: Valid (0.02s, 80543 steps).

File "/tmp/.pycsl_nir7mh9f.mlw", line 3243, characters 18-72:
Sub-goal loop invariant preservation of goal _parser__import_from'vc.
Prover result is: Valid (0.02s, 80462 steps).

File "/tmp/.pycsl_nir7mh9f.mlw", line 3249, characters 13-78:
Sub-goal precondition of goal _parser__import_from'vc.
Prover result is: Valid (0.01s, 6784 steps).

File "/tmp/.pycsl_nir7mh9f.mlw", line 3250, characters 32-57:
Sub-goal precondition of goal _parser__import_from'vc.
Prover result is: Valid (0.00s, 6785 steps).

File "/tmp/.pycsl_nir7mh9f.mlw", line 3254, characters 20-74:
Sub-goal loop invariant init of goal _parser__import_from'vc.
Prover result is: Valid (0.02s, 76414 steps).

File "/tmp/.pycsl_nir7mh9f.mlw", line 3255, characters 20-35:
Sub-goal loop invariant init of goal _parser__import_from'vc.
Prover result is: Valid (0.01s, 25721 steps).

File "/tmp/.pycsl_nir7mh9f.mlw", line 3253, characters 19-48:
Sub-goal type invariant of goal _parser__import_from'vc.
Prover result is: Valid (0.01s, 6947 steps).

File "/tmp/.pycsl_nir7mh9f.mlw", line 3253, characters 19-48:
Sub-goal type invariant of goal _parser__import_from'vc.
Prover result is: Valid (0.01s, 6954 steps).

File "/tmp/.pycsl_nir7mh9f.mlw", line 3253, characters 19-48:
Sub-goal type invariant of goal _parser__import_from'vc.
Prover result is: Valid (0.01s, 73791 steps).

File "/tmp/.pycsl_nir7mh9f.mlw", line 3253, characters 19-48:
Sub-goal type invariant of goal _parser__import_from'vc.
Prover result is: Valid (0.02s, 75313 steps).

File "/tmp/.pycsl_nir7mh9f.mlw", line 3253, characters 19-48:
Sub-goal precondition of goal _parser__import_from'vc.
Prover result is: Valid (0.01s, 6962 steps).

File "/tmp/.pycsl_nir7mh9f.mlw", line 3257, characters 33-58:
Sub-goal precondition of goal _parser__import_from'vc.
Prover result is: Valid (0.01s, 7030 steps).

File "/tmp/.pycsl_nir7mh9f.mlw", line 3256, characters 18-53:
Sub-goal loop variant decrease of goal _parser__import_from'vc.
Prover result is: Valid (0.02s, 83568 steps).

File "/tmp/.pycsl_nir7mh9f.mlw", line 3254, characters 20-74:
Sub-goal loop invariant preservation of goal _parser__import_from'vc.
Prover result is: Valid (0.02s, 86235 steps).

File "/tmp/.pycsl_nir7mh9f.mlw", line 3255, characters 20-35:
Sub-goal loop invariant preservation of goal _parser__import_from'vc.
Prover result is: Valid (0.02s, 82121 steps).

File "/tmp/.pycsl_nir7mh9f.mlw", line 3261, characters 12-46:
Sub-goal precondition of goal _parser__import_from'vc.
Prover result is: Valid (0.01s, 7059 steps).

File "/tmp/.pycsl_nir7mh9f.mlw", line 3262, characters 14-43:
Sub-goal precondition of goal _parser__import_from'vc.
Prover result is: Valid (0.01s, 7095 steps).

File "/tmp/.pycsl_nir7mh9f.mlw", line 3273, characters 138-203:
Sub-goal array creation size of goal _parser__import_from'vc.
Prover result is: Valid (0.01s, 50471 steps).

File "/tmp/.pycsl_nir7mh9f.mlw", line 3233, characters 15-19:
Sub-goal postcondition of goal _parser__import_from'vc.
Prover result is: Valid (0.01s, 8475 steps).

File "/tmp/.pycsl_nir7mh9f.mlw", line 3265, characters 10-70:
Sub-goal precondition of goal _parser__import_from'vc.
Prover result is: Valid (0.00s, 7257 steps).

File "/tmp/.pycsl_nir7mh9f.mlw", line 3266, characters 16-39:
Sub-goal precondition of goal _parser__import_from'vc.
Prover result is: Valid (0.00s, 7291 steps).

File "/tmp/.pycsl_nir7mh9f.mlw", line 3267, characters 27-59:
Sub-goal precondition of goal _parser__import_from'vc.
Prover result is: Valid (0.01s, 7360 steps).

File "/tmp/.pycsl_nir7mh9f.mlw", line 3268, characters 16-45:
Sub-goal precondition of goal _parser__import_from'vc.
Prover result is: Valid (0.01s, 8423 steps).

File "/tmp/.pycsl_nir7mh9f.mlw", line 3273, characters 138-203:
Sub-goal array creation size of goal _parser__import_from'vc.
Prover result is: Valid (0.02s, 102737 steps).

File "/tmp/.pycsl_nir7mh9f.mlw", line 3233, characters 15-19:
Sub-goal postcondition of goal _parser__import_from'vc.
Prover result is: Valid (0.01s, 8729 steps).

File "/tmp/.pycsl_nir7mh9f.mlw", line 3270, characters 27-59:
Sub-goal precondition of goal _parser__import_from'vc.
Prover result is: Valid (0.00s, 7289 steps).

File "/tmp/.pycsl_nir7mh9f.mlw", line 3273, characters 138-203:
Sub-goal array creation size of goal _parser__import_from'vc.
Prover result is: Valid (0.02s, 97914 steps).

File "/tmp/.pycsl_nir7mh9f.mlw", line 3233, characters 15-19:
Sub-goal postcondition of goal _parser__import_from'vc.
Prover result is: Valid (0.00s, 8620 steps).

File "/tmp/.pycsl_nir7mh9f.mlw", line 3261, characters 12-46:
Sub-goal precondition of goal _parser__import_from'vc.
Prover result is: Valid (0.01s, 6812 steps).

File "/tmp/.pycsl_nir7mh9f.mlw", line 3262, characters 14-43:
Sub-goal precondition of goal _parser__import_from'vc.
Prover result is: Valid (0.01s, 6846 steps).

File "/tmp/.pycsl_nir7mh9f.mlw", line 3273, characters 138-203:
Sub-goal array creation size of goal _parser__import_from'vc.
Prover result is: Valid (0.01s, 51983 steps).

File "/tmp/.pycsl_nir7mh9f.mlw", line 3233, characters 15-19:
Sub-goal postcondition of goal _parser__import_from'vc.
Prover result is: Valid (0.00s, 8197 steps).

File "/tmp/.pycsl_nir7mh9f.mlw", line 3265, characters 10-70:
Sub-goal precondition of goal _parser__import_from'vc.
Prover result is: Valid (0.00s, 7008 steps).

File "/tmp/.pycsl_nir7mh9f.mlw", line 3266, characters 16-39:
Sub-goal precondition of goal _parser__import_from'vc.
Prover result is: Valid (0.01s, 7042 steps).

File "/tmp/.pycsl_nir7mh9f.mlw", line 3267, characters 27-59:
Sub-goal precondition of goal _parser__import_from'vc.
Prover result is: Valid (0.01s, 7111 steps).

File "/tmp/.pycsl_nir7mh9f.mlw", line 3268, characters 16-45:
Sub-goal precondition of goal _parser__import_from'vc.
Prover result is: Valid (0.01s, 8174 steps).

File "/tmp/.pycsl_nir7mh9f.mlw", line 3273, characters 138-203:
Sub-goal array creation size of goal _parser__import_from'vc.
Prover result is: Valid (0.02s, 99956 steps).

File "/tmp/.pycsl_nir7mh9f.mlw", line 3233, characters 15-19:
Sub-goal postcondition of goal _parser__import_from'vc.
Prover result is: Valid (0.01s, 8451 steps).

File "/tmp/.pycsl_nir7mh9f.mlw", line 3270, characters 27-59:
Sub-goal precondition of goal _parser__import_from'vc.
Prover result is: Valid (0.01s, 7040 steps).

File "/tmp/.pycsl_nir7mh9f.mlw", line 3273, characters 138-203:
Sub-goal array creation size of goal _parser__import_from'vc.
Prover result is: Valid (0.02s, 98401 steps).

File "/tmp/.pycsl_nir7mh9f.mlw", line 3233, characters 15-19:
Sub-goal postcondition of goal _parser__import_from'vc.
Prover result is: Valid (0.00s, 8342 steps).

File "/tmp/.pycsl_nir7mh9f.mlw", line 3275, characters 22-67:
Sub-goal goal of goal _parser__import_from__union_arm_Arm_8_0_inj.
Prover result is: Valid (0.01s, 5290 steps).

File "/tmp/.pycsl_nir7mh9f.mlw", line 3277, characters 64-69:
Sub-goal goal of goal _parser__import_from__union_arm_Arm_8_0_proj.
Prover result is: Valid (0.01s, 5285 steps).

File "/tmp/.pycsl_nir7mh9f.mlw", line 3286, characters 9-32:
Sub-goal precondition of goal _parser__import_stmt'vc.
Prover result is: Valid (0.00s, 5295 steps).

File "/tmp/.pycsl_nir7mh9f.mlw", line 3287, characters 30-61:
Sub-goal precondition of goal _parser__import_stmt'vc.
Prover result is: Valid (0.01s, 5470 steps).

File "/tmp/.pycsl_nir7mh9f.mlw", line 3289, characters 18-72:
Sub-goal loop invariant init of goal _parser__import_stmt'vc.
Prover result is: Valid (0.02s, 68379 steps).

File "/tmp/.pycsl_nir7mh9f.mlw", line 3288, characters 17-46:
Sub-goal type invariant of goal _parser__import_stmt'vc.
Prover result is: Valid (0.01s, 6744 steps).

File "/tmp/.pycsl_nir7mh9f.mlw", line 3288, characters 17-46:
Sub-goal type invariant of goal _parser__import_stmt'vc.
Prover result is: Valid (0.00s, 6751 steps).

File "/tmp/.pycsl_nir7mh9f.mlw", line 3288, characters 17-46:
Sub-goal type invariant of goal _parser__import_stmt'vc.
Prover result is: Valid (0.02s, 67163 steps).

File "/tmp/.pycsl_nir7mh9f.mlw", line 3288, characters 17-46:
Sub-goal type invariant of goal _parser__import_stmt'vc.
Prover result is: Valid (0.01s, 69063 steps).

File "/tmp/.pycsl_nir7mh9f.mlw", line 3288, characters 17-46:
Sub-goal precondition of goal _parser__import_stmt'vc.
Prover result is: Valid (0.01s, 6759 steps).

File "/tmp/.pycsl_nir7mh9f.mlw", line 3291, characters 31-62:
Sub-goal precondition of goal _parser__import_stmt'vc.
Prover result is: Valid (0.01s, 6827 steps).

File "/tmp/.pycsl_nir7mh9f.mlw", line 3290, characters 16-51:
Sub-goal loop variant decrease of goal _parser__import_stmt'vc.
Prover result is: Valid (0.03s, 119342 steps).

File "/tmp/.pycsl_nir7mh9f.mlw", line 3289, characters 18-72:
Sub-goal loop invariant preservation of goal _parser__import_stmt'vc.
Prover result is: Valid (0.02s, 76637 steps).

File "/tmp/.pycsl_nir7mh9f.mlw", line 3293, characters 51-116:
Sub-goal array creation size of goal _parser__import_stmt'vc.
Prover result is: Valid (0.01s, 76870 steps).

File "/tmp/.pycsl_nir7mh9f.mlw", line 3281, characters 15-19:
Sub-goal postcondition of goal _parser__import_stmt'vc.
Prover result is: Valid (0.01s, 7171 steps).

File "/tmp/.pycsl_nir7mh9f.mlw", line 3305, characters 12-36:
Sub-goal precondition of goal _parser__parse_eval'vc.
Prover result is: Valid (0.01s, 5295 steps).

File "/tmp/.pycsl_nir7mh9f.mlw", line 3301, characters 15-19:
Sub-goal postcondition of goal _parser__parse_eval'vc.
Prover result is: Valid (0.00s, 5326 steps).

File "/tmp/.pycsl_nir7mh9f.mlw", line 3320, characters 18-72:
Sub-goal loop invariant init of goal _parser__parse_module'vc.
Prover result is: Valid (0.01s, 49699 steps).

File "/tmp/.pycsl_nir7mh9f.mlw", line 3321, characters 18-34:
Sub-goal loop invariant init of goal _parser__parse_module'vc.
Prover result is: Valid (0.01s, 14098 steps).

File "/tmp/.pycsl_nir7mh9f.mlw", line 3319, characters 29-48:
Sub-goal type invariant of goal _parser__parse_module'vc.
Prover result is: Valid (0.00s, 5444 steps).

File "/tmp/.pycsl_nir7mh9f.mlw", line 3319, characters 29-48:
Sub-goal type invariant of goal _parser__parse_module'vc.
Prover result is: Valid (0.01s, 5451 steps).

File "/tmp/.pycsl_nir7mh9f.mlw", line 3319, characters 29-48:
Sub-goal type invariant of goal _parser__parse_module'vc.
Prover result is: Valid (0.01s, 53794 steps).

File "/tmp/.pycsl_nir7mh9f.mlw", line 3319, characters 29-48:
Sub-goal type invariant of goal _parser__parse_module'vc.
Prover result is: Valid (0.01s, 55394 steps).

File "/tmp/.pycsl_nir7mh9f.mlw", line 3319, characters 29-48:
Sub-goal precondition of goal _parser__parse_module'vc.
Prover result is: Valid (0.01s, 5459 steps).

File "/tmp/.pycsl_nir7mh9f.mlw", line 3324, characters 23-42:
Sub-goal precondition of goal _parser__parse_module'vc.
Prover result is: Valid (0.00s, 5560 steps).

File "/tmp/.pycsl_nir7mh9f.mlw", line 3325, characters 16-39:
Sub-goal precondition of goal _parser__parse_module'vc.
Prover result is: Valid (0.01s, 5569 steps).

File "/tmp/.pycsl_nir7mh9f.mlw", line 3322, characters 16-51:
Sub-goal loop variant decrease of goal _parser__parse_module'vc.
Prover result is: Valid (0.02s, 61846 steps).

File "/tmp/.pycsl_nir7mh9f.mlw", line 3320, characters 18-72:
Sub-goal loop invariant preservation of goal _parser__parse_module'vc.
Prover result is: Valid (0.01s, 61773 steps).

File "/tmp/.pycsl_nir7mh9f.mlw", line 3321, characters 18-34:
Sub-goal loop invariant preservation of goal _parser__parse_module'vc.
Prover result is: Valid (0.01s, 60719 steps).

File "/tmp/.pycsl_nir7mh9f.mlw", line 3328, characters 39-64:
Sub-goal precondition of goal _parser__parse_module'vc.
Prover result is: Valid (0.00s, 5573 steps).

File "/tmp/.pycsl_nir7mh9f.mlw", line 3322, characters 16-51:
Sub-goal loop variant decrease of goal _parser__parse_module'vc.
Prover result is: Valid (0.02s, 69419 steps).

File "/tmp/.pycsl_nir7mh9f.mlw", line 3320, characters 18-72:
Sub-goal loop invariant preservation of goal _parser__parse_module'vc.
Prover result is: Valid (0.02s, 71052 steps).

File "/tmp/.pycsl_nir7mh9f.mlw", line 3321, characters 18-34:
Sub-goal loop invariant preservation of goal _parser__parse_module'vc.
Prover result is: Valid (0.01s, 69490 steps).

File "/tmp/.pycsl_nir7mh9f.mlw", line 3311, characters 15-19:
Sub-goal postcondition of goal _parser__parse_module'vc.
Prover result is: Valid (0.01s, 5853 steps).

File "/tmp/.pycsl_nir7mh9f.mlw", line 3312, characters 15-39:
Sub-goal postcondition of goal _parser__parse_module'vc.
Prover result is: Valid (0.01s, 15607 steps).

File "/tmp/.pycsl_nir7mh9f.mlw", line 3340, characters 9-32:
Sub-goal precondition of goal _parser__raise_stmt'vc.
Prover result is: Valid (0.01s, 5295 steps).

File "/tmp/.pycsl_nir7mh9f.mlw", line 3343, characters 13-38:
Sub-goal precondition of goal _parser__raise_stmt'vc.
Prover result is: Valid (0.00s, 5470 steps).

File "/tmp/.pycsl_nir7mh9f.mlw", line 3344, characters 22-42:
Sub-goal precondition of goal _parser__raise_stmt'vc.
Prover result is: Valid (0.01s, 5470 steps).

File "/tmp/.pycsl_nir7mh9f.mlw", line 3345, characters 16-48:
Sub-goal precondition of goal _parser__raise_stmt'vc.
Prover result is: Valid (0.00s, 5506 steps).

File "/tmp/.pycsl_nir7mh9f.mlw", line 3346, characters 26-46:
Sub-goal precondition of goal _parser__raise_stmt'vc.
Prover result is: Valid (0.01s, 5572 steps).

File "/tmp/.pycsl_nir7mh9f.mlw", line 3336, characters 15-19:
Sub-goal postcondition of goal _parser__raise_stmt'vc.
Prover result is: Valid (0.00s, 5912 steps).

File "/tmp/.pycsl_nir7mh9f.mlw", line 3336, characters 15-19:
Sub-goal postcondition of goal _parser__raise_stmt'vc.
Prover result is: Valid (0.00s, 5856 steps).

File "/tmp/.pycsl_nir7mh9f.mlw", line 3336, characters 15-19:
Sub-goal postcondition of goal _parser__raise_stmt'vc.
Prover result is: Valid (0.00s, 5479 steps).

File "/tmp/.pycsl_nir7mh9f.mlw", line 3351, characters 23-67:
Sub-goal goal of goal _parser__raise_stmt__union_arm_Arm_5_0_inj.
Prover result is: Valid (0.01s, 5290 steps).

File "/tmp/.pycsl_nir7mh9f.mlw", line 3353, characters 63-68:
Sub-goal goal of goal _parser__raise_stmt__union_arm_Arm_5_0_proj.
Prover result is: Valid (0.00s, 5285 steps).

File "/tmp/.pycsl_nir7mh9f.mlw", line 3361, characters 9-32:
Sub-goal precondition of goal _parser__return_stmt'vc.
Prover result is: Valid (0.01s, 5295 steps).

File "/tmp/.pycsl_nir7mh9f.mlw", line 3363, characters 13-38:
Sub-goal precondition of goal _parser__return_stmt'vc.
Prover result is: Valid (0.00s, 5470 steps).

File "/tmp/.pycsl_nir7mh9f.mlw", line 3364, characters 25-49:
Sub-goal precondition of goal _parser__return_stmt'vc.
Prover result is: Valid (0.00s, 5470 steps).

File "/tmp/.pycsl_nir7mh9f.mlw", line 3357, characters 15-19:
Sub-goal postcondition of goal _parser__return_stmt'vc.
Prover result is: Valid (0.01s, 5779 steps).

File "/tmp/.pycsl_nir7mh9f.mlw", line 3357, characters 15-19:
Sub-goal postcondition of goal _parser__return_stmt'vc.
Prover result is: Valid (0.01s, 5479 steps).

File "/tmp/.pycsl_nir7mh9f.mlw", line 3368, characters 23-68:
Sub-goal goal of goal _parser__return_stmt__union_arm_Arm_4_0_inj.
Prover result is: Valid (0.00s, 5290 steps).

File "/tmp/.pycsl_nir7mh9f.mlw", line 3370, characters 64-69:
Sub-goal goal of goal _parser__return_stmt__union_arm_Arm_4_0_proj.
Prover result is: Valid (0.01s, 5285 steps).

File "/tmp/.pycsl_nir7mh9f.mlw", line 3388, characters 9-28:
Sub-goal precondition of goal _parser__testlist_star_expr'vc.
Prover result is: Valid (0.00s, 5295 steps).

File "/tmp/.pycsl_nir7mh9f.mlw", line 3389, characters 29-57:
Sub-goal precondition of goal _parser__testlist_star_expr'vc.
Prover result is: Valid (0.00s, 5473 steps).

File "/tmp/.pycsl_nir7mh9f.mlw", line 3395, characters 18-72:
Sub-goal loop invariant init of goal _parser__testlist_star_expr'vc.
Prover result is: Valid (0.02s, 66090 steps).

File "/tmp/.pycsl_nir7mh9f.mlw", line 3396, characters 18-33:
Sub-goal loop invariant init of goal _parser__testlist_star_expr'vc.
Prover result is: Valid (0.01s, 19123 steps).

File "/tmp/.pycsl_nir7mh9f.mlw", line 3394, characters 17-46:
Sub-goal type invariant of goal _parser__testlist_star_expr'vc.
Prover result is: Valid (0.00s, 6534 steps).

File "/tmp/.pycsl_nir7mh9f.mlw", line 3394, characters 17-46:
Sub-goal type invariant of goal _parser__testlist_star_expr'vc.
Prover result is: Valid (0.01s, 6541 steps).

File "/tmp/.pycsl_nir7mh9f.mlw", line 3394, characters 17-46:
Sub-goal type invariant of goal _parser__testlist_star_expr'vc.
Prover result is: Valid (0.01s, 65110 steps).

File "/tmp/.pycsl_nir7mh9f.mlw", line 3394, characters 17-46:
Sub-goal type invariant of goal _parser__testlist_star_expr'vc.
Prover result is: Valid (0.02s, 65977 steps).

File "/tmp/.pycsl_nir7mh9f.mlw", line 3394, characters 17-46:
Sub-goal precondition of goal _parser__testlist_star_expr'vc.
Prover result is: Valid (0.00s, 6549 steps).

File "/tmp/.pycsl_nir7mh9f.mlw", line 3399, characters 10-39:
Sub-goal precondition of goal _parser__testlist_star_expr'vc.
Prover result is: Valid (0.00s, 6622 steps).

File "/tmp/.pycsl_nir7mh9f.mlw", line 3379, characters 15-19:
Sub-goal postcondition of goal _parser__testlist_star_expr'vc.
Prover result is: Valid (0.01s, 6688 steps).

File "/tmp/.pycsl_nir7mh9f.mlw", line 3380, characters 15-39:
Sub-goal postcondition of goal _parser__testlist_star_expr'vc.
Prover result is: Valid (0.01s, 11215 steps).

File "/tmp/.pycsl_nir7mh9f.mlw", line 3379, characters 15-19:
Sub-goal postcondition of goal _parser__testlist_star_expr'vc.
Prover result is: Valid (0.01s, 6888 steps).

File "/tmp/.pycsl_nir7mh9f.mlw", line 3380, characters 15-39:
Sub-goal postcondition of goal _parser__testlist_star_expr'vc.
Prover result is: Valid (0.01s, 81690 steps).

File "/tmp/.pycsl_nir7mh9f.mlw", line 3403, characters 29-57:
Sub-goal precondition of goal _parser__testlist_star_expr'vc.
Prover result is: Valid (0.00s, 6632 steps).

File "/tmp/.pycsl_nir7mh9f.mlw", line 3397, characters 16-51:
Sub-goal loop variant decrease of goal _parser__testlist_star_expr'vc.
Prover result is: Valid (0.02s, 88898 steps).

File "/tmp/.pycsl_nir7mh9f.mlw", line 3395, characters 18-72:
Sub-goal loop invariant preservation of goal _parser__testlist_star_expr'vc.
Prover result is: Valid (0.02s, 74670 steps).

File "/tmp/.pycsl_nir7mh9f.mlw", line 3396, characters 18-33:
Sub-goal loop invariant preservation of goal _parser__testlist_star_expr'vc.
Prover result is: Valid (0.01s, 72702 steps).

File "/tmp/.pycsl_nir7mh9f.mlw", line 3379, characters 15-19:
Sub-goal postcondition of goal _parser__testlist_star_expr'vc.
Prover result is: Valid (0.01s, 6685 steps).

File "/tmp/.pycsl_nir7mh9f.mlw", line 3380, characters 15-39:
Sub-goal postcondition of goal _parser__testlist_star_expr'vc.
Prover result is: Valid (0.02s, 76663 steps).

File "/tmp/.pycsl_nir7mh9f.mlw", line 3379, characters 15-19:
Sub-goal postcondition of goal _parser__testlist_star_expr'vc.
Prover result is: Valid (0.01s, 6885 steps).

File "/tmp/.pycsl_nir7mh9f.mlw", line 3380, characters 15-39:
Sub-goal postcondition of goal _parser__testlist_star_expr'vc.
Prover result is: Valid (0.01s, 79013 steps).

File "/tmp/.pycsl_nir7mh9f.mlw", line 3421, characters 8-72:
Sub-goal precondition of goal _parser__testlist_star_expr_or_yield'vc.
Prover result is: Valid (0.00s, 6271 steps).

File "/tmp/.pycsl_nir7mh9f.mlw", line 3422, characters 28-54:
Sub-goal precondition of goal _parser__testlist_star_expr_or_yield'vc.
Prover result is: Valid (0.00s, 6472 steps).

File "/tmp/.pycsl_nir7mh9f.mlw", line 3416, characters 15-19:
Sub-goal postcondition of goal _parser__testlist_star_expr_or_yield'vc.
Prover result is: Valid (0.00s, 6499 steps).

File "/tmp/.pycsl_nir7mh9f.mlw", line 3417, characters 15-39:
Sub-goal postcondition of goal _parser__testlist_star_expr_or_yield'vc.
Prover result is: Valid (0.01s, 6504 steps).

File "/tmp/.pycsl_nir7mh9f.mlw", line 3424, characters 28-62:
Sub-goal precondition of goal _parser__testlist_star_expr_or_yield'vc.
Prover result is: Valid (0.01s, 6470 steps).

File "/tmp/.pycsl_nir7mh9f.mlw", line 3416, characters 15-19:
Sub-goal postcondition of goal _parser__testlist_star_expr_or_yield'vc.
Prover result is: Valid (0.00s, 6497 steps).

File "/tmp/.pycsl_nir7mh9f.mlw", line 3417, characters 15-39:
Sub-goal postcondition of goal _parser__testlist_star_expr_or_yield'vc.
Prover result is: Valid (0.00s, 6502 steps).

File "/tmp/.pycsl_nir7mh9f.mlw", line 3451, characters 15-19:
Sub-goal postcondition of goal _unparser___for_helper'vc.
Prover result is: Valid (0.00s, 5276 steps).

File "/tmp/.pycsl_nir7mh9f.mlw", line 3466, characters 15-19:
Sub-goal postcondition of goal _unparser___fstring_Constant'vc.
Prover result is: Valid (0.00s, 5276 steps).

File "/tmp/.pycsl_nir7mh9f.mlw", line 3472, characters 15-19:
Sub-goal postcondition of goal _unparser___fstring_FormattedValue'vc.
Prover result is: Valid (0.00s, 5276 steps).

File "/tmp/.pycsl_nir7mh9f.mlw", line 3478, characters 15-19:
Sub-goal postcondition of goal _unparser___fstring_JoinedStr'vc.
Prover result is: Valid (0.00s, 5276 steps).

File "/tmp/.pycsl_nir7mh9f.mlw", line 3496, characters 15-19:
Sub-goal postcondition of goal _unparser___write_constant'vc.
Prover result is: Valid (0.01s, 5276 steps).

File "/tmp/.pycsl_nir7mh9f.mlw", line 3510, characters 15-19:
Sub-goal postcondition of goal _unparser___write_docstring'vc.
Prover result is: Valid (0.01s, 5276 steps).

File "/tmp/.pycsl_nir7mh9f.mlw", line 3528, characters 15-19:
Sub-goal postcondition of goal _unparser___write_str_avoiding_backslashes'vc.
Prover result is: Valid (0.00s, 5286 steps).

File "/tmp/.pycsl_nir7mh9f.mlw", line 3541, characters 15-19:
Sub-goal postcondition of goal _unparser__block'vc.
Prover result is: Valid (0.01s, 5276 steps).

File "/tmp/.pycsl_nir7mh9f.mlw", line 3557, characters 15-19:
Sub-goal postcondition of goal _unparser__delimit'vc.
Prover result is: Valid (0.01s, 5276 steps).

File "/tmp/.pycsl_nir7mh9f.mlw", line 3577, characters 15-19:
Sub-goal postcondition of goal _unparser__get_precedence'vc.
Prover result is: Valid (0.00s, 5276 steps).

File "/tmp/.pycsl_nir7mh9f.mlw", line 3583, characters 15-19:
Sub-goal postcondition of goal _unparser__get_raw_docstring'vc.
Prover result is: Valid (0.00s, 5343 steps).

File "/tmp/.pycsl_nir7mh9f.mlw", line 3583, characters 15-19:
Sub-goal postcondition of goal _unparser__get_raw_docstring'vc.
Prover result is: Valid (0.01s, 5350 steps).

File "/tmp/.pycsl_nir7mh9f.mlw", line 3583, characters 15-19:
Sub-goal postcondition of goal _unparser__get_raw_docstring'vc.
Prover result is: Valid (0.00s, 5407 steps).

File "/tmp/.pycsl_nir7mh9f.mlw", line 3583, characters 15-19:
Sub-goal postcondition of goal _unparser__get_raw_docstring'vc.
Prover result is: Valid (0.01s, 5405 steps).

File "/tmp/.pycsl_nir7mh9f.mlw", line 3622, characters 15-19:
Sub-goal postcondition of goal _unparser__maybe_newline'vc.
Prover result is: Valid (0.01s, 5276 steps).

File "/tmp/.pycsl_nir7mh9f.mlw", line 3642, characters 15-19:
Sub-goal postcondition of goal _unparser__visit'vc.
Prover result is: Valid (0.00s, 5276 steps).

File "/tmp/.pycsl_nir7mh9f.mlw", line 3650, characters 15-19:
Sub-goal postcondition of goal _unparser__visit_AnnAssign'vc.
Prover result is: Valid (0.00s, 5276 steps).

File "/tmp/.pycsl_nir7mh9f.mlw", line 3663, characters 15-19:
Sub-goal postcondition of goal _unparser__visit_Assert'vc.
Prover result is: Valid (0.00s, 5276 steps).

File "/tmp/.pycsl_nir7mh9f.mlw", line 3678, characters 15-19:
Sub-goal postcondition of goal _unparser__visit_AsyncFor'vc.
Prover result is: Valid (0.00s, 5276 steps).

File "/tmp/.pycsl_nir7mh9f.mlw", line 3684, characters 15-19:
Sub-goal postcondition of goal _unparser__visit_AsyncFunctionDef'vc.
Prover result is: Valid (0.00s, 5276 steps).

File "/tmp/.pycsl_nir7mh9f.mlw", line 3694, characters 15-19:
Sub-goal postcondition of goal _unparser__visit_Attribute'vc.
Prover result is: Valid (0.00s, 5330 steps).

File "/tmp/.pycsl_nir7mh9f.mlw", line 3710, characters 15-19:
Sub-goal postcondition of goal _unparser__visit_Await'vc.
Prover result is: Valid (0.01s, 5276 steps).

File "/tmp/.pycsl_nir7mh9f.mlw", line 3721, characters 15-19:
Sub-goal postcondition of goal _unparser__visit_BinOp'vc.
Prover result is: Valid (0.00s, 5281 steps).

File "/tmp/.pycsl_nir7mh9f.mlw", line 3721, characters 15-19:
Sub-goal postcondition of goal _unparser__visit_BinOp'vc.
Prover result is: Valid (0.00s, 5290 steps).

File "/tmp/.pycsl_nir7mh9f.mlw", line 3748, characters 15-19:
Sub-goal postcondition of goal _unparser__visit_Break'vc.
Prover result is: Valid (0.00s, 5276 steps).

File "/tmp/.pycsl_nir7mh9f.mlw", line 3766, characters 15-19:
Sub-goal postcondition of goal _unparser__visit_Constant'vc.
Prover result is: Valid (0.01s, 5276 steps).

File "/tmp/.pycsl_nir7mh9f.mlw", line 3785, characters 15-19:
Sub-goal postcondition of goal _unparser__visit_Continue'vc.
Prover result is: Valid (0.00s, 5276 steps).

File "/tmp/.pycsl_nir7mh9f.mlw", line 3803, characters 15-19:
Sub-goal postcondition of goal _unparser__visit_Ellipsis'vc.
Prover result is: Valid (0.00s, 5276 steps).

File "/tmp/.pycsl_nir7mh9f.mlw", line 3809, characters 15-19:
Sub-goal postcondition of goal _unparser__visit_ExceptHandler'vc.
Prover result is: Valid (0.01s, 5278 steps).

File "/tmp/.pycsl_nir7mh9f.mlw", line 3824, characters 15-19:
Sub-goal postcondition of goal _unparser__visit_Expr'vc.
Prover result is: Valid (0.00s, 5276 steps).

File "/tmp/.pycsl_nir7mh9f.mlw", line 3832, characters 15-19:
Sub-goal postcondition of goal _unparser__visit_For'vc.
Prover result is: Valid (0.00s, 5276 steps).

File "/tmp/.pycsl_nir7mh9f.mlw", line 3842, characters 15-19:
Sub-goal postcondition of goal _unparser__visit_FunctionDef'vc.
Prover result is: Valid (0.01s, 5276 steps).

File "/tmp/.pycsl_nir7mh9f.mlw", line 3864, characters 15-19:
Sub-goal postcondition of goal _unparser__visit_IfExp'vc.
Prover result is: Valid (0.01s, 5276 steps).

File "/tmp/.pycsl_nir7mh9f.mlw", line 3888, characters 15-19:
Sub-goal postcondition of goal _unparser__visit_Lambda'vc.
Prover result is: Valid (0.01s, 5276 steps).

File "/tmp/.pycsl_nir7mh9f.mlw", line 3913, characters 15-19:
Sub-goal postcondition of goal _unparser__visit_MatchAs'vc.
Prover result is: Valid (0.01s, 5276 steps).

File "/tmp/.pycsl_nir7mh9f.mlw", line 3949, characters 15-19:
Sub-goal postcondition of goal _unparser__visit_MatchSingleton'vc.
Prover result is: Valid (0.00s, 5276 steps).

File "/tmp/.pycsl_nir7mh9f.mlw", line 3959, characters 15-19:
Sub-goal postcondition of goal _unparser__visit_MatchValue'vc.
Prover result is: Valid (0.00s, 5276 steps).

File "/tmp/.pycsl_nir7mh9f.mlw", line 3965, characters 15-19:
Sub-goal postcondition of goal _unparser__visit_Module'vc.
Prover result is: Valid (0.01s, 5276 steps).

File "/tmp/.pycsl_nir7mh9f.mlw", line 3973, characters 15-19:
Sub-goal postcondition of goal _unparser__visit_Name'vc.
Prover result is: Valid (0.01s, 5276 steps).

File "/tmp/.pycsl_nir7mh9f.mlw", line 3979, characters 15-19:
Sub-goal postcondition of goal _unparser__visit_NamedExpr'vc.
Prover result is: Valid (0.00s, 5276 steps).

File "/tmp/.pycsl_nir7mh9f.mlw", line 3996, characters 15-19:
Sub-goal postcondition of goal _unparser__visit_Pass'vc.
Prover result is: Valid (0.00s, 5276 steps).

File "/tmp/.pycsl_nir7mh9f.mlw", line 4002, characters 15-19:
Sub-goal postcondition of goal _unparser__visit_Raise'vc.
Prover result is: Valid (0.00s, 5276 steps).

File "/tmp/.pycsl_nir7mh9f.mlw", line 4002, characters 15-19:
Sub-goal postcondition of goal _unparser__visit_Raise'vc.
Prover result is: Valid (0.00s, 5285 steps).

File "/tmp/.pycsl_nir7mh9f.mlw", line 4024, characters 15-19:
Sub-goal postcondition of goal _unparser__visit_Return'vc.
Prover result is: Valid (0.00s, 5276 steps).

File "/tmp/.pycsl_nir7mh9f.mlw", line 4042, characters 15-19:
Sub-goal postcondition of goal _unparser__visit_Slice'vc.
Prover result is: Valid (0.00s, 5278 steps).

File "/tmp/.pycsl_nir7mh9f.mlw", line 4058, characters 15-19:
Sub-goal postcondition of goal _unparser__visit_Starred'vc.
Prover result is: Valid (0.01s, 5276 steps).

File "/tmp/.pycsl_nir7mh9f.mlw", line 4066, characters 15-19:
Sub-goal postcondition of goal _unparser__visit_Subscript'vc.
Prover result is: Valid (0.01s, 5276 steps).

File "/tmp/.pycsl_nir7mh9f.mlw", line 4078, characters 15-19:
Sub-goal postcondition of goal _unparser__visit_Try'vc.
Prover result is: Valid (0.00s, 5276 steps).

File "/tmp/.pycsl_nir7mh9f.mlw", line 4087, characters 15-19:
Sub-goal postcondition of goal _unparser__visit_TryStar'vc.
Prover result is: Valid (0.00s, 5276 steps).

File "/tmp/.pycsl_nir7mh9f.mlw", line 4096, characters 15-19:
Sub-goal postcondition of goal _unparser__visit_Tuple'vc.
Prover result is: Valid (0.00s, 5276 steps).

File "/tmp/.pycsl_nir7mh9f.mlw", line 4102, characters 15-19:
Sub-goal postcondition of goal _unparser__visit_TypeAlias'vc.
Prover result is: Valid (0.00s, 5276 steps).

File "/tmp/.pycsl_nir7mh9f.mlw", line 4112, characters 15-19:
Sub-goal postcondition of goal _unparser__visit_TypeVar'vc.
Prover result is: Valid (0.00s, 5276 steps).

File "/tmp/.pycsl_nir7mh9f.mlw", line 4126, characters 15-19:
Sub-goal postcondition of goal _unparser__visit_UnaryOp'vc.
Prover result is: Valid (0.00s, 5276 steps).

File "/tmp/.pycsl_nir7mh9f.mlw", line 4141, characters 15-19:
Sub-goal postcondition of goal _unparser__visit_While'vc.
Prover result is: Valid (0.00s, 5276 steps).

File "/tmp/.pycsl_nir7mh9f.mlw", line 4157, characters 15-19:
Sub-goal postcondition of goal _unparser__visit_Yield'vc.
Prover result is: Valid (0.01s, 5276 steps).

File "/tmp/.pycsl_nir7mh9f.mlw", line 4168, characters 15-19:
Sub-goal postcondition of goal _unparser__visit_YieldFrom'vc.
Prover result is: Valid (0.01s, 5285 steps).

File "/tmp/.pycsl_nir7mh9f.mlw", line 4184, characters 15-19:
Sub-goal postcondition of goal _unparser__visit_arg'vc.
Prover result is: Valid (0.00s, 5276 steps).

File "/tmp/.pycsl_nir7mh9f.mlw", line 4202, characters 15-19:
Sub-goal postcondition of goal _unparser__visit_keyword'vc.
Prover result is: Valid (0.00s, 5277 steps).

File "/tmp/.pycsl_nir7mh9f.mlw", line 4214, characters 15-19:
Sub-goal postcondition of goal _unparser__visit_match_case'vc.
Prover result is: Valid (0.00s, 5277 steps).

File "/tmp/.pycsl_nir7mh9f.mlw", line 4226, characters 15-19:
Sub-goal postcondition of goal _unparser__visit_withitem'vc.
Prover result is: Valid (0.00s, 5276 steps).

File "/tmp/.pycsl_nir7mh9f.mlw", line 4236, characters 15-19:
Sub-goal postcondition of goal _unparser__write'vc.
Prover result is: Valid (0.00s, 5276 steps).

File "/tmp/.pycsl_nir7mh9f.mlw", line 4258, characters 15-19:
Sub-goal postcondition of goal get_docstring'vc.
Prover result is: Valid (0.00s, 5302 steps).

File "/tmp/.pycsl_nir7mh9f.mlw", line 4258, characters 15-19:
Sub-goal postcondition of goal get_docstring'vc.
Prover result is: Valid (0.01s, 5383 steps).

File "/tmp/.pycsl_nir7mh9f.mlw", line 4258, characters 15-19:
Sub-goal postcondition of goal get_docstring'vc.
Prover result is: Valid (0.00s, 5379 steps).

File "/tmp/.pycsl_nir7mh9f.mlw", line 4258, characters 15-19:
Sub-goal postcondition of goal get_docstring'vc.
Prover result is: Valid (0.01s, 5372 steps).

Warnings/Errors from Why3:
Warning, file "/tmp/.pycsl_nir7mh9f.mlw", line 578, characters 20-22: unused variable x0
Warning, file "/tmp/.pycsl_nir7mh9f.mlw", line 614, characters 20-23: unused variable sep
Warning, file "/tmp/.pycsl_nir7mh9f.mlw", line 614, characters 34-36: unused variable xs
Warning, file "/tmp/.pycsl_nir7mh9f.mlw", line 637, characters 15-19: unused variable result
Warning, file "/tmp/.pycsl_nir7mh9f.mlw", line 641, characters 20-29: unused variable namespace
Warning, file "/tmp/.pycsl_nir7mh9f.mlw", line 649, characters 27-32: unused variable value
Warning, file "/tmp/.pycsl_nir7mh9f.mlw", line 653, characters 23-27: unused variable body
Warning, file "/tmp/.pycsl_nir7mh9f.mlw", line 653, characters 35-43: unused variable is_bytes
Warning, file "/tmp/.pycsl_nir7mh9f.mlw", line 657, characters 30-34: unused variable text
Warning, file "/tmp/.pycsl_nir7mh9f.mlw", line 657, characters 45-51: unused variable is_raw
Warning, file "/tmp/.pycsl_nir7mh9f.mlw", line 659, characters 15-19: unused variable result
Warning, file "/tmp/.pycsl_nir7mh9f.mlw", line 661, characters 22-25: unused variable tok
Warning, file "/tmp/.pycsl_nir7mh9f.mlw", line 665, characters 27-39: unused variable start_string
Warning, file "/tmp/.pycsl_nir7mh9f.mlw", line 667, characters 15-19: unused variable result
Warning, file "/tmp/.pycsl_nir7mh9f.mlw", line 671, characters 15-19: unused variable result
Warning, file "/tmp/.pycsl_nir7mh9f.mlw", line 675, characters 12-18: unused variable source
Warning, file "/tmp/.pycsl_nir7mh9f.mlw", line 679, characters 28-34: unused variable values
Warning, file "/tmp/.pycsl_nir7mh9f.mlw", line 679, characters 52-62: unused variable drop_empty
Warning, file "/tmp/.pycsl_nir7mh9f.mlw", line 681, characters 15-19: unused variable result
Warning, file "/tmp/.pycsl_nir7mh9f.mlw", line 685, characters 15-19: unused variable result
Warning, file "/tmp/.pycsl_nir7mh9f.mlw", line 699, characters 8-9: unused variable c
Warning, file "/tmp/.pycsl_nir7mh9f.mlw", line 697, characters 15-19: unused variable result
Warning, file "/tmp/.pycsl_nir7mh9f.mlw", line 715, characters 21-22: unused variable s
Warning, file "/tmp/.pycsl_nir7mh9f.mlw", line 721, characters 15-97: unused variable result
Warning, file "/tmp/.pycsl_nir7mh9f.mlw", line 759, characters 15-19: unused variable result
Warning, file "/tmp/.pycsl_nir7mh9f.mlw", line 779, characters 15-19: unused variable result
Warning, file "/tmp/.pycsl_nir7mh9f.mlw", line 785, characters 15-38: unused variable result
Warning, file "/tmp/.pycsl_nir7mh9f.mlw", line 809, characters 15-19: unused variable result
Warning, file "/tmp/.pycsl_nir7mh9f.mlw", line 818, characters 15-38: unused variable result
Warning, file "/tmp/.pycsl_nir7mh9f.mlw", line 828, characters 15-38: unused variable result
Warning, file "/tmp/.pycsl_nir7mh9f.mlw", line 839, characters 15-38: unused variable result
Warning, file "/tmp/.pycsl_nir7mh9f.mlw", line 851, characters 15-19: unused variable result
Warning, file "/tmp/.pycsl_nir7mh9f.mlw", line 1463, characters 15-19: unused variable result
Warning, file "/tmp/.pycsl_nir7mh9f.mlw", line 1445, characters 15-19: unused variable result
Warning, file "/tmp/.pycsl_nir7mh9f.mlw", line 1418, characters 15-19: unused variable result
Warning, file "/tmp/.pycsl_nir7mh9f.mlw", line 1401, characters 15-39: unused variable result
Warning, file "/tmp/.pycsl_nir7mh9f.mlw", line 1391, characters 15-19: unused variable result
Warning, file "/tmp/.pycsl_nir7mh9f.mlw", line 1374, characters 16-22: unused variable py_end
Warning, file "/tmp/.pycsl_nir7mh9f.mlw", line 1363, characters 14-20: unused variable py_end
Warning, file "/tmp/.pycsl_nir7mh9f.mlw", line 1350, characters 12-18: unused variable py_end
Warning, file "/tmp/.pycsl_nir7mh9f.mlw", line 1334, characters 8-14: unused variable py_end
Warning, file "/tmp/.pycsl_nir7mh9f.mlw", line 1324, characters 15-19: unused variable result
Warning, file "/tmp/.pycsl_nir7mh9f.mlw", line 1268, characters 8-16: unused variable args_len
Warning, file "/tmp/.pycsl_nir7mh9f.mlw", line 1267, characters 8-20: unused variable keywords_len
Warning, file "/tmp/.pycsl_nir7mh9f.mlw", line 1262, characters 15-19: unused variable result
Warning, file "/tmp/.pycsl_nir7mh9f.mlw", line 1227, characters 8-16: unused variable gens_len
Warning, file "/tmp/.pycsl_nir7mh9f.mlw", line 1226, characters 8-15: unused variable ifs_len
Warning, file "/tmp/.pycsl_nir7mh9f.mlw", line 1221, characters 15-19: unused variable result
Warning, file "/tmp/.pycsl_nir7mh9f.mlw", line 1199, characters 8-18: unused variable values_len
Warning, file "/tmp/.pycsl_nir7mh9f.mlw", line 1193, characters 15-19: unused variable result
Warning, file "/tmp/.pycsl_nir7mh9f.mlw", line 1171, characters 8-18: unused variable values_len
Warning, file "/tmp/.pycsl_nir7mh9f.mlw", line 1165, characters 15-19: unused variable result
Warning, file "/tmp/.pycsl_nir7mh9f.mlw", line 1147, characters 15-19: unused variable result
Warning, file "/tmp/.pycsl_nir7mh9f.mlw", line 1096, characters 8-23: unused variable comparators_len
Warning, file "/tmp/.pycsl_nir7mh9f.mlw", line 1095, characters 8-15: unused variable ops_len
Warning, file "/tmp/.pycsl_nir7mh9f.mlw", line 1089, characters 15-19: unused variable result
Warning, file "/tmp/.pycsl_nir7mh9f.mlw", line 1081, characters 15-19: unused variable result
Warning, file "/tmp/.pycsl_nir7mh9f.mlw", line 1067, characters 15-19: unused variable result
Warning, file "/tmp/.pycsl_nir7mh9f.mlw", line 1048, characters 15-19: unused variable result
Warning, file "/tmp/.pycsl_nir7mh9f.mlw", line 983, characters 8-16: unused variable args_len
Warning, file "/tmp/.pycsl_nir7mh9f.mlw", line 982, characters 8-20: unused variable defaults_len
Warning, file "/tmp/.pycsl_nir7mh9f.mlw", line 981, characters 8-23: unused variable kw_defaults_len
Warning, file "/tmp/.pycsl_nir7mh9f.mlw", line 980, characters 8-18: unused variable kwonly_len
Warning, file "/tmp/.pycsl_nir7mh9f.mlw", line 975, characters 15-19: unused variable result
Warning, file "/tmp/.pycsl_nir7mh9f.mlw", line 947, characters 15-19: unused variable result
Warning, file "/tmp/.pycsl_nir7mh9f.mlw", line 912, characters 8-16: unused variable elts_len
Warning, file "/tmp/.pycsl_nir7mh9f.mlw", line 906, characters 15-19: unused variable result
Warning, file "/tmp/.pycsl_nir7mh9f.mlw", line 875, characters 15-19: unused variable result
Warning, file "/tmp/.pycsl_nir7mh9f.mlw", line 857, characters 15-19: unused variable result
Warning, file "/tmp/.pycsl_nir7mh9f.mlw", line 1502, characters 15-39: unused variable result
Warning, file "/tmp/.pycsl_nir7mh9f.mlw", line 1550, characters 8-14: unused variable py_end
Warning, file "/tmp/.pycsl_nir7mh9f.mlw", line 1523, characters 8-14: unused variable py_end
Warning, file "/tmp/.pycsl_nir7mh9f.mlw", line 1520, characters 8-16: unused variable keys_len
Warning, file "/tmp/.pycsl_nir7mh9f.mlw", line 1519, characters 8-18: unused variable values_len
Warning, file "/tmp/.pycsl_nir7mh9f.mlw", line 1513, characters 43-44: unused variable t
Warning, file "/tmp/.pycsl_nir7mh9f.mlw", line 1513, characters 53-62: unused variable first_key
Warning, file "/tmp/.pycsl_nir7mh9f.mlw", line 1515, characters 15-19: unused variable result
Warning, file "/tmp/.pycsl_nir7mh9f.mlw", line 1558, characters 8-17: unused variable parts_len
Warning, file "/tmp/.pycsl_nir7mh9f.mlw", line 1555, characters 15-39: unused variable result
Warning, file "/tmp/.pycsl_nir7mh9f.mlw", line 1582, characters 15-19: unused variable result
Warning, file "/tmp/.pycsl_nir7mh9f.mlw", line 1610, characters 15-19: unused variable result
Warning, file "/tmp/.pycsl_nir7mh9f.mlw", line 1621, characters 8-17: unused variable stmts_len
Warning, file "/tmp/.pycsl_nir7mh9f.mlw", line 1616, characters 15-19: unused variable result
Warning, file "/tmp/.pycsl_nir7mh9f.mlw", line 1643, characters 15-19: unused variable result
Warning, file "/tmp/.pycsl_nir7mh9f.mlw", line 1683, characters 15-19: unused variable result
Warning, file "/tmp/.pycsl_nir7mh9f.mlw", line 1710, characters 15-19: unused variable result
Warning, file "/tmp/.pycsl_nir7mh9f.mlw", line 1719, characters 15-19: unused variable result
Warning, file "/tmp/.pycsl_nir7mh9f.mlw", line 1725, characters 15-19: unused variable result
Warning, file "/tmp/.pycsl_nir7mh9f.mlw", line 1737, characters 8-16: unused variable elts_len
Warning, file "/tmp/.pycsl_nir7mh9f.mlw", line 1732, characters 15-19: unused variable result
Warning, file "/tmp/.pycsl_nir7mh9f.mlw", line 1769, characters 8-18: unused variable params_len
Warning, file "/tmp/.pycsl_nir7mh9f.mlw", line 1765, characters 15-19: unused variable result
Warning, file "/tmp/.pycsl_nir7mh9f.mlw", line 1813, characters 15-19: unused variable result
Warning, file "/tmp/.pycsl_nir7mh9f.mlw", line 1842, characters 8-16: unused variable args_len
Warning, file "/tmp/.pycsl_nir7mh9f.mlw", line 1841, characters 8-20: unused variable defaults_len
Warning, file "/tmp/.pycsl_nir7mh9f.mlw", line 1840, characters 8-23: unused variable kw_defaults_len
Warning, file "/tmp/.pycsl_nir7mh9f.mlw", line 1839, characters 8-18: unused variable kwonly_len
Warning, file "/tmp/.pycsl_nir7mh9f.mlw", line 1834, characters 15-19: unused variable result
Warning, file "/tmp/.pycsl_nir7mh9f.mlw", line 1908, characters 15-19: unused variable result
Warning, file "/tmp/.pycsl_nir7mh9f.mlw", line 1914, characters 15-19: unused variable result
Warning, file "/tmp/.pycsl_nir7mh9f.mlw", line 1961, characters 15-19: unused variable result
Warning, file "/tmp/.pycsl_nir7mh9f.mlw", line 1975, characters 8-16: unused variable elts_len
Warning, file "/tmp/.pycsl_nir7mh9f.mlw", line 1970, characters 15-19: unused variable result
Warning, file "/tmp/.pycsl_nir7mh9f.mlw", line 2003, characters 15-19: unused variable result
Warning, file "/tmp/.pycsl_nir7mh9f.mlw", line 2014, characters 8-16: unused variable pats_len
Warning, file "/tmp/.pycsl_nir7mh9f.mlw", line 2009, characters 15-19: unused variable result
Warning, file "/tmp/.pycsl_nir7mh9f.mlw", line 2037, characters 15-19: unused variable result
Warning, file "/tmp/.pycsl_nir7mh9f.mlw", line 2056, characters 15-19: unused variable result
Warning, file "/tmp/.pycsl_nir7mh9f.mlw", line 2544, characters 15-19: unused variable result
Warning, file "/tmp/.pycsl_nir7mh9f.mlw", line 2502, characters 15-19: unused variable result
Warning, file "/tmp/.pycsl_nir7mh9f.mlw", line 2442, characters 15-19: unused variable result
Warning, file "/tmp/.pycsl_nir7mh9f.mlw", line 2418, characters 15-19: unused variable result
Warning, file "/tmp/.pycsl_nir7mh9f.mlw", line 2398, characters 15-19: unused variable result
Warning, file "/tmp/.pycsl_nir7mh9f.mlw", line 2367, characters 15-19: unused variable result
Warning, file "/tmp/.pycsl_nir7mh9f.mlw", line 2333, characters 8-17: unused variable items_len
Warning, file "/tmp/.pycsl_nir7mh9f.mlw", line 2328, characters 15-19: unused variable result
Warning, file "/tmp/.pycsl_nir7mh9f.mlw", line 2297, characters 15-19: unused variable result
Warning, file "/tmp/.pycsl_nir7mh9f.mlw", line 2264, characters 8-22: unused variable decorators_len
Warning, file "/tmp/.pycsl_nir7mh9f.mlw", line 2258, characters 15-19: unused variable result
Warning, file "/tmp/.pycsl_nir7mh9f.mlw", line 2242, characters 15-19: unused variable result
Warning, file "/tmp/.pycsl_nir7mh9f.mlw", line 2215, characters 15-19: unused variable result
Warning, file "/tmp/.pycsl_nir7mh9f.mlw", line 2172, characters 8-17: unused variable cases_len
Warning, file "/tmp/.pycsl_nir7mh9f.mlw", line 2167, characters 15-19: unused variable result
Warning, file "/tmp/.pycsl_nir7mh9f.mlw", line 2146, characters 15-19: unused variable result
Warning, file "/tmp/.pycsl_nir7mh9f.mlw", line 2098, characters 8-20: unused variable handlers_len
Warning, file "/tmp/.pycsl_nir7mh9f.mlw", line 2093, characters 15-19: unused variable result
Warning, file "/tmp/.pycsl_nir7mh9f.mlw", line 2077, characters 15-19: unused variable result
Warning, file "/tmp/.pycsl_nir7mh9f.mlw", line 2575, characters 21-25: unused variable self
Warning, file "/tmp/.pycsl_nir7mh9f.mlw", line 2575, characters 37-41: unused variable node
Warning, file "/tmp/.pycsl_nir7mh9f.mlw", line 2575, characters 49-58: unused variable start_tok
Warning, file "/tmp/.pycsl_nir7mh9f.mlw", line 2575, characters 66-73: unused variable end_tok
Warning, file "/tmp/.pycsl_nir7mh9f.mlw", line 2579, characters 27-31: unused variable self
Warning, file "/tmp/.pycsl_nir7mh9f.mlw", line 2579, characters 43-47: unused variable node
Warning, file "/tmp/.pycsl_nir7mh9f.mlw", line 2579, characters 55-64: unused variable start_tok
Warning, file "/tmp/.pycsl_nir7mh9f.mlw", line 2583, characters 25-29: unused variable self
Warning, file "/tmp/.pycsl_nir7mh9f.mlw", line 2585, characters 15-19: unused variable result
Warning, file "/tmp/.pycsl_nir7mh9f.mlw", line 2594, characters 23-27: unused variable self
Warning, file "/tmp/.pycsl_nir7mh9f.mlw", line 2594, characters 39-44: unused variable start
Warning, file "/tmp/.pycsl_nir7mh9f.mlw", line 2594, characters 64-70: unused variable py_end
Warning, file "/tmp/.pycsl_nir7mh9f.mlw", line 2596, characters 15-19: unused variable result
Warning, file "/tmp/.pycsl_nir7mh9f.mlw", line 2605, characters 8-16: unused variable elts_len
Warning, file "/tmp/.pycsl_nir7mh9f.mlw", line 2600, characters 15-19: unused variable result
Warning, file "/tmp/.pycsl_nir7mh9f.mlw", line 2718, characters 8-14: unused variable py_end
Warning, file "/tmp/.pycsl_nir7mh9f.mlw", line 2693, characters 8-14: unused variable py_end
Warning, file "/tmp/.pycsl_nir7mh9f.mlw", line 2686, characters 8-15: unused variable out_len
Warning, file "/tmp/.pycsl_nir7mh9f.mlw", line 2681, characters 15-19: unused variable result
Warning, file "/tmp/.pycsl_nir7mh9f.mlw", line 2638, characters 8-18: unused variable values_len
Warning, file "/tmp/.pycsl_nir7mh9f.mlw", line 2633, characters 15-19: unused variable result
Warning, file "/tmp/.pycsl_nir7mh9f.mlw", line 2773, characters 8-14: unused variable py_end
Warning, file "/tmp/.pycsl_nir7mh9f.mlw", line 2748, characters 8-14: unused variable py_end
Warning, file "/tmp/.pycsl_nir7mh9f.mlw", line 2742, characters 8-18: unused variable values_len
Warning, file "/tmp/.pycsl_nir7mh9f.mlw", line 2738, characters 15-19: unused variable result
Warning, file "/tmp/.pycsl_nir7mh9f.mlw", line 2779, characters 15-39: unused variable result
Warning, file "/tmp/.pycsl_nir7mh9f.mlw", line 2799, characters 8-17: unused variable names_len
Warning, file "/tmp/.pycsl_nir7mh9f.mlw", line 2796, characters 15-19: unused variable result
Warning, file "/tmp/.pycsl_nir7mh9f.mlw", line 2813, characters 25-29: unused variable self
Warning, file "/tmp/.pycsl_nir7mh9f.mlw", line 2813, characters 41-44: unused variable obj
Warning, file "/tmp/.pycsl_nir7mh9f.mlw", line 2813, characters 52-55: unused variable cur
Warning, file "/tmp/.pycsl_nir7mh9f.mlw", line 2867, characters 8-14: unused variable py_end
Warning, file "/tmp/.pycsl_nir7mh9f.mlw", line 2834, characters 8-14: unused variable py_end
Warning, file "/tmp/.pycsl_nir7mh9f.mlw", line 2829, characters 8-16: unused variable elts_len
Warning, file "/tmp/.pycsl_nir7mh9f.mlw", line 2822, characters 83-84: unused variable t
Warning, file "/tmp/.pycsl_nir7mh9f.mlw", line 2824, characters 15-19: unused variable result
Warning, file "/tmp/.pycsl_nir7mh9f.mlw", line 2881, characters 15-19: unused variable result
Warning, file "/tmp/.pycsl_nir7mh9f.mlw", line 2888, characters 15-19: unused variable result
Warning, file "/tmp/.pycsl_nir7mh9f.mlw", line 2912, characters 8-14: unused variable py_val
Warning, file "/tmp/.pycsl_nir7mh9f.mlw", line 2907, characters 15-19: unused variable result
Warning, file "/tmp/.pycsl_nir7mh9f.mlw", line 3004, characters 16-22: unused variable py_end
Warning, file "/tmp/.pycsl_nir7mh9f.mlw", line 2987, characters 16-22: unused variable py_end
Warning, file "/tmp/.pycsl_nir7mh9f.mlw", line 2981, characters 16-22: unused variable py_end
Warning, file "/tmp/.pycsl_nir7mh9f.mlw", line 2953, characters 16-22: unused variable py_end
Warning, file "/tmp/.pycsl_nir7mh9f.mlw", line 2941, characters 10-16: unused variable py_end
Warning, file "/tmp/.pycsl_nir7mh9f.mlw", line 2938, characters 8-14: unused variable py_end
Warning, file "/tmp/.pycsl_nir7mh9f.mlw", line 2932, characters 8-16: unused variable elts_len
Warning, file "/tmp/.pycsl_nir7mh9f.mlw", line 2931, characters 8-16: unused variable keys_len
Warning, file "/tmp/.pycsl_nir7mh9f.mlw", line 2930, characters 8-18: unused variable values_len
Warning, file "/tmp/.pycsl_nir7mh9f.mlw", line 2925, characters 15-19: unused variable result
Warning, file "/tmp/.pycsl_nir7mh9f.mlw", line 3048, characters 12-18: unused variable py_end
Warning, file "/tmp/.pycsl_nir7mh9f.mlw", line 3031, characters 12-18: unused variable py_end
Warning, file "/tmp/.pycsl_nir7mh9f.mlw", line 3025, characters 10-16: unused variable py_end
Warning, file "/tmp/.pycsl_nir7mh9f.mlw", line 3022, characters 8-14: unused variable py_end
Warning, file "/tmp/.pycsl_nir7mh9f.mlw", line 3019, characters 8-16: unused variable elts_len
Warning, file "/tmp/.pycsl_nir7mh9f.mlw", line 3014, characters 15-19: unused variable result
Warning, file "/tmp/.pycsl_nir7mh9f.mlw", line 3061, characters 8-14: unused variable py_val
Warning, file "/tmp/.pycsl_nir7mh9f.mlw", line 3056, characters 15-19: unused variable result
Warning, file "/tmp/.pycsl_nir7mh9f.mlw", line 3146, characters 18-24: unused variable py_end
Warning, file "/tmp/.pycsl_nir7mh9f.mlw", line 3143, characters 18-24: unused variable py_end
Warning, file "/tmp/.pycsl_nir7mh9f.mlw", line 3124, characters 16-22: unused variable py_end
Warning, file "/tmp/.pycsl_nir7mh9f.mlw", line 3118, characters 14-20: unused variable py_end
Warning, file "/tmp/.pycsl_nir7mh9f.mlw", line 3100, characters 12-18: unused variable py_end
Warning, file "/tmp/.pycsl_nir7mh9f.mlw", line 3095, characters 10-16: unused variable py_end
Warning, file "/tmp/.pycsl_nir7mh9f.mlw", line 3092, characters 8-14: unused variable py_end
Warning, file "/tmp/.pycsl_nir7mh9f.mlw", line 3087, characters 8-16: unused variable elts_len
Warning, file "/tmp/.pycsl_nir7mh9f.mlw", line 3082, characters 15-19: unused variable result
Warning, file "/tmp/.pycsl_nir7mh9f.mlw", line 3160, characters 22-26: unused variable self
Warning, file "/tmp/.pycsl_nir7mh9f.mlw", line 3160, characters 38-41: unused variable msg
Warning, file "/tmp/.pycsl_nir7mh9f.mlw", line 3172, characters 8-14: unused variable py_val
Warning, file "/tmp/.pycsl_nir7mh9f.mlw", line 3167, characters 15-19: unused variable result
Warning, file "/tmp/.pycsl_nir7mh9f.mlw", line 3194, characters 8-16: unused variable elts_len
Warning, file "/tmp/.pycsl_nir7mh9f.mlw", line 3190, characters 15-19: unused variable result
Warning, file "/tmp/.pycsl_nir7mh9f.mlw", line 3217, characters 8-17: unused variable names_len
Warning, file "/tmp/.pycsl_nir7mh9f.mlw", line 3213, characters 15-19: unused variable result
Warning, file "/tmp/.pycsl_nir7mh9f.mlw", line 3236, characters 8-17: unused variable parts_len
Warning, file "/tmp/.pycsl_nir7mh9f.mlw", line 3233, characters 15-19: unused variable result
Warning, file "/tmp/.pycsl_nir7mh9f.mlw", line 3284, characters 8-17: unused variable names_len
Warning, file "/tmp/.pycsl_nir7mh9f.mlw", line 3281, characters 15-19: unused variable result
Warning, file "/tmp/.pycsl_nir7mh9f.mlw", line 3295, characters 21-25: unused variable self
Warning, file "/tmp/.pycsl_nir7mh9f.mlw", line 3295, characters 37-41: unused variable name
Warning, file "/tmp/.pycsl_nir7mh9f.mlw", line 3295, characters 49-58: unused variable start_tok
Warning, file "/tmp/.pycsl_nir7mh9f.mlw", line 3301, characters 15-19: unused variable result
Warning, file "/tmp/.pycsl_nir7mh9f.mlw", line 3311, characters 15-19: unused variable result
Warning, file "/tmp/.pycsl_nir7mh9f.mlw", line 3336, characters 15-19: unused variable result
Warning, file "/tmp/.pycsl_nir7mh9f.mlw", line 3357, characters 15-19: unused variable result
Warning, file "/tmp/.pycsl_nir7mh9f.mlw", line 3384, characters 8-16: unused variable elts_len
Warning, file "/tmp/.pycsl_nir7mh9f.mlw", line 3379, characters 15-19: unused variable result
Warning, file "/tmp/.pycsl_nir7mh9f.mlw", line 3416, characters 15-19: unused variable result
Warning, file "/tmp/.pycsl_nir7mh9f.mlw", line 3428, characters 28-32: unused variable self
Warning, file "/tmp/.pycsl_nir7mh9f.mlw", line 3428, characters 44-48: unused variable what
Warning, file "/tmp/.pycsl_nir7mh9f.mlw", line 3433, characters 25-29: unused variable self
Warning, file "/tmp/.pycsl_nir7mh9f.mlw", line 3437, characters 18-23: unused variable limit
Warning, file "/tmp/.pycsl_nir7mh9f.mlw", line 3441, characters 16-20: unused variable node
Warning, file "/tmp/.pycsl_nir7mh9f.mlw", line 3441, characters 28-31: unused variable ctx
Warning, file "/tmp/.pycsl_nir7mh9f.mlw", line 3445, characters 25-31: unused variable source
Warning, file "/tmp/.pycsl_nir7mh9f.mlw", line 3449, characters 30-34: unused variable self
Warning, file "/tmp/.pycsl_nir7mh9f.mlw", line 3464, characters 36-40: unused variable self
Warning, file "/tmp/.pycsl_nir7mh9f.mlw", line 3470, characters 42-46: unused variable self
Warning, file "/tmp/.pycsl_nir7mh9f.mlw", line 3476, characters 37-41: unused variable self
Warning, file "/tmp/.pycsl_nir7mh9f.mlw", line 3482, characters 35-39: unused variable self
Warning, file "/tmp/.pycsl_nir7mh9f.mlw", line 3482, characters 53-57: unused variable node
Warning, file "/tmp/.pycsl_nir7mh9f.mlw", line 3482, characters 65-76: unused variable fill_suffix
Warning, file "/tmp/.pycsl_nir7mh9f.mlw", line 3486, characters 38-42: unused variable self
Warning, file "/tmp/.pycsl_nir7mh9f.mlw", line 3486, characters 56-62: unused variable string
Warning, file "/tmp/.pycsl_nir7mh9f.mlw", line 3490, characters 38-42: unused variable self
Warning, file "/tmp/.pycsl_nir7mh9f.mlw", line 3490, characters 56-67: unused variable type_params
Warning, file "/tmp/.pycsl_nir7mh9f.mlw", line 3508, characters 35-39: unused variable self
Warning, file "/tmp/.pycsl_nir7mh9f.mlw", line 3518, characters 53-57: unused variable self
Warning, file "/tmp/.pycsl_nir7mh9f.mlw", line 3518, characters 71-75: unused variable node
Warning, file "/tmp/.pycsl_nir7mh9f.mlw", line 3522, characters 39-43: unused variable self
Warning, file "/tmp/.pycsl_nir7mh9f.mlw", line 3522, characters 57-61: unused variable node
Warning, file "/tmp/.pycsl_nir7mh9f.mlw", line 3526, characters 50-54: unused variable self
Warning, file "/tmp/.pycsl_nir7mh9f.mlw", line 3551, characters 27-31: unused variable self
Warning, file "/tmp/.pycsl_nir7mh9f.mlw", line 3551, characters 45-51: unused variable buffer
Warning, file "/tmp/.pycsl_nir7mh9f.mlw", line 3555, characters 26-30: unused variable self
Warning, file "/tmp/.pycsl_nir7mh9f.mlw", line 3563, characters 29-33: unused variable self
Warning, file "/tmp/.pycsl_nir7mh9f.mlw", line 3563, characters 47-52: unused variable start
Warning, file "/tmp/.pycsl_nir7mh9f.mlw", line 3563, characters 60-66: unused variable py_end
Warning, file "/tmp/.pycsl_nir7mh9f.mlw", line 3563, characters 74-83: unused variable condition
Warning, file "/tmp/.pycsl_nir7mh9f.mlw", line 3567, characters 31-35: unused variable self
Warning, file "/tmp/.pycsl_nir7mh9f.mlw", line 3567, characters 49-53: unused variable node
Warning, file "/tmp/.pycsl_nir7mh9f.mlw", line 3571, characters 23-27: unused variable self
Warning, file "/tmp/.pycsl_nir7mh9f.mlw", line 3571, characters 41-45: unused variable text
Warning, file "/tmp/.pycsl_nir7mh9f.mlw", line 3575, characters 33-37: unused variable self
Warning, file "/tmp/.pycsl_nir7mh9f.mlw", line 3577, characters 15-19: unused variable result
Warning, file "/tmp/.pycsl_nir7mh9f.mlw", line 3581, characters 36-40: unused variable self
Warning, file "/tmp/.pycsl_nir7mh9f.mlw", line 3583, characters 15-19: unused variable result
Warning, file "/tmp/.pycsl_nir7mh9f.mlw", line 3604, characters 35-39: unused variable self
Warning, file "/tmp/.pycsl_nir7mh9f.mlw", line 3604, characters 53-57: unused variable node
Warning, file "/tmp/.pycsl_nir7mh9f.mlw", line 3608, characters 29-33: unused variable self
Warning, file "/tmp/.pycsl_nir7mh9f.mlw", line 3608, characters 47-52: unused variable inter
Warning, file "/tmp/.pycsl_nir7mh9f.mlw", line 3608, characters 60-61: unused variable f
Warning, file "/tmp/.pycsl_nir7mh9f.mlw", line 3608, characters 69-72: unused variable seq
Warning, file "/tmp/.pycsl_nir7mh9f.mlw", line 3612, characters 37-41: unused variable self
Warning, file "/tmp/.pycsl_nir7mh9f.mlw", line 3616, characters 29-33: unused variable self
Warning, file "/tmp/.pycsl_nir7mh9f.mlw", line 3616, characters 47-56: unused variable traverser
Warning, file "/tmp/.pycsl_nir7mh9f.mlw", line 3616, characters 64-69: unused variable items
Warning, file "/tmp/.pycsl_nir7mh9f.mlw", line 3628, characters 33-37: unused variable self
Warning, file "/tmp/.pycsl_nir7mh9f.mlw", line 3628, characters 51-61: unused variable precedence
Warning, file "/tmp/.pycsl_nir7mh9f.mlw", line 3628, characters 69-73: unused variable node
Warning, file "/tmp/.pycsl_nir7mh9f.mlw", line 3632, characters 33-37: unused variable self
Warning, file "/tmp/.pycsl_nir7mh9f.mlw", line 3632, characters 51-61: unused variable precedence
Warning, file "/tmp/.pycsl_nir7mh9f.mlw", line 3636, characters 27-31: unused variable self
Warning, file "/tmp/.pycsl_nir7mh9f.mlw", line 3636, characters 45-49: unused variable node
Warning, file "/tmp/.pycsl_nir7mh9f.mlw", line 3642, characters 15-19: unused variable result
Warning, file "/tmp/.pycsl_nir7mh9f.mlw", line 3648, characters 34-38: unused variable self
Warning, file "/tmp/.pycsl_nir7mh9f.mlw", line 3661, characters 31-35: unused variable self
Warning, file "/tmp/.pycsl_nir7mh9f.mlw", line 3672, characters 31-35: unused variable self
Warning, file "/tmp/.pycsl_nir7mh9f.mlw", line 3672, characters 49-53: unused variable node
Warning, file "/tmp/.pycsl_nir7mh9f.mlw", line 3676, characters 33-37: unused variable self
Warning, file "/tmp/.pycsl_nir7mh9f.mlw", line 3682, characters 41-45: unused variable self
Warning, file "/tmp/.pycsl_nir7mh9f.mlw", line 3688, characters 34-38: unused variable self
Warning, file "/tmp/.pycsl_nir7mh9f.mlw", line 3688, characters 52-56: unused variable node
Warning, file "/tmp/.pycsl_nir7mh9f.mlw", line 3692, characters 34-38: unused variable self
Warning, file "/tmp/.pycsl_nir7mh9f.mlw", line 3704, characters 34-38: unused variable self
Warning, file "/tmp/.pycsl_nir7mh9f.mlw", line 3704, characters 52-56: unused variable node
Warning, file "/tmp/.pycsl_nir7mh9f.mlw", line 3708, characters 30-34: unused variable self
Warning, file "/tmp/.pycsl_nir7mh9f.mlw", line 3742, characters 31-35: unused variable self
Warning, file "/tmp/.pycsl_nir7mh9f.mlw", line 3742, characters 49-53: unused variable node
Warning, file "/tmp/.pycsl_nir7mh9f.mlw", line 3746, characters 30-34: unused variable self
Warning, file "/tmp/.pycsl_nir7mh9f.mlw", line 3746, characters 48-52: unused variable node
Warning, file "/tmp/.pycsl_nir7mh9f.mlw", line 3752, characters 29-33: unused variable self
Warning, file "/tmp/.pycsl_nir7mh9f.mlw", line 3752, characters 47-51: unused variable node
Warning, file "/tmp/.pycsl_nir7mh9f.mlw", line 3756, characters 33-37: unused variable self
Warning, file "/tmp/.pycsl_nir7mh9f.mlw", line 3756, characters 51-55: unused variable node
Warning, file "/tmp/.pycsl_nir7mh9f.mlw", line 3760, characters 32-36: unused variable self
Warning, file "/tmp/.pycsl_nir7mh9f.mlw", line 3760, characters 50-54: unused variable node
Warning, file "/tmp/.pycsl_nir7mh9f.mlw", line 3783, characters 33-37: unused variable self
Warning, file "/tmp/.pycsl_nir7mh9f.mlw", line 3783, characters 51-55: unused variable node
Warning, file "/tmp/.pycsl_nir7mh9f.mlw", line 3789, characters 31-35: unused variable self
Warning, file "/tmp/.pycsl_nir7mh9f.mlw", line 3789, characters 49-53: unused variable node
Warning, file "/tmp/.pycsl_nir7mh9f.mlw", line 3793, characters 29-33: unused variable self
Warning, file "/tmp/.pycsl_nir7mh9f.mlw", line 3793, characters 47-51: unused variable node
Warning, file "/tmp/.pycsl_nir7mh9f.mlw", line 3797, characters 33-37: unused variable self
Warning, file "/tmp/.pycsl_nir7mh9f.mlw", line 3797, characters 51-55: unused variable node
Warning, file "/tmp/.pycsl_nir7mh9f.mlw", line 3801, characters 33-37: unused variable self
Warning, file "/tmp/.pycsl_nir7mh9f.mlw", line 3801, characters 51-55: unused variable node
Warning, file "/tmp/.pycsl_nir7mh9f.mlw", line 3822, characters 29-33: unused variable self
Warning, file "/tmp/.pycsl_nir7mh9f.mlw", line 3830, characters 28-32: unused variable self
Warning, file "/tmp/.pycsl_nir7mh9f.mlw", line 3836, characters 39-43: unused variable self
Warning, file "/tmp/.pycsl_nir7mh9f.mlw", line 3836, characters 57-61: unused variable node
Warning, file "/tmp/.pycsl_nir7mh9f.mlw", line 3840, characters 36-40: unused variable self
Warning, file "/tmp/.pycsl_nir7mh9f.mlw", line 3846, characters 37-41: unused variable self
Warning, file "/tmp/.pycsl_nir7mh9f.mlw", line 3846, characters 55-59: unused variable node
Warning, file "/tmp/.pycsl_nir7mh9f.mlw", line 3850, characters 37-41: unused variable self
Warning, file "/tmp/.pycsl_nir7mh9f.mlw", line 3850, characters 55-59: unused variable node
Warning, file "/tmp/.pycsl_nir7mh9f.mlw", line 3854, characters 31-35: unused variable self
Warning, file "/tmp/.pycsl_nir7mh9f.mlw", line 3854, characters 49-53: unused variable node
Warning, file "/tmp/.pycsl_nir7mh9f.mlw", line 3858, characters 27-31: unused variable self
Warning, file "/tmp/.pycsl_nir7mh9f.mlw", line 3858, characters 45-49: unused variable node
Warning, file "/tmp/.pycsl_nir7mh9f.mlw", line 3862, characters 30-34: unused variable self
Warning, file "/tmp/.pycsl_nir7mh9f.mlw", line 3874, characters 31-35: unused variable self
Warning, file "/tmp/.pycsl_nir7mh9f.mlw", line 3874, characters 49-53: unused variable node
Warning, file "/tmp/.pycsl_nir7mh9f.mlw", line 3878, characters 35-39: unused variable self
Warning, file "/tmp/.pycsl_nir7mh9f.mlw", line 3878, characters 53-57: unused variable node
Warning, file "/tmp/.pycsl_nir7mh9f.mlw", line 3882, characters 34-38: unused variable self
Warning, file "/tmp/.pycsl_nir7mh9f.mlw", line 3882, characters 52-56: unused variable node
Warning, file "/tmp/.pycsl_nir7mh9f.mlw", line 3886, characters 31-35: unused variable self
Warning, file "/tmp/.pycsl_nir7mh9f.mlw", line 3899, characters 29-33: unused variable self
Warning, file "/tmp/.pycsl_nir7mh9f.mlw", line 3899, characters 47-51: unused variable node
Warning, file "/tmp/.pycsl_nir7mh9f.mlw", line 3903, characters 33-37: unused variable self
Warning, file "/tmp/.pycsl_nir7mh9f.mlw", line 3903, characters 51-55: unused variable node
Warning, file "/tmp/.pycsl_nir7mh9f.mlw", line 3907, characters 30-34: unused variable self
Warning, file "/tmp/.pycsl_nir7mh9f.mlw", line 3907, characters 48-52: unused variable node
Warning, file "/tmp/.pycsl_nir7mh9f.mlw", line 3911, characters 32-36: unused variable self
Warning, file "/tmp/.pycsl_nir7mh9f.mlw", line 3931, characters 35-39: unused variable self
Warning, file "/tmp/.pycsl_nir7mh9f.mlw", line 3931, characters 53-57: unused variable node
Warning, file "/tmp/.pycsl_nir7mh9f.mlw", line 3935, characters 37-41: unused variable self
Warning, file "/tmp/.pycsl_nir7mh9f.mlw", line 3935, characters 55-59: unused variable node
Warning, file "/tmp/.pycsl_nir7mh9f.mlw", line 3939, characters 32-36: unused variable self
Warning, file "/tmp/.pycsl_nir7mh9f.mlw", line 3939, characters 50-54: unused variable node
Warning, file "/tmp/.pycsl_nir7mh9f.mlw", line 3943, characters 38-42: unused variable self
Warning, file "/tmp/.pycsl_nir7mh9f.mlw", line 3943, characters 56-60: unused variable node
Warning, file "/tmp/.pycsl_nir7mh9f.mlw", line 3947, characters 39-43: unused variable self
Warning, file "/tmp/.pycsl_nir7mh9f.mlw", line 3953, characters 34-38: unused variable self
Warning, file "/tmp/.pycsl_nir7mh9f.mlw", line 3953, characters 52-56: unused variable node
Warning, file "/tmp/.pycsl_nir7mh9f.mlw", line 3957, characters 35-39: unused variable self
Warning, file "/tmp/.pycsl_nir7mh9f.mlw", line 3971, characters 29-33: unused variable self
Warning, file "/tmp/.pycsl_nir7mh9f.mlw", line 3977, characters 34-38: unused variable self
Warning, file "/tmp/.pycsl_nir7mh9f.mlw", line 3986, characters 33-37: unused variable self
Warning, file "/tmp/.pycsl_nir7mh9f.mlw", line 3986, characters 51-55: unused variable node
Warning, file "/tmp/.pycsl_nir7mh9f.mlw", line 3990, characters 34-38: unused variable self
Warning, file "/tmp/.pycsl_nir7mh9f.mlw", line 3990, characters 52-56: unused variable node
Warning, file "/tmp/.pycsl_nir7mh9f.mlw", line 3994, characters 29-33: unused variable self
Warning, file "/tmp/.pycsl_nir7mh9f.mlw", line 3994, characters 47-51: unused variable node
Warning, file "/tmp/.pycsl_nir7mh9f.mlw", line 4000, characters 30-34: unused variable self
Warning, file "/tmp/.pycsl_nir7mh9f.mlw", line 4022, characters 31-35: unused variable self
Warning, file "/tmp/.pycsl_nir7mh9f.mlw", line 4032, characters 28-32: unused variable self
Warning, file "/tmp/.pycsl_nir7mh9f.mlw", line 4032, characters 46-50: unused variable node
Warning, file "/tmp/.pycsl_nir7mh9f.mlw", line 4036, characters 32-36: unused variable self
Warning, file "/tmp/.pycsl_nir7mh9f.mlw", line 4036, characters 50-54: unused variable node
Warning, file "/tmp/.pycsl_nir7mh9f.mlw", line 4040, characters 30-34: unused variable self
Warning, file "/tmp/.pycsl_nir7mh9f.mlw", line 4056, characters 32-36: unused variable self
Warning, file "/tmp/.pycsl_nir7mh9f.mlw", line 4100, characters 34-38: unused variable self
Warning, file "/tmp/.pycsl_nir7mh9f.mlw", line 4110, characters 32-36: unused variable self
Warning, file "/tmp/.pycsl_nir7mh9f.mlw", line 4120, characters 37-41: unused variable self
Warning, file "/tmp/.pycsl_nir7mh9f.mlw", line 4120, characters 55-59: unused variable node
Warning, file "/tmp/.pycsl_nir7mh9f.mlw", line 4139, characters 30-34: unused variable self
Warning, file "/tmp/.pycsl_nir7mh9f.mlw", line 4151, characters 29-33: unused variable self
Warning, file "/tmp/.pycsl_nir7mh9f.mlw", line 4151, characters 47-51: unused variable node
Warning, file "/tmp/.pycsl_nir7mh9f.mlw", line 4155, characters 30-34: unused variable self
Warning, file "/tmp/.pycsl_nir7mh9f.mlw", line 4166, characters 34-38: unused variable self
Warning, file "/tmp/.pycsl_nir7mh9f.mlw", line 4178, characters 30-34: unused variable self
Warning, file "/tmp/.pycsl_nir7mh9f.mlw", line 4178, characters 48-52: unused variable node
Warning, file "/tmp/.pycsl_nir7mh9f.mlw", line 4182, characters 28-32: unused variable self
Warning, file "/tmp/.pycsl_nir7mh9f.mlw", line 4192, characters 34-38: unused variable self
Warning, file "/tmp/.pycsl_nir7mh9f.mlw", line 4192, characters 52-56: unused variable node
Warning, file "/tmp/.pycsl_nir7mh9f.mlw", line 4196, characters 38-42: unused variable self
Warning, file "/tmp/.pycsl_nir7mh9f.mlw", line 4196, characters 56-60: unused variable node
Warning, file "/tmp/.pycsl_nir7mh9f.mlw", line 4200, characters 32-36: unused variable self
Warning, file "/tmp/.pycsl_nir7mh9f.mlw", line 4212, characters 35-39: unused variable self
Warning, file "/tmp/.pycsl_nir7mh9f.mlw", line 4224, characters 33-37: unused variable self
Warning, file "/tmp/.pycsl_nir7mh9f.mlw", line 4234, characters 24-28: unused variable self
Warning, file "/tmp/.pycsl_nir7mh9f.mlw", line 4240, characters 16-22: unused variable source
Warning, file "/tmp/.pycsl_nir7mh9f.mlw", line 4244, characters 21-29: unused variable new_node
Warning, file "/tmp/.pycsl_nir7mh9f.mlw", line 4244, characters 37-45: unused variable old_node
Warning, file "/tmp/.pycsl_nir7mh9f.mlw", line 4248, characters 12-16: unused variable node
Warning, file "/tmp/.pycsl_nir7mh9f.mlw", line 4248, characters 24-39: unused variable annotate_fields
Warning, file "/tmp/.pycsl_nir7mh9f.mlw", line 4248, characters 47-65: unused variable include_attributes
Warning, file "/tmp/.pycsl_nir7mh9f.mlw", line 4252, characters 29-33: unused variable node
Warning, file "/tmp/.pycsl_nir7mh9f.mlw", line 4258, characters 15-19: unused variable result
Warning, file "/tmp/.pycsl_nir7mh9f.mlw", line 4283, characters 26-32: unused variable source
Warning, file "/tmp/.pycsl_nir7mh9f.mlw", line 4283, characters 40-44: unused variable node
Warning, file "/tmp/.pycsl_nir7mh9f.mlw", line 4287, characters 24-28: unused variable node
Warning, file "/tmp/.pycsl_nir7mh9f.mlw", line 4287, characters 36-37: unused variable n
Warning, file "/tmp/.pycsl_nir7mh9f.mlw", line 4291, characters 24-28: unused variable node
Warning, file "/tmp/.pycsl_nir7mh9f.mlw", line 4295, characters 19-23: unused variable node
Warning, file "/tmp/.pycsl_nir7mh9f.mlw", line 4299, characters 20-34: unused variable node_or_string
Warning, file "/tmp/.pycsl_nir7mh9f.mlw", line 4303, characters 12-16: unused variable args
Warning, file "/tmp/.pycsl_nir7mh9f.mlw", line 4311, characters 38-42: unused variable self
Warning, file "/tmp/.pycsl_nir7mh9f.mlw", line 4311, characters 62-66: unused variable node
Warning, file "/tmp/.pycsl_nir7mh9f.mlw", line 4315, characters 34-38: unused variable self
Warning, file "/tmp/.pycsl_nir7mh9f.mlw", line 4315, characters 54-58: unused variable node
Warning, file "/tmp/.pycsl_nir7mh9f.mlw", line 4319, characters 26-30: unused variable self
Warning, file "/tmp/.pycsl_nir7mh9f.mlw", line 4319, characters 46-50: unused variable node
Warning, file "/tmp/.pycsl_nir7mh9f.mlw", line 4323, characters 35-39: unused variable self
Warning, file "/tmp/.pycsl_nir7mh9f.mlw", line 4323, characters 55-59: unused variable node
Warning, file "/tmp/.pycsl_nir7mh9f.mlw", line 4327, characters 13-19: unused variable source
Warning, file "/tmp/.pycsl_nir7mh9f.mlw", line 4327, characters 27-35: unused variable filename
Warning, file "/tmp/.pycsl_nir7mh9f.mlw", line 4327, characters 43-47: unused variable mode
Warning, file "/tmp/.pycsl_nir7mh9f.mlw", line 4331, characters 15-22: unused variable ast_obj
Warning, file "/tmp/.pycsl_nir7mh9f.mlw", line 4335, characters 12-16: unused variable node
Warning, file "/tmp/.pycsl_nir7mh9f.mlw", line 578, characters 20-22: unused variable x0
Warning, file "/tmp/.pycsl_nir7mh9f.mlw", line 614, characters 20-23: unused variable sep
Warning, file "/tmp/.pycsl_nir7mh9f.mlw", line 614, characters 34-36: unused variable xs
Warning, file "/tmp/.pycsl_nir7mh9f.mlw", line 637, characters 15-19: unused variable result
Warning, file "/tmp/.pycsl_nir7mh9f.mlw", line 641, characters 20-29: unused variable namespace
Warning, file "/tmp/.pycsl_nir7mh9f.mlw", line 649, characters 27-32: unused variable value
Warning, file "/tmp/.pycsl_nir7mh9f.mlw", line 653, characters 23-27: unused variable body
Warning, file "/tmp/.pycsl_nir7mh9f.mlw", line 653, characters 35-43: unused variable is_bytes
Warning, file "/tmp/.pycsl_nir7mh9f.mlw", line 657, characters 30-34: unused variable text
Warning, file "/tmp/.pycsl_nir7mh9f.mlw", line 657, characters 45-51: unused variable is_raw
Warning, file "/tmp/.pycsl_nir7mh9f.mlw", line 659, characters 15-19: unused variable result
Warning, file "/tmp/.pycsl_nir7mh9f.mlw", line 661, characters 22-25: unused variable tok
Warning, file "/tmp/.pycsl_nir7mh9f.mlw", line 665, characters 27-39: unused variable start_string
Warning, file "/tmp/.pycsl_nir7mh9f.mlw", line 667, characters 15-19: unused variable result
Warning, file "/tmp/.pycsl_nir7mh9f.mlw", line 671, characters 15-19: unused variable result
Warning, file "/tmp/.pycsl_nir7mh9f.mlw", line 675, characters 12-18: unused variable source
Warning, file "/tmp/.pycsl_nir7mh9f.mlw", line 679, characters 28-34: unused variable values
Warning, file "/tmp/.pycsl_nir7mh9f.mlw", line 679, characters 52-62: unused variable drop_empty
Warning, file "/tmp/.pycsl_nir7mh9f.mlw", line 681, characters 15-19: unused variable result
Warning, file "/tmp/.pycsl_nir7mh9f.mlw", line 685, characters 15-19: unused variable result
Warning, file "/tmp/.pycsl_nir7mh9f.mlw", line 699, characters 8-9: unused variable c
Warning, file "/tmp/.pycsl_nir7mh9f.mlw", line 697, characters 15-19: unused variable result
Warning, file "/tmp/.pycsl_nir7mh9f.mlw", line 715, characters 21-22: unused variable s
Warning, file "/tmp/.pycsl_nir7mh9f.mlw", line 721, characters 15-97: unused variable result
Warning, file "/tmp/.pycsl_nir7mh9f.mlw", line 759, characters 15-19: unused variable result
Warning, file "/tmp/.pycsl_nir7mh9f.mlw", line 779, characters 15-19: unused variable result
Warning, file "/tmp/.pycsl_nir7mh9f.mlw", line 785, characters 15-38: unused variable result
Warning, file "/tmp/.pycsl_nir7mh9f.mlw", line 809, characters 15-19: unused variable result
Warning, file "/tmp/.pycsl_nir7mh9f.mlw", line 818, characters 15-38: unused variable result
Warning, file "/tmp/.pycsl_nir7mh9f.mlw", line 828, characters 15-38: unused variable result
Warning, file "/tmp/.pycsl_nir7mh9f.mlw", line 839, characters 15-38: unused variable result
Warning, file "/tmp/.pycsl_nir7mh9f.mlw", line 851, characters 15-19: unused variable result
Warning, file "/tmp/.pycsl_nir7mh9f.mlw", line 1463, characters 15-19: unused variable result
Warning, file "/tmp/.pycsl_nir7mh9f.mlw", line 1445, characters 15-19: unused variable result
Warning, file "/tmp/.pycsl_nir7mh9f.mlw", line 1418, characters 15-19: unused variable result
Warning, file "/tmp/.pycsl_nir7mh9f.mlw", line 1401, characters 15-39: unused variable result
Warning, file "/tmp/.pycsl_nir7mh9f.mlw", line 1391, characters 15-19: unused variable result
Warning, file "/tmp/.pycsl_nir7mh9f.mlw", line 1374, characters 16-22: unused variable py_end
Warning, file "/tmp/.pycsl_nir7mh9f.mlw", line 1363, characters 14-20: unused variable py_end
Warning, file "/tmp/.pycsl_nir7mh9f.mlw", line 1350, characters 12-18: unused variable py_end
Warning, file "/tmp/.pycsl_nir7mh9f.mlw", line 1334, characters 8-14: unused variable py_end
Warning, file "/tmp/.pycsl_nir7mh9f.mlw", line 1324, characters 15-19: unused variable result
Warning, file "/tmp/.pycsl_nir7mh9f.mlw", line 1268, characters 8-16: unused variable args_len
Warning, file "/tmp/.pycsl_nir7mh9f.mlw", line 1267, characters 8-20: unused variable keywords_len
Warning, file "/tmp/.pycsl_nir7mh9f.mlw", line 1262, characters 15-19: unused variable result
Warning, file "/tmp/.pycsl_nir7mh9f.mlw", line 1227, characters 8-16: unused variable gens_len
Warning, file "/tmp/.pycsl_nir7mh9f.mlw", line 1226, characters 8-15: unused variable ifs_len
Warning, file "/tmp/.pycsl_nir7mh9f.mlw", line 1221, characters 15-19: unused variable result
Warning, file "/tmp/.pycsl_nir7mh9f.mlw", line 1199, characters 8-18: unused variable values_len
Warning, file "/tmp/.pycsl_nir7mh9f.mlw", line 1193, characters 15-19: unused variable result
Warning, file "/tmp/.pycsl_nir7mh9f.mlw", line 1171, characters 8-18: unused variable values_len
Warning, file "/tmp/.pycsl_nir7mh9f.mlw", line 1165, characters 15-19: unused variable result
Warning, file "/tmp/.pycsl_nir7mh9f.mlw", line 1147, characters 15-19: unused variable result
Warning, file "/tmp/.pycsl_nir7mh9f.mlw", line 1096, characters 8-23: unused variable comparators_len
Warning, file "/tmp/.pycsl_nir7mh9f.mlw", line 1095, characters 8-15: unused variable ops_len
Warning, file "/tmp/.pycsl_nir7mh9f.mlw", line 1089, characters 15-19: unused variable result
Warning, file "/tmp/.pycsl_nir7mh9f.mlw", line 1081, characters 15-19: unused variable result
Warning, file "/tmp/.pycsl_nir7mh9f.mlw", line 1067, characters 15-19: unused variable result
Warning, file "/tmp/.pycsl_nir7mh9f.mlw", line 1048, characters 15-19: unused variable result
Warning, file "/tmp/.pycsl_nir7mh9f.mlw", line 983, characters 8-16: unused variable args_len
Warning, file "/tmp/.pycsl_nir7mh9f.mlw", line 982, characters 8-20: unused variable defaults_len
Warning, file "/tmp/.pycsl_nir7mh9f.mlw", line 981, characters 8-23: unused variable kw_defaults_len
Warning, file "/tmp/.pycsl_nir7mh9f.mlw", line 980, characters 8-18: unused variable kwonly_len
Warning, file "/tmp/.pycsl_nir7mh9f.mlw", line 975, characters 15-19: unused variable result
Warning, file "/tmp/.pycsl_nir7mh9f.mlw", line 947, characters 15-19: unused variable result
Warning, file "/tmp/.pycsl_nir7mh9f.mlw", line 912, characters 8-16: unused variable elts_len
Warning, file "/tmp/.pycsl_nir7mh9f.mlw", line 906, characters 15-19: unused variable result
Warning, file "/tmp/.pycsl_nir7mh9f.mlw", line 875, characters 15-19: unused variable result
Warning, file "/tmp/.pycsl_nir7mh9f.mlw", line 857, characters 15-19: unused variable result
Warning, file "/tmp/.pycsl_nir7mh9f.mlw", line 1502, characters 15-39: unused variable result
Warning, file "/tmp/.pycsl_nir7mh9f.mlw", line 1550, characters 8-14: unused variable py_end
Warning, file "/tmp/.pycsl_nir7mh9f.mlw", line 1523, characters 8-14: unused variable py_end
Warning, file "/tmp/.pycsl_nir7mh9f.mlw", line 1520, characters 8-16: unused variable keys_len
Warning, file "/tmp/.pycsl_nir7mh9f.mlw", line 1519, characters 8-18: unused variable values_len
Warning, file "/tmp/.pycsl_nir7mh9f.mlw", line 1513, characters 43-44: unused variable t
Warning, file "/tmp/.pycsl_nir7mh9f.mlw", line 1513, characters 53-62: unused variable first_key
Warning, file "/tmp/.pycsl_nir7mh9f.mlw", line 1515, characters 15-19: unused variable result
Warning, file "/tmp/.pycsl_nir7mh9f.mlw", line 1558, characters 8-17: unused variable parts_len
Warning, file "/tmp/.pycsl_nir7mh9f.mlw", line 1555, characters 15-39: unused variable result
Warning, file "/tmp/.pycsl_nir7mh9f.mlw", line 1582, characters 15-19: unused variable result
Warning, file "/tmp/.pycsl_nir7mh9f.mlw", line 1610, characters 15-19: unused variable result
Warning, file "/tmp/.pycsl_nir7mh9f.mlw", line 1621, characters 8-17: unused variable stmts_len
Warning, file "/tmp/.pycsl_nir7mh9f.mlw", line 1616, characters 15-19: unused variable result
Warning, file "/tmp/.pycsl_nir7mh9f.mlw", line 1643, characters 15-19: unused variable result
Warning, file "/tmp/.pycsl_nir7mh9f.mlw", line 1683, characters 15-19: unused variable result
Warning, file "/tmp/.pycsl_nir7mh9f.mlw", line 1710, characters 15-19: unused variable result
Warning, file "/tmp/.pycsl_nir7mh9f.mlw", line 1719, characters 15-19: unused variable result
Warning, file "/tmp/.pycsl_nir7mh9f.mlw", line 1725, characters 15-19: unused variable result
Warning, file "/tmp/.pycsl_nir7mh9f.mlw", line 1737, characters 8-16: unused variable elts_len
Warning, file "/tmp/.pycsl_nir7mh9f.mlw", line 1732, characters 15-19: unused variable result
Warning, file "/tmp/.pycsl_nir7mh9f.mlw", line 1769, characters 8-18: unused variable params_len
Warning, file "/tmp/.pycsl_nir7mh9f.mlw", line 1765, characters 15-19: unused variable result
Warning, file "/tmp/.pycsl_nir7mh9f.mlw", line 1813, characters 15-19: unused variable result
Warning, file "/tmp/.pycsl_nir7mh9f.mlw", line 1842, characters 8-16: unused variable args_len
Warning, file "/tmp/.pycsl_nir7mh9f.mlw", line 1841, characters 8-20: unused variable defaults_len
Warning, file "/tmp/.pycsl_nir7mh9f.mlw", line 1840, characters 8-23: unused variable kw_defaults_len
Warning, file "/tmp/.pycsl_nir7mh9f.mlw", line 1839, characters 8-18: unused variable kwonly_len
Warning, file "/tmp/.pycsl_nir7mh9f.mlw", line 1834, characters 15-19: unused variable result
Warning, file "/tmp/.pycsl_nir7mh9f.mlw", line 1908, characters 15-19: unused variable result
Warning, file "/tmp/.pycsl_nir7mh9f.mlw", line 1914, characters 15-19: unused variable result
Warning, file "/tmp/.pycsl_nir7mh9f.mlw", line 1961, characters 15-19: unused variable result
Warning, file "/tmp/.pycsl_nir7mh9f.mlw", line 1975, characters 8-16: unused variable elts_len
Warning, file "/tmp/.pycsl_nir7mh9f.mlw", line 1970, characters 15-19: unused variable result
Warning, file "/tmp/.pycsl_nir7mh9f.mlw", line 2003, characters 15-19: unused variable result
Warning, file "/tmp/.pycsl_nir7mh9f.mlw", line 2014, characters 8-16: unused variable pats_len
Warning, file "/tmp/.pycsl_nir7mh9f.mlw", line 2009, characters 15-19: unused variable result
Warning, file "/tmp/.pycsl_nir7mh9f.mlw", line 2037, characters 15-19: unused variable result
Warning, file "/tmp/.pycsl_nir7mh9f.mlw", line 2056, characters 15-19: unused variable result
Warning, file "/tmp/.pycsl_nir7mh9f.mlw", line 2544, characters 15-19: unused variable result
Warning, file "/tmp/.pycsl_nir7mh9f.mlw", line 2502, characters 15-19: unused variable result
Warning, file "/tmp/.pycsl_nir7mh9f.mlw", line 2442, characters 15-19: unused variable result
Warning, file "/tmp/.pycsl_nir7mh9f.mlw", line 2418, characters 15-19: unused variable result
Warning, file "/tmp/.pycsl_nir7mh9f.mlw", line 2398, characters 15-19: unused variable result
Warning, file "/tmp/.pycsl_nir7mh9f.mlw", line 2367, characters 15-19: unused variable result
Warning, file "/tmp/.pycsl_nir7mh9f.mlw", line 2333, characters 8-17: unused variable items_len
Warning, file "/tmp/.pycsl_nir7mh9f.mlw", line 2328, characters 15-19: unused variable result
Warning, file "/tmp/.pycsl_nir7mh9f.mlw", line 2297, characters 15-19: unused variable result
Warning, file "/tmp/.pycsl_nir7mh9f.mlw", line 2264, characters 8-22: unused variable decorators_len
Warning, file "/tmp/.pycsl_nir7mh9f.mlw", line 2258, characters 15-19: unused variable result
Warning, file "/tmp/.pycsl_nir7mh9f.mlw", line 2242, characters 15-19: unused variable result
Warning, file "/tmp/.pycsl_nir7mh9f.mlw", line 2215, characters 15-19: unused variable result
Warning, file "/tmp/.pycsl_nir7mh9f.mlw", line 2172, characters 8-17: unused variable cases_len
Warning, file "/tmp/.pycsl_nir7mh9f.mlw", line 2167, characters 15-19: unused variable result
Warning, file "/tmp/.pycsl_nir7mh9f.mlw", line 2146, characters 15-19: unused variable result
Warning, file "/tmp/.pycsl_nir7mh9f.mlw", line 2098, characters 8-20: unused variable handlers_len
Warning, file "/tmp/.pycsl_nir7mh9f.mlw", line 2093, characters 15-19: unused variable result
Warning, file "/tmp/.pycsl_nir7mh9f.mlw", line 2077, characters 15-19: unused variable result
Warning, file "/tmp/.pycsl_nir7mh9f.mlw", line 2575, characters 21-25: unused variable self
Warning, file "/tmp/.pycsl_nir7mh9f.mlw", line 2575, characters 37-41: unused variable node
Warning, file "/tmp/.pycsl_nir7mh9f.mlw", line 2575, characters 49-58: unused variable start_tok
Warning, file "/tmp/.pycsl_nir7mh9f.mlw", line 2575, characters 66-73: unused variable end_tok
Warning, file "/tmp/.pycsl_nir7mh9f.mlw", line 2579, characters 27-31: unused variable self
Warning, file "/tmp/.pycsl_nir7mh9f.mlw", line 2579, characters 43-47: unused variable node
Warning, file "/tmp/.pycsl_nir7mh9f.mlw", line 2579, characters 55-64: unused variable start_tok
Warning, file "/tmp/.pycsl_nir7mh9f.mlw", line 2583, characters 25-29: unused variable self
Warning, file "/tmp/.pycsl_nir7mh9f.mlw", line 2585, characters 15-19: unused variable result
Warning, file "/tmp/.pycsl_nir7mh9f.mlw", line 2594, characters 23-27: unused variable self
Warning, file "/tmp/.pycsl_nir7mh9f.mlw", line 2594, characters 39-44: unused variable start
Warning, file "/tmp/.pycsl_nir7mh9f.mlw", line 2594, characters 64-70: unused variable py_end
Warning, file "/tmp/.pycsl_nir7mh9f.mlw", line 2596, characters 15-19: unused variable result
Warning, file "/tmp/.pycsl_nir7mh9f.mlw", line 2605, characters 8-16: unused variable elts_len
Warning, file "/tmp/.pycsl_nir7mh9f.mlw", line 2600, characters 15-19: unused variable result
Warning, file "/tmp/.pycsl_nir7mh9f.mlw", line 2718, characters 8-14: unused variable py_end
Warning, file "/tmp/.pycsl_nir7mh9f.mlw", line 2693, characters 8-14: unused variable py_end
Warning, file "/tmp/.pycsl_nir7mh9f.mlw", line 2686, characters 8-15: unused variable out_len
Warning, file "/tmp/.pycsl_nir7mh9f.mlw", line 2681, characters 15-19: unused variable result
Warning, file "/tmp/.pycsl_nir7mh9f.mlw", line 2638, characters 8-18: unused variable values_len
Warning, file "/tmp/.pycsl_nir7mh9f.mlw", line 2633, characters 15-19: unused variable result
Warning, file "/tmp/.pycsl_nir7mh9f.mlw", line 2773, characters 8-14: unused variable py_end
Warning, file "/tmp/.pycsl_nir7mh9f.mlw", line 2748, characters 8-14: unused variable py_end
Warning, file "/tmp/.pycsl_nir7mh9f.mlw", line 2742, characters 8-18: unused variable values_len
Warning, file "/tmp/.pycsl_nir7mh9f.mlw", line 2738, characters 15-19: unused variable result
Warning, file "/tmp/.pycsl_nir7mh9f.mlw", line 2779, characters 15-39: unused variable result
Warning, file "/tmp/.pycsl_nir7mh9f.mlw", line 2799, characters 8-17: unused variable names_len
Warning, file "/tmp/.pycsl_nir7mh9f.mlw", line 2796, characters 15-19: unused variable result
Warning, file "/tmp/.pycsl_nir7mh9f.mlw", line 2813, characters 25-29: unused variable self
Warning, file "/tmp/.pycsl_nir7mh9f.mlw", line 2813, characters 41-44: unused variable obj
Warning, file "/tmp/.pycsl_nir7mh9f.mlw", line 2813, characters 52-55: unused variable cur
Warning, file "/tmp/.pycsl_nir7mh9f.mlw", line 2867, characters 8-14: unused variable py_end
Warning, file "/tmp/.pycsl_nir7mh9f.mlw", line 2834, characters 8-14: unused variable py_end
Warning, file "/tmp/.pycsl_nir7mh9f.mlw", line 2829, characters 8-16: unused variable elts_len
Warning, file "/tmp/.pycsl_nir7mh9f.mlw", line 2822, characters 83-84: unused variable t
Warning, file "/tmp/.pycsl_nir7mh9f.mlw", line 2824, characters 15-19: unused variable result
Warning, file "/tmp/.pycsl_nir7mh9f.mlw", line 2881, characters 15-19: unused variable result
Warning, file "/tmp/.pycsl_nir7mh9f.mlw", line 2888, characters 15-19: unused variable result
Warning, file "/tmp/.pycsl_nir7mh9f.mlw", line 2912, characters 8-14: unused variable py_val
Warning, file "/tmp/.pycsl_nir7mh9f.mlw", line 2907, characters 15-19: unused variable result
Warning, file "/tmp/.pycsl_nir7mh9f.mlw", line 3004, characters 16-22: unused variable py_end
Warning, file "/tmp/.pycsl_nir7mh9f.mlw", line 2987, characters 16-22: unused variable py_end
Warning, file "/tmp/.pycsl_nir7mh9f.mlw", line 2981, characters 16-22: unused variable py_end
Warning, file "/tmp/.pycsl_nir7mh9f.mlw", line 2953, characters 16-22: unused variable py_end
Warning, file "/tmp/.pycsl_nir7mh9f.mlw", line 2941, characters 10-16: unused variable py_end
Warning, file "/tmp/.pycsl_nir7mh9f.mlw", line 2938, characters 8-14: unused variable py_end
Warning, file "/tmp/.pycsl_nir7mh9f.mlw", line 2932, characters 8-16: unused variable elts_len
Warning, file "/tmp/.pycsl_nir7mh9f.mlw", line 2931, characters 8-16: unused variable keys_len
Warning, file "/tmp/.pycsl_nir7mh9f.mlw", line 2930, characters 8-18: unused variable values_len
Warning, file "/tmp/.pycsl_nir7mh9f.mlw", line 2925, characters 15-19: unused variable result
Warning, file "/tmp/.pycsl_nir7mh9f.mlw", line 3048, characters 12-18: unused variable py_end
Warning, file "/tmp/.pycsl_nir7mh9f.mlw", line 3031, characters 12-18: unused variable py_end
Warning, file "/tmp/.pycsl_nir7mh9f.mlw", line 3025, characters 10-16: unused variable py_end
Warning, file "/tmp/.pycsl_nir7mh9f.mlw", line 3022, characters 8-14: unused variable py_end
Warning, file "/tmp/.pycsl_nir7mh9f.mlw", line 3019, characters 8-16: unused variable elts_len
Warning, file "/tmp/.pycsl_nir7mh9f.mlw", line 3014, characters 15-19: unused variable result
Warning, file "/tmp/.pycsl_nir7mh9f.mlw", line 3061, characters 8-14: unused variable py_val
Warning, file "/tmp/.pycsl_nir7mh9f.mlw", line 3056, characters 15-19: unused variable result
Warning, file "/tmp/.pycsl_nir7mh9f.mlw", line 3146, characters 18-24: unused variable py_end
Warning, file "/tmp/.pycsl_nir7mh9f.mlw", line 3143, characters 18-24: unused variable py_end
Warning, file "/tmp/.pycsl_nir7mh9f.mlw", line 3124, characters 16-22: unused variable py_end
Warning, file "/tmp/.pycsl_nir7mh9f.mlw", line 3118, characters 14-20: unused variable py_end
Warning, file "/tmp/.pycsl_nir7mh9f.mlw", line 3100, characters 12-18: unused variable py_end
Warning, file "/tmp/.pycsl_nir7mh9f.mlw", line 3095, characters 10-16: unused variable py_end
Warning, file "/tmp/.pycsl_nir7mh9f.mlw", line 3092, characters 8-14: unused variable py_end
Warning, file "/tmp/.pycsl_nir7mh9f.mlw", line 3087, characters 8-16: unused variable elts_len
Warning, file "/tmp/.pycsl_nir7mh9f.mlw", line 3082, characters 15-19: unused variable result
Warning, file "/tmp/.pycsl_nir7mh9f.mlw", line 3160, characters 22-26: unused variable self
Warning, file "/tmp/.pycsl_nir7mh9f.mlw", line 3160, characters 38-41: unused variable msg
Warning, file "/tmp/.pycsl_nir7mh9f.mlw", line 3172, characters 8-14: unused variable py_val
Warning, file "/tmp/.pycsl_nir7mh9f.mlw", line 3167, characters 15-19: unused variable result
Warning, file "/tmp/.pycsl_nir7mh9f.mlw", line 3194, characters 8-16: unused variable elts_len
Warning, file "/tmp/.pycsl_nir7mh9f.mlw", line 3190, characters 15-19: unused variable result
Warning, file "/tmp/.pycsl_nir7mh9f.mlw", line 3217, characters 8-17: unused variable names_len
Warning, file "/tmp/.pycsl_nir7mh9f.mlw", line 3213, characters 15-19: unused variable result
Warning, file "/tmp/.pycsl_nir7mh9f.mlw", line 3236, characters 8-17: unused variable parts_len
Warning, file "/tmp/.pycsl_nir7mh9f.mlw", line 3233, characters 15-19: unused variable result
Warning, file "/tmp/.pycsl_nir7mh9f.mlw", line 3284, characters 8-17: unused variable names_len
Warning, file "/tmp/.pycsl_nir7mh9f.mlw", line 3281, characters 15-19: unused variable result
Warning, file "/tmp/.pycsl_nir7mh9f.mlw", line 3295, characters 21-25: unused variable self
Warning, file "/tmp/.pycsl_nir7mh9f.mlw", line 3295, characters 37-41: unused variable name
Warning, file "/tmp/.pycsl_nir7mh9f.mlw", line 3295, characters 49-58: unused variable start_tok
Warning, file "/tmp/.pycsl_nir7mh9f.mlw", line 3301, characters 15-19: unused variable result
Warning, file "/tmp/.pycsl_nir7mh9f.mlw", line 3311, characters 15-19: unused variable result
Warning, file "/tmp/.pycsl_nir7mh9f.mlw", line 3336, characters 15-19: unused variable result
Warning, file "/tmp/.pycsl_nir7mh9f.mlw", line 3357, characters 15-19: unused variable result
Warning, file "/tmp/.pycsl_nir7mh9f.mlw", line 3384, characters 8-16: unused variable elts_len
Warning, file "/tmp/.pycsl_nir7mh9f.mlw", line 3379, characters 15-19: unused variable result
Warning, file "/tmp/.pycsl_nir7mh9f.mlw", line 3416, characters 15-19: unused variable result
Warning, file "/tmp/.pycsl_nir7mh9f.mlw", line 3428, characters 28-32: unused variable self
Warning, file "/tmp/.pycsl_nir7mh9f.mlw", line 3428, characters 44-48: unused variable what
Warning, file "/tmp/.pycsl_nir7mh9f.mlw", line 3433, characters 25-29: unused variable self
Warning, file "/tmp/.pycsl_nir7mh9f.mlw", line 3437, characters 18-23: unused variable limit
Warning, file "/tmp/.pycsl_nir7mh9f.mlw", line 3441, characters 16-20: unused variable node
Warning, file "/tmp/.pycsl_nir7mh9f.mlw", line 3441, characters 28-31: unused variable ctx
Warning, file "/tmp/.pycsl_nir7mh9f.mlw", line 3445, characters 25-31: unused variable source
Warning, file "/tmp/.pycsl_nir7mh9f.mlw", line 3449, characters 30-34: unused variable self
Warning, file "/tmp/.pycsl_nir7mh9f.mlw", line 3464, characters 36-40: unused variable self
Warning, file "/tmp/.pycsl_nir7mh9f.mlw", line 3470, characters 42-46: unused variable self
Warning, file "/tmp/.pycsl_nir7mh9f.mlw", line 3476, characters 37-41: unused variable self
Warning, file "/tmp/.pycsl_nir7mh9f.mlw", line 3482, characters 35-39: unused variable self
Warning, file "/tmp/.pycsl_nir7mh9f.mlw", line 3482, characters 53-57: unused variable node
Warning, file "/tmp/.pycsl_nir7mh9f.mlw", line 3482, characters 65-76: unused variable fill_suffix
Warning, file "/tmp/.pycsl_nir7mh9f.mlw", line 3486, characters 38-42: unused variable self
Warning, file "/tmp/.pycsl_nir7mh9f.mlw", line 3486, characters 56-62: unused variable string
Warning, file "/tmp/.pycsl_nir7mh9f.mlw", line 3490, characters 38-42: unused variable self
Warning, file "/tmp/.pycsl_nir7mh9f.mlw", line 3490, characters 56-67: unused variable type_params
Warning, file "/tmp/.pycsl_nir7mh9f.mlw", line 3508, characters 35-39: unused variable self
Warning, file "/tmp/.pycsl_nir7mh9f.mlw", line 3518, characters 53-57: unused variable self
Warning, file "/tmp/.pycsl_nir7mh9f.mlw", line 3518, characters 71-75: unused variable node
Warning, file "/tmp/.pycsl_nir7mh9f.mlw", line 3522, characters 39-43: unused variable self
Warning, file "/tmp/.pycsl_nir7mh9f.mlw", line 3522, characters 57-61: unused variable node
Warning, file "/tmp/.pycsl_nir7mh9f.mlw", line 3526, characters 50-54: unused variable self
Warning, file "/tmp/.pycsl_nir7mh9f.mlw", line 3551, characters 27-31: unused variable self
Warning, file "/tmp/.pycsl_nir7mh9f.mlw", line 3551, characters 45-51: unused variable buffer
Warning, file "/tmp/.pycsl_nir7mh9f.mlw", line 3555, characters 26-30: unused variable self
Warning, file "/tmp/.pycsl_nir7mh9f.mlw", line 3563, characters 29-33: unused variable self
Warning, file "/tmp/.pycsl_nir7mh9f.mlw", line 3563, characters 47-52: unused variable start
Warning, file "/tmp/.pycsl_nir7mh9f.mlw", line 3563, characters 60-66: unused variable py_end
Warning, file "/tmp/.pycsl_nir7mh9f.mlw", line 3563, characters 74-83: unused variable condition
Warning, file "/tmp/.pycsl_nir7mh9f.mlw", line 3567, characters 31-35: unused variable self
Warning, file "/tmp/.pycsl_nir7mh9f.mlw", line 3567, characters 49-53: unused variable node
Warning, file "/tmp/.pycsl_nir7mh9f.mlw", line 3571, characters 23-27: unused variable self
Warning, file "/tmp/.pycsl_nir7mh9f.mlw", line 3571, characters 41-45: unused variable text
Warning, file "/tmp/.pycsl_nir7mh9f.mlw", line 3575, characters 33-37: unused variable self
Warning, file "/tmp/.pycsl_nir7mh9f.mlw", line 3577, characters 15-19: unused variable result
Warning, file "/tmp/.pycsl_nir7mh9f.mlw", line 3581, characters 36-40: unused variable self
Warning, file "/tmp/.pycsl_nir7mh9f.mlw", line 3583, characters 15-19: unused variable result
Warning, file "/tmp/.pycsl_nir7mh9f.mlw", line 3604, characters 35-39: unused variable self
Warning, file "/tmp/.pycsl_nir7mh9f.mlw", line 3604, characters 53-57: unused variable node
Warning, file "/tmp/.pycsl_nir7mh9f.mlw", line 3608, characters 29-33: unused variable self
Warning, file "/tmp/.pycsl_nir7mh9f.mlw", line 3608, characters 47-52: unused variable inter
Warning, file "/tmp/.pycsl_nir7mh9f.mlw", line 3608, characters 60-61: unused variable f
Warning, file "/tmp/.pycsl_nir7mh9f.mlw", line 3608, characters 69-72: unused variable seq
Warning, file "/tmp/.pycsl_nir7mh9f.mlw", line 3612, characters 37-41: unused variable self
Warning, file "/tmp/.pycsl_nir7mh9f.mlw", line 3616, characters 29-33: unused variable self
Warning, file "/tmp/.pycsl_nir7mh9f.mlw", line 3616, characters 47-56: unused variable traverser
Warning, file "/tmp/.pycsl_nir7mh9f.mlw", line 3616, characters 64-69: unused variable items
Warning, file "/tmp/.pycsl_nir7mh9f.mlw", line 3628, characters 33-37: unused variable self
Warning, file "/tmp/.pycsl_nir7mh9f.mlw", line 3628, characters 51-61: unused variable precedence
Warning, file "/tmp/.pycsl_nir7mh9f.mlw", line 3628, characters 69-73: unused variable node
Warning, file "/tmp/.pycsl_nir7mh9f.mlw", line 3632, characters 33-37: unused variable self
Warning, file "/tmp/.pycsl_nir7mh9f.mlw", line 3632, characters 51-61: unused variable precedence
Warning, file "/tmp/.pycsl_nir7mh9f.mlw", line 3636, characters 27-31: unused variable self
Warning, file "/tmp/.pycsl_nir7mh9f.mlw", line 3636, characters 45-49: unused variable node
Warning, file "/tmp/.pycsl_nir7mh9f.mlw", line 3642, characters 15-19: unused variable result
Warning, file "/tmp/.pycsl_nir7mh9f.mlw", line 3648, characters 34-38: unused variable self
Warning, file "/tmp/.pycsl_nir7mh9f.mlw", line 3661, characters 31-35: unused variable self
Warning, file "/tmp/.pycsl_nir7mh9f.mlw", line 3672, characters 31-35: unused variable self
Warning, file "/tmp/.pycsl_nir7mh9f.mlw", line 3672, characters 49-53: unused variable node
Warning, file "/tmp/.pycsl_nir7mh9f.mlw", line 3676, characters 33-37: unused variable self
Warning, file "/tmp/.pycsl_nir7mh9f.mlw", line 3682, characters 41-45: unused variable self
Warning, file "/tmp/.pycsl_nir7mh9f.mlw", line 3688, characters 34-38: unused variable self
Warning, file "/tmp/.pycsl_nir7mh9f.mlw", line 3688, characters 52-56: unused variable node
Warning, file "/tmp/.pycsl_nir7mh9f.mlw", line 3692, characters 34-38: unused variable self
Warning, file "/tmp/.pycsl_nir7mh9f.mlw", line 3704, characters 34-38: unused variable self
Warning, file "/tmp/.pycsl_nir7mh9f.mlw", line 3704, characters 52-56: unused variable node
Warning, file "/tmp/.pycsl_nir7mh9f.mlw", line 3708, characters 30-34: unused variable self
Warning, file "/tmp/.pycsl_nir7mh9f.mlw", line 3742, characters 31-35: unused variable self
Warning, file "/tmp/.pycsl_nir7mh9f.mlw", line 3742, characters 49-53: unused variable node
Warning, file "/tmp/.pycsl_nir7mh9f.mlw", line 3746, characters 30-34: unused variable self
Warning, file "/tmp/.pycsl_nir7mh9f.mlw", line 3746, characters 48-52: unused variable node
Warning, file "/tmp/.pycsl_nir7mh9f.mlw", line 3752, characters 29-33: unused variable self
Warning, file "/tmp/.pycsl_nir7mh9f.mlw", line 3752, characters 47-51: unused variable node
Warning, file "/tmp/.pycsl_nir7mh9f.mlw", line 3756, characters 33-37: unused variable self
Warning, file "/tmp/.pycsl_nir7mh9f.mlw", line 3756, characters 51-55: unused variable node
Warning, file "/tmp/.pycsl_nir7mh9f.mlw", line 3760, characters 32-36: unused variable self
Warning, file "/tmp/.pycsl_nir7mh9f.mlw", line 3760, characters 50-54: unused variable node
Warning, file "/tmp/.pycsl_nir7mh9f.mlw", line 3783, characters 33-37: unused variable self
Warning, file "/tmp/.pycsl_nir7mh9f.mlw", line 3783, characters 51-55: unused variable node
Warning, file "/tmp/.pycsl_nir7mh9f.mlw", line 3789, characters 31-35: unused variable self
Warning, file "/tmp/.pycsl_nir7mh9f.mlw", line 3789, characters 49-53: unused variable node
Warning, file "/tmp/.pycsl_nir7mh9f.mlw", line 3793, characters 29-33: unused variable self
Warning, file "/tmp/.pycsl_nir7mh9f.mlw", line 3793, characters 47-51: unused variable node
Warning, file "/tmp/.pycsl_nir7mh9f.mlw", line 3797, characters 33-37: unused variable self
Warning, file "/tmp/.pycsl_nir7mh9f.mlw", line 3797, characters 51-55: unused variable node
Warning, file "/tmp/.pycsl_nir7mh9f.mlw", line 3801, characters 33-37: unused variable self
Warning, file "/tmp/.pycsl_nir7mh9f.mlw", line 3801, characters 51-55: unused variable node
Warning, file "/tmp/.pycsl_nir7mh9f.mlw", line 3822, characters 29-33: unused variable self
Warning, file "/tmp/.pycsl_nir7mh9f.mlw", line 3830, characters 28-32: unused variable self
Warning, file "/tmp/.pycsl_nir7mh9f.mlw", line 3836, characters 39-43: unused variable self
Warning, file "/tmp/.pycsl_nir7mh9f.mlw", line 3836, characters 57-61: unused variable node
Warning, file "/tmp/.pycsl_nir7mh9f.mlw", line 3840, characters 36-40: unused variable self
Warning, file "/tmp/.pycsl_nir7mh9f.mlw", line 3846, characters 37-41: unused variable self
Warning, file "/tmp/.pycsl_nir7mh9f.mlw", line 3846, characters 55-59: unused variable node
Warning, file "/tmp/.pycsl_nir7mh9f.mlw", line 3850, characters 37-41: unused variable self
Warning, file "/tmp/.pycsl_nir7mh9f.mlw", line 3850, characters 55-59: unused variable node
Warning, file "/tmp/.pycsl_nir7mh9f.mlw", line 3854, characters 31-35: unused variable self
Warning, file "/tmp/.pycsl_nir7mh9f.mlw", line 3854, characters 49-53: unused variable node
Warning, file "/tmp/.pycsl_nir7mh9f.mlw", line 3858, characters 27-31: unused variable self
Warning, file "/tmp/.pycsl_nir7mh9f.mlw", line 3858, characters 45-49: unused variable node
Warning, file "/tmp/.pycsl_nir7mh9f.mlw", line 3862, characters 30-34: unused variable self
Warning, file "/tmp/.pycsl_nir7mh9f.mlw", line 3874, characters 31-35: unused variable self
Warning, file "/tmp/.pycsl_nir7mh9f.mlw", line 3874, characters 49-53: unused variable node
Warning, file "/tmp/.pycsl_nir7mh9f.mlw", line 3878, characters 35-39: unused variable self
Warning, file "/tmp/.pycsl_nir7mh9f.mlw", line 3878, characters 53-57: unused variable node
Warning, file "/tmp/.pycsl_nir7mh9f.mlw", line 3882, characters 34-38: unused variable self
Warning, file "/tmp/.pycsl_nir7mh9f.mlw", line 3882, characters 52-56: unused variable node
Warning, file "/tmp/.pycsl_nir7mh9f.mlw", line 3886, characters 31-35: unused variable self
Warning, file "/tmp/.pycsl_nir7mh9f.mlw", line 3899, characters 29-33: unused variable self
Warning, file "/tmp/.pycsl_nir7mh9f.mlw", line 3899, characters 47-51: unused variable node
Warning, file "/tmp/.pycsl_nir7mh9f.mlw", line 3903, characters 33-37: unused variable self
Warning, file "/tmp/.pycsl_nir7mh9f.mlw", line 3903, characters 51-55: unused variable node
Warning, file "/tmp/.pycsl_nir7mh9f.mlw", line 3907, characters 30-34: unused variable self
Warning, file "/tmp/.pycsl_nir7mh9f.mlw", line 3907, characters 48-52: unused variable node
Warning, file "/tmp/.pycsl_nir7mh9f.mlw", line 3911, characters 32-36: unused variable self
Warning, file "/tmp/.pycsl_nir7mh9f.mlw", line 3931, characters 35-39: unused variable self
Warning, file "/tmp/.pycsl_nir7mh9f.mlw", line 3931, characters 53-57: unused variable node
Warning, file "/tmp/.pycsl_nir7mh9f.mlw", line 3935, characters 37-41: unused variable self
Warning, file "/tmp/.pycsl_nir7mh9f.mlw", line 3935, characters 55-59: unused variable node
Warning, file "/tmp/.pycsl_nir7mh9f.mlw", line 3939, characters 32-36: unused variable self
Warning, file "/tmp/.pycsl_nir7mh9f.mlw", line 3939, characters 50-54: unused variable node
Warning, file "/tmp/.pycsl_nir7mh9f.mlw", line 3943, characters 38-42: unused variable self
Warning, file "/tmp/.pycsl_nir7mh9f.mlw", line 3943, characters 56-60: unused variable node
Warning, file "/tmp/.pycsl_nir7mh9f.mlw", line 3947, characters 39-43: unused variable self
Warning, file "/tmp/.pycsl_nir7mh9f.mlw", line 3953, characters 34-38: unused variable self
Warning, file "/tmp/.pycsl_nir7mh9f.mlw", line 3953, characters 52-56: unused variable node
Warning, file "/tmp/.pycsl_nir7mh9f.mlw", line 3957, characters 35-39: unused variable self
Warning, file "/tmp/.pycsl_nir7mh9f.mlw", line 3971, characters 29-33: unused variable self
Warning, file "/tmp/.pycsl_nir7mh9f.mlw", line 3977, characters 34-38: unused variable self
Warning, file "/tmp/.pycsl_nir7mh9f.mlw", line 3986, characters 33-37: unused variable self
Warning, file "/tmp/.pycsl_nir7mh9f.mlw", line 3986, characters 51-55: unused variable node
Warning, file "/tmp/.pycsl_nir7mh9f.mlw", line 3990, characters 34-38: unused variable self
Warning, file "/tmp/.pycsl_nir7mh9f.mlw", line 3990, characters 52-56: unused variable node
Warning, file "/tmp/.pycsl_nir7mh9f.mlw", line 3994, characters 29-33: unused variable self
Warning, file "/tmp/.pycsl_nir7mh9f.mlw", line 3994, characters 47-51: unused variable node
Warning, file "/tmp/.pycsl_nir7mh9f.mlw", line 4000, characters 30-34: unused variable self
Warning, file "/tmp/.pycsl_nir7mh9f.mlw", line 4022, characters 31-35: unused variable self
Warning, file "/tmp/.pycsl_nir7mh9f.mlw", line 4032, characters 28-32: unused variable self
Warning, file "/tmp/.pycsl_nir7mh9f.mlw", line 4032, characters 46-50: unused variable node
Warning, file "/tmp/.pycsl_nir7mh9f.mlw", line 4036, characters 32-36: unused variable self
Warning, file "/tmp/.pycsl_nir7mh9f.mlw", line 4036, characters 50-54: unused variable node
Warning, file "/tmp/.pycsl_nir7mh9f.mlw", line 4040, characters 30-34: unused variable self
Warning, file "/tmp/.pycsl_nir7mh9f.mlw", line 4056, characters 32-36: unused variable self
Warning, file "/tmp/.pycsl_nir7mh9f.mlw", line 4100, characters 34-38: unused variable self
Warning, file "/tmp/.pycsl_nir7mh9f.mlw", line 4110, characters 32-36: unused variable self
Warning, file "/tmp/.pycsl_nir7mh9f.mlw", line 4120, characters 37-41: unused variable self
Warning, file "/tmp/.pycsl_nir7mh9f.mlw", line 4120, characters 55-59: unused variable node
Warning, file "/tmp/.pycsl_nir7mh9f.mlw", line 4139, characters 30-34: unused variable self
Warning, file "/tmp/.pycsl_nir7mh9f.mlw", line 4151, characters 29-33: unused variable self
Warning, file "/tmp/.pycsl_nir7mh9f.mlw", line 4151, characters 47-51: unused variable node
Warning, file "/tmp/.pycsl_nir7mh9f.mlw", line 4155, characters 30-34: unused variable self
Warning, file "/tmp/.pycsl_nir7mh9f.mlw", line 4166, characters 34-38: unused variable self
Warning, file "/tmp/.pycsl_nir7mh9f.mlw", line 4178, characters 30-34: unused variable self
Warning, file "/tmp/.pycsl_nir7mh9f.mlw", line 4178, characters 48-52: unused variable node
Warning, file "/tmp/.pycsl_nir7mh9f.mlw", line 4182, characters 28-32: unused variable self
Warning, file "/tmp/.pycsl_nir7mh9f.mlw", line 4192, characters 34-38: unused variable self
Warning, file "/tmp/.pycsl_nir7mh9f.mlw", line 4192, characters 52-56: unused variable node
Warning, file "/tmp/.pycsl_nir7mh9f.mlw", line 4196, characters 38-42: unused variable self
Warning, file "/tmp/.pycsl_nir7mh9f.mlw", line 4196, characters 56-60: unused variable node
Warning, file "/tmp/.pycsl_nir7mh9f.mlw", line 4200, characters 32-36: unused variable self
Warning, file "/tmp/.pycsl_nir7mh9f.mlw", line 4212, characters 35-39: unused variable self
Warning, file "/tmp/.pycsl_nir7mh9f.mlw", line 4224, characters 33-37: unused variable self
Warning, file "/tmp/.pycsl_nir7mh9f.mlw", line 4234, characters 24-28: unused variable self
Warning, file "/tmp/.pycsl_nir7mh9f.mlw", line 4240, characters 16-22: unused variable source
Warning, file "/tmp/.pycsl_nir7mh9f.mlw", line 4244, characters 21-29: unused variable new_node
Warning, file "/tmp/.pycsl_nir7mh9f.mlw", line 4244, characters 37-45: unused variable old_node
Warning, file "/tmp/.pycsl_nir7mh9f.mlw", line 4248, characters 12-16: unused variable node
Warning, file "/tmp/.pycsl_nir7mh9f.mlw", line 4248, characters 24-39: unused variable annotate_fields
Warning, file "/tmp/.pycsl_nir7mh9f.mlw", line 4248, characters 47-65: unused variable include_attributes
Warning, file "/tmp/.pycsl_nir7mh9f.mlw", line 4252, characters 29-33: unused variable node
Warning, file "/tmp/.pycsl_nir7mh9f.mlw", line 4258, characters 15-19: unused variable result
Warning, file "/tmp/.pycsl_nir7mh9f.mlw", line 4283, characters 26-32: unused variable source
Warning, file "/tmp/.pycsl_nir7mh9f.mlw", line 4283, characters 40-44: unused variable node
Warning, file "/tmp/.pycsl_nir7mh9f.mlw", line 4287, characters 24-28: unused variable node
Warning, file "/tmp/.pycsl_nir7mh9f.mlw", line 4287, characters 36-37: unused variable n
Warning, file "/tmp/.pycsl_nir7mh9f.mlw", line 4291, characters 24-28: unused variable node
Warning, file "/tmp/.pycsl_nir7mh9f.mlw", line 4295, characters 19-23: unused variable node
Warning, file "/tmp/.pycsl_nir7mh9f.mlw", line 4299, characters 20-34: unused variable node_or_string
Warning, file "/tmp/.pycsl_nir7mh9f.mlw", line 4303, characters 12-16: unused variable args
Warning, file "/tmp/.pycsl_nir7mh9f.mlw", line 4311, characters 38-42: unused variable self
Warning, file "/tmp/.pycsl_nir7mh9f.mlw", line 4311, characters 62-66: unused variable node
Warning, file "/tmp/.pycsl_nir7mh9f.mlw", line 4315, characters 34-38: unused variable self
Warning, file "/tmp/.pycsl_nir7mh9f.mlw", line 4315, characters 54-58: unused variable node
Warning, file "/tmp/.pycsl_nir7mh9f.mlw", line 4319, characters 26-30: unused variable self
Warning, file "/tmp/.pycsl_nir7mh9f.mlw", line 4319, characters 46-50: unused variable node
Warning, file "/tmp/.pycsl_nir7mh9f.mlw", line 4323, characters 35-39: unused variable self
Warning, file "/tmp/.pycsl_nir7mh9f.mlw", line 4323, characters 55-59: unused variable node
Warning, file "/tmp/.pycsl_nir7mh9f.mlw", line 4327, characters 13-19: unused variable source
Warning, file "/tmp/.pycsl_nir7mh9f.mlw", line 4327, characters 27-35: unused variable filename
Warning, file "/tmp/.pycsl_nir7mh9f.mlw", line 4327, characters 43-47: unused variable mode
Warning, file "/tmp/.pycsl_nir7mh9f.mlw", line 4331, characters 15-22: unused variable ast_obj
Warning, file "/tmp/.pycsl_nir7mh9f.mlw", line 4335, characters 12-16: unused variable node

[-] 1 goal(s) remain unproven after all provers:
    Prover result is: Unknown (why3: Unknown

[-] Verification FAILED or INCOMPLETE. Check the solver output.
